Label,Intensity_Marker_A,Bkgd_Intensity_Marker_A,Bkgd_Corr_Intensity_Marker_A,Intensity_Marker_B,Bkgd_Intensity_Marker_B,Bkgd_Corr_Intensity_Marker_B,Distance_Marker_A-Marker_B_microns
1,1512957,832204,680753,3737761,3367250,370511,0.1923
2,2167845,825228,1342617,4189036,3494424,694612,0.2182
3,1804268,813287,990981,3465473,3149465,316008,0.2312
4,2125626,814837,1310789,3629725,3271015,358710,0.1632
5,2091170,783472,1307698,3523097,2732698,790399,0.5164
6,1294875,735276,559599,3894785,3140677,754108,0.0572
7,1486653,759217,727436,3923474,3258143,665331,0.5413
8,2286507,1114852,1171655,4056975,3174720,882255,0.3895
9,1290750,670843,619907,2749260,2610616,138644,0.5261
10,1909015,820004,1089011,3762217,3524164,238053,0.0638
11,2463085,825105,1637980,3386153,3214987,171166,0.7805
12,1670161,753970,916191,3358901,2903677,455224,0.5633
13,1832716,768239,1064477,3469235,3137927,331308,0.2058
14,2027740,847200,1180540,3968371,3657038,311333,0.5038
15,2041783,811016,1230767,3620001,3350666,269335,0.4557
16,4575826,1116638,3459188,4762332,3235626,1526706,1.3515
17,1440303,965410,474893,3828493,3388210,440283,0.3561
18,1092252,688621,403631,3697602,3271813,425789,0.8763
19,2259969,846880,1413089,3674121,3312114,362007,0.2167
20,2415736,884757,1530979,3817085,3470236,346849,0.5658
21,2327092,858808,1468284,4062005,3582430,479575,0.6264
22,1234684,739831,494853,3712395,3361692,350703,0.5208
23,2175355,856205,1319150,3925769,3011493,914276,1.0433
24,3358225,1045041,2313184,4594733,3455515,1139218,0.532
25,2846541,850043,1996498,3751410,3063975,687435,0.7856
26,2749929,935744,1814185,4307644,3940861,366783,0.4885
27,2471450,884623,1586827,3596015,3495128,100887,0.6416
28,2658043,850946,1807097,2818359,2857423,-39064,0.4038
29,3312197,970712,2341485,3941788,3097107,844681,0.365
30,3863809,1048124,2815685,4464591,3610554,854037,0.5544
31,1040116,718582,321534,3517641,3214123,303518,0.8306
32,2920108,897777,2022331,4407943,3341960,1065983,0.2693
33,1834222,827278,1006944,3375558,2897765,477793,0.1876
34,1121069,676341,444728,3415757,2665240,750517,0.6791
35,1277836,711905,565931,3480699,3049857,430842,0.2835
36,2059074,796759,1262315,3771759,3237751,534008,0.4188
37,1323157,762974,560183,3554613,3317031,237582,0.414
38,1745138,772353,972785,3352983,3233710,119273,0.2224
39,1416577,739782,676795,3156792,3050385,106407,0.0776
40,1078127,725237,352890,3376034,3308302,67732,0.2223
41,2136291,843896,1292395,3605346,3376117,229229,0.3157
42,1410075,786181,623894,3550128,3252536,297592,0.16
43,1902252,787960,1114292,3056908,2939102,117806,0.543
44,1447637,741118,706519,3086219,2984970,101249,0.0781
45,2421675,913660,1508015,3636046,3464450,171596,0.3096
46,2046381,848164,1198217,3050878,2685328,365550,0.7019
47,2466215,1090073,1376142,3702029,3339011,363018,0.267
48,1050716,694338,356378,3492043,3262253,229790,0.5133
49,1363747,739671,624076,3083196,3101823,-18627,0.4661
50,1115888,752580,363308,5005756,3714804,1290952,0.7323
51,1197531,758772,438759,3224938,3202327,22611,0.5482
52,1782897,772793,1010104,3817963,3320398,497565,0.0997
53,1678979,813638,865341,4299320,3602392,696928,0.2486
54,1479181,749959,729222,4186299,3184493,1001806,0.3813
55,2324756,784732,1540024,3026756,2789850,236906,0.2252
56,3021441,886317,2135124,3604047,3152870,451177,0.1879
57,1800611,819210,981401,3280458,3104074,176384,0.0922
58,1557504,853837,703667,3409608,3097610,311998,0.3907
59,1146712,782871,363841,3443180,3347086,96094,0.3599
60,1818484,944694,873790,3988794,3363348,625446,0.4431
61,1987671,795251,1192420,3609300,3384740,224560,0.3164
62,2708122,922844,1785278,3956189,3382319,573870,0.1351
63,2298613,872498,1426115,4272291,3665128,607163,0.7598
64,1245406,686468,558938,2569389,2405478,163911,0.2281
65,2566504,937579,1628925,3453232,3345261,107971,0.4634
66,4336409,1026043,3310366,4309735,3191523,1118212,0.6335
67,2100288,853567,1246721,3535682,3183412,352270,0.1076
68,1597878,751969,845909,3875290,3174923,700367,0.6797
69,1102196,718379,383817,3342283,3273001,69282,0.5096
70,1202060,801459,400601,3472619,3329982,142637,0.4821
71,1461175,761078,700097,3340919,3206717,134202,0.4163
72,897403,703186,194217,3307736,3101384,206352,0.3341
73,4160660,987463,3173197,3488451,2655722,832729,0.8321
74,1166976,730840,436136,3412276,3013801,398475,0.5075
75,2122509,956208,1166301,2849050,2735623,113427,0.3509
76,1168430,791934,376496,3786005,3553688,232317,0.2658
77,1457882,783500,674382,3526781,3113239,413542,0.2441
78,2791989,1014405,1777584,4458329,3688026,770303,0.3676
79,1682915,840562,842353,4111390,3608311,503079,0.1888
80,1032360,709231,323129,3670884,3369369,301515,0.2528
81,2031196,820726,1210470,3531435,3314500,216935,0.2261
82,816313,720548,95765,5885025,3535849,2349176,0.2934
83,1503897,741957,761940,3160603,3151734,8869,0.0592
84,2117033,891053,1225980,4047205,3484275,562930,0.172
85,2000272,794583,1205689,3756875,3236272,520603,0.4893
86,1855937,842440,1013497,3626541,3211748,414793,0.2741
87,5005291,1145709,3859582,4222558,3263657,958901,0.8679
88,3206388,1017408,2188980,4099700,3281669,818031,0.5537
89,2166430,792686,1373744,3922884,3295463,627421,0.797
90,2134674,807792,1326882,2985980,2679741,306239,0.3865
91,1743129,803368,939761,3355318,3190953,164365,0.5935
92,1356170,791179,564991,3358439,3234057,124382,0.5349
93,2821625,880662,1940963,3923313,3205787,717526,0.1111
94,1361811,779189,582622,3946063,3256585,689478,0.1811
95,2034136,861507,1172629,3866005,3318683,547322,0.8194
96,2960318,900770,2059548,4682674,3417223,1265451,0.6245
97,1027133,731122,296011,3703235,3637885,65350,0.1861
98,1918624,823981,1094643,3312809,3067069,245740,0.3639
99,1251018,720724,530294,2864256,2774073,90183,0.1215
100,2143681,863424,1280257,4134241,3561647,572594,0.0994
101,2008774,836023,1172751,4612362,3743700,868662,0.3326
102,2834571,912049,1922522,3712060,3275620,436440,0.4676
103,2899349,943544,1955805,3286922,3226397,60525,0.2712
104,2197208,833730,1363478,4552869,3221103,1331766,1.2005
105,1848385,785331,1063054,3548113,3038483,509630,0.6047
106,2476056,936065,1539991,3796746,3482051,314695,0.4629
107,2362359,849194,1513165,4387839,3497478,890361,0.6093
108,1776533,907624,868909,3868206,3663832,204374,0.3278
109,2316394,878099,1438295,3667345,3268960,398385,0.2335
110,1538020,773662,764358,3432178,3133745,298433,0.1735
111,2261563,892888,1368675,3643216,3132521,510695,0.5081
112,1339677,723922,615755,2880006,2935522,-55516,0.5057
113,2266303,933471,1332832,3637330,3248564,388766,0.5297
114,2157708,949656,1208052,4185370,3860446,324924,0.1347
115,3309053,945106,2363947,4238433,3240844,997589,0.4623
116,2346044,907110,1438934,4359203,3687839,671364,0.1864
117,2011805,792562,1219243,3141915,3095791,46124,0.4096
118,2042230,775869,1266361,3259238,2697111,562127,1.1593
119,1060684,755155,305529,3790346,3525065,265281,0.5484
120,1146217,690875,455342,4313688,3357872,955816,1.0688
121,2726106,928865,1797241,3768622,3314894,453728,0.0717
122,2783267,956427,1826840,4219322,3490138,729184,0.2665
123,2500515,910185,1590330,4386404,3293389,1093015,0.3209
124,2371161,943345,1427816,4275219,3519131,756088,0.26
125,1164865,717567,447298,2848649,2904979,-56330,0.5082
126,2410896,857021,1553875,3347319,3286662,60657,0.2827
127,2790550,850978,1939572,4255600,3247544,1008056,0.6014
128,2054322,801693,1252629,3362511,3145481,217030,0.2635
129,3432796,963936,2468860,3407080,3163454,243626,0.3418
130,1038679,791000,247679,3731179,3474532,256647,0.4588
131,1701663,948187,753476,3814471,3479583,334888,0.5585
132,1757758,861408,896350,3965316,3634198,331118,0.3822
133,2324330,844143,1480187,3876209,3329945,546264,0.5124
134,1834382,861190,973192,3512940,3638735,-125795,0.3779
135,1172591,753614,418977,2787133,2122049,665084,1.2286
136,1400302,792110,608192,4154842,3604539,550303,0.2175
137,3784891,1014129,2770762,3716535,3215453,501082,0.8146
138,1177602,704263,473339,2882192,2903285,-21093,0.0744
139,1373920,661509,712411,1980106,1984274,-4168,0.3836
140,1270253,707695,562558,3332853,3172250,160603,0.3739
141,3743770,1045101,2698669,4121227,3480078,641149,2.1092
142,1698691,791141,907550,3443514,3339501,104013,0.3049
143,1963427,843734,1119693,2878895,2875017,3878,0.5418
144,1504698,787035,717663,3497272,3458378,38894,0.1826
145,1235730,702254,533476,3131872,2965998,165874,0.401
146,1736594,714914,1021680,2911673,2484252,427421,0.9079
147,2782009,957749,1824260,4162269,3375865,786404,0.1636
148,2193469,888204,1305265,4187748,3488195,699553,0.41
149,1779525,804351,975174,3422884,3361978,60906,0.3688
150,2377152,844463,1532689,3681512,3284145,397367,0.0194
151,1677774,786614,891160,3677335,3313756,363579,0.3229
152,1293714,815004,478710,4138480,3598686,539794,0.3832
153,1325578,876934,448644,4448634,3811148,637486,0.2019
154,1091346,681690,409656,2718826,2502907,215919,0.2017
155,2167552,866526,1301026,5132651,3716238,1416413,0.6944
156,4948102,1202689,3745413,3762808,3171259,591549,0.4013
157,1353138,785329,567809,3162748,3182595,-19847,0.2945
158,2799168,923822,1875346,4123685,3221558,902127,0.2833
159,3798358,988768,2809590,3400934,3309963,90971,0.6882
160,1470579,786452,684127,4850497,3535725,1314772,0.7036
161,1589941,859241,730700,3364459,3172702,191757,0.4622
162,2328811,818366,1510445,3433195,2918094,515101,0.1298
163,1222953,716870,506083,2883736,2696476,187260,0.4112
164,976878,700585,276293,3195394,3184566,10828,0.2239
165,1150695,710022,440673,3419690,3126246,293444,0.4176
166,1124933,720054,404879,2738882,2933623,-194741,0.0376
167,3211276,942017,2269259,3636573,3197242,439331,0.1822
168,1662497,730306,932191,2926826,3020851,-94025,0.3179
169,3329189,939649,2389540,4936070,3571207,1364863,0.8859
170,1723323,813696,909627,3590043,3073925,516118,0.2586
171,1296456,689886,606570,2849392,2919526,-70134,0.5747
172,2237814,834807,1403007,3376041,3092825,283216,0.0382
173,1824829,789962,1034867,3482874,3205444,277430,0.4364
174,1179579,739191,440388,3805423,3424460,380963,0.5404
175,1665336,713908,951428,3009539,2871317,138222,0.6633
176,606436,594030,12406,3857632,2553732,1303900,0.2323
177,3056317,945040,2111277,3719076,3199527,519549,0.7491
178,2113635,827549,1286086,3984091,3312521,671570,0.2857
179,2829765,896269,1933496,4113237,3510309,602928,0.4469
180,1440048,765094,674954,3992933,3487896,505037,0.4096
181,3067850,929826,2138024,3903332,3240102,663230,0.3966
182,1491111,739934,751177,3406034,3192016,214018,0.4976
183,935393,687190,248203,3202027,3095081,106946,0.3423
184,2686228,899742,1786486,3809834,3290909,518925,0.5209
185,2071602,843036,1228566,3411548,3100353,311195,0.2733
186,2495939,954225,1541714,3513144,2963573,549571,0.5049
187,1498667,912997,585670,4134754,3881894,252860,0.4962
188,2326619,885945,1440674,4093491,3624080,469411,0.7543
189,1220213,665688,554525,2825071,2477632,347439,0.817
190,1774726,867046,907680,3834331,3436365,397966,0.4003
191,675032,647406,27626,4243692,3054821,1188871,0.1228
192,2046910,860032,1186878,3915079,3206451,708628,0.2477
193,1904758,826275,1078483,3156204,3071493,84711,0.3578
194,1084878,749370,335508,3499846,3375551,124295,0.0592
195,1087423,709588,377835,3399898,3119987,279911,0.4293
196,2771909,971253,1800656,4566671,3620453,946218,0.0606
197,2482832,866397,1616435,3420605,2886121,534484,0.3062
198,2299310,876770,1422540,4594449,3715089,879360,0.5608
199,1036466,638456,398010,2452301,2217263,235038,0.9059
200,4507816,1019500,3488316,4769951,3322832,1447119,1.1255
201,1216004,705380,510624,3339909,2952599,387310,0.1081
202,1559938,745313,814625,3345661,3121429,224232,0.3534
203,1652024,967274,684750,4276802,4002247,274555,0.3158
204,1602649,801589,801060,3476147,3086464,389683,0.3468
205,1752830,717304,1035526,3205614,2846923,358691,0.6183
206,1902047,738688,1163359,3299778,2700595,599183,1.0551
207,2030719,813509,1217210,3536750,3116090,420660,0.649
208,2834686,895361,1939325,3741403,2869647,871756,0.7373
209,1014977,735546,279431,3721491,3499894,221597,0.415
210,1137793,740914,396879,3248869,2802526,446343,0.8573
211,2127163,825129,1302034,4136255,3526631,609624,0.4849
212,3884250,1113819,2770431,4290793,3445612,845181,0.4766
213,1493201,793178,700023,3656263,3562674,93589,0.1735
214,4756061,1079827,3676234,4292646,3215064,1077582,0.8123
215,2018411,788177,1230234,3925595,2978986,946609,0.5369
216,1900725,764292,1136433,4676742,3081629,1595113,1.5386
217,1212879,737479,475400,2800210,2502804,297406,0.6192
218,2664198,1165202,1498996,4433331,4143301,290030,0.4994
219,1953946,818662,1135284,3850333,3304643,545690,0.3192
220,2368819,825736,1543083,4411816,3242558,1169258,1.2236
221,2256005,866935,1389070,3581151,3179145,402006,0.4215
222,2646820,965284,1681536,4637827,3550261,1087566,0.4218
223,1198872,828875,369997,3912751,3772286,140465,0.4266
224,1116325,712179,404146,3513362,3347519,165843,0.4358
225,1890530,799071,1091459,3384917,3216141,168776,0.2718
226,1701686,771844,929842,3609316,3300800,308516,0.2042
227,1657841,806832,851009,4580741,3664595,916146,0.1671
228,2962666,949272,2013394,3926025,3092921,833104,0.5257
229,1175109,664574,510535,2367408,2343018,24390,0.1849
230,1940372,809785,1130587,3986749,3249038,737711,0.2963
231,1418213,730388,687825,3853721,3257872,595849,0.4123
232,4421943,1067640,3354303,4094781,3015907,1078874,0.5371
233,1498122,821874,676248,3313895,3167167,146728,0.3264
234,2805701,988557,1817144,4594828,3848141,746687,0.2345
235,1493216,759143,734073,3769179,3322770,446409,0.3361
236,3177755,898170,2279585,3455968,3209223,246745,0.4042
237,1079167,693200,385967,3443364,3154212,289152,0.2864
238,1141800,723586,418214,3429644,3055085,374559,0.3579
239,1460054,735624,724430,3336459,2784172,552287,0.5402
240,1425414,757121,668293,3226492,3102385,124107,0.5201
241,3288566,918481,2370085,4754714,2914610,1840104,1.3876
242,1350752,735680,615072,3556888,3157092,399796,0.6872
243,1318827,695618,623209,3097451,2723217,374234,0.928
244,1121800,724506,397294,3006990,3101018,-94028,0.1673
245,1434233,764578,669655,4225019,3377157,847862,0.3461
246,1094935,681503,413432,3317422,3185398,132024,0.0729
247,3332721,1090207,2242514,4288130,3530300,757830,0.8062
248,1602131,768280,833851,3630610,3266087,364523,0.5165
249,1547760,684567,863193,2239578,2297451,-57873,0.1357
250,882038,699453,182585,3583777,3248779,334998,0.3396
251,1744390,854757,889633,3740168,3362279,377889,0.4789
252,2815072,929167,1885905,3809822,3425196,384626,0.3746
253,1217821,730939,486882,3537705,2989960,547745,0.8385
254,793941,658579,135362,3537285,3039003,498282,0.3851
255,1080996,743467,337529,3211451,2896931,314520,0.6086
256,1361453,789866,571587,3289648,3165957,123691,0.0912
257,2121821,922470,1199351,3779454,3294470,484984,0.4519
258,1965343,838991,1126352,3641751,3188826,452925,0.2479
259,1915398,780743,1134655,4424100,3391665,1032435,0.341
260,1680159,776499,903660,3704844,3139163,565681,0.5029
261,763161,730319,32842,14807398,4741808,10065590,0.6616
262,1852410,1018633,833777,4602702,3496361,1106341,0.2552
263,2829408,973004,1856404,3574183,3479836,94347,0.4818
264,2359862,857826,1502036,3207241,2982273,224968,0.2016
265,1421797,800782,621015,3102121,3042066,60055,0.2056
266,1605801,788915,816886,4141831,3646219,495612,1.0301
267,1813539,889444,924095,3695375,3336530,358845,0.237
268,1119321,747491,371830,3453532,3025520,428012,0.7703
269,998452,712340,286112,3510712,3218670,292042,0.8444
270,2165646,829744,1335902,3619667,2983435,636232,0.2287
271,1876550,793057,1083493,3830298,3111388,718910,0.685
272,1720658,727977,992681,3134546,2816295,318251,0.6545
273,2167394,878331,1289063,3886019,3679240,206779,0.1671
274,1317166,700482,616684,3354989,3124367,230622,0.1214
275,1351257,696884,654373,2781248,2525169,256079,0.2753
276,1840025,780952,1059073,3372055,3135553,236502,0.2667
277,1417104,709829,707275,3415988,2990621,425367,0.2592
278,2649293,867343,1781950,3167329,2933144,234185,0.5399
279,3604915,1012924,2591991,3920456,3267333,653123,0.4289
280,1964688,785467,1179221,3267508,3188388,79120,0.1694
281,3251922,926474,2325448,4156730,3260788,895942,0.7606
282,1185276,770512,414764,3478829,3372613,106216,0.181
283,1377028,689741,687287,2897024,2505412,391612,0.8802
284,1688934,788285,900649,3788857,3350205,438652,0.3356
285,1189270,702043,487227,3836402,3334540,501862,0.3719
286,1325081,658537,666544,2413035,2218554,194481,0.6261
287,2160265,876168,1284097,3658396,3421735,236661,0.3277
288,2790055,905572,1884483,3413406,2813060,600346,0.8228
289,1735357,814501,920856,4163995,3707577,456418,0.2655
290,2068214,806134,1262080,4046361,3282929,763432,0.601
291,1826500,845168,981332,3961596,3385837,575759,0.1957
292,1726222,734235,991987,3873126,3190366,682760,0.8651
293,1532774,823332,709442,3947263,3669204,278059,0.1225
294,3009391,824158,2185233,3248373,2501326,747047,0.9707
295,3992189,1019980,2972209,3648460,3382826,265634,0.6586
296,1396275,775373,620902,3238043,3097352,140691,0.3061
297,1044832,710323,334509,2912204,2898148,14056,0.3054
298,2107210,829252,1277958,3272043,2973518,298525,0.1977
299,2139678,822654,1317024,4047003,3406851,640152,0.1717
300,1704058,770362,933696,2961681,3067401,-105720,0.2329
301,1404464,695926,708538,2712925,2363707,349218,0.8834
302,3727526,1014537,2712989,4147757,3503676,644081,0.0182
303,981711,672236,309475,3148123,2862637,285486,0.2984
304,1102947,749107,353840,2841063,2610744,230319,0.662
305,1626821,774331,852490,4206925,3228870,978055,0.9
306,910742,699602,211140,3616159,3290102,326057,0.001
307,2803116,900783,1902333,3653048,3273164,379884,0.1118
308,1841091,838344,1002747,3428373,2980176,448197,0.8287
309,1294947,672318,622629,3157237,2488540,668697,1.3665
310,1543028,811654,731374,3854220,3355111,499109,0.4818
311,1070313,749609,320704,3768495,3435179,333316,0.3435
312,1456517,704521,751996,3362349,2561136,801213,1.3551
313,1924719,743675,1181044,3356143,2897793,458350,0.8626
314,1451906,785153,666753,3663333,3296636,366697,0.6193
315,1286149,732015,554134,2911978,2921300,-9322,0.3571
316,1364261,780423,583838,3623408,3081768,541640,0.707
317,1294527,742806,551721,3241817,3154029,87788,0.603
318,2732770,914252,1818518,3624082,3322363,301719,0.1591
319,1061408,659017,402391,3104364,2652679,451685,0.1205
320,3034039,885358,2148681,3313076,2949487,363589,0.5013
321,2384729,850571,1534158,3150837,3008038,142799,0.2372
322,2061755,851293,1210462,3565243,3227446,337797,0.2262
323,4635425,1163126,3472299,5033476,3671477,1361999,0.4525
324,2085228,813616,1271612,3681669,3058435,623234,0.2257
325,3639752,954629,2685123,4028566,2925326,1103240,0.0827
326,2177524,833329,1344195,3577802,3234332,343470,0.155
327,1187574,681854,505720,2960741,2869729,91012,0.0956
328,1256499,695542,560957,3094825,2793956,300869,0.6265
329,1218651,776864,441787,3580251,3479805,100446,0.5453
330,2241539,849664,1391875,4245896,3486240,759656,0.4289
331,1398505,784153,614352,3878737,3613828,264909,0.1939
332,3672680,972454,2700226,4438756,3202328,1236428,0.7933
333,3947539,1015057,2932482,4529842,3530254,999588,0.168
334,1926080,936934,989146,3565236,3241255,323981,0.4368
335,4781223,1117645,3663578,4467262,3543539,923723,0.2923
336,1259712,749553,510159,3684613,3256460,428153,0.1797
337,3873129,1011209,2861920,3613952,3163915,450037,0.4466
338,2294502,919656,1374846,4175000,3563753,611247,0.3438
339,2026243,791634,1234609,3807383,3242514,564869,0.1167
340,1360663,794723,565940,3288057,3265745,22312,0.392
341,2344199,841650,1502549,4307213,3421078,886135,0.3762
342,3039265,908780,2130485,3862816,3575801,287015,0.2648
343,1483383,831059,652324,3762422,3524175,238247,0.2958
344,1685263,798560,886703,3604650,3336836,267814,0.2276
345,1943537,966736,976801,4090796,3955053,135743,0.3535
346,1194191,734458,459733,4193714,3342316,851398,0.0702
347,2544418,766009,1778409,2987790,2183589,804201,1.2849
348,1377414,731382,646032,3281970,2842959,439011,0.7346
349,1042219,701404,340815,3700990,3164941,536049,0.3169
350,1418621,744050,674571,3970665,3147242,823423,0.4218
351,3143761,932414,2211347,4147183,3376900,770283,0.4108
352,1076034,746748,329286,3473199,3087474,385725,0.1228
353,1576143,677687,898456,2577260,2357822,219438,0.7164
354,937110,681710,255400,2964739,3065002,-100263,0.2981
355,2087982,809120,1278862,3952183,3293481,658702,0.3323
356,2532486,834395,1698091,3382188,2989308,392880,0.4114
357,921037,697556,223481,3297472,3152315,145157,0.202
358,2343433,804535,1538898,3591367,2743839,847528,0.7013
359,1943967,804045,1139922,3774497,3246907,527590,0.4537
360,2629656,816319,1813337,3428054,2865715,562339,0.4215
361,1235698,781069,454629,3211255,3204133,7122,0.1361
362,1509821,767654,742167,3043421,2637170,406251,0.7855
363,2158138,878233,1279905,3954760,3387665,567095,0.1522
364,2233596,923888,1309708,3923683,3646706,276977,0.6016
365,2445515,807212,1638303,3118237,2874231,244006,0.534
366,915402,722194,193208,3240085,3034820,205265,0.034
367,1793710,799204,994506,3635120,3332590,302530,0.5708
368,688957,644850,44107,3617991,3146407,471584,0.3925
369,1803282,835319,967963,3898390,3694843,203547,0.0786
370,2470771,852865,1617906,3632455,3299631,332824,0.1136
371,4851518,1091319,3760199,4756019,3491244,1264775,0.3877
372,1296939,778414,518525,2983901,2975721,8180,0.2703
373,1840581,742447,1098134,4552535,3293644,1258891,1.3812
374,1243107,904649,338458,3025895,3179876,-153981,0.2509
375,1381484,744675,636809,3328087,3210901,117186,0.225
376,4125506,1078058,3047448,4047927,3361203,686724,0.8015
377,1615037,697263,917774,2547644,2255682,291962,1.06
378,2088220,870576,1217644,3617278,3194190,423088,0.1973
379,1912075,812086,1099989,3804407,3161213,643194,0.6879
380,1978241,830446,1147795,3494111,3407298,86813,0.5252
381,2908179,942346,1965833,4144242,3234546,909696,0.7856
382,1503533,812660,690873,3008523,3053492,-44969,0.7909
383,2160500,833859,1326641,4111761,3163130,948631,0.167
384,3364038,1019544,2344494,4549303,3300007,1249296,0.442
385,1888306,781746,1106560,3601617,2991333,610284,0.2106
386,1214456,717038,497418,3351239,3006338,344901,0.6412
387,3991247,1089554,2901693,4347613,3488644,858969,0.3434
388,1664654,751875,912779,3311769,3060727,251042,0.2955
389,1341129,765796,575333,2573302,2741498,-168196,0.1531
390,1538977,737885,801092,3244129,2979047,265082,0.2444
391,1466055,792864,673191,3592143,3316571,275572,0.4143
392,1675783,780647,895136,3628417,3229016,399401,0.1057
393,2382429,842723,1539706,3705690,3312877,392813,0.7131
394,2057835,938093,1119742,4077199,3782532,294667,0.4782
395,2700432,1017178,1683254,4074112,3541261,532851,0.4067
396,1436522,720943,715579,3234745,3128781,105964,0.3484
397,3728800,954469,2774331,4440466,3322302,1118164,0.4873
398,1495443,794079,701364,3448895,3575473,-126578,0.1458
399,1821871,770538,1051333,3212739,3042960,169779,0.331
400,2272679,1034711,1237968,3964890,3552863,412027,0.5894
401,1315953,765722,550231,3649312,3334818,314494,0.5465
402,1374948,782687,592261,3344510,3284375,60135,0.6223
403,1506499,807808,698691,3917865,3671480,246385,0.3646
404,1525222,731910,793312,3090189,2879326,210863,0.0438
405,1075021,706572,368449,3258573,3100156,158417,0.1974
406,1057243,769609,287634,3353795,3312293,41502,0.1462
407,1330913,727530,603383,3788706,3254711,533995,0.2416
408,1161568,773748,387820,3211296,3114101,97195,0.2492
409,2655249,868387,1786862,3585264,3111554,473710,0.2581
410,2073075,968186,1104889,4393093,3862454,530639,0.4569
411,3277732,915521,2362211,3908856,3190480,718376,0.7951
412,1858918,842585,1016333,3657418,3252959,404459,0.4788
413,1308612,731487,577125,3613447,3251453,361994,0.3479
414,2602812,905844,1696968,3967328,3417767,549561,0.6934
415,1673547,834569,838978,3903607,3484544,419063,0.1491
416,1665362,808696,856666,3856451,3283944,572507,0.4044
417,1252711,791416,461295,3990276,3629339,360937,0.3202
418,2596089,951326,1644763,4035753,3646410,389343,0.4439
419,1183863,721133,462730,3522472,3182855,339617,0.0927
420,4367632,1020923,3346709,3828336,3241710,586626,0.1322
421,1342264,790537,551727,4365556,3624485,741071,0.7235
422,3023918,920970,2102948,3693601,3160359,533242,0.3308
423,2613655,885674,1727981,3552207,3211257,340950,0.3496
424,1909649,798805,1110844,3940461,3259846,680615,0.3109
425,1603241,851860,751381,3849487,3417598,431889,0.2238
426,2511632,820601,1691031,3070556,2891030,179526,0.8431
427,3493440,974944,2518496,4096287,3342078,754209,0.5267
428,2220436,860552,1359884,3686325,3130587,555738,0.3311
429,2045764,837473,1208291,3979182,3234566,744616,0.3197
430,1715987,795439,920548,3784664,3346084,438580,0.2445
431,2083297,755998,1327299,2556720,2100328,456392,1.0748
432,1909984,871417,1038567,3550900,3433871,117029,0.3829
433,1475778,782965,692813,3650804,3494907,155897,0.5112
434,2924039,839856,2084183,3281418,2669503,611915,0.5076
435,1939081,747197,1191884,3493567,2949857,543710,1.0732
436,1663620,766905,896715,3290788,3154306,136482,0.1086
437,1034339,679517,354822,3011176,2503268,507908,0.5553
438,1372828,701288,671540,3071126,2858895,212231,0.2992
439,1386917,735976,650941,2932867,2993950,-61083,0.595
440,1854511,868343,986168,3780476,3600983,179493,0.226
441,1995572,997940,997632,4480346,3963586,516760,0.1524
442,1705943,806243,899700,4050569,3073285,977284,0.5735
443,2317641,841196,1476445,3743443,3275832,467611,0.4835
444,880440,683929,196511,3559905,3224931,334974,0.3703
445,2495942,1032368,1463574,3577571,2950630,626941,0.663
446,1583054,760101,822953,3312689,3204885,107804,0.1802
447,1878636,843526,1035110,4245135,3452162,792973,0.1993
448,2027137,818413,1208724,3699375,3358850,340525,0.1711
449,2234906,800705,1434201,3531364,2699109,832255,0.6364
450,1657782,848860,808922,3457387,3255094,202293,0.5345
451,2188320,814685,1373635,3114665,3128144,-13479,0.2394
452,2165634,805314,1360320,3174440,2993668,180772,0.1893
453,2883310,910925,1972385,3722001,2986552,735449,0.2222
454,2474993,844181,1630812,4530387,3440533,1089854,0.2555
455,1464945,780565,684380,3839962,3627864,212098,0.5073
456,1844035,773201,1070834,3104959,2918426,186533,0.4874
457,1111643,752931,358712,3371575,3083103,288472,0.269
458,2294551,956479,1338072,4771353,3566133,1205220,0.3704
459,2159131,839407,1319724,4209365,3478292,731073,0.5357
460,4981687,1182203,3799484,4881892,3294186,1587706,0.7904
461,1486461,776720,709741,3605336,3298098,307238,0.1819
462,2057581,769953,1287628,3887079,2656109,1230970,0.9413
463,3264620,961600,2303020,4181862,3457900,723962,0.2912
464,1851066,726327,1124739,2713344,2381848,331496,0.683
465,1932853,845134,1087719,2991555,3002445,-10890,0.2133
466,1396012,795429,600583,2902329,2830328,72001,0.4899
467,4091794,1049124,3042670,4204431,3370668,833763,0.2161
468,2321326,846638,1474688,4759942,3184601,1575341,0.6311
469,1545836,788513,757323,4434906,3158728,1276178,0.313
470,1167710,700816,466894,3904198,3521791,382407,0.3466
471,1487907,739717,748190,3099634,2846286,253348,0.5992
472,873114,679499,193615,3325500,3216357,109143,0.2349
473,3904198,1094566,2809632,4370845,3599754,771091,0.5432
474,1648364,731649,916715,3276460,2929173,347287,0.2125
475,1463372,726877,736495,2826694,2766636,60058,0.4251
476,3189042,932229,2256813,3163560,3073746,89814,0.1164
477,1107680,759863,347817,3043753,2890899,152854,0.714
478,2259826,808141,1451685,3769680,3051348,718332,0.475
479,4621444,1182889,3438555,4334980,3385398,949582,0.3617
480,1909322,794806,1114516,3507131,3226126,281005,0.2065
481,2409940,851916,1558024,3636030,3189377,446653,0.4339
482,3165258,930690,2234568,3840991,3008540,832451,0.9652
483,3038254,998868,2039386,3757808,3351808,406000,0.4403
484,911859,762624,149235,3930909,3405027,525882,0.1384
485,2689777,922770,1767007,3865533,3360938,504595,0.1604
486,2282749,858715,1424034,3504181,3333172,171009,0.5632
487,1508677,750781,757896,3427546,3158610,268936,0.3513
488,1204150,732029,472121,3776934,3327105,449829,0.3247
489,2338067,824561,1513506,3691794,3152363,539431,0.1619
490,1145104,701619,443485,3607568,3031121,576447,0.5334
491,2160451,964178,1196273,4640250,3804006,836244,0.482
492,1132863,700212,432651,3614535,3124415,490120,0.2146
493,1693088,806196,886892,3590358,3364347,226011,0.596
494,2492200,848118,1644082,3394894,2907797,487097,0.7878
495,1437384,886925,550459,3521382,3662633,-141251,0.169
496,2911860,939932,1971928,4060107,3595398,464709,0.6316
497,2696606,978751,1717855,4245789,3561289,684500,0.1982
498,2071556,827222,1244334,3752163,3173059,579104,0.6359
499,1878193,796728,1081465,3510727,3114525,396202,0.6788
500,1363658,741384,622274,2995248,2746499,248749,0.1203
501,1542486,751635,790851,3728232,3440647,287585,0.2898
502,1964690,850027,1114663,4499488,3612543,886945,0.8241
503,1933581,905683,1027898,4079746,3407420,672326,0.6233
504,1264589,735868,528721,4046657,3181840,864817,0.369
505,2313025,1001639,1311386,3914235,3376100,538135,0.2065
506,1983463,776234,1207229,4006867,2976379,1030488,0.8759
507,1532001,682719,849282,3209401,2610945,598456,0.7687
508,2021969,860594,1161375,4095843,3668465,427378,0.8613
509,2328501,856522,1471979,3906462,3409013,497449,0.2966
510,2198651,777953,1420698,3082968,2847319,235649,0.4285
511,1782585,787697,994888,3951094,3302293,648801,0.8596
512,3293145,870631,2422514,2993077,2620710,372367,0.1437
513,1918375,872915,1045460,3036494,2540683,495811,0.4235
514,1341847,719248,622599,3326706,2919160,407546,0.3685
515,1984633,825909,1158724,3889317,3519958,369359,0.5142
516,1350629,942170,408459,3965080,3349481,615599,0.4919
517,1966407,769082,1197325,3305825,3034499,271326,0.2073
518,3953713,1036407,2917306,3874219,3427886,446333,0.7504
519,1903224,842152,1061072,4038030,3415896,622134,0.416
520,2576793,910877,1665916,3854183,3239454,614729,0.7017
521,2113093,883034,1230059,4115298,3246819,868479,0.3756
522,2281809,821001,1460808,4451487,3111367,1340120,0.4289
523,1309203,771949,537254,3376619,3321106,55513,0.3996
524,1158282,682124,476158,3350454,2788918,561536,0.5256
525,2511052,867351,1643701,3445892,3139160,306732,0.6211
526,943383,683369,260014,3778760,3447384,331376,0.3877
527,1924849,782976,1141873,3929591,3297217,632374,0.2867
528,715716,682622,33094,3832552,3110442,722110,0.2401
529,1811182,848425,962757,4135844,3446249,689595,0.1586
530,1192451,762537,429914,4147218,3492153,655065,0.303
531,2711322,897053,1814269,3298112,3013809,284303,0.3776
532,957610,729232,228378,3532541,2828788,703753,0.8558
533,2112004,819492,1292512,4090642,3463582,627060,0.4945
534,1078084,712451,365633,3384005,3300794,83211,0.2945
535,1738485,769265,969220,3589735,3301559,288176,0.4432
536,1476576,868501,608075,3976235,3757999,218236,0.5721
537,1768714,776280,992434,3638590,3217267,421323,0.3492
538,1609104,790270,818834,3384264,3288845,95419,0.154
539,2401213,816464,1584749,3640881,3265082,375799,0.6701
540,1542441,816042,726399,3402861,3192563,210298,0.5898
541,1643604,819168,824436,4170423,3398836,771587,0.8152
542,1129210,715164,414046,3066710,2957993,108717,0.2674
543,938035,701518,236517,3261769,2853131,408638,0.6319
544,1181134,712225,468909,3590176,3317203,272973,0.0667
545,2724348,958737,1765611,3833340,3452346,380994,0.1636
546,1570153,752473,817680,3547206,3153109,394097,0.5257
547,3219761,918797,2300964,4017139,3266305,750834,0.4326
548,1567461,754657,812804,4342298,3372643,969655,0.4406
549,1945418,783657,1161761,2963436,2928018,35418,0.3657
550,1277875,709680,568195,2928477,2898397,30080,0.9276
551,1668185,785355,882830,3692773,3432559,260214,0.5882
552,1845755,783217,1062538,4388072,3020146,1367926,0.7528
553,1770730,838573,932157,3977840,3636368,341472,0.4202
554,1426479,816111,610368,3845339,3346078,499261,0.3037
555,1603009,854995,748014,3064742,2936902,127840,0.1991
556,1881717,798817,1082900,3759105,3298157,460948,0.4959
557,2166272,886362,1279910,3539004,3145912,393092,0.399
558,1192703,737438,455265,3636791,3600593,36198,0.1456
559,2214434,774805,1439629,3736742,2814496,922246,1.0213
560,3116150,893071,2223079,4196761,3129477,1067284,0.7753
561,2073526,909607,1163919,3653216,3165255,487961,0.7174
562,1976696,842434,1134262,3524106,3327048,197058,0.4561
563,3197377,973781,2223596,4186843,3560725,626118,0.2975
564,1478998,761670,717328,3580929,3134036,446893,0.4241
565,1497050,749228,747822,3329742,3125564,204178,0.5975
566,1245426,726536,518890,4081765,3181117,900648,0.4382
567,1397869,823519,574350,3225587,3315022,-89435,0.2891
568,1785992,795929,990063,3545889,3081054,464835,0.5228
569,1824683,845716,978967,4159534,3346327,813207,0.7367
570,1630971,869068,761903,3484527,3094098,390429,0.4892
571,1581876,832265,749611,3568412,3325467,242945,0.2818
572,1543377,706869,836508,3060535,2611004,449531,0.2368
573,2459560,876827,1582733,4206844,3502559,704285,0.4144
574,2247592,823030,1424562,5692117,3339964,2352153,2.7385
575,1803972,766930,1037042,3317888,3007377,310511,0.1872
576,1115960,705732,410228,3463789,3299024,164765,0.3204
577,2817777,927121,1890656,4645097,3303601,1341496,0.3498
578,2677107,853543,1823564,4081458,3109969,971489,1.1577
579,1618960,858982,759978,3780810,3581777,199033,0.1256
580,1082634,677591,405043,3201147,3004067,197080,0.2348
581,1413619,678661,734958,2668293,2289896,378397,0.5794
582,781026,669389,111637,4088763,3248578,840185,0.2258
583,1725804,795738,930066,3635644,3142364,493280,0.3175
584,1428356,834580,593776,4046221,3709040,337181,0.5204
585,2406183,869567,1536616,3872126,3374651,497475,0.3885
586,2372459,886853,1485606,4711377,3514613,1196764,0.2975
587,1488377,848302,640075,3719011,3212461,506550,0.4083
588,1722299,781828,940471,3484163,3129055,355108,0.3997
589,2109669,852098,1257571,3758573,3234219,524354,0.7965
590,1805838,851691,954147,4229204,3490108,739096,0.2595
591,1813047,776417,1036630,3134912,3212785,-77873,0.344
592,1783503,760320,1023183,3931767,2937163,994604,0.369
593,2177724,880651,1297073,4096044,3480993,615051,0.2558
594,1187768,709329,478439,3635288,3283709,351579,0.6896
595,1644816,756314,888502,3107983,2722294,385689,0.4856
596,2631518,945269,1686249,3625697,3350504,275193,0.1546
597,1808780,776684,1032096,3127559,2719943,407616,0.8745
598,2852895,909416,1943479,3484369,3115424,368945,0.6206
599,3160737,953495,2207242,4592626,3287895,1304731,0.8595
600,1164541,837774,326767,3785279,3746729,38550,0.2841
601,1668435,761975,906460,3274417,2998297,276120,0.0664
602,1495761,741240,754521,2972609,3076900,-104291,0.3545
603,1165396,720124,445272,3072977,2932724,140253,0.5541
604,1637120,747645,889475,3896898,2963336,933562,0.9504
605,1608253,939275,668978,4169535,3459767,709768,0.5886
606,1228190,701026,527164,3073572,3040444,33128,0.2348
607,2521773,934051,1587722,4354292,3507138,847154,0.5867
608,1678504,836661,841843,4477725,3805920,671805,0.4267
609,1717806,753673,964133,3406264,3061096,345168,0.2804
610,1422258,749454,672804,2964076,2989437,-25361,0.164
611,1769123,779263,989860,3356890,3064605,292285,0.4192
612,1764933,808174,956759,3526474,3250363,276111,0.2514
613,1893998,851932,1042066,4606835,3588566,1018269,0.4366
614,3038797,969787,2069010,5426007,3554077,1871930,0.3397
615,2439977,958662,1481315,4379077,3475741,903336,0.1274
616,1314051,826443,487608,3746734,3320770,425964,0.8743
617,1154128,770405,383723,4048800,3517325,531475,0.2398
618,4827858,1041676,3786182,3927527,2982199,945328,0.7357
619,1099544,732328,367216,3407586,3303331,104255,0.0794
620,2063541,819358,1244183,3774580,3198239,576341,0.2988
621,1582765,800572,782193,2937175,2965639,-28464,0.4479
622,2746290,889171,1857119,3074013,3068433,5580,0.6428
623,2467545,853313,1614232,3591883,3391534,200349,0.1952
624,1494910,725595,769315,3600130,3115048,485082,0.5886
625,1866594,821391,1045203,3648361,3358521,289840,0.1024
626,1942524,957374,985150,4090683,3692539,398144,0.7198
627,1700506,796158,904348,3391482,2962897,428585,0.3386
628,3686052,950718,2735334,3485783,2867120,618663,0.4819
629,2850915,890423,1960492,3801846,3226942,574904,0.47
630,2240760,829833,1410927,2991162,2785856,205306,0.112
631,1176495,707322,469173,2763899,2653114,110785,0.4201
632,3834946,1007785,2827161,3875102,3256312,618790,0.1407
633,1525154,727555,797599,3774300,3373874,400426,0.3586
634,1507422,794773,712649,3797229,3623613,173616,0.2657
635,2075049,1037494,1037555,3922810,3123045,799765,0.8994
636,1650389,935167,715222,4041360,3998663,42697,0.5023
637,1532346,754565,777781,2581003,2444012,136991,0.3537
638,1929057,717382,1211675,2945019,2586047,358972,0.7878
639,1802360,796415,1005945,3839704,3106340,733364,0.0448
640,3006458,1007765,1998693,4049076,3221674,827402,0.3729
641,2181082,806569,1374513,3328656,3059073,269583,0.1259
642,1861765,845905,1015860,3998633,3561665,436968,0.432
643,1341158,759646,581512,3688225,3175841,512384,0.584
644,2080401,823170,1257231,3484714,3292240,192474,0.3514
645,2233891,876946,1356945,3866158,3275059,591099,0.5011
646,2632888,971136,1661752,5039635,3692598,1347037,0.192
647,3637363,1014502,2622861,4202247,3512430,689817,0.4176
648,2372613,846460,1526153,4090146,3650850,439296,0.0702
649,2181931,792573,1389358,3561680,3083039,478641,0.8292
650,2786558,974482,1812076,4526859,3531480,995379,0.5704
651,1918076,861646,1056430,4153787,3509267,644520,0.3596
652,1191078,789554,401524,2897620,2749856,147764,0.672
653,2640627,907653,1732974,3866890,3331968,534922,0.2117
654,1459416,754293,705123,3868294,3483841,384453,0.3869
655,747713,653965,93748,4955035,3467556,1487479,0.1848
656,1200882,732456,468426,3237575,3229937,7638,0.215
657,1380017,717449,662568,3485882,3332072,153810,0.6274
658,1192485,721679,470806,3307989,3170540,137449,0.3512
659,2574591,872485,1702106,3696921,3276947,419974,0.1468
660,1116127,713412,402715,3405375,3294884,110491,0.2955
661,1015259,686161,329098,3157187,2797494,359693,0.1396
662,2840087,945136,1894951,4034804,3418229,616575,0.6252
663,2567531,857195,1710336,4059762,3332700,727062,0.9107
664,1706514,936022,770492,4120899,3859191,261708,0.4402
665,2822025,953121,1868904,4001056,3602419,398637,0.602
666,2118512,822730,1295782,4115236,3268414,846822,0.7936
667,1208288,733604,474684,3296067,3149754,146313,0.1473
668,2032452,868398,1164054,4189424,3608231,581193,0.459
669,1239396,767501,471895,2955619,3170172,-214553,0.2865
670,1260527,754527,506000,3727155,3344806,382349,0.2734
671,1316836,792530,524306,3373047,3290887,82160,0.4191
672,2913836,932413,1981423,3977988,3453734,524254,0.3959
673,2023006,777258,1245748,2976405,2861720,114685,0.4831
674,2731701,933964,1797737,3807803,3164193,643610,0.2082
675,1647933,820811,827122,3936498,3494738,441760,0.3114
676,1332853,664597,668256,3459406,2858244,601162,0.7677
677,1477953,815195,662758,3102560,3137622,-35062,0.1253
678,2399934,1015310,1384624,3550656,3080181,470475,0.5603
679,856645,758975,97670,21159663,5592840,15566823,1.1166
680,1216076,727659,488417,3204158,2947323,256835,0.3657
681,1749844,767224,982620,3020281,2804848,215433,0.401
682,2197399,1085611,1111788,4131003,4021123,109880,0.338
683,1320347,722038,598309,2891040,2972637,-81597,0.3455
684,3778376,1059973,2718403,4568584,3724381,844203,0.542
685,1855808,814992,1040816,3254562,3022060,232502,0.5786
686,1412053,765793,646260,3033129,3242450,-209321,0.3536
687,2808478,926606,1881872,4725289,3619471,1105818,0.5485
688,1218968,720450,498518,3003328,2860980,142348,0.2709
689,1668398,777918,890480,4126734,3119311,1007423,0.3403
690,1631737,801171,830566,3562054,3084301,477753,0.6725
691,2293331,858908,1434423,3770425,3214386,556039,0.3507
692,1145951,702961,442990,3113702,3133712,-20010,0.2788
693,1330034,818239,511795,3438183,3390358,47825,0.2309
694,2052350,790202,1262148,2839444,2687143,152301,0.4743
695,2616698,844913,1771785,3717185,3335955,381230,0.3341
696,2060505,829814,1230691,3205974,3286365,-80391,0.2453
697,2222570,845329,1377241,3470575,3135079,335496,0.276
698,2824522,854773,1969749,3928311,3358447,569864,0.2301
699,1839313,785164,1054149,3600976,3248201,352775,0.2037
700,1083471,681812,401659,2989564,3208530,-218966,0.3176
701,2055013,908082,1146931,4284935,3582103,702832,0.4521
702,2944055,934485,2009570,4680265,3587672,1092593,0.6265
703,1504986,758882,746104,4266596,3310705,955891,0.1412
704,2544314,956683,1587631,3418037,2933208,484829,0.5092
705,1402225,745670,656555,3223367,3193020,30347,0.221
706,1965871,815327,1150544,4026946,3410983,615963,0.3588
707,1465184,796474,668710,3732720,3616017,116703,0.3399
708,1134477,766708,367769,3753934,3149391,604543,0.3451
709,1658092,837202,820890,4280550,3726620,553930,0.3546
710,1238085,755142,482943,3325799,3093687,232112,0.4867
711,2236280,883578,1352702,3294158,3162232,131926,0.2821
712,1664788,831444,833344,3483993,3345043,138950,0.1832
713,818189,678228,139961,4058160,3367067,691093,0.3752
714,1805823,823498,982325,3341844,3039617,302227,0.5734
715,1983597,866398,1117199,5033184,3733378,1299806,0.0325
716,727534,671358,56176,3431094,3067620,363474,0.2017
717,3844625,1049225,2795400,4206289,3352497,853792,0.2373
718,1543263,858381,684882,3464141,2942918,521223,0.857
719,2775951,928551,1847400,3559767,3263952,295815,0.1883
720,1312848,818876,493972,3657049,3374196,282853,0.149
721,2020416,804895,1215521,3344458,3219741,124717,0.249
722,2944632,987688,1956944,4206674,3317099,889575,0.1297
723,1800978,760487,1040491,3566507,3046502,520005,0.2711
724,1465554,747759,717795,2714317,2680144,34173,0.1664
725,1523412,747515,775897,3882769,3404073,478696,0.735
726,2819473,899831,1919642,4049168,3271836,777332,0.9672
727,1965972,774484,1191488,3358398,3092240,266158,0.4193
728,1105027,662264,442763,2762380,2725472,36908,0.2768
729,2381016,1032717,1348299,5356577,3969966,1386611,0.5604
730,1431908,742306,689602,3435965,3247921,188044,0.2454
731,1633736,714020,919716,3044623,2723689,320934,0.7247
732,1828267,777816,1050451,3501108,3208355,292753,0.202
733,1646609,823324,823285,3900777,3128139,772638,0.4578
734,1844284,794225,1050059,3403309,3206831,196478,0.6135
735,2322219,848465,1473754,3502379,3223263,279116,0.3034
736,1445994,717307,728687,3191945,3082369,109576,0.4142
737,2169692,801271,1368421,3663335,3269772,393563,0.4449
738,4856113,1232153,3623960,5253883,3649157,1604726,0.9018
739,1531644,782247,749397,3711402,3096806,614596,0.1619
740,1395606,781285,614321,2921955,3081066,-159111,0.1483
741,4295306,1051787,3243519,4884900,3364486,1520414,0.3585
742,2207905,861963,1345942,3832097,3373991,458106,0.8947
743,2218712,866777,1351935,4148401,3710392,438009,0.4267
744,3834463,1101389,2733074,4306725,3587772,718953,0.2375
745,1060949,742064,318885,4277542,3109651,1167891,1.0028
746,2865792,1011063,1854729,4005116,3606540,398576,0.0993
747,1127814,736475,391339,3786473,3568713,217760,0.2829
748,3296201,1080986,2215215,4163388,3770077,393311,0.2892
749,1158705,759912,398793,3831484,3059537,771947,0.4947
750,1757309,761562,995747,3140465,3051967,88498,0.3937
751,1333070,670151,662919,2431408,2305547,125861,0.534
752,2264118,1051025,1213093,3959739,3378108,581631,0.5049
753,1143188,719848,423340,3561840,3047348,514492,0.6182
754,710693,719512,-8819,6847711,3387460,3460251,0.5182
755,1702849,742458,960391,3674949,3050229,624720,0.9142
756,1159793,731043,428750,3171432,3247219,-75787,0.5474
757,2222234,900168,1322066,4229602,3724302,505300,0.2365
758,2591815,911775,1680040,3762256,3360352,401904,0.0966
759,2228862,789277,1439585,3871193,2874141,997052,0.8477
760,1506930,807864,699066,3853798,3613528,240270,0.3024
761,3212656,903147,2309509,3435707,3025443,410264,0.746
762,1315450,740769,574681,3319253,3126581,192672,0.3214
763,1787477,761330,1026147,3555156,3189060,366096,0.17
764,1586291,852042,734249,3344771,3120917,223854,0.5833
765,762677,727162,35515,6296844,3614899,2681945,0.1899
766,762043,676296,85747,4493502,3465643,1027859,0.1564
767,1594535,1067862,526673,4143254,3320266,822988,0.4712
768,2215848,859778,1356070,3267919,3090860,177059,0.2439
769,1523561,702142,821419,2613316,2397331,215985,0.6194
770,2269419,916067,1353352,3676438,3294236,382202,0.2406
771,1965673,771282,1194391,3025600,2811957,213643,0.5045
772,2227227,810845,1416382,3719833,3123647,596186,0.5749
773,1358287,774273,584014,4156284,3394049,762235,0.596
774,1567648,939521,628127,2267637,2259222,8415,0.4324
775,2231784,873603,1358181,3549437,3012598,536839,0.5832
776,1302908,758562,544346,2941218,3143321,-202103,0.19
777,2052083,821490,1230593,3637763,3091761,546002,1.0146
778,2975558,919795,2055763,3868807,3436158,432649,0.4028
779,2414045,858999,1555046,4087485,3362112,725373,0.3388
780,2341375,856972,1484403,3176625,2822805,353820,0.3312
781,2782725,939346,1843379,4220928,3060485,1160443,0.5457
782,1560000,754763,805237,4125026,3158611,966415,0.3698
783,2193197,804919,1388278,3260212,2972934,287278,0.1535
784,2178817,833923,1344894,4025597,3425195,600402,0.3226
785,1410222,728869,681353,3297334,3109033,188301,0.2945
786,3703511,1075126,2628385,4127981,3354937,773044,0.1109
787,1536524,747326,789198,3472024,3084940,387084,0.5
788,1243222,777909,465313,3772904,3048506,724398,0.9093
789,1694334,815994,878340,3926211,3319355,606856,0.2994
790,1422116,828264,593852,3593297,3640065,-46768,0.1623
791,2189650,852996,1336654,4332361,3387790,944571,0.6026
792,1245714,712960,532754,2904976,2964864,-59888,0.0753
793,1151063,747807,403256,3863134,3199429,663705,0.4008
794,1750793,758891,991902,3514878,3054829,460049,0.4595
795,1354889,703131,651758,3621910,3127333,494577,0.5088
796,1167539,745411,422128,3334988,3106997,227991,0.263
797,1272163,859893,412270,3725012,3257514,467498,0.4447
798,2341430,902138,1439292,4043737,3424287,619450,0.4932
799,1610474,818077,792397,3308930,3225042,83888,0.0314
800,1699978,818886,881092,3280901,3329564,-48663,0.035
801,1729412,848601,880811,3703802,3380421,323381,0.3385
802,888014,670307,217707,3613112,3077376,535736,0.3168
803,1363780,726260,637520,3236425,2938716,297709,0.642
804,1382535,756025,626510,2827035,2663759,163276,0.283
805,3721027,1020164,2700863,3501491,3074170,427321,0.2199
806,1282182,783856,498326,3577703,3557629,20074,0.2787
807,2271403,928679,1342724,4260906,3742272,518634,0.3111
808,1845680,962410,883270,3235951,2965299,270652,0.557
809,1614827,742155,872672,3402641,3158343,244298,0.7668
810,4068288,1084099,2984189,4917222,3613285,1303937,0.7492
811,2074976,841451,1233525,4690687,3476910,1213777,0.7609
812,1843873,811596,1032277,4053399,3232048,821351,0.3395
813,1861998,758168,1103830,3879808,3199725,680083,0.2443
814,1738200,782976,955224,3792487,3272805,519682,0.1598
815,1965955,765751,1200204,3428498,2967521,460977,0.4586
816,1613165,768164,845001,4337104,3350283,986821,0.7413
817,2584629,920073,1664556,5035736,3861672,1174064,0.6094
818,1383776,770739,613037,4477046,3421010,1056036,0.3227
819,1783605,933850,849755,4639681,4115633,524048,0.4487
820,2857870,954417,1903453,3838575,3383819,454756,0.3286
821,967271,705379,261892,3945583,3286916,658667,0.3504
822,1353753,699198,654555,3257707,2540669,717038,0.5939
823,1602450,711984,890466,2429504,2199309,230195,0.8876
824,1210512,752027,458485,3472723,3265364,207359,0.2049
825,1812565,767243,1045322,3588063,3239141,348922,0.2901
826,3319246,933923,2385323,4001347,2974164,1027183,0.9058
827,2319836,858939,1460897,3741884,3639646,102238,0.7087
828,2148935,901033,1247902,5421614,3809697,1611917,0.4865
829,2806940,960645,1846295,3864125,3311096,553029,0.1834
830,2140809,856380,1284429,4413594,3630760,782834,0.6181
831,1394358,768712,625646,3546686,3291806,254880,0.2213
832,2533354,855546,1677808,4667524,3509344,1158180,0.1943
833,2521230,865141,1656089,3646988,3252663,394325,0.5431
834,2155847,812057,1343790,4202696,3347362,855334,0.4574
835,1150648,769189,381459,3595513,3487883,107630,0.5533
836,4026333,986175,3040158,4896453,3325497,1570956,0.3738
837,1839934,787988,1051946,4066847,3510587,556260,0.413
838,1388878,742596,646282,3176202,3078364,97838,0.5244
839,1979037,858246,1120791,3621631,3265144,356487,0.3625
840,2110704,797709,1312995,3033049,3003623,29426,0.5414
841,1642591,749205,893386,4143431,3180256,963175,0.8587
842,1984933,795448,1189485,4383861,3219518,1164343,0.6281
843,1497360,770149,727211,3388088,3382050,6038,0.3426
844,2714265,925727,1788538,3778139,3559011,219128,0.3759
845,2049093,757241,1291852,3602494,2941150,661344,0.6794
846,3233337,948081,2285256,3311597,3268506,43091,0.337
847,1169551,774842,394709,3475167,3410077,65090,0.1765
848,2255794,850052,1405742,3962102,3257145,704957,0.4987
849,2188087,807138,1380949,4208531,3605269,603262,0.7533
850,2864847,990759,1874088,3868298,3497788,370510,0.3442
851,1442592,825424,617168,3815157,3098497,716660,0.3702
852,2689764,910617,1779147,5740753,3731588,2009165,0.6175
853,1255085,708156,546929,3063765,2923093,140672,0.3507
854,2940692,1093294,1847398,4697887,4015291,682596,0.3975
855,1190209,718260,471949,2964675,2570206,394469,0.8163
856,1937979,784684,1153295,3387615,2795243,592372,0.9185
857,1415581,833398,582183,4520007,3454517,1065490,0.4255
858,4113028,1038440,3074588,5347420,3605252,1742168,0.4483
859,1729685,897881,831804,4401100,3826386,574714,0.3696
860,3816278,922862,2893416,5144390,3110383,2034007,1.2036
861,1083570,711704,371866,3309143,2949953,359190,0.2885
862,4325403,1093623,3231780,4025594,3467096,558498,0.2139
863,2404182,899167,1505015,3946404,3169300,777104,0.6907
864,2683116,945958,1737158,3690254,3506489,183765,0.2381
865,1100656,774517,326139,4105396,3576645,528751,0.3819
866,1903097,982581,920516,3762342,3407561,354781,0.6994
867,1692756,765862,926894,2766953,2603120,163833,0.6067
868,1569106,817725,751381,4322975,3570649,752326,0.3037
869,2993023,912911,2080112,3560354,3168203,392151,0.2286
870,1211764,704126,507638,3339510,3049323,290187,0.6494
871,3095852,955468,2140384,4372201,3303920,1068281,0.8753
872,2195917,822784,1373133,3326413,3194764,131649,0.001
873,2808244,870936,1937308,3782421,3146891,635530,0.1976
874,1830640,800953,1029687,3547184,3340665,206519,0.4493
875,5498709,1272250,4226459,5120912,3531974,1588938,0.5229
876,1245605,728134,517471,3475385,3319709,155676,0.3017
877,1360680,776115,584565,3596440,3354938,241502,0.3708
878,2095189,845342,1249847,3888347,3191565,696782,0.7282
879,1303670,724196,579474,3590911,3152309,438602,0.385
880,2293251,798520,1494731,3188640,2932951,255689,0.5238
881,2775575,896522,1879053,3607208,3117029,490179,0.063
882,2278844,824102,1454742,3064329,2991375,72954,0.0937
883,2505468,912346,1593122,4156788,3734477,422311,0.4998
884,2484807,858684,1626123,3002090,2947520,54570,0.1085
885,1143448,753816,389632,3245361,3116028,129333,0.1007
886,2411458,919033,1492425,4265888,3543598,722290,0.0634
887,3347178,980277,2366901,4742718,3483695,1259023,0.2976
888,4187451,1061933,3125518,3911253,3147730,763523,0.621
889,1918754,777510,1141244,3973741,3303843,669898,0.8053
890,1176227,727396,448831,4447252,3369890,1077362,0.1098
891,2071583,831580,1240003,3704889,3249632,455257,0.1289
892,1251379,701771,549608,2918661,2836610,82051,0.2936
893,2238879,817403,1421476,3621637,3314405,307232,0.4495
894,1101176,716024,385152,3111553,2902474,209079,0.1428
895,2411976,848681,1563295,4124190,3432459,691731,0.2079
896,2042179,782805,1259374,3616364,3146902,469462,0.6499
897,2006725,956256,1050469,3799556,3643340,156216,0.4107
898,3259587,966292,2293295,4123025,3308972,814053,0.1959
899,3141917,980662,2161255,3962475,3447737,514738,0.5901
900,1663753,789323,874430,4143028,3189522,953506,0.5124
901,1523054,781387,741667,3491833,3124950,366883,0.5545
902,4014258,1083156,2931102,4276619,3351932,924687,0.3599
903,3946322,959737,2986585,4034650,2865383,1169267,0.4342
904,3644780,1001381,2643399,4127393,3609208,518185,0.1445
905,1188407,709830,478577,3031014,2811406,219608,0.218
906,1586389,800429,785960,4176708,3120011,1056697,0.2872
907,889024,685347,203677,3821298,3504106,317192,0.4036
908,2303573,897071,1406502,4646872,3765733,881139,0.2201
909,2315899,831949,1483950,3979738,3160944,818794,0.546
910,2132640,854207,1278433,4233092,3404495,828597,0.384
911,1565801,825992,739809,3955212,3433806,521406,0.7028
912,1553379,692315,861064,2525942,2158362,367580,0.7861
913,2651916,887475,1764441,3633433,3211218,422215,0.4071
914,1044369,737144,307225,3432147,3128420,303727,0.3354
915,1377712,763519,614193,3520827,3360765,160062,0.2292
916,1521487,686405,835082,2910839,2572426,338413,0.1902
917,1558328,813708,744620,3345393,3176259,169134,0.3521
918,1430257,752443,677814,3567759,3338769,228990,0.4942
919,2757680,878755,1878925,4482241,3360342,1121899,0.2731
920,2338115,842450,1495665,3334473,3049365,285108,0.3155
921,1762587,757942,1004645,3044145,3069407,-25262,0.5436
922,1333384,734550,598834,2919033,3120976,-201943,0.2678
923,1974020,812005,1162015,3468455,3102409,366046,0.3355
924,2777028,998034,1778994,3540290,3186651,353639,0.509
925,1194784,774910,419874,3462094,3449722,12372,0.0325
926,2149264,810300,1338964,3730632,3392728,337904,0.3453
927,3403371,959908,2443463,3891498,3321950,569548,0.4691
928,1260461,688041,572420,3400330,2993134,407196,0.7192
929,2422464,866088,1556376,4197662,3481752,715910,0.6232
930,1811781,736606,1075175,3432237,3006834,425403,0.3053
931,1117634,665695,451939,3077090,2685034,392056,0.9098
932,1091424,742253,349171,2947954,2960853,-12899,0.1434
933,1099026,740249,358777,4508920,3370052,1138868,0.6732
934,1142508,704160,438348,3231576,3076237,155339,0.6211
935,1826979,823086,1003893,4493211,3417338,1075873,0.6967
936,2552180,796110,1756070,3948419,2921387,1027032,1.38
937,2875648,930569,1945079,3809843,3317495,492348,0.5293
938,2464486,910902,1553584,4176510,3675804,500706,0.4311
939,1136561,785309,351252,3700593,3436082,264511,0.1914
940,1609936,783424,826512,4122920,3330571,792349,0.1503
941,1291909,731005,560904,2498944,2495784,3160,0.3921
942,3806015,1037751,2768264,4082951,3482553,600398,0.2169
943,1803726,773499,1030227,3456741,2936544,520197,0.4568
944,2380331,888168,1492163,4015967,3456958,559009,0.465
945,1519046,744018,775028,3601229,3361769,239460,0.1741
946,1178009,762268,415741,3099703,3059105,40598,0.403
947,1836524,793360,1043164,3795140,3368317,426823,0.3707
948,1376485,784603,591882,4142508,3598336,544172,0.2119
949,1055084,722587,332497,4190349,3372767,817582,0.1908
950,1224324,772816,451508,3479733,3385252,94481,0.0433
951,2789206,924126,1865080,3631181,3146181,485000,0.5589
952,1066291,676760,389531,3167668,2712640,455028,0.7982
953,1752096,823948,928148,3755147,3397181,357966,0.5
954,1530711,771946,758765,4031443,3484027,547416,0.7211
955,866346,682461,183885,3497238,3170927,326311,0.2885
956,1964442,780795,1183647,4137622,3016158,1121464,0.766
957,2444046,785479,1658567,3474754,2715193,759561,0.7542
958,2237619,843836,1393783,4386450,3690873,695577,0.3629
959,1505459,781257,724202,3585960,3180005,405955,0.6222
960,1877020,931419,945601,4018174,3522106,496068,0.3139
961,1849685,783244,1066441,3667406,2967242,700164,0.6664
962,1427297,785334,641963,3840642,3482019,358623,0.0482
963,1116211,692778,423433,2461166,2615953,-154787,0.4248
964,1188173,744342,443831,4229158,3220975,1008183,0.433
965,1875711,773370,1102341,3953609,3271333,682276,0.3594
966,2135987,775029,1360958,3294145,2555275,738870,0.6805
967,3400726,1001569,2399157,4951465,3741928,1209537,0.2913
968,1898486,821229,1077257,3628721,3347550,281171,0.2801
969,2894498,863731,2030767,3168036,2901853,266183,0.1913
970,1147214,695167,452047,2925543,2717087,208456,0.1326
971,1967191,846400,1120791,3859023,3006101,852922,0.7488
972,1744019,781213,962806,3839034,3217829,621205,0.2892
973,1139405,745687,393718,2934785,2645869,288916,0.2848
974,1274505,826937,447568,3274693,3339965,-65272,0.2607
975,1276892,769883,507009,3911546,3584232,327314,0.1649
976,1184740,726714,458026,3253604,2979752,273852,0.4457
977,4036509,958641,3077868,4136129,2958567,1177562,0.5954
978,3396942,1025389,2371553,4578761,3520897,1057864,0.2393
979,2038422,874893,1163529,3303029,3166346,136683,0.3349
980,1819828,839807,980021,3808166,3284383,523783,0.8427
981,2374513,875830,1498683,4235316,3685606,549710,0.1948
982,3936597,1137351,2799246,4764975,3527544,1237431,0.4161
983,2662485,836117,1826368,3343314,2732220,611094,0.5597
984,2351249,854437,1496812,4097614,3508028,589586,0.5795
985,2999674,909274,2090400,3712969,3220814,492155,0.495
986,1209592,739669,469923,3759183,3431210,327973,0.4627
987,1252642,722259,530383,3296426,3094882,201544,0.2098
988,1262229,709549,552680,3084079,3012964,71115,0.2415
989,2910757,904843,2005914,4068372,3277194,791178,0.3235
990,1898628,777739,1120889,3547519,3094846,452673,0.6817
991,1557250,805138,752112,3380713,3193208,187505,0.2822
992,2538297,880357,1657940,4167574,3391197,776377,0.6588
993,2613196,948085,1665111,4668671,3788020,880651,0.1768
994,2037144,737607,1299537,3083885,2529765,554120,0.7892
995,1491545,743862,747683,3499153,3035434,463719,0.2068
996,3582571,975440,2607131,3830330,3150930,679400,0.8933
997,1003683,657582,346101,3223543,2892998,330545,0.3182
998,4725523,1146870,3578653,4531864,3207865,1323999,0.2934
999,1327626,727931,599695,3162714,3084141,78573,0.175
1000,2400178,992940,1407238,4192999,3739544,453455,0.6062
1001,2059755,808584,1251171,3676110,2934509,741601,0.4954
1002,1277080,732693,544387,3158593,3170215,-11622,0.1586
1003,2017878,824493,1193385,3675832,3310622,365210,0.5718
1004,1226756,738444,488312,3896793,3194727,702066,0.3603
1005,1494730,714870,779860,2953879,2771215,182664,0.3177
1006,1715365,860307,855058,3608389,3520748,87641,0.3642
1007,3473561,1036590,2436971,4128358,3570384,557974,0.2618
1008,1577170,782456,794714,3294766,3236921,57845,0.4461
1009,1133696,737448,396248,3215461,3039929,175532,0.1599
1010,1830393,828026,1002367,4037220,3584370,452850,0.2953
1011,3063439,896438,2167001,3608058,3026144,581914,0.9605
1012,1591280,860220,731060,3308072,3146143,161929,0.4734
1013,1505377,726015,779362,3331538,2737940,593598,0.9865
1014,3946900,1113027,2833873,4657764,3788054,869710,0.1754
1015,1389443,801421,588022,3903694,3390555,513139,0.2139
1016,1896747,715566,1181181,3426761,2545451,881310,1.2367
1017,1731879,738602,993277,3083156,2764200,318956,0.0321
1018,1921857,795044,1126813,3359450,2991657,367793,0.515
1019,1627312,782250,845062,3468841,3152981,315860,0.2809
1020,1388715,866294,522421,3447358,3373968,73390,0.3967
1021,1611785,756939,854846,2909144,2955854,-46710,0.3316
1022,3745387,1055607,2689780,4091940,3309166,782774,0.3875
1023,1037050,685484,351566,3518845,3213554,305291,0.3033
1024,1504745,774371,730374,3899912,3303089,596823,0.4007
1025,1670239,772669,897570,3834665,3310086,524579,0.1486
1026,1974258,790555,1183703,2703941,2357133,346808,0.5753
1027,2495524,1034450,1461074,5201956,4046186,1155770,0.538
1028,2207917,996593,1211324,4239082,3783365,455717,0.2859
1029,1326116,708340,617776,2894955,2684732,210223,0.5187
1030,2082794,824859,1257935,4368376,3379396,988980,0.3501
1031,1101736,728934,372802,3261568,3222521,39047,0.3186
1032,1125562,742907,382655,3427590,3254030,173560,0.2061
1033,1585891,766508,819383,3237195,3148509,88686,0.3199
1034,1639045,753208,885837,2693211,2778408,-85197,0.0496
1035,697841,646046,51795,3401957,2988289,413668,0.2521
1036,1219547,792499,427048,3336868,3380525,-43657,0.1278
1037,1698224,858030,840194,3108271,2828521,279750,0.5677
1038,2951718,934128,2017590,3781653,3363483,418170,0.3323
1039,2226182,933391,1292791,3559788,3350041,209747,0.2691
1040,3121213,892409,2228804,3629308,3145121,484187,0.3118
1041,1596125,757525,838600,3662079,3074653,587426,0.6767
1042,2255383,896862,1358521,4008915,3495813,513102,0.3572
1043,2203097,824501,1378596,3932391,3401460,530931,0.2915
1044,1103770,714321,389449,3385413,3216780,168633,0.2827
1045,1417374,726703,690671,3819514,3273666,545848,0.8059
1046,3360813,1003128,2357685,3842710,3129637,713073,0.3898
1047,1780891,829465,951426,4115747,3530354,585393,0.3862
1048,2125067,819958,1305109,3950747,3408775,541972,0.0673
1049,1680390,871851,808539,3551498,3069779,481719,0.4677
1050,2571061,891625,1679436,4091941,3604990,486951,0.25
1051,3398648,988743,2409905,3533298,3089175,444123,0.3069
1052,4100484,1042172,3058312,4611313,3248943,1362370,0.2715
1053,1975649,787115,1188534,3505276,2952670,552606,0.6039
1054,1418172,706444,711728,3078842,3205276,-126434,0.2139
1055,2363877,839853,1524024,3796004,3169639,626365,0.6251
1056,1679091,789341,889750,4293063,3966971,326092,0.1988
1057,1848066,859492,988574,4091450,3470922,620528,0.4499
1058,1134366,735510,398856,3504524,3125951,378573,0.2046
1059,2961243,898187,2063056,4096959,3554541,542418,0.2399
1060,2617661,900444,1717217,3862353,3378598,483755,0.1801
1061,710667,669646,41021,4079718,3072841,1006877,0.0946
1062,1973821,752440,1221381,3441508,2939534,501974,0.3362
1063,1149095,645991,503104,2249194,2055100,194094,0.7977
1064,4375992,1112904,3263088,4135853,3325402,810451,0.7316
1065,1444914,837874,607040,3889522,3624865,264657,0.027
1066,995145,661767,333378,3005078,2549375,455703,0.3723
1067,3361027,996164,2364863,3498822,3112185,386637,0.0966
1068,1378243,744763,633480,3093348,3068938,24410,0.5098
1069,2137828,864438,1273390,4243929,3820196,423733,0.709
1070,1165008,717943,447065,3453106,3207367,245739,0.3294
1071,1800065,862537,937528,4095012,3503391,591621,0.2735
1072,4004722,992557,3012165,5668903,3480938,2187965,0.4993
1073,2053414,870050,1183364,2932692,2814018,118674,0.205
1074,1330901,784737,546164,4046286,3488461,557825,0.6376
1075,1018994,679256,339738,3233128,3069155,163973,0.3505
1076,1547129,795578,751551,3502577,3456493,46084,0.1292
1077,1391839,686209,705630,2346895,2214053,132842,0.7428
1078,1448635,695218,753417,2951092,2588858,362234,0.747
1079,1800711,781899,1018812,3280727,3027355,253372,0.5749
1080,1764971,870124,894847,4339264,3370752,968512,1.0109
1081,2238721,933033,1305688,4036996,3491722,545274,0.1803
1082,1268264,759206,509058,3269657,3410332,-140675,0.1834
1083,1752714,775242,977472,5048492,3412455,1636037,0.6502
1084,1957993,818945,1139048,3147615,2842176,305439,0.4841
1085,2488078,882485,1605593,3313131,3041323,271808,0.1751
1086,1025387,709430,315957,3551423,3354508,196915,0.1934
1087,2848880,977071,1871809,4095796,3463942,631854,0.5245
1088,1098942,710553,388389,3612107,3321416,290691,0.0588
1089,1964685,970485,994200,4102641,3829490,273151,0.2962
1090,1710039,766706,943333,3464704,3070081,394623,0.1218
1091,1690963,886913,804050,4491942,3843117,648825,0.306
1092,2017522,800519,1217003,3600363,3242751,357612,0.0485
1093,2732014,945178,1786836,3580780,3318719,262061,0.6075
1094,1617935,807799,810136,3652973,3539535,113438,0.3474
1095,3204016,967449,2236567,4138270,3459351,678919,0.5233
1096,1035412,757553,277859,3881501,3186185,695316,0.3062
1097,2312337,876111,1436226,3490849,3172883,317966,0.4243
1098,3301548,939141,2362407,4345347,3063488,1281859,1.1564
1099,1067168,730156,337012,4178644,3531982,646662,0.6176
1100,933264,727148,206116,3719091,3598625,120466,0.2489
1101,1016618,674553,342065,3200132,3068709,131423,0.2359
1102,1717599,781066,936533,4176651,3257822,918829,1.0958
1103,1403087,866376,536711,3801333,3633717,167616,0.4877
1104,1699994,807232,892762,3845775,3241915,603860,0.4972
1105,1997564,852713,1144851,3869555,3535540,334015,0.5332
1106,1174541,731055,443486,3400504,2957235,443269,0.1188
1107,1131559,666692,464867,2530980,2336188,194792,0.4588
1108,1520049,802476,717573,3811382,3427171,384211,0.082
1109,2816510,848935,1967575,3722028,3079878,642150,0.6562
1110,1368328,740036,628292,3327171,3192819,134352,0.1944
1111,1385132,768804,616328,3760008,3040952,719056,0.3169
1112,1198106,761526,436580,3137079,3199296,-62217,0.2876
1113,1280741,718527,562214,2628993,2652987,-23994,0.477
1114,2265963,874038,1391925,3613240,3501130,112110,0.389
1115,1091742,723416,368326,3191849,3072382,119467,0.0376
1116,3082512,1102854,1979658,4250138,3355235,894903,0.6593
1117,1591749,735338,856411,2839300,2696238,143062,0.1988
1118,1484924,802108,682816,4185316,3587560,597756,0.4552
1119,2418616,874998,1543618,4453790,3641055,812735,0.438
1120,3013156,938434,2074722,3667583,3304700,362883,0.2392
1121,2553912,930737,1623175,3820687,3352339,468348,0.5689
1122,1988843,956055,1032788,3651306,3491567,159739,0.2437
1123,1411650,738525,673125,3657115,2960689,696426,0.5134
1124,2771137,790862,1980275,2706269,2328002,378267,0.8222
1125,3205792,896746,2309046,3788510,2981667,806843,0.2968
1126,1359701,773330,586371,3657501,3333408,324093,0.2179
1127,2491564,806335,1685229,4004745,3078796,925949,0.8586
1128,2550367,901744,1648623,4235216,3388985,846231,0.3711
1129,4436352,1063074,3373278,4497559,3281391,1216168,0.8108
1130,1566072,783662,782410,3362216,3103747,258469,0.0997
1131,1612325,835697,776628,4185688,3501070,684618,0.5172
1132,1181322,687979,493343,2903758,2660885,242873,0.8009
1133,3724084,977226,2746858,3915287,3060132,855155,0.4233
1134,2372434,880251,1492183,4835208,3505525,1329683,0.8939
1135,1328524,724114,604410,3128551,3150036,-21485,0.1899
1136,1042513,690244,352269,4105543,3122781,982762,0.9029
1137,1595927,826404,769523,3352453,3233286,119167,0.4678
1138,2283947,826881,1457066,3601757,3017464,584293,0.721
1139,2201677,753063,1448614,2883453,2494417,389036,0.4366
1140,982569,726270,256299,3732497,3352365,380132,0.2112
1141,1983892,749731,1234161,3241924,2721759,520165,0.4043
1142,1524801,704102,820699,2631452,2496023,135429,0.3479
1143,2149826,888619,1261207,3742504,3359509,382995,0.0656
1144,2852742,917737,1935005,3468851,3122212,346639,0.2089
1145,1775857,778206,997651,3370321,2892233,478088,0.5491
1146,1813429,845822,967607,3288716,2847167,441549,0.521
1147,1472767,824030,648737,2873481,2721108,152373,0.319
1148,1692086,694565,997521,3273391,2737913,535478,0.7471
1149,2120217,950205,1170012,3382004,3308126,73878,0.1615
1150,1049572,722108,327464,4224994,3496659,728335,0.4793
1151,2551766,886792,1664974,4149199,3587322,561877,0.4227
1152,2012087,796398,1215689,3013928,2841289,172639,0.602
1153,1280586,692800,587786,3094732,2826365,268367,0.3952
1154,1129680,744195,385485,3357471,3211685,145786,0.3263
1155,1676941,789598,887343,3301585,2978649,322936,0.3866
1156,1221137,697153,523984,2977270,2789109,188161,0.1023
1157,2153105,787922,1365183,3494440,2910887,583553,0.7316
1158,2978808,866783,2112025,3574793,3277862,296931,0.6377
1159,2769718,875870,1893848,3769348,3158763,610585,0.5444
1160,2607074,862787,1744287,3866748,3246091,620657,0.3167
1161,1213021,682099,530922,2970515,2968846,1669,0.4535
1162,1797107,885500,911607,4391420,3808770,582650,0.6469
1163,2300021,800847,1499174,3271066,2840176,430890,0.1206
1164,3298050,920379,2377671,4590332,3438876,1151456,0.7235
1165,1317132,895055,422077,3837051,3412918,424133,0.3016
1166,2025686,885245,1140441,3684017,3452685,231332,0.3332
1167,1811382,776306,1035076,3538983,3371436,167547,0.3581
1168,894282,679826,214456,3398894,3072030,326864,0.2397
1169,2287142,872725,1414417,3834777,3557139,277638,0.2195
1170,2847227,916122,1931105,3166210,3069872,96338,0.352
1171,993370,642992,350378,2700323,2295046,405277,0.3024
1172,2179028,857538,1321490,3673837,3029175,644662,0.3586
1173,1153676,734398,419278,3550923,3434296,116627,0.1949
1174,1444221,798082,646139,3278581,3071055,207526,0.3446
1175,1739727,754662,985065,3350524,3006403,344121,0.6081
1176,2596017,995837,1600180,4018532,3592660,425872,0.1439
1177,1689553,780748,908805,3732486,3129810,602676,0.324
1178,3145318,942034,2203284,4093550,3179065,914485,0.2576
1179,1828624,830655,997969,3742396,3417767,324629,0.3038
1180,1181904,697896,484008,3243279,3097483,145796,0.6112
1181,2693883,867070,1826813,4360083,3372748,987335,0.6264
1182,3050068,893542,2156526,4957450,3599954,1357496,0.3051
1183,1906544,894022,1012522,3746740,3513198,233542,0.5703
1184,1591427,751608,839819,3714786,3298653,416133,0.1789
1185,1011197,686938,324259,3446440,3113762,332678,0.0483
1186,1324713,743347,581366,3319294,3189764,129530,0.4449
1187,2748191,888645,1859546,3518189,2893420,624769,0.4559
1188,1115162,869736,245426,3042513,2972648,69865,0.5945
1189,3470241,1066350,2403891,4501375,3584706,916669,0.4711
1190,1062764,732541,330223,3739897,3408721,331176,0.2842
1191,1328042,731948,596094,3584627,3107993,476634,0.4252
1192,1213346,794882,418464,3237106,3099745,137361,0.0622
1193,2260224,891983,1368241,3494240,3206451,287789,0.2903
1194,1478198,755137,723061,3098189,3117365,-19176,0.3547
1195,3743391,1127292,2616099,5294190,3665658,1628532,0.5122
1196,1863866,839762,1024104,3876610,3640390,236220,0.5409
1197,1627994,887750,740244,3760879,3546061,214818,0.3325
1198,3981310,1038038,2943272,4945170,3361910,1583260,0.3329
1199,3706577,985292,2721285,3723757,3307680,416077,0.3023
1200,1209935,749343,460592,3441205,3003583,437622,0.8409
1201,1646375,741578,904797,3132933,3093472,39461,0.111
1202,2037369,802619,1234750,3397677,3151144,246533,0.2138
1203,1249690,762640,487050,3449545,3237189,212356,0.2071
1204,1226388,738800,487588,3292740,3000947,291793,0.4892
1205,3280579,929168,2351411,5091473,3265732,1825741,0.7671
1206,1107473,681593,425880,3381779,2901202,480577,0.5372
1207,2118403,836217,1282186,3760019,3494999,265020,0.5903
1208,2963519,886370,2077149,3623530,3092566,530964,0.5418
1209,938496,689559,248937,3694835,3506155,188680,0.343
1210,1965267,786792,1178475,3611160,3018235,592925,0.2997
1211,696797,668268,28529,4003459,3341307,662152,0.0637
1212,2019957,806093,1213864,4136923,3309091,827832,0.687
1213,1127454,766794,360660,3157522,2972102,185420,0.0803
1214,3659394,1006258,2653136,4671771,3476086,1195685,0.1784
1215,1757462,771361,986101,3344518,3132535,211983,0.2552
1216,1362789,796216,566573,4125163,3791953,333210,0.2568
1217,946031,696041,249990,3887482,3225455,662027,0.8938
1218,1300421,847850,452571,3618625,3518907,99718,0.2321
1219,1343396,757113,586283,3489472,3357803,131669,0.6554
1220,1353978,751287,602691,3466188,3161000,305188,0.347
1221,1480514,770930,709584,3301488,3015258,286230,0.7255
1222,4052396,1059554,2992842,5665227,3710366,1954861,0.4769
1223,1396170,721462,674708,3049468,2789560,259908,0.3373
1224,1094688,711927,382761,4406150,3304602,1101548,0.393
1225,2135574,868058,1267516,4200579,3629584,570995,0.2946
1226,2463542,843632,1619910,3563555,3145387,418168,0.0487
1227,1459933,709296,750637,3259430,2803675,455755,0.2927
1228,1437547,796728,640819,3982817,3271005,711812,0.1856
1229,2125589,821894,1303695,3809701,3069217,740484,0.886
1230,2050560,865173,1185387,3877354,3687214,190140,0.1612
1231,1028467,657863,370604,2801726,2808003,-6277,0.2469
1232,1598471,809097,789374,3845294,3543655,301639,0.1686
1233,1191947,648402,543545,2518902,2358142,160760,0.3863
1234,2860201,882191,1978010,3949667,3083471,866196,0.2603
1235,1204341,758351,445990,3796884,3631734,165150,0.711
1236,2055833,780865,1274968,3648262,3243202,405060,0.3904
1237,2696432,1069219,1627213,3747295,3218006,529289,0.5768
1238,1065939,672198,393741,3096430,2965607,130823,0.7708
1239,2132193,864898,1267295,3540126,3158359,381767,0.328
1240,952075,645063,307012,2750506,2524427,226079,0.6666
1241,3124988,949206,2175782,3839271,3548059,291212,0.1299
1242,2070323,839795,1230528,3525111,3033184,491927,0.4799
1243,1048546,730995,317551,3326536,3283002,43534,0.4868
1244,1038762,651628,387134,2948100,2361837,586263,1.0629
1245,3639071,1035370,2603701,5268680,3518990,1749690,0.2388
1246,2652770,885581,1767189,3643191,3399044,244147,0.0721
1247,2344720,829256,1515464,4203123,3127872,1075251,0.693
1248,1588364,733461,854903,3142835,2899472,243363,0.1888
1249,1534854,708389,826465,2830395,2562893,267502,0.6186
1250,1530188,776678,753510,3898927,3231039,667888,0.0869
1251,2714622,886358,1828264,4288305,3300446,987859,0.1336
1252,1553277,775885,777392,3412706,3278848,133858,0.2032
1253,4065968,1042318,3023650,3608956,3207297,401659,0.0986
1254,980944,680261,300683,2635379,2664158,-28779,0.2701
1255,4594668,1029943,3564725,3787261,2828930,958331,1.3553
1256,1311891,787129,524762,3616401,3363203,253198,0.4319
1257,2972712,877347,2095365,3519692,3215956,303736,0.5029
1258,2402887,886683,1516204,3185776,2815573,370203,0.2431
1259,3620919,994056,2626863,3902542,3288019,614523,0.1598
1260,1794524,751916,1042608,3634226,3012724,621502,0.2858
1261,2048322,783694,1264628,3688614,3187542,501072,0.5107
1262,1008719,734229,274490,3856135,3564100,292035,0.3521
1263,3708707,988535,2720172,4206365,3212437,993928,0.8777
1264,756703,656403,100300,3547388,3062533,484855,0.195
1265,1490823,736571,754252,3518167,3342041,176126,0.2509
1266,2793046,1006011,1787035,3909920,3407220,502700,0.4837
1267,2481102,862904,1618198,4235667,3475181,760486,0.1216
1268,2265984,843070,1422914,3870467,3452681,417786,0.7547
1269,2495634,935929,1559705,3610738,3352200,258538,0.4428
1270,3538372,1035992,2502380,4218582,3597581,621001,0.5051
1271,1340693,658343,682350,2693658,2348988,344670,0.8188
1272,1759840,777887,981953,3995664,3386447,609217,0.4238
1273,1430319,742085,688234,2937889,3093048,-155159,0.7096
1274,1181710,746068,435642,2729553,2376440,353113,0.5878
1275,1040413,681148,359265,2885614,2988045,-102431,0.2801
1276,1168723,747643,421080,3385320,3361104,24216,0.0368
1277,1590430,840416,750014,3895328,3466642,428686,0.3978
1278,2308226,824515,1483711,4144280,3219378,924902,0.5128
1279,1689213,828217,860996,3649296,3383958,265338,0.1868
1280,1973383,800861,1172522,3675597,3130557,545040,0.2813
1281,3167271,910501,2256770,3823181,3302183,520998,0.1297
1282,2305416,846698,1458718,4326497,3457916,868581,0.4707
1283,1524396,765259,759137,3391227,3228603,162624,0.2822
1284,3037881,897418,2140463,3305756,3195844,109912,0.0299
1285,2254095,811036,1443059,3434275,2993503,440772,0.4208
1286,1575434,718585,856849,3083097,2709012,374085,0.6906
1287,1911428,913621,997807,3585913,3206178,379735,0.312
1288,2642672,927538,1715134,3483655,3458625,25030,0.5156
1289,1818242,830185,988057,2976019,2855973,120046,0.4238
1290,2316766,871522,1445244,4597225,3723451,873774,0.384
1291,1621506,825683,795823,3147994,2974228,173766,0.603
1292,2357809,856113,1501696,4933292,3547034,1386258,0.6104
1293,1583226,786470,796756,3866392,3287714,578678,0.1744
1294,1235476,774579,460897,3391251,3365094,26157,0.4394
1295,2018898,821059,1197839,4127076,3361244,765832,0.2185
1296,1212208,790677,421531,3219424,3088576,130848,0.1091
1297,1800071,727180,1072891,3918809,2965630,953179,0.9748
1298,1418672,782039,636633,3458302,3186912,271390,0.2929
1299,1964616,766426,1198190,2926408,2753215,173193,0.3823
1300,2306237,900184,1406053,3682393,3263963,418430,0.1972
1301,1514251,756929,757322,3462904,3190083,272821,0.0984
1302,1423457,806785,616672,3275404,3188623,86781,0.3364
1303,2039101,804053,1235048,3273256,3324660,-51404,0.0981
1304,2532705,848299,1684406,4163774,3191827,971947,0.6907
1305,3282093,997810,2284283,4646895,3621448,1025447,0.1703
1306,979298,689346,289952,3293342,3135933,157409,0.273
1307,1521951,732827,789124,3370787,2747088,623699,0.1216
1308,2008075,779638,1228437,3354984,2831680,523304,0.5739
1309,1071987,751981,320006,4015659,3520246,495413,0.6942
1310,1688969,776703,912266,3222088,2925170,296918,0.0637
1311,2522176,852757,1669419,3853022,3296076,556946,0.8219
1312,2279622,791641,1487981,2844031,2761955,82076,0.3845
1313,1174705,731819,442886,3455909,3067638,388271,0.3089
1314,1506452,815371,691081,3574974,3204963,370011,0.2247
1315,1137495,703107,434388,3381655,3309774,71881,0.5468
1316,2466511,902801,1563710,4383925,3439894,944031,0.7193
1317,2480345,858839,1621506,3921017,3147428,773589,0.6446
1318,1185962,705754,480208,3224594,2973515,251079,0.4788
1319,1394847,732532,662315,3162916,3158186,4730,0.2722
1320,2492830,836388,1656442,3475175,3266203,208972,0.5417
1321,1635873,735301,900572,3083922,3007156,76766,0.6374
1322,1261687,685469,576218,3007599,2708622,298977,0.3261
1323,3148782,1052583,2096199,3720138,3138323,581815,0.3082
1324,1653601,774614,878987,3944202,3018958,925244,0.2762
1325,1114555,652757,461798,2345544,2109147,236397,0.5348
1326,1321536,757422,564114,3359419,3286512,72907,0.063
1327,1884398,798087,1086311,3752489,3224575,527914,0.2282
1328,2118729,793885,1324844,3268525,3120203,148322,0.4034
1329,1946518,829099,1117419,3812872,3403035,409837,0.5984
1330,2141039,822029,1319010,3495648,3042786,452862,0.5137
1331,1033057,660403,372654,2740326,2491605,248721,0.728
1332,2537358,924730,1612628,3281106,2948865,332241,0.7412
1333,1799357,805623,993734,3992239,3327527,664712,0.2065
1334,1688522,839934,848588,3656632,3545708,110924,0.1958
1335,1475441,751931,723510,3370470,3113171,257299,0.3834
1336,1649386,841936,807450,4141677,3705601,436076,0.1618
1337,1583889,859720,724169,2858808,2720454,138354,0.5439
1338,1579335,768863,810472,4088343,3340502,747841,0.3191
1339,1311246,712054,599192,3529281,3137775,391506,0.4737
1340,2263722,844795,1418927,3488973,3272506,216467,0.1996
1341,2027581,742174,1285407,3370614,2475897,894717,1.3761
1342,1515988,853252,662736,4134012,3553882,580130,0.3458
1343,2659302,854600,1804702,3332214,2965465,366749,0.1192
1344,1559156,781667,777489,2887906,2697859,190047,0.3454
1345,2721480,870941,1850539,3493595,3048025,445570,0.7474
1346,1582310,740581,841729,3040559,2985235,55324,0.1068
1347,1358127,736953,621174,2915382,2949442,-34060,0.3665
1348,1101178,695025,406153,2956716,3007953,-51237,0.1675
1349,1261887,739934,521953,3492662,3283009,209653,0.5977
1350,2621364,865705,1755659,4409947,3283387,1126560,0.2279
1351,1749080,748714,1000366,3419429,3146567,272862,0.3142
1352,2488706,827031,1661675,3101613,2885809,215804,0.3773
1353,1586496,743410,843086,3228258,3140970,87288,0.0461
1354,1162069,684925,477144,3487830,3045083,442747,0.5574
1355,2370180,995377,1374803,4095076,3532824,562252,0.4537
1356,3173629,903544,2270085,3789121,3115898,673223,0.1671
1357,2352028,881382,1470646,4255606,3619955,635651,0.187
1358,2837582,866298,1971284,4691572,3287691,1403881,1.0324
1359,684742,678123,6619,4948107,3049221,1898886,0.4511
1360,1822964,839404,983560,3554718,3446885,107833,0.1432
1361,1236826,734917,501909,3465007,3279422,185585,0.0918
1362,1059357,755743,303614,3456429,3390812,65617,0.1378
1363,996668,695329,301339,3470426,2986439,483987,0.727
1364,3750920,1014535,2736385,3733787,3257772,476015,0.5001
1365,1866288,790580,1075708,3353058,3150215,202843,0.1644
1366,1497287,755586,741701,3234557,3134435,100122,0.169
1367,2834725,856753,1977972,4517898,3415747,1102151,0.5402
1368,1432340,771815,660525,3323658,3058690,264968,0.4141
1369,1313604,813734,499870,4033284,3331167,702117,0.5149
1370,1802777,850214,952563,4311013,3904957,406056,0.1386
1371,2609092,852354,1756738,3633880,2681476,952404,1.0902
1372,4317813,1058653,3259160,3883252,3456812,426440,0.3396
1373,1658973,782666,876307,3832269,3760273,71996,0.2392
1374,1894448,784492,1109956,3843802,3293108,550694,0.253
1375,2568638,885846,1682792,3674231,3130390,543841,0.4364
1376,1304816,697724,607092,2585601,2378806,206795,0.6922
1377,1966109,858755,1107354,4446277,3329435,1116842,0.2588
1378,1247239,761221,486018,2797677,2661365,136312,0.111
1379,1351035,769379,581656,3637466,3278069,359397,0.1517
1380,2662933,967151,1695782,4284147,3549052,735095,0.0936
1381,3073313,942953,2130360,4360111,3303725,1056386,0.6567
1382,1732692,785931,946761,3978284,3417843,560441,0.4464
1383,980979,692972,288007,2934804,2972877,-38073,0.5899
1384,1875565,1024253,851312,3616988,3288751,328237,0.5971
1385,1165027,716412,448615,3176185,3315765,-139580,0.3333
1386,2660507,786956,1873551,3966375,2633376,1332999,1.6426
1387,1932241,777594,1154647,3931965,3442253,489712,0.3992
1388,911979,664984,246995,3957158,3359997,597161,0.3189
1389,1919100,745338,1173762,3659137,2778871,880266,0.7457
1390,1949166,794085,1155081,3488582,3159577,329005,0.3612
1391,1815851,858340,957511,4134156,3343154,791002,0.1342
1392,1225676,667324,558352,2520077,2458049,62028,0.8065
1393,2424497,988450,1436047,4700008,3545636,1154372,0.3258
1394,1463139,924003,539136,4200271,3713202,487069,0.1022
1395,2358709,846575,1512134,4064246,3395846,668400,0.4338
1396,2838286,850699,1987587,3328877,2603039,725838,0.8322
1397,1638769,747663,891106,3532046,3206054,325992,0.2629
1398,1614581,792602,821979,3949235,3394659,554576,0.4401
1399,1195636,759879,435757,3819074,3581929,237145,0.3346
1400,938985,675281,263704,3547019,3109116,437903,0.4307
1401,702012,671760,30252,4569035,3242227,1326808,0.1212
1402,1837534,845962,991572,3751242,3472395,278847,0.1312
1403,2607660,850728,1756932,4637680,3295483,1342197,0.8754
1404,1169841,747508,422333,3653573,3286136,367437,0.2966
1405,3800965,1038758,2762207,4720323,3592585,1127738,0.4962
1406,1645345,752089,893256,3487048,3126993,360055,0.5225
1407,2178325,767070,1411255,3435394,2898988,536406,0.5867
1408,1860417,792094,1068323,3701809,3266560,435249,0.485
1409,1706265,777984,928281,3465632,3331140,134492,0.4758
1410,1312382,777967,534415,3735382,3427404,307978,0.4787
1411,1581952,717637,864315,3475289,2662859,812430,0.511
1412,1535047,762138,772909,3845591,3367621,477970,0.4526
1413,1896012,874356,1021656,3563299,3567755,-4456,0.2933
1414,1687958,861677,826281,4096325,3677292,419033,0.353
1415,1675228,782721,892507,3966403,3461807,504596,0.389
1416,2664047,971563,1692484,3773310,3179638,593672,0.5383
1417,1245613,694331,551282,3298992,2862099,436893,0.7228
1418,1366281,807509,558772,4258564,3742036,516528,0.3682
1419,2047753,869514,1178239,3697606,3457237,240369,0.3403
1420,1016860,665192,351668,2945872,2683914,261958,0.0838
1421,1826382,806878,1019504,3687101,3087609,599492,0.841
1422,2208093,890718,1317375,4033731,3570838,462893,0.2557
1423,1634682,776935,857747,3149381,2995620,153761,0.4544
1424,1598414,731541,866873,3752355,3097082,655273,0.6286
1425,1666667,764635,902032,3538107,3299936,238171,0.5156
1426,1768698,816885,951813,3535440,3071660,463780,0.3002
1427,1015697,724291,291406,3256016,3089932,166084,0.3479
1428,676849,614733,62116,3641339,2773152,868187,0.1125
1429,987821,687456,300365,3066526,2877997,188529,0.6905
1430,1568798,689512,879286,2649447,2426348,223099,0.7265
1431,2892859,925017,1967842,3942839,3398359,544480,0.1729
1432,2032519,743257,1289262,3288648,2430288,858360,1.1011
1433,1604695,774465,830230,4017388,3213612,803776,0.625
1434,2398345,838041,1560304,3930261,3512276,417985,0.4917
1435,3116868,893702,2223166,3577467,3045273,532194,0.5306
1436,956337,749201,207136,3681147,3247928,433219,0.351
1437,1603427,702752,900675,2945982,2672616,273366,0.78
1438,1908858,855963,1052895,3413597,3355845,57752,0.1165
1439,2147148,897751,1249397,4015112,3559396,455716,0.2883
1440,2104014,801249,1302765,3681900,2984014,697886,0.7326
1441,1343242,776089,567153,3241763,3107098,134665,0.5753
1442,1780722,800193,980529,4172823,3467369,705454,0.1293
1443,4987601,1203819,3783782,4594553,3454578,1139975,0.3786
1444,2317542,817556,1499986,3954557,3178306,776251,0.6131
1445,2194891,942677,1252214,4141732,3399260,742472,0.3094
1446,1021291,719246,302045,3102836,3327396,-224560,0.3639
1447,2467953,843294,1624659,3425744,3031592,394152,0.1386
1448,816219,654679,161540,3186529,2904717,281812,0.7645
1449,1026672,738910,287762,3592188,3222265,369923,0.2877
1450,1847469,897844,949625,4808957,3497591,1311366,0.223
1451,2349787,893037,1456750,4376617,3594498,782119,0.659
1452,2383982,853462,1530520,3207126,2798771,408355,0.4475
1453,1436180,779756,656424,3668155,3419371,248784,0.4419
1454,1799137,730698,1068439,2854973,2575529,279444,0.5534
1455,1231765,765106,466659,3713586,3664802,48784,0.5448
1456,2020787,949706,1071081,4268613,4035877,232736,0.2699
1457,1510995,741360,769635,3523358,3269237,254121,0.1916
1458,2252057,854615,1397442,4391012,3501637,889375,0.5151
1459,1426480,792437,634043,2302772,2069791,232981,0.4099
1460,1178662,670209,508453,2535997,2492959,43038,0.5953
1461,2109513,767070,1342443,3457132,2737909,719223,0.6928
1462,1021731,670729,351002,3009250,2563027,446223,0.5977
1463,1563462,760960,802502,3483639,3353962,129677,0.262
1464,1193607,741080,452527,3534129,3352547,181582,0.2388
1465,1487832,769255,718577,4330174,3326871,1003303,0.2658
1466,4098157,1125356,2972801,5261864,3523785,1738079,1.0978
1467,1914795,756424,1158371,3141064,2725387,415677,0.2769
1468,4517395,1082775,3434620,3599386,3111025,488361,0.0982
1469,2185037,809723,1375314,3805350,3210453,594897,0.5039
1470,1275331,718961,556370,3368531,3032149,336382,0.2401
1471,2640300,892689,1747611,4083811,3474178,609633,0.2869
1472,2791959,950098,1841861,4557731,3623629,934102,0.7625
1473,3326481,901565,2424916,4068844,3074287,994557,1.1553
1474,1381351,728129,653222,3736113,3252186,483927,0.4782
1475,2036555,831127,1205428,3348544,3197127,151417,0.2421
1476,1112020,696337,415683,2812797,2923184,-110387,0.3979
1477,1511568,737080,774488,3418778,3134464,284314,0.2141
1478,2582802,839634,1743168,3346971,2971909,375062,0.6405
1479,1970322,793809,1176513,2960330,2765384,194946,0.5683
1480,1588155,715959,872196,3472545,2860768,611777,0.3435
1481,1529491,726465,803026,3509941,3172879,337062,0.4165
1482,2131007,989480,1141527,3317722,2960474,357248,0.6825
1483,891410,668617,222793,3486302,3006090,480212,0.5959
1484,1779582,775267,1004315,3771711,3418437,353274,0.239
1485,1200984,680874,520110,2491375,2578628,-87253,0.2338
1486,2145075,811330,1333745,4013226,3159493,853733,0.7183
1487,1620748,746877,873871,3568811,3088395,480416,0.4723
1488,1114053,703684,410369,3110834,3014250,96584,0.5097
1489,1624363,750475,873888,3338066,2957465,380601,0.1687
1490,1589491,755244,834247,3883908,3098853,785055,0.5508
1491,4475869,1148266,3327603,4748002,3442760,1305242,0.5146
1492,1241655,800116,441539,3686467,3520250,166217,0.3896
1493,1953670,849005,1104665,3710734,3334951,375783,0.2686
1494,1560217,761516,798701,3965478,3292426,673052,0.6732
1495,1077429,763878,313551,3878448,3576936,301512,0.2059
1496,2038660,874821,1163839,3428450,3252429,176021,0.2207
1497,1688611,720762,967849,3295830,2876079,419751,1.0153
1498,2300555,840830,1459725,3946870,3126357,820513,1.1103
1499,1379505,741666,637839,3400381,3185581,214800,0.5597
1500,1335598,728987,606611,3248207,3139090,109117,0.4395
1501,1136698,737658,399040,3601307,3467165,134142,0.2092
1502,1170664,712840,457824,3181945,3057811,124134,0.0458
1503,1740982,817249,923733,3490770,3354893,135877,0.5901
1504,1182892,746997,435895,3121742,2934483,187259,0.3711
1505,2147976,834460,1313516,2871971,2677058,194913,0.231
1506,2464782,892702,1572080,4071058,3634601,436457,0.5612
1507,1018219,681062,337157,3679909,3418922,260987,0.1541
1508,1334437,740680,593757,4604969,3395618,1209351,0.8976
1509,1079864,666703,413161,3243715,2795923,447792,0.4903
1510,1763294,712784,1050510,2486102,2374954,111148,0.3566
1511,2542449,862115,1680334,4692702,3420939,1271763,0.7989
1512,1525600,768225,757375,2886691,2635376,251315,0.6315
1513,1708813,825220,883593,3443705,3332338,111367,0.0908
1514,2602261,861882,1740379,3309846,3225304,84542,0.4848
1515,1633225,728638,904587,2817482,2771392,46090,0.1338
1516,1901710,782235,1119475,3412490,2794178,618312,0.6406
1517,2277371,974721,1302650,4086428,3693704,392724,0.4389
1518,2700908,913189,1787719,3848426,3333048,515378,0.3315
1519,4034927,1087358,2947569,4713763,3634634,1079129,0.2672
1520,3408977,978661,2430316,3483195,3121089,362106,0.4659
1521,3594384,1040418,2553966,4854119,3522062,1332057,0.5873
1522,3048066,962257,2085809,4195962,3465265,730697,0.156
1523,2260410,888810,1371600,4749535,3795658,953877,1.1791
1524,1280795,722000,558795,2969664,3026839,-57175,0.7774
1525,2003144,834730,1168414,4088851,3362952,725899,0.3668
1526,2794000,843840,1950160,3304012,2859857,444155,0.4668
1527,1560708,770250,790458,3233451,2972782,260669,0.8444
1528,1435669,735429,700240,2760102,2780666,-20564,0.7735
1529,1260860,723476,537384,3117106,3071127,45979,0.215
1530,1765677,773393,992284,3267813,3314794,-46981,0.0297
1531,1594831,745513,849318,3444631,3057883,386748,0.4714
1532,1626548,823898,802650,4293429,3636855,656574,0.3944
1533,1888165,790027,1098138,3416660,3055176,361484,0.1155
1534,2605499,1002430,1603069,3810442,3646391,164051,0.7401
1535,1072783,694596,378187,2628146,2546155,81991,0.4002
1536,1716954,759315,957639,3708157,3225350,482807,0.3609
1537,3241728,933617,2308111,3973623,3243854,729769,0.1648
1538,3777106,1012583,2764523,5469017,3596229,1872788,0.2048
1539,1584469,935031,649438,4485457,3952367,533090,0.3358
1540,1529178,763600,765578,3186320,3085926,100394,0.0756
1541,1944556,747797,1196759,2905297,2617032,288265,0.5116
1542,1210166,733696,476470,2809749,2651280,158469,0.1499
1543,3155623,991231,2164392,4243957,3294453,949504,0.7194
1544,3073824,1040666,2033158,4424041,3523653,900388,0.3273
1545,3159195,963622,2195573,4359876,3177415,1182461,0.4992
1546,1245611,696956,548655,2818218,2629024,189194,0.2914
1547,2427375,862052,1565323,3858025,3105390,752635,0.3655
1548,1170139,797944,372195,3436107,2830249,605858,1.0379
1549,1205435,709384,496051,3168372,3021573,146799,0.2597
1550,1353332,721662,631670,3259351,3033735,225616,0.4248
1551,1199888,710312,489576,3197760,3249115,-51355,0.6256
1552,1403229,760011,643218,3969262,3503244,466018,0.2487
1553,2363458,910219,1453239,4984888,3566947,1417941,0.5952
1554,2574735,912688,1662047,4538771,3399218,1139553,0.8309
1555,2624156,847864,1776292,3416338,2965001,451337,0.3166
1556,1838945,756290,1082655,3038995,2702326,336669,0.2097
1557,3505542,1013699,2491843,3848141,3297718,550423,0.2629
1558,3140645,959584,2181061,5018023,3799455,1218568,0.3037
1559,1875744,772937,1102807,3589812,3046632,543180,0.4527
1560,1166577,757287,409290,3423849,3461949,-38100,0.0522
1561,1868553,778936,1089617,2898550,2864537,34013,0.5132
1562,1197310,724374,472936,3224726,2829367,395359,0.4906
1563,4343348,1095945,3247403,4083982,3242449,841533,0.8028
1564,1932271,817062,1115209,4005783,3511681,494102,0.3624
1565,1262364,872029,390335,3575654,3558769,16885,0.3046
1566,1543646,750894,792752,3223944,3147466,76478,0.0868
1567,2325947,844291,1481656,3354375,3018106,336269,0.3567
1568,1245932,684555,561377,3214341,2652018,562323,0.8083
1569,2969399,969574,1999825,3680970,3352494,328476,0.6078
1570,1115221,730659,384562,3655542,3741328,-85786,0.1547
1571,2246631,824556,1422075,3522885,3292953,229932,0.266
1572,2873890,890637,1983253,3643865,3182060,461805,0.1478
1573,3010499,908764,2101735,3405203,2981492,423711,0.3476
1574,1824551,912507,912044,3900321,3809943,90378,0.3472
1575,1263626,691401,572225,3252833,2672997,579836,0.4492
1576,2286909,870789,1416120,3715653,3309896,405757,0.5714
1577,737244,715379,21865,4065437,3391232,674205,0.1353
1578,972363,651127,321236,2638438,2599369,39069,0.4219
1579,1877306,816177,1061129,3538935,3367053,171882,0.5885
1580,1707776,781695,926081,4097728,3782168,315560,0.3055
1581,1011161,800598,210563,3482419,2957606,524813,0.5164
1582,1859835,781547,1078288,3058630,3045366,13264,0.234
1583,1904438,819935,1084503,3576631,3431835,144796,0.1534
1584,1667143,787996,879147,4004699,3382209,622490,0.7863
1585,2167844,855304,1312540,4555191,3662431,892760,0.5317
1586,2327056,843946,1483110,3971331,3238185,733146,0.2208
1587,2022287,776216,1246071,2911562,2586869,324693,0.7862
1588,1861522,923370,938152,3080074,2804909,275165,0.4062
1589,1118580,738735,379845,4019963,3557429,462534,0.5937
1590,1732138,804315,927823,3685386,3327824,357562,0.2871
1591,1240702,707707,532995,3674976,3161708,513268,0.2092
1592,2124167,796004,1328163,3571598,3165085,406513,0.3526
1593,1704669,755693,948976,3579867,3102905,476962,0.4664
1594,3480324,934174,2546150,4354165,3074319,1279846,1.0561
1595,3984952,1065422,2919530,4163912,3477402,686510,0.0695
1596,1005694,728587,277107,3626317,3258156,368161,0.6685
1597,2146968,829100,1317868,3691208,2899358,791850,0.3407
1598,2710389,959277,1751112,4057411,3316782,740629,0.5321
1599,2905636,908430,1997206,3834667,3353251,481416,0.2462
1600,2705261,872887,1832374,4024581,3213778,810803,0.7316
1601,1796005,845558,950447,3774940,3234481,540459,0.7801
1602,1172615,780054,392561,3406075,3396983,9092,0.1225
1603,2874799,963233,1911566,4450118,3424266,1025852,0.2667
1604,1156800,736422,420378,3360037,3105360,254677,0.2928
1605,1942528,814518,1128010,3838979,3223742,615237,0.1246
1606,1950703,813474,1137229,3521911,3285917,235994,0.2458
1607,1180248,704773,475475,3221109,3095489,125620,0.0855
1608,1490199,745175,745024,3497977,3251561,246416,0.3895
1609,1413107,669046,744061,2706188,2679163,27025,0.1718
1610,4989829,1112956,3876873,4855977,3417222,1438755,0.2843
1611,1109127,693235,415892,3348591,3160758,187833,0.1599
1612,1705633,750648,954985,3534218,3122105,412113,0.4262
1613,1743099,766346,976753,3490918,3259571,231347,0.0728
1614,1578132,731381,846751,3369799,2986567,383232,0.3978
1615,1444052,700964,743088,3334579,2432362,902217,0.9827
1616,1843882,771728,1072154,2949380,2974298,-24918,0.0761
1617,2815246,875812,1939434,3340148,3043057,297091,0.5731
1618,2377328,849392,1527936,3591416,3203095,388321,0.3215
1619,1054807,737468,317339,3712123,3438149,273974,0.0826
1620,1612252,772237,840015,3467722,3185368,282354,0.2804
1621,1144734,759564,385170,3266033,3202513,63520,0.3411
1622,3552401,1120257,2432144,4198451,3456120,742331,0.3446
1623,1319128,806560,512568,3158764,3041901,116863,0.557
1624,2070882,1064718,1006164,3068841,2853777,215064,0.5162
1625,3339878,918555,2421323,4390832,3336247,1054585,0.8845
1626,1796394,839099,957295,3450540,2827374,623166,0.4848
1627,1498412,742194,756218,3398977,3079678,319299,0.3146
1628,2071972,818910,1253062,3620034,3168769,451265,0.3047
1629,2812061,889276,1922785,3713996,3243410,470586,0.5352
1630,918750,618697,300053,2600229,2134522,465707,0.7997
1631,2081982,826971,1255011,3679077,3382941,296136,0.0622
1632,822084,694780,127304,3560870,3072101,488769,0.0884
1633,3002341,991050,2011291,3833669,3293111,540558,0.2425
1634,3532084,947849,2584235,4360573,3188328,1172245,0.2642
1635,2141536,806605,1334931,3301950,2883277,418673,0.1912
1636,2052167,748764,1303403,3377095,2888145,488950,0.5083
1637,1848904,780771,1068133,3433336,3116166,317170,0.3756
1638,2288953,844894,1444059,3442779,3005126,437653,0.3096
1639,2034899,825571,1209328,3610081,3327645,282436,0.3011
1640,1301795,753986,547809,3015007,2949096,65911,0.7333
1641,1127041,805953,321088,3067018,3193835,-126817,0.2675
1642,1326368,848494,477874,3605655,3415720,189935,0.4964
1643,3211373,952188,2259185,5005048,3738124,1266924,0.4242
1644,1186275,763261,423014,3554222,3293673,260549,0.2113
1645,2200956,779005,1421951,3796670,3089742,706928,1.1051
1646,1245225,940835,304390,4164171,3988125,176046,0.1855
1647,1479975,738180,741795,3406120,3204916,201204,0.144
1648,2430382,849502,1580880,3898491,3206312,692179,0.6476
1649,1096388,710611,385777,3129985,2996292,133693,0.2069
1650,1139042,669632,469410,2871509,2854441,17068,0.1921
1651,2268061,822897,1445164,3277037,2968710,308327,0.2777
1652,1696936,806589,890347,3536226,3334045,202181,0.44
1653,1954216,840999,1113217,3277429,3464068,-186639,0.2404
1654,2161614,777433,1384181,3197400,2604695,592705,0.3351
1655,1310936,721302,589634,3355163,3097940,257223,0.1587
1656,1640164,796824,843340,4008082,3330677,677405,0.1976
1657,1540103,743958,796145,3584960,2870977,713983,1.4111
1658,1898729,936165,962564,4145718,3737890,407828,0.2613
1659,1609046,730313,878733,3971308,2982499,988809,0.7519
1660,2097889,730457,1367432,2817261,2420384,396877,1.1131
1661,1051879,688307,363572,3037656,2920396,117260,0.4075
1662,1652415,771285,881130,3264182,3159098,105084,0.2635
1663,1988223,735836,1252387,3310394,2874859,435535,0.3924
1664,1268523,708102,560421,2581227,2487843,93384,0.4438
1665,3941057,1050275,2890782,4817900,3531510,1286390,0.6688
1666,2110685,1004542,1106143,3645721,3328417,317304,0.197
1667,2680776,868653,1812123,3953263,3175177,778086,0.2913
1668,1801226,838519,962707,3823455,3592621,230834,0.3881
1669,1487288,770462,716826,3060576,3362451,-301875,0.2407
1670,1954747,800080,1154667,3428079,3136447,291632,0.3625
1671,3633879,1055298,2578581,4456118,3532422,923696,0.5127
1672,2189664,894033,1295631,5059491,3535256,1524235,0.4608
1673,1190014,716931,473083,2870670,3002214,-131544,0.2459
1674,699516,627554,71962,3150989,2695930,455059,0.3817
1675,1872041,815786,1056255,3425245,3159505,265740,0.35
1676,2878567,951679,1926888,3752378,3155797,596581,0.4634
1677,1223913,765931,457982,3247040,3066135,180905,0.1345
1678,2166554,764222,1402332,3212985,2869143,343842,0.458
1679,701263,646945,54318,3399199,3006843,392356,0.3029
1680,1591275,838583,752692,3371222,3264373,106849,0.1445
1681,1185733,775347,410386,3810571,3407264,403307,0.35
1682,985417,704707,280710,3188742,3188256,486,0.2316
1683,1245477,729374,516103,3449507,3185082,264425,0.2017
1684,1353969,750481,603488,3780069,3297503,482566,0.6842
1685,2001517,852428,1149089,3830283,3351849,478434,0.3233
1686,1434741,767194,667547,3433387,3219348,214039,0.8817
1687,1577968,767250,810718,3663230,3373802,289428,0.2273
1688,1720375,782054,938321,4730545,3465247,1265298,1.0912
1689,1504877,686779,818098,3592700,2930735,661965,0.5901
1690,1474810,842717,632093,2937366,2839372,97994,0.273
1691,1100967,742159,358808,3695157,3619860,75297,0.199
1692,3736232,1003772,2732460,4767353,3634946,1132407,0.1249
1693,1380216,727803,652413,3236251,3154828,81423,0.1739
1694,1709044,780040,929004,3566294,3256014,310280,0.1711
1695,1785293,765979,1019314,3557834,3093882,463952,0.2891
1696,1571074,846137,724937,3999996,3312931,687065,0.0069
1697,1916419,792938,1123481,4806134,3228150,1577984,1.3507
1698,2929951,935759,1994192,3954116,3371964,582152,0.252
1699,1370484,784318,586166,4085824,3631720,454104,0.1786
1700,2384468,871475,1512993,3271069,2874848,396221,0.2886
1701,5595759,1178141,4417618,4545237,3417010,1128227,0.0818
1702,1943331,816807,1126524,3285663,3105260,180403,0.474
1703,2347570,852374,1495196,4071126,3231111,840015,0.5224
1704,3455869,1014071,2441798,3884125,3300913,583212,0.1633
1705,2022804,897134,1125670,3838943,3637445,201498,0.4061
1706,1803525,764244,1039281,3506298,2831061,675237,0.5633
1707,2279317,915123,1364194,3467767,3282474,185293,0.4418
1708,1446332,791902,654430,3701814,3329906,371908,0.474
1709,1159155,836248,322907,3485642,3425876,59766,0.237
1710,3103586,884532,2219054,3857925,3033878,824047,0.5364
1711,1705904,768262,937642,3961071,3314729,646342,0.1868
1712,1047282,705489,341793,3831527,3265637,565890,0.0244
1713,2484492,864396,1620096,3807698,2995095,812603,0.4304
1714,1259610,732643,526967,3131556,3185024,-53468,0.2597
1715,2162115,854080,1308035,3869247,3120450,748797,0.5691
1716,1318435,740011,578424,3650607,3377560,273047,0.3183
1717,2148241,871330,1276911,3685326,3631730,53596,0.2859
1718,2129223,779891,1349332,2759645,2654912,104733,0.3689
1719,1674269,791288,882981,3764233,3454758,309475,0.5367
1720,5193777,1159666,4034111,4331393,3186103,1145290,0.7783
1721,1014583,831981,182602,3610616,3173277,437339,0.4186
1722,2186884,815102,1371782,3920692,3514581,406111,0.0824
1723,2164734,776576,1388158,3816951,2826094,990857,0.2309
1724,1255489,686123,569366,3050308,2650544,399764,0.4162
1725,1934226,788095,1146131,3239606,2937471,302135,0.6978
1726,1917031,848540,1068491,4218662,3773821,444841,0.8005
1727,2330561,846999,1483562,3796991,3180471,616520,0.2398
1728,2745319,879270,1866049,4030323,3337077,693246,0.2519
1729,1344595,743699,600896,3930247,3328486,601761,0.3865
1730,3384030,1016445,2367585,4430604,3283408,1147196,0.4449
1731,1228967,790063,438904,3084870,3180345,-95475,0.3837
1732,3793407,962625,2830782,3837009,2846287,990722,0.4233
1733,3143169,928339,2214830,3968034,3337743,630291,0.363
1734,1400079,768491,631588,3502800,3175410,327390,0.418
1735,1325631,714365,611266,3995483,3178967,816516,0.5289
1736,1413165,774123,639042,3890790,3449197,441593,0.1525
1737,1270349,725998,544351,3790131,3259472,530659,0.344
1738,3265138,937742,2327396,3797616,3614447,183169,0.4513
1739,752089,707205,44884,3951879,3422601,529278,0.129
1740,2552321,861230,1691091,3835208,3237295,597913,0.4582
1741,1576948,791676,785272,3810541,3624990,185551,0.5534
1742,3317941,1015168,2302773,4059509,3463672,595837,0.3678
1743,3756907,978729,2778178,4741557,3347831,1393726,1.0646
1744,973719,683097,290622,3150766,3110016,40750,0.1367
1745,1642125,763414,878711,3986497,3394143,592354,0.8333
1746,1056335,777775,278560,3584029,3450733,133296,0.0441
1747,3429616,1024309,2405307,4270942,3658630,612312,0.1597
1748,1545797,719594,826203,3001366,2920236,81130,0.5489
1749,1616512,801346,815166,3307228,3063198,244030,0.5375
1750,2286575,878311,1408264,3762186,3553024,209162,0.2177
1751,3826838,994720,2832118,4183981,3370209,813772,0.2253
1752,2248518,859083,1389435,3689845,3569888,119957,0.4966
1753,3799853,966181,2833672,3761358,3205931,555427,0.1964
1754,2109775,865638,1244137,3270940,2537713,733227,0.7891
1755,3270407,989992,2280415,4028100,3631983,396117,0.1175
1756,970731,775102,195629,4869562,3131870,1737692,0.7485
1757,1549933,855193,694740,3596061,3408410,187651,0.4677
1758,4890908,1065363,3825545,3041009,2826736,214273,0.0429
1759,1030293,699436,330857,3046884,2763128,283756,0.4581
1760,1398909,813993,584916,3230857,2943805,287052,0.4139
1761,1332311,768743,563568,3413470,3095089,318381,0.5886
1762,3068795,919942,2148853,3607703,3293597,314106,0.5288
1763,1210605,719607,490998,3209999,3104532,105467,0.2248
1764,2324969,844400,1480569,3787349,3247402,539947,0.2456
1765,1228270,782776,445494,2945164,2710608,234556,0.4752
1766,1478540,744848,733692,3764067,3157404,606663,0.7359
1767,2149434,836139,1313295,3529497,3227219,302278,0.4258
1768,1435272,767894,667378,3528782,3062429,466353,0.6659
1769,2189212,796082,1393130,4318758,3415568,903190,0.4544
1770,1047852,742867,304985,3802497,3561528,240969,0.0603
1771,2387988,868547,1519441,3981943,3700149,281794,0.2252
1772,2891587,887294,2004293,3466538,3245614,220924,0.001
1773,1991293,884293,1107000,3706266,3259177,447089,0.5273
1774,2287648,871835,1415813,4713189,3869003,844186,0.4409
1775,1737210,731404,1005806,2607966,2373106,234860,0.3728
1776,2506228,896606,1609622,4235267,3329575,905692,0.7051
1777,776866,690217,86649,4015092,3273728,741364,0.3583
1778,2017944,811418,1206526,3563771,3230037,333734,0.1417
1779,2699876,914405,1785471,4046921,3459215,587706,0.1572
1780,3557234,974071,2583163,4310957,3213492,1097465,0.2305
1781,1212904,847515,365389,3847044,3491184,355860,0.4128
1782,2011412,835328,1176084,3803822,3275708,528114,0.2041
1783,2907663,820188,2087475,3486686,2596648,890038,0.8883
1784,1551379,689062,862317,2800922,2623361,177561,0.5908
1785,2516841,938259,1578582,3482889,3229396,253493,0.2768
1786,2435507,919120,1516387,3960949,3647763,313186,0.2741
1787,2318525,816624,1501901,3215110,2908608,306502,0.9257
1788,1829973,809023,1020950,4030346,3444695,585651,0.2503
1789,2931546,834627,2096919,2849659,2474036,375623,0.5885
1790,2847739,919740,1927999,4774422,3490887,1283535,0.2088
1791,1295039,724939,570100,3469358,3032649,436709,0.462
1792,2349825,879628,1470197,4045578,3397886,647692,0.2823
1793,2021064,831663,1189401,4113661,3580847,532814,0.3414
1794,3118035,1083080,2034955,4486660,3740193,746467,0.3299
1795,2187868,895924,1291944,3613693,3153063,460630,0.2314
1796,1937788,883281,1054507,3229717,2975205,254512,0.3232
1797,2580195,839955,1740240,3839251,3073411,765840,0.8572
1798,2996601,955418,2041183,4037798,3528066,509732,0.3546
1799,2270864,823408,1447456,4044870,3276539,768331,0.4662
1800,1479680,793861,685819,3935224,3367366,567858,0.3499
1801,3060233,1019364,2040869,4476703,3322846,1153857,0.5621
1802,2376502,968353,1408149,4022166,3644478,377688,0.6404
1803,2701802,992908,1708894,4011951,3152176,859775,0.6078
1804,2683252,831806,1851446,3645534,3018937,626597,0.2469
1805,3219245,918619,2300626,3908871,3154667,754204,0.6509
1806,2153140,846513,1306627,3567559,3124462,443097,0.5203
1807,2487214,786015,1701199,2958613,2410136,548477,0.631
1808,1072434,747524,324910,3560662,3139131,421531,0.6747
1809,2253166,1038693,1214473,4192919,4051286,141633,0.4991
1810,2014578,794728,1219850,3379918,2939392,440526,0.4877
1811,2030860,795500,1235360,4442343,3548846,893497,0.3854
1812,1966198,807998,1158200,3370729,3256376,114353,0.4926
1813,2098834,786291,1312543,3591740,3187402,404338,0.6185
1814,1440905,688628,752277,2801134,2391705,409429,0.4531
1815,1011642,776719,234923,3215438,2923865,291573,0.3915
1816,2301863,820638,1481225,2789654,2702092,87562,0.087
1817,3468114,1042661,2425453,4287071,3416888,870183,0.4998
1818,2475378,856983,1618395,3754063,3312657,441406,0.5339
1819,1417161,722365,694796,2924840,3069160,-144320,0.4357
1820,1661744,789022,872722,3509281,3167727,341554,0.6343
1821,3177450,910490,2266960,3442127,3035263,406864,0.285
1822,665385,615715,49670,3316835,2560191,756644,0.4646
1823,1074374,728245,346129,3698621,3412969,285652,0.5297
1824,1201739,719936,481803,2550767,2549343,1424,0.0096
1825,1629533,825224,804309,3584968,3276131,308837,0.1225
1826,2189538,864004,1325534,3583692,3350794,232898,0.2538
1827,1828844,829782,999062,3807440,3561865,245575,0.6756
1828,2843196,889975,1953221,3022664,3004880,17784,0.5245
1829,3508923,1006952,2501971,4310941,3393607,917334,0.2743
1830,1300271,798098,502173,3349830,3338788,11042,0.169
1831,3279125,918274,2360851,3567676,3199641,368035,0.4013
1832,1160390,757730,402660,3000411,2921489,78922,0.4299
1833,1799089,769340,1029749,3565840,3043506,522334,0.6411
1834,2916249,879515,2036734,4404033,2974988,1429045,0.9081
1835,2010127,782415,1227712,3520008,3014516,505492,0.296
1836,3559704,1188198,2371506,5077007,4141989,935018,0.8358
1837,2029434,850278,1179156,2792590,2388580,404010,0.8938
1838,1789771,768562,1021209,4124358,3359487,764871,0.391
1839,1873656,833748,1039908,3976482,3820922,155560,0.2559
1840,2101067,845492,1255575,3472138,3062180,409958,0.8085
1841,1774749,1014519,760230,4114948,3267378,847570,0.1258
1842,1693387,837360,856027,6032126,3721937,2310189,0.9953
1843,2626450,896920,1729530,4007184,3160182,847002,0.7875
1844,2250724,828402,1422322,3663459,3096745,566714,0.4205
1845,2043609,819440,1224169,2681058,2738466,-57408,0.3279
1846,2103356,843601,1259755,3599685,3319088,280597,0.3153
1847,1740184,758941,981243,3463276,3060272,403004,0.3502
1848,1987577,831445,1156132,3801460,3386735,414725,0.1739
1849,2646555,966388,1680167,4124288,3496993,627295,0.1377
1850,3099316,1019010,2080306,4143948,3442396,701552,0.4213
1851,2230085,843684,1386401,3856363,3395984,460379,0.3944
1852,1112809,751493,361316,3668579,3600408,68171,0.0611
1853,2237909,775609,1462300,3517510,3108506,409004,0.3946
1854,982193,746451,235742,3479025,2868135,610890,0.7512
1855,1846937,774046,1072891,3125942,2806885,319057,0.4857
1856,2482236,883302,1598934,3802726,3287187,515539,0.1179
1857,1505027,803038,701989,3890361,3345660,544701,0.2028
1858,1395339,769765,625574,3524896,3322965,201931,0.497
1859,1639245,968632,670613,4135044,4034043,101001,0.2682
1860,2271715,830734,1440981,3836096,3598178,237918,0.2482
1861,1758034,828855,929179,3810365,3540104,270261,0.0947
1862,1545249,811260,733989,3280854,3152767,128087,0.3951
1863,1707568,754627,952941,3300748,2951756,348992,0.4993
1864,1573155,697196,875959,2624107,2554664,69443,0.5355
1865,691444,651506,39938,4969869,3560841,1409028,0.2618
1866,2408442,1006913,1401529,4076799,3739654,337145,0.6849
1867,1873075,766667,1106408,3972628,3309190,663438,0.0228
1868,3667141,960416,2706725,3906652,3217072,689580,0.7135
1869,1601353,743489,857864,2988185,2584639,403546,0.6283
1870,2587812,888070,1699742,3580560,3426971,153589,0.2435
1871,1860788,803769,1057019,4001923,2985604,1016319,0.4937
1872,1654236,1009352,644884,3138839,2889768,249071,0.6383
1873,2020525,789322,1231203,3627293,2928580,698713,0.5433
1874,1632513,737326,895187,2935183,2805613,129570,0.8738
1875,1141946,705184,436762,2998064,2856477,141587,0.1943
1876,1758927,802582,956345,3099041,2858284,240757,0.4221
1877,2354187,925247,1428940,4031620,3485163,546457,0.4637
1878,2180869,843767,1337102,4153935,3486122,667813,0.6447
1879,1240736,718302,522434,2924604,2935482,-10878,0.2706
1880,1738705,733942,1004763,3752507,2807669,944838,1.2109
1881,1648475,754124,894351,3806909,3366841,440068,0.2069
1882,2967223,908491,2058732,3783995,3242601,541394,0.2574
1883,1120285,861501,258784,4508974,4049228,459746,0.2319
1884,2529566,840516,1689050,3936542,3443010,493532,0.1491
1885,1856290,777360,1078930,3875072,3265508,609564,0.2222
1886,2507711,955909,1551802,3922359,3113674,808685,0.6214
1887,1378421,730460,647961,3011398,2954362,57036,0.3912
1888,1152308,742498,409810,3284072,2888384,395688,0.6118
1889,1754261,736130,1018131,2858312,2659555,198757,0.4713
1890,1148430,749282,399148,3416990,3195164,221826,0.049
1891,2668766,890223,1778543,3335605,3231664,103941,0.4084
1892,1218336,747682,470654,3387939,3305201,82738,0.4614
1893,1450497,784431,666066,3908894,3637889,271005,0.2664
1894,2347131,896009,1451122,3630358,3250239,380119,0.8289
1895,1845912,807302,1038610,3122019,2928589,193430,0.5329
1896,1398034,782731,615303,3772592,3328434,444158,0.4637
1897,3255055,1012469,2242586,5379803,3424501,1955302,1.0332
1898,1641222,887063,754159,4004554,3343913,660641,0.1468
1899,2107475,814468,1293007,3840938,2954082,886856,0.9949
1900,1517321,807656,709665,3531040,3340493,190547,0.4981
1901,2284759,827814,1456945,3187706,3306725,-119019,0.4414
1902,1928618,914178,1014440,4076218,3695589,380629,0.3764
1903,1368863,891965,476898,4207614,4007801,199813,0.0966
1904,1836613,803356,1033257,4014331,3129594,884737,0.7087
1905,1496371,790852,705519,4112864,3432102,680762,0.213
1906,2001319,802021,1199298,3825942,3227881,598061,0.5743
1907,2179325,818574,1360751,3608492,3220080,388412,0.539
1908,2776864,817489,1959375,3315360,2726717,588643,0.2954
1909,1875287,852957,1022330,3763046,3511252,251794,0.1603
1910,3162051,918198,2243853,3904524,3186494,718030,0.7855
1911,3486473,1017873,2468600,4113892,3424390,689502,0.5866
1912,1741343,808137,933206,4185577,3521951,663626,0.4597
1913,1308205,730643,577562,3355623,2979401,376222,0.4405
1914,2272398,827226,1445172,4086959,3123854,963105,1.0597
1915,1262100,704564,557536,2799467,2717790,81677,0.1424
1916,2746262,852871,1893391,2780431,2579073,201358,0.3335
1917,2284127,809683,1474444,3484515,2787059,697456,0.7668
1918,966325,681669,284656,4577152,3468688,1108464,0.3087
1919,1960716,831040,1129676,3482509,3451930,30579,0.3426
1920,1230710,824932,405778,3257512,3143579,113933,0.4736
1921,2844884,1049563,1795321,3308446,3024806,283640,0.7571
1922,3522905,966364,2556541,5162010,3549075,1612935,0.7245
1923,1288297,740240,548057,3266204,2980430,285774,0.3309
1924,3092252,941301,2150951,4453273,3461161,992112,0.4643
1925,1888828,826294,1062534,3428666,2837122,591544,0.5265
1926,2469564,879852,1589712,3999687,3655533,344154,0.1039
1927,1425894,762649,663245,3663338,3352405,310933,0.3203
1928,1089852,755668,334184,3600064,3289816,310248,0.4372
1929,1755623,768989,986634,3499486,3294800,204686,0.4979
1930,1290142,694064,596078,3173129,2896104,277025,0.3551
1931,1182522,685549,496973,3247231,2951489,295742,0.4802
1932,1309164,705476,603688,2926862,2701093,225769,0.3124
1933,2135011,849186,1285825,3734135,3433598,300537,0.2032
1934,3065295,959857,2105438,3935484,3409670,525814,0.4365
1935,1367082,735941,631141,3061970,2844498,217472,0.4905
1936,3026344,958928,2067416,4407486,3435144,972342,0.2566
1937,2476556,904359,1572197,4139410,3414042,725368,0.2666
1938,1215645,733568,482077,3753218,3338299,414919,0.1342
1939,2530217,926804,1603413,3679419,3179327,500092,0.4513
1940,1406845,736977,669868,3094539,3018550,75989,0.3661
1941,905666,695573,210093,3557179,2870938,686241,0.502
1942,1420075,739106,680969,2980405,2838323,142082,0.2844
1943,2124979,883985,1240994,3501792,3264649,237143,0.3412
1944,2155272,830211,1325061,3286303,3010336,275967,0.4314
1945,1771364,853593,917771,2905986,2873482,32504,0.2001
1946,1218270,765548,452722,3558092,3659889,-101797,0.2195
1947,4473043,1041344,3431699,3567599,3241276,326323,0.4417
1948,1168619,672736,495883,2932631,2844637,87994,0.2125
1949,1256827,765922,490905,3488443,3069678,418765,0.4615
1950,1480380,754071,726309,3462227,3293712,168515,0.1983
1951,1299923,744465,555458,3057606,2946057,111549,0.48
1952,1094392,696148,398244,3669966,3289838,380128,0.2474
1953,2570912,890996,1679916,4224161,3586555,637606,0.3366
1954,2025349,804459,1220890,4073388,3187057,886331,0.66
1955,1660312,790741,869571,3196223,3216422,-20199,0.1626
1956,1706127,805813,900314,3045172,2630881,414291,0.4097
1957,1025114,736153,288961,3952681,3520515,432166,0.3312
1958,4265985,1063092,3202893,4293519,3392039,901480,0.523
1959,2075079,778726,1296353,3092156,2846296,245860,0.5143
1960,1815193,734885,1080308,2854656,2792619,62037,0.5205
1961,2768018,879470,1888548,3638939,3142310,496629,0.0805
1962,1737498,820685,916813,3299650,3221550,78100,0.303
1963,2836674,942387,1894287,4144068,3623073,520995,0.2402
1964,1505000,750266,754734,3403077,3143433,259644,0.001
1965,1134774,746433,388341,3817792,3482159,335633,0.6411
1966,756925,721717,35208,24233149,5643796,18589353,0.2547
1967,1627462,751908,875554,3114030,3060990,53040,0.4092
1968,1391293,717161,674132,3208965,2906508,302457,0.5692
1969,2276089,837688,1438401,3605692,3001157,604535,0.6182
1970,2559156,1061303,1497853,4103017,3522323,580694,0.2541
1971,1491990,817502,674488,3534527,3246896,287631,0.0944
1972,1950378,824821,1125557,4665403,3861277,804126,0.366
1973,1115736,743668,372068,3024501,3057910,-33409,0.3666
1974,2907086,966730,1940356,3311501,3191805,119696,0.2043
1975,2480449,839623,1640826,3412721,3049706,363015,0.3425
1976,1766789,741396,1025393,2897864,2563258,334606,0.3877
1977,1418725,700780,717945,2848936,2742532,106404,0.1474
1978,2160922,834414,1326508,4257232,3378443,878789,0.3908
1979,1474127,782957,691170,3192573,3225060,-32487,0.4402
1980,1832457,785810,1046647,3611446,3302388,309058,0.202
1981,1167945,671594,496351,3167560,2572296,595264,0.9511
1982,1624895,756520,868375,2667184,2576273,90911,0.6201
1983,1200223,742778,457445,3123770,3029995,93775,0.2863
1984,1346758,773987,572771,3497134,3196633,300501,0.2844
1985,1224806,732282,492524,3320967,3019783,301184,0.1954
1986,2789072,915236,1873836,4145018,3417901,727117,0.8908
1987,1155509,758528,396981,3391596,3118042,273554,0.2984
1988,1125377,700175,425202,3291657,3141192,150465,0.1844
1989,1210958,706253,504705,3264634,3157352,107282,0.3338
1990,1110364,712434,397930,3261660,3032679,228981,0.5323
1991,1649943,833376,816567,4077835,3769701,308134,0.2713
1992,2738148,841287,1896861,2947835,2830121,117714,0.2675
1993,1932989,793109,1139880,3776725,3113638,663087,0.7531
1994,2213954,822317,1391637,3443052,3063361,379691,0.1666
1995,1661243,765578,895665,3588234,3164013,424221,0.5342
1996,1324837,810005,514832,3867980,3583785,284195,0.3557
1997,1501302,767833,733469,4125944,3150044,975900,0.7309
1998,1758299,778041,980258,4379335,3468490,910845,0.298
1999,1356422,806814,549608,3723751,3497883,225868,0.365
2000,1502054,775294,726760,3774412,3328992,445420,0.3545
2001,1271488,688701,582787,3196340,2381746,814594,0.8012
2002,1155197,689407,465790,3290318,2926265,364053,0.1536
2003,2590191,946823,1643368,4033029,3453112,579917,0.3054
2004,3640318,931212,2709106,4460650,3338306,1122344,0.4768
2005,1161451,731230,430221,2857723,2790838,66885,0.2298
2006,1962287,784243,1178044,4258462,3155034,1103428,1.0072
2007,1523264,825026,698238,4100714,3479407,621307,0.1506
2008,1299451,693301,606150,2420908,2346795,74113,0.2612
2009,1518740,843136,675604,3171272,3457389,-286117,0.4465
2010,1958189,752263,1205926,3292740,2692026,600714,0.8154
2011,1899397,825581,1073816,3721259,3279753,441506,0.6695
2012,1096358,740297,356061,3121517,3156055,-34538,0.188
2013,2315158,825258,1489900,3174919,3133609,41310,0.264
2014,2371509,898742,1472767,4100858,3306455,794403,0.2888
2015,2896641,947507,1949134,3829393,3258489,570904,0.3914
2016,1045709,724653,321056,3900672,3471529,429143,0.4591
2017,1479780,733542,746238,3771179,3262758,508421,0.1789
2018,3983369,1031762,2951607,4034832,3227574,807258,0.7471
2019,2161035,826946,1334089,3727574,3049230,678344,0.7771
2020,2387341,887559,1499782,4241203,3739551,501652,0.0184
2021,2829074,866497,1962577,4470164,3194504,1275660,0.6506
2022,1414160,746803,667357,3962992,3148513,814479,0.6554
2023,1796829,778615,1018214,3506175,3188028,318147,0.2785
2024,2820538,877100,1943438,3120407,2996065,124342,0.657
2025,2257003,835399,1421604,3299722,3211694,88028,0.4643
2026,947365,700415,246950,3848104,3329638,518466,0.131
2027,2815670,889714,1925956,3923702,3143982,779720,0.6752
2028,1585579,762947,822632,3554188,3170369,383819,0.0363
2029,1324467,810987,513480,3640319,3626308,14011,0.2407
