Object_ID,Intensity_Marker_A,Bkgd_Intensity_Marker_A,Bkgd_Corr_Intensity_Marker_A,Intensity_Marker_B,Bkgd_Intensity_Marker_B,Bkgd_Corr_Intensity_Marker_B,Intensity_Marker_C,Bkgd_Intensity_Marker_C,Bkgd_Corr_Intensity_Marker_C,Distance_Marker_A-Marker_B_microns,Area_um2,Circularity,Ch1-X,Ch1-Y,Ch2-X,Ch2-Y
1,844370.8422,60748.71007,783622.1321,822267.7777,49704.33456,772563.4432,295913.4151,60435.63944,235477.7756,2.161351184,2.40935912,0.692850091,17.34015838,61.58955497,19.16663565,62.74515859
2,1081420.385,65231.43949,1016188.945,647231.9736,53247.70476,593984.2689,214321.7244,44782.73509,169538.9893,2.083053271,4.901823252,1,63.38507662,97.83885453,64.99586976,99.15963323
3,41921.9125,53784.3066,-11862.3941,48491.26679,53958.14391,-5466.87712,256422.1607,67568.65476,188853.506,0.5843031797,2.247602718,0.4098431919,96.16744635,60.21796871,96.12319401,60.80059375
4,304450.7237,59747.19075,244703.533,116299.1644,49520.63989,66778.52452,198006.1313,44068.26141,153937.8699,0.2614833837,3.028372815,0.6229286985,55.72331244,81.07693669,55.98286191,81.10867994
5,304690.427,54475.87162,250214.5554,158664.4973,52166.94572,106497.5515,250413.0567,52093.72957,198319.3272,0.8607205869,3.04608006,0.9640031389,60.11870909,92.6826037,60.97598108,92.60563196
6,57579.73204,58946.7056,-1366.97356,44946.07986,47322.98485,-2376.904994,82051.88683,44734.07873,37317.8081,1.416882387,4.413067442,0.6665831848,63.42519277,5.784598553,64.19478809,6.974253432
7,46065.05455,53460.05065,-7394.996103,42739.30379,43843.2899,-1103.986116,170152.2085,55467.34305,114684.8655,0.2026668682,2.120774652,0.5705537954,83.9249059,47.65103103,84.07049333,47.79202096
8,828666.3603,62382.3063,766284.054,814658.1617,53027.92371,761630.238,304850.3376,50344.94115,254505.3965,3.251091854,3.454162485,0.9929874015,73.76740864,7.080421074,75.54270677,4.356836155
9,211928.9396,35725.65338,176203.2862,200239.8142,53938.09758,146301.7166,198988.1643,46734.05964,152254.1047,1.467518554,2.465145713,0.7410351427,93.32080366,73.79957537,94.72438593,74.22802317
10,1030246.619,55678.48461,974568.1347,597753.7339,52615.46218,545138.2718,268275.2741,57650.5056,210624.7685,0.1154802686,1.926555641,0.6173096459,7.62963368,45.13144464,7.514339396,45.12489325
11,183804.673,59147.27164,124657.4014,131786.4627,39131.35299,92655.10976,132919.7433,49663.47603,83256.26732,2.109824341,1.743830925,0.8496374765,30.52987575,11.39339968,32.48509924,12.18615428
12,69953.88353,54270.72853,15683.155,58809.40432,52438.69837,6370.705945,82380.30581,41950.69331,40429.6125,1.575678848,2.304378299,0.8667240247,96.70692118,69.27287682,98.23129691,69.6716781
13,193723.2971,46437.24754,147286.0495,191201.5958,55354.75989,135846.8359,214241.075,36821.70485,177419.3701,1.811378972,3.000576688,0.9073249715,77.41406341,13.96778165,78.91645226,14.97967172
14,63549.94527,58061.58692,5488.358348,47285.91237,59233.58435,-11947.67198,198318.1245,64331.28541,133986.8391,0.7361058803,4.641719448,0.7310956395,14.64656887,51.04876508,15.30132389,51.38513947
15,818749.149,60389.72984,758359.4192,848190.1402,51676.41259,796513.7276,307654.4608,53483.40484,254171.0559,1.613594446,2.720557735,0.8708751523,61.68993894,96.98478227,63.06676957,97.82622416
16,206836.3761,65502.7276,141333.6485,188000.2445,65482.62653,122517.618,279922.8463,42410.82481,237512.0215,0.4331132805,6.283750517,0.817938491,66.98724096,51.62241322,66.88964816,52.04438805
17,82681.97103,64276.17383,18405.79719,42868.69863,64570.49508,-21701.79646,146156.9996,56089.0322,90067.96741,0.2282613545,1.662936415,0.7001413887,99.60420204,35.31317788,99.81300875,35.40538962
18,900557.2751,62428.39433,838128.8807,598881.5923,56223.19484,542658.3974,320816.1925,56865.71729,263950.4752,1.960706898,2.431206626,0.7422725963,73.57182713,39.20271091,75.53059423,39.28990601
19,54433.29278,54436.74852,-3.455739925,51080.10796,50065.89387,1014.214087,114511.7273,57097.15571,57414.57157,0.6012730511,1.815407422,0.9323958334,85.80376404,13.26604501,85.96438411,13.84546755
20,736205.7193,47335.4131,688870.3062,656550.4681,50803.01099,605747.4571,339024.3649,41975.21385,297049.1511,0.2256731816,2.42665825,0.8211083502,70.0257042,20.60422206,70.18158922,20.76740369
21,20902.02542,46133.73537,-25231.70995,60494.28182,62172.24318,-1677.961353,133537.7518,54841.97939,78695.77238,1.054653461,3.379490889,0.8123827221,31.01147898,44.41581855,30.10910626,44.96172824
22,174206.8642,51397.82803,122809.0361,175554.0862,58623.61169,116930.4745,272456.2798,65339.80855,207116.4713,1.012888535,2.778057597,0.5538194609,19.63211297,86.20997684,20.6126647,86.46386951
23,992327.9971,48840.73511,943487.262,880180.6689,61521.79071,818658.8782,246934.8908,39987.24496,206947.6458,0.4426413054,3.704118833,0.6336595786,91.92717249,64.7290929,92.0488705,65.15467593
24,224197.1277,55651.5887,168545.539,233597.2634,52042.35342,181554.91,245089.0328,46007.41008,199081.6227,0.2713697203,7.376322654,0.9083742921,58.00846007,66.94405733,58.07697169,67.20663624
25,834451.6169,54514.61705,779936.9999,639786.1522,53463.33525,586322.8169,267233.1184,43369.9563,223863.1621,1.34504927,1.327464494,0.7257237112,0.7384511809,33.07448907,2.066422512,33.28814694
26,51209.75418,54538.39065,-3328.636468,32933.55746,37717.32394,-4783.766475,92479.79197,45221.29179,47258.50018,0.1106326379,6.5467326,0.6929147008,78.75099167,37.11263851,78.80378219,37.20986372
27,791517.8328,47650.89704,743866.9358,848089.7553,47897.50677,800192.2486,273831.094,44833.86363,228997.2304,0.4693115841,2.472212235,0.7357663451,2.396531631,73.85583116,2.828552664,74.03916471
28,43229.8443,49479.65098,-6249.806671,53747.10754,54109.37548,-362.267941,147607.1472,48474.70252,99132.44472,1.500164615,2.395943315,0.7677839256,17.84243423,19.67922672,19.25165316,20.19361557
29,61549.99629,55805.7278,5744.268493,20226.33711,44878.61095,-24652.27384,80733.38814,46885.08871,33848.29942,1.043978527,3.726962747,0.8608477978,4.114293261,6.811179372,4.388364558,7.818540324
30,845327.477,45304.68611,800022.7908,946347.4297,54037.20022,892310.2294,271974.5188,50187.47668,221787.0421,1.067524499,2.487257192,0.59532059,30.1144893,94.13500676,31.18071068,94.18773751
31,853642.1923,52933.07935,800709.1129,703599.4437,50458.83866,653140.605,339375.2391,53577.09561,285798.1435,1.088320375,2.47578295,0.7135251293,38.98770399,88.01830696,40.05547386,87.80781054
32,38343.74235,41891.8884,-3548.146043,46981.41059,49176.17777,-2194.767182,102033.1882,50642.73653,51390.45163,1.009682146,2.73954886,0.701753617,4.587797541,85.0093216,4.6193819,86.01850962
33,1037456.605,57194.55548,980262.0494,723323.0336,56505.29654,666817.737,289668.5271,62889.27835,226779.2488,0.4985288768,2.346983702,0.8233410121,50.94026846,33.69138076,51.4383475,33.67020732
34,835993.9959,57531.51498,778462.4809,728744.1213,57517.35399,671226.7673,270342.0102,57769.39424,212572.616,1.213112336,2.161493291,0.996402246,2.814631884,98.22870262,4.017810476,98.38363104
35,240660.5077,59854.44976,180806.0579,174658.8653,48799.43692,125859.4284,257197.4443,51659.81293,205537.6314,0.8693917102,2.180835701,0.7001717654,88.78627805,60.3934273,89.14586508,61.18496954
36,284692.0604,56710.60607,227981.4543,169085.5888,47408.68165,121676.9072,226359.3372,50305.44077,176053.8964,1.662352867,2.085443591,0.7640119946,99.52959547,89.26476632,100.5330698,90.59008002
37,234859.6115,63848.91879,171010.6927,164749.3291,48305.11701,116444.2121,228616.596,50279.44853,178337.1475,1.197527871,2.555971008,0.69248294,56.13718753,52.17407376,56.58025592,53.28662192
38,65921.01877,58208.24752,7712.771249,40719.74032,49268.71989,-8548.979566,143160.4478,53340.97916,89819.4686,0.7788069058,4.686507629,0.8884767336,33.68822386,68.54019722,33.82255309,69.30733205
39,918727.4356,59175.63629,859551.7993,634804.7507,45396.06248,589408.6882,283006.1698,53513.60268,229492.5672,0.3195003955,6.532730628,1,69.22313973,20.31029426,69.54243092,20.29873412
40,167799.0271,59033.14557,108765.8815,191559.4031,46959.32537,144600.0778,202962.7802,56739.97271,146222.8075,1.16380698,5.790278908,0.78230052,67.3120306,75.07606289,67.91863444,76.06927912
41,58802.56701,53577.028,5225.539001,52294.65835,58230.23967,-5935.581323,142588.7116,44189.29473,98399.41688,1.076398211,3.927470354,0.8695436942,53.15933018,54.01504471,52.90846027,55.06180036
42,60711.40159,55391.74892,5319.652663,47929.86081,53249.12365,-5319.262843,148052.5457,48325.82637,99726.71933,3.509813477,4.276731989,0.7567437522,75.82507995,92.53788457,76.3467402,96.00871462
43,1044189.121,56418.25327,987770.8679,806482.8903,44451.63566,762031.2547,306700.5303,57977.02126,248723.509,1.153037812,4.716462255,0.6358731727,51.79168519,46.3368246,52.80612473,46.88492005
44,957845.186,65170.04304,892675.1429,789159.856,40610.07823,748549.7777,251994.1627,52297.32357,199696.8391,1.152115574,5.495562358,0.7433808609,93.75927789,54.76051353,94.4674022,55.66932058
45,787211.2044,49718.93079,737492.2736,811452.953,50625.7416,760827.2114,292712.4585,56823.81393,235888.6446,0.7353506375,3.018312468,0.8363277461,89.18034492,81.54908219,89.61270483,82.14389768
46,68484.17759,61363.24011,7120.937476,57164.15452,55333.96041,1830.194111,184337.9028,68429.79502,115908.1078,0.9371532351,2.731482598,0.959918198,47.07358464,0.338515079,47.26042349,1.256854573
47,209362.7873,49747.43914,159615.3482,263037.1041,49018.03218,214019.0719,215207.3364,47588.17327,167619.1631,1.247219929,3.862374716,0.8297905319,32.80245862,22.29106589,33.57858261,23.26737993
48,30370.42759,42053.87991,-11683.45232,66021.80459,56313.36151,9708.443079,115830.3686,45911.49635,69918.87224,0.1060643579,5.598022086,0.8015869204,90.0782666,53.0645446,90.12547129,53.15952547
49,733182.3066,55798.4095,677383.8971,837910.7152,57225.89211,780684.8231,233101.1983,49201.37264,183899.8257,2.867435903,1.937572881,0.8445826687,36.13116294,83.92173061,36.42193906,86.77438515
50,620492.1179,59336.02498,561156.093,802744.7787,59925.30456,742819.4741,240376.5636,38362.36874,202014.1948,1.369806824,2.235020559,0.9162601252,49.07664285,86.49494035,49.57278405,87.77173894
51,47383.47599,57398.98429,-10015.5083,44128.30816,54496.49325,-10368.18509,204376.4385,48927.28215,155449.1563,0.9327942513,1.277170044,0.9034217407,36.08995784,7.453339082,36.94212928,7.073985752
52,262984.0945,45771.35885,217212.7356,151176.1603,52971.76434,98204.39594,230772.0364,49913.01471,180859.0217,0.5561685697,3.669409511,0.7700202274,88.03185948,65.05482887,88.52766482,65.30682201
53,792239.9403,56195.83981,736044.1005,981880.6934,48834.07147,933046.622,238033.3669,60427.27973,177606.0872,0.632449477,4.137054517,0.741440744,6.132582366,65.05288884,6.759284375,64.96781867
54,231175.7665,55613.44235,175562.3242,239049.8327,40820.33968,198229.4931,234084.3512,46181.91051,187902.4407,2.930079653,5.265821571,0.7201376348,11.5835441,22.36180406,14.02814665,23.97713224
55,646205.9549,45110.21489,601095.74,778516.6052,52654.338,725862.2672,340960.0785,35353.45035,305606.6282,3.289720566,1.596606681,0.7550613327,68.36249295,94.87573983,71.45983478,95.98422303
56,949833.9604,48447.95576,901386.0046,582493.1727,61239.86117,521253.3116,313767.0639,57465.55366,256301.5102,1.594335473,2.210634368,0.7657714902,23.24618378,87.14712307,24.83951959,87.20357279
57,46492.1187,54057.48744,-7565.368738,55776.46422,57641.55744,-1865.093221,130391.645,52114.49675,78277.14825,0.6912838822,3.163433417,0.8649653861,32.83798878,69.98752436,33.43857263,70.32982896
58,941594.2391,58331.04722,883263.1919,477772.1557,33732.54176,444039.6139,330764.7955,49993.30927,280771.4862,0.6981950126,3.821777472,0.6632410907,70.76233967,4.077776958,71.17323997,4.642256561
59,888935.6525,60866.57442,828069.078,754361.4585,40536.80699,713824.6515,293846.9919,46860.59319,246986.3987,0.9037340423,1.825836636,0.7369815474,87.42950169,13.10919984,88.17218511,13.62413339
60,766925.3334,34814.51659,732110.8168,812556.3318,48268.91257,764287.4192,295068.0455,53507.62738,241560.4181,1.054462613,1.780429197,0.7474078577,53.87028302,15.4316577,54.80960679,14.95253115
61,841635.0769,44801.79277,796833.2841,839912.8318,45715.01588,794197.816,273412.2116,48821.78456,224590.4271,0.4839269528,3.441345161,0.7526008864,54.01259654,50.26988997,54.48903012,50.35472121
62,70192.91809,59760.79231,10432.12578,39114.37226,38561.81646,552.5557963,150977.0788,41608.90908,109368.1697,0.1989398992,2.141115755,0.6825592147,62.52062465,51.47641322,62.52398329,51.67532477
63,54493.75756,70410.58495,-15916.82739,40507.06658,47880.23597,-7373.169393,171076.4818,54150.46139,116926.0204,1.48844618,1.922161558,0.9721028523,16.52539058,40.80890117,17.13512646,42.16672818
64,822052.9416,43163.48517,778889.4565,683521.397,55146.9905,628374.4065,300191.3576,37673.74425,262517.6133,1.039806867,2.940745806,0.6049591058,93.27947734,30.6597224,93.89661431,31.49658576
65,289583.4218,57059.75601,232523.6658,224161.409,49068.94805,175092.4609,186333.3095,54103.62753,132229.682,0.9758996428,2.038712188,0.676903784,19.29565379,32.04846148,20.13719405,32.54261743
66,47265.92731,52799.63359,-5533.706288,52005.43896,62920.34555,-10914.90658,115273.1799,53941.34367,61331.83626,1.383019927,2.020581604,0.8096867963,39.3629169,59.92071652,40.55452307,59.21870594
67,50445.65606,45560.66195,4884.994106,68659.05406,66936.7662,1722.287856,95925.99261,48772.18004,47153.81258,0.7732044005,2.675377249,0.9877656894,61.97736303,2.559109315,62.45612003,3.166263971
68,235365.1028,59666.62772,175698.4751,195657.5784,47492.20616,148165.3723,233764.3456,44106.14904,189658.1966,0.3344386929,2.660537611,0.8854570568,97.29970287,52.67132187,97.36057887,53.00017343
69,863207.448,53603.4785,809603.9695,648242.15,54636.17115,593605.9789,232367.942,66462.4642,165905.4778,0.6788748359,3.239509201,0.7955687253,94.84431833,2.374146799,95.18775136,2.959744607
70,741906.1597,54726.05524,687180.1045,603589.7861,56679.36735,546910.4188,288887.335,54264.53087,234622.8042,0.8101071646,1.702419689,0.7485844162,70.747896,22.61844611,71.28378285,23.22598121
71,64186.88662,63224.48715,962.3994677,52328.49455,63150.18343,-10821.68888,108754.1256,46458.10727,62296.01837,2.448112079,2.009064134,0.8470006111,64.68649054,82.58788316,64.66403191,85.03589223
72,44632.79777,65914.0936,-21281.29583,44877.87361,54328.84627,-9450.972666,200829.866,52546.24854,148283.6175,0.5987371735,2.55057122,0.7083631291,52.91700786,10.77424906,53.40474197,10.42697159
73,78331.30684,70592.1506,7739.156237,65089.29972,55181.77364,9907.526084,154114.4419,55791.0073,98323.43458,1.542076462,3.975845001,0.8217337466,91.11739382,57.83231239,91.27463406,59.36635129
74,840100.5237,66584.00167,773516.522,680148.5558,41202.15961,638946.3962,301286.0997,55175.83316,246110.2666,0.6878484231,5.306664448,0.8926784255,26.42684537,62.54255132,26.91220353,63.02995558
75,872229.4838,71203.67344,801025.8104,804717.5501,57214.68695,747502.8632,310476.9347,43889.73478,266587.1999,0.5552671656,2.312760268,0.8011542193,27.75108634,82.92737965,28.19648664,83.25895195
76,66858.414,61802.59168,5055.822316,40146.22203,47723.18196,-7576.959927,81372.42467,58464.74266,22907.68201,1.549072814,3.912091365,0.9329107884,93.1957152,3.656342679,94.09937347,4.91452721
77,269118.7977,51964.02124,217154.7765,200445.236,50853.29832,149591.9377,177964.8009,45899.22433,132065.5766,1.129748394,2.376303221,0.5892619194,40.62677138,39.23885399,40.3686485,40.33871945
78,208664.7566,51221.50697,157443.2496,100403.9704,43613.0481,56790.92228,258451.6168,40242.4952,218209.1216,0.3871143918,1.175294512,0.6147196287,4.041603978,92.22077656,4.163681514,92.58813828
79,40886.95803,49849.69192,-8962.733885,60686.76849,57051.16571,3635.602784,199528.3114,45555.64169,153972.6697,0.5509683057,1.445315243,0.8708294638,6.595145367,80.97294811,6.983801789,80.58241993
80,194928.5652,49736.06334,145192.5019,172982.1464,48216.05923,124766.0872,228426.0271,61960.45402,166465.5731,0.4076515083,1.879785103,0.7691273271,96.17466047,76.02056428,96.18875913,76.42797192
81,244339.9019,59801.09275,184538.8092,211988.5924,53241.19124,158747.4011,223632.8564,58980.85585,164652.0005,1.361277343,3.700638942,0.7220257698,33.86171693,17.0359007,34.66886726,18.13206873
82,137181.8118,54129.02925,83052.78255,130463.5213,51496.6045,78966.91683,255220.1043,46694.84304,208525.2612,1.505347216,2.884904858,0.7262673127,0.08974236488,9.500412415,0.4920362751,10.95100879
83,946305.5152,54700.14255,891605.3726,653612.9225,48828.6849,604784.2376,220231.9954,46380.23942,173851.7559,0.5121344496,3.475922363,0.9256337661,13.14953615,99.1665736,13.56709447,99.46309804
84,54269.75994,55143.98798,-874.2280437,56874.62007,54755.05681,2119.56326,85900.65602,44425.56372,41475.0923,0.448500489,2.462682705,0.5008979746,47.28890692,99.7177806,47.55680461,100.0774798
85,239436.843,60455.46715,178981.3759,214206.5983,43633.49584,170573.1025,197801.8994,48019.13515,149782.7643,0.4531844029,11.95796453,0.8625612423,78.12315163,21.57242353,78.49335074,21.83382116
86,39720.05381,35871.41716,3848.636646,67445.18144,67739.44763,-294.2661887,117223.209,48656.75184,68566.45714,0.6976889137,2.125501338,0.7934691324,46.88523747,64.41358055,46.34303725,64.8526577
87,50089.35225,49362.50458,726.8476621,25287.96659,38906.15497,-13618.18838,67707.83104,54083.21167,13624.61937,2.593943094,2.700312053,0.7930729234,65.87166339,44.37768915,65.61929419,46.95932633
88,41616.52192,47552.85471,-5936.332797,56921.53836,54827.88296,2093.655396,99289.89303,49323.75971,49966.13332,1.349813396,3.075928135,0.6589826437,66.46773017,77.61924774,67.73563965,78.08228311
89,1045524.746,40987.19702,1004537.549,712878.4602,55496.39485,657382.0653,263163.4257,45951.36562,217212.0601,0.8287533866,2.372759486,0.698816759,15.37477355,43.02000428,15.49826422,43.83950549
90,71339.72528,49482.08163,21857.64364,46610.84003,54596.19566,-7985.355624,111978.6395,39863.49042,72115.1491,0.8075478643,2.68643344,0.7570586875,13.79018013,38.6445041,13.13332866,39.11426967
91,46102.87007,63367.83323,-17264.96316,70450.11324,56366.58103,14083.5322,112544.3965,43742.25475,68802.14177,0.6725493457,2.303963803,0.8138683579,38.61245498,65.38239805,39.22361353,65.66312539
92,182821.6045,52777.29383,130044.3107,150720.8175,57236.7153,93484.10222,230387.2001,36545.21027,193841.9898,0.9747117777,2.134763192,0.8282110513,20.62941299,67.63339262,19.78288835,68.11656865
93,280319.5093,55133.00224,225186.5071,153016.9479,39334.69522,113682.2527,275453.1179,40978.17667,234474.9412,0.4476486167,1.656492523,0.8043265258,68.64470929,24.0820462,68.85042211,24.47962829
94,227244.3099,46694.30753,180550.0024,183448.9386,51109.3339,132339.6047,176310.7939,53522.70039,122788.0935,0.9763880552,1.247519251,0.839570635,61.81492138,94.30740737,62.68341203,94.75356612
95,833462.1251,51284.57017,782177.555,567911.147,48833.02761,519078.1194,257121.5413,49356.37007,207765.1712,1.411312398,3.589114269,0.6296447341,10.1231948,38.43123579,11.33746906,39.15049978
96,904807.2752,56608.29648,848198.9788,775419.0974,53086.50968,722332.5877,293949.3587,48045.54176,245903.817,0.3987943682,5.064375595,0.8192309311,36.8414356,6.488882511,36.52409395,6.730401088
97,1133737.871,48567.43971,1085170.432,627055.2807,41829.149,585226.1317,300658.1743,49201.96878,251456.2055,1.723030804,2.45530611,0.5748176349,42.58240201,2.979848186,44.27691385,2.667654676
98,54261.33148,68047.30599,-13785.9745,42098.81035,42724.1803,-625.369948,163399.7299,45286.21935,118113.5106,1.864792625,6.212156079,0.9620199547,78.63696386,45.80252891,80.23907818,46.7568251
99,39253.59134,54621.44904,-15367.85769,41167.33888,50712.9281,-9545.589224,131990.1064,54573.25428,77416.85217,0.6100521956,2.229953684,0.8170606129,98.01835025,44.68445735,98.3750343,45.17937165
100,964616.1816,45835.32235,918780.8593,666996.535,51751.83671,615244.6983,309930.4918,44820.996,265109.4958,0.6124897,2.53465328,0.8702538513,10.15552071,0.1031592715,10.46880014,0.6294668139
101,243433.5382,40978.97763,202454.5605,171962.571,58581.52235,113381.0487,126580.0944,49070.40627,77509.68814,0.6197201736,2.612365198,1,2.98014379,27.56224428,3.585110658,27.42782634
102,823268.9007,43426.69715,779842.2036,771880.2154,46061.20092,725819.0145,224780.1481,51877.59636,172902.5518,0.4719398045,2.109247928,0.7729962367,78.03843221,98.78737293,78.51007881,98.77073974
103,934554.9847,53801.23354,880753.7511,711658.2261,50367.85318,661290.3729,315920.3484,54986.90196,260933.4464,0.2894147364,2.597268703,0.4502906305,92.92875499,79.07914181,92.94322202,79.36819473
104,53179.10532,35723.97188,17455.13344,39877.64004,47964.05138,-8086.411332,216059.9679,54008.46813,162051.4998,0.9114503004,2.31704562,0.6989539464,63.05602552,28.30237265,63.84237534,27.84150866
105,35674.2441,48611.61462,-12937.37051,42142.94347,42451.83317,-308.8897063,151449.4987,63025.12812,88424.37062,0.329852551,1.557045784,0.8440978209,2.787792714,98.47691207,2.846303627,98.80153366
106,876519.3655,66598.35285,809921.0127,783977.936,54638.57431,729339.3617,337620.7354,52884.20955,284736.5258,0.7741990516,6.643285622,0.5893357814,79.84662888,62.22365787,79.75460387,62.9923682
107,174625.9708,46261.22584,128364.7449,188700.894,52741.77089,135959.1231,199366.7877,60519.51949,138847.2682,1.014593047,3.705232777,0.7913570434,34.16766263,68.16004418,34.54541158,69.10169421
108,66567.94057,58617.48756,7950.453005,58372.26786,58887.03074,-514.7628806,167995.8698,41699.8892,126295.9806,0.7639578821,3.871671576,0.7744893246,92.83761652,65.49617164,93.3063294,66.09944594
109,58349.934,59613.99286,-1264.058856,64759.75958,54757.28743,10002.47215,59371.753,47737.52158,11634.23141,1.154207993,1.979104786,0.5838758319,86.32172757,21.12593783,85.18139634,21.30437763
110,63556.68885,69799.66922,-6242.980362,43138.19158,52816.4338,-9678.242224,131565.0146,52216.4499,79348.56467,1.122609936,1.338060126,0.756571424,1.227488544,27.64141227,2.31457413,27.92158721
111,842661.0889,57211.45351,785449.6354,784654.9923,58812.5791,725842.4132,360180.645,56554.33117,303626.3139,4.248162872,1.802305434,0.7386484787,60.33073701,35.23023624,62.83887949,38.65895454
112,242785.8818,57873.93784,184911.944,209384.7557,51374.83084,158009.9249,217098.4544,56605.19075,160493.2636,1.08893521,3.761486478,0.830750867,89.07863958,77.05410271,90.14795115,76.84830507
113,829466.1266,69147.47972,760318.6468,779502.4431,65758.24892,713744.1942,284085.8308,42970.68514,241115.1456,0.9974962432,2.088576299,0.8827362547,23.47112821,81.55404742,24.45136642,81.36929945
114,49083.54768,50425.87999,-1342.332301,39947.03954,50502.5707,-10555.53115,60664.89534,51503.92137,9160.973964,0.6454009501,3.14907574,0.8892815874,42.71240368,40.68924986,42.98677663,41.2734261
115,24144.24846,37356.91442,-13212.66596,41051.23255,48802.77175,-7751.539199,119065.1068,50718.40874,68346.69811,0.2342593044,1.164346848,0.9309883383,87.97261641,82.51904388,88.20068723,82.57253337
116,311058.4124,62565.68953,248492.7229,116144.0483,51422.01462,64722.03366,228037.4499,45248.99379,182788.4561,0.2355676726,5.375018763,0.7682867676,13.37265698,18.33634516,13.60809839,18.34405674
117,262659.2145,56625.28195,206033.9326,158671.1181,39094.73452,119576.3836,193326.3327,48204.21813,145122.1146,0.5096776952,2.855283712,0.8137118079,6.692156909,9.519896741,6.781444,10.02169268
118,721572.5869,64883.47523,656689.1117,724266.6063,42277.31238,681989.2939,288996.804,53604.396,235392.408,0.6457809178,2.817427051,0.7307718336,11.65302231,95.00326296,12.29745607,94.96157213
119,973211.4845,58048.34366,915163.1409,858980.7493,55586.2232,803394.5261,281959.1722,57723.18627,224235.986,0.4743512005,5.105475863,0.9355718223,29.11729208,27.57650856,29.59164125,27.57511859
120,994585.2917,51934.81362,942650.4781,768404.89,60190.90353,708213.9864,288927.767,47896.71601,241031.051,0.3359049478,2.994089605,0.6341786787,84.03766471,65.06003851,84.31176309,64.86586793
121,234994.5769,65086.53093,169908.046,242364.3506,59459.20118,182905.1494,229421.0591,49382.89798,180038.1611,0.9790272795,1.19085717,0.7095316677,83.89576891,67.67522093,84.84122826,67.92938825
122,910052.6939,59019.09547,851033.5985,562907.7733,51874.79655,511032.9768,188723.938,41198.23275,147525.7053,0.639637676,2.133322855,0.7489047903,10.51502995,87.65717987,11.11350071,87.43141649
123,519709.2774,53451.16436,466258.113,894636.1264,51928.85539,842707.271,272721.3127,55569.62276,217151.6899,1.182673504,2.617736558,0.8501211204,35.274065,32.85996325,35.784371,33.92687675
124,816275.1761,55630.88579,760644.2903,741098.6069,54369.3039,686729.303,315277.4737,47481.86403,267795.6096,0.8497974722,1.835117077,0.730446935,20.91632122,31.57346702,21.58204896,32.10163586
125,61952.92491,55027.26845,6925.656453,37907.04095,45185.43209,-7278.391144,201819.2606,51418.64722,150400.6134,1.541377029,4.358485626,0.6171873511,6.705576657,76.68360097,8.062077889,77.41554875
126,60323.15156,53430.65205,6892.499509,32203.90705,43195.829,-10991.92195,166708.8183,49579.25526,117129.563,0.3275176559,1.811748058,0.745323798,5.361512955,23.63785563,5.501574815,23.93391389
127,185768.4138,64055.87445,121712.5393,135261.552,51429.60302,83831.94902,234114.2773,50648.91166,183465.3657,0.5233103614,3.087913047,0.7289716544,85.66570128,6.738198838,86.17818884,6.63232047
128,789395.3822,68845.54623,720549.836,894836.1282,47227.258,847608.8702,304716.8998,49039.19303,255677.7068,1.434908702,3.618185633,1,91.15070211,39.5743785,90.90916571,40.98881236
129,835748.6613,63001.96379,772746.6975,726892.9654,65046.19507,661846.7703,255685.4512,25510.69577,230174.7554,0.114631016,4.673753886,0.7983600328,6.767830995,81.51262776,6.831469611,81.60797133
130,60151.28346,45095.20098,15056.08248,50602.66321,56608.74984,-6006.086623,229993.8068,50072.05744,179921.7493,1.313097866,2.468907634,0.8821274483,10.32335213,21.89086207,10.60695665,23.17296756
131,925729.2647,63908.87642,861820.3883,721323.8132,55239.25991,666084.5533,285021.9975,36221.70099,248800.2965,0.9189108202,3.384812964,0.8686344588,28.67156394,60.60712908,29.45855498,61.08151521
132,977082.9425,48234.36752,928848.575,663059.6309,42238.72186,620820.909,333958.4243,48009.34726,285949.077,0.2998912749,4.773670115,0.6934188986,31.55373386,97.74467454,31.82051664,97.88164798
133,52048.09354,47321.61409,4726.479454,45447.30538,56236.51008,-10789.2047,122995.9817,42334.31031,80661.67135,1.581629361,2.043287923,0.5869929628,50.24857416,2.405722963,51.31815091,3.570865442
134,168968.0064,31431.91172,137536.0947,107769.1254,58240.07673,49529.04868,216191.1614,40980.34696,175210.8144,0.7424867531,1.084511699,0.8742282636,6.973410355,23.29750189,7.484733603,23.83586525
135,734680.6269,68758.30511,665922.3218,515569.5453,46475.82186,469093.7235,203664.9386,29790.32408,173874.6145,1.865215243,2.732719936,0.6302996612,41.36373738,45.98354458,40.71208625,47.73122267
136,46455.48497,49508.22575,-3052.740779,44242.1408,49894.48948,-5652.348676,74308.97514,44786.59274,29522.3824,1.096304402,5.073157769,0.6317578932,73.80443645,15.96159734,74.86901516,16.22342841
137,11485.62129,40965.90802,-29480.28673,45847.11669,59088.46508,-13241.34839,133522.5606,48066.02419,85456.53645,0.2569049087,1.95038151,0.8006416264,71.39794987,30.11327518,71.53053924,30.33332106
138,843531.1836,58149.52504,785381.6585,723534.7824,52714.86466,670819.9177,257611.9457,55590.90349,202021.0422,2.162524169,4.316266482,0.4952127679,45.26218754,56.50931193,45.47080231,58.66175024
139,854581.1959,63764.94968,790816.2462,868895.1322,47312.39748,821582.7347,245004.5781,45754.97989,199249.5983,0.8777241102,3.772548567,0.9127535622,6.769711417,70.02309881,6.289084977,70.7575359
140,190729.4249,60111.64302,130617.7818,167912.3853,49707.44259,118204.9427,162731.6429,56715.89005,106015.7528,0.5955679975,3.068689522,0.6857477641,3.296020911,19.67114647,3.804525892,19.98118505
141,832277.9691,50169.74014,782108.229,915964.6417,46396.79035,869567.8514,278483.8487,47054.5592,231429.2895,0.6283003673,2.235138062,0.8257827372,68.01986082,85.50311365,67.89172641,86.11820952
142,242935.5038,62932.35088,180003.1529,168462.1335,61990.88043,106471.253,185668.1032,49446.76182,136221.3414,1.166951285,2.927482937,0.9270464905,40.68133432,93.1644766,41.15679005,94.23017691
143,209837.9298,62920.08801,146917.8418,128849.0896,48800.33847,80048.75117,245577.5314,54536.82763,191040.7037,0.8030464431,5.697674027,0.7824069097,10.31174314,63.60961755,11.11236444,63.67198043
144,44366.40108,52260.88484,-7894.483764,39027.3292,52492.12089,-13464.79169,193928.6168,51408.87255,142519.7443,0.9683275804,2.152046454,0.9267200977,60.71835095,46.74695312,60.91787911,47.69450091
145,930340.7359,38582.93434,891757.8016,711363.3808,46634.63006,664728.7508,227304.6368,45653.88957,181650.7473,0.2605719659,3.76133546,0.8763234601,76.41617508,6.929490075,76.67071345,6.985239231
146,219652.3471,51654.19333,167998.1538,156952.6039,55991.58936,100961.0145,242258.6298,54237.46675,188021.163,1.591309851,6.66454517,0.6194894164,23.61451688,45.1720284,25.0983566,45.74690815
147,47433.40449,47105.9601,327.4443944,49445.68068,49408.00902,37.67166376,123818.8248,41825.20041,81993.62434,0.5032553449,3.692342307,0.6307745557,88.22417154,89.36589347,88.4978305,89.78824014
148,224430.0376,56358.09211,168071.9455,162668.3037,53007.33342,109660.9703,227803.2713,57836.09758,169967.1737,2.477663613,5.379355086,0.8784707812,23.30164845,53.6445731,25.11540913,55.33249762
149,67417.84306,45331.46722,22086.37584,141521.1932,53191.51974,88329.67344,157262.8115,55366.69463,101896.1169,0.6597193466,4.814056852,0.605663427,32.42393521,53.29120207,33.01109412,53.59199108
150,71594.67152,66836.62991,4758.041614,48745.41287,46807.18888,1938.223987,123390.2727,51129.17624,72261.09644,0.7945111784,5.48558365,0.7603708773,68.88624509,66.0106538,69.12966981,66.7669556
151,43162.69449,49874.59608,-6711.901588,44844.70922,42826.21011,2018.499108,65194.6232,52099.27902,13095.34419,0.6352298301,1.754316793,0.6133275451,17.23901233,0.262735366,17.50384187,0.840127998
152,989365.4822,63114.84413,926250.638,812600.532,48899.64103,763700.891,320556.1259,39956.96967,280599.1562,1.923987135,3.056593702,0.7757944643,88.03533699,0.4742597457,89.69382108,1.449532538
153,1078925.548,60110.12781,1018815.42,848506.5649,45624.33322,802882.2316,301426.4758,46950.63377,254475.842,0.9047125342,1.268107704,0.7188847193,23.88866406,71.70205612,24.49476307,72.37373221
154,883037.9907,63778.60037,819259.3903,767270.8755,57686.17806,709584.6974,245491.4652,55983.73318,189507.732,1.815850773,4.087192712,0.8361212315,16.25877367,89.83409725,18.06088824,90.05702572
155,1006398.853,46114.03633,960284.8166,702027.8088,48652.58411,653375.2247,267058.546,43643.63404,223414.912,1.399833987,3.725741302,0.9157978892,40.77022408,98.10499527,42.0053007,98.7638738
156,245696.2724,54197.22444,191499.0479,164695.4446,53293.78886,111401.6557,257374.199,60408.2563,196965.9427,1.446426245,1.472382115,0.6101203381,52.29680356,70.67651061,53.32698526,71.69183054
157,817003.4054,61142.42832,755860.9771,650635.2156,44716.1002,605919.1154,223150.2005,55072.18698,168078.0135,0.3320606261,1.935693267,0.752244675,30.42649546,13.87578467,30.74957529,13.95248982
158,171538.4804,62321.71018,109216.7702,186422.1925,59432.17634,126990.0162,253348.5277,51797.34625,201551.1815,0.5009397127,2.21518764,0.9327801866,57.45232817,13.65586876,57.52675378,14.15124884
159,872956.807,41366.77251,831590.0345,558739.4266,57007.30191,501732.1247,320198.5358,56114.58213,264083.9536,0.8890689451,3.03229747,0.6676933554,21.33953321,24.30351521,21.97625897,24.92401815
160,1019973.025,52822.34643,967150.6786,916163.5209,52512.12815,863651.3927,276664.5539,52179.59849,224484.9554,1.170228583,3.813536049,0.7044424819,0.5868494773,25.14858711,0.3099938722,26.28559454
161,816985.7672,61882.46295,755103.3043,876280.9097,40706.41326,835574.4964,362739.4069,53305.37071,309434.0362,1.491741049,2.542638831,0.8393184273,30.97990404,18.67648673,31.4832874,20.08072907
162,826259.8724,66232.6093,760027.2631,526350.9545,36660.30346,489690.6511,134106.5359,42249.54226,91856.9936,0.9600014685,2.755966576,1,92.80570684,28.5715607,92.64693238,29.51834129
163,843097.5753,50654.13019,792443.4451,701190.4219,64387.70347,636802.7185,254795.3761,39984.76561,214810.6105,0.6348516214,2.584357038,0.6284948248,44.0721694,70.33125982,44.63259773,70.03300377
164,788482.2707,61062.22625,727420.0445,712593.5949,55230.65694,657362.9379,219497.3949,53969.56341,165527.8315,0.6212906954,2.102627915,0.6926686525,76.26952841,42.53915742,76.66852437,43.01539722
165,167727.5976,56771.2037,110956.3939,228419.8615,54353.58435,174066.2771,209841.0582,55829.35578,154011.7024,0.9979657135,3.092929094,0.8647668102,17.66712493,26.48894314,18.56358328,26.92746111
166,795605.1191,62469.07712,733136.0419,1033196.059,40996.96984,992199.0895,295648.019,42501.45272,253146.5662,1.523993511,1.554019933,0.6875709175,60.31387995,37.93772457,61.64062185,38.68759933
167,857141.7545,60125.02189,797016.7326,686064.1269,47957.40033,638106.7266,267168.067,54470.69484,212697.3722,1.10982513,5.236182453,0.6458479421,46.77877368,66.57224884,47.78554868,67.03927765
168,59450.77436,45198.56657,14252.20778,42095.36028,51250.22861,-9154.868336,184855.8559,55047.38141,129808.4745,0.2283062101,4.159759194,0.8486369899,95.37127026,90.54317462,95.52967634,90.70758641
169,73906.1938,71590.48444,2315.709353,53718.44902,61508.29143,-7789.842414,154008.9639,51109.26058,102899.7033,0.470112661,3.528125983,0.7850277166,64.74488907,22.26759934,64.71976014,22.73703991
170,67484.9778,60709.2913,6775.686499,51229.57747,48911.29218,2318.285295,175432.3005,66019.88828,109412.4122,0.755329557,3.949103614,0.9112530684,19.14166029,88.23631151,19.60766879,88.83075143
171,747170.741,60285.01518,686885.7258,581434.6933,41955.07452,539479.6188,301906.3624,59387.36845,242518.9939,0.4403755241,3.241684689,0.9658379121,7.642729897,84.8229126,7.909009295,85.17366306
172,55581.97371,60289.55259,-4707.578882,66409.53697,72886.90412,-6477.367154,170960.4453,53835.87923,117124.566,1.516771049,2.898243444,0.9144630186,48.99831166,80.92049505,49.67428514,82.27830736
173,44412.00591,48431.40652,-4019.400603,53840.89678,59435.83266,-5594.93588,171769.6213,58279.22706,113490.3943,0.8620291992,5.073622332,0.8757641021,34.14629473,61.25502331,34.94183613,61.58699954
174,820605.8644,43435.26688,777170.5976,736871.8887,59600.48887,677271.3998,278789.4575,47066.0447,231723.4128,3.091957639,1.663100336,0.886642263,27.28271664,7.99971675,30.27471742,7.219887688
175,257355.7578,57136.10566,200219.6521,189154.6781,52394.37735,136760.3008,186483.6745,47264.52316,139219.1513,0.2352925791,2.530992138,0.9603531642,38.8868636,17.92592224,38.94594956,18.15367528
176,969909.762,47670.90465,922238.8574,835653.6571,51373.55991,784280.0972,302307.4862,49636.59416,252670.892,2.266078625,2.921778972,0.8132758522,45.68788746,36.60441221,46.86030584,38.54362532
177,56277.8531,58390.14445,-2112.29135,59323.42096,52358.83157,6964.589392,66866.49229,47778.37403,19088.11826,0.7216259678,1.772834924,0.8766289478,68.13113235,43.13425951,68.82408687,43.33564985
178,52212.7683,48976.40187,3236.366432,81664.60522,67678.93301,13985.67221,176623.8372,55591.34614,121032.4911,1.011375943,2.980566412,0.8820756449,2.438870543,93.52569699,3.449775494,93.55655922
179,53369.42939,50959.33898,2410.090413,46738.62144,52841.53711,-6102.91567,121768.8703,48365.05131,73403.81903,1.627536807,2.193537607,0.7759837821,85.82384696,0.8553271723,87.12743051,1.829773672
180,58501.55638,53524.08163,4977.474746,55234.84645,61036.58304,-5801.736585,139157.2359,45957.01039,93200.22555,2.019276849,3.753611312,0.9086482113,16.81852776,47.95485028,16.26355791,46.01333349
181,43242.44149,57636.34504,-14393.90355,51848.91733,54018.727,-2169.809664,152481.1162,37476.87446,115004.2417,0.7293484514,2.115012535,0.7434201843,10.2716893,21.2165304,10.61297944,21.86110018
182,180017.956,49823.43959,130194.5164,180546.1139,50841.89632,129704.2176,277083.0563,57714.38545,219368.6709,2.034766649,2.488848849,1,25.39617001,6.720105444,27.06926584,7.878132062
183,801995.9282,57029.69481,744966.2334,701835.9822,49303.98063,652532.0016,236144.6273,55604.36863,180540.2587,0.773859177,3.62639694,0.6529983272,1.605087588,17.86817668,2.252782851,18.29167269
184,222985.6553,62475.18491,160510.4704,180768.1246,48366.09224,132402.0324,231743.4444,50371.97168,181371.4727,0.5774422697,1.454241431,0.7410118522,45.39294546,0.7806373171,45.96359583,0.868942042
185,67863.6413,73978.37673,-6114.73543,35205.22337,41262.73971,-6057.51634,153086.4751,60003.84319,93082.63196,0.8977300787,2.197230543,0.7514417599,7.275655382,85.90541628,7.482844878,86.7789103
186,251143.8652,63790.18713,187353.6781,138016.8666,42263.41875,95753.44784,271323.9165,49281.66385,222042.2527,2.160086752,4.846245603,0.9683749346,9.331126727,87.10796818,11.11653477,88.32381887
187,919197.7022,49016.34496,870181.3573,681752.8425,56526.85147,625225.9911,300732.8232,51224.02494,249508.7983,0.679398239,3.023263224,0.702581437,3.516347898,77.02687956,3.945035047,77.55395574
188,1154335.943,55568.90016,1098767.043,745766.203,49859.717,695906.486,276742.434,39638.81064,237103.6234,0.08066673778,1.729668107,0.8226767357,74.42672761,24.89698071,74.5034177,24.87196566
189,886872.0085,49915.01453,836956.9939,748561.2237,54229.27484,694331.9489,262907.3317,35116.63339,227790.6983,0.7963585499,1.226420275,0.7284631711,99.86358283,55.66309619,100.5370614,56.08808269
190,78429.73739,73844.63842,4585.098974,38212.47899,58698.4642,-20485.98522,125457.5195,46231.4657,79226.05383,1.261759343,1.992750109,0.7699349703,91.33202154,83.19468223,90.84884719,84.36026328
191,41920.52498,48059.82937,-6139.304394,37900.05278,37944.09269,-44.03991562,142663.6219,55564.88252,87098.73937,0.6708433666,4.667439775,0.7638967235,12.77314063,37.82878676,13.28096342,38.26713233
192,979555.6078,58425.05432,921130.5535,808334.5807,37340.53838,770994.0423,224838.4539,46783.64542,178054.8085,0.6166151901,1.838495539,0.7893325705,37.99494299,10.17471604,38.48576162,10.54796043
193,39655.48619,51461.67952,-11806.19333,39766.14613,48925.57643,-9159.4303,119868.3031,54343.52013,65524.78301,1.294071108,1.55366049,0.8397176222,28.72772948,47.90547943,28.92578148,49.18430523
194,837705.429,58372.94992,779332.4791,862044.9695,45155.7183,816889.2512,263297.4623,47651.62914,215645.8331,1.508168014,3.41963945,0.7117085017,0.4316675197,23.22816278,0.5946878442,21.72883121
195,65616.4383,59847.13475,5769.303553,72039.66138,59900.99617,12138.66521,200651.5406,52090.48811,148561.0525,0.5175829917,4.926040481,0.8567479515,27.35280433,61.85687836,27.8696932,61.8836747
196,59101.52452,62356.66401,-3255.139489,45463.33561,50764.17855,-5300.84294,125764.1781,58142.25723,67621.92089,0.3604231036,4.758931936,1,46.96907882,84.64617493,46.9677135,85.00659545
197,846030.6655,58902.36814,787128.2974,643482.6146,45203.41703,598279.1975,150300.1924,45684.92328,104615.2691,1.330908656,2.465487133,0.9524730115,6.75551449,45.52166795,8.050963121,45.21649472
198,174399.6502,55913.71944,118485.9308,235621.5229,57692.18369,177929.3392,181247.0875,52907.25147,128339.836,2.341493825,1.758960615,0.8586353294,77.72823033,35.61243691,79.91767774,36.44244497
199,901922.758,56371.62559,845551.1324,910027.4075,52022.412,858004.9955,318871.1001,59654.6078,259216.4923,0.2014616878,1.669026102,0.678235808,71.91657111,2.760844217,71.98791397,2.949250713
200,876868.9195,60969.24931,815899.6702,694026.9761,44416.14714,649610.8289,262080.8538,51242.81731,210838.0365,0.3524686084,2.180151273,0.8683717148,5.986405788,13.08918572,5.64213232,13.01362184
201,789574.9075,53540.5136,736034.3939,831868.7336,55211.0541,776657.6795,289638.5372,48770.63859,240867.8986,0.3220607864,2.10237404,0.846334841,25.07185309,77.82741578,25.38344873,77.90884864
202,881784.7322,60617.98886,821166.7433,696518.9224,46571.31147,649947.611,265669.5094,41862.68728,223806.8221,0.7569585544,1.706143816,0.6771463024,41.60888783,82.96466152,42.23208296,83.39432892
203,227159.4529,47389.34993,179770.103,186934.8079,48596.53224,138338.2757,137114.4445,39467.09778,97647.34667,3.571461963,2.145571915,0.9185359032,46.07490539,28.20291865,47.75757681,31.35314998
204,887215.9925,56171.00538,831044.9872,613081.7235,50506.75996,562574.9635,274156.0573,47557.0414,226599.0159,2.152368869,5.560119372,0.9758787729,26.84014451,78.63023054,27.39017232,80.71113447
205,69278.85828,50276.8986,19001.95968,55385.8738,43559.56972,11826.30407,118993.4758,51443.99269,67549.48314,3.07247024,2.229401984,0.5375904998,32.27651492,22.59431955,33.18883714,25.52821483
206,1073782.063,58847.03569,1014935.027,1015293.796,44356.09527,970937.7011,249417.8183,57821.82917,191595.9892,0.8123836984,2.027296754,1,60.33534137,81.6875105,60.64279288,82.4394685
207,199005.2034,44316.75625,154688.4472,201928.0123,42177.68906,159750.3233,202849.5881,57845.50226,145004.0858,0.8155166609,2.402154097,0.8602547359,12.35746251,4.422885771,12.62551615,5.193090074
208,72906.19202,69888.55836,3017.633659,58599.45793,47665.82228,10933.63565,190193.4555,56223.2545,133970.201,0.3672746819,1.141256372,0.8900657201,95.46937278,21.20810199,95.81693405,21.3268111
209,850684.2725,40091.09536,810593.1771,682224.3937,57982.05996,624242.3338,361071.1109,63937.52374,297133.5872,0.4800403084,2.883558286,0.8176088707,66.06460775,96.99886414,66.45102654,97.2836785
210,45098.57365,58376.04442,-13277.47076,38784.8959,44846.64136,-6061.745465,102069.0474,42079.75768,59989.28972,1.15936191,5.172823907,0.8592006899,99.73841281,20.26699545,100.6131258,21.02791408
211,214210.2249,50857.19821,163353.0267,187122.988,54905.47311,132217.5149,142739.3518,44124.56182,98614.79,1.830645998,3.527193139,0.720131474,12.0312977,78.30138978,13.15150331,79.74928624
212,817544.6661,77965.05484,739579.6112,793442.2554,45603.38818,747838.8672,287099.7551,55041.34823,232058.4069,1.163034527,2.198075608,0.7576244908,92.93524606,21.17059717,94.01364507,21.60614842
213,893134.7952,60649.89507,832484.9001,980897.1213,50191.73363,930705.3876,356616.0483,45392.34612,311223.7022,0.3569829975,3.060286118,0.784919046,22.537901,51.07593065,22.89356323,51.10661018
214,57035.11371,60549.49506,-3514.381351,49842.84223,58656.24664,-8813.40441,120258.5936,42922.49772,77336.09591,0.4058501886,2.251979321,0.8154724087,9.706656365,6.445605146,9.739191631,6.850149126
215,27525.90518,29353.62512,-1827.719943,40616.21171,59822.03029,-19205.81858,143688.1263,46127.61588,97560.51038,2.4575411,2.816223304,0.7824832786,2.304870857,48.26304818,4.041168768,46.52385934
216,823152.5734,68827.77186,754324.8016,431680.2945,71936.08867,359744.2058,292230.7715,66139.91134,226090.8602,0.7615951927,1.406263382,0.6671143184,0.4739959982,80.2313945,0.746181299,80.94269078
217,1074280.912,63270.76972,1011010.142,803096.676,41906.15355,761190.5225,266395.4828,38243.54377,228151.939,0.6457895388,2.57929945,0.7882665256,6.580227292,15.76855763,7.044258778,16.21768891
218,898339.6921,59114.78101,839224.9111,649758.1612,49782.15428,599976.0069,323378.8266,52781.84716,270596.9794,2.001928624,1.699209542,0.8329594965,18.94146826,21.46332212,20.25775788,22.97166553
219,876138.3152,69837.60602,806300.7092,732757.5904,57493.83704,675263.7533,305045.0736,43499.85688,261545.2167,0.761101954,5.655728768,0.8328986685,23.36698099,99.55740454,23.92321354,100.0769058
220,977649.298,40573.66183,937075.6362,671131.9825,59948.53583,611183.4466,252411.4332,34423.60275,217987.8305,0.1764358279,2.32694352,0.7396000835,74.53202611,21.82971222,74.70437073,21.79193747
221,42802.27347,57722.52302,-14920.24955,60914.7774,57307.31723,3607.460173,132959.3876,43551.61031,89407.77732,1.25875745,2.71902507,0.6294047809,91.01132128,5.654946321,92.23923668,5.378009365
222,995011.4637,52076.3806,942935.0831,528872.1885,58403.66332,470468.5251,238837.8129,57309.09467,181528.7183,0.910141688,1.86576904,0.6813539198,74.50965605,89.78769796,75.39025715,90.01769708
223,918476.4642,47804.24019,870672.224,710892.1652,54038.97437,656853.1908,201661.4252,68408.48686,133252.9384,1.094677935,2.051556171,0.81670793,36.96128884,14.29195879,37.22785449,15.35368499
224,838904.2674,58891.45948,780012.8079,679686.2107,50541.93345,629144.2773,302972.5197,60296.12913,242676.3905,0.3446618299,2.82619797,0.8884366375,1.919597413,93.56530521,2.261180291,93.51933877
225,874625.3303,68083.94698,806541.3833,529631.6511,52655.84558,476975.8055,294311.271,35348.58278,258962.6882,0.351293015,2.001117602,0.8743997264,53.98939468,50.24023851,54.33282036,50.31416811
226,67626.81337,59553.25295,8073.560423,49897.29908,49959.38377,-62.08468484,184226.5361,38141.09396,146085.4421,0.9300389319,1.6726988,0.7686952976,37.88531253,46.35121748,38.72878565,46.74304079
227,746503.8455,70936.98619,675566.8593,565792.7418,45723.34588,520069.3959,309891.499,42193.47288,267698.0261,1.065543927,1.741388831,0.6813704235,63.5332559,11.14271888,64.58702094,11.30071605
228,52662.77288,46679.25603,5983.516852,21010.34646,35844.18947,-14833.84301,139122.9994,45741.76423,93381.2352,2.273791693,2.698710135,0.8193803129,65.94671488,74.1688382,67.99782936,73.18748297
229,602904.308,51653.54426,551250.7638,820756.541,73841.37408,746915.1669,283786.1172,57523.53528,226262.5819,1.050450742,3.455162194,0.814712998,34.67903657,17.12634345,35.20925491,18.03315946
230,209611.4693,62409.20633,147202.263,162462.2498,41665.5431,120796.7067,170195.0935,55776.53331,114418.5602,0.898209111,2.555930006,0.7194242867,7.167482761,46.67168293,6.723445653,47.4524586
231,966052.619,57811.90019,908240.7188,620190.5827,48930.92463,571259.6581,205736.4965,44987.15347,160749.3431,1.112695952,1.224766619,0.7531452181,52.05242746,8.942166474,52.56868278,9.927850361
232,52806.90872,51665.29683,1141.611889,78508.87022,66367.51263,12141.35759,161902.5743,54717.52063,107185.0536,1.935149545,3.859931641,0.7066863466,20.96638844,65.35890445,21.97388651,67.01110038
233,226434.2126,65607.99222,160826.2204,143042.3212,45146.64361,97895.67759,161023.0287,35487.25446,125535.7742,0.8197902116,5.468462776,0.8750549043,25.87687939,0.0577638321,26.6386144,0.36077499
234,802174.9184,59272.24705,742902.6714,682244.3435,47153.9684,635090.3751,285907.7251,48770.46512,237137.26,0.7678979998,2.064325431,0.6990696558,24.27988218,96.52085852,23.99538225,97.23410961
235,758959.0197,51201.92084,707757.0989,859471.8632,59382.92975,800088.9335,276550.3067,47772.21919,228778.0875,0.8682618754,7.626152563,0.8291688581,86.67610507,13.81119304,87.44851247,14.20776017
236,256880.3589,51520.11788,205360.2411,190157.1296,59472.63015,130684.4995,206727.2396,43510.77327,163216.4663,1.084250318,1.612865216,0.936841571,88.46812869,54.39278823,89.55236967,54.39728848
237,816384.3805,56742.85735,759641.5232,700166.1656,53077.78065,647088.3849,263176.0571,44246.65341,218929.4037,1.604504009,4.490648934,0.7350484255,11.53675244,11.3609543,12.37019579,12.73201422
238,63706.99766,61549.32811,2157.66955,47028.7372,50256.37987,-3227.642663,262780.2252,53105.09946,209675.1257,0.4466981509,4.169363429,0.798180318,22.59703669,79.91884516,23.0086774,80.09231319
239,876825.6999,54139.88031,822685.8196,966326.1255,59851.01869,906475.1068,282531.3553,53100.08543,229431.2698,0.95155178,4.209581538,0.6804885364,35.88993494,58.20214838,36.26714423,59.07574093
240,48781.93093,49972.60021,-1190.66928,83392.16083,68780.03179,14612.12904,111686.4447,55927.00879,55759.43596,0.4441690303,0.6722483744,0.7872235954,96.39757441,76.48371878,96.83733556,76.54613877
241,69502.70228,55007.03129,14495.67099,71274.09975,65958.10905,5315.990695,136016.1288,40966.4806,95049.64818,0.4651266222,2.040463096,0.745934619,60.22187931,2.670672336,59.98397707,3.070353836
242,693642.4507,44304.65292,649337.7978,960707.7045,62935.84873,897771.8558,303004.4411,45507.65581,257496.7853,0.3702133802,2.478646783,0.867474075,33.09069701,85.92871197,33.43715066,85.79822128
243,38731.32163,49201.24187,-10469.92024,52187.98613,40584.63441,11603.35173,122463.4202,53155.219,69308.20118,0.6324775874,7.459108266,0.9761244534,62.81025437,65.98624008,62.73201684,66.61386002
244,1011273.952,60695.5548,950578.3976,890981.9683,64414.66718,826567.3011,357136.6029,56821.55821,300315.0447,0.1053172763,1.343586783,0.6519077237,42.62830158,25.15723372,42.52339635,25.14792672
245,41080.09931,49277.33121,-8197.231903,57052.95569,60636.26115,-3583.305468,175902.3738,40230.2373,135672.1365,1.468588782,3.830736049,0.7079421727,96.80941524,97.16995853,97.39561551,98.51648081
246,49956.34313,56281.89435,-6325.551217,27401.9742,39356.2361,-11954.2619,137184.544,53799.08578,83385.45825,1.815911982,2.702302522,0.8109788623,16.75982876,14.4946677,18.57557459,14.47010277
247,57393.96838,71433.40767,-14039.43928,75384.29936,64088.34999,11295.94937,189952.5062,62264.63848,127687.8677,1.103905053,3.218664585,1,35.32120514,44.7031195,34.34604188,44.18575795
248,222255.7842,56463.77857,165792.0057,234476.3021,46324.63134,188151.6707,201267.574,54405.53573,146862.0383,0.8678863934,1.265425021,0.8418913945,52.23088114,11.23194902,52.95872628,11.70467329
249,914221.7397,68859.31553,845362.4241,717241.4614,51538.8036,665702.6578,293908.1784,57898.6982,236009.4802,1.057973815,3.09742549,0.8408866976,11.90689121,75.03378874,12.67954023,75.75650728
250,67677.45713,51591.77039,16085.68674,46019.9128,44979.61643,1040.296363,227287.5525,49926.63951,177360.9129,0.363713627,1.292888038,0.6680265083,77.85054025,9.239816526,78.18070277,9.392395412
251,1028009.382,58782.46917,969226.9127,952079.0037,42340.61296,909738.3907,308784.8351,41346.98911,267437.846,1.742483294,1.937289464,0.7974059395,70.95735525,48.22745855,69.70047742,49.43431652
252,749382.9785,53093.52361,696289.4549,671116.934,44608.51872,626508.4153,297679.1458,55346.35567,242332.7901,0.3553815646,5.074173591,0.8029290907,68.7763127,64.3508085,69.05810453,64.56734815
253,876089.0097,62829.4461,813259.5636,647239.5102,36663.58717,610575.923,343031.3921,49953.21089,293078.1812,1.937496727,1.950292879,0.9347834069,77.393576,56.08793001,79.12595918,56.9555371
254,831709.3094,65595.46058,766113.8488,715124.311,50164.40517,664959.9058,296762.0514,39713.67791,257048.3735,2.070689543,1.39265974,0.6347225962,61.1057314,72.55201197,63.16657439,72.3503158
255,1031190.109,63005.2006,968184.9088,932181.24,57235.47858,874945.7614,247718.2262,54882.70105,192835.5251,3.544442111,4.0958417,0.7253647789,27.86498141,93.63334161,25.39971128,96.18000866
256,176738.8076,47956.71383,128782.0938,120151.5445,51176.9492,68974.59529,259138.1479,57664.26726,201473.8806,0.653632185,6.675857177,0.8735903993,56.27124342,11.19908974,56.74580197,11.64856635
257,713671.7231,57422.95611,656248.767,649219.9652,48104.46207,601115.5031,339653.8827,63435.4438,276218.4389,4.661679894,1.239128022,0.8994262209,43.59753825,75.94146242,46.40153971,79.66555094
258,596076.66,50225.25907,545851.4009,793163.2443,58340.43053,734822.8137,281520.5519,46684.38053,234836.1714,1.486422116,4.874669595,0.7387887776,74.91095362,61.00919786,76.36857901,61.30036607
259,61702.13775,57796.50718,3905.630569,56330.00787,53807.28867,2522.719202,192405.3293,60019.02912,132386.3002,3.228653074,2.389007838,0.7822861667,69.37531116,26.64250866,72.38305028,27.8162659
260,51196.82838,55198.03981,-4001.211436,69207.12353,47986.41487,21220.70865,65262.55952,44476.5593,20786.00022,1.991484468,2.740901504,0.8168470127,76.65837423,94.34757148,77.92528808,95.88410644
261,179951.607,54290.44102,125661.1659,170393.2444,58410.15922,111983.0851,185810.4379,59081.82477,126728.6132,0.6870595695,1.584753394,0.7764795156,60.04037179,90.25355553,60.52417858,90.74138937
262,59636.37352,61762.42576,-2126.052236,54082.38096,54217.02908,-134.6481149,102937.9863,68183.52467,34754.46166,0.749560804,2.02718668,0.8595433429,13.33727841,15.80757478,14.07801614,15.69290565
263,233760.5622,48351.70803,185408.8542,202178.7257,61188.80107,140989.9246,258734.4073,55485.32893,203249.0783,0.4869120835,1.856422152,0.6724501582,23.9379794,13.04771108,24.31950203,13.35024019
264,1007436.348,42071.33853,965365.0095,802255.7175,43180.76884,759074.9487,306671.1626,43346.65359,263324.509,1.73450654,2.333707141,0.9492067084,72.06175985,8.239087476,73.5916231,9.056419336
265,233932.7397,56391.32503,177541.4147,233726.6977,64661.45984,169065.2379,158002.771,36696.59841,121306.1726,0.5860008545,1.908403359,0.782430546,60.40299479,88.61714368,60.98856245,88.59461563
266,51767.57574,56659.24004,-4891.664302,57919.11086,57143.65491,775.4559419,138712.4087,46287.20127,92425.20745,0.9668136587,2.534026186,0.6378486907,70.43106465,51.93712374,70.84186134,52.81232357
267,147715.494,53965.55036,93749.9436,211711.6581,55657.63239,156054.0257,215124.2058,44631.36514,170492.8406,0.8812994532,4.259310991,0.9509041842,2.38090136,3.166703109,2.864134846,3.903706585
268,175876.0237,59933.64153,115942.3822,110536.2096,36654.99892,73881.21066,213109.0572,54311.29354,158797.7637,2.464536707,1.954790391,0.893312196,71.48753245,79.43172422,72.95882232,81.40890588
269,41087.77695,53886.2342,-12798.45725,57851.15086,53238.54955,4612.601312,135091.2447,48018.6013,87072.64343,1.911910514,2.018132021,0.8342380531,84.41010763,79.51821201,85.53111543,81.06699971
270,847401.3971,49077.03657,798324.3605,758641.2305,48792.36932,709848.8612,256890.5585,51065.96896,205824.5895,0.319572615,3.706629985,0.7557147976,91.5971667,77.69588675,91.47537496,77.40043214
271,604366.9378,54485.92439,549881.0134,662116.5635,55889.15213,606227.4114,310195.4166,35588.63539,274606.7812,0.7947221338,3.147675754,0.6556414242,6.047253343,8.236830683,6.575278953,8.830776997
272,116208.1659,52504.06243,63704.10346,192705.5456,44238.75821,148466.7874,268234.0809,48725.90523,219508.1756,0.05907142735,3.988230432,0.7271627427,93.53457355,74.9829113,93.5767246,75.02429635
273,28728.46554,52902.13237,-24173.66683,49020.49229,55899.89143,-6879.399141,124304.2476,53863.45444,70440.79315,2.594213869,3.375845849,0.7884856833,16.39659364,85.54487955,14.2583533,87.01384989
274,1034295.096,68652.70016,965642.3955,757062.7872,55108.51912,701954.2681,296693.7271,51699.08429,244994.6428,2.432786128,3.256048892,0.8800198417,96.34498521,41.43526896,97.02887058,43.76995291
275,37908.41964,48779.33788,-10870.91825,36273.54853,58078.21421,-21804.66567,90098.90184,65703.09293,24395.80891,0.9262623609,2.266643606,0.970642023,71.87529284,3.121239906,72.64739747,3.632919875
276,55119.08746,49836.90723,5282.180229,32121.85818,39744.38044,-7622.522261,142932.4544,55785.02356,87147.43086,0.859124678,3.162064588,0.6397461963,54.78370549,29.52161095,54.92614677,30.3688451
277,67713.69127,63003.79647,4709.894799,54526.87349,57198.76224,-2671.888749,94690.49825,55100.5197,39589.97855,1.925064356,4.312319173,0.5924499379,76.56635665,97.01771151,78.2823959,97.89011169
278,54653.92078,56829.09501,-2175.174228,33179.50855,45540.01884,-12360.51028,92268.81758,38945.22549,53323.59209,0.6462285494,6.374171627,0.9434452696,4.32191598,9.582733056,4.886248645,9.897598077
279,963791.5422,44796.66943,918994.8728,656263.2506,48025.09843,608238.1521,268350.9579,58757.36339,209593.5945,0.4567013683,4.221289707,0.6238810723,37.19948035,80.47914225,37.65425694,80.52102777
280,769725.2873,46984.68793,722740.5994,672365.231,54389.21342,617976.0176,360463.0996,53705.30917,306757.7904,0.6649093778,3.717771819,0.6216651064,82.43596984,7.127326973,82.41139248,7.791781963
281,895360.9288,49945.94974,845414.9791,867416.1147,49455.08878,817961.0259,287693.5326,59859.43235,227834.1002,1.664092618,2.619662251,0.8041098181,73.51708352,19.61292227,74.24241156,21.11062166
282,197176.0082,59534.16475,137641.8435,143452.3491,50983.63905,92468.71004,226056.4125,49533.08545,176523.327,2.937822466,2.551329362,0.7346010311,3.595762993,10.44029368,6.525960278,10.65182315
283,738363.2396,49782.37211,688580.8675,781558.3569,48197.53953,733360.8174,314593.7933,45632.81783,268960.9755,3.013357323,2.363308888,0.9114891404,92.46752784,22.25259917,95.46251922,22.58478733
284,236904.9537,58202.32846,178702.6253,137413.4594,58048.65282,79364.80661,238605.5358,41167.43078,197438.105,0.2329654444,2.639291016,0.7306775323,79.9935449,68.46535409,80.16385149,68.62431498
285,86605.0009,60435.99042,26169.01049,25894.40808,39121.43341,-13227.02534,135273.0195,46640.28967,88632.72982,1.672192847,5.209336964,0.9798575983,91.54018768,12.09848167,92.17450742,13.64569445
286,50995.67597,54807.81935,-3812.14338,58426.58847,46830.44907,11596.13941,161752.9882,50371.59782,111381.3904,1.400448116,4.838120547,0.7646269098,83.7522961,58.48063615,84.77865989,59.43343849
287,47621.77449,50999.80605,-3378.031554,48346.35759,47797.14444,549.2131499,123125.1439,48058.30931,75066.83461,1.027948846,1.486952382,0.7714625735,67.61165422,33.86936477,68.00057192,34.82090134
288,788275.5826,62082.80094,726192.7817,791397.2093,54270.37082,737126.8385,259674.2068,58599.58965,201074.6171,0.1712431526,3.011106022,0.892453765,63.33433539,98.32817247,63.45171909,98.4528532
289,53227.03909,60217.18997,-6990.150879,48948.41919,55086.04756,-6137.628374,66669.16915,53333.48801,13335.68114,0.2114670198,2.713758095,0.6862168664,93.78821051,80.21684094,93.99956587,80.20996992
290,137825.5945,48076.33005,89749.2645,131654.2724,43568.41847,88085.85392,233165.4455,47669.11896,185496.3265,0.7290619555,2.562915281,0.7619473239,74.61292128,51.5464155,75.28586362,51.82691495
291,727157.6016,56309.93488,670847.6667,812280.9971,64232.16185,748048.8352,324199.7405,52792.60319,271407.1373,1.479676731,1.687136645,0.6849667069,47.57055197,47.81861422,48.41354099,49.03467867
292,1004413.208,38074.29518,966338.913,694531.8721,58640.08307,635891.789,302523.7254,51785.59945,250738.1259,1.113378411,1.088844547,0.7066299931,49.84437009,34.67467725,50.8667056,35.11563257
293,907172.969,58625.85127,848547.1177,607754.4748,52238.00934,555516.4654,311442.7711,51112.3234,260330.4477,0.3052603603,3.449236027,0.7244137442,52.77117885,72.46176773,52.67304851,72.75082538
294,971709.4161,47881.14236,923828.2737,660221.1474,43151.50005,617069.6473,315807.119,54897.2146,260909.9044,1.385018865,4.74306185,0.8284883182,20.30251085,7.160757603,20.72927495,8.478387922
295,779423.9608,62561.57025,716862.3906,704326.0458,55974.28316,648351.7626,331195.2025,50134.47448,281060.728,1.550271213,2.476305313,0.6105884718,23.05977949,72.32607023,23.9717226,73.57974507
296,235977.4575,63046.24744,172931.2101,174027.2903,51347.71415,122679.5762,160717.333,43639.66167,117077.6714,1.199653519,3.200628481,0.7744839583,82.26287361,71.20661397,83.02534607,72.13279123
297,37275.8787,53703.54304,-16427.66434,55224.75476,49486.77676,5737.978001,70552.75276,38569.75829,31982.99447,1.333491473,3.827923491,0.8397137847,98.83663277,70.21274806,100.1675386,70.12974655
298,35351.56578,41317.30122,-5965.735441,26024.16026,50885.08837,-24860.92812,132296.3041,52093.28234,80203.02171,1.477924849,1.626977284,0.6673693495,14.02052228,57.54359825,15.23819532,58.38117466
299,205763.7721,44218.00663,161545.7655,164377.0849,54847.90887,109529.176,148138.4336,39932.50751,108205.9261,2.009708561,1.961873715,0.7222396578,83.84948023,72.67314132,83.62935275,74.67075799
300,278731.746,46366.21435,232365.5316,151045.796,61897.33659,89148.45943,189238.7172,46944.55769,142294.1595,0.6076914119,5.295087567,0.76979595,79.03254226,17.84558883,79.26628451,18.40652858
301,43255.81233,41891.52527,1364.287064,78239.77659,68404.72554,9835.051047,98116.4011,49413.95914,48702.44197,0.9905148539,1.753267742,0.8111592445,3.179020484,75.51135611,2.587654024,76.30596632
302,13814.82617,43778.44391,-29963.61774,39778.98255,39333.40318,445.5793734,121286.4643,46951.04373,74335.42053,0.7888774842,3.768091254,0.8065827396,2.816109417,5.568866787,3.421024046,6.075232245
303,970902.2625,46618.78623,924283.4762,579841.94,47960.60821,531881.3318,327212.4555,48364.36204,278848.0934,0.8416693911,2.261730987,0.815970311,52.51105227,84.99463755,53.30147856,84.70544274
304,228178.6532,59065.17928,169113.4739,204477.9252,49252.60433,155225.3208,224068.762,53461.02862,170607.7334,0.5433800401,4.424612827,0.9720802324,32.19510571,50.69562968,32.27256577,51.23346033
305,60979.6187,69750.87725,-8771.258548,51124.20243,34760.70542,16363.49701,36241.81326,50064.84881,-13823.03555,0.2290722497,1.825627267,0.607695545,43.50553371,53.03357951,43.60265239,53.2410453
306,224007.5924,60145.5992,163861.9932,128952.5691,50867.17152,78085.39762,274435.3489,50461.73104,223973.6179,2.41799923,2.599530424,0.6781379085,8.494003025,20.24458883,10.89776257,20.50661997
307,836017.9039,54153.43297,781864.4709,769434.6849,38685.36917,730749.3158,308482.6482,48185.07639,260297.5718,0.9937726485,1.579201376,0.660071236,75.92994859,63.52435851,76.03663978,64.51238739
308,178048.6177,67173.61619,110875.0015,126365.6406,47181.42357,79184.21708,221660.357,51261.15934,170399.1977,0.9682793221,3.345092914,0.807064737,74.56880622,86.89622858,75.02616864,87.74968301
309,983450.5194,45614.95419,937835.5652,836153.2344,52325.68519,783827.5492,291537.6346,47840.93862,243696.6959,1.134520515,2.590275245,0.7248844052,68.75851964,52.34609556,69.69570367,52.98548816
310,92189.14374,67000.19979,25188.94395,137895.8285,57656.73539,80239.09314,164229.6235,56100.02446,108129.5991,0.2054525475,3.074194387,0.9714968701,46.20150552,79.87476734,46.39066492,79.9549513
311,860970.9043,54644.44943,806326.4549,795172.2657,44888.27084,750283.9949,240613.7766,46526.07501,194087.7016,0.150809791,2.462830626,0.9011978865,9.227722763,72.06533142,9.320628128,72.18412615
312,925683.8937,55304.43312,870379.4606,774377.8096,50223.36599,724154.4436,278858.6645,49784.29541,229074.3691,0.1676467165,0.9822856128,0.7060367158,90.10212015,74.02050812,90.2612421,74.07328714
313,808063.6332,49950.66795,758112.9652,866612.9901,51510.60764,815102.3825,312734.5463,46796.46178,265938.0845,0.11275486,4.27079276,0.7763306285,3.906852086,94.26855959,3.907369844,94.38131326
314,814557.8058,62222.89768,752334.9081,810174.0222,52283.05001,757890.9722,290467.3538,53539.68591,236927.6679,0.5171426742,1.020652606,0.7948834444,34.23844674,53.79433936,34.21204856,54.31080783
315,42476.79247,65287.70955,-22810.91708,65574.08656,67410.87125,-1836.784687,95053.93872,43331.79923,51722.13948,0.9030702769,4.463962839,0.7689051276,58.1573887,22.14068317,58.19215576,23.04308395
316,41299.47332,36595.07647,4704.396855,39777.23552,52312.78014,-12535.54462,124045.8343,45305.54418,78740.29013,1.182845973,5.527168497,0.7721147654,77.68611058,43.69770752,78.80158864,44.09119614
317,60620.90474,67188.61955,-6567.714812,61601.81638,65839.54931,-4237.732924,158360.1085,59321.04172,99039.06681,0.9228495056,2.260185634,0.8541880274,99.32276674,21.95838819,99.81242932,22.74061691
318,65386.94833,59773.67926,5613.269072,55066.97814,54788.66668,278.3114626,87678.41059,65590.15249,22088.25811,2.345826818,7.070507152,0.6914087416,13.85284839,44.88711025,15.53650658,46.5205724
319,841827.5072,69591.73143,772235.7757,624961.0895,46617.12056,578343.9689,243647.5301,65017.79633,178629.7337,0.3826644017,1.673186506,0.7927331555,2.116601824,21.08564224,2.355347909,21.38469466
320,24618.0529,43708.73035,-19090.67745,56518.95247,48505.29146,8013.661015,178719.3005,38654.80006,140064.5004,1.088278052,1.125333534,0.7324849658,53.75445769,52.5603448,54.74173254,52.10248293
321,192765.4929,56353.86423,136411.6287,180688.0674,57453.02125,123235.0462,254669.7646,49651.67349,205018.0911,1.440393033,4.439539646,0.6169971085,87.05722064,89.71239404,86.82552798,91.13403063
322,792107.6813,55557.30605,736550.3752,891935.099,44424.61262,847510.4864,327030.8179,40138.53916,286892.2788,0.1484297052,2.018897657,0.9936382006,74.51174134,66.1508222,74.63003853,66.24047237
323,56968.98075,56329.28413,639.6966168,33016.03594,48704.49014,-15688.4542,165218.4249,40494.13028,124724.2947,0.399282807,1.219932017,0.7999909518,22.20765501,56.67383405,22.27436709,57.06750429
324,50326.54568,56931.24996,-6604.704283,45549.83527,55411.00736,-9861.17209,247154.7367,55951.54118,191203.1955,1.31175597,1.072426164,0.8678975245,34.87344024,28.55011202,36.03683506,29.15609569
325,1083566.522,59016.24619,1024550.276,691311.4521,37355.81356,653955.6385,268267.8837,54556.27887,213711.6048,0.5328873935,6.809738034,0.6998932101,68.329789,6.906971844,68.71778695,7.272247858
326,61961.56987,49208.17283,12753.39704,38079.38467,45370.60012,-7291.215447,73514.61234,52652.49826,20862.11408,1.60343196,5.394345064,0.7359831304,56.50406956,36.73267047,57.40448638,38.0594122
327,52170.20388,61416.81975,-9246.615865,36099.69207,42141.36595,-6041.673879,203246.1449,48412.00556,154834.1394,0.318409118,3.129360171,0.7485367292,34.19968378,67.09171507,34.0893083,66.79304866
328,54463.82596,55122.99371,-659.167754,59258.00218,53426.11437,5831.887812,128788.5096,46555.96424,82232.54535,0.3905469642,1.185871506,0.9090739799,57.26824947,74.42366079,57.37538662,74.79922511
329,230681.2003,43811.65602,186869.5442,158598.8607,42717.03034,115881.8304,232736.8521,44124.90561,188611.9465,1.39269138,3.619113605,0.766052631,96.66992731,89.60040336,97.35975075,90.81025165
330,60691.4668,61328.62764,-637.1608391,64395.95265,58814.07746,5581.875185,200637.6961,45488.25769,155149.4384,0.4266113305,2.266754032,0.8269317966,95.69949782,95.00690727,96.12108289,94.94161369
331,56294.66726,44995.89103,11298.77623,47627.95393,50673.21529,-3045.261356,86192.02827,51044.82716,35147.20111,0.04415975424,2.147450706,1,11.39684599,20.09491403,11.40222111,20.13874544
332,194233.415,54530.15844,139703.2566,117927.2766,42364.92949,75562.34715,188920.4738,45471.75888,143448.7149,3.726680716,2.864230475,0.6212230772,15.68038838,33.7818048,16.66383629,37.37638118
333,52696.58033,58417.13995,-5720.559621,71879.84019,51288.503,20591.33719,102447.6368,52745.58637,49702.05044,0.3582964972,1.608641534,1,84.26378115,23.9964111,84.61717266,24.05549426
334,72781.5722,63407.25631,9374.315883,50643.86657,54477.52566,-3833.659091,105260.041,53411.92907,51848.11192,2.454706691,3.413935704,0.5469961724,17.79293194,75.55063339,20.06817871,76.47195694
335,48666.52803,54059.14064,-5392.612615,37710.48622,52155.20758,-14444.72136,101935.8889,52833.98289,49101.90605,1.214585795,2.590850223,0.7237831464,84.72572072,93.21487824,85.01086199,94.39551922
336,51054.98978,62220.83469,-11165.84491,54816.526,64746.17536,-9929.649356,188014.6143,44963.78412,143050.8302,1.647758149,2.888094893,0.7162568159,5.999828112,19.58392444,7.044346002,20.85832206
337,906504.5907,61382.52707,845122.0636,668953.5888,43881.61495,625071.9739,244094.5173,47359.26885,196735.2484,0.819216575,2.971694182,0.7210660875,31.98277346,7.191722899,32.15346613,7.992959323
338,238694.6531,60540.8166,178153.8365,188552.2246,57833.02238,130719.2023,180994.0102,53550.20861,127443.8015,1.818048096,5.414275167,0.5178106007,85.11365711,93.96106175,85.76423469,95.65872123
339,217279.6332,47468.78252,169810.8507,171649.839,51932.91616,119716.9229,270733.2164,57118.6705,213614.5459,1.96067544,2.63248766,0.852495555,55.58684245,96.13409299,55.88705359,94.19653745
340,704546.7616,61007.50808,643539.2536,776433.7116,51353.89206,725079.8196,219285.3261,54807.1415,164478.1846,0.7825661669,3.48607638,0.8780547816,20.37188574,61.77211686,19.8173188,62.32426295
341,247650.4964,57102.28661,190548.2098,169455.2984,49651.87071,119803.4277,206769.0181,51462.78175,155306.2363,0.0226788973,1.781842125,0.8460032053,63.14327311,35.69590699,63.15751077,35.71355979
342,216973.4796,48105.85556,168867.624,137430.6729,54822.9398,82607.73311,195869.5449,37301.5344,158568.0105,1.055157889,1.939796143,0.6616838506,53.46995871,71.4464779,53.8879408,72.41531696
343,923480.8492,53226.26281,870254.5864,717047.5625,58664.18367,658383.3789,309132.7609,51119.12379,258013.6371,0.5482410106,1.867116003,0.6729366282,79.29857809,34.86458158,79.73588747,35.1952305
344,212245.1059,55048.75329,157196.3526,212539.2995,53044.28318,159495.0164,208881.684,58509.64043,150372.0435,1.770280816,3.187552028,0.9418663785,47.54322324,91.61118882,49.11874482,92.41842231
345,237385.9509,57734.38358,179651.5673,177375.5555,53760.4078,123615.1477,256931.9378,52479.03152,204452.9063,0.06837130325,2.582955059,0.7582536091,78.60746136,75.20189042,78.53916738,75.20514114
346,46365.67772,49440.00336,-3074.32564,32591.26971,43187.77697,-10596.50726,95056.38215,49046.42306,46009.95909,2.303540072,3.479305372,0.7079233124,88.63681334,94.33010346,90.52950752,95.64311739
347,827224.9238,43190.91313,784034.0107,752704.3562,40310.43511,712393.9211,254590.1326,47839.66279,206750.4698,0.5162782422,1.396809386,0.7038307135,82.77570309,34.85014377,83.23696846,35.08204349
348,45811.12974,52220.67931,-6409.549564,58235.93847,56087.71355,2148.224912,165662.6699,48280.15756,117382.5123,0.3858497745,3.569034873,0.8773601976,79.76047797,78.65625341,79.83170761,79.03547153
349,1078176.634,68083.3054,1010093.329,820410.0488,59344.70793,761065.3409,273173.7893,48202.36115,224971.4281,0.2519519146,13.97112399,0.8648416794,29.94550388,23.8250548,30.07368762,24.04196191
350,934936.6359,54543.97559,880392.6603,776792.7155,38852.28549,737940.43,269622.0766,49213.39623,220408.6804,0.3588128496,2.848399553,0.7771923326,40.515625,92.3713457,40.84511445,92.51341387
351,279696.6157,56482.05345,223214.5623,180975.3169,47587.64292,133387.674,205881.6576,43795.02973,162086.6279,2.849420614,4.433867202,0.9510042406,76.33722927,32.83524909,79.0275483,33.77406821
352,856603.2956,59966.89471,796636.4009,772081.6985,54981.6139,717100.0846,256296.5508,39765.95724,216530.5936,0.5117672496,1.099551562,0.7736458451,26.76765444,51.52927567,27.13066689,51.89000781
353,794712.2859,61863.56432,732848.7216,752049.9147,49985.86467,702064.05,208375.5474,40874.4464,167501.101,1.523989569,6.544188342,0.9423502823,20.66735183,4.75779331,19.14952556,4.894715199
354,975053.8735,51767.91944,923285.954,593548.4738,51019.08484,542529.389,246265.4579,48772.07848,197493.3794,0.1846440571,5.697408853,0.8813426509,68.99877391,5.154168733,69.16801856,5.227990677
355,43572.1015,63310.22902,-19738.12751,55590.90194,63196.85982,-7605.957883,105260.1709,51982.51853,53277.6524,0.2841212685,2.747987332,0.711738696,57.36216356,70.11541169,57.5569661,70.32223738
356,272669.3306,60300.57874,212368.7519,134449.2784,54753.74757,79695.53085,206602.0304,56495.28075,150106.7497,0.095027894,1.74503759,0.8985539618,5.767360229,9.207585349,5.816117095,9.126019004
357,1075183.492,59283.33885,1015900.153,555839.7039,42152.37379,513687.3301,253905.7855,54573.60694,199332.1786,3.238012529,3.332078903,0.8855096954,6.798499188,51.14862144,6.808963692,54.38661706
358,67229.82828,66059.50662,1170.321664,43109.25416,41105.13363,2004.120527,168811.9529,60606.64378,108205.3091,1.595958066,3.736332886,0.799639329,86.27027987,0.7876402993,87.86623502,0.7845857115
359,721755.3576,51929.91814,669825.4394,776102.6523,50124.90877,725977.7436,326306.532,53029.43248,273277.0996,0.7107450804,6.406014245,0.567890716,69.58511637,64.16929575,70.29055486,64.08260599
360,898367.7766,51780.17739,846587.5992,466567.6295,54083.40638,412484.2231,367992.7042,49293.9977,318698.7065,2.955661688,5.874089126,0.7012562531,92.25898763,77.63820467,90.58364176,80.07318972
361,185285.1185,69389.79214,115895.3264,192521.5178,53818.36596,138703.1518,315432.2554,34899.89601,280532.3594,0.9753584032,4.378315129,0.8039987426,71.03618136,35.0201215,71.96686165,35.31194029
362,227713.281,51979.3422,175733.9388,208245.6017,44967.9771,163277.6246,286208.7035,44943.06191,241265.6416,0.9188505929,1.4946682,0.884316295,60.02599681,81.27168664,60.94075953,81.18510963
363,213505.4735,51980.57841,161524.8951,192880.3547,62938.48766,129941.8671,210042.9319,42765.70919,167277.2227,1.052558056,1.66497783,1,17.97949919,80.85700687,16.97229967,80.5513476
364,46730.27329,49890.27558,-3160.002297,52267.26449,47594.02867,4673.235811,161687.5717,39674.65935,122012.9123,0.1321708324,3.677508824,0.8220329251,72.18496046,48.17853463,72.30295849,48.23807952
365,734974.0424,57184.03681,677790.0056,767984.2669,47566.55745,720417.7095,241903.7413,51935.93827,189967.803,0.5516546365,2.999798934,0.7191863709,24.89776144,12.27411503,25.02534111,12.81081444
366,1067568.503,67483.02041,1000085.482,592837.545,45403.41987,547434.1251,341312.9729,45300.88358,296012.0893,2.379257748,1.723887083,0.4109747058,78.22845421,70.28578482,76.87099324,68.33177173
367,145719.5251,44170.10807,101549.417,212416.4,60259.05477,152157.3452,276772.4826,33912.1083,242860.3743,1.343304205,2.694934798,0.8979932245,0.1206372995,15.42439176,1.459576391,15.53259664
368,33734.10891,40445.19672,-6711.087806,54578.1297,51703.22523,2874.904473,225100.1957,64929.87365,160170.322,0.08391668208,2.644806935,0.6752659848,58.96977955,31.10056342,59.04183948,31.14356777
369,980244.7936,61887.13001,918357.6636,699052.2968,44875.70669,654176.5901,270632.3808,51210.80577,219421.5751,1.180457189,3.173873709,1,14.06878809,46.83641709,14.15603451,48.01364572
370,1086058.162,69613.63346,1016444.528,651592.042,62880.31149,588711.7305,247515.6106,43582.18755,203933.423,1.250801122,2.181263699,0.9543099169,13.80415448,47.11333022,14.68040304,48.00590623
371,217714.9417,57489.71576,160225.226,168878.1423,56726.20618,112151.9361,234492.7466,57723.17122,176769.5754,4.467519571,3.083668514,0.7326617364,35.20148031,41.18798088,33.35918762,37.11800684
372,204945.4781,45452.13667,159493.3415,113267.8514,57800.75115,55467.10025,203205.7084,52249.15117,150956.5572,0.7533811728,2.383908929,0.8853610271,62.86357635,9.295209881,63.01975444,10.03222521
373,845484.0702,45070.56559,800413.5046,845708.9508,66051.03708,779657.9137,265736.1051,35305.13414,230430.971,0.1163272515,2.711890641,0.6982997183,56.64739348,85.98138589,56.64343934,86.09764592
374,764492.4067,51820.53565,712671.871,724896.0939,66604.70359,658291.3903,304018.329,55687.57127,248330.7578,1.213946387,1.640222155,0.7892534116,6.066027498,34.28534923,6.834668866,35.22495355
375,969622.725,50985.65595,918637.069,653959.438,53007.10089,600952.3371,281264.2415,53019.14505,228245.0964,0.1156343921,2.701290242,0.6187138682,99.74627897,53.69370543,99.79324769,53.79937119
376,810338.723,56703.58573,753635.1373,693402.8363,54856.62223,638546.2141,350101.7819,44267.52458,305834.2573,1.153598032,4.64714964,0.7630404436,27.11013038,94.88228318,27.45081316,95.98442821
377,922064.0407,62382.53467,859681.5061,825905.9434,42463.72659,783442.2168,321925.6536,49755.66624,272169.9874,1.633495618,1.956433943,0.9635935032,18.49724478,42.43762355,19.9787141,43.12577805
378,152609.0636,61032.54578,91576.51778,124311.1036,60189.87614,64121.22742,205371.344,58872.31668,146499.0274,0.7987295466,3.448122184,0.7581719767,99.12652294,26.88199622,99.5008506,27.58757945
379,783175.1025,66285.93044,716889.172,751954.9802,48920.71898,703034.2613,187965.9225,50076.1267,137889.7958,0.212460995,1.910724543,0.680802498,27.83584096,63.12007171,28.01491208,63.23440984
380,56824.38152,62314.71871,-5490.337196,31569.77259,49700.19492,-18130.42233,186318.1048,49486.32247,136831.7823,1.026363116,1.810816738,0.8103786402,51.03373239,14.78117748,51.76309608,15.50329233
381,54268.87311,51286.50093,2982.372178,47565.86342,51544.21844,-3978.355022,182147.8226,46892.21789,135255.6047,0.4990312095,2.963476914,0.9965597777,70.55691284,82.8426509,71.03836648,82.97393131
382,36529.91536,37689.13801,-1159.222646,68306.0648,64664.55685,3641.507947,173991.7045,44895.69529,129096.0092,1.637860177,5.181302349,0.6463405453,57.81070652,44.1660374,59.28421441,44.88113213
383,992353.3105,64814.12278,927539.1877,907488.7398,63321.9039,844166.8359,303113.7208,45210.55425,257903.1666,0.7913968919,1.247493918,0.7986085186,90.65426698,23.41671666,91.36819106,23.7582155
384,157450.6931,34671.66424,122779.0288,152061.9102,34605.63136,117456.2788,188478.0797,62696.30209,125781.7777,0.620187862,2.87210318,0.7770431518,99.7812709,29.92758042,100.3286423,30.21915815
385,1005521.294,39349.91478,966171.3791,578505.9054,52739.75193,525766.1535,216160.9912,54301.00451,161859.9867,0.1760611834,4.567852625,0.7284663128,72.29020471,57.92393333,72.11437406,57.93294012
386,237609.0938,48038.34591,189570.7479,174384.629,48212.66656,126171.9624,204596.8723,58874.19933,145722.673,0.9379666627,3.902086321,0.847652494,73.49938704,56.81734977,73.96228174,57.6331377
387,53800.01264,58748.54243,-4948.529788,35001.81431,45099.236,-10097.42169,83061.31491,56654.56573,26406.74919,0.8851802615,1.950230558,0.6185582408,29.10919668,70.78377226,28.97563929,71.65881885
388,773377.2229,52802.36262,720574.8603,819470.1092,46895.92984,772574.1793,243215.8256,52425.33365,190790.4919,0.8205615334,3.738809185,0.8034528775,24.24934961,83.78300863,24.58125883,84.53344683
389,68608.31557,66041.16021,2567.155364,44117.08907,48470.01008,-4352.921003,166428.7952,48519.1774,117909.6178,0.4321890622,3.350600157,0.8142110535,99.73301681,81.75640732,99.79125488,82.18465458
390,34001.95043,46387.31186,-12385.36143,68393.3451,54858.18359,13535.1615,154010.5705,60900.25589,93110.31466,2.5257978,1.865374858,0.6937530445,64.08243104,57.96843003,65.61567211,59.97562367
391,910054.395,60885.10603,849169.289,625795.1955,63706.41347,562088.782,282716.4847,44979.43043,237737.0543,1.443868108,1.963556594,0.7091021436,30.17131418,58.3519033,31.18769076,59.37744401
392,1057826.094,55801.86611,1002024.228,817761.7485,55617.20589,762144.5426,261331.5705,56783.78288,204547.7876,0.4518099593,2.954172804,0.5437815031,16.61201095,83.08138292,16.50790567,83.52103543
393,58045.90509,63164.07452,-5118.169437,57680.36957,67575.33301,-9894.963442,113125.1567,46227.54547,66897.61126,0.969969712,1.434910331,0.730971472,88.39190043,57.78544835,89.3585558,57.70533193
394,218062.3204,39439.00584,178623.3145,223430.6345,59375.74322,164054.8913,259330.8455,76021.35968,183309.4858,0.6080814303,3.94972201,0.8560713816,10.04242945,9.867146074,10.46807571,10.3014136
395,299836.116,49727.83942,250108.2766,119500.1319,53901.21769,65598.91424,248075.2619,55421.43793,192653.8239,2.006223534,2.810493126,0.8405567168,36.77247889,20.95291832,37.83676382,22.65357421
396,73187.85501,67949.77882,5238.076194,49640.69072,58772.68855,-9131.997826,141880.3205,45251.05927,96629.26125,1.302927174,2.759531336,0.7199372458,35.9416442,85.93362506,35.78681113,87.22731975
397,74939.58258,60536.75354,14402.82905,36548.66273,50274.39262,-13725.72988,165954.1688,50842.84358,115111.3252,0.05540713044,2.784468038,0.5909787982,94.81418631,15.32805706,94.86945425,15.32413213
398,193590.8907,78094.35161,115496.539,194565.1679,48945.91196,145619.2559,218594.0986,53890.14383,164703.9548,1.689132611,1.980198279,0.6484860707,69.48062774,47.51107622,70.9324463,46.64771545
399,727476.6249,47200.0933,680276.5316,638934.0638,47278.83715,591655.2267,295332.885,56721.6898,238611.1952,1.78214285,2.273341992,0.8295872445,2.088296167,3.607187992,1.868042839,5.37566802
400,45974.81862,52678.15972,-6703.341096,74624.36654,59960.46601,14663.90053,215825.3579,42242.08774,173583.2701,2.719797041,2.499061141,0.7310000213,76.89356472,37.41361713,79.56356259,36.89553675
401,69324.01413,60586.10127,8737.912856,45947.25448,39548.00424,6399.250242,129993.1,48071.34905,81921.75091,0.9302993273,2.761647205,0.7103755814,89.00074962,55.07634249,89.91478175,55.24955362
402,1036347.925,59002.58584,977345.3392,555231.7804,52373.01166,502858.7688,268181.7344,52348.59761,215833.1368,1.376741907,3.09901993,0.814580938,59.73338587,51.24684628,58.77553321,50.25793954
403,39871.39689,58012.27889,-18140.882,40394.29748,57408.99114,-17014.69367,152349.3356,51821.49977,100527.8358,1.562939175,2.672236716,0.5677565982,82.25865277,61.70178291,83.76129456,62.13172072
404,60537.58997,61881.9055,-1344.315526,66470.64642,53092.11292,13378.53349,163751.7892,48115.66914,115636.1201,0.8053947569,3.290810426,0.7760062686,82.10440116,96.90676348,82.70020179,97.44868813
405,71630.87584,59461.59037,12169.28547,43637.03782,50943.23293,-7306.195115,74515.951,44583.79207,29932.15893,2.089099098,1.021800895,0.757614043,46.50200524,85.47629314,48.45889892,84.74492308
406,207733.4776,60857.24304,146876.2346,203364.5723,45787.35474,157577.2176,202826.9662,40052.05673,162774.9095,1.307898862,1.147398423,0.7222999453,87.49686686,69.01875836,88.79697402,68.87620729
407,872650.9843,41284.3693,831366.615,449666.9821,48674.34988,400992.6322,247621.8292,46198.35018,201423.479,3.95320864,1.088117088,0.6462191484,83.54612513,58.93332018,85.99219796,62.0388936
408,820213.5319,51001.6634,769211.8685,488814.9408,48757.52786,440057.413,202442.5695,50730.92061,151711.6489,1.139344283,2.924719123,0.9059869842,54.6328064,6.910385062,55.4333362,7.721099213
409,33134.12803,37277.58779,-4143.459761,30215.81273,49882.60513,-19666.7924,151368.215,42886.47106,108481.7439,0.3882782681,2.610334068,0.4780756525,67.83763394,17.60848829,67.47857393,17.46071846
410,120998.2523,48553.50256,72444.74974,210647.4544,52545.95678,158101.4976,241242.364,46485.37954,194756.9845,1.434124549,4.832114036,0.7148314249,43.17096144,85.4140414,44.43984902,86.08235084
411,50555.86086,61016.52215,-10460.66129,59040.93975,64829.26837,-5788.328614,146756.4635,66264.66894,80491.79453,2.650978517,3.695209516,0.7639820744,24.69236459,66.21678429,23.86795224,68.73631428
412,896260.4225,54021.58663,842238.8359,733611.9054,52535.10958,681076.7958,271764.2299,49636.15091,222128.079,0.4569309091,3.003790018,0.7163149203,24.23253621,99.85912116,24.56459918,100.1730002
413,902065.349,55917.93494,846147.4141,690044.4313,56332.84225,633711.589,368937.9423,47997.01909,320940.9232,1.177268798,4.412830648,1,28.41842854,29.975467,29.56040449,30.2615662
414,57273.53671,55226.17515,2047.361563,51696.23021,53100.5152,-1404.284989,189712.8864,38754.46161,150958.4248,0.8097374847,1.884223426,0.7902213249,6.974465569,36.81445081,7.577803241,36.27439669
415,874479.937,55529.97463,818949.9623,662581.4749,38675.43718,623906.0377,206503.8887,45345.82701,161158.0617,1.739193653,3.767355691,0.686829999,5.093919093,2.236267218,5.805630223,3.823170438
416,54439.87115,65638.52006,-11198.64891,56285.02623,46230.70959,10054.31663,105013.0314,49351.53961,55661.4918,1.319121612,5.024958509,0.765995393,11.09422223,0.002777836349,11.9706558,0.9886510632
417,806806.3071,32452.276,774354.0311,835553.1952,46556.19997,788996.9953,341864.2392,39653.94813,302210.2911,1.820023226,2.532684125,0.7764885524,20.93612746,99.34409983,20.3741254,101.0751799
418,879316.7886,60215.36486,819101.4237,773272.4947,59884.40044,713388.0943,280191.5929,39012.48023,241179.1127,1.556073718,1.447193013,0.7643917469,47.77334679,52.35419537,47.9654071,53.89837096
419,230778.8518,48568.29136,182210.5605,163714.5617,54784.83145,108929.7302,239952.9176,43039.31869,196913.5989,2.227510618,2.088007754,0.9397303482,69.25136576,68.97908391,67.99428406,67.14018502
420,282972.0938,57266.69392,225705.3999,179103.86,57674.84579,121429.0142,237535.9127,42810.51207,194725.4007,0.5591054782,1.427533249,0.7948808972,68.62926489,19.11761903,69.17859393,19.22171775
421,875493.5314,64176.25577,811317.2756,511344.5193,50393.8154,460950.7039,274955.8659,47408.53441,227547.3315,0.2740694645,2.384935796,0.7657613313,97.46777351,58.62922786,97.69889848,58.77652117
422,163813.0341,49688.29526,114124.7388,143606.7176,37851.78264,105754.9349,241099.7651,60367.29218,180732.4729,1.17960183,1.814925795,0.5884981572,72.3914555,17.47103584,73.57069952,17.50008807
423,181276.2893,52089.8629,129186.4264,153646.3558,50544.76819,103101.5876,233780.4761,54192.97345,179587.5026,2.174461751,5.114453928,0.9492286605,2.83365792,2.294703406,4.904184615,2.958934625
424,29401.71479,47914.26272,-18512.54793,39626.28122,51340.08719,-11713.80596,105400.3806,36595.49128,68804.88937,0.4042975499,3.090435513,0.8149638765,23.03686947,86.10299095,23.43333059,86.02377549
425,336570.985,64619.91979,271951.0652,213532.4039,54459.40006,159073.0039,229936.5872,49920.6993,180015.8879,0.02857547501,2.329940397,0.8505963758,35.53754727,55.00582332,35.55784421,55.02593779
426,931650.0611,63410.23468,868239.8264,471683.7591,41925.03657,429758.7225,279231.2402,51922.42781,227308.8124,0.8804602031,3.068335626,0.718455216,76.36381168,59.10791697,75.78712998,59.77323523
427,976267.4672,53553.10513,922714.3621,781405.5053,58261.72957,723143.7757,343446.1448,56734.52433,286711.6205,0.5795459591,2.4587568,0.8133608396,26.53854167,67.35740256,27.00703324,67.69856113
428,173718.853,56946.45886,116772.3942,155355.0343,60382.19738,94972.83689,249261.4862,47299.47849,201962.0077,0.3122142662,2.511673534,0.8406952101,16.0353131,30.80838976,16.19285022,31.07794458
429,48922.64996,48854.72372,67.92623186,26599.55536,44966.00485,-18366.44949,138385.603,51399.00147,86986.60156,0.7659784436,7.768810723,0.9732784689,54.13894743,80.60754579,54.66822251,81.16125226
430,31970.57664,49084.47776,-17113.90112,74540.06057,65734.66308,8805.397485,136530.8343,45458.47928,91072.35505,0.6878598797,2.683760252,0.6390191994,12.05163604,49.18241291,11.3766904,49.31507641
431,52397.42308,49320.81903,3076.604049,45467.38067,49097.28171,-3629.901041,106369.1552,56837.04513,49532.1101,0.1411675631,2.928474357,0.7828442652,55.61568048,62.06231541,55.74297073,62.12335205
432,1063457.013,56753.80821,1006703.204,819426.0546,51147.55908,768278.4955,273186.3665,54920.98834,218265.3781,1.279999001,2.12175697,0.7037344844,92.45887339,78.66064834,93.7220989,78.86718832
433,38230.57636,51589.52989,-13358.95352,59150.32505,63878.25328,-4727.928225,142511.8609,51499.8947,91011.96625,1.291335795,1.885130326,0.7815408242,15.22766326,40.70400093,15.41899197,41.98108412
434,204632.6193,57045.55301,147587.0663,173932.3201,57052.07365,116880.2465,212330.4185,56581.41655,155749.002,0.1407202288,3.727863872,0.9887992042,75.18037423,92.52079903,75.29635226,92.60049396
435,1069557.111,48521.11386,1021035.997,1052707.342,65810.15213,986897.1901,241696.1302,54406.20072,187289.9295,1.386913781,1.028593799,0.6671052405,35.9981095,85.6562397,36.82483196,86.76981944
436,184432.3859,66828.74928,117603.6366,137363.6075,51990.02372,85373.58375,213164.889,46492.58338,166672.3057,1.332593682,1.257117664,0.6756150045,90.35099744,41.89205459,91.28426327,42.84327529
437,60380.0176,57263.91216,3116.105435,39199.59175,51524.71246,-12325.1207,81879.75913,50497.62658,31382.13255,3.322935917,5.721555653,0.7160932802,33.29318447,62.86661698,34.4724133,65.97327474
438,280293.9484,55653.1115,224640.8369,161865.8835,49550.85241,112315.0311,303397.0585,59139.24054,244257.8179,1.07999636,3.997681041,0.765846674,90.63089574,98.4559732,91.7043626,98.33739398
439,967255.4207,45884.28457,921371.1362,590316.0861,50209.43826,540106.6478,347498.3238,36226.06166,311272.2621,2.26880761,3.131182445,0.4652926399,66.28169778,47.74851249,68.38466717,48.59998635
440,922269.6386,51982.58033,870287.0582,823896.3856,48595.24297,775301.1426,205365.8266,53885.64003,151480.1865,1.003894429,0.8830745728,0.986701286,32.23114117,47.44720376,32.82413641,48.25724121
441,186795.8163,54758.05045,132037.7658,194848.3069,48739.00784,146109.299,207085.2138,58857.86052,148227.3533,1.655982189,3.083996748,0.9202688905,17.09662925,0.314542102,18.61540698,-0.3454512395
442,157596.359,46308.36275,111287.9963,184762.3535,54410.33116,130352.0223,235506.2198,45258.75115,190247.4686,0.4805888589,1.101150659,0.5769806167,92.90950205,64.61507387,93.35194142,64.42742244
443,778927.3993,45723.90137,733203.498,753373.8646,59147.74916,694226.1154,337955.3112,52634.56894,285320.7422,6,2.640129513,0.7904045604,37.86150476,27.49959538,41.02255792,32.5993741
444,182875.7883,42618.51521,140257.2731,140182.9265,64499.79659,75683.12988,189329.9902,55524.92396,133805.0662,0.7403055278,3.393777874,0.9494100634,89.74230556,91.39544945,90.27499805,91.90954184
445,31099.11787,41841.44535,-10742.32747,40190.71572,50302.73537,-10112.01965,163134.6424,48992.52132,114142.1211,1.370578032,3.271653102,0.8329536642,65.95748939,8.473104454,67.13205892,9.179412139
446,53029.43294,59467.85716,-6438.424215,57750.96273,61983.93344,-4232.970705,106858.4773,52562.52831,54295.949,1.834620252,3.356539518,0.8938220122,2.81620347,97.61277856,3.843478236,99.13282396
447,48669.91045,51463.7201,-2793.809653,57302.38941,49946.50344,7355.885976,183797.3691,66556.39158,117240.9776,0.9634632883,4.661026975,0.7892517185,93.63322733,72.4548929,94.21650432,73.22173674
448,214690.0225,41613.42147,173076.6011,151207.5507,46761.5805,104445.9702,128979.6412,54121.68191,74857.95925,0.5049128465,3.149098101,0.5802490186,4.517755227,14.1095832,4.71531899,14.57423957
449,737200.6556,52035.61447,685165.0412,834953.4429,64791.02399,770162.4189,263017.5546,62767.12896,200250.4257,0.4274659038,7.647730099,0.7635549532,25.18644851,49.21303483,25.47715605,49.52642952
450,253121.7377,71035.40331,182086.3344,196754.5048,50292.21334,146462.2915,231626.462,46289.7287,185336.7333,0.8861996906,5.979352846,0.67828706,49.48724467,95.07242034,49.60343993,95.95096946
451,157963.3028,46349.29569,111614.0071,116338.7093,50665.68671,65673.02259,191510.7957,53044.50699,138466.2888,1.141168488,7.257249226,0.6202964094,76.75690449,9.951996449,77.68119549,10.62128836
452,949502.3474,51265.41723,898236.9301,568200.188,51885.22217,516314.9658,248194.4944,55966.25785,192228.2366,3.090623313,4.109273859,0.6298936892,45.79189891,4.481474155,45.36911625,7.543043571
453,874775.6521,55772.08724,819003.5649,687236.0639,58226.7442,629009.3197,254776.4701,46546.11224,208230.3578,1.916881636,1.755768168,0.7251876863,77.35776791,71.03396541,78.68208459,72.41982996
454,114662.2394,45420.62492,69241.6145,208935.9904,56440.895,152495.0954,239376.6586,54706.71194,184669.9466,0.6005543038,1.64684351,0.6721316642,19.59601097,10.60842111,20.110809,10.91769197
455,254967.0211,55098.08576,199868.9354,133859.1062,49213.69257,84645.4136,209974.4796,56093.59557,153880.8841,0.07737148278,2.657873315,0.714236369,59.42408625,56.56198104,59.43599601,56.63843039
456,232700.8027,65417.79024,167283.0124,229352.5707,61701.0743,167651.4964,226675.6299,50583.23858,176092.3913,0.4134768451,2.107198634,0.6992865034,98.71242482,19.45855337,98.95785257,19.79131203
457,238862.997,52968.39789,185894.5991,181212.7209,55485.29342,125727.4275,178538.8011,47815.54671,130723.2544,1.28881067,0.9871067184,0.8888438587,95.62528261,2.733069337,96.325311,1.650944945
458,255279.4953,64155.79803,191123.6972,143331.9669,55017.12343,88314.84343,122361.2245,45741.22684,76619.99768,0.7995067392,2.799648367,0.688787004,88.93122311,84.34555422,89.50988167,84.89724734
459,24701.09344,44009.22937,-19308.13593,48420.24804,59443.70291,-11023.45487,138968.0455,53232.31134,85735.73414,0.333941691,2.074551326,0.7303131093,46.71532041,15.43527107,46.93883023,15.68338478
460,1092462.202,45907.09107,1046555.111,514175.6026,55090.09216,459085.5104,249009.5588,48080.88498,200928.6738,0.3658898497,2.150135589,0.7815415564,50.87015763,15.56725894,51.22017382,15.46065666
461,252787.6025,51153.4324,201634.1701,216288.0192,54593.89193,161694.1273,258754.2485,41939.45573,216814.7928,1.220917419,3.285213668,0.6746335744,88.64560919,58.40906533,89.70970145,59.00768625
462,194528.256,64201.42823,130326.8277,167885.8557,56535.7153,111350.1404,182757.8137,40881.48012,141876.3335,0.684195061,1.382423791,0.9477252187,35.24970869,27.74449776,35.88267629,28.00425708
463,785455.2685,53431.36627,732023.9022,751841.0231,62193.10998,689647.9131,268437.4686,44408.69411,224028.7744,1.05170789,2.993582312,0.6690196028,72.8666572,98.35737145,73.65116573,99.05782548
464,898045.8579,60345.30875,837700.5491,783477.6696,64275.61437,719202.0553,245338.3971,43888.72854,201449.6686,4.637825545,1.955847014,0.7061637476,13.80823251,68.25423859,18.32421199,69.31034232
465,826662.2584,44043.75587,782618.5026,825225.8061,64051.66764,761174.1384,259743.8201,50772.06062,208971.7595,0.3053825314,1.505994021,0.8987911021,80.50093912,88.89780227,80.53993636,89.2006846
466,986271.8753,60232.32507,926039.5502,593424.8923,51385.87405,542039.0182,223496.545,31656.60665,191839.9383,2.567172197,2.603911553,0.9072917694,74.95317514,98.06630527,77.05818203,99.53576745
467,883054.2115,66775.275,816278.9365,726469.5069,57036.82165,669432.6852,305447.5856,47042.38115,258405.2045,0.9486655122,1.655527346,0.5863227646,49.37109786,96.15141704,50.31768395,96.21419468
468,172444.6432,61239.24695,111205.3963,139431.0366,59408.7716,80022.26496,183973.0468,42442.04587,141531.0009,1.67096441,3.050956554,0.640028577,3.893037749,22.20667208,2.864582221,23.52363878
469,77508.32797,72877.86158,4630.466384,18881.08621,38491.26581,-19610.1796,97049.58893,53372.90851,43676.68042,1.78501522,3.203369136,0.8342199843,24.2940727,55.84185178,26.04020274,56.21240441
470,203608.8162,42344.27114,161264.5451,137431.4479,50557.25896,86874.18899,320539.075,58515.92315,262023.1519,1.130211381,2.486216722,0.5738745832,21.23213559,23.68070224,22.26353712,24.14285875
471,184462.5923,40571.7992,143890.793,223423.4576,53581.37894,169842.0787,117223.8849,58998.19588,58225.689,0.2452062385,3.30328025,0.9491026598,32.61198796,97.79655791,32.85719193,97.797611
472,43104.87853,60840.24102,-17735.36249,30842.74764,37090.02234,-6247.2747,65355.56887,49615.36951,15740.19935,0.8806648862,2.77253446,0.8922389596,96.67137559,25.36130145,97.52948476,25.55934007
473,57757.8811,57528.26603,229.6150732,42053.70701,50271.79133,-8218.084318,138818.2437,57655.3245,81162.91923,1.171648601,3.251151044,0.783669053,43.94988059,29.01752162,45.05373607,29.41028557
474,183737.2129,64427.11889,119310.094,143971.8597,50251.96043,93719.89926,183790.5818,49589.72285,134200.859,0.9387421672,1.936438755,0.7136682482,14.12766617,20.51262003,14.79052196,21.17734483
475,231095.5622,74228.6552,156866.907,133529.1718,42516.70193,91012.4699,207035.4173,48196.47103,158838.9463,2.418433778,1.582979204,0.8416026173,19.29722117,94.8949551,19.99982144,97.20908016
476,758858.9113,55956.54189,702902.3695,540164.563,48601.89277,491562.6702,266029.3728,42814.00459,223215.3682,2.371163549,1.332068626,0.8203062483,55.73546395,69.92158598,57.08615421,71.87044523
477,159978.8126,61093.31705,98885.4956,157558.6712,46169.26156,111389.4096,189096.5456,25426.67413,163669.8715,0.8329009127,5.191002107,0.7416996923,9.744066492,31.2402155,9.637617774,32.06628608
478,201633.4946,56379.77435,145253.7203,205254.5936,56527.64171,148726.9519,230263.9048,42874.7074,187389.1974,1.979020155,3.793345331,0.9368736045,96.09162962,14.66599238,94.13232191,14.94462131
479,49886.85467,61285.22578,-11398.37111,63218.44743,47430.74563,15787.70179,85433.46035,42757.87268,42675.58768,1.105027758,2.56743907,0.7152299282,89.63773717,87.03484335,90.3080658,87.91333403
480,982940.2978,62106.02514,920834.2727,778583.6162,44138.44141,734445.1748,299943.0533,50907.16678,249035.8865,0.8003206535,2.260944391,0.680735365,70.96846037,52.80654813,70.56126329,52.11756069
481,892712.7909,57295.30969,835417.4812,737015.0472,58276.69286,678738.3544,371009.4238,52241.51664,318767.9072,0.8893930453,2.331573286,0.8830874455,42.75973126,9.472141211,42.84746293,10.35719666
482,771873.2643,59885.6248,711987.6395,865335.8785,44392.48472,820943.3938,227029.8352,55594.97497,171434.8603,0.567493484,3.183365307,0.7248525761,29.29280644,51.49097528,29.56275386,51.99015185
483,731106.952,58436.87263,672670.0794,716684.9337,44285.2159,672399.7178,256739.3666,50229.0761,206510.2905,0.7266705522,2.651819345,0.8266311818,3.028509754,2.169050345,3.014448399,2.895584838
484,776918.9022,63784.54667,713134.3555,716400.9185,59439.20944,656961.7091,300123.9762,66718.61384,233405.3624,3.57649655,2.770259483,0.8132856562,90.220037,4.091072333,86.84349722,5.270185
485,986185.4173,49212.23464,936973.1827,757762.0659,57990.89695,699771.169,229651.8244,42593.47005,187058.3544,0.169441384,2.836550663,0.8532758536,91.9981195,98.45620394,92.07713658,98.60609284
486,49100.65281,41508.13808,7592.514723,39424.98229,48484.56041,-9059.578123,163241.2787,62106.31639,101134.9624,1.618716237,1.352360396,0.7330735389,23.38396546,32.98723993,21.82887919,32.53785261
487,834965.7695,43967.86966,790997.8999,765903.8094,52139.08083,713764.7286,311665.7688,49543.78855,262121.9803,3.091971417,7.570310568,0.8294500851,58.014216,12.5423913,60.15037915,14.77780944
488,960810.8299,59455.47639,901355.3535,775668.7698,44822.28693,730846.4829,296362.9548,43918.84997,252444.1048,1.107149134,3.379149627,0.7209773933,20.23169799,88.24629962,20.51754642,89.31591164
489,191529.1437,56284.139,135245.0047,148033.8372,37235.11803,110798.7192,218808.4945,57415.52546,161392.969,1.025186342,2.007237995,0.8208894867,61.9356403,75.3111411,62.93707723,75.09175306
490,237519.3374,56079.86785,181439.4695,168880.6525,50140.07615,118740.5764,218095.6384,41702.40556,176393.2329,0.9324675233,2.380963759,0.8545617974,96.53373522,48.11561113,95.86054739,48.760835
491,113330.1962,47684.25297,65645.94326,167837.3187,62458.11206,105379.2067,277876.9509,59486.25927,218390.6916,0.8950696815,3.86604808,0.8476716686,55.10370349,89.5468985,55.52982955,90.33402385
492,901468.6133,66599.08625,834869.527,632132.8137,53130.97104,579001.8426,276582.2592,47567.05227,229015.207,0.6289133882,4.876078823,0.7634068207,47.94747283,14.11844816,48.54093026,14.32663156
493,54453.61552,47900.89769,6552.717823,44528.08513,58268.02027,-13739.93514,81143.20126,62658.20923,18484.99203,0.4408055701,3.270522227,0.8247425198,23.53020662,68.33550415,23.55558002,68.77557885
494,716748.8365,40463.34001,676285.4964,883198.9381,58821.53673,824377.4014,321566.6663,43502.80244,278063.8639,0.5421786821,13.11572329,0.8171779404,3.518466633,48.46263756,3.969308735,48.76380051
495,23861.22825,38088.59032,-14227.36207,50022.83312,56198.31506,-6175.481946,183315.0622,54721.67858,128593.3836,1.989071112,1.945361945,0.8401140303,94.20725406,92.22451002,95.71485821,93.52202056
496,882674.1801,65075.83757,817598.3425,779797.4598,64591.98685,715205.4729,253398.5725,54792.5414,198606.0311,0.9147691006,1.179521203,0.7546392736,6.359064065,28.83792464,7.247411579,28.61965599
497,36097.36125,47855.23178,-11757.87053,63432.19553,51033.79709,12398.39844,131519.6641,47504.96359,84014.70054,0.5022819152,3.255853129,0.9239575742,90.04703528,83.39040241,90.07965628,83.89162391
498,1092657.211,60305.74198,1032351.469,883550.23,52851.39837,830698.8317,336107.9322,50932.81043,285175.1218,0.07839616572,2.881980985,0.7995611608,3.031995129,61.65863646,3.053172213,61.73411818
499,884356.3816,40360.89953,843995.482,545682.0849,60013.19767,485668.8873,264389.0049,42538.3805,221850.6244,1.155826636,4.668462904,0.7097470508,56.56078433,72.63296442,56.11655643,73.70001493
500,203788.2497,57487.9817,146300.268,162825.7834,55390.05627,107435.7272,241945.0988,48893.55,193051.5488,0.4992495729,5.686429208,0.6886754786,25.37378338,22.94385536,25.38429052,23.44299436
501,161548.3689,44125.55181,117422.8171,151321.5299,56181.31131,95140.21857,143152.7305,43411.23253,99741.49797,0.5368409075,3.929859949,1,79.38914874,96.24931847,79.90348501,96.09551225
502,182116.2182,55483.70424,126632.5139,113212.0388,51235.15578,61976.88307,188151.2329,46655.8471,141495.3858,0.9277688685,6.818697447,0.9355692673,59.84641149,42.80165891,60.10086426,43.6938522
503,248691.9538,57638.91767,191053.0361,111682.0311,53021.63378,58660.39735,245817.1037,47762.76189,198054.3419,1.236971257,5.644616148,0.6879055888,57.9926554,71.74399668,58.8413919,72.64385458
504,769723.3541,51311.05576,718412.2983,659727.924,55339.65599,604388.268,268836.9524,37587.23327,231249.7192,0.7488800106,3.831914892,0.8051690436,87.90311266,40.02048148,88.50810877,40.46184411
505,854193.3491,51591.17094,802602.1781,707018.3304,49303.24385,657715.0865,245396.655,61530.23242,183866.4226,1.036449117,1.880561026,0.7882767501,57.72408554,37.32914503,57.67196574,38.36428285
506,812598.6385,57479.83482,755118.8037,798965.4305,60121.17147,738844.259,270457.89,39265.07407,231192.8159,0.7391611989,2.758258339,0.7971293117,8.80088981,67.39150505,9.45312532,67.73928101
507,203942.8154,61786.33544,142156.4799,173948.4599,64925.94,109022.5199,236243.3712,57661.41164,178581.9595,1.242027507,4.661815558,1,5.742119064,46.85721471,6.959609495,46.6115536
508,60401.12598,55429.21697,4971.909003,39409.92331,52251.96351,-12842.0402,115670.2526,51945.8046,63724.44802,0.3770857918,6.022597406,0.7843049914,56.18420931,88.16899769,56.55266787,88.24919737
509,242518.1631,51693.33136,190824.8317,176122.6988,56614.33569,119508.3631,130278.2121,57261.10651,73017.10562,0.8682691355,4.159427283,0.8670307524,80.93342735,35.85576383,81.59959055,36.41264612
510,66024.99234,52229.40979,13795.58255,52978.05803,54146.51042,-1168.452395,132644.8238,46244.50927,86400.31449,1.798333891,2.054970922,1,6.009374292,61.82725992,7.775123714,61.48647588
511,984277.7117,70530.5267,913747.185,761948.0543,56754.19713,705193.8572,262426.3129,38061.55104,224364.7619,1.496539404,1.237716578,0.6027073591,86.22971588,36.42616729,86.45114985,37.9062339
512,943315.4079,49569.72446,893745.6834,665531.2999,58901.05843,606630.2415,233940.9468,51619.04038,182321.9064,0.3413054176,1.768329113,0.7843856477,62.20265065,25.19612648,62.3917465,25.48026051
513,937456.1443,67439.98688,870016.1575,973194.6732,43863.13871,929331.5345,226740.5806,52695.53679,174045.0438,0.9215835201,2.761793694,0.7893007303,45.52418896,51.26319347,46.26056764,51.81732578
514,194151.1555,66922.49084,127228.6646,148663.0012,51047.54436,97615.45683,261879.3683,51593.95784,210285.4105,0.7430768439,3.160611598,0.6632894922,35.43809653,30.68687022,35.58887921,31.4144881
515,52107.06855,54765.00959,-2657.941043,30800.2699,33057.86936,-2257.59946,152050.3182,49880.51505,102169.8032,0.9493341687,4.905591282,0.6709482075,70.07025334,58.10389986,69.89562013,59.03703362
516,174331.3992,60712.82712,113618.5721,170829.6041,53697.30649,117132.2976,184455.5876,60599.21394,123856.3737,0.4342637773,3.61992454,0.7018641776,40.15330554,13.55578714,40.52138739,13.7862232
517,877924.053,53038.63931,824885.4137,717370.6195,38116.05052,679254.5689,161005.9437,53740.60507,107265.3386,0.789942996,2.57363347,0.714758171,90.65852288,3.114012407,89.89445127,3.31452304
518,1099680.69,70148.52791,1029532.162,558926.2193,45346.14362,513580.0757,219950.1453,42140.73788,177809.4074,0.4414480939,3.216851924,0.7691406201,3.837126555,31.39326793,3.74985671,31.82600387
519,188287.633,43084.19064,145203.4423,231293.1707,64788.71594,166504.4547,194140.3588,54202.28069,139938.0782,0.4320726345,3.313644787,0.7598881218,81.09978485,98.3536613,81.31169751,98.73019787
520,939666.3735,61190.40387,878475.9696,994745.5941,53885.21269,940860.3814,275248.3642,52727.33357,222521.0306,1.05016358,5.015274516,0.648996081,21.63098029,72.30577317,22.0252389,73.27911982
521,60171.63833,57031.98007,3139.658267,62826.71452,48910.4356,13916.27893,130286.0793,41840.44704,88445.63231,1.031587502,2.871584026,0.6245053107,34.75959653,10.59956017,35.7489941,10.89156228
522,215055.4388,55602.27538,159453.1634,117683.8253,50404.24686,67279.57845,201311.5898,58005.24681,143306.343,2.372749938,6.573995196,0.6985783326,12.13312224,11.85673833,13.1862814,13.98295517
523,896808.3839,68284.74859,828523.6354,712757.4877,61725.12004,651032.3677,268058.941,57503.70653,210555.2345,1.428509869,1.663486947,0.7990324807,97.78021724,67.79427821,99.19645704,67.60744873
524,810217.1313,52651.77685,757565.3544,878844.998,55419.60914,823425.3889,305578.7234,53285.50359,252293.2199,0.2559796526,1.723157358,0.6775382025,90.09363091,52.23351722,90.31963762,52.11332343
525,52437.67677,61670.22584,-9232.549066,69220.10583,50319.15041,18900.95542,139077.4251,39678.99555,99398.42956,1.914548871,3.906230961,0.6346646225,83.46544257,92.40353946,85.13568732,91.46770834
526,905315.5903,55820.20075,849495.3895,719118.7228,49711.33069,669407.3921,290153.6863,46630.27472,243523.4116,0.246242999,2.98131393,0.7851114467,79.15925296,62.91281747,79.39393875,62.98737078
527,208249.9108,75829.83589,132420.0749,125045.635,53560.97157,71484.66346,189422.5788,35761.09589,153661.4829,5.199861953,3.303089382,0.9052407202,31.59024674,69.56931938,27.37849922,66.5197707
528,967243.0629,38634.36124,928608.7016,756499.5714,47995.5378,708504.0336,351604.7927,42081.90678,309522.8859,1.301104716,6.080371783,0.9153375164,5.58874189,82.47210697,6.63520209,83.24527871
529,44317.3512,45665.64877,-1348.297575,55917.71825,51350.36564,4567.352603,106169.5652,42403.287,63766.27818,1.319699225,2.351892247,0.5382834138,75.53302545,14.00907787,76.58621209,14.80431615
530,875624.1289,56643.49148,818980.6375,638651.1921,48173.72787,590477.4643,291063.522,57466.68744,233596.8345,2.302636572,2.265010775,0.9031832591,4.546642461,43.15923576,4.236374488,45.4408731
531,41130.52071,55544.97742,-14414.45671,39935.74589,48057.2451,-8121.499206,188975.1968,34958.74766,154016.4492,1.502400668,2.325516683,1,99.18421562,42.03516969,99.37245811,43.52573084
532,37606.93277,50624.01135,-13017.07858,42908.1322,60975.39521,-18067.26302,76954.73986,56889.28638,20065.45348,0.8010740771,3.433782305,0.5954752854,13.06169201,78.97381458,13.73353199,79.41010659
533,59974.7053,55924.36453,4050.340771,41926.60686,53179.84006,-11253.2332,142567.009,46486.39675,96080.61225,0.1648392919,4.700572164,0.6161189393,8.261656392,61.46967495,8.389046501,61.57428734
534,66214.31692,60026.56045,6187.756468,48994.01918,66591.6359,-17597.61672,105517.4346,50694.82946,54822.60512,0.2869176581,3.377032449,0.6661072263,43.04071033,76.69025013,43.02078736,76.97647525
535,824166.2766,65304.19696,758862.0796,765341.7494,56137.21542,709204.534,159661.5388,33121.24184,126540.297,2.218613774,3.632902448,0.8587581628,77.38686745,54.58433694,78.53137889,56.4849528
536,219801.8821,34994.45963,184807.4225,171016.9863,60303.69311,110713.2932,253932.9372,40893.44757,213039.4896,1.62341642,1.290594688,0.7107714,48.14335254,75.40210205,49.56497832,76.18597769
537,847088.4217,55843.30412,791245.1176,948038.9659,54836.52356,893202.4423,242711.159,45216.62673,197494.5323,1.803786173,0.9012525118,0.7473130879,59.45452113,52.24009985,60.83331817,53.40309739
538,39298.44664,48768.38661,-9469.939967,45562.85672,44840.00194,722.8547752,104580.0404,48687.41527,55892.6251,0.4657402191,3.782759605,0.6019057744,39.14674599,41.91434421,39.26929635,42.36367188
539,46709.59665,65594.42184,-18884.8252,62770.09234,62544.65435,225.4379953,118856.7665,45028.73219,73828.03427,1.740830841,1.467252237,0.7817610575,21.38770873,7.989331768,21.70573308,9.700866906
540,23558.4804,41437.34486,-17878.86447,37907.56104,57176.94951,-19269.38847,204472.4805,56091.13222,148381.3483,1.698618725,9.181443968,0.7078541856,30.33092853,45.37312448,31.64656073,46.4475627
541,806634.8296,43473.18103,763161.6486,640572.5186,54181.47307,586391.0456,270588.6064,51243.02193,219345.5845,1.717124368,2.175933223,0.6102495452,14.21778874,40.85185757,14.14869541,42.56759129
542,229239.9362,54542.99569,174696.9405,222825.8586,64097.67552,158728.1831,208227.82,57245.1193,150982.7007,1.081264889,1.920864094,1,89.00647951,43.12392623,89.95196668,43.64850966
543,222396.53,50354.81694,172041.713,183547.2467,46794.31089,136752.9359,322894.8598,47820.15179,275074.708,3.259914497,3.795297316,0.8532632028,35.35500546,86.5358903,37.30742218,89.14646714
544,935923.2538,47363.32215,888559.9317,859861.3723,54589.35462,805272.0177,224510.1976,58009.06315,166501.1345,0.1783832176,2.24847224,0.6676422969,45.31993798,75.86415641,45.44126589,75.9949238
545,258629.2631,70124.34846,188504.9146,191775.2843,53443.68874,138331.5956,180350.7483,41500.10195,138850.6463,0.9246943007,3.300379363,0.7899349052,78.7453507,78.60654036,78.41932999,79.47185535
546,57973.28131,62171.36644,-4198.085138,21932.9975,49008.1299,-27075.1324,264056.8583,50074.94176,213981.9166,1.617100874,1.04541625,0.8091599138,49.35072269,29.02748319,48.76282024,30.53393131
547,107705.5538,55087.07625,52618.47755,150424.708,42780.10372,107644.6043,209105.9585,37093.21432,172012.7442,1.064034065,2.174913777,0.866391132,1.964090797,13.58286736,2.765646551,14.28263651
548,231912.1083,49465.92572,182446.1825,169570.9715,46728.27496,122842.6966,214148.4671,44031.70825,170116.7589,0.7265955618,4.623846188,0.912831526,61.71896991,22.15129332,62.41787546,22.34996931
549,1023794.524,38521.69681,985272.8275,868002.7087,51904.55992,816098.1488,323465.0404,55915.61417,267549.4263,0.8295567433,2.849133799,0.8851472289,0.3425719429,92.87664187,0.4751188906,93.69554095
550,105695.2653,61228.06473,44467.20059,133342.9419,53204.30143,80138.64044,221120.6493,55825.70497,165294.9444,0.3750709648,2.192865057,0.9378945585,71.63006642,5.286151073,71.86549813,5.57812734
551,45901.77264,39074.88586,6826.886777,35068.67759,48496.71522,-13428.03763,158572.8743,56858.24006,101714.6342,0.2565053278,3.271426851,0.8675361277,26.54912693,86.67465968,26.37855381,86.86623158
552,1016976.25,58467.73395,958508.5157,634022.3895,56081.8267,577940.5628,297902.1011,64744.34777,233157.7533,0.3524751166,5.038615343,0.7284117249,65.07658038,6.779726764,65.00592205,7.125047062
553,140077.4526,64506.97099,75570.48165,146316.1829,51745.90975,94570.27316,203289.9377,46137.45928,157152.4784,0.9649733275,2.158007138,0.7677220091,96.53198312,74.57118881,96.83357946,75.48782023
554,77705.72228,59076.85209,18628.8702,36110.98888,47773.84224,-11662.85336,101776.6043,41352.60843,60423.99583,0.7408718312,1.915167663,0.8024700176,93.25640799,97.07272627,93.94351463,97.34981028
555,57663.63935,47996.46666,9667.172685,66093.52483,64983.51926,1110.005575,182441.7093,64168.99161,118272.7177,0.3624044537,2.767196052,0.8570673905,78.70513677,97.30733229,78.97295734,97.06318248
556,59334.64231,54502.73208,4831.910226,33774.97564,46725.43276,-12950.45712,116672.0091,51194.75354,65477.25554,0.4622157423,5.133528987,0.6996692237,36.32757516,25.65270102,35.87409837,25.742156
557,101032.297,58686.91802,42345.37902,139778.1385,42782.5697,96995.56879,200353.3511,56931.55079,143421.8003,0.4891264584,1.584116433,0.6589598195,59.86591294,63.17513162,60.30971908,63.38075458
558,880848.6835,51577.46262,829271.2209,794610.1287,57018.11102,737592.0177,290461.8278,61947.61878,228514.209,0.2584982324,1.998115629,0.9978775383,52.72431579,79.99196505,52.79014855,80.24193981
559,741374.2954,61194.28448,680180.0109,1016554.567,50783.62898,965770.9379,299299.433,54777.245,244522.188,1.043096792,2.295410313,0.8426269122,7.822020697,63.06965283,8.622530497,62.40089654
560,901169.703,51190.85719,849978.8458,655881.9235,56012.15116,599869.7724,268338.8112,38791.28338,229547.5278,1.184525398,4.998878692,0.5673162124,85.63089384,11.52103526,85.65958627,12.7052131
561,180316.31,70215.29273,110101.0173,114661.0682,64816.42266,49844.64552,203887.6155,60018.85562,143868.7599,1.329571259,1.996505365,0.8742721656,80.1630927,50.92176925,79.98256806,52.23902799
562,63485.00223,56677.72567,6807.276564,39577.26394,40684.95748,-1107.693536,190380.4099,58056.041,132324.3689,1.882578038,1.861814317,0.6575193443,96.68946687,37.84237584,98.37029774,38.69026005
563,130025.349,27526.91763,102498.4314,154831.984,50272.76053,104559.2235,197598.2267,48274.78492,149323.4418,0.1814773923,5.521915066,0.7047750732,3.555649925,15.91654891,3.736569493,15.90233083
564,731015.0174,63083.90154,667931.1159,662934.3114,50284.06105,612650.2503,266121.5387,47512.2815,218609.2572,0.4937781712,2.4254629,0.4803454422,7.37574708,34.77583832,6.882002458,34.7700824
565,886843.6108,64016.63937,822826.9714,863090.5405,51987.00544,811103.5351,263656.9227,58385.20548,205271.7172,0.6820419543,3.618770949,0.6058650712,29.60884617,58.92346508,29.44302167,59.58504157
566,853632.529,47743.51231,805889.0166,772797.1309,55064.34397,717732.787,322877.8605,47527.39473,275350.4658,0.9284634051,1.848045971,0.8970124381,68.77785058,30.4174333,69.51464939,29.85248038
567,955605.7687,64028.23441,891577.5342,716622.0376,70106.82728,646515.2103,295463.822,55182.33589,240281.4861,2.381312388,1.526425798,0.7894285343,52.828038,72.94962849,54.87890535,74.15983169
568,46725.18702,57334.50748,-10609.32046,45014.94248,62820.65002,-17805.70754,121474.6061,45012.62206,76461.984,1.074797551,3.293586758,0.7310820965,7.901406238,75.96251607,8.637186788,76.74598065
569,635965.5566,56501.88844,579463.6681,613572.6502,58373.30987,555199.3403,262910.6818,47557.84159,215352.8402,1.035282839,3.296464991,0.6792476154,75.776308,98.18870531,76.76541353,98.49445162
570,68470.63935,67542.48495,928.1543985,40547.34915,50980.98191,-10433.63276,115408.1663,52650.59187,62757.57443,1.710613713,2.646052459,1,97.92898028,35.14311548,99.61211971,35.44846925
571,184972.4525,42512.68033,142459.7722,124168.3096,53638.16803,70530.14161,171258.7651,62013.53453,109245.2305,0.7772624218,4.347891567,0.8707348389,11.7285427,92.42179769,11.88159994,93.18384122
572,1056341.199,54231.52091,1002109.678,666210.3901,47144.59026,619065.7999,276141.0458,64021.51182,212119.534,2.474491063,4.311987724,0.777151258,46.98357573,47.54519264,44.56531732,48.0697232
573,225100.4423,56855.18618,168245.2561,126024.1852,47513.22091,78510.96426,193508.9449,45118.05869,148390.8862,2.199948009,7.05361759,0.9477056407,46.40202591,85.76530593,47.8731209,87.40104759
574,52360.40067,60256.40045,-7895.999783,53890.17561,48422.8752,5467.30041,145300.0556,57315.87192,87984.18368,0.5776879796,4.320550936,1,43.39116022,26.32358027,43.73714127,25.86095676
575,896200.4116,40724.23459,855476.177,571527.5288,47478.30325,524049.2256,332156.9051,55872.747,276284.1581,1.838900571,2.68488988,1,25.02827803,30.58798347,25.14495087,32.42317903
576,220409.7535,56453.84138,163955.9121,181609.0442,44771.2469,136837.7973,183946.9585,44086.46081,139860.4977,1.236305635,2.925277996,0.7774225218,26.31005358,34.53865181,26.12945424,35.76169535
577,169893.7148,55287.8755,114605.8393,180346.3807,45732.74897,134613.6318,237911.1789,45517.2701,192393.9088,0.7145147839,1.803583995,0.9087442436,92.65104611,50.6353184,92.26928893,51.23929922
578,164765.8661,49744.40088,115021.4653,178637.9486,57770.69396,120867.2546,217196.5675,56304.28946,160892.278,1.135607357,4.038493322,0.5898416541,62.09494238,74.64691306,62.34773204,75.75402708
579,797925.8909,50157.57653,747768.3144,608111.7459,63677.66063,544434.0853,311008.0522,50359.42846,260648.6237,0.8390067096,0.5691793285,0.8439768816,7.203806089,32.94069107,8.005652691,32.69376135
580,189407.3119,52389.06199,137018.2499,167479.1081,39348.58312,128130.525,233453.84,61129.23889,172324.6011,0.8942998419,4.123879318,0.866177394,47.33942222,60.17944584,47.59994136,61.03495854
581,168533.4672,58174.9949,110358.4723,252320.0601,61104.07274,191215.9873,194816.4897,51520.80862,143295.6811,1.506635513,3.720239814,0.5681952379,82.3453601,11.20517443,83.82125143,11.5079868
582,34272.89848,53680.22942,-19407.33094,48069.80874,48094.98285,-25.17410721,120280.1134,42245.69986,78034.41355,0.1770003951,1.134599506,0.8432490011,98.99538958,52.30324492,99.05794248,52.46882352
583,842923.2253,53516.16347,789407.0619,938664.6291,66404.52671,872260.1024,310125.7231,47018.677,263107.0461,2.594820954,2.341301653,0.9431489335,23.29451826,35.80570369,21.46399532,37.64480171
584,796664.4051,57055.04892,739609.3561,851809.6814,53447.11383,798362.5675,353471.8956,39302.4377,314169.4579,0.9619490595,2.430988837,0.9703751365,47.21831654,54.21838009,48.00434789,53.66385262
585,234976.2716,59501.43507,175474.8365,135104.6987,52898.95384,82205.74486,221337.3104,47060.15525,174277.1552,1.209559162,1.810879431,0.7356835848,29.60193493,92.23818712,30.77700193,91.95139292
586,603850.8991,52519.49266,551331.4064,662827.1579,53786.0799,609041.078,245205.8821,35456.54604,209749.3361,1.426254356,6.720949829,0.8126125515,30.12641185,90.16986505,29.60844415,91.49874087
587,43299.89265,49854.36421,-6554.471555,48340.3516,46952.47744,1387.874162,184192.344,51984.44338,132207.9006,0.9814863808,6.758621834,0.7093325313,75.39513323,53.01345311,76.30191647,53.38903222
588,57191.64943,60649.5876,-3457.938174,54476.76819,53294.67288,1182.095305,102881.1361,43803.90773,59077.22835,0.616127002,2.673532755,0.8966992258,71.18038621,45.82180434,70.65570995,46.14480172
589,678380.2318,54604.42327,623775.8086,533726.7368,64133.53343,469593.2034,241117.3572,45232.98678,195884.3705,1.350739686,6.593319614,0.6078407552,62.36421795,96.24949328,63.08726591,97.39041368
590,47939.40693,46600.24159,1339.165342,59463.52589,56745.8655,2717.660387,207850.3994,45247.433,162602.9664,1.012206926,2.36561086,1,98.84011621,89.07146858,99.54368333,89.79917468
591,178625.4438,59015.20536,119610.2384,238004.7086,53824.99234,184179.7163,159581.1052,39804.88847,119776.2167,1.105053912,8.265577605,0.6528297811,88.47589078,34.96089302,89.13155019,35.85041811
592,33999.20293,40791.56754,-6792.364615,46369.01751,59981.47678,-13612.45926,150278.5472,52771.22649,97507.32075,0.7402701636,2.440037949,0.9353475729,52.40376379,55.44567997,53.09003225,55.7232327
593,236224.3826,45528.8731,190695.5095,176986.9099,57596.35667,119390.5532,224892.2985,54994.71645,169897.5821,1.008366404,3.533142001,0.5044002818,8.019465797,10.247753,8.274574939,11.22331547
594,233021.2955,53765.66849,179255.627,130943.3141,59516.33385,71426.98024,216192.7139,50284.34257,165908.3713,1.024830833,1.736893881,0.659656974,46.36869505,67.90828233,47.32391921,68.27953028
595,940940.4953,61334.88795,879605.6074,626385.429,62785.40663,563600.0224,379750.9771,43918.28978,335832.6873,1.351040515,1.759665034,0.6395346617,65.2439772,10.71567585,65.8943032,11.89989988
596,976846.5041,44866.83804,931979.666,682558.0737,52811.5951,629746.4786,312938.5391,57712.29683,255226.2423,0.6460090884,1.788347897,1,90.02813214,78.81331295,90.3573059,79.36916579
597,183779.4799,50159.59828,133619.8816,133705.732,53095.96364,80609.76839,320769.0308,58450.86531,262318.1655,0.7737953064,2.405252797,0.879386331,15.98566728,99.04163166,16.62999437,99.47011945
598,908665.9844,61198.13356,847467.8508,818878.3079,60556.47168,758321.8363,280411.917,47082.19571,233329.7213,0.7032499608,2.826280558,0.540509763,49.9845835,87.11007747,50.62300013,87.4050092
599,35074.21993,46631.22238,-11557.00245,46202.09018,52247.76515,-6045.674968,103570.7261,38145.9716,65424.75447,1.249626571,3.156857696,0.6076204077,32.59203948,14.50548951,33.48863142,15.37594311
600,58525.60276,61073.2305,-2547.627747,68807.30409,64278.2586,4529.045497,180105.4881,38424.71923,141680.7689,1.383815003,4.85014532,0.703320962,70.26551175,48.69599727,68.9694047,49.18081733
601,1094807.168,49780.41042,1045026.757,704830.5459,51752.8776,653077.6683,288555.904,26142.34278,262413.5612,0.7069294882,4.805589731,0.7926840515,78.05662349,78.81060496,78.7569816,78.90677057
602,49207.16328,58977.9879,-9770.824623,46744.97014,41816.95822,4928.011921,163204.9225,40793.18936,122411.7331,1.064249744,2.324945454,0.8470354105,26.34326332,35.48061738,26.96882207,36.34160737
603,232426.4893,69309.88057,163116.6087,178528.0961,58124.4078,120403.6883,207070.2343,44616.55462,162453.6797,1.627681685,2.257221945,0.7558279306,41.8666746,37.19237126,43.47550047,36.94533487
604,41041.23843,57052.65775,-16011.41931,39523.01895,54756.476,-15233.45705,85592.88587,45020.3092,40572.57667,3.722066379,3.456158424,0.9439220043,58.90100875,22.00885787,61.47644492,24.69603235
605,147086.7295,64973.62388,82113.10567,150861.7323,55950.45458,94911.27777,215331.59,52173.24699,163158.343,0.558571644,2.773874559,0.744375155,67.32256487,99.98687391,67.84796962,100.1764844
606,27441.22315,42558.11313,-15116.88998,54860.57763,50622.68817,4237.889456,178621.1232,49987.40497,128633.7183,2.806540026,1.732460841,0.7956143181,20.37837753,45.23048182,19.37150766,47.85019173
607,1040830.699,52096.29512,988734.4041,717907.9558,56058.90491,661849.0509,292248.665,49615.65698,242633.008,0.6311112477,4.622190725,0.7405680046,83.87568431,89.204319,84.23255866,89.72483999
608,233074.2943,41866.38131,191207.9129,193916.117,70004.37374,123911.7432,245715.9838,42071.51998,203644.4638,0.7398645926,2.526303901,0.7649706743,29.02714095,33.68282366,29.5689837,34.18661534
609,259377.3304,40300.44115,219076.8893,131258.2251,59674.42855,71583.79653,219681.4043,54756.84238,164924.5619,1.770738358,2.627011976,0.5836279162,89.69647759,94.29803571,91.23845744,95.16855996
610,49274.81676,48025.81633,1249.000433,39577.28173,49177.39543,-9600.113701,151218.4402,45554.30139,105664.1388,0.7653760169,2.917681321,0.7032095625,37.49202686,61.50806306,38.10816448,61.9621279
611,907357.891,51936.48409,855421.4069,584517.843,48725.46177,535792.3812,273756.1521,54081.1454,219675.0067,1.936497025,3.559637125,0.7556939312,52.02586395,51.36227187,53.63386083,52.44133016
612,69789.68333,69655.59376,134.0895664,61620.25749,63438.05619,-1817.7987,182108.3762,59119.0903,122989.2859,3.475512704,2.916867394,0.7442900383,17.04364645,84.40014813,16.81511019,80.93215739
613,200019.3627,36382.92629,163636.4364,212044.3115,53217.49783,158826.8137,202905.2447,38166.22565,164739.019,0.6952774853,4.704833841,0.8237958261,35.65509394,95.87144248,36.19904521,96.30448728
614,62161.80299,67516.37243,-5354.569439,33603.94198,47370.58699,-13766.64502,161904.1154,50495.13189,111408.9836,0.5527318506,4.023893141,0.8306500859,77.38907643,57.50007665,77.9312554,57.60756835
615,247081.141,57188.65852,189892.4825,201755.0009,55295.74227,146459.2587,178355.5643,54556.60969,123798.9546,3.590352871,2.633784434,0.856842459,24.45619183,49.46399649,28.00143436,50.03134924
616,1059706.853,58271.79452,1001435.058,858373.4183,63954.30404,794419.1143,256403.6901,44593.39946,211810.2907,1.126320674,2.335817049,0.7903392206,96.28994573,90.14335805,97.27738518,90.68517129
617,838548.8997,56680.55986,781868.3399,616425.1725,49207.25074,567217.9218,242262.0155,48118.26336,194143.7522,2.163953908,2.834784981,0.9489104439,41.37582996,17.75327128,42.75985132,19.41675599
618,935689.5732,50977.19346,884712.3797,725596.8357,54199.36392,671397.4718,385781.5005,51669.02498,334112.4756,0.7479329771,3.687411467,0.9850021751,73.26348015,61.61628116,73.50886083,62.32281641
619,986513.3998,68451.65248,918061.7473,731404.2435,60128.22605,671276.0175,277289.9222,54401.24259,222888.6796,1.689101102,2.866352329,0.815782856,6.209467662,47.08766824,7.554661485,48.1091946
620,50224.00476,50359.56781,-135.5630475,60494.54845,53038.54382,7456.004633,151896.1068,61898.46661,89997.64015,0.08072022456,2.750509109,0.8774833082,15.88647669,91.46318896,15.88299699,91.38254378
621,60258.75641,50083.77981,10174.97659,39347.72034,49139.38081,-9791.660467,216440.0957,63922.89389,152517.2018,1.08944801,1.755589712,0.8784392041,26.25329799,52.68081758,27.04951822,53.42441042
622,915144.9297,59656.22236,855488.7073,602309.1539,53705.44449,548603.7094,274967.5651,38519.37342,236448.1917,0.5040901874,2.3082889,0.7506002303,54.26356098,85.96235552,53.89310534,85.62049366
623,53995.70869,56332.31264,-2336.603954,42210.65996,39461.02258,2749.637379,169993.2838,52278.81604,117714.4678,1.249653141,1.563067395,0.6429093666,45.78387461,64.70472136,47.01707281,64.90684797
624,214756.7424,63241.95862,151514.7838,217749.588,45505.44654,172244.1415,271429.6329,48900.73167,222528.9013,0.3624704759,2.249296441,0.8740741667,25.61173629,0.07596525774,25.94514988,-0.06623256473
625,193046.7449,53041.06321,140005.6817,175856.7673,53599.64701,122257.1203,253995.2868,54024.46141,199970.8253,2.64085286,3.732345529,0.8515332483,75.0361157,38.14029472,77.66335774,37.87252042
626,215447.9815,47705.80237,167742.1791,144382.1765,52528.31351,91853.86296,215661.839,46740.76095,168921.0781,0.7347739971,2.131254662,0.7267990939,71.79555277,90.20598042,72.22563075,90.80173687
627,152330.7327,54487.40507,97843.32761,197375.4182,37043.05329,160332.3649,160406.0934,50678.59605,109727.4973,0.888563853,1.659942517,0.7295124581,44.4167798,0.287839954,43.53595749,0.4048774329
628,284891.1932,60021.92578,224869.2675,135116.1712,63112.74963,72003.42157,224176.8049,53572.00672,170604.7982,0.3574316293,3.084729678,0.8062799292,8.800376275,31.19853673,8.976822372,31.50938098
629,64531.38433,61026.43718,3504.94715,37254.68657,39467.52102,-2212.834453,49147.85073,44533.03436,4614.816376,0.8474980535,2.667550385,0.657566599,36.64455981,4.054893533,37.02103226,4.814183628
630,247521.1459,59669.12954,187852.0163,141138.6657,56167.21493,84971.45081,177141.4523,43671.1979,133470.2543,0.1989417935,3.265933526,0.899899961,14.36987021,4.518492664,14.55917589,4.579657967
631,540114.7465,41749.88582,498364.8607,772634.5318,53586.53798,719047.9939,386550.4076,60447.93041,326102.4772,0.8472665154,4.351434798,0.8740547583,6.921321975,39.56100433,7.397120983,38.85995095
632,46890.76308,53233.28938,-6342.526297,47619.93944,56744.23195,-9124.292513,148632.5345,62601.38827,86031.14621,0.4625677081,5.151450204,0.7999775719,25.06552608,15.79427712,25.14028857,15.33779113
633,63012.61689,70318.95028,-7306.333385,57920.19828,52432.31977,5487.878518,104922.0002,67699.00022,37222.99996,2.181946078,4.844048384,0.6980587222,82.33264226,46.91235511,84.4491976,46.38218328
634,775237.6417,49536.54217,725701.0995,722600.3852,55461.09705,667139.2882,275643.6572,53776.65201,221867.0051,0.06056647575,2.55171132,0.6487717715,76.56786467,29.36785718,76.58918287,29.42454785
635,979786.8482,59419.70681,920367.1414,734534.7405,52596.05853,681938.682,296935.4965,46839.30381,250096.1927,0.5141083269,2.231899931,0.7554917635,75.12663087,45.90362352,75.56514256,46.17197938
636,65022.69402,54408.04765,10614.64637,41893.33648,51744.28908,-9850.952599,170279.0718,57924.96237,112354.1094,0.5814878087,1.371130172,0.8114155199,25.88367743,72.1516093,26.15555635,72.66562285
637,239370.8941,62573.89701,176796.9971,157883.0466,52562.78003,105320.2666,199918.9728,41338.18321,158580.7896,1.131546726,4.564863231,0.568902445,75.86553016,24.63033883,76.78226871,25.29365506
638,57254.13366,53061.46676,4192.6669,52541.8485,52520.80341,21.04508981,209585.1675,46880.34966,162704.8178,0.916977967,1.922971875,0.8875201649,76.09674721,67.74597258,75.19556846,67.91545843
639,969179.9621,62387.34115,906792.6209,701414.2704,44276.94088,657137.3295,250387.8853,55745.45069,194642.4346,0.4023510138,3.065612714,0.6304588461,6.405022579,23.89512621,6.742336156,24.11445676
640,38679.45264,57701.61819,-19022.16555,66224.41876,56235.07383,9989.344923,93907.19181,51475.71907,42431.47274,4.193943843,2.17496077,0.9131059344,78.5558404,70.53279769,81.57003294,73.44892669
641,42801.80513,56378.68083,-13576.8757,48754.21797,51664.18885,-2909.970885,101859.3982,48065.55071,53793.84748,0.7048533121,2.296475435,0.7145663588,8.396416959,44.59371272,8.341728898,45.29644126
642,60318.885,55990.79168,4328.093318,33367.79294,42316.76694,-8948.973993,242551.3093,54158.80274,188392.5065,1.957959206,4.532990046,0.8427855712,21.3438766,92.10775715,19.81439347,93.33016691
643,949604.1446,58811.43961,890792.705,735390.2363,60429.24016,674960.9962,290054.3986,57536.25225,232518.1464,1.940339476,1.913533628,0.7883076383,6.579911005,6.418054718,6.711291835,8.353941172
644,975388.348,60176.34959,915211.9984,767013.2403,55865.72347,711147.5168,277152.5129,49525.57274,227626.9402,0.9245779051,3.213511194,0.8182247979,59.85405576,5.671334863,60.5533559,6.276168405
645,50742.91213,50249.73537,493.1767628,47241.04738,46385.10824,855.9391377,140506.0208,51799.45389,88706.56692,0.9840318213,1.939002439,0.9608829364,97.32337098,48.55010025,98.20241871,48.99236004
646,34550.53195,58137.51101,-23586.97905,30990.96117,40968.87472,-9977.913548,174241.4626,44827.10557,129414.3571,1.16894421,2.060961409,0.6951109795,0.1367343696,22.37798227,0.6637053557,21.33455898
647,332513.8132,72398.99781,260114.8154,230606.1088,47365.53279,183240.576,201300.1467,52451.24773,148848.899,0.5822132497,3.493367379,0.7551201672,87.50121089,35.10900081,87.83435605,35.5864802
648,220564.4094,60702.0298,159862.3796,196603.1116,51940.09765,144663.014,244148.996,43442.70821,200706.2878,0.4362360325,2.396215188,0.8681889055,91.1778199,65.08803563,91.38582017,65.47149066
649,73016.10235,65232.16357,7783.93878,49776.72287,39811.04667,9965.676197,156478.2406,51848.96454,104629.276,2.29291579,2.5412386,0.7701973799,19.75941108,0.9729832765,21.4744659,-0.5488740668
650,50844.88411,56719.24644,-5874.362329,57028.68421,53760.42682,3268.257392,154686.2851,50917.25145,103769.0337,0.8055848445,2.430909725,0.8319614844,86.97941424,49.83544269,87.42267023,50.50811726
651,252592.8252,58733.11995,193859.7053,145276.5311,50640.83103,94635.70008,216940.6198,54456.71071,162483.9091,0.6663089472,2.367292505,0.792147061,30.48602988,40.25212335,31.14638761,40.163268
652,930350.722,56313.82357,874036.8984,903220.4973,49411.05582,853809.4415,296153.5821,45242.6081,250910.974,1.270429195,3.762316143,0.7003863176,13.02758196,3.313554895,14.18162984,2.782363948
653,45072.19741,56386.01943,-11313.82202,39985.37822,48289.63061,-8304.252398,173045.0971,39407.76111,133637.336,0.9610061759,2.372135101,0.7437671845,48.39535163,33.54154732,49.17375218,32.97796463
654,170720.3105,68308.71238,102411.5981,116473.4766,50319.13741,66154.33924,220810.1867,60124.3964,160685.7903,0.9636680463,2.172879622,0.6233430455,56.94204821,19.40480845,57.89524124,19.54650934
655,721887.8519,52270.80921,669617.0427,830295.2345,56758.11072,773537.1238,248022.2507,43625.18618,204397.0645,1.812518844,1.972754393,0.9364248612,25.13053946,9.890435073,23.79153365,8.668842668
656,262346.2804,59165.27423,203181.0061,195977.2729,49468.05252,146509.2204,160533.5856,63012.85016,97520.73547,3.608587234,4.100860051,0.6512794273,97.27556139,4.554160647,93.88461696,5.788420638
657,211938.5098,67912.82698,144025.6828,152004.4291,46551.98032,105452.4488,217402.337,50815.07591,166587.2611,0.882768741,3.344433929,0.8872705807,18.47256714,48.37832408,19.24386257,48.80772369
658,297917.3482,53904.34221,244013.006,180112.8421,48406.50133,131706.3408,275444.0119,52041.53558,223402.4763,0.6705451385,2.669515636,1,16.44141494,69.66910766,17.07247388,69.8958132
659,185797.6899,56187.25833,129610.4316,175609.6141,62019.03718,113590.5769,207546.1456,40364.21114,167181.9344,0.9051486678,5.442162539,0.5701828676,64.61975897,40.4673241,65.14639195,41.20349786
660,162028.6735,42837.43701,119191.2365,178126.8737,41409.23318,136717.6405,154986.7009,42582.48351,112404.2174,0.7151554772,3.799605843,0.9160826508,50.11264976,24.37546689,50.82540944,24.43395613
661,920886.7881,45155.67194,875731.1162,846782.6824,59665.08699,787117.5954,269659.5977,43016.42919,226643.1685,1.451144083,3.865923244,0.7535311961,57.96885109,19.70957776,59.24705877,20.39660343
662,197993.9635,65836.47246,132157.491,143179.5214,50119.14721,93060.37422,191494.8028,43243.91747,148250.8853,0.8599536634,2.769562431,0.7904647552,73.71098348,18.53767286,74.57024037,18.57228358
663,44778.90052,50054.33643,-5275.435914,39165.02534,50104.2146,-10939.18926,102743.2741,55636.98523,47106.28892,2.408393874,4.33934407,0.848107205,22.135186,14.31867614,24.54315954,14.3636705
664,924891.6156,49764.89499,875126.7206,751727.2625,37926.45706,713800.8054,339283.4073,49516.38793,289767.0194,2.222695466,1.935966294,0.8264176231,39.0722279,75.29581464,41.21740339,75.87770573
665,60493.14714,62634.61189,-2141.464746,37593.4824,49237.02096,-11643.53856,112380.7882,52478.3526,59902.43559,1.142149138,3.826098074,0.6841446188,53.87421687,60.20269805,54.69083585,61.00122049
666,228618.7005,51684.96149,176933.739,135759.1912,62692.70627,73066.48488,240553.4732,49103.85941,191449.6138,0.5765150008,2.655003971,0.8194473947,46.89790179,34.55615954,46.85538777,35.13110484
667,45880.17807,53942.24905,-8062.070985,42082.45218,57198.23606,-15115.78388,182511.6655,48781.92373,133729.7417,0.3279484847,3.500396372,0.7498883426,56.58889912,0.5316535051,56.87168821,0.6977274083
668,726022.9967,53698.79909,672324.1976,652859.6791,48864.35196,603995.3271,302777.9825,54808.84645,247969.1361,0.4457391834,8.644825062,0.9776962531,24.67791536,25.59068815,25.0957791,25.74584392
669,702329.7712,58396.6116,643933.1596,883296.1764,48567.8049,834728.3715,269413.4908,51437.29072,217976.2001,0.8925413397,1.520473711,0.7507278547,8.935250367,73.51792775,9.449995343,74.24708319
670,59379.89353,46340.6009,13039.29263,58271.13962,54627.44177,3643.69785,129479.1297,43791.7105,85687.41921,0.02,3.228495851,0.8944503805,63.25680434,6.337968801,63.26625563,6.355594722
671,76262.13731,68796.21127,7465.92604,53315.8871,35637.60378,17678.28332,67303.33381,49470.04479,17833.28903,0.4903770527,6.553501219,0.8748012669,12.86780966,32.22529786,13.03701978,32.68555603
672,244104.9325,61305.50421,182799.4283,208065.8553,60178.88775,147886.9676,162330.7393,55031.51072,107299.2286,2.019628453,3.193544412,0.8300186142,30.38357269,95.61372636,31.5603274,97.25511219
673,181387.7735,59407.06835,121980.7052,212307.6775,49960.2,162347.4775,150794.4131,54808.88243,95985.53069,1.650264898,1.796087587,0.8066881,47.88601047,46.92546414,47.74453421,48.56965352
674,1126968.898,52991.46358,1073977.434,865179.5243,57707.50295,807472.0214,279582.7581,43966.15785,235616.6002,1.342714495,4.406917536,0.8836600977,96.53000765,50.83747421,95.32152561,50.25227905
675,764299.1631,72936.37916,691362.784,740928.0674,60754.94386,680173.1235,270925.2584,45170.74159,225754.5168,0.8756187101,1.807953906,0.7998204255,45.48441423,10.51594845,44.61876377,10.64769598
676,1159348.022,54983.30496,1104364.717,535505.0312,51548.89117,483956.14,274767.1587,54757.16162,220009.9971,0.4093672941,4.933330148,0.7629409081,3.996216554,57.88677076,4.331895078,58.12108147
677,739531.1075,55441.95226,684089.1552,560163.6963,38378.93557,521784.7607,225450.2948,49574.82139,175875.4734,1.305213139,4.454027707,0.5691656419,40.95535211,43.06366826,39.87310331,43.79327012
678,956651.8651,57470.44356,899181.4215,611761.7868,42411.41769,569350.3691,229863.1717,53430.66087,176432.5108,2.712499017,1.890470498,0.8486785861,76.394311,60.61224745,78.75442419,61.94922788
679,271043.9625,63993.36146,207050.601,126617.2026,44966.27454,81650.92806,193053.8192,52482.71032,140571.1089,0.7658211921,3.458619204,0.9095382341,83.106613,72.84868653,83.40984874,73.55191493
680,238486.2388,47622.57567,190863.6631,184684.3535,50874.64872,133809.7048,291070.7714,56622.967,234447.8044,0.1605869423,2.084052962,0.6920279677,93.37975337,70.00348393,93.53828887,70.02907029
681,56922.83073,59822.53232,-2899.701583,38764.34372,54307.59662,-15543.2529,129971.3254,44317.51742,85653.80797,0.485964259,3.047419242,0.8913051225,39.74524296,13.6835261,39.58190104,14.14121669
682,54262.94037,52327.34722,1935.593149,58384.08825,58785.72546,-401.6372048,101679.8167,58099.16858,43580.6481,0.8417663936,3.216469716,0.517902224,33.11756909,44.84595699,33.21581342,44.00994341
683,222532.6435,63924.65702,158607.9865,147081.8172,48442.94663,98638.87057,200699.7728,54080.5051,146619.2677,1.104355714,5.279164751,0.7904529206,40.14355834,62.31425412,41.09873415,62.86854711
684,1020830.262,59828.98608,961001.2756,882260.8937,49543.72706,832717.1666,277536.3801,47377.34849,230159.0316,1.143518699,2.800992387,0.7523892208,40.81102142,28.38202074,41.0035879,29.50920891
685,148287.0308,46091.05663,102195.9741,128947.6432,52604.00183,76343.6414,172461.662,47234.55333,125227.1087,0.8535902078,2.90574693,0.9081838391,34.79879362,89.12878544,35.28044751,89.83350224
686,46844.90256,45277.18583,1567.716735,50658.78721,55253.84144,-4595.054238,95716.68737,59221.09147,36495.5959,1.507291595,2.715812909,0.9988359188,20.17350543,39.77768033,20.72138699,41.18187183
687,737842.9692,55665.88325,682177.0859,662559.1307,48803.98439,613755.1464,285256.2862,51346.6092,233909.677,0.2220257137,5.897047542,1,12.25123501,94.4862371,12.22785683,94.70702858
688,241145.2536,42451.38291,198693.8707,226594.4056,55752.60885,170841.7968,203378.7122,37565.36084,165813.3514,0.3446473359,1.193755307,0.7650994995,62.07466496,22.56696502,62.09559683,22.91097613
689,853714.4259,67821.21643,785893.2095,827050.5448,57765.58807,769284.9567,287144.5608,46280.91507,240863.6457,0.5658141153,2.257993567,0.7585881371,75.98994542,21.18847678,76.54075461,21.31791733
690,826444.2557,61668.3664,764775.8893,759237.4947,44411.35741,714826.1372,269476.1642,45597.22626,223878.9379,0.9783099607,1.174581438,0.7270200217,74.28567778,80.63544374,75.24918566,80.46590628
691,50401.31507,38807.68544,11593.62963,38112.38968,45945.57449,-7833.184811,159998.2598,49731.14348,110267.1164,1.696542675,4.894323402,0.953210904,8.949283199,79.98475879,10.49022097,80.69452483
692,250478.2067,60130.15297,190348.0537,210212.5901,74976.19195,135236.3981,165541.9728,46533.73277,119008.24,1.397447807,3.746241131,0.6547871371,22.56813931,5.873146037,23.52651921,4.856107037
693,178122.0922,50967.20979,127154.8824,166786.4925,38866.68075,127919.8117,207231.5601,49518.40164,157713.1585,0.4569069169,1.921430154,0.8839417348,1.435745777,94.75062619,1.705530843,95.11938079
694,805707.3259,54998.4536,750708.8723,752649.2433,62265.97695,690383.2663,249307.7878,51656.49099,197651.2968,2.009153369,3.072430044,0.6976945623,12.74946942,43.14688297,13.2940796,45.08081601
695,33617.27728,48601.97265,-14984.69537,63103.56448,56865.03331,6238.531167,161820.4145,55311.17407,106509.2405,2.459599978,4.833890154,0.985057365,10.40156635,74.10436945,11.05781725,76.47480544
696,1075736.522,66481.90133,1009254.62,797294.9011,46297.7588,750997.1423,230613.5855,42348.32231,188265.2632,3.671480555,4.427347148,0.7953230045,23.87952415,83.51512903,26.59971231,85.98096476
697,213459.7503,60823.37872,152636.3716,149772.9107,54210.72593,95562.18472,224625.9222,44949.82636,179676.0958,1.222700887,1.814637247,0.7683039616,60.41611039,92.3835945,60.72547049,93.566512
698,950025.5548,63363.85524,886661.6995,817138.0917,51095.03349,766043.0582,316622.2447,46348.06695,270274.1778,0.2697233201,1.376714946,0.8519300349,38.42569124,40.89190976,38.17345989,40.98746089
699,885974.2086,54012.06095,831962.1477,800945.6189,53292.66333,747652.9556,274845.0899,51343.91811,223501.1718,0.409715689,2.895836711,0.6064642979,34.08846694,7.510050494,33.69121407,7.409765392
700,68496.65916,53052.76031,15443.89885,38670.20241,56233.9859,-17563.78349,145331.9104,43598.79579,101733.1146,1.107993707,4.485839637,0.7549029433,24.21293536,53.559227,24.79092401,54.50452017
701,847870.6687,58011.10477,789859.5639,669452.88,56096.50336,613356.3766,222641.1689,53910.41113,168730.7577,0.7302645041,3.011116855,0.5995884041,63.45549338,29.11585142,64.12383397,29.41014227
702,223952.9947,51876.10602,172076.8887,215556.7018,44126.11819,171430.5836,219449.5946,48044.4062,171405.1884,0.5652705893,2.688900794,0.9146468622,89.519886,66.55826838,89.93019568,66.947083
703,671393.3513,59290.12619,612103.2251,901256.1869,56863.14316,844393.0437,344939.4853,50320.9798,294618.5055,1.435499846,10.63763826,0.911478622,0.4308404936,70.99038705,0.9605418867,72.32458203
704,840041.6573,53488.65317,786553.0041,834345.9646,57747.90021,776598.0644,315658.3388,48601.72947,267056.6094,1.437125885,2.975420228,0.7410422924,35.86762183,16.7850809,37.10718863,17.51227068
705,50093.45121,58676.49767,-8583.046455,42836.23768,46855.15732,-4018.919641,172071.6736,41117.51939,130954.1543,1.028192407,6.869377526,0.6168850856,27.96689989,6.845735499,28.62011058,7.639772912
706,68169.75644,52170.94284,15998.8136,50467.95304,53638.45301,-3170.499976,114023.6401,49306.55795,64717.0822,0.9340871018,5.838299225,0.7675210981,38.6849698,76.09429887,39.38891482,76.70828593
707,123149.2123,67041.54105,56107.6713,191731.7581,52216.51748,139515.2406,203382.7283,51592.85165,151789.8767,1.338779919,4.764192984,0.8739572605,60.78520996,72.24603791,62.1097955,72.05160332
708,782846.9589,38833.38231,744013.5766,838721.3203,56926.6921,781794.6282,262845.0971,57482.0146,205363.0825,0.6365952494,2.776072942,0.5606111747,30.72022031,0.9951630672,31.19021052,1.42453786
709,40478.06228,62314.73229,-21836.67001,52431.16806,48500.80383,3930.364233,82815.19274,58311.21429,24503.97845,1.024210427,3.075595346,0.8523857504,87.84604967,95.83935413,87.4844025,96.79759122
710,889617.0184,42665.86125,846951.1572,767337.3737,49756.78272,717580.5909,421648.9297,53249.62439,368399.3054,2.457075251,2.350627382,0.7245885028,93.42711316,93.67086339,92.29629103,91.4894739
711,674333.7296,52645.31367,621688.4159,811301.9271,46851.79706,764450.1301,210571.4739,45205.60148,165365.8724,0.5041771613,1.935223081,0.6742138711,94.81359909,45.42407745,94.89108453,45.92226478
712,207645.7058,48479.30914,159166.3966,171446.9138,67026.032,104420.8818,228653.977,41805.10344,186848.8736,2.747292191,3.060153866,0.5967298026,86.78536504,60.71021188,89.5120158,60.37407195
713,189633.4941,60203.41363,129430.0805,191568.4515,43716.37852,147852.073,125152.5396,50248.3949,74904.14473,1.547360553,2.779667926,0.8282056132,0.9138112827,53.92672194,2.25443691,54.69941049
714,971928.2239,48455.61102,923472.6129,541316.4571,56837.63124,484478.8259,248091.7886,40777.48462,207314.3039,1.355722405,2.665891367,0.6896261193,24.84232114,72.27272903,23.5227389,72.58367266
715,45758.48438,64250.63535,-18492.15097,54185.02109,53386.00668,799.0144075,142257.5685,55958.13234,86299.43619,1.270501078,3.671431702,0.7065380367,89.72499945,56.2553879,90.87874944,56.78739726
716,184101.4164,45326.73794,138774.6785,140405.2069,57925.22597,82479.98089,153259.8202,40616.62244,112643.1978,0.7725043295,3.943437243,0.788114718,47.95809387,73.58312637,48.64941504,73.23839753
717,751032.1115,45038.66469,705993.4468,586720.1079,41297.97066,545422.1372,273849.2953,54919.30668,218929.9886,3.420431445,1.603338467,0.692697929,38.2898165,68.14958019,41.65877049,68.74076571
718,770967.9074,53702.61962,717265.2878,761983.1531,58259.49219,703723.6609,304126.2291,48496.94612,255629.2829,0.5053315521,4.635311489,0.998323107,50.99264893,55.04571716,51.44458846,55.27179379
719,71166.24884,49829.14169,21337.10715,47533.71752,59383.08518,-11849.36767,124658.7055,49690.84289,74967.86265,3.98791602,7.596915237,0.7380221465,54.39593306,26.29550254,57.03560957,29.28474695
720,1117661.397,67470.24782,1050191.149,871861.0857,56629.52348,815231.5622,264807.1591,39663.84308,225143.316,3.236796646,2.711928223,0.537735913,4.546137017,78.78723861,6.713809102,81.19099614
721,246135.8801,47750.35588,198385.5242,147766.1507,67802.75193,79963.39878,194821.5637,49856.60293,144964.9607,1.514060748,2.602539881,0.6170539901,56.30941318,89.55972052,55.97806037,91.03707805
722,168137.1814,53606.81463,114530.3667,120174.4599,56516.44514,63658.01478,240277.6004,58235.73393,182041.8665,0.2805135241,2.594261705,0.8313245929,3.771699543,68.29715052,3.988893834,68.4746737
723,36437.46645,35145.77235,1291.694094,45751.03692,48728.5197,-2977.482781,120905.5712,48999.76509,71905.80615,1.14028396,1.712081106,0.6844927777,94.63360315,80.27888597,95.58433904,80.90844835
724,49513.12263,52991.37058,-3478.247952,54194.00824,50515.1694,3678.838838,152995.2267,44940.38499,108054.8417,0.8127547581,3.418608789,0.7111108283,28.67882635,73.21684755,29.49114065,73.19009357
725,761361.1253,59185.97036,702175.155,758835.3844,64798.31769,694037.0667,317289.8994,53121.81686,264168.0825,0.3610432855,6.648354617,0.7683603846,24.27883732,63.94189127,24.6126185,64.07952257
726,63906.79442,49424.23413,14482.56029,56405.13155,48160.51598,8244.615565,130309.1909,59122.23196,71186.95893,0.4487170665,1.443419731,0.9290737907,12.89917742,26.57894213,13.2475768,26.86172274
727,852035.7795,51930.79911,800104.9804,714981.2197,53074.69128,661906.5284,309982.3038,51774.3514,258207.9524,1.247949393,1.409769117,0.8911244592,43.52551254,15.0950051,42.66313365,15.99704742
728,1034254.26,48543.94794,985710.3124,609151.0641,43524.0391,565627.025,266219.8347,47789.64982,218430.1848,1.060565806,1.441029174,0.8958096376,36.86576682,33.71214825,37.80641593,34.20202485
729,56579.34653,58688.19605,-2108.849522,50695.37724,70420.69951,-19725.32227,96599.2012,48236.16252,48363.03868,2.32465376,3.370271389,0.6730696361,40.44455345,99.48060455,40.89707608,101.7607884
730,67674.3489,52979.90255,14694.44635,45077.22506,55317.71281,-10240.48775,170763.3364,43501.68184,127261.6545,0.6805282928,3.101057136,0.8951888594,40.77335638,51.44560476,40.11207023,51.28492063
731,1048119.778,45520.26043,1002599.517,779866.8947,48591.39972,731275.495,247384.0545,43767.2394,203616.8151,0.7689796965,1.884346728,0.678785709,28.34495748,84.65198783,28.71889492,85.32392574
732,65734.9001,63283.34143,2451.558671,33730.19789,48047.63825,-14317.44036,126311.1198,55064.3541,71246.76572,0.6631443572,2.39762229,0.7540758374,37.85788209,71.4919368,37.98702917,72.14238393
733,949331.047,45299.38609,904031.6609,666114.5683,50538.63775,615575.9305,213208.3149,50723.34445,162484.9704,2.763241936,0.748578617,0.9003311539,96.54322768,53.98435785,98.54782035,55.88622908
734,592431.5664,52644.2069,539787.3596,618295.567,48211.37729,570084.1897,226400.8076,52190.80778,174209.9999,1.998632842,2.195167668,0.7202068959,18.11313137,49.08067541,19.94989467,49.86860551
735,28487.85384,53307.65393,-24819.80009,48242.99122,51678.45305,-3435.461835,149258.4359,62599.6711,86658.76478,1.666390965,2.667956567,0.6161863413,56.74727961,82.84348309,57.36886867,84.38960272
736,304781.5867,41712.725,263068.8617,198568.4272,51989.46995,146578.9573,250139.2388,48436.39643,201702.8424,0.3220433429,3.932385256,0.7549449145,53.52808449,37.99219061,53.84949275,38.01240563
737,57442.31851,60208.65308,-2766.334574,51600.57713,57529.20137,-5928.624238,100479.0936,59216.46723,41262.62637,0.3501321338,0.9633023086,0.8549294191,65.56881947,0.4305053319,65.7812389,0.7088405521
738,226190.1249,49043.09202,177147.0329,187213.2211,51472.22557,135740.9955,204155.4859,57232.65424,146922.8317,0.1971452425,4.687278985,0.5769155057,77.23074899,8.892706405,77.26758249,9.086380201
739,69643.60548,59719.20758,9924.397902,46173.69335,56295.49992,-10121.80658,103814.7037,48397.8187,55416.88505,0.1300647667,3.139779581,0.8583919082,98.3675144,31.3979116,98.45241719,31.49644261
740,46365.79093,49648.32109,-3282.530156,40795.85552,49459.32845,-8663.472929,143858.8026,47638.04889,96220.75372,1.321756951,5.791787613,0.8960474706,33.91010629,81.2398366,34.88926604,82.12769223
741,67009.41559,56061.47585,10947.93974,57487.79645,58646.82915,-1159.032706,164706.2509,56118.94276,108587.3082,1.009722467,2.038128669,0.8365085821,70.6075797,85.12864682,71.3911401,85.76549262
742,65466.78128,70562.68362,-5095.902338,56773.40708,63343.14493,-6569.737858,215997.3156,56822.60469,159174.7109,0.5136201802,7.556043151,0.687982668,99.22551001,23.52903202,99.14342967,24.03605126
743,669095.6069,63270.68595,605824.921,625134.5972,56168.96766,568965.6296,324448.6382,54048.51317,270400.125,0.8864023147,3.186183059,0.9518532709,69.66828964,43.07228288,70.14785043,43.81775623
744,745940.0415,51184.34427,694755.6972,684422.6541,64304.96293,620117.6911,217484.4384,62488.98586,154995.4525,2.570482997,2.873346179,0.9020515411,95.95817915,16.73606591,96.69838549,19.19766649
745,176937.1037,63942.29601,112994.8076,147794.8406,46974.54149,100820.2991,234756.902,60442.00352,174314.8985,2.932735015,1.425596878,0.6483086232,13.4321206,8.439123427,14.37517159,11.21609831
746,667171.2198,60589.01868,606582.2011,752852.5933,52981.0801,699871.5132,252726.8378,59222.05265,193504.7851,2.134434729,2.103418241,0.8030030552,24.95836819,9.361885015,22.93653082,8.677790526
747,46845.90942,49594.99689,-2749.08747,52010.16615,55922.83661,-3912.670458,173208.5918,53725.66681,119482.925,0.2808270698,1.648627664,0.8537795584,18.41227431,98.65678084,18.64328888,98.81645586
748,752471.0058,54479.72536,697991.2804,869871.3695,38877.10995,830994.2596,287510.5366,50628.7709,236881.7657,0.1875681257,1.593872442,0.8397936765,55.19984548,69.84755809,55.01681462,69.80655193
749,1009959.589,53397.75875,956561.8304,736581.2688,53354.68831,683226.5805,289790.1765,61227.5454,228562.6311,0.7194254569,2.241397004,0.8208844669,65.16379791,12.10427364,65.48575899,12.74763516
750,68325.51618,76095.17994,-7769.663767,46595.42955,45918.19905,677.2304956,161429.4658,44958.17204,116471.2938,0.4443528987,2.822638243,0.7222253653,60.10349939,97.49057772,60.20318132,97.92360545
751,69654.48735,60162.89173,9491.595622,63322.22826,60325.59666,2996.631604,216882.7438,52875.65691,164007.0869,0.2005818058,5.679709031,0.8133493509,29.29650559,56.40060947,29.36110336,56.59050467
752,698418.5971,55895.04789,642523.5492,694865.9516,54705.17088,640160.7808,256986.3096,49707.1559,207279.1538,1.081992384,2.029600413,0.6639360275,96.97365846,80.81370281,97.95631754,81.26656995
753,216259.2451,56746.86185,159512.3832,206180.2823,56254.47208,149925.8102,157341.5615,45861.01913,111480.5424,1.123525186,1.964108526,0.8234563616,91.74838945,95.94251429,92.86801619,95.84900068
754,822874.0002,46059.20175,776814.7984,836233.646,46360.14488,789873.5011,323042.9973,50037.65785,273005.3395,1.033013865,1.565095174,0.9555870515,76.11937457,70.88788903,76.95020821,71.50175637
755,815655.2396,49579.11518,766076.1244,742572.8369,56575.83345,685997.0035,276825.0224,46664.77514,230160.2473,1.999907884,1.466226285,0.62496303,56.36442011,47.24278653,57.92196213,48.4972563
756,978468.0524,50477.86596,927990.1865,783333.9295,53337.34173,729996.5877,265527.0263,50863.82763,214663.1987,0.2595419768,2.371864695,0.6562064885,87.71212232,67.73374724,87.96865996,67.77312329
757,49214.72066,61386.43027,-12171.70961,41747.96759,47893.5373,-6145.569714,142926.8626,56889.5202,86037.34237,1.852068752,3.135864097,1,29.59032867,6.649477193,30.04014172,8.44609259
758,794136.2934,67125.56379,727010.7296,762174.0608,51602.37791,710571.6829,352400.9348,50351.68887,302049.2459,0.9860311133,4.990461521,0.8818410804,76.43447745,55.31805898,77.36204885,55.65252671
759,227142.2639,56022.89376,171119.3702,173004.4535,53930.37711,119074.0764,202558.7451,46205.81591,156352.9292,0.7952820861,1.720819148,0.6417183647,14.2510279,89.05640198,15.02206152,89.25128848
760,53729.20326,50069.44544,3659.757825,60543.18076,60183.73676,359.4439982,71014.89164,54828.66655,16186.22509,0.38912209,2.673881103,0.6013209686,5.687670916,52.33769697,6.066489223,52.24874366
761,77476.44613,69096.73855,8379.707586,55213.64948,54114.26786,1099.381625,114568.9954,60044.91175,54524.08366,1.332493683,1.770846589,0.6751380236,62.91546273,60.83600074,62.80332997,62.16376792
762,68975.87646,54058.92801,14916.94846,68436.74941,54550.58166,13886.16775,101453.8065,58111.18118,43342.62533,0.9665802046,2.880935946,0.8740469862,89.7080703,94.48102484,90.62745592,94.18268381
763,278191.0794,64825.49591,213365.5835,99600.43382,43692.36881,55908.06502,247527.5957,50808.00867,196719.587,1.202742547,2.878405942,0.6581425543,77.63649358,38.71930874,78.70030598,39.28046184
764,42218.28722,47878.78185,-5660.49464,56547.0312,45489.69881,11057.33239,161790.9351,52962.02993,108828.9052,0.3380430334,2.680986662,0.7066904976,43.42709225,89.94167231,43.7277764,90.09614605
765,906648.9979,57999.65301,848649.3449,745500.0294,51312.42638,694187.6031,289524.0243,56702.9126,232821.1117,3.135611057,4.819199817,0.7145617824,73.31025113,7.164699704,74.22030861,10.16534165
766,1034329.014,52054.63099,982274.3829,497202.2597,61422.81501,435779.4447,329317.9388,50569.34925,278748.5896,1.053670828,2.102202732,0.586896375,0.9588845993,19.47287638,1.851617537,20.03256389
767,246575.0713,60410.75001,186164.3213,215578.2483,57855.34304,157722.9052,259001.4517,45601.0258,213400.4259,1.022363637,1.889292305,0.6644454741,57.60631442,23.36338657,57.13349109,24.26984424
768,787259.4527,44580.86921,742678.5835,635284.1631,40472.72497,594811.4381,192949.6243,52481.55714,140468.0672,1.927373303,2.098441328,0.8867999825,64.55430024,86.93253918,65.67577012,88.50004457
769,838341.1347,52536.1038,785805.0309,852809.4745,56196.56512,796612.9094,176809.7847,40946.24119,135863.5435,0.6503539967,2.020668122,0.7641120939,63.39606546,58.72490054,63.9626535,58.40562274
770,213811.4373,56090.36361,157721.0737,192486.2804,56621.44661,135864.8338,204513.5549,45728.54652,158785.0084,1.186724675,2.570817254,0.7566099687,48.84410235,60.55827888,49.48202543,61.55896344
771,903261.2988,65880.02956,837381.2692,717070.7468,61237.40149,655833.3453,294373.066,42701.99099,251671.075,1.077093308,2.860220638,0.5485776321,81.68472384,36.37137706,82.75924377,36.29696663
772,42504.41488,62357.65505,-19853.24017,52872.03934,51338.44286,1533.596476,85042.02611,43561.47675,41480.54936,2.156164759,1.620606809,0.6219443805,76.49261845,78.63207773,78.14047788,80.02261927
773,52158.19734,63286.86677,-11128.66943,46648.03843,41466.20563,5181.8328,185432.3405,57322.72582,128109.6147,3.510813709,2.083104364,0.7451349635,40.23131964,96.03479693,42.28918683,98.87926445
774,803393.5234,57157.99643,746235.527,649825.035,56265.12473,593559.9102,203050.5935,38619.38513,164431.2084,0.8697907783,3.861199611,0.8574065813,80.74534985,61.90730844,80.98417233,62.7436695
775,40420.92799,49510.79748,-9089.869497,55216.44736,60433.68679,-5217.239428,212112.7557,47634.18254,164478.5732,1.251731105,3.352334045,0.5612391606,31.73378271,20.65737434,32.86298912,21.1974888
776,55300.53291,44803.77608,10496.75683,34983.06715,49825.64347,-14842.57632,135688.1407,49639.47737,86048.66332,0.5517980511,2.586068117,0.7211206779,92.54300588,53.10511956,92.1363421,53.47808828
777,1047017.645,56050.29971,990967.3452,597229.705,52377.05498,544852.65,356577.6575,45914.50915,310663.1483,0.3252011568,1.614716827,0.9950995296,20.95177352,86.32854519,20.86862433,86.64293667
778,783830.4591,52794.83479,731035.6243,594205.2057,53837.71027,540367.4955,364452.8234,59453.65958,304999.1638,0.4986780012,1.846525181,0.6403950314,87.79176757,7.98177933,88.13078501,8.347493603
779,1049579.69,52706.98165,996872.7088,810130.976,52646.5397,757484.4363,291127.2744,50877.06168,240250.2127,0.4810696585,2.158948647,1,83.23475792,54.03012063,83.61646562,54.32291279
780,304031.3739,45675.02592,258356.3479,150353.0039,51462.1123,98890.89164,160449.5526,48311.9741,112137.5785,0.2995261813,2.474168129,0.5892447133,77.64781444,61.32413924,77.91067752,61.46773218
781,63574.51804,81367.94619,-17793.42815,38656.98018,41616.53518,-2959.555004,146719.4365,59334.57383,87384.86269,0.7693284328,1.251201065,0.901348205,22.34263045,40.97438751,22.91367168,41.48992427
782,247565.9494,49160.51379,198405.4356,258749.0573,63565.87577,195183.1815,193080.765,50193.43161,142887.3333,2.501663662,3.630253267,0.9661313302,41.13201631,58.39044216,41.44424061,60.87254552
783,209814.6295,52275.1381,157539.4914,218120.3825,51888.44093,166231.9416,216601.3354,52288.82215,164312.5132,2.872560123,2.580733233,0.4949102978,38.10553487,4.665077944,38.90482837,7.424195839
784,43541.15374,50851.84359,-7310.689852,46532.71004,54706.53377,-8173.823727,153935.0166,44205.57863,109729.438,0.6317642413,3.55766541,0.793893851,98.69280353,85.6182486,99.08687611,85.12445426
785,218243.1354,44468.29756,173774.8379,210766.9541,54098.75205,156668.2021,115040.7355,37973.63209,77067.10337,1.14564644,2.816071139,0.758164587,39.36633375,22.7380767,39.82977396,23.7858023
786,191453.1884,52026.66833,139426.5201,139356.548,53656.31311,85700.2349,259471.1183,55133.31894,204337.7994,1.050430011,2.11237427,0.7570225434,48.72348422,48.11537977,47.753396,48.51828429
787,55383.17457,57815.37662,-2432.202052,54024.40316,45806.74139,8217.661765,134642.6839,36718.08093,97924.603,0.3653863456,3.877542297,1,36.89264937,83.0800821,36.78704009,83.42987327
788,1134775.004,48253.24029,1086521.764,765263.9168,48463.55076,716800.366,287349.4364,39487.05654,247862.3799,0.4004987559,1.428777698,0.9728222822,45.41204075,52.72990432,45.80856608,52.67362896
789,100056.0925,55165.56457,44890.52791,204891.7463,56627.61726,148264.129,243512.6794,51396.02023,192116.6592,1.032575546,3.956840577,0.6903712048,95.52311051,19.36718132,96.00211505,20.28193097
790,41378.81243,53529.29902,-12150.48659,39576.70116,43136.96108,-3560.259923,159943.2568,50584.9877,109358.2691,1.937710218,4.229863445,0.8366989691,22.97983301,28.63104793,23.78280444,30.39455517
791,62861.73837,46192.91861,16668.81976,30818.90142,50765.72198,-19946.82056,169305.625,41928.94603,127376.6789,0.4836914835,2.835420821,1,5.515392824,10.26076845,5.877616339,10.58131732
792,904092.2119,56381.8172,847710.3947,646251.5188,50272.10865,595979.4101,260652.7702,59379.09872,201273.6715,4.71639195,2.031600271,0.6846770347,21.28308686,35.44537577,24.92968458,38.43647558
793,37740.15587,54207.7546,-16467.59873,49253.32623,50962.55896,-1709.232731,152770.0328,46737.85814,106032.1747,0.08957573781,3.11759219,0.8020026862,56.63510674,61.19630782,56.70972215,61.24586942
794,856251.2681,63362.11433,792889.1537,820965.1885,50389.54181,770575.6467,298028.4042,44446.81601,253581.5882,0.6767716913,3.275278455,0.9114287882,69.75045623,5.828595406,70.40880493,5.985429458
795,40714.13056,47641.63975,-6927.509193,54997.13052,53344.89651,1652.23401,184420.3537,47931.57313,136488.7806,0.3379281475,1.719706675,0.8796153847,84.93750262,68.52048102,85.27338093,68.55764541
796,69636.78243,67090.98305,2545.79938,30537.0818,45208.10031,-14671.01851,159496.0451,52031.99599,107464.0491,0.7384341961,5.056475697,0.8909247824,36.58467329,60.00714054,37.2942889,59.80285948
797,763636.6107,64016.66211,699619.9485,609675.4113,61872.57195,547802.8394,306398.1505,48031.68137,258366.4691,0.7849232191,2.150563667,0.5981478504,45.90394545,57.17512097,45.98647986,57.9556929
798,848580.3329,47123.47389,801456.859,840808.6222,44765.16498,796043.4572,376229.5303,58924.2153,317305.315,1.550168182,6.117548455,0.7899078455,95.06435909,35.39081124,96.48965017,36.00037396
799,783277.793,45650.49183,737627.3012,777386.3039,43556.20818,733830.0957,336540.502,53114.90192,283425.6001,0.4064471651,1.860397222,0.8501687462,47.19103243,90.89094366,47.46503932,91.19114279
800,235194.0551,54018.12468,181175.9304,192275.1646,67057.32214,125217.8424,254503.7625,45826.17088,208677.5916,1.234250517,1.708157865,0.7575244083,59.2643287,36.81000684,60.36712486,37.3642766
801,960817.969,60241.14266,900576.8263,690704.8278,49154.73838,641550.0894,275760.3712,43230.12063,232530.2505,0.6257586579,2.270860798,0.8071864162,12.86795427,10.26963672,13.49311994,10.24240089
802,257012.5117,64144.57613,192867.9355,215755.0334,58937.15739,156817.876,159019.8235,39166.22647,119853.597,0.6652442141,1.912509618,0.8124070601,94.65501523,84.5852542,95.27913537,84.35498497
803,39115.94918,43983.31436,-4867.365178,31989.15223,48160.85501,-16171.70278,130129.85,45114.24859,85015.60146,1.194934793,1.393676401,0.6748490013,98.8170682,41.71902838,99.13373545,42.87123974
804,791316.3095,62653.12579,728663.1837,597255.0332,57977.75438,539277.2788,261205.8458,60069.56355,201136.2822,0.7459278675,4.299949159,0.7524958623,51.74022749,63.40146727,52.45683026,63.6085635
805,1164238.898,54705.27507,1109533.623,930642.8697,57563.74878,873079.1209,256639.3495,57433.42704,199205.9224,2.225303337,3.503366259,0.7951603051,63.1778598,61.48550683,62.17062997,59.50120267
806,178614.7275,43552.15863,135062.5689,159157.1736,55081.72403,104075.4496,194298.8894,49118.08448,145180.8049,0.04782669295,2.462625621,0.8947669144,69.33825391,18.02646752,69.37133141,18.06101128
807,1114276.548,63785.89712,1050490.651,730929.604,58078.36083,672851.2432,325275.2889,41535.8593,283739.4296,1.595146473,1.430561846,0.9092551387,46.29506899,48.02725649,46.33384534,49.62193158
808,153517.3561,50064.34149,103453.0146,155999.8494,45184.01661,110815.8328,102673.7948,43668.32544,59005.46933,0.5069325467,4.931733616,0.8896643584,83.63889093,53.95008958,83.76247315,54.4417277
809,45898.46798,41382.5103,4515.957679,65915.54165,56005.67299,9909.86866,30299.59328,39803.28842,-9503.695138,0.255630852,2.4998835,0.8617131413,50.29787912,25.78917757,50.38342928,26.03006821
810,843417.2378,64681.48989,778735.7479,693581.2356,44061.92587,649519.3097,282645.022,53838.05022,228806.9718,0.2991710157,1.558433985,0.7390211056,41.73965757,32.34685499,41.94783837,32.5617132
811,525232.1974,52124.6061,473107.5913,677252.7696,66158.72361,611094.046,213107.4323,45979.94762,167127.4847,1.128566966,1.524959544,0.8528879037,37.04339974,37.02577948,38.10160428,37.41803773
812,66476.08583,66486.22677,-10.14093394,51914.20894,48604.7745,3309.434438,139815.947,42116.62763,97699.31937,1.199091465,3.730053063,0.8024379284,6.095532286,31.5589847,7.224697136,31.1554911
813,891214.3363,61604.83767,829609.4987,711667.1551,55049.38288,656617.7723,248154.6143,52372.23664,195782.3777,1.089219881,5.054223811,0.9325906204,19.57596675,38.39277979,20.30656306,39.20063434
814,840596.8148,55838.44886,784758.3659,871296.0246,58755.2666,812540.758,313933.8965,42963.05828,270970.8382,0.3372506018,2.195436618,0.7216458146,46.37597411,74.05718554,46.69340693,74.17109064
815,880430.9832,61728.316,818702.6672,922011.4896,48417.91163,873593.5779,302774.2954,43029.02773,259745.2677,0.9652015738,3.735503319,0.8503294766,21.01393582,49.43721439,21.84417627,49.92946928
816,1148538.223,64106.05038,1084432.173,725555.0931,49228.13644,676326.9566,196572.3218,50123.14315,146449.1786,0.8222426418,2.348228195,0.7912844925,7.846822448,73.56205252,7.161739279,74.01674364
817,816381.6671,42092.89771,774288.7694,513784.6897,47668.17692,466116.5128,305053.7904,48104.79769,256948.9927,0.3654785428,1.340423782,0.7470113233,36.77489223,53.63814837,36.57451194,53.943799
818,57566.65342,58679.11083,-1112.457401,53450.76098,56457.48097,-3006.719994,222063.0759,49632.88233,172430.1936,0.1717616606,4.783167611,0.8427712144,80.80779609,63.06810076,80.89328765,63.21707479
819,64683.10207,48166.80794,16516.29413,42305.57189,42948.3259,-642.7540033,62292.12152,47984.53573,14307.58579,3.49267406,6.133197399,1,60.34187203,19.53698146,63.07251691,21.71467533
820,184874.026,50106.47161,134767.5543,127960.8457,50729.15288,77231.69281,243458.5642,49190.07191,194268.4923,0.02364432822,3.245495261,0.4922093121,45.6484843,37.76164405,45.67212192,37.76220706
821,63656.12899,61942.45983,1713.669155,52661.34802,55842.97348,-3181.625457,70077.79297,50037.69715,20040.09582,1.194651943,3.363179726,0.8764988685,15.67248366,45.77508334,15.26891551,44.65066081
822,191501.4618,56192.52294,135308.9389,151223.3436,46134.6655,105088.6781,177697.0147,60172.09028,117524.9244,1.114942048,1.841102613,0.6945977964,43.62680097,85.41494033,44.7294023,85.5803673
823,183346.2976,47626.868,135719.4296,153744.1868,48066.40374,105677.7831,241178.3056,52490.92101,188687.3846,0.7850925284,2.439337564,0.8679127574,43.7608825,21.60769802,43.97557763,22.36286441
824,914273.8547,43655.33734,870618.5174,759740.5425,42740.88671,716999.6557,297886.6289,59489.78748,238396.8415,0.7062304542,1.918090442,1,62.79019516,55.52816812,62.96643386,56.21205508
825,992874.1411,62020.31158,930853.8295,760408.0557,46771.19228,713636.8634,233775.1047,48278.24603,185496.8587,0.3309470267,2.154499932,0.8388058726,79.55306474,89.78794832,79.40760295,89.49068278
826,233532.3578,75970.58012,157561.7777,162595.5863,52397.40483,110198.1815,241961.4646,59012.24221,182949.2224,0.7701355109,3.989766379,0.7215985324,78.06299864,96.50476365,78.77608416,96.21387235
827,247981.5372,44513.34396,203468.1933,164303.1745,64899.74461,99403.42985,170242.5184,48938.31732,121304.2011,0.7341248862,2.917367921,0.5591676084,79.65607309,83.51077895,80.35420124,83.28371853
828,83881.47342,72038.69966,11842.77376,37569.13353,53843.32753,-16274.19401,184336.4036,53801.79746,130534.6062,1.842483948,2.622978975,0.6000996259,32.10408678,24.81109254,33.92611135,24.53727955
829,842433.1465,63215.61278,779217.5337,676322.9783,52348.98631,623973.992,297320.5289,41450.03817,255870.4907,1.618200993,7.754972695,0.6713590597,52.2502668,76.96438334,52.11769859,78.57714499
830,58181.7402,59322.4667,-1140.726497,59842.97284,58554.45266,1288.520173,119018.8259,54009.03978,65009.78609,2.320530418,2.573522772,0.7188072328,47.84628819,21.60188489,49.19661326,23.48907423
831,57191.49047,57896.09824,-704.607774,59248.09246,54373.64657,4874.445892,141895.2182,47958.0258,93937.19236,0.4732479299,1.727999816,0.6641710221,8.688847341,98.8662108,9.084417926,99.1259944
832,48272.19764,64737.50033,-16465.30269,14010.90836,39541.20076,-25530.2924,136514.8454,37662.56204,98852.28339,2.529242464,3.910671629,0.6692727374,20.67129951,48.27822476,21.25047603,50.74026091
833,33915.69357,54457.4523,-20541.75873,49671.18539,53099.31001,-3428.124619,93698.8847,48018.32543,45680.55927,1.820268997,1.372665912,0.7499140752,84.96849115,61.45000216,86.40146934,62.57247832
834,163988.0487,60386.82521,103601.2235,167617.2033,46405.62825,121211.5751,235128.2673,45177.74937,189950.518,0.3243496704,3.607823413,0.8533937676,55.35862709,15.84851813,55.66456719,15.95623704
835,903785.1909,42246.45695,861538.7339,604994.1717,46995.60379,557998.5679,257497.3042,54415.46198,203081.8423,0.3106875169,3.94129494,0.7444957651,59.41092689,93.17196694,59.72050886,93.14578034
836,185138.4719,47498.99425,137639.4777,150472.995,62448.51731,88024.47765,270679.6401,58717.74124,211961.8988,2.726944354,3.743800688,0.6575510449,56.53075224,9.846653735,54.14570771,8.524614374
837,111318.2669,45670.03354,65648.23339,115629.5601,59153.45085,56476.10922,181150.4188,40602.20483,140548.2139,0.07751200166,2.358025962,0.550383967,85.10735226,39.00992153,85.1625815,38.95553549
838,771664.2243,52389.94254,719274.2817,607113.7776,41792.03561,565321.742,238728.6946,41716.50245,197012.1922,5.461290681,2.995364549,0.8677189136,90.72575777,49.94596554,96.08631999,50.99002905
839,1013614.964,61184.06041,952430.9037,859903.2684,53134.51979,806768.7487,281511.2464,47560.86968,233950.3767,1.926701605,3.826107245,0.8728011301,23.82557754,78.6327902,25.18159194,80.0015137
840,53719.34695,56508.48973,-2789.142775,64731.30617,57936.50977,6794.796403,189310.9144,45703.58212,143607.3323,1.472364315,3.456426315,0.9627676929,47.12374692,1.935835304,47.41989213,3.378109442
841,653997.8546,66379.2958,587618.5588,599326.4917,66809.33805,532517.1536,296584.0435,46515.83582,250068.2077,1.28461462,2.779855146,0.9282938699,60.4592415,15.29195476,60.79799458,16.53110006
842,61974.1933,63509.80621,-1535.612915,38806.58197,51702.65353,-12896.07156,77381.69162,56134.98966,21246.70195,2.181554735,4.731224991,0.7170418392,13.01072483,60.07969273,14.11573226,61.96068705
843,757785.4519,44617.30542,713168.1464,727623.6476,43570.35118,684053.2964,189844.8521,30884.26416,158960.5879,1.185602156,2.649518829,0.8347482559,43.14525155,84.17397653,44.08364813,84.89858976
844,119669.7106,63700.33517,55969.37541,132111.5673,55315.02172,76796.54556,223643.9692,45148.72517,178495.244,1.411985409,4.051421903,0.9179887525,49.49677903,6.160333345,50.14069827,7.416944188
845,43513.17252,50529.31761,-7016.145084,48556.42365,63395.1103,-14838.68665,160485.6918,48373.81934,112111.8725,0.6092258784,2.103991416,0.8179448021,14.73076034,13.57333454,15.32570735,13.70446127
846,42359.51583,51130.36803,-8770.852207,63239.8074,46747.70359,16492.1038,143770.5796,39297.29567,104473.284,2.994050114,3.274634868,0.9894213976,39.72240843,97.6236843,42.71645279,97.61781697
847,888914.6254,40842.63719,848071.9882,634350.6167,61581.10868,572769.5081,288119.6655,54177.56935,233942.0962,1.211315412,2.138410845,0.8035170672,95.3726432,4.570143105,94.61317482,5.513802374
848,184050.4238,59000.03543,125050.3884,110872.5765,45130.03497,65742.54155,216287.2392,43124.35447,173162.8847,1.046014176,6.669961542,0.718895556,40.2583532,52.92665067,40.97605801,53.68760103
849,20389.89009,52721.65881,-32331.76872,76906.73381,66005.74991,10900.9839,96241.13253,40939.36121,55301.77132,0.2552703193,4.384527116,0.8924492021,84.79739242,1.610547291,84.98118562,1.787699755
850,938017.4517,56945.45939,881071.9923,827591.1423,53768.4254,773822.7169,296834.999,41824.85406,255010.1449,1.430791913,1.766101471,0.8431839666,85.07874759,8.223678703,86.24345585,7.392643104
851,1046254.568,51325.93989,994928.6279,748171.9501,53510.23344,694661.7167,259073.0716,47675.23209,211397.8396,0.8043183626,1.191097822,0.8161605486,45.46573817,66.49826017,45.52632007,67.30029375
852,835103.3975,51251.91625,783851.4812,750879.5616,44871.64281,706007.9188,292168.1426,64186.7447,227981.3979,1.317874308,1.329459209,0.7948639377,13.52510725,68.85345419,14.62139975,68.12206139
853,64452.06901,60822.38117,3629.687848,39957.03399,53786.76588,-13829.73189,155407.5683,53491.23931,101916.329,0.6874999868,3.94227055,0.6741262498,68.90085728,35.21521177,69.55850571,35.41559834
854,56652.43165,54970.59314,1681.838511,41719.66485,47674.97782,-5955.312968,154460.0041,59775.46598,94684.53814,0.8393426355,2.198909448,0.8857365124,43.35312104,71.38041429,44.17555553,71.21279102
855,69864.00286,55977.00954,13886.99332,41638.18318,46965.3649,-5327.181724,79529.98762,45463.60526,34066.38236,4.037282132,1.891534808,1,64.15583147,56.56352917,66.6091084,59.76994139
856,842448.6399,62206.23931,780242.4006,714766.9932,55703.72281,659063.2704,222549.3711,50684.46506,171864.906,0.6226396323,2.807978748,0.6604988334,92.73676512,46.62703722,93.24164955,46.9914159
857,176860.3938,45749.80427,131110.5896,224358.01,59056.87893,165301.1311,194876.9674,54370.63954,140506.3279,0.5409869188,1.900027661,0.8384555377,67.02711274,81.72124338,67.54753397,81.86898839
858,47638.22141,42435.81292,5202.408487,28894.19958,45661.38292,-16767.18334,158974.4122,47066.55681,111907.8554,2.216357025,2.062670912,0.7932337671,20.85391727,14.67289536,21.94094384,16.6043745
859,53494.29778,54706.85395,-1212.556161,40423.10122,50694.62637,-10271.52515,133795.0333,50569.79001,83225.24325,1.85313218,3.11189909,1,26.83298992,10.50421556,28.64012915,10.9145163
860,51125.90305,49588.9871,1536.915948,61964.40123,56553.75838,5410.642846,149970.85,37626.78039,112344.0696,2.292117177,4.068544916,0.8037796257,18.09604758,72.20585638,20.38564291,72.31334764
861,58614.5778,53069.28185,5545.295955,44488.23894,49755.89178,-5267.652846,180138.5848,48198.57839,131940.0064,1.125703605,1.970365032,0.7675926758,84.95845667,3.506818476,85.61318402,4.42253716
862,205753.1729,55969.19088,149783.982,211691.5503,55702.99705,155988.5533,133914.905,50908.51038,83006.39464,0.8557580821,3.650621219,0.9267772104,82.74749596,43.80867123,82.93968013,44.64256999
863,62997.52813,49973.66055,13023.86758,58389.389,58523.69957,-134.3105693,197230.253,52334.16949,144896.0835,0.3109503638,1.353046406,0.7257591853,0.00209933088,37.43743844,0.2688057357,37.59730658
864,55626.65972,58744.32692,-3117.667197,38378.66115,41569.87219,-3191.211041,138020.9274,44889.29746,93131.6299,0.1143653071,1.177246954,0.6551921576,54.58164183,2.442224428,54.69133315,2.474585491
865,59229.11154,52596.26415,6632.847388,46672.54528,48410.0976,-1737.552318,203986.9885,58824.94522,145162.0433,0.5115989413,3.545219166,1,55.4534345,61.37616227,54.97434563,61.55562629
866,54094.61852,58023.15595,-3928.537429,49277.80701,43956.78946,5321.017547,184737.5493,62733.57001,122003.9793,0.5334246428,3.805810441,0.9181069918,28.45194499,2.270418002,28.86918071,2.602767514
867,76841.44765,62158.24544,14683.20221,49463.54375,54729.8335,-5266.289752,175285.652,68218.92756,107066.7244,0.2405392875,2.589409406,0.6548353388,1.926604207,25.90250766,2.132678651,26.02657407
868,194624.0939,53508.85774,141115.2361,167289.6296,48626.09239,118663.5372,156080.3216,64358.76227,91721.55929,3.270407253,2.534720922,0.5125867731,43.04698283,6.028543342,43.32151684,9.28740736
869,939758.9928,58853.80168,880905.1911,573603.8242,47012.46099,526591.3632,227486.6288,46874.5689,180612.0599,0.4379191168,1.358593038,0.5998503119,63.69225764,43.45705531,64.12471753,43.52598712
870,226697.4129,51625.09949,175072.3134,86342.49569,51729.69136,34612.80433,196609.4265,55597.24108,141012.1854,1.306496104,1.262426088,0.9306167849,95.18047503,93.18640138,95.55767855,94.43726091
871,818566.807,56956.51725,761610.2897,698768.9991,55691.60144,643077.3976,273410.5622,45871.7367,227538.8255,1.781152067,3.081109098,0.6994606071,97.95355501,25.78786248,98.8564503,27.323207
872,818986.1114,54176.72571,764809.3857,815857.2309,39551.17067,776306.0602,314326.8525,64946.01082,249380.8417,0.5289673546,1.654800139,0.7818741165,34.24442541,92.68306343,34.74616995,92.85057129
873,57480.58435,52414.46355,5066.120802,54983.94277,55215.80994,-231.8671646,130174.079,34837.95303,95336.12593,1.90628759,1.622536686,0.8123917179,65.29174702,82.00977581,66.92714958,82.98926079
874,996291.2401,58577.4913,937713.7488,723093.6879,49459.50763,673634.1803,289043.539,51720.91388,237322.6251,0.9876219811,2.982255258,0.7374698788,70.2447311,59.96803344,70.5495596,59.0286311
875,69647.56231,55933.88006,13713.68225,59993.78875,64164.52265,-4170.733897,82732.89222,44509.78646,38223.10576,0.5027362165,2.645659245,0.7311262163,98.25280795,96.55101934,98.75148288,96.61479257
876,50116.24676,50841.6019,-725.3551381,30635.70955,46095.21329,-15459.50374,87117.30447,35676.85879,51440.44568,2.369657549,1.525890724,0.7356185284,1.057176888,29.38247582,0.01737499558,31.51181584
877,66460.04454,62214.56795,4245.476584,24380.68356,39547.37313,-15166.68957,46359.1289,44402.58642,1956.542476,0.3965310077,2.096329806,0.6866599708,21.54163785,10.02747984,21.86320606,10.25949433
878,70258.93536,57560.1543,12698.78106,73000.14855,64850.22052,8149.928037,150180.4608,49449.16727,100731.2935,0.7975683901,3.37325791,0.6657097412,97.78296351,4.943317884,97.236662,4.362224089
879,707360.4645,50748.14176,656612.3228,799360.0421,51629.03879,747731.0034,340634.0385,52455.36263,288178.6759,0.4634348353,1.476488227,0.6278350447,47.567353,29.76090008,47.8695823,30.11222514
880,57137.95292,65363.31504,-8225.362126,39412.82103,51215.32869,-11802.50766,185380.7921,59516.13152,125864.6605,0.6013299559,3.366906073,0.6357551125,15.62684447,76.3616538,15.31304467,76.87461325
881,1014516.13,57700.80347,956815.3262,622196.6469,56335.29097,565861.3559,328763.6892,53956.38053,274807.3086,1.892539936,3.320568894,0.7605116845,15.27835041,5.679217458,16.79972283,6.804887645
882,653963.8844,48220.11726,605743.7671,679906.0094,33843.05794,646062.9515,229669.1907,39273.45136,190395.7393,0.237059898,4.405685467,0.6127398194,18.37480831,59.77195186,18.56673725,59.91109452
883,889914.522,47661.53458,842252.9874,534591.7755,47675.26075,486916.5148,314983.1413,56631.76717,258351.3742,1.660008764,2.812106971,0.721112353,53.49313976,28.76582346,54.29237729,30.2207628
884,766161.3947,44073.67792,722087.7168,744326.9095,56243.8768,688083.0327,354423.9593,54060.2211,300363.7382,1.027802156,2.385226394,1,90.76172123,77.57713927,91.66326305,78.07069741
885,247909.7957,60013.42522,187896.3704,133600.2827,39978.811,93621.47166,226306.9787,38242.97514,188064.0036,3.001955618,1.373767178,0.9304236466,94.96976583,98.65891171,96.62159707,101.1655411
886,160251.792,65245.07074,95006.72127,106463.7203,57441.06969,49022.65058,248727.4659,56156.66854,192570.7974,2.272435746,4.057633565,0.6982064134,28.16604553,15.38400863,29.46887943,17.2458862
887,56447.57503,55158.97876,1288.596271,54429.09403,47719.19558,6709.898451,119933.7033,37694.80145,82238.90183,1.966339112,2.017754015,0.704277952,43.59192529,11.46731253,45.42172605,12.18725607
888,49319.04192,64173.27232,-14854.23039,48025.46541,49922.70884,-1897.243432,147742.7816,51395.55449,96347.22714,0.455649091,1.897494544,0.8077483507,24.27864034,4.626165874,24.67600341,4.849142739
889,57918.26598,54445.484,3472.781976,48193.64143,58408.45118,-10214.80975,183550.9895,57467.91263,126083.0769,0.2148668916,1.830341723,0.7932007867,57.81770631,18.64758476,58.03199298,18.66336468
890,202395.744,46537.92188,155857.8221,162267.4491,51300.73972,110966.7094,236157.2734,56584.24196,179573.0315,0.2054184281,2.89589881,0.8808765312,79.54527447,70.99025137,79.4452704,71.16968357
891,769271.8359,52732.44831,716539.3876,829970.9233,49640.61671,780330.3066,273613.1559,69862.1044,203751.0515,0.727281347,1.437007022,0.8510035545,3.232339806,17.430286,3.953715803,17.33779367
892,787118.5494,58666.04134,728452.5081,805693.1598,49649.41726,756043.7425,238675.5167,54207.13237,184468.3843,0.4804352028,2.813376236,0.9342776363,44.52641342,0.09951134659,44.04662144,0.1243637912
893,207126.4144,58013.9176,149112.4968,210125.9716,56339.93743,153786.0342,227470.6466,46400.5118,181070.1348,0.3290857549,3.882452322,0.605332243,11.49800551,96.87975861,11.36559876,97.18103239
894,805056.0265,57852.2708,747203.7557,709194.1633,49408.48315,659785.6801,265718.9877,47954.76547,217764.2222,1.221672093,8.424332914,0.7817232183,18.90237893,62.81428853,19.51264594,63.87261593
895,973035.4059,59069.61822,913965.7876,824605.8804,43622.45595,780983.4245,305341.8262,55330.07579,250011.7504,1.231004814,2.133511198,0.9842612134,92.31877926,15.88614595,92.70865666,17.05377965
896,712356.931,43798.03495,668558.896,713185.5933,49616.24489,663569.3484,245175.7276,44327.31773,200848.4098,0.9057805725,5.475271004,0.7284218278,96.96582785,39.11526793,97.86122427,39.25202939
897,836701.3023,58318.6476,778382.6547,759928.7971,49488.65315,710440.144,286348.429,50257.14216,236091.2868,0.3256791169,4.313674854,0.9584261104,39.72291754,4.872741473,39.82113367,5.183257944
898,174687.6561,51841.96101,122845.6951,148465.5966,56238.55994,92227.03669,253709.6512,49669.33283,204040.3183,1.192404281,4.277557298,0.6125025388,68.02761024,73.6302607,69.17525307,73.30661906
899,1045709.228,56295.51198,989413.7158,610855.2386,49859.98611,560995.2525,251147.4696,47494.98588,203652.4837,1.664978807,4.154977567,0.8532611656,66.3739014,1.909410846,67.6946583,2.923193681
900,796484.3512,58386.43315,738097.918,833784.364,65600.84513,768183.5188,337221.4801,48370.54953,288850.9306,1.105079233,3.372825645,0.998054221,59.54187054,91.49586663,59.74956068,92.58125361
901,43741.45671,50824.05587,-7082.599164,40758.5443,57339.02007,-16580.47577,110699.9329,53311.5919,57388.34104,0.4104007134,2.046457255,0.7622397397,38.3735301,0.8246857453,38.65434878,1.12396757
902,867901.4794,54455.93447,813445.5449,559732.4889,57098.40883,502634.0801,219303.0428,45260.57354,174042.4693,1.286203646,5.230342585,0.6772991993,24.11481941,50.29885532,24.544637,51.51111629
903,824767.7403,56303.49447,768464.2458,674444.7379,47215.43643,627229.3015,346084.8062,40047.18305,306037.6231,2.439068759,2.311116954,0.7904900466,46.41856677,18.96273478,48.83242946,19.31248227
904,223701.9108,54595.62078,169106.2901,180368.4609,49169.92685,131198.5341,246702.8197,43888.43488,202814.3849,1.542105928,6.692944227,0.9570638748,1.57138176,2.39925866,2.269988424,3.774045706
905,50825.08292,47330.29788,3494.785031,38420.58378,51139.0262,-12718.44241,213463.2369,42734.45994,170728.777,1.332049359,3.745160244,0.7080028005,24.41368724,3.818904634,25.6484606,4.318594796
906,900426.6162,54091.22655,846335.3896,880046.3183,50650.63246,829395.6859,287604.5145,61592.46622,226012.0483,0.5981928483,3.431591948,0.6929978085,76.29164478,53.60914434,75.84023801,53.21663113
907,59995.9698,60443.23155,-447.2617539,53213.69652,51263.72436,1949.97216,127099.5164,55037.95837,72061.55803,0.6977763942,2.137654976,0.6904846161,32.70949949,69.54140204,33.20832893,70.02931707
908,64781.34262,61923.6079,2857.734713,30991.36833,52185.04409,-21193.67576,134237.031,47209.54006,87027.49095,1.033960936,2.941767921,0.7146725148,91.69841308,59.36797078,91.18028757,60.26274514
909,158797.7002,61150.24493,97647.4553,174330.2637,51592.58271,122737.681,181516.0498,51362.04265,130154.0071,0.9058753015,2.001007682,0.869296457,78.40019099,64.6255486,78.44194159,63.72063593
910,46949.6514,55270.17094,-8320.519546,47766.52082,54660.36633,-6893.845514,242921.2515,40205.91252,202715.339,1.406919928,3.599480567,0.7959230423,97.50224788,81.06119544,97.4172441,82.46554513
911,210242.2481,46667.52074,163574.7273,159696.8905,51902.16186,107794.7286,166812.4123,50649.42272,116162.9896,0.4053921088,2.71497341,0.9101736565,47.95426491,20.64452691,48.19989475,20.96703077
912,78533.54797,66526.14126,12007.40672,52070.13924,59185.32138,-7115.182143,137272.6804,48492.05519,88780.6252,1.597662214,2.622820979,0.4569511107,44.28863339,5.235048051,45.77641431,5.81731303
913,894704.3115,46217.31749,848486.994,948365.4472,40447.32346,907918.1237,313437.2748,45389.12194,268048.1529,1.254923438,2.776551281,0.7303210778,29.55713663,31.5835348,30.71259546,32.0731752
914,1046923.742,51541.34319,995382.3991,751985.3084,48859.86503,703125.4434,296042.1749,40775.53068,255266.6442,0.6682497099,2.642668329,0.8614053782,98.35202853,29.98823346,97.79778193,29.6149127
915,206276.8223,60557.03976,145719.7826,100426.8737,60562.68683,39864.18687,183187.6441,44973.53802,138214.1061,1.362931106,3.911245659,0.8190630577,41.40361625,89.80687123,40.17801845,89.21064038
916,872014.4369,63943.23343,808071.2035,858831.1408,35051.56168,823779.5791,242062.2712,39400.32582,202661.9453,2.063600902,2.865995115,0.75153441,47.83963298,80.80520015,48.26314819,82.82487427
917,965966.4227,53467.15741,912499.2652,819153.3426,48717.8237,770435.5189,319080.2038,39388.31735,279691.8865,0.5796811663,3.619900022,0.7249322021,9.571822144,65.73231348,9.982618704,66.14130791
918,79749.86106,63900.09317,15849.76788,40746.85341,50073.83526,-9326.981855,110913.385,54146.88881,56766.49618,2.814174283,1.861969935,0.7747652169,9.220615289,4.229031407,10.65593159,6.64966025
919,785716.3506,58312.09561,727404.255,620764.7499,52617.28622,568147.4637,304476.1669,48036.05656,256440.1104,1.20900303,2.021645301,0.7896547974,3.012617107,32.40008397,4.220219271,32.45826765
920,130001.7612,56519.82875,73481.93244,199081.9147,53487.16742,145594.7473,232390.8516,43687.0523,188703.7993,1.048699747,2.479579865,0.9853358797,74.56077157,47.13411724,74.34526307,48.16043456
921,52817.91286,53331.53695,-513.6240851,28206.56568,47583.97413,-19377.40845,176600.4032,62344.25973,114256.1435,2.589717182,2.368581749,0.8935440801,8.787801823,20.4259448,7.697168995,22.77480731
922,242887.6971,54297.9778,188589.7193,191986.0871,53520.70748,138465.3797,243153.862,48079.66514,195074.1969,0.7733933432,4.451134042,0.8816889639,16.57278371,44.82037823,16.56153938,45.59368983
923,170779.8979,51307.19009,119472.7078,220897.6717,60687.7197,160209.952,250595.0516,42276.076,208318.9756,0.7562443643,5.478337066,0.7014519136,40.33424545,93.82583738,40.87341647,94.35612046
924,823445.3739,73693.22318,749752.1507,636589.9102,56226.03012,580363.8801,381013.9425,48390.11302,332623.8295,0.3468920051,1.981733172,0.9376738655,53.82146822,41.80414048,54.16802916,41.81929248
925,72671.34635,61693.45288,10977.89346,45434.75681,55573.83399,-10139.07718,59972.65601,47855.15681,12117.49919,0.05834243413,3.268780521,0.6297312468,35.68152512,79.55333483,35.69542942,79.60999619
926,1014388.476,63093.29612,951295.1802,681269.7995,40505.29986,640764.4996,223538.0004,59770.80627,163767.1942,2.086357946,1.335592832,0.8039099363,35.04905113,93.65584564,37.13539292,93.647634
927,46376.98025,49955.56581,-3578.585556,71198.05267,66956.70974,4241.34293,122480.9904,51454.39969,71026.59075,0.9919577519,2.619604686,0.8160347454,45.65740093,46.51006424,46.58487534,46.15825265
928,816865.346,59866.77731,756998.5687,841740.3426,63789.84149,777950.5011,332857.7572,47950.8727,284906.8845,0.4897598204,8.763413058,0.7441859073,72.03628239,10.14408893,72.29872356,10.55759748
929,142536.668,44318.66398,98218.00404,194954.1582,56876.59237,138077.5658,196044.3725,47416.66193,148627.7106,0.4783792875,1.678599155,0.9106912708,0.4519051648,97.00716051,0.1180774248,97.34980578
930,248728.2991,49313.26291,199415.0362,201643.1934,49072.04937,152571.144,232221.3716,68432.23507,163789.1365,1.404079061,2.73490421,0.9352566724,78.50378923,36.55756868,79.86569758,36.89909999
931,792003.3742,39814.90818,752188.466,714414.7314,45345.66789,669069.0635,293614.3413,48564.08518,245050.2561,2.007648621,2.759491338,0.8766699142,69.23076669,75.92290778,67.54416825,77.01196181
932,588544.4203,51295.09649,537249.3238,755696.9833,57631.94182,698065.0415,261572.8867,56378.61976,205194.2669,0.5222972648,3.759124446,0.7080588137,42.64873399,1.964002326,42.81375415,2.459545241
933,237406.4894,51217.92281,186188.5666,150039.7589,56976.73747,93063.02147,198927.514,49750.58829,149176.9257,1.541267942,2.597112244,0.4595988352,2.208306741,13.81270346,3.656939255,14.33898353
934,40609.20112,59647.84098,-19038.63986,37335.60629,44159.62611,-6824.019821,102389.3982,50755.25466,51634.14358,4.458943534,2.24415666,0.668756384,1.248632197,46.40848895,5.390846902,48.05901455
935,48163.82119,48746.03146,-582.210267,17895.27467,26357.59102,-8462.316351,156326.1231,53592.17889,102733.9442,0.6961230731,1.479157997,0.7750078838,30.14484671,58.50524917,30.44228835,59.13462649
936,203408.5752,70421.11569,132987.4595,190175.0795,66646.2099,123528.8696,203656.5522,50364.70013,153291.852,0.6810332396,2.832202362,0.8193561506,72.07592463,61.53201175,72.67321409,61.20482439
937,1104309.929,62476.33202,1041833.597,670872.2641,39045.91963,631826.3444,341603.8068,49466.17979,292137.627,0.7727084307,2.255941608,0.6780187079,58.37756517,86.93686989,59.05924366,87.30072805
938,296387.5951,63979.57213,232408.0229,176576.3751,44306.91091,132269.4642,231293.1151,56421.20523,174871.9099,0.7655141583,3.843686896,0.9060853172,70.87213091,28.14295697,71.05899919,27.40060114
939,942399.6744,54901.14923,887498.5251,789190.1617,56309.51075,732880.6509,264204.4957,29955.4234,234249.0723,2.61769682,2.013602855,0.7152877305,28.11511833,55.83988899,30.28821031,57.29934364
940,65683.53035,68775.77768,-3092.247325,68820.19305,64241.43643,4578.756629,133858.1892,52280.65669,81577.53254,0.4088412934,3.035026943,0.8091333098,68.80684365,47.39183173,68.64163938,47.76580867
941,204407.6638,71992.42938,132415.2344,166276.7664,53147.20831,113129.5581,213540.4558,50372.66567,163167.7901,1.040846567,2.70623144,0.934327394,17.65183161,17.56161272,18.59027441,18.0118201
942,61929.84426,54879.54637,7050.297882,17943.58241,40266.61473,-22323.03233,84875.16631,48769.497,36105.66932,0.8781472566,1.594736283,0.8059042559,16.09582939,14.44122837,16.77509439,13.88468398
943,832365.7103,57660.65918,774705.0511,744705.3086,31461.12975,713244.1788,235146.7528,47606.01057,187540.7422,0.5650014128,3.373349493,0.6506431862,8.021337621,73.39439319,7.928924506,73.95178571
944,916944.5287,67427.01187,849517.5168,752777.3856,52855.05834,699922.3273,309182.5207,44337.23264,264845.2881,2.9821035,2.208276082,0.7111668359,29.04625781,0.03284784079,30.96886944,2.312432406
945,1004618.14,48489.11928,956129.0205,815360.9556,51200.31263,764160.643,259434.2702,42816.03831,216618.2319,1.720867441,3.849706614,0.7347201273,62.90353962,66.46628445,63.13443684,68.17159123
946,1008017.28,53833.79151,954183.4881,700528.0409,41298.40755,659229.6333,252355.1826,57469.12545,194886.0571,1.903961402,2.299820184,0.8192325657,82.40467002,78.53752562,80.76150401,77.5757177
947,59664.68925,48501.02315,11163.6661,47677.89296,51660.82296,-3982.930005,113441.9423,53777.28016,59664.6621,1.299107696,2.972030748,0.7673046141,11.37265459,5.095918768,12.23260617,6.069655943
948,969188.4771,66056.65658,903131.8205,693477.0347,65365.26891,628111.7658,332799.4297,45709.18915,287090.2406,0.8108483706,4.789476239,0.7757046241,12.7677555,11.81487164,13.45471402,12.24564196
949,79769.32897,65428.10679,14341.22218,64308.45781,60377.0393,3931.418514,172882.4229,52214.69701,120667.7259,1.110865517,4.069636377,0.8623130424,56.64350181,87.79904689,57.71233884,88.10171767
950,180327.5315,45812.06131,134515.4702,218957.4822,58992.52155,159964.9606,281320.2451,47412.83257,233907.4125,0.2757674827,2.891707737,0.7249257441,47.11391491,10.75037104,47.36058611,10.87366346
951,148323.0769,53711.85906,94611.21783,181224.8072,52206.34083,129018.4664,192028.3141,54003.17349,138025.1407,0.6384071886,5.400826354,0.6773772554,38.37070633,46.88713871,38.96079012,47.13078775
952,261115.9112,54959.05906,206156.8522,193922.3159,52186.89218,141735.4238,131977.5643,45513.22895,86464.33537,0.4749764452,6.040088801,0.8913654975,46.11657138,35.80143332,45.98657705,36.25827476
953,50534.3522,50953.67114,-419.3189449,53015.06043,54208.55233,-1193.4919,92851.3986,49416.75731,43434.64129,3.197667302,2.641013381,0.7644014154,45.83787056,47.3551926,49.00452699,47.7994484
954,839102.6246,62104.93357,776997.691,668646.6907,48572.41141,620074.2793,243416.6123,46206.9121,197209.7002,2.308710338,1.284136871,0.9551401457,17.23923713,14.14537806,19.43797554,13.4413235
955,194682.5241,46723.59632,147958.9278,200832.8671,56694.21192,144138.6552,153453.5289,45257.66124,108195.8677,0.9701673081,2.148621382,0.7533712413,64.74121125,13.56305627,65.69658149,13.73185291
956,256899.8393,55810.909,201088.9303,115317.659,39841.16181,75476.49723,256303.1347,41163.61842,215139.5163,1.110918976,3.807244779,0.8551477318,99.31104759,26.18639757,98.96386252,27.24167171
957,835037.281,56657.68631,778379.5947,853820.1006,45057.84888,808762.2517,274343.2883,45653.25626,228690.032,2.063995879,5.6859109,0.8570859893,89.60511868,61.13124468,87.72400016,61.98063981
958,237039.2834,52180.19116,184859.0923,142834.3659,50173.64939,92660.71653,275671.782,55297.54139,220374.2406,1.278775305,6.191406356,0.6878043691,23.20193976,54.69118287,22.59951519,55.81916821
959,149388.1322,49886.43743,99501.69476,218696.1581,62804.27266,155891.8855,205635.1004,48561.39607,157073.7044,1.633143927,1.531239052,0.6638345092,59.8216665,78.60041575,60.71117551,79.97006271
960,1068468.427,47482.21888,1020986.208,646297.8135,53613.74521,592684.0683,239400.1035,45163.70315,194236.4003,0.514357417,1.461760404,0.866467617,18.62630247,54.53551187,19.11755385,54.68794427
961,923557.6808,64942.07646,858615.6044,912503.9539,50010.44472,862493.5091,223381.0185,42638.78358,180742.2349,0.5418450594,1.265496234,0.8372646584,0.1315097301,62.91065934,0.6721019474,62.87383377
962,64755.58061,60719.17302,4036.407592,38187.16422,55900.12182,-17712.9576,132325.6499,48932.36992,83393.28002,1.093615054,3.607707608,0.77293942,53.56301609,55.81387877,54.65477947,55.75026581
963,240304.4163,53408.8867,186895.5296,177297.6448,38450.18154,138847.4633,172046.4721,56255.04296,115791.4291,1.845426243,4.884988601,0.6709762821,70.75800468,46.6497471,72.54184599,46.17698054
964,724773.0243,59629.70466,665143.3196,742386.4886,62500.68828,679885.8003,381792.5569,50061.89032,331730.6666,3.146240959,4.407565665,0.7898768474,7.130490044,38.79338871,10.21910102,39.39281714
965,126385.939,64928.21751,61457.72153,124313.3559,43894.13829,80419.21758,252168.721,58218.07776,193950.6432,1.857346749,2.164367627,0.7351404189,2.033366107,71.5071592,3.56116071,72.56336969
966,157389.0283,46189.40949,111199.6188,145882.3439,48196.8353,97685.50856,147648.9875,53161.37552,94487.61198,0.5461595767,2.564344831,0.9142951826,94.30545137,95.98627538,94.27675541,96.53168057
967,53744.04147,60060.58501,-6316.543534,59401.58658,51338.96728,8062.619298,181670.8295,44520.11063,137150.7189,0.3899371852,3.622587834,0.7698487435,93.14262447,45.04499333,93.38211923,45.35271604
968,856903.7141,56049.59534,800854.1187,898798.0325,52751.21627,846046.8162,311105.2041,60627.47383,250477.7303,0.1348103587,2.630203316,0.7409467348,83.59144062,70.98244965,83.72431902,70.95970842
969,69421.42877,68193.23932,1228.189451,35342.31072,37484.77472,-2142.463993,95488.64594,63232.1361,32256.50984,0.2996653149,2.59864058,0.8723427306,22.74762361,47.08531952,22.80004742,47.38036366
970,41944.75613,48191.11321,-6246.357079,51087.21207,55789.6007,-4702.388628,154997.9556,48563.92804,106434.0276,1.132179867,2.18201668,0.7749358469,90.98007493,82.86792537,92.05989663,82.52760737
971,165795.8587,58495.6626,107300.1961,182286.5242,44483.89696,137802.6273,220968.8991,51650.75576,169318.1433,0.991165771,2.658133065,0.8534007084,2.375668813,79.06855403,3.333734486,79.32256142
972,714281.0717,69574.50167,644706.57,878990.5874,50719.85351,828270.7339,222689.0057,55925.75522,166763.2505,1.170714461,2.214443005,0.9529733789,48.134941,82.60344978,48.23782934,83.76963431
973,52293.68563,51095.93893,1197.746702,41601.53752,46858.07149,-5256.533963,183154.8522,55323.20001,127831.6522,2.084285218,4.081602446,0.6817758442,79.11212213,88.85392504,80.72984699,90.16815909
974,1066337.986,53854.18738,1012483.798,819053.6281,61895.62588,757158.0022,315007.9731,61317.91392,253690.0592,0.550557759,4.154581611,0.5846817394,42.49080114,98.05349548,42.12276989,97.64402406
975,171986.4499,54570.19655,117416.2533,190774.5129,56911.48126,133863.0317,152351.8367,40748.88946,111602.9472,1.362928207,2.700760607,0.7185210731,44.88078592,3.384664924,43.74794508,2.626875412
976,723754.0171,53757.93593,669996.0812,889973.8822,51752.1036,838221.7786,240036.1053,48666.77286,191369.3324,1.576315169,1.676460196,0.7630694051,47.843874,28.53893486,48.15383051,30.0844757
977,867908.6494,65336.26821,802572.3812,706633.7261,47876.36499,658757.3611,290037.3427,46716.39469,243320.948,2.252581312,6.156986406,0.9228748343,71.86367516,22.16901568,74.109027,22.34934223
978,949344.5189,66481.84679,882862.6721,831768.4159,57984.69595,773783.72,273525.3653,53825.77598,219699.5893,0.8327148267,3.362625888,1,51.85998971,56.07422879,52.69264478,56.084205
979,946245.1924,34959.7292,911285.4632,863142.0509,59284.56631,803857.4846,306797.0246,55135.04464,251661.9799,0.9846857195,1.188638145,0.4855087407,89.90991309,87.32048855,90.3842429,88.18340059
980,215035.482,46616.56779,168418.9142,149342.455,40501.38407,108841.0709,235161.9462,52585.46053,182576.4856,0.3586288233,3.963111025,0.6658655876,67.95164471,47.43743533,68.16130185,47.7283967
981,787321.8101,58974.92126,728346.8889,652913.5395,46339.98246,606573.557,269175.7251,56589.35181,212586.3733,0.4083767667,2.888189662,0.8569737499,63.92806722,82.76157245,64.13425175,82.4090678
982,250998.5097,52457.58656,198540.9231,165741.8361,53611.33206,112130.504,181833.5568,52487.33402,129346.2228,2.705760934,2.465917735,0.8343464583,96.81515588,82.17927325,99.27960662,83.29624452
983,65884.83585,56773.05585,9111.779997,58892.47677,56983.53331,1908.943457,125580.9411,45941.57519,79639.36587,0.1012600382,6.753591807,0.4529144605,37.85835013,3.599803532,37.94205127,3.656792248
984,59142.4751,42661.22732,16481.24778,41951.4156,52811.30622,-10859.89062,139615.6279,48574.36388,91041.26401,0.8835733871,4.44282029,0.8653891148,6.392903784,45.87777658,7.276475664,45.87940853
985,825633.9582,56049.85783,769584.1004,798085.6884,50563.07022,747522.6182,310921.2872,52815.11907,258106.1681,0.5772427559,2.903110951,0.7377352415,52.81773153,72.09478128,53.38872198,72.17951092
986,793096.771,56038.73457,737058.0364,830419.417,44686.49839,785732.9186,311385.3353,51174.81033,260210.525,1.05625294,3.551458445,0.9212926442,70.28605274,20.055394,71.27612174,19.6873809
987,59013.70001,46450.99082,12562.70919,52066.57742,52933.12054,-866.5431236,96930.85073,49422.84222,47508.00851,2.253875976,1.07417516,0.8884012315,94.54530841,85.90895219,94.39446968,88.15777512
988,64680.26595,64623.22956,57.03639564,57652.11991,61540.75768,-3888.637772,130049.5461,41290.64369,88758.90237,2.354637775,3.948612058,0.7594649726,26.7057615,28.15797386,24.53485294,27.24612132
989,124305.6477,36906.53158,87399.11615,179199.9123,52826.59422,126373.3181,207994.1581,52828.7003,155165.4578,0.9130848788,1.65112478,0.7713059603,11.73791411,0.2835663332,12.29253191,1.008909763
990,63797.95188,53408.54127,10389.4106,54644.934,54157.57196,487.3620422,155319.8513,47409.43594,107910.4153,1.369909392,3.76001644,0.4559031636,99.95746456,22.51677581,101.0024001,23.40264345
991,233775.6104,61625.93133,172149.6791,223180.103,50494.0836,172686.0194,180112.1133,34019.44663,146092.6666,0.9792054341,4.544536,0.6552382299,69.90445146,3.166111513,69.51967011,4.066548405
992,284850.176,59104.59911,225745.5769,134277.1444,53948.87866,80328.26572,164122.6393,43893.54753,120229.0918,0.7146782737,1.838897958,0.8212201422,77.14384163,94.03724412,77.64261036,94.54909838
993,160660.4888,45792.26296,114868.2258,144036.5909,60759.81765,83276.77329,184738.8911,47693.60616,137045.2849,0.2171873726,1.620426997,0.7506903189,43.71987075,78.35663287,43.78617322,78.56345244
994,791802.5593,53616.02251,738186.5368,585777.3112,54975.32187,530801.9893,302823.4852,45249.80231,257573.6829,1.093205265,2.830594418,0.7509522196,97.47919673,99.10680824,98.44824543,98.60080195
995,49700.01257,53026.33474,-3326.322168,38343.11279,46420.90604,-8077.793251,140482.5729,50298.52582,90184.04712,0.8314999739,6.77735094,0.7941804385,12.13591297,89.50796071,12.43314887,90.28451916
996,617052.8655,61990.7283,555062.1372,813279.3974,55668.83435,757610.5631,258258.8506,44919.58021,213339.2704,1.22282968,4.068095986,1,52.19931423,17.15847191,53.3647205,16.78814683
997,1020715.467,44836.49345,975878.9738,688922.1045,47949.69637,640972.4081,348080.2255,51516.60954,296563.6159,2.904809602,1.630221857,0.5998556753,98.11223369,14.8155999,100.7854546,15.9521776
998,962332.5007,59569.24261,902763.2581,714402.1181,52934.57142,661467.5467,210752.9642,49594.08183,161158.8824,0.4068179164,1.987695164,0.6435427249,52.96794456,52.70136063,53.03453405,53.10269174
999,55150.39536,55375.2639,-224.8685304,53109.81839,47623.88066,5485.937735,160932.1937,43641.51044,117290.6833,0.3213950331,1.589173396,0.6683653457,85.96737031,9.543097638,86.28502793,9.591968894
1000,222746.3746,54344.31111,168402.0635,107725.258,52092.14666,55633.11134,184804.4856,47548.97075,137255.5149,1.786014421,1.823440324,0.7273519707,45.81157253,86.76702516,47.17688417,87.91844673
1001,697811.2564,65714.08135,632097.1751,696586.6063,41572.43607,655014.1703,318890.5428,51867.83032,267022.7125,1.024170395,3.414371679,0.7503980351,1.637269915,71.20340577,2.53408942,71.6980165
1002,55175.82957,55567.31193,-391.4823557,71796.11987,57399.63373,14396.48614,104896.0473,47841.25523,57054.79211,1.396648075,1.197233937,0.7737674733,58.06763301,69.50752495,59.4589993,69.62887444
1003,68895.76309,68317.71373,578.0493587,41043.7381,46227.06506,-5183.326957,173707.5085,51463.31942,122244.1891,0.4718331886,3.801285116,0.7820568653,92.3492666,6.890856665,92.82065393,6.911363617
1004,130512.2888,50515.9272,79996.36164,178435.683,51106.88469,127328.7983,146544.1996,52010.64539,94533.55421,1.900844976,1.654915866,0.7206378559,34.96673662,21.78833776,35.77459999,23.50896799
1005,35141.73716,54714.54168,-19572.80452,43350.79155,45543.98677,-2193.195226,132295.4503,58101.21418,74194.23616,1.062872439,2.022324817,0.8263007748,32.77646599,63.41321595,33.5027243,64.1892615
1006,811455.2108,54866.79285,756588.418,713974.5619,52910.02272,661064.5392,244015.6924,45853.65342,198162.039,1.356825576,2.609177744,0.9015480102,91.1922275,73.24116826,91.73670828,74.48395396
1007,877689.2705,59519.8078,818169.4627,904152.9604,44445.71159,859707.2488,195995.867,51214.46188,144781.4051,1.19480671,5.175315821,0.8901197815,47.62257961,54.37746009,46.70243519,53.61529389
1008,941845.4447,47478.37921,894367.0654,765160.1814,28942.76948,736217.4119,257456.7643,55978.85217,201477.9121,1.746530358,3.465412732,0.7005120666,45.47680516,98.58594929,46.14475318,100.1997069
1009,33701.72424,32072.92603,1628.798212,56191.69954,51237.75501,4953.944531,153742.4174,51749.64765,101992.7697,1.168677532,3.223520467,0.7921983643,47.73344638,7.003185067,48.76383007,7.554652766
1010,52196.83547,52465.32463,-268.4891628,51421.46627,58280.18832,-6858.722054,90431.6264,50530.11647,39901.50993,0.342462325,3.845999477,0.8104557428,42.51714308,68.53051361,42.67089683,68.83652052
1011,713953.7536,52956.90606,660996.8475,761416.4007,45729.95259,715686.4481,248907.1976,36404.87296,212502.3247,1.038349536,1.716491182,0.6015716983,48.94600974,52.05302017,49.83602463,52.58785029
1012,44333.01411,42802.65054,1530.363577,72517.6269,56343.11742,16174.50948,125841.386,39651.94392,86189.44205,0.6841572308,5.561645146,0.5554621067,23.87648843,86.73386856,24.21784108,87.32678465
1013,243644.5277,56881.77758,186762.7501,75998.2716,42939.20872,33059.06288,147351.5168,45264.72204,102086.7947,0.9867716376,2.880553329,0.6726226559,90.27262842,60.43994973,91.2141173,60.73544417
1014,171945.5949,44237.47014,127708.1247,208424.9391,52436.08211,155988.857,188880.3344,42383.64551,146496.6889,1.177278492,2.741089544,0.7076701277,6.719160582,0.9103485593,7.271841644,-0.1291360688
1015,1096893.74,50773.17657,1046120.563,736326.4247,59286.36155,677040.0632,231380.1003,59170.05096,172210.0494,1.643119887,1.819508922,0.7248421577,76.47658372,2.537403888,78.05326302,2.074883221
1016,727561.8821,50914.07034,676647.8117,889162.6145,51969.64153,837192.973,273394.5217,64851.28003,208543.2417,1.465453308,2.77624665,0.6787052247,94.68537514,44.21417574,95.81573389,45.14682922
1017,607228.0365,54225.01161,553003.0249,842261.7283,56275.68348,785986.0448,302636.0988,54143.64178,248492.457,1.108616303,2.135959826,0.9867607393,23.82300498,72.5525601,24.93058738,72.60042798
1018,46238.37552,47971.86414,-1733.488617,29512.68409,35835.3305,-6322.646404,92033.35588,50985.66022,41047.69567,0.7386752719,2.52091942,0.7426352849,41.94092128,26.77107121,41.96193451,26.03269488
1019,189086.5175,54306.65445,134779.8631,144186.6403,44816.96063,99369.67968,288959.0256,52220.07069,236738.9549,1.227762128,2.187805068,0.8963639955,44.9803137,94.70142603,44.71779713,95.90079457
1020,265211.12,57231.61077,207979.5093,110483.0796,59019.01102,51464.06855,256330.2892,56373.25493,199957.0342,0.3801147025,5.149472043,0.8533951725,34.6862415,67.49613064,34.61613019,67.86972346
1021,950889.2998,53753.77134,897135.5285,722642.6017,45037.92079,677604.6809,267448.5314,34228.81364,233219.7178,1.1257529,3.226234518,0.7925390528,61.30746427,44.93950407,61.09275579,46.04459224
1022,20615.40742,40281.37224,-19665.96482,46724.61044,55265.86344,-8541.253001,166579.1201,41543.24088,125035.8792,1.110859647,3.619191386,0.9299617093,31.88672595,29.7056419,32.08447925,30.79875799
1023,75640.35148,62016.31656,13624.03493,48747.40099,47815.3867,932.0142849,77037.61235,50844.18188,26193.43047,1.1825889,2.513324789,0.9840770046,7.530795132,33.05820106,8.596986003,33.5698196
1024,234682.2803,58162.48898,176519.7913,141965.6488,48062.96432,93902.68452,208651.8748,45696.07967,162955.7951,0.7624777528,2.202532743,0.8243045128,52.61756254,52.919166,53.25209517,53.34194333
1025,60617.13369,69403.77421,-8786.640513,50615.81954,47992.31247,2623.507075,197227.5268,68005.28632,129222.2405,0.1889098541,1.627232207,0.819711738,79.20529754,61.12537909,79.26199568,61.30557969
1026,679883.7015,43174.98349,636708.718,759736.1441,44996.97348,714739.1706,290260.3063,63674.58894,226585.7174,0.5838494956,2.156112118,0.9121889102,82.05865418,70.22634875,82.14114891,70.80434084
1027,1040329.218,52224.86006,988104.3582,689514.9345,57405.46929,632109.4652,214557.8882,46554.45054,168003.4377,0.251189209,4.072202978,0.7569353426,40.87944197,32.98587937,41.1166726,33.06844841
1028,38704.22757,53935.05354,-15230.82596,46021.22201,56678.2859,-10657.06389,74268.99698,43721.18607,30547.81091,2.297324986,2.108695775,0.6762820865,35.65579179,19.5488014,35.63693231,17.25155383
1029,65801.38924,56545.09498,9256.294254,39426.87517,47812.24724,-8385.37207,120863.6187,54780.86699,66082.75168,1.861672716,5.507222409,0.8479706925,98.53641709,53.54954349,99.69101981,55.00992627
1030,830930.4519,46702.01749,784228.4345,748775.1586,47991.38237,700783.7762,300797.0871,51219.5323,249577.5548,1.414515632,3.065450693,0.7749202091,33.87416463,3.623304497,33.2084762,4.871388383
1031,825315.7955,45321.90168,779993.8939,924751.1333,53101.6929,871649.4404,253046.097,52185.52956,200860.5674,0.1496093539,3.001128529,0.7986830982,14.64541829,14.33117486,14.78959784,14.37111502
1032,51454.67964,59260.57269,-7805.893055,44387.09263,51792.99653,-7405.903906,136094.7955,59930.48413,76164.31138,0.3313616418,2.490343006,0.7151659546,9.181931894,27.80617196,9.504682895,27.88122081
1033,1070337.791,55693.55468,1014644.236,1008205.871,52749.75242,955456.1183,225447.8991,51879.8198,173568.0793,0.3508963326,1.654917228,0.754070906,11.52618066,97.84968047,11.82824028,98.02825322
1034,855780.7633,80519.33691,775261.4264,776728.0522,70309.03243,706419.0198,340988.7813,58050.23231,282938.549,1.872123438,2.272704357,0.6671566718,95.80731002,53.28587445,96.89244998,54.81142925
1035,985924.9881,61901.68067,924023.3074,948867.1723,57515.88744,891351.2848,263299.5531,55422.16378,207877.3893,0.1767442287,1.637315605,0.7353364723,83.98768188,75.12044668,84.11490707,75.24313439
1036,58727.32076,55122.71349,3604.607262,46542.96667,53512.84925,-6969.88258,181866.7637,40305.02976,141561.7339,1.291856884,2.790200578,0.8163766957,44.8988231,30.09658088,46.14232413,30.44672284
1037,828259.3008,60976.09563,767283.2052,544898.9872,54854.4818,490044.5054,266283.4674,50463.5132,215819.9542,0.8879724202,3.589957887,0.6101812548,4.093385746,25.4110944,4.834378487,25.90040491
1038,890875.1577,67419.9522,823455.2055,673957.7115,53194.02361,620763.6879,313419.7384,42195.89973,271223.8387,0.1224431813,2.578631214,0.5153650309,12.49314446,11.62021268,12.61164925,11.58940769
1039,914391.0126,65967.65554,848423.3571,696921.5122,44893.24413,652028.268,378478.8476,44975.14416,333503.7034,0.7761133552,2.513863022,0.8115643165,33.96986598,8.777850137,33.53209135,9.418713083
1040,195790.9414,51889.14882,143901.7925,185793.1741,51149.29485,134643.8793,124599.2031,53303.96192,71295.24118,0.7291261567,5.787808798,0.6633041135,29.31237954,82.37563796,29.98123467,82.66590985
1041,226106.3528,56321.88274,169784.4701,120696.7458,45794.40725,74902.3385,167359.4064,49494.88757,117864.5189,2.258274188,1.534095434,0.9816700331,46.28734273,85.94825174,45.69870042,88.12845874
1042,669348.8677,48760.83964,620588.0281,612750.619,54091.95477,558658.6642,258279.693,43994.65551,214285.0375,0.3800267436,1.119294755,0.7486123347,85.4037013,16.88284501,85.76978484,16.98484091
1043,41052.34243,53047.57407,-11995.23164,35724.19774,43400.68795,-7676.490214,137403.1513,52693.69756,84709.45377,1.793810191,2.648827576,0.9696957444,66.53273204,24.80639807,65.14310742,25.94072537
1044,216080.677,55939.37033,160141.3066,173941.1154,63176.28344,110764.832,212593.6045,38866.56739,173727.0371,0.2415012095,3.210146748,0.7525342447,28.79116732,31.04011541,29.01554597,31.12942975
1045,193230.6232,68309.0075,124921.6157,204486.9441,64433.6465,140053.2976,230651.09,39868.71571,190782.3743,1.892786649,2.067647501,0.6477340254,84.22452572,52.4297772,86.11571539,52.35204091
1046,59039.59926,58099.42862,940.1706322,40882.62975,51265.36804,-10382.73829,114183.8122,54253.93496,59929.87728,0.7856382924,4.765732378,0.6154113427,98.57352465,84.64503898,97.87566754,85.00590319
1047,67803.19764,71747.22924,-3944.031591,64330.47593,62031.21835,2299.257586,178036.2786,57061.47813,120974.8004,0.9388150452,1.967736905,0.7366337663,71.38851159,89.93507679,72.07832691,90.571888
1048,35618.78488,58339.72386,-22720.93898,40695.62845,59965.15073,-19269.52228,154383.6469,61938.14868,92445.49823,1.517769374,6.68364656,0.7414234489,0.3382156543,9.131682043,1.70245884,8.466502067
1049,766459.175,49221.51945,717237.6555,782645.4194,66108.67321,716536.7462,340627.7086,39034.17512,301593.5335,0.1846499663,2.226675829,0.8852835358,86.19139417,75.92769557,86.34686163,76.02732228
1050,875165.3531,55484.61435,819680.7387,732698.7076,53750.991,678947.7166,337812.1953,50078.44089,287733.7545,1.603577416,5.631226897,0.6663837216,57.50568437,54.38480207,56.26923395,55.40590485
1051,919894.4399,55642.76398,864251.676,670357.4307,49347.85308,621009.5776,271626.3404,44779.80462,226846.5357,1.390168437,3.742523264,0.9282094901,84.19097015,20.73842222,85.45365284,21.31997249
1052,774582.6842,64360.26173,710222.4224,533573.3675,41157.87523,492415.4923,263474.123,42097.66058,221376.4624,0.4119923644,2.277308939,0.8219678884,36.68471578,92.5433496,37.08417264,92.64420555
1053,775878.1029,51420.66726,724457.4356,746959.6244,44070.16608,702889.4584,290244.9002,57887.56289,232357.3373,0.886447437,3.676890936,0.7424410504,2.166645191,61.45812009,2.000411897,60.58739881
1054,64571.70255,49368.06744,15203.63512,43496.29723,44520.08486,-1023.787631,118955.2556,41008.96214,77946.29343,0.5503742798,1.947103157,0.8874975468,80.82068992,57.14847615,81.35846304,57.26557403
1055,718829.2373,62414.40648,656414.8308,777180.854,53325.84851,723855.0055,283244.0985,53623.12635,229620.9722,1.310449276,2.096385756,0.7965741429,16.49477019,21.06002977,16.67989623,22.35733685
1056,768296.67,53494.91418,714801.7558,720377.685,55445.41982,664932.2652,289365.0192,40358.77232,249006.2469,1.021963371,5.858272693,0.5410691275,75.65591745,13.75123648,76.53625669,14.27028556
1057,965735.3602,53998.58988,911736.7704,599998.7458,52884.67822,547114.0676,302735.0722,54745.77018,247989.302,0.6140811449,6.501425645,0.9642452163,54.85520862,10.14790081,55.27777882,10.59346795
1058,153147.7767,42381.1296,110766.6471,128882.842,50746.7458,78136.09616,193957.9512,50036.38199,143921.5692,0.4612375923,1.61685056,0.7700334408,94.4347882,80.90821926,94.84073994,80.68925968
1059,790969.8016,39383.21029,751586.5913,737340.5834,50937.56051,686403.0229,235402.2175,43432.61855,191969.5989,0.6570113256,4.668664355,0.8313530197,19.06601096,77.6125626,19.72072895,77.55771526
1060,982139.3738,57340.3573,924799.0165,844018.703,43996.53007,800022.1729,359681.0353,69609.15504,290071.8802,0.6588329855,4.700531609,0.8144137986,86.51241305,78.52983325,86.43713925,79.18435197
1061,839605.0394,65005.62299,774599.4164,863500.9615,56889.71561,806611.2459,306709,48820.12326,257888.8768,0.4194709838,3.744265643,0.8363032715,34.45620029,37.15651842,34.71956733,37.48300534
1062,1002107.835,61483.29,940624.5454,732950.9198,50817.23256,682133.6872,236456.3601,40878.05944,195578.3006,0.9227825377,3.390391695,0.9245868392,39.48158855,25.36092313,40.00269666,26.12248334
1063,172923.2548,72390.4314,100532.8234,111268.1415,46845.60058,64422.54091,131290.6109,50527.30143,80763.30949,1.190824947,2.750701799,0.7237247209,70.77772354,61.9563698,71.9389194,62.22035508
1064,852982.1617,58446.69837,794535.4633,652385.6573,46433.12173,605952.5356,321681.8553,51380.17933,270301.6759,1.659486691,6.138029116,0.7351043885,8.306149095,28.94170448,9.393465882,30.19535446
1065,132068.3044,45577.86788,86490.43651,148068.9832,49472.30648,98596.67673,253451.0042,44796.10783,208654.8963,1.550453695,1.503041257,0.889535055,3.926211807,29.34255434,2.487001424,29.91925195
1066,65479.79013,53472.00052,12007.7896,40873.28376,47057.27159,-6183.987834,216544.8102,61576.76612,154968.0441,0.3628802639,1.696145118,0.7756551496,65.2683617,30.7441604,65.5133418,31.01186702
1067,257027.912,56987.59884,200040.3132,202139.6663,46401.43556,155738.2307,228270.7393,39819.90425,188450.8351,0.9500809279,4.012865445,0.6230287514,4.574692363,50.47392491,4.881274043,51.37318096
1068,223560.4529,56767.58101,166792.8719,216154.7608,62543.24309,153611.5177,253138.6637,56947.29819,196191.3655,0.5835700809,3.093308779,0.7837634522,67.52233018,87.49074604,68.00572279,87.81767972
1069,53765.15272,60151.60143,-6386.44871,72738.32745,64842.64351,7895.68394,125327.9951,62976.02409,62351.97097,3.29168855,2.689621272,0.7898865638,33.68931046,68.7786842,36.89426578,68.02803455
1070,896417.1364,53034.25181,843382.8846,649875.5141,51671.68177,598203.8323,217297.653,47512.08945,169785.5635,0.3952684972,1.419120264,0.6137840675,8.843826402,98.05025389,8.921539835,98.43780751
1071,833881.2541,56988.35427,776892.8998,795228.5162,59994.29247,735234.2238,329678.5371,42063.01421,287615.5229,1.469039051,2.40219874,0.9833468365,3.578332386,26.91743334,4.398713665,28.13605974
1072,785838.2637,50648.27049,735189.9932,718679.3287,54791.64389,663887.6848,253487.4842,51253.31812,202234.166,0.2146582954,3.563518175,0.8444853048,98.46492189,33.58237535,98.5925986,33.75493502
1073,57942.80258,54904.56581,3038.236769,59296.20295,52378.28049,6917.922456,144004.1969,62968.34603,81035.85087,0.5914282699,5.259375923,0.7797891853,86.53774444,73.09347552,86.01740134,72.81235196
1074,58668.20058,59109.50962,-441.3090388,47966.56217,45863.71711,2102.845056,178935.738,58083.68226,120852.0557,0.8735362051,4.813889471,0.7627572793,66.86325444,73.80227571,67.73320149,73.72317059
1075,221894.2517,62888.03021,159006.2215,236746.9526,67096.84071,169650.1119,266977.7881,53598.16525,213379.6229,2.777399339,4.605982134,0.6710430077,82.19693097,53.21099399,83.74808043,55.5148782
1076,49210.77412,58656.94454,-9446.170423,62507.62629,52602.13571,9905.490577,147441.3579,43962.56202,103478.7959,0.2654206773,7.037037898,0.6365618649,27.66477368,12.71023028,27.40161154,12.744782
1077,875634.6499,63992.74325,811641.9066,687316.188,54314.39011,633001.7979,246876.9375,33982.98218,212893.9553,0.5870862318,4.572392355,0.7512744562,59.5827523,36.33969291,59.93776527,36.80727823
1078,43327.27253,56464.48116,-13137.20862,55286.84882,56842.30689,-1555.458065,142894.0572,42567.9349,100326.1223,1.049858853,3.34284116,0.8466749707,49.89091698,42.4239937,50.15001396,43.44137876
1079,958548.1127,58325.48606,900222.6266,787555.6597,43118.6594,744437.0003,277379.6579,28952.18502,248427.4729,1.432334813,1.408482371,0.9489000078,34.81878139,82.17808137,35.92839738,81.2723577
1080,1294117.771,58550.01222,1235567.759,523658.9032,44420.49614,479238.4071,280004.5117,50474.39068,229530.1211,0.3368600626,3.369923425,0.8709604906,84.76101714,32.33965823,84.6319787,32.02849303
1081,911150.7921,53572.10861,857578.6835,749598.991,59673.81667,689925.1744,269191.3211,49136.2745,220055.0466,1.352882029,2.67473346,0.7593714037,39.56113406,79.55024099,40.08359034,80.79817096
1082,57121.03434,43381.12684,13739.9075,53739.15614,63452.47416,-9713.318019,109565.7969,38545.3712,71020.42574,2.20161741,3.717072002,0.7131333599,13.35097892,12.69167294,13.63477847,14.87492213
1083,59361.81113,56419.71676,2942.094375,42391.05396,51401.53856,-9010.48459,140485.1253,51410.54052,89074.58482,1.464420354,10.21760077,0.682495683,23.27076761,77.86394167,24.62328372,78.4253926
1084,954295.9232,42277.93857,912017.9847,808381.4654,50266.0129,758115.4525,146262.5941,48814.44952,97448.14462,1.34941483,2.852605071,0.6104758454,58.90197824,11.43595204,60.22629209,11.69501421
1085,29377.17863,44303.78479,-14926.60616,19908.70135,41919.94145,-22011.2401,152799.6982,49196.22927,103603.4689,2.590255642,2.187092206,0.6327634238,50.76453655,20.14950976,49.44276345,22.37714083
1086,898949.8522,55376.33551,843573.5167,781551.2405,48554.26324,732996.9772,258978.964,50876.42623,208102.5378,1.205397059,1.35217482,0.8046877037,46.01730087,23.89736455,46.93122148,24.68332332
1087,185167.1111,59540.52726,125626.5839,142194.2543,56678.32048,85515.93379,220888.488,44971.10518,175917.3828,0.7894049047,1.336032521,0.7226504148,4.570884536,7.363259235,5.282315109,7.705350808
1088,242208.5242,68531.69534,173676.8288,178990.2803,45475.72496,133514.5553,184255.6968,57576.67416,126679.0227,2.548958975,1.901424454,0.6462015168,4.963219271,33.07161644,6.635508054,34.99532174
1089,898208.1177,57331.71656,840876.4011,811422.7301,49835.78112,761586.9489,225343.2876,40361.42785,184981.8597,0.1667681838,8.669101079,0.6573364208,69.24269497,53.02046125,69.12474154,53.13835365
1090,64703.33538,60079.88026,4623.455125,44048.45366,49904.50555,-5856.051897,118186.9125,40281.50945,77905.40302,0.7629184614,6.656948597,0.6258547394,89.66734724,49.03512916,89.83418545,49.7795817
1091,728223.335,65687.57818,662535.7569,762365.2055,46488.2661,715876.9394,317778.799,44831.8956,272946.9034,1.787613668,4.479773044,1,51.33241975,24.44005013,50.82467938,22.72605995
1092,39622.70089,43347.15804,-3724.457143,47755.62686,46658.70475,1096.922107,152910.5698,57710.70131,95199.86849,1.056304626,2.780798063,0.8117588216,51.44055963,5.573581069,52.06956266,6.42218855
1093,193298.757,49816.07883,143482.6781,176594.3272,60947.2217,115647.1055,208081.171,50478.60153,157602.5695,2.360245773,2.643292384,0.8126263408,65.29647276,18.89830385,67.65490164,18.80571163
1094,60068.17291,64595.89432,-4527.721408,58412.1916,54805.43604,3606.755559,178610.3344,52118.22374,126492.1106,1.205164982,5.124038784,0.605064031,82.43573971,42.65885887,83.63266962,42.79950529
1095,843012.1965,39866.04664,803146.1498,730917.6102,47765.34543,683152.2648,336635.073,56114.27978,280520.7932,0.1395070376,4.210555936,1,57.05296167,23.09827099,57.15386557,23.19460695
1096,59761.63724,54964.93245,4796.704783,57371.33845,56591.97828,779.3601675,169796.6619,60312.25477,109484.4072,0.9399801727,3.528580198,0.8114086956,52.52396004,39.41159483,53.25819921,39.99849821
1097,219910.2337,60595.01976,159315.2139,186363.2091,61994.8002,124368.4089,215159.814,45640.67811,169519.1359,0.1464573363,1.238171565,0.7811852331,36.17876519,31.12233626,36.29894488,31.20604166
1098,63146.326,66172.96234,-3026.636341,33156.21548,46195.29332,-13039.07784,146534.4718,54858.81052,91675.66124,1.813005885,2.984306415,0.6336871392,35.56924328,42.11778758,37.35600788,42.42513525
1099,51134.74299,54746.72325,-3611.980264,40585.52331,54932.39028,-14346.86697,146450.8134,38270.56188,108180.2515,1.330359041,5.943876803,0.8142155343,74.46552682,49.40667541,73.13518554,49.41354841
1100,161625.0398,57043.50009,104581.5397,242139.6702,63735.25142,178404.4188,256915.1353,46452.42776,210462.7076,0.8989136134,2.621855965,0.6704714168,37.68514405,6.983351244,38.33806333,7.601204052
1101,736457.3759,65300.02638,671157.3495,644119.8774,47268.88321,596850.9942,243005.9554,62107.18588,180898.7695,0.6847926608,1.745163657,0.9556184983,28.54584968,40.53972509,29.22586171,40.62050031
1102,1062031.269,50858.76296,1011172.506,747663.8539,56474.83225,691189.0217,235681.7862,47885.71657,187796.0696,1.838224181,1.382810817,0.5871991017,37.29515737,27.81015871,38.87011773,26.86223045
1103,37818.52634,44912.99617,-7094.469828,27559.63344,39798.41452,-12238.78108,174608.3152,46068.72777,128539.5875,0.9145533726,1.877967786,0.740711413,69.74560397,44.92514002,69.85092458,45.83360875
1104,114788.1745,54544.20614,60243.96835,220995.9286,50747.57777,170248.3509,203580.7792,61648.92566,141931.8536,1.264102401,2.832209865,0.8903582171,91.77444113,30.16039082,91.63618525,31.41690989
1105,45037.41409,51701.88351,-6664.469424,41960.02282,49970.1898,-8010.166982,172554.2045,44103.58772,128450.6167,1.735779466,6.415964386,0.7684913945,21.56422892,96.89330696,22.84192293,98.06822329
1106,882647.7944,66594.72479,816053.0696,836773.29,46719.88144,790053.4085,308204.1269,55488.70038,252715.4265,0.666820408,4.737218834,0.8419230994,26.25306958,87.75003866,26.91631238,87.68105717
1107,54366.44389,62707.01528,-8340.571398,44548.57368,52951.82846,-8403.254773,167469.1388,43940.17203,123528.9667,1.51274734,2.451797682,0.9197628599,2.857257797,98.8142312,4.369627334,98.84803799
1108,146933.5355,58854.85115,88078.68437,171405.8027,46491.05585,124914.7469,175736.3685,52976.80302,122759.5655,0.6855192276,3.944130579,0.6195644315,35.76878188,38.04120627,35.98710509,38.69103055
1109,222573.2438,59602.53453,162970.7092,198400.0393,56630.24598,141769.7933,180683.5925,55473.98257,125209.6099,0.2765872258,3.231894708,0.8835003017,4.795668635,79.10164875,5.072212723,79.09676401
1110,283392.814,79001.50779,204391.3062,208198.2229,39806.7478,168391.4752,177194.4535,48795.94129,128398.5122,2.251458528,1.884636256,0.5416930851,26.14398719,17.72522577,27.57516439,19.46326987
1111,748138.6475,46437.20544,701701.4421,807059.5066,54592.13288,752467.3737,312306.7105,50586.88737,261719.8231,0.1225147578,3.2826319,0.7956417049,52.38724332,38.81334933,52.39136895,38.69090406
1112,69617.35403,63367.51326,6249.840773,56835.2426,66138.78411,-9303.541502,148978.4948,56772.60285,92205.89194,1.286781947,2.287722011,0.8610735621,11.68240309,5.388978214,12.4664302,6.409325838
1113,1020130.744,54717.61719,965413.1271,680666.7198,58694.28254,621972.4373,252075.4576,52627.57504,199447.8825,0.8552991468,1.769011651,0.7955818389,0.5127856531,76.95185241,0.9427366078,77.69122972
1114,795961.8543,63126.38651,732835.4678,731838.3792,52890.50893,678947.8703,303877.6451,51374.82352,252502.8216,1.176926129,7.813455733,0.8234988667,84.94767928,5.957551211,84.78397764,4.792065525
1115,46808.07726,54057.45353,-7249.376268,51736.55853,50090.82604,1645.732491,163424.6567,47299.47402,116125.1826,1.093744816,2.020156025,0.942446624,28.52726155,26.61297881,27.93589,27.53306435
1116,181076.9287,32917.10272,148159.826,139278.8951,46058.05894,93220.83617,242846.5034,50273.75113,192572.7523,0.7986620209,4.736055955,0.6760583846,64.59522619,26.52241501,65.07065748,27.1641518
1117,40266.3085,41007.26511,-740.9566049,12696.1822,27301.70828,-14605.52608,177770.773,52218.31463,125552.4584,0.8609965749,1.733019108,1,2.876587103,11.69612548,3.731338498,11.79963951
1118,1116990.229,57046.16915,1059944.06,863162.9417,58110.44208,805052.4996,286012.2838,50087.73836,235924.5454,0.6358015741,6.865093798,0.9237143612,61.35043473,89.2187463,61.44143847,88.58949121
1119,214980.7381,53407.86083,161572.8773,196918.5838,48456.76232,148461.8215,199046.0576,42675.90921,156370.1484,1.114377857,3.621921475,0.7135273303,28.71387874,58.10401393,29.66231092,58.68909035
1120,44125.77042,49150.84644,-5025.07602,62548.90444,58583.60065,3965.303785,167495.7454,40031.37899,127464.3665,0.8168221404,3.244742893,0.7651262309,19.47362078,71.61996336,20.28675258,71.69752033
1121,221194.0083,39169.77593,182024.2324,151323.1108,40552.70456,110770.4062,194202.7775,46971.04,147231.7375,0.5555448428,2.847953133,0.7990707146,57.60955852,65.86239094,58.16023922,65.93574516
1122,220636.5496,60203.63395,160432.9157,164359.7512,55100.82229,109258.9289,164220.0662,49246.47879,114973.5874,2.905424663,2.465630099,0.8090427269,96.05031875,96.84293941,95.63165103,99.71804112
1123,42214.14582,42897.4991,-683.3532768,47935.80981,52923.4064,-4987.59659,146924.7145,48975.41266,97949.30181,1.323274459,2.626831015,0.7847188334,74.81884378,83.36301116,75.26265492,84.6096414
1124,152022.43,55631.97719,96390.45282,131373.6827,48291.97368,83081.70902,172179.5812,34808.27535,137371.3059,2.071961146,4.180884181,0.8791859611,27.69916657,85.9797451,28.23852892,87.98027284
1125,985794.6318,63619.00155,922175.6302,514258.1446,56829.55434,457428.5903,228657.1588,40139.43356,188517.7252,0.7636830169,2.56885222,0.6388963546,74.79636727,28.06721271,75.56003755,28.07162469
1126,75389.0107,58899.57468,16489.43602,62296.79438,57719.16493,4577.629446,91552.9766,40807.33862,50745.63798,2.437032185,5.850994433,0.9636960532,85.19962134,67.30736018,87.63162875,67.46377577
1127,916782.9018,69645.23173,847137.6701,562445.954,42754.88939,519691.0646,278571.5431,52677.94706,225893.5961,2.007736166,7.835963912,0.6502064835,18.52874174,4.714381718,19.52712162,6.456289326
1128,832148.1884,56689.70085,775458.4875,715331.7379,55828.78482,659502.9531,238543.6295,35235.14635,203308.4831,2.059490462,5.727272848,0.808777042,89.93679151,29.16823939,90.96257966,30.95408923
1129,782531.9867,57474.8193,725057.1674,785448.1162,51563.62933,733884.4868,248499.8621,49060.08804,199439.7741,0.9737644736,4.921200648,0.8803605487,39.24532449,32.45392518,39.56486084,33.37376961
1130,111701.5219,49570.73062,62130.79132,80918.83959,41536.10719,39382.7324,184227.5269,35767.55966,148459.9673,2.374556964,4.442765601,0.9656846847,37.18904022,60.12633164,36.77811434,62.46506221
1131,186453.5808,48100.95894,138352.6218,149132.2563,59757.47407,89374.78219,199091.9805,60763.6459,138328.3346,0.7847713292,1.880571375,1,36.79444628,99.96937161,37.16306491,100.6621821
1132,37718.19645,58355.72418,-20637.52772,38765.55747,51511.11995,-12745.56248,125467.626,54351.31929,71116.30675,1.859956612,2.697191546,0.8327356706,48.98679359,34.69124437,50.78209656,35.17737795
1133,195897.1514,71592.69419,124304.4572,113737.2362,54743.16699,58994.06922,229109.141,58465.1952,170643.9458,2.584888898,2.068666599,1,55.31416431,65.33681268,57.89443908,65.18243417
1134,860254.7452,49497.51803,810757.2271,472302.7467,35538.87509,436763.8716,244754.019,53447.01514,191307.0039,0.6532323258,3.635900342,0.7398194449,25.36387636,76.73617543,25.95370229,77.0169206
1135,817428.2799,58736.68808,758691.5918,712870.9516,51542.2034,661328.7482,256038.2539,50913.93904,205124.3148,1.473691026,0.8701002526,0.7678180076,17.52797172,80.71406518,18.99136359,80.88798899
1136,244382.9596,52642.12827,191740.8313,97896.94541,52162.42241,45734.523,202035.036,39137.3232,162897.7128,0.354640047,3.658296451,0.9227737107,9.842882206,83.41938503,10.16976013,83.28183363
1137,741527.8166,39837.82518,701689.9914,807856.2217,45683.54623,762172.6755,301985.123,51269.91361,250715.2094,1.519525581,3.70096331,0.7069094189,14.95271545,96.94037965,14.57130554,98.41125846
1138,24877.86992,42883.47758,-18005.60766,44541.31343,48904.53334,-4363.219907,187318.8549,47142.17851,140176.6764,1.58090203,3.073476633,0.8118234939,35.08047668,46.07227979,35.61822735,47.55891203
1139,310238.8668,71077.96794,239160.8988,151284.0925,52015.1093,99268.98321,233074.2696,28895.3509,204178.9187,3.112332672,4.124526632,0.6459535019,7.550263711,29.07194223,6.977246247,32.13107048
1140,41630.71303,50484.51578,-8853.802754,50458.51156,57112.00706,-6653.495498,136241.0215,67190.08148,69050.94004,1.957524156,5.771943473,0.7880174632,96.64319231,54.05825703,95.92554693,55.87948901
1141,1180890.689,59436.49131,1121454.198,643610.201,50260.59736,593349.6036,310079.1794,54548.43747,255530.7419,2.229325854,4.580500747,1,43.18958358,96.75308393,45.15329026,97.80842739
1142,701088.1289,54746.28186,646341.847,1050176.615,67577.51004,982599.1045,256591.0579,42260.22469,214330.8332,0.3638293893,3.849247431,0.7185700109,33.90587023,26.18990942,33.54289319,26.21479904
1143,222967.6532,43202.87262,179764.7806,155433.7374,46428.80419,109004.9332,191528.5887,41253.33552,150275.2532,1.268256213,2.634305631,0.967239149,84.67660818,72.42251363,85.0871522,73.6224834
1144,38009.00199,60696.47032,-22687.46833,35200.13047,41105.05945,-5904.92898,188693.9544,50085.39025,138608.5642,1.775691989,5.350670012,0.7156679596,2.805534391,44.36119287,3.94748901,45.72098024
1145,684641.1604,51514.46237,633126.6981,688155.6599,51429.59585,636726.0641,332084.7767,49914.88079,282169.8959,0.5520716436,4.426285941,0.8081671602,31.62319668,51.92849529,32.15492569,52.07697883
1146,948039.0438,55286.3843,892752.6595,688142.2798,39004.91242,649137.3673,265542.0145,43874.62601,221667.3885,0.7205583907,2.852390853,0.4625330501,95.98938692,54.77604937,96.60808931,55.14538898
1147,944903.7024,46445.23565,898458.4668,653230.2936,46577.5868,606652.7068,318780.9961,38140.15441,280640.8417,1.347827624,3.44684041,0.9738356824,70.91947082,19.43772823,72.10365926,20.08141839
1148,835941.1248,48429.05814,787512.0667,886529.9265,58201.89166,828328.0348,297894.9539,39508.16233,258386.7916,0.2870220628,1.727016423,0.8223723546,57.25922199,73.55435676,57.2632347,73.84135077
1149,838097.6,49577.11276,788520.4872,754295.871,46997.82859,707298.0425,326252.5032,47863.47565,278389.0276,1.693569023,2.583248494,0.6149053699,93.81988751,52.5498531,95.13662748,53.61492205
1150,1132886.746,58265.6273,1074621.119,715176.7224,61920.73617,653255.9862,295460.5484,42308.08874,253152.4596,0.2984936565,3.272717382,0.9385922718,94.52894879,41.03512092,94.65441058,41.30596738
1151,972029.409,65152.04371,906877.3653,688635.2699,55557.24198,633078.0279,348319.158,41665.11067,306654.0473,1.416605843,2.1000803,0.7244981994,2.779295151,1.048994763,4.167579201,1.330844917
1152,63164.21085,57554.73337,5609.477475,68639.47209,60050.15742,8589.31467,165178.4033,52512.26474,112666.1386,0.3131617795,4.680392569,0.5498775346,4.146799974,1.13548954,4.459930903,1.131093887
1153,52965.76721,59123.84693,-6158.079719,79610.86122,61155.5717,18455.28952,145024.6017,32008.75828,113015.8434,0.7645358675,5.486581853,0.8111823324,36.35562248,43.41107472,37.10530315,43.26109479
1154,163045.7873,45381.27498,117664.5124,199265.7349,50215.20498,149050.53,187628.6138,45081.5992,142547.0146,0.7782404662,2.478696909,0.8266633824,38.16935348,77.90550946,37.88597005,78.63032119
1155,754887.2908,71213.27776,683674.013,620220.013,57134.9056,563085.1074,280017.2418,63432.37703,216584.8648,0.9638574733,2.936254332,0.7308249723,25.72119584,19.11244725,26.40182383,18.42997618
1156,1070656.356,55326.52864,1015329.827,780176.6048,53151.58808,727025.0167,281626.0228,55035.46881,226590.554,0.4197167356,1.045711027,0.7098396358,47.292134,17.26443223,47.63985588,17.49948888
1157,57461.63599,34820.81713,22640.81886,63012.75955,62711.25303,301.50652,99600.61573,45140.04397,54460.57175,1.0241855,2.98526941,0.6643534061,23.08629038,70.75976924,24.09552277,70.5853963
1158,200121.9313,54771.36372,145350.5676,147337.669,42286.88283,105050.7862,150991.8423,50044.42191,100947.4204,0.1062846417,1.76423998,0.7583936469,31.55236467,73.40329535,31.64107513,73.4618349
1159,75050.04602,65855.42255,9194.623464,63650.64608,49161.38662,14489.25945,163383.2385,49546.08583,113837.1526,0.3860941515,3.734877232,0.6960632498,32.7836867,60.51373119,33.13494835,60.67399332
1160,683514.4338,49084.22322,634430.2106,543615.8558,59801.4281,483814.4277,296792.9476,39818.69298,256974.2547,0.8858373131,2.569555794,0.7531120332,34.74049833,78.13178804,35.42078522,77.56441031
1161,246918.2706,52142.4935,194775.7771,142782.7688,38837.40396,103945.3648,197651.2674,45041.55925,152609.7082,1.161710487,3.12993726,0.8688271566,54.58597688,79.5279427,55.61303576,80.0708251
1162,874627.7856,51434.70867,823193.0769,732470.3533,49310.26311,683160.0902,303691.9569,53019.56818,250672.3888,0.4792421706,1.915741457,0.8824207416,49.86292647,43.53071079,49.89597818,44.00881187
1163,1111221.1,53705.56531,1057515.535,763912.7237,59260.52929,704652.1945,230786.7391,39753.32242,191033.4167,1.149252975,5.010903749,0.8612315515,63.61759286,4.344487726,63.8349674,5.472995904
1164,230820.1685,55767.52952,175052.639,237152.0526,62270.90915,174881.1434,189725.6666,49492.84004,140232.8266,0.2875984312,1.591897257,0.6566412363,3.081900413,22.04165444,3.360415139,22.113365
1165,169520.0147,52071.02865,117448.9861,179361.8959,56548.87979,122813.0161,225395.946,53950.022,171445.924,0.9021853751,3.867589365,0.6756066507,29.87484054,86.6334319,29.9250272,87.5342203
1166,189083.365,44106.58981,144976.7752,188523.0987,43861.71962,144661.3791,212904.9971,47796.29582,165108.7013,0.6239503953,6.82022402,0.6980730953,80.83004363,66.48904981,81.05394761,67.07144238
1167,650250.7861,67695.95009,582554.836,787580.3977,48825.95908,738754.4386,262967.9938,57766.85528,205201.1385,1.218636122,2.177177497,0.7600932861,5.353605451,45.25560034,5.98645327,46.29703091
1168,1068065.126,51933.44875,1016131.678,937579.3907,64784.07095,872795.3198,311495.1984,51743.90755,259751.2908,0.8804257911,4.840880825,0.8584202455,87.45962875,20.8890267,87.53809018,21.76594937
1169,634820.6212,42903.18266,591917.4385,726938.471,41976.35309,684962.1179,316018.9341,47658.92237,268360.0118,0.9757557566,2.594981323,0.6435008293,62.28754698,40.60224029,63.24271635,40.80161627
1170,750495.6859,55721.93262,694773.7532,833816.6803,47798.9899,786017.6904,271862.1533,56148.54885,215713.6044,0.587085926,1.386497197,0.7142296393,64.75121114,33.30506072,65.32547174,33.42710434
1171,934050.4798,57625.27137,876425.2084,788892.7836,54278.49302,734614.2906,268331.5195,37857.43231,230474.0872,1.031800387,2.526299404,0.917775511,46.59653197,72.00414034,47.62315812,72.10734293
1172,30389.94475,38018.28317,-7628.338427,59810.86878,52670.11321,7140.755566,95792.21696,48737.16424,47055.05273,0.1918192759,3.971877381,0.8132665207,64.19489638,10.9689093,64.32596743,10.8288557
1173,196365.236,42210.85485,154154.3811,115074.1122,54544.16551,60529.94673,182702.0609,54602.3965,128099.6644,1.582256962,1.41428578,0.8301554294,69.78624961,73.70119116,70.66582582,75.01644125
1174,933921.8472,58267.43152,875654.4157,809017.5922,43089.47245,765928.1198,321607.4158,52028.42892,269578.9869,1.00781918,2.663287314,0.5921584128,73.74209009,46.19638276,74.71599627,46.45562447
1175,27187.5246,43956.21334,-16768.68874,55020.5755,58726.30303,-3705.727526,121167.4902,62800.33518,58367.15501,0.5582123334,2.136458407,0.6579018395,25.32549174,54.82852834,25.74542037,55.19630674
1176,58092.17201,54284.99537,3807.176638,47473.19214,56828.61454,-9355.422396,170655.5363,46309.78637,124345.7499,0.1930790916,3.27496235,0.9043624283,86.844259,12.28198794,87.02537667,12.21508559
1177,60045.34619,55139.9309,4905.415287,38677.88152,52760.34966,-14082.46814,65770.7015,46165.43155,19605.26995,0.3567954434,3.430043258,0.7079497016,95.61850273,50.81216482,95.83947412,51.09229806
1178,35172.49679,53579.02006,-18406.52326,72418.14343,64362.23352,8055.909913,130911.5297,50218.5922,80692.93751,2.255596754,5.903478804,0.6000836606,62.29968787,54.30676353,64.00462409,55.7835537
1179,665026.8483,49603.68132,615423.167,875666.5449,63832.67389,811833.871,338689.7073,55108.40121,283581.3061,0.8057703381,2.741569399,0.6533686452,46.15433827,94.59074612,46.52795623,95.3046617
1180,1156078.324,57322.51252,1098755.812,691346.9954,49365.95791,641981.0375,414227.5323,56124.26835,358103.2639,2.635155572,1.726752067,0.7183042869,66.34670015,92.52006077,68.97953455,92.63064061
1181,44113.63689,54079.66539,-9966.028497,58248.13244,50210.01851,8038.113932,139803.1915,45352.61072,94450.58082,0.5914427421,1.01488142,0.9592193431,68.54157992,4.51219814,68.93790339,4.95121093
1182,32417.70277,50190.27754,-17772.57478,40457.4486,50005.95818,-9548.509572,164130.542,56514.95653,107615.5855,0.2068169835,2.160859617,0.7003647332,91.13044936,80.42248798,91.29897106,80.54237836
1183,960126.2282,54460.8431,905665.3851,709241.5644,45481.92939,663759.635,265365.6248,42295.25455,223070.3703,1.254365421,7.840849497,0.7178836412,58.94221461,14.83816873,60.13286461,14.44347242
1184,227394.9687,50881.0508,176513.9179,174809.4213,46567.24623,128242.1751,165837.6793,52404.10619,113433.5732,0.7040152962,2.894613478,0.7161187981,76.033041,9.281503114,76.72289395,9.422003804
1185,186325.363,55491.6921,130833.6709,140324.4158,45160.48198,95163.93384,252915.1744,52083.39512,200831.7793,1.550147636,3.44591221,0.6507716641,66.34037337,56.75119066,67.50458883,57.77469446
1186,46794.36148,53443.95403,-6649.592544,55876.24899,55349.58635,526.6626387,134482.9306,56772.54239,77710.38816,0.4698787799,3.363576921,0.6341364158,8.215169012,57.10248591,8.524603984,57.4560903
1187,60586.92857,59886.84607,700.0824999,61354.75406,67373.12218,-6018.368111,162994.3536,52868.35057,110126.003,1.319478013,5.665623547,0.6536654948,12.59986028,89.88089634,12.84233277,91.17790418
1188,278803.1504,63008.23496,215794.9154,183242.8402,61008.19882,122234.6414,281851.2545,50990.32978,230860.9247,1.013876958,3.58760438,0.9662297183,36.2704371,1.975207179,36.95338674,2.724557741
1189,46184.02854,58863.57784,-12679.5493,69260.53901,52196.51904,17064.01996,158899.3704,59430.90661,99468.46378,0.9538045979,3.31072375,0.8839541032,37.32169032,82.8694066,37.71183396,81.99904395
1190,1041516.864,61919.45169,979597.4124,883500.462,54253.41877,829247.0432,261325.3173,58286.90862,203038.4086,0.2189532449,1.534292427,0.7709639907,0.6444488592,41.56854069,0.7811308446,41.73959202
1191,191316.8329,44383.76319,146933.0697,156849.6413,54997.98111,101851.6602,169410.3205,44977.89289,124432.4276,1.320921351,2.900896664,0.89691443,58.80755937,77.70368119,60.00596925,78.25924124
1192,66765.94398,62391.97641,4373.967565,64179.32602,65363.00728,-1183.681258,183749.3611,36500.40907,147248.952,1.11341665,1.634870846,0.6753047738,93.78045797,39.94095528,94.49511474,40.79474819
1193,205410.0671,47410.66797,157999.3991,158778.4307,48923.62585,109854.8049,195417.6173,41313.51762,154104.0997,0.3355877756,1.583580689,0.6019958176,82.26205011,23.72902805,82.00975004,23.50775033
1194,42967.43042,60400.07979,-17432.64937,43509.98139,49446.30785,-5936.32646,82441.19732,57813.9107,24627.28661,0.6101710383,2.207917528,1,50.12818537,54.97612215,50.66364826,55.26867674
1195,158285.562,55336.6554,102948.9066,151662.35,55182.10141,96480.24857,228851.767,56969.33164,171882.4353,0.5026598149,2.152912656,0.7601094984,92.26798828,51.53334395,92.626236,51.8859421
1196,86198.25448,66381.39352,19816.86096,46090.41141,50946.81693,-4856.405523,97740.25644,41607.94282,56132.31362,1.297033306,1.933696627,0.9440365903,35.25976981,0.02095936553,36.5559995,0.06661023217
1197,41490.30293,50117.94744,-8627.644507,42753.21943,51023.6632,-8270.443772,215306.4905,58353.29372,156953.1968,1.637666502,3.073689453,0.7466752052,80.12383916,53.0470434,80.51284807,54.6378368
1198,38275.15257,42363.9394,-4088.786821,29256.56577,46751.52141,-17494.95565,154130.2671,40873.10221,113257.1648,1.506792582,2.788510848,0.7888688958,18.95147386,65.0801136,20.32718387,65.69480528
1199,66294.52234,71375.88427,-5081.361931,42775.50903,49416.51182,-6641.002784,149950.1727,54046.90366,95903.26908,1.501008154,2.568450132,0.9205057233,17.60646647,54.24254467,18.24763923,55.5997193
1200,287891.049,35962.45293,251928.596,175454.3584,44850.30743,130604.051,198343.857,51556.74293,146787.1141,0.4877283693,4.450279728,0.6688697812,68.32186874,16.24014872,68.7807206,16.40547849
1201,778692.2985,50902.26585,727790.0326,820756.5085,51229.95049,769526.558,273463.5779,54983.5625,218480.0154,1.971072887,3.415719275,0.6906373277,71.21078952,27.73372105,72.71343264,29.0093354
1202,1029179.96,59178.90138,970001.0585,493851.355,53541.0152,440310.3398,226130.9915,48788.01671,177342.9748,0.6156010722,4.069624002,0.9100502727,48.37753929,47.11684021,48.77702968,47.58521197
1203,997262.4039,46306.40216,950956.0018,855545.8798,59259.63969,796286.2401,267826.0627,63498.40649,204327.6562,0.5946235395,2.363254141,0.8231099213,27.72142743,57.71763336,28.05475562,58.21004525
1204,671894.1302,46247.1834,625646.9468,723641.0716,48772.173,674868.8986,314968.3847,49952.45045,265015.9342,0.4856552414,1.167303963,0.7331358127,62.13799383,40.87522456,62.58041397,41.0755379
1205,987434.1147,58529.66168,928904.453,814231.053,50623.5596,763607.4934,272687.8122,46429.29663,226258.5156,1.284243746,2.242034408,0.8265871723,70.30398359,27.71168414,71.29696734,28.52609513
1206,657562.213,58733.38795,598828.8251,866982.9854,62564.7719,804418.2135,336923.8138,63806.82457,273116.9892,0.4412134626,2.242607955,0.9527926885,18.46186275,73.65394373,18.78005697,73.95959346
1207,220128.1777,62697.83896,157430.3387,158374.3591,48390.30499,109984.0541,187381.1807,45273.94201,142107.2387,0.08657873946,2.804179049,0.736652529,0.6460464605,35.0483735,0.6946545179,35.1200194
1208,779015.5495,52487.07821,726528.4713,752559.3911,67021.63057,685537.7605,364781.3539,42541.9426,322239.4113,1.182226543,6.555838095,0.8939184979,57.67286224,52.88011809,58.85468791,52.91090248
1209,178163.8117,53413.27826,124750.5334,207590.9101,56997.19007,150593.7201,174074.8079,55266.41512,118808.3928,0.6523600875,2.135112251,0.8099543167,55.43186093,85.34766358,54.77950416,85.34558178
1210,248132.4616,50552.50934,197579.9523,152460.4747,58546.88066,93913.59399,263883.0999,45175.34263,218707.7573,0.8195042986,2.04621611,0.8130764044,89.02349414,75.20967282,89.74908122,75.59060678
1211,49762.73476,54556.04586,-4793.3111,39185.07518,41582.56838,-2397.493198,150031.7146,57690.23748,92341.4771,0.386139254,4.088957583,0.7952117022,8.114655008,43.66732444,8.42665994,43.89482487
1212,958122.5368,55651.06755,902471.4693,675625.2614,53072.13243,622553.129,240767.4901,52293.63624,188473.8539,2.429502599,1.185191466,0.5094233053,90.30358109,16.78309651,92.61034808,17.54553268
1213,57421.50423,54966.38745,2455.116776,60580.79004,61864.21209,-1283.422056,87550.52224,43380.35404,44170.1682,2.153648998,1.323586221,0.7906649493,83.54352265,72.33660317,85.12698188,73.79635003
1214,43067.96761,57050.07807,-13982.11045,49777.48164,57270.40154,-7492.919898,210547.2121,49011.15361,161536.0585,2.399409059,2.981194681,0.6287861942,64.50943104,92.23821697,65.52694541,94.41119381
1215,203891.4749,51378.429,152513.0459,173003.7627,61269.72033,111734.0423,207271.7597,46891.81789,160379.9419,1.787610252,3.063812992,0.8362331302,79.05864005,96.37775806,80.7858015,95.91682016
1216,825535.0029,54419.80421,771115.1987,752845.3648,60483.56545,692361.7994,345108.9829,42137.68518,302971.2977,0.387272096,4.107390985,0.8000839296,32.22484193,83.30498949,32.28576379,83.68743975
1217,71585.55972,61750.12534,9835.43438,61149.66103,57956.88458,3192.776449,77145.15544,57023.98833,20121.16711,0.4022403974,1.698119772,0.9003537467,5.630785778,98.63229321,5.755464879,99.01472288
1218,947153.2378,55740.11195,891413.1258,827095.5089,56345.85482,770749.6541,268435.1414,53839.09696,214596.0445,1.211260131,1.948654014,0.6236916321,6.001346751,73.37962,5.874673535,74.58423819
1219,173523.234,65649.67298,107873.561,171292.5275,60904.80617,110387.7213,122829.4538,43208.84911,79620.6047,0.597840659,1.04621102,0.774780936,37.24380552,94.04683537,37.83467245,94.13788327
1220,41230.4782,50888.34216,-9657.863959,51510.89526,52369.38817,-858.4929098,211046.2091,47788.4004,163257.8087,0.3395033283,3.090596089,0.5746201199,90.46819298,97.26209824,90.80740611,97.27613247
1221,31927.56415,48246.41402,-16318.84987,54112.53358,54767.0282,-654.4946192,189429.4502,49985.94568,139443.5046,1.375673015,3.87079017,0.7590661161,9.020609984,66.73471665,10.33484507,66.32819189
1222,897274.0378,51468.03874,845805.999,421253.2535,56305.33271,364947.9207,263909.1366,63785.19837,200123.9382,0.8466808338,6.443478658,0.8149331283,19.13511408,95.67918934,19.2536966,96.51752496
1223,775366.6673,43389.06418,731977.6031,636434.2501,48305.36073,588128.8893,338205.4983,59537.51442,278667.9839,0.9199530387,7.54220959,0.5839661397,39.39287921,66.13614647,39.65845335,67.01693247
1224,60269.56308,62892.53431,-2622.971227,41835.20281,51366.64131,-9531.438494,94898.09319,50295.76617,44602.32702,0.4551075575,1.396313635,0.9472231316,93.50239331,71.63495598,93.81709248,71.96372234
1225,49239.30955,54264.00308,-5024.693535,57884.3042,61617.08793,-3732.78373,213234.4577,52276.09469,160958.3631,1.302115059,1.890453892,0.940074054,5.109021559,55.49320156,5.314157116,56.77905654
1226,846388.862,52934.41366,793454.4484,645049.9074,55176.89141,589873.0159,182318.1283,44983.43708,137334.6912,1.09168879,2.206605993,0.8324406204,24.47103522,49.3379712,24.78021372,48.29097881
1227,912866.4441,50055.6553,862810.7888,566251.858,55323.09824,510928.7597,201556.8273,37049.94364,164506.8837,0.5678979976,2.415036555,0.6488004336,98.18104086,20.70361696,98.40832947,21.22404758
1228,745857.6344,48485.99017,697371.6442,570441.7857,51511.07345,518930.7122,273795.4746,55102.91787,218692.5567,0.4649267018,1.832820485,0.7658472184,77.96798205,51.92218779,78.30486438,52.24260491
1229,29994.83985,55326.91332,-25332.07347,29928.29293,51678.4714,-21750.17847,198459.8993,47411.91167,151047.9876,0.7283747021,2.793669595,0.9835447802,33.95619145,68.83340643,33.23343999,68.74307354
1230,804463.7151,56050.72048,748412.9946,815055.9388,45406.68771,769649.2511,334637.7227,53362.60645,281275.1162,2.777862656,4.396831153,0.65790604,75.81776609,92.83949983,76.42314983,95.55059397
1231,71135.40968,53280.13714,17855.27254,52643.16388,62843.69226,-10200.52838,167713.6638,46254.87798,121458.7858,1.233278091,2.219001169,0.875975935,45.02345016,5.222585259,44.63938229,6.394535224
1232,950512.0648,48800.4537,901711.6111,815069.2353,39526.4544,775542.7809,262573.9647,34775.78325,227798.1815,0.4861989936,1.90610799,0.6911325429,78.49634857,96.87730088,78.65959023,97.33527645
1233,289553.8053,51819.91549,237733.8898,201985.5688,60075.34798,141910.2209,241893.4406,41990.47096,199902.9697,1.99993344,1.856467766,0.8298232917,45.733558,21.60922717,46.64843128,23.38763675
1234,177202.2042,50305.15355,126897.0507,187170.5491,58873.90759,128296.6415,168043.631,47698.25159,120345.3794,0.3329948183,1.761374871,0.6385868999,48.44901605,15.68942696,48.68864099,15.92065291
1235,722392.4939,64070.38039,658322.1135,852267.8892,47065.81839,805202.0709,231007.3893,50922.13803,180085.2513,0.5544346342,3.386057382,0.7521699523,18.93290741,98.93278304,19.24663781,99.3899165
1236,62610.90458,57987.24212,4623.662461,52367.60121,47599.54103,4768.060184,155646.0292,55168.24676,100477.7824,1.821845669,1.941866104,0.5582594423,37.58777182,63.38952991,38.26894576,65.07924104
1237,184900.2243,69275.70904,115624.5152,155141.8604,53929.49426,101212.3661,205914.2779,39981.86731,165932.4106,0.8297398256,2.359616689,0.8686790052,93.03115762,15.47407887,93.85326108,15.58639125
1238,50156.7278,60675.49221,-10518.76441,45025.58623,58837.21385,-13811.62762,78205.88126,50260.40244,27945.47882,1.712868131,1.304440905,0.937245716,54.66373748,28.26480645,53.15727209,27.44965048
1239,58035.93572,59409.984,-1374.048278,40757.85372,47283.61196,-6525.758247,127112.5487,60933.64069,66178.90805,1.339996395,3.368453253,0.85545651,17.18389109,0.2284634668,18.30958692,0.9553742059
1240,231994.1093,55708.64383,176285.4655,213408.6184,57691.68677,155716.9316,189023.8957,56350.59672,132673.2989,0.2198288412,3.70361058,0.9314731624,46.2512209,90.99278273,46.30407388,91.20616333
1241,663747.7391,59463.33689,604284.4022,659074.1722,57294.855,601779.3172,235711.968,46932.60325,188779.3648,0.5259257481,2.333114792,0.8844463085,83.02243241,65.85732021,82.51366132,65.7240916
1242,215459.0002,56764.66739,158694.3329,122289.8391,51386.14645,70903.69267,211077.2217,43858.70113,167218.5206,0.8113756432,2.610674013,0.99981281,77.64671075,32.9700104,77.81707002,33.76329985
1243,61161.03677,55116.31189,6044.724872,59940.43796,61457.72678,-1517.288826,155440.5059,50552.23745,104888.2685,0.9892169792,2.54162734,0.6756676478,76.79286606,27.03554647,77.66205375,27.50784191
1244,47964.48758,49241.95732,-1277.469733,54806.69302,57640.06528,-2833.372265,136361.1132,65757.08248,70604.03073,2.854523157,2.135181124,0.6215340018,26.08499433,74.48577697,28.88601055,73.93567645
1245,185601.1224,49588.51303,136012.6094,140894.7302,48737.32285,92157.40732,214388.7595,52104.15986,162284.5997,1.49186876,3.308066739,0.7237822954,58.35645696,0.7784337497,59.35328949,1.888387494
1246,224288.47,52413.28362,171875.1863,120081.8955,49311.38955,70770.50597,190478.201,38381.74976,152096.4513,0.2278822793,2.385746141,0.8189788058,59.93143649,16.10551305,59.93346709,16.33338628
1247,71066.04033,58938.55483,12127.4855,49664.19762,50684.04067,-1019.843048,108945.5734,50732.45447,58213.11895,1.922044421,3.243943506,0.952034032,12.96997622,29.23092539,14.65372443,30.15788101
1248,38583.82736,44183.81327,-5599.985904,61439.637,55065.50935,6374.127648,157355.4367,65802.80473,91552.63197,0.6286957159,1.211701827,0.6944396349,69.4963984,24.71404048,70.11588808,24.82123578
1249,36980.88175,49050.10891,-12069.22715,55990.81158,63536.64895,-7545.837367,105827.1675,51061.8277,54765.33981,1.1111291,5.261284552,0.7404885025,36.24000971,44.66232019,37.25384763,45.1170075
1250,854759.6469,51386.90537,803372.7415,772598.9226,60805.73657,711793.186,292344.0922,57986.73829,234357.3539,1.354855527,1.265587475,0.6909188322,24.95172011,42.48922545,24.83838,43.83933194
1251,242095.8886,54647.74547,187448.1432,151982.7224,49593.5125,102389.2099,210645.0169,51847.92633,158797.0906,1.88957269,1.468343754,0.8806073193,54.4674802,67.00146369,56.07475041,67.99502669
1252,237050.4692,54658.38861,182392.0805,120328.3956,51097.8892,69230.50644,214504.9933,61763.2934,152741.6999,1.562817644,3.713342867,0.7330192796,1.109637778,39.12727751,2.226566154,40.2203786
1253,69119.90104,66605.06993,2514.831101,37739.79653,52310.37646,-14570.57993,143696.2575,51641.00178,92055.25576,0.8067938634,2.022107958,0.7506202989,75.07588273,76.29755484,75.60206827,76.90914711
1254,46587.56488,50595.06775,-4007.502875,49348.58997,40654.6289,8693.961075,151852.7241,61490.3772,90362.34689,3.151162398,1.178392417,1,40.08849991,28.69291728,41.79879571,26.0462755
1255,143420.1825,45791.51675,97628.66576,132983.3473,31648.83556,101334.5117,223664.5604,48285.28731,175379.2731,1.701810103,3.746643962,0.6927629433,13.31098289,40.66497425,14.64412913,41.72274489
1256,181090.4758,64946.18025,116144.2956,145529.7792,41113.97476,104415.8045,306064.2063,49870.65303,256193.5533,0.7782772017,4.077569842,0.9117511736,0.6562565394,11.94855315,1.402395131,11.72721042
1257,1049910.236,58950.51529,990959.7204,736290.8507,51579.74838,684711.1023,250135.3111,46731.422,203403.8891,1.564086203,3.219787291,1,56.54697248,81.53343479,57.50769457,82.76768708
1258,932822.9449,57421.71309,875401.2318,784154.1415,47904.76686,736249.3747,292711.5836,43462.46494,249249.1186,0.900863093,2.197137774,0.8493250197,89.77725783,87.70756866,90.67799914,87.72238102
1259,36355.81573,48857.83699,-12502.02126,75525.63446,59576.58509,15949.04937,118334.2808,50070.24845,68264.03232,3.522928955,2.683889153,0.7932844302,3.209247461,96.55271435,5.989974005,98.71571882
1260,74110.60437,63375.75667,10734.8477,37171.34742,44498.17792,-7326.830501,93140.5135,46832.33959,46308.17391,2.352947799,1.597029769,0.794528899,47.02558743,13.1552104,45.21064248,14.65265429
1261,53658.09328,51627.16042,2030.93286,49651.43611,50961.83349,-1310.397374,112679.3635,37048.09187,75631.27163,1.419336726,3.091690282,0.8309711198,41.89032613,80.23261142,40.69844605,79.46193729
1262,51647.72541,47584.54704,4063.178373,24296.49559,39424.66863,-15128.17305,187919.0393,57637.01297,130282.0263,2.449441383,1.487755949,0.7561747007,86.54441092,92.66063529,88.58789511,94.01116683
1263,971761.4336,59919.43477,911841.9988,815407.233,48506.59355,766900.6394,314611.0066,55414.91368,259196.093,1.64758369,2.442919691,0.9310659135,1.822616665,45.22182835,2.663934689,46.63841438
1264,240194.7777,58345.02959,181849.7481,126719.4533,56559.69076,70159.76255,199914.6028,67800.42282,132114.18,1.539838377,2.326466728,0.6573622493,18.39623699,14.33101765,19.87711883,14.75302618
1265,918067.9632,52772.61282,865295.3503,838335.925,57953.08471,780382.8403,224871.7814,50904.91969,173966.8618,1.819610295,4.192160577,0.815319109,0.3779336467,7.935797416,0.799827103,9.705822143
1266,738559.2057,59589.85324,678969.3525,842867.7144,58702.8367,784164.8777,374352.551,53524.35988,320828.1912,2.451469459,2.02828548,0.6178627534,90.02407984,59.38293182,91.81342536,61.05862425
1267,309523.0321,52651.16784,256871.8643,164116.3563,59584.19717,104532.1592,224173.8428,61758.82474,162415.018,0.5590591793,1.737780943,0.6855824544,42.01417982,27.61952366,41.72200541,28.09615904
1268,215378.894,54935.44827,160443.4457,149515.251,51458.18976,98057.06122,260775.3983,58877.05534,201898.3429,2.3715069,2.195742376,1,82.01703587,58.38466222,82.81949333,60.61627756
1269,138511.8886,39188.91779,99322.97079,151991.3704,56551.59832,95439.77207,211880.3275,58884.10947,152996.218,1.015770882,4.014181147,0.7844912398,3.206720163,64.7356711,4.135270893,65.14747691
1270,897966.4797,56919.61239,841046.8673,845715.7434,53773.97111,791941.7723,274095.4118,45432.80086,228662.6109,0.6937126178,4.718921586,0.8124321724,10.7958763,73.71051281,10.7315596,74.40123747
1271,807492.1904,52263.15843,755229.032,825342.0995,41114.03396,784228.0655,348469.7979,46537.48318,301932.3147,1.369156861,4.031268737,0.8444922945,81.08690794,74.18609755,82.19204658,74.99434199
1272,272110.4725,67702.45603,204408.0164,162298.2965,51563.62738,110734.6691,162189.8695,46518.17165,115671.6979,0.64754932,1.390410846,0.8886610914,59.60580187,93.05847354,58.95901616,93.08991197
1273,190999.5289,51115.46039,139884.0685,165970.2771,48655.894,117314.3831,164557.2241,42654.12672,121903.0974,0.9758578138,3.391549986,0.6825470669,19.77424192,65.95986804,19.21335294,66.75843051
1274,163156.7573,43588.73879,119568.0185,241849.3892,62379.59089,179469.7983,222291.6846,47463.9776,174827.707,0.1587445463,6.25933875,0.8971015366,43.73903454,1.034079348,43.7772171,1.188163492
1275,977612.2863,60166.54072,917445.7456,781144.5873,54843.77272,726300.8146,274057.1421,52751.32398,221305.8182,0.2373180039,2.827368144,0.7537947678,7.224598739,23.03883554,7.373785755,23.22339737
1276,59276.44864,50067.4186,9209.030046,50120.88884,40820.52362,9300.365217,120441.225,43218.57153,77222.65344,0.695189759,2.30522572,0.3513932174,44.88523406,27.76324616,45.30005717,28.32110868
1277,44566.1887,47334.09715,-2767.908456,54761.58192,58813.62974,-4052.047816,123414.5175,54181.54874,69232.9688,1.646459978,1.960409496,0.958289385,11.83379288,53.79648495,13.47739102,53.89351902
1278,919615.2919,63967.48088,855647.811,693609.2785,49940.89326,643668.3852,291123.619,46539.91149,244583.7075,0.4493690063,3.67796999,1,62.6252903,75.34869521,63.07343503,75.38184349
1279,52017.72431,55059.74305,-3042.018739,63686.90357,58060.29153,5626.612038,82115.6852,41068.14943,41047.53577,0.7637148779,2.161569375,0.8591587074,20.62329652,54.94202783,21.32020792,55.25439767
1280,161744.0744,62978.4515,98765.62286,156153.5013,54859.27267,101294.2286,179337.032,45040.60075,134296.4313,1.576554464,6.920567342,0.7753187649,76.32328979,35.98765211,77.88434961,36.20814295
1281,39198.38223,54671.96305,-15473.58083,62793.10598,55961.28531,6831.820675,164667.999,59632.32069,105035.6783,0.6693417031,1.423985456,0.904029612,31.62310991,66.69841613,31.98156257,67.26368598
1282,831604.2177,55425.20046,776179.0172,569811.2809,59349.55403,510461.7268,237305.6667,42043.21883,195262.4479,1.495189392,2.735202016,0.6268746952,72.76966778,39.69267363,72.01653435,40.984332
1283,930585.4526,66789.93658,863795.516,892790.7179,48983.9533,843806.7647,213813.3346,53924.07937,159889.2553,3.718750652,3.9290314,0.6162873934,75.6068709,67.23177334,72.08160736,68.4156751
1284,30617.67774,49396.25965,-18778.58191,41120.34861,51536.71275,-10416.36415,183534.1818,58227.70435,125306.4774,0.3145961213,2.137086961,0.6855665316,14.37916706,20.20055702,14.53316819,20.47488232
1285,975804.5401,67993.0568,907811.4833,597578.0537,47546.09104,550031.9627,285154.4883,54213.80691,230940.6814,1.035708811,7.757241741,0.7255389112,85.81409215,32.06001583,86.40875775,32.90799317
1286,995275.6162,50575.40457,944700.2117,729666.9204,59950.6969,669716.2235,336923.7901,56306.61885,280617.1712,0.9378717285,6.230954209,0.7220284285,49.43780017,28.19939245,50.36275273,28.35452513
1287,222597.7931,57892.04602,164705.7471,127062.8021,58582.95359,68479.84847,231813.9925,46702.15299,185111.8395,0.5311473495,1.377226713,0.762001894,39.56403931,85.40198733,39.55018627,85.93295399
1288,57052.79182,54414.82605,2637.965776,36224.41896,41573.66524,-5349.246286,89540.18565,43285.56502,46254.62063,1.892754924,4.407686337,0.7737639748,18.03068163,28.6330072,19.48690536,29.84211169
1289,847981.1723,59383.50376,788597.6685,610770.6821,44871.42879,565899.2533,265724.4506,52326.72968,213397.7209,0.7711521533,3.440573587,0.8265446589,38.28034488,42.0549492,38.37636545,42.82009997
1290,53915.01741,56902.80194,-2987.784537,46489.02319,43633.13346,2855.889739,69480.80655,52475.59217,17005.21438,0.2253236229,3.520015617,0.7189686111,66.3948364,34.69368178,66.40950581,34.91852738
1291,93460.20542,61420.33579,32039.86964,56244.01311,52993.35368,3250.659431,151494.1432,64863.33523,86630.80799,0.19969568,3.739935463,0.5739783882,27.8253286,67.99307942,27.92744033,68.16469399
1292,770701.0231,51989.56886,718711.4542,776864.915,50459.0565,726405.8585,215234.6586,39892.64126,175342.0173,3.131273237,3.050081583,0.8658856657,56.4752549,78.22232403,59.45850745,77.27096906
1293,1026805.396,55462.94307,971342.4527,686550.8682,42789.18534,643761.6828,289235.6432,62665.06527,226570.5779,0.3775327072,6.343095095,0.6108598493,81.03545463,47.90425808,81.35478876,48.1056449
1294,782589.3658,51941.6123,730647.7535,838399.5533,51555.53279,786844.0205,314075.8579,46214.11594,267861.742,2.014932743,7.229566391,0.9020642619,73.3540599,10.04927557,74.17887816,11.88765225
1295,225367.4138,51589.66806,173777.7457,53862.11025,52171.61869,1690.491561,231345.6115,48952.58129,182393.0302,0.231905938,4.182811823,0.7516466853,83.44864143,27.12519905,83.65691346,27.22719477
1296,925022.392,62614.94027,862407.4517,850856.5284,56539.11317,794317.4152,235765.9155,41340.72566,194425.1898,0.3989225933,2.62238466,0.9104463458,6.687086217,77.85428846,6.997330479,78.10506273
1297,155946.9758,60250.95303,95696.02276,173101.9656,57388.6191,115713.3465,196848.3469,49606.71434,147241.6326,0.4803767178,3.105121167,0.6990661589,1.659100508,40.4083404,2.013244284,40.73290777
1298,63630.08546,60033.03886,3597.046599,36943.3117,47445.79033,-10502.47864,137021.3069,43332.6881,93688.61885,1.834578107,3.164052344,0.875464087,51.53698924,96.7291997,53.30501258,96.23953624
1299,199882.2512,55336.49542,144545.7558,159888.726,53962.6356,105926.0904,203633.7966,55009.94975,148623.8469,1.837068145,3.191892313,0.892658121,34.33941555,50.46380634,33.57726009,52.13531417
1300,738053.7033,63711.38924,674342.3141,600652.9169,46513.00799,554139.9089,156280.6117,46038.81774,110241.794,0.3774490765,2.723937052,0.5026688989,84.2816291,39.28623491,84.30344674,39.66305289
1301,48681.68293,45004.15213,3677.530797,60974.0289,64470.15799,-3496.129092,63281.51343,47345.24972,15936.26371,1.84528572,3.485298498,0.6863404935,78.82008324,46.69247984,79.63006869,48.35049158
1302,142793.7885,43744.51699,99049.27151,106931.5004,36122.65513,70808.84528,252168.2701,44710.49229,207457.7778,1.869113788,1.118345301,0.6911880064,22.18840334,10.04254095,23.63618661,11.2247042
1303,180565.033,68855.9497,111709.0833,143633.8012,54189.05735,89444.7439,189257.0107,40470.77044,148786.2403,2.95563721,3.084173616,0.9114719809,76.23533996,26.26506375,78.41443064,28.26190002
1304,214728.8258,61699.89056,153028.9352,168358.7409,46221.01228,122137.7287,165171.9576,47052.19228,118119.7653,1.847278479,2.844327594,0.8619900983,4.274324722,90.10713741,6.068638909,90.54631207
1305,971858.4193,58285.87502,913572.5442,763215.7093,63002.03257,700213.6768,267338.3638,50435.41355,216902.9502,1.967221283,2.224261406,0.8169822335,26.55027282,47.64875014,28.24390167,48.64954027
1306,245473.8964,64370.00454,181103.8918,141092.0882,60453.44351,80638.64465,216529.1574,55677.67107,160851.4863,2.497631895,3.870951392,0.764000639,2.071781827,21.75061082,3.30690538,23.92147122
1307,197964.1353,57451.73656,140512.3988,152712.0622,40578.6332,112133.429,227793.6254,37723.3154,190070.31,1.842781705,3.323021137,0.7118658796,64.24333364,78.01516767,65.79092738,79.01556662
1308,51550.13689,52803.79389,-1253.657002,61216.16218,52453.05605,8763.106126,156320.3408,52258.5241,104061.8167,0.5698704961,3.724794358,1,50.45349294,18.57499982,51.02050475,18.51799114
1309,990411.5615,35396.9415,955014.62,708335.5193,61673.72468,646661.7946,230348.1801,36748.01047,193600.1697,0.8920839302,1.92084604,0.7253424207,12.42660413,64.38839654,13.14576675,64.91624013
1310,265348.1476,51460.20847,213887.9391,154026.9395,50828.94265,103197.9968,226316.0876,54357.66624,171958.4214,0.4142422964,3.962912805,0.7640037251,67.41378862,64.82044909,67.66320068,65.15119115
1311,921398.0616,71338.37588,850059.6857,745200.4297,65154.44215,680045.9876,274690.3996,57567.82451,217122.5751,0.3337471185,1.995958916,0.75258591,42.08018979,47.56235345,41.74783889,47.53185725
1312,822896.7402,58563.58552,764333.1547,908261.2461,40240.95013,868020.296,303467.2456,44798.88449,258668.3611,0.4943317335,3.698912165,0.8853543657,81.59926251,79.49468235,82.00790069,79.77285262
1313,156580.5451,47903.75359,108676.7915,141664.9424,51867.25999,89797.68244,177360.4895,44889.30932,132471.1802,1.93551054,3.01189834,0.774521564,19.88898637,63.0340725,20.39822592,64.9013904
1314,256721.0948,60567.13483,196153.96,146105.1915,48067.9648,98037.2267,210709.8713,48064.33723,162645.5341,1.446282599,3.250138333,0.9498677349,94.5236356,6.020736185,95.60495831,6.981191573
1315,43458.01979,44593.64403,-1135.624242,52195.0203,49555.06604,2639.954265,177697.5575,40718.66443,136978.8931,0.3979482355,4.536230974,0.6113453769,45.8219077,67.82152535,46.09948032,67.53636533
1316,47706.66915,46889.39261,817.2765427,43302.60806,50823.33314,-7520.725074,154428.0464,68088.73236,86339.31408,1.650986531,4.308826563,0.9101317204,86.21964937,15.60407717,87.2513246,16.8930313
1317,857606.5603,52289.5263,805317.034,892387.4133,51847.95839,840539.4549,243023.37,54880.99107,188142.3789,0.3664804996,1.1410061,0.776394513,72.86594181,15.90373645,72.49955929,15.89526265
1318,159462.4502,58995.81257,100466.6377,147061.6193,55614.89601,91446.72326,281529.5622,44787.68048,236741.8817,0.8961227928,2.161092287,0.8728910367,93.11533309,82.25059775,93.69309229,82.93560166
1319,50351.82622,50143.88063,207.9455917,47408.48001,46865.73378,542.7462326,199115.2007,53663.62808,145451.5727,4.497757115,11.45749694,1,44.29760974,54.51305078,48.7694648,54.99505843
1320,834137.809,50507.33029,783630.4788,637315.156,44660.95111,592654.2049,313539.2239,54130.16206,259409.0618,0.1627281379,2.309523328,0.9197115981,45.17279006,54.67165424,45.33138716,54.63522065
1321,1029971.027,70785.88828,959185.1391,799253.8168,47125.06281,752128.754,265831.1433,52342.22104,213488.9222,0.373942111,1.774377404,0.581186675,81.46958933,24.91226779,81.8435313,24.91194651
1322,223727.7539,38804.75427,184922.9997,188284.6037,52710.86822,135573.7355,220300.7684,50276.7023,170024.0661,0.6005915604,2.683980234,0.9157556557,13.12206052,94.83498598,13.71697271,94.91738568
1323,187459.1425,54611.56761,132847.5748,178982.6921,45216.82861,133765.8635,133377.2655,43937.21095,89440.05453,0.6208022629,2.940657304,0.6198782016,54.17757183,77.88234015,54.76355762,77.67736186
1324,860564.2849,66065.05048,794499.2345,877151.5044,63184.03323,813967.4712,284817.9497,39542.2235,245275.7262,1.01448192,11.57755227,0.6343204025,1.394606309,35.81014126,2.18584472,35.17522761
1325,194992.2327,43766.70786,151225.5249,101684.08,61175.85731,40508.22264,208016.8109,64070.44033,143946.3706,0.5583640551,4.046933844,0.9051010506,29.16423652,34.05431371,29.52784855,34.47805503
1326,620035.2012,43007.78197,577027.4192,721395.6116,65156.23444,656239.3772,295543.3529,62030.08691,233513.266,0.9367781143,4.165222192,0.6562560442,78.9427938,93.20695066,79.135437,94.12370681
1327,167843.2999,67850.79793,99992.50202,135459.563,57361.04306,78098.51992,245836.1776,39973.39165,205862.786,1.023799707,1.907865655,0.6302773999,71.31899821,11.80438131,71.36586383,12.82710779
1328,786602.847,47344.76953,739258.0774,580463.9542,52960.37912,527503.5751,296194.0136,44455.47197,251738.5416,0.807913334,3.572688349,0.8848357099,67.90192391,7.888229984,68.42785388,8.501517536
1329,174278.2408,62958.80636,111319.4345,188604.4275,40564.64082,148039.7867,177124.6101,42192.41518,134932.1949,0.3044672043,3.767025775,0.8313951553,93.60288225,71.44954211,93.90600391,71.42094946
1330,1086743.688,50538.74931,1036204.939,772487.3331,52421.96271,720065.3703,358139.808,50556.14741,307583.6606,0.5151782538,1.968278773,0.69054713,33.22823632,72.27086154,33.537964,72.68253786
1331,1052164.637,52917.37812,999247.2585,742675.8351,49977.03202,692698.8031,216549.4954,50615.64831,165933.8471,0.6151139147,1.136492472,0.7822009648,49.99690181,18.23845515,50.59540236,18.38044886
1332,223357.3912,52259.13556,171098.2557,167578.0676,55623.24757,111954.82,227036.7305,48314.93379,178721.7967,2.471788992,2.408562435,0.9056835572,24.7245501,4.088721902,27.19343245,3.96888547
1333,79998.40529,68850.48882,11147.91647,50493.89144,55653.39418,-5159.502737,106247.4312,60849.40575,45398.02544,1.121932709,3.022209566,0.8662294217,97.66578553,23.14981818,97.39868562,24.23949273
1334,164762.8159,61515.21804,103247.5979,40023.24111,34804.83224,5218.408872,187293.8922,47951.89228,139341.9999,0.5783004763,3.963835099,0.6845925905,38.36965465,91.83585371,38.76449818,92.25838185
1335,45487.15103,40231.0295,5256.121531,37297.80218,46539.48591,-9241.683733,54990.12999,48157.12961,6833.000372,0.8974092005,6.257492737,0.8964634323,40.67467614,58.70138596,41.27539357,59.36808067
1336,1101637.838,41242.90239,1060394.936,824499.3137,60215.90364,764283.41,248062.5721,47619.74806,200442.8241,2.383207819,1.005789859,0.9398811229,50.24245078,77.0163305,49.45340856,74.76753262
1337,987038.6129,69663.49218,917375.1207,714580.0999,41355.21097,673224.8889,315756.6895,53639.25101,262117.4385,1.219034199,3.227164775,0.7673088378,41.66916419,24.73655335,42.86516647,24.50070821
1338,787875.656,43980.93427,743894.7218,731444.6565,47601.50479,683843.1517,264599.6271,58439.42764,206160.1995,0.4497915308,4.371327162,0.7857204611,69.15605315,12.14041633,69.44288624,12.48688305
1339,215110.8495,54475.97259,160634.8769,124519.1569,49145.47106,75373.68583,217114.683,45633.83962,171480.8434,1.22069091,4.826146405,0.6178865192,27.81195971,65.90700928,27.24114584,66.98601707
1340,220297.7777,43887.03543,176410.7423,198853.2817,49731.64445,149121.6373,207007.0597,52617.7958,154389.2639,2.877926658,2.354016877,0.8533898849,15.88775864,98.22115446,15.55106243,101.0793178
1341,776297.0624,49214.84483,727082.2176,657926.7102,52378.67117,605548.039,247958.5734,48163.49376,199795.0796,1.939467398,1.481080778,0.3302404618,89.42797731,64.61221461,88.97720735,66.49857094
1342,134072.4434,55933.42314,78139.02024,211043.8371,49691.41873,161352.4183,180880.6256,45463.21124,135417.4144,0.6839404328,4.161375632,0.790313515,54.44786217,86.61188113,54.92516655,87.10173319
1343,67560.18242,58252.22953,9307.952895,28375.77242,41303.28512,-12927.51271,132903.7743,37059.16908,95844.60524,0.4020423505,2.66719186,0.7120649069,92.26560476,38.8446039,92.60508312,39.05999306
1344,704190.6106,54158.92845,650031.6822,541227.8327,48649.49605,492578.3366,255284.3521,56821.69602,198462.6561,1.119497394,2.963920303,0.6682642581,35.87059066,55.88702242,36.98697746,55.80362622
1345,698274.8286,62657.43828,635617.3903,676722.999,61470.13475,615252.8643,282876.804,46898.34462,235978.4594,1.428602032,2.505590688,0.7542724821,66.53823592,17.66776931,67.9174161,18.04028213
1346,57933.75526,53990.29347,3943.461793,45206.64656,54722.75923,-9516.112674,167488.584,49049.90633,118438.6777,1.335889246,1.974870482,0.6577214621,82.11641426,14.96025394,81.8132976,16.26129981
1347,54807.84474,49122.06899,5685.775747,43069.25179,46819.21675,-3749.964966,89561.58494,50066.29193,39495.29302,1.142172647,1.469836182,0.464270599,21.47628756,26.19385622,21.79239532,27.29141453
1348,857926.7755,62077.05415,795849.7214,837078.9473,54411.66186,782667.2855,286019.0293,55766.49593,230252.5334,2.45242424,2.933878798,0.8211280241,8.762663834,43.07097228,10.55098474,44.74915373
1349,59660.19122,53924.05053,5736.140692,49173.3217,57472.95786,-8299.636159,132327.6465,48791.01021,83536.63632,0.3810446474,2.120544214,0.9932027234,85.91378025,73.03178465,86.24277094,73.22403487
1350,722597.4107,47539.91313,675057.4975,669646.8654,46902.24617,622744.6193,280455.4018,58532.97499,221922.4268,1.392656754,2.462296706,0.8552101898,78.15269079,76.08286647,79.28643607,76.89163991
1351,68855.09708,48743.281,20111.81608,31814.40391,53076.52337,-21262.11946,117975.4625,54580.05984,63395.4027,2.870176166,3.561569964,0.8030319479,80.31414044,17.00081417,82.6222232,18.70688134
1352,725721.4286,55295.90588,670425.5227,678602.171,58948.35122,619653.8198,189685.0943,46658.70999,143026.3843,0.4067447964,3.39458662,1,10.30027359,29.23530571,10.69449575,29.33545668
1353,61317.88665,53749.44335,7568.443301,46983.79587,57985.28178,-11001.48591,162075.1724,45459.53582,116615.6366,1.191883908,2.277470683,0.6086832612,10.25277868,66.66835773,10.81492893,67.71934505
1354,68911.67465,63226.65012,5685.02453,61077.84876,58805.06998,2272.778772,172248.8974,55757.88807,116491.0093,2.577784788,1.287203086,0.788441512,27.85471461,42.04314423,29.12367421,44.2869615
1355,32784.3101,57450.26278,-24665.95268,56454.1059,56418.42225,35.68365086,108142.3628,53484.98294,54657.37987,0.8664966397,1.899936177,0.7230934525,59.99553444,70.97573307,60.26398613,71.79959599
1356,951441.1577,44961.66117,906479.4965,800683.969,38765.57615,761918.3929,264721.399,40162.48476,224558.9142,3.25286674,1.811368225,0.860467547,46.90301784,66.26288311,49.70509389,67.91500654
1357,48458.01221,47597.50366,860.5085572,53898.56919,51318.38992,2580.179271,58717.70066,57294.12433,1423.576332,1.504328883,3.283998895,0.8139099376,7.684995634,71.1621973,9.188214961,71.21996445
1358,29470.56546,42235.13689,-12764.57143,53843.45125,61745.20948,-7901.758229,115820.6772,35220.76417,80599.91302,2.808401876,3.550002893,0.9718107607,13.2795572,0.3747745049,15.94847838,1.248834479
1359,53129.93636,52849.87125,280.0651032,42162.23868,55190.12656,-13027.88787,92495.90028,57317.03142,35178.86886,0.3618327537,3.884152983,0.910644567,98.17562371,6.983433182,98.50116145,6.825483452
1360,53454.46371,57492.82172,-4038.35801,33541.23871,43685.58489,-10144.34618,184806.424,52699.728,132106.696,1.641868506,1.441310489,0.7968370326,62.58567307,2.689886105,64.15597158,3.169359553
1361,567041.8016,46966.27214,520075.5295,696965.3467,41973.7782,654991.5685,293724.2236,49180.73839,244543.4852,0.7840401265,2.754567922,0.9065311437,70.49978663,7.003602164,71.26340879,6.825837958
1362,39588.10656,47385.81241,-7797.705846,51476.80156,55686.1979,-4209.396347,156709.7104,46183.07428,110526.6361,1.455581116,3.025374716,0.6762961258,85.35416663,40.70276977,86.43006473,41.68315728
1363,242943.8269,56172.42242,186771.4045,103714.3085,52644.67156,51069.63696,262759.7221,51528.23551,211231.4866,0.6562220709,3.769891683,0.9874036943,27.72481163,74.71287502,28.12038019,75.23647116
1364,757322.9713,53892.17483,703430.7964,653685.9307,48513.14924,605172.7815,227637.1026,49731.73588,177905.3667,0.327594156,4.333973083,0.7023445307,62.27093501,70.57597432,62.38108286,70.8844956
1365,997037.4656,52648.06518,944389.4004,610874.0127,69050.18305,541823.8297,264794.292,45039.89582,219754.3961,0.2662266246,2.994142289,0.8847804217,93.99048382,35.39597781,94.23015407,35.28006928
1366,930501.1827,44771.36742,885729.8153,857773.3194,52984.12512,804789.1942,308215.8349,46974.29328,261241.5416,1.078005613,1.731404445,0.8215591016,6.89930064,52.88818288,7.22406402,53.91610547
1367,43197.13039,60452.58063,-17255.45024,48639.62883,54060.28378,-5420.654945,126581.8862,50517.22165,76064.66451,0.3429642076,4.629245252,0.72168326,30.59272703,65.09834624,30.50909304,65.43095683
1368,908048.7141,54913.37734,853135.3368,856311.7463,50744.22348,805567.5228,262839.5078,51957.43058,210882.0773,1.183729006,2.620189534,0.656609408,92.17792555,79.57746829,93.32952366,79.85139553
1369,1128747.402,67819.90437,1060927.498,618289.0066,46971.73364,571317.273,141314.6777,59709.30137,81605.37633,0.8382661038,5.13540765,0.4733031314,16.50333613,57.86827655,16.71855577,58.67844355
1370,60023.68526,64079.68733,-4056.002075,59108.75114,55765.10081,3343.65033,134905.9035,44697.21934,90208.68416,1.392291362,4.29164308,0.7723013063,45.13584701,15.95386614,46.37152524,16.59540691
1371,871336.0862,41792.02785,829544.0584,644094.4341,39661.37703,604433.0571,242153.1416,52733.21574,189419.9258,0.4799927704,2.524976819,0.9975949396,10.67583378,56.50707524,10.8678802,56.94697436
1372,648751.6829,48820.75855,599930.9244,687936.6086,53918.49823,634018.1104,285280.6874,56942.54309,228338.1444,0.4864875756,2.788281772,0.7988113483,47.86616883,1.433175518,48.14367872,1.832748313
1373,56161.50953,54495.53304,1665.976492,42695.16877,47407.40115,-4712.232375,126585.7273,57498.01888,69087.70843,0.2119440534,1.654720159,0.7310973022,21.47947747,21.02520408,21.69142037,21.02450291
1374,47922.60772,47957.20254,-34.5948264,63701.80431,52259.5536,11442.25071,181825.8017,56807.05404,125018.7477,0.9900204975,3.67525259,0.8846502285,49.21488955,50.9108366,49.65810771,51.79610393
1375,1044351.601,53026.30156,991325.299,690879.5951,52045.03763,638834.5575,291748.9538,34519.58533,257229.3685,0.2839597614,2.862235749,0.966731362,4.402905277,65.29435289,4.518366354,65.55377896
1376,44078.50892,47509.85969,-3431.350773,38784.37112,49014.85202,-10230.48089,168102.3023,54920.69472,113181.6076,0.716053492,2.778935835,0.6846948955,67.07853381,95.63744183,67.54560517,96.18019126
1377,44070.52381,48699.52955,-4629.005745,56464.01163,58365.60864,-1901.597013,169868.0192,53485.41976,116382.5994,0.8805939893,2.237323107,0.8402407247,90.6691952,80.30369678,91.5112571,80.56133515
1378,1034398.755,46411.83046,987986.9247,757111.7369,51606.42101,705505.3159,237063.6807,39610.32214,197453.3586,0.2146732843,2.205671284,0.7882656706,65.01647194,60.91061991,65.14922944,61.07932102
1379,61595.38253,55981.42178,5613.960744,41030.32679,55076.22127,-14045.89448,135233.3748,42079.34135,93154.03345,2.523245885,3.08283395,0.8880027198,94.03227703,76.16780301,96.30732941,77.25908961
1380,43664.48499,61201.54082,-17537.05583,58618.36728,58362.80557,255.5617071,176766.5319,46791.525,129975.0069,0.1540047733,4.932958826,0.7010437551,80.25308385,36.33740062,80.39093638,36.40606028
1381,40347.39171,55633.36694,-15285.97523,60631.05208,58336.22647,2294.825609,110875.0158,48839.44071,62035.57505,0.5499974253,1.843658409,0.7583249511,97.36229624,79.40060888,97.84264602,79.6684918
1382,48632.46178,56718.71584,-8086.254061,44926.65058,41460.09678,3466.553803,169455.6379,55477.1376,113978.5003,0.7785731538,4.442094427,0.809899384,76.73136322,7.787972264,77.36775658,8.236502803
1383,1137495.143,57457.75467,1080037.388,767675.9136,51609.7688,716066.1448,256879.7628,43357.53824,213522.2245,0.2926310112,4.329617634,0.7271767174,79.44664706,58.99445437,79.43782084,59.28695225
1384,1084734.787,56910.99651,1027823.791,665054.0144,57149.30089,607904.7135,248311.3514,46471.84991,201839.5015,1.351588855,5.324667385,0.9891706161,88.11010689,34.76076257,88.58388153,36.02659432
1385,46119.62663,57684.76762,-11565.14099,37759.34984,42057.72103,-4298.371195,165324.6345,49042.78826,116281.8462,0.7950890685,4.507438434,0.6660938838,17.01844983,92.82135735,16.36368842,92.37029847
1386,55186.5522,53711.7335,1474.818699,51089.72387,47177.18116,3912.542708,77055.20828,40216.98606,36838.22223,1.193621944,2.621081168,0.6586863513,71.75955278,93.11594211,72.26215607,94.19858853
1387,1021144.056,66568.53714,954575.5189,672508.6886,48917.84058,623590.848,212621.6655,43084.71704,169536.9485,2.746171744,2.271838413,0.7960240518,26.19161732,9.001355581,25.27693628,6.411989279
1388,41239.48861,44735.26457,-3495.775955,45953.75996,52790.60014,-6836.840181,108545.1981,57506.14987,51039.04826,3.073612305,2.761483526,0.7128994346,33.58625862,73.86285398,35.79775391,75.99742213
1389,298904.9549,55926.24889,242978.706,168266.8031,64869.45994,103397.3431,231902.7471,45086.74863,186815.9985,0.7821557861,4.578791922,0.528505153,75.58070331,13.27728017,76.35398777,13.39474852
1390,43806.73762,47979.84403,-4173.106401,51316.8771,52781.95486,-1465.077766,36648.01391,45957.38438,-9309.37047,0.4355301168,2.59076416,0.7145763655,53.83260265,89.64193524,54.23672777,89.80432174
1391,893893.8042,45787.9511,848105.8531,575631.7026,29786.53301,545845.1696,363836.9251,51891.27728,311945.6478,5.024719764,2.128864194,0.9902990778,26.11927493,11.36170582,26.7666051,16.34455364
1392,80958.36997,63701.76343,17256.60654,47615.07543,62654.33521,-15039.25977,177250.1377,45298.39129,131951.7465,0.2794877919,2.702863311,0.9644126104,12.71383629,49.33873257,12.82304201,49.59600195
1393,168230.6715,50996.28298,117234.3885,197346.6711,56449.34934,140897.3218,189498.4947,47715.31787,141783.1768,0.5998197614,2.707962202,0.7725871725,25.18469715,38.66601227,25.64516157,39.05040304
1394,50121.71244,50578.337,-456.624558,46288.23074,58283.43169,-11995.20095,99993.7362,40004.23541,59989.50079,1.738054361,3.129324232,0.5725332923,82.60471445,79.7262892,83.98538411,80.78202792
1395,880215.0971,67546.52352,812668.5735,853197.2864,52476.09783,800721.1885,281097.157,57656.46858,223440.6884,1.999755705,3.516636954,0.8831902557,12.61602871,47.040236,14.11745895,48.36111833
1396,691932.5061,54114.20075,637818.3054,914870.5893,55300.55685,859570.0325,231963.0485,51898.91971,180064.1288,1.079108018,2.910108331,0.7341661619,63.44801248,93.34471468,63.7409669,94.38329632
1397,196927.3533,52829.14235,144098.2109,135641.6535,35144.08643,100497.567,126838.4129,39832.62094,87005.79198,0.6540261238,3.148654521,0.9142473018,25.84461413,38.68301628,25.53500824,39.25911902
1398,912948.8267,51749.67983,861199.1469,609887.518,38547.58216,571339.9358,280313.3528,50071.59663,230241.7561,0.1930432325,3.584621674,0.8488020203,5.308408615,35.34287032,5.487829427,35.27163927
1399,1138353.662,69499.72255,1068853.94,924583.1534,34841.10959,889742.0438,199587.0087,49175.09153,150411.9172,1.469897042,2.242001172,0.734692823,39.63911679,51.33135321,39.0561862,52.68071945
1400,840347.1849,62430.70522,777916.4797,879957.3146,58235.98259,821721.332,292181.8312,52989.51485,239192.3164,1.689892802,6.520141871,0.7567460187,67.28173344,24.55766214,68.9421017,24.87216954
1401,220767.8995,50005.58703,170762.3125,190169.2864,53280.93795,136888.3484,171863.62,65260.57698,106603.0431,0.1368583847,2.478408776,0.6943126383,44.67788932,20.63139762,44.81198356,20.65876461
1402,169113.2063,42756.99376,126356.2126,194943.9434,53223.07512,141720.8683,206720.6152,46227.31084,160493.3043,0.5331448228,1.914053687,0.7994301658,38.00837419,94.68294895,38.44183904,94.99335452
1403,63118.42656,63291.48804,-173.0614896,35613.64684,43711.48553,-8097.838691,141305.9015,48358.4159,92947.48557,0.1974560991,1.637677178,0.7278905432,67.47749432,86.49697684,67.6082241,86.64495872
1404,217637.4337,62885.13642,154752.2973,180474.6739,36152.35991,144322.314,200923.1387,50140.95582,150782.1828,1.092051469,0.6847953399,1,41.18656144,34.45525668,41.8913828,35.28940491
1405,58428.94818,42931.52006,15497.42813,35000.36495,47403.02615,-12402.6612,178688.8876,49285.30627,129403.5813,1.27826397,2.185073425,0.879388789,64.78252174,65.21309976,66.06065799,65.23116884
1406,830730.7712,50916.2498,779814.5214,858015.319,56664.39213,801350.9269,269253.6802,46626.02926,222627.6509,3.008645005,2.006826004,0.7686174693,25.98875597,2.393111893,28.23452016,4.395232761
1407,744909.1233,67619.072,677290.0513,628809.4959,56675.99813,572133.4977,307488.4442,36863.25736,270625.1868,3.191241378,3.841491743,0.8432763403,64.18068789,44.94428014,65.39088827,47.89714935
1408,854921.5591,74787.79599,780133.7631,841819.6609,48788.81413,793030.8468,208492.9832,44984.54077,163508.4424,1.291948113,4.111537759,0.7141226589,68.02789103,26.77415071,68.99598444,25.91862451
1409,235591.8694,49770.78964,185821.0797,249598.8266,59630.02255,189968.8041,276144.8213,61175.13688,214969.6845,0.4317679643,1.425355234,0.8779985219,60.64541252,85.14664816,60.86845186,85.51634673
1410,41705.15678,49615.24661,-7910.089829,67846.53255,52387.82413,15458.70842,122231.2341,50175.07962,72056.15452,1.919655779,2.850609835,0.4916484127,19.48173376,80.69648346,19.54981139,82.61493172
1411,630562.9737,56388.76209,574174.2116,963481.3874,62172.31139,901309.076,266936.0798,37529.5467,229406.5331,0.201269948,2.016924909,0.752929871,41.9242891,32.66708089,42.11064626,32.59105064
1412,791455.7964,67708.29789,723747.4985,757190.5163,42515.64435,714674.8719,255637.4342,54985.14325,200652.291,2.062159716,2.800322145,0.801020019,73.83375014,53.06909174,73.06884405,54.98414301
1413,53378.99522,59362.28473,-5983.289514,45878.34905,50781.80329,-4903.454237,160762.5497,52113.48285,108649.0669,1.801607801,1.375658011,0.7083969776,59.42378706,8.705554174,61.15181903,9.215158128
1414,17735.47491,38810.00678,-21074.53187,60923.33449,42783.38938,18139.94511,157764.5247,50108.72482,107655.7999,0.3853772597,1.816931679,0.9052917001,32.8698328,89.54809417,33.20639757,89.73581681
1415,226549.1663,69347.68357,157201.4827,211369.0604,58398.07957,152970.9808,237465.6127,52515.57744,184950.0353,2.229068378,2.476641861,0.711848113,17.46423311,23.95797591,19.46631544,24.93798214
1416,1127294.365,62066.36458,1065228.001,929891.2743,38843.36323,891047.911,303253.4734,52248.09317,251005.3803,0.7998977389,4.437080535,0.4505149039,12.74120207,60.41840511,13.02825318,61.16502285
1417,39468.46963,45248.05512,-5779.58549,52587.70803,54088.85919,-1501.15117,157706.8583,46480.51538,111226.3429,0.521323929,1.932284651,0.7163391271,1.521373752,81.96533623,1.912736505,81.62093263
1418,81947.90349,77858.10163,4089.801864,56424.73446,66534.36719,-10109.63273,89054.1235,39498.8693,49555.25419,0.2168411869,3.49371831,0.6757374802,71.93269058,61.32699094,72.12392641,61.42921109
1419,43080.93862,55774.30754,-12693.36892,45509.31169,52306.09485,-6796.783163,101476.3439,47609.17056,53867.17329,1.300040125,2.059234582,0.756335341,83.21013206,6.165889642,83.36515314,7.456654063
1420,47810.66964,49138.70078,-1328.03114,60776.57477,54986.22621,5790.348553,184408.477,57075.6901,127332.7869,1.146782287,3.400938123,0.9724535979,70.64395627,6.300525475,70.57305716,7.445114016
1421,207445.9075,51810.21076,155635.6968,214096.9873,49708.84458,164388.1428,155657.1018,46614.96843,109042.1334,2.206004589,3.142304167,0.970832252,49.47598614,73.65637378,50.13745733,71.55187572
1422,1023766.461,52206.79032,971559.6703,676735.5683,49611.0686,627124.4997,228267.3771,61351.91902,166915.4581,0.03862027764,2.587199597,0.6511702999,81.23837743,32.86608303,81.24397907,32.9042949
1423,1003322.662,54805.96154,948516.7001,599305.365,50993.67961,548311.6854,314959.3913,59421.17685,255538.2144,0.6687512235,3.707974042,0.9609574108,54.53999386,53.66397179,54.96965302,53.15150598
1424,34008.88452,51092.77111,-17083.88659,28929.68973,40560.10177,-11630.41204,87834.60582,47631.05846,40203.54736,0.9844454603,2.832104799,0.5998331585,14.67325315,70.64013434,14.25838624,71.53289316
1425,264344.7344,74640.26805,189704.4664,151791.8996,44414.34827,107377.5513,234960.9401,57765.16479,177195.7753,1.356847926,3.451914534,0.6371309918,67.623919,38.71987302,67.3288148,40.04424072
1426,1047820.726,56908.81952,990911.9064,712786.1333,61197.08667,651589.0467,246345.7448,46879.88072,199465.864,1.055477449,4.670137718,0.6801498475,30.25310783,10.51377948,31.0726403,11.17891043
1427,195963.5676,51495.59564,144467.972,175563.4547,51822.42181,123741.0329,223118.4294,57130.91744,165987.512,0.08633608703,5.00175356,0.7048861507,27.16817974,74.50530031,27.25254172,74.48694338
1428,160427.6724,42603.80224,117823.8702,172172.1193,49679.60211,122492.5172,198709.544,43661.44117,155048.1029,0.02,4.331761818,0.5903936924,97.71407669,35.58881268,97.73385006,35.5858104
1429,1072599.196,74951.43411,997647.7615,731720.3811,47754.90606,683965.475,257584.3743,56042.96468,201541.4096,0.6791177539,1.736052115,0.6731221963,43.35233125,49.72427831,43.79470124,50.23955465
1430,161971.4002,52238.82139,109732.5788,150714.1364,48143.94152,102570.1949,255164.8297,54323.17627,200841.6534,0.3187028286,1.83773977,0.783539827,70.336498,13.42148548,70.33836684,13.10278814
1431,47597.4743,48431.72203,-834.2477231,51330.82248,44880.65187,6450.170601,116201.7181,42648.87398,73552.84414,0.6519849024,4.928523767,0.8054822076,73.20696503,2.365253458,73.79495474,2.083557849
1432,873160.3252,61373.97654,811786.3486,908290.1356,57034.19361,851255.942,244026.766,55262.94009,188763.8259,0.7934571648,1.473799718,0.7451295451,90.24548941,48.04830973,90.47558769,47.28894878
1433,72788.15098,66447.66251,6340.48847,37062.32716,41017.84283,-3955.515669,124581.4818,65822.72581,58758.756,0.7947611484,3.526895239,0.7696305389,22.27195618,22.88148329,22.04585192,23.64340333
1434,765262.8132,52184.61778,713078.1954,903382.9509,51088.18191,852294.769,291536.2138,47479.76985,244056.4439,1.936446983,2.931031656,0.594724227,54.27236123,31.74808887,54.61650599,33.65370984
1435,951571.88,56953.47249,894618.4075,566576.8983,42581.1812,523995.7171,326181.0022,52594.93689,273586.0653,1.068752308,5.80241542,0.7155739232,8.844701448,44.31526821,9.066941887,45.36065841
1436,205103.4818,62308.42503,142795.0567,167890.3806,46124.92502,121765.4556,184006.7031,45946.33968,138060.3634,0.7216871977,3.940737393,0.6586521975,98.27531063,88.11103542,98.96037504,88.33801373
1437,28173.93106,52992.40813,-24818.47706,56290.36175,48376.21382,7914.147928,176703.4615,48722.81099,127980.6505,1.825604846,2.532802391,0.9361153614,47.99701234,56.60502123,49.00001965,58.1304095
1438,987399.9026,51469.8556,935930.047,920217.0342,46373.52221,873843.5119,258638.2955,50375.27755,208263.0179,1.850963638,2.699836573,0.6446202571,8.255193994,78.18422428,9.31829927,79.69943831
1439,713789.5882,65066.26487,648723.3233,505598.5368,61234.19657,444364.3402,321168.5961,34258.36098,286910.2351,1.811642482,2.824469079,0.920039801,10.59059984,13.72247086,11.75006936,15.11447621
1440,202173.5274,41037.08191,161136.4455,129928.5664,45331.09174,84597.47468,212538.8709,48977.94197,163560.9289,0.4023456518,2.390626265,0.9674132091,5.892434477,6.587280753,6.183228869,6.865346653
1441,26259.16078,36546.65952,-10287.49874,44720.57772,55605.22253,-10884.64481,180979.3503,43376.35645,137602.9939,1.708973478,2.80892031,0.8295933669,3.344654672,46.78680028,4.538874759,48.00926857
1442,163768.1479,62065.8756,101702.2723,162114.1224,58338.99022,103775.1322,189228.5303,52695.38905,136533.1412,0.9461423793,1.196396426,0.7808359505,24.93561091,67.77169916,25.85609521,67.99054626
1443,27349.64,46042.27702,-18692.63702,46608.04647,53171.00445,-6562.957971,144113.2887,42786.6509,101326.6378,1.762137628,3.07069493,1,27.54499857,43.67474848,28.53285007,45.13395321
1444,43083.61351,52115.54536,-9031.931851,39862.16631,54685.81262,-14823.64632,164540.3877,59410.78902,105129.5986,1.621569492,4.264101184,0.5372787326,16.08150935,23.09655783,17.15732963,24.30985843
1445,892885.6788,57928.11243,834957.5664,626021.827,52055.04254,573966.7844,322243.554,52071.08438,270172.4697,2.585886373,1.958323323,0.6990636936,17.29814299,24.87524007,17.14301779,27.45646933
1446,1091866.892,60215.03463,1031651.857,770505.5371,50483.29078,720022.2463,289827.5138,45957.46659,243870.0472,1.244411853,1.889111908,0.6637051201,15.30899097,11.09305243,16.5125184,11.40941073
1447,64939.90797,53748.38657,11191.5214,67137.15856,63986.89459,3150.26397,131253.8989,47768.68977,83485.20913,1.530208569,3.142310709,0.827798079,89.82854709,84.14520493,91.12467719,84.95858369
1448,271416.767,61704.57351,209712.1935,141551.1679,47121.08114,94430.08679,238220.3459,46379.38373,191840.9622,1.333912313,1.673212563,0.8991020248,11.97182264,88.13741749,12.77992205,89.19868909
1449,157118.2621,51310.98801,105807.2741,152338.0531,61870.93968,90467.11346,158396.5412,54589.02184,103807.5193,1.134070472,3.058255871,0.8202987963,31.87259317,31.96873593,32.57773846,32.85692845
1450,35830.9103,42908.51052,-7077.600223,50740.65825,40114.23848,10626.41977,167877.519,39972.25826,127905.2607,2.131519341,5.529742954,0.6402796706,9.776345606,65.57964782,11.51459413,66.81328747
1451,924402.1166,65614.59845,858787.5181,715988.6476,48281.39018,667707.2574,284327.966,48445.34758,235882.6184,2.818267785,2.531620177,0.6263549091,91.45341315,3.500085884,92.02041737,6.260727028
1452,847493.8932,69196.59399,778297.2992,787124.348,57794.67836,729329.6696,265480.8776,45657.47697,219823.4006,0.676829357,3.088030797,0.7737570439,82.03831402,63.71719001,82.71023551,63.79855021
1453,61235.06129,51837.00996,9398.051328,59447.80133,50093.18332,9354.618012,117401.6031,41142.35123,76259.25185,0.4624569341,3.762399605,0.850730298,63.60205729,47.75541483,63.89823912,48.11058062
1454,995109.0029,42959.92831,952149.0746,770467.2977,49247.7519,721219.5458,296695.8512,47928.65885,248767.1924,1.920238945,1.760539413,0.919168825,60.37750957,88.32393255,62.29729026,88.36588148
1455,223444.9492,48986.41556,174458.5336,144879.9497,53051.36217,91828.58757,217417.4832,53174.76775,164242.7154,1.916610076,2.448219855,0.8160917139,61.27954994,86.92451155,61.84351966,85.09275493
1456,231128.3752,59891.41984,171236.9554,174728.5721,45419.29008,129309.282,202206.4901,53007.02749,149199.4626,0.9492045505,3.022913518,0.8006305834,67.65397261,86.45152651,68.29331994,87.15311347
1457,219549.2275,59535.87194,160013.3556,135967.1634,49207.27077,86759.89268,106525.6545,45377.31624,61148.33831,0.4805542448,4.312701303,1,5.398288863,22.90398745,5.85108796,23.06493887
1458,213393.23,61872.34203,151520.888,133129.459,50504.48679,82624.97221,249561.2825,45270.98416,204290.2984,0.9151335322,3.776794847,0.7807947557,5.394929802,39.29860481,4.489381082,39.43070665
1459,44758.0998,42078.90251,2679.197293,52346.46429,53900.21905,-1553.75476,213071.834,51681.41726,161390.4167,1.7394209,2.385780271,0.8736129509,90.56896073,33.01666892,92.30830945,33.00082281
1460,90948.01069,67728.6573,23219.35338,44055.43195,51155.22481,-7099.79286,91906.58592,46212.84411,45693.74181,2.143802325,2.548475322,0.5696149064,48.08868649,67.0418472,49.22508613,68.85967125
1461,52632.08222,57744.12252,-5112.040305,50814.6507,52279.96072,-1465.310023,147188.2756,57647.58201,89540.69363,0.3295425889,4.58284738,0.8678755589,49.11231069,97.03848649,48.7862891,96.99044234
1462,201359.5461,52908.88497,148450.6612,141061.0375,47565.88134,93495.15612,243216.1172,55352.15714,187863.9601,1.486725769,4.880098705,0.8221889945,8.951034172,60.69203021,9.588347223,62.03522996
1463,59428.0566,55704.29016,3723.766432,57203.50899,53109.43984,4094.069148,174720.0266,40068.78195,134651.2447,1.197651252,3.163575384,0.6752529476,16.80620733,67.41512059,17.49056147,68.39798779
1464,904542.1794,59621.30686,844920.8726,842130.1791,48256.74041,793873.4387,223215.5431,57243.77308,165971.77,1.178512248,2.370650305,0.7868905211,83.48765636,44.90571716,83.96581486,45.98286876
1465,193716.2996,59267.76167,134448.5379,176732.7687,60584.60937,116148.1593,230077.0465,48433.76501,181643.2815,1.542547649,4.3597524,0.712161492,57.79266942,25.49347555,59.18778052,26.15159278
1466,852328.6479,48561.75052,803766.8974,895049.2479,50168.90179,844880.3461,293322.6781,58423.05249,234899.6256,1.731978516,2.834398628,0.9503357066,30.24385049,30.34400384,30.36616014,32.0716583
1467,1086862.676,51330.25034,1035532.425,700962.4236,60381.93585,640580.4878,325771.2044,46859.3509,278911.8535,1.035064966,1.206721298,0.6353484263,39.02367179,66.58692206,39.71788931,67.35465998
1468,953145.2346,52142.47679,901002.7578,641295.1725,53807.53513,587487.6374,332722.8984,47271.82315,285451.0752,0.05605331424,2.355010192,0.927823118,67.10899018,65.43099016,67.14822871,65.47101905
1469,739794.6748,48698.73198,691095.9428,780935.4913,51761.28481,729174.2065,234685.7912,44566.59363,190119.1975,0.2843879365,1.654735086,0.8345007027,14.86364531,84.38359642,15.0541655,84.59473275
1470,54280.31684,60361.2356,-6080.918767,54037.9692,47731.74048,6306.228719,122839.8007,48505.15091,74334.64975,1.376001672,6.811752028,0.5766932666,12.30656772,64.72635427,13.49520936,65.41954376
1471,52624.63437,67739.00791,-15114.37354,44414.88141,52675.77796,-8260.896556,155960.0928,55251.1725,100708.9203,1.285000793,3.259092652,1,35.12603519,76.75428814,36.39792372,76.9373908
1472,770120.9482,57701.60983,712419.3383,852377.4561,63805.2357,788572.2204,321126.7944,49363.1712,271763.6232,1.938464621,4.800203085,0.9057817031,66.32097495,89.46654914,68.08556248,88.66413033
1473,60644.40787,53959.55748,6684.850394,39534.89862,48882.33566,-9347.437041,119983.312,46619.99066,73363.32133,0.5097142786,1.386746606,0.8051220777,42.4681996,39.36007184,42.50182501,39.86867579
1474,965779.4941,52274.51102,913504.983,785348.0041,50374.2493,734973.7548,256273.6541,57567.30818,198706.3459,1.327891972,2.864992497,0.7784908484,28.29253872,58.87023767,27.81591589,60.10964389
1475,851976.3723,58872.00663,793104.3657,799295.6828,41938.90477,757356.778,251995.6217,49713.73978,202281.8819,1.062006921,2.268343851,0.7053536318,22.17964031,23.30843823,23.17569618,23.67685564
1476,922529.6199,37434.68736,885094.9325,608207.6511,64364.3333,543843.3178,392732.9649,51173.59551,341559.3694,0.9656701116,4.591308585,0.7793464889,87.99820805,29.90853627,88.9182815,30.20176587
1477,53761.09593,48283.82447,5477.27146,53903.75955,51694.35444,2209.405107,121794.0133,47001.01269,74793.00059,1.040982662,3.718596349,0.8583993699,10.55058865,41.21130288,11.11355341,42.08692585
1478,743180.0531,66169.69505,677010.3581,737112.5334,55135.66422,681976.8692,275827.2618,43881.08571,231946.1761,2.158803799,4.112917899,0.7150623499,38.15017074,95.60977979,37.53549015,93.54033503
1479,60377.02901,62809.29886,-2432.269852,47296.13927,48481.18923,-1185.049956,124414.8626,47594.8595,76820.0031,0.8262862777,2.111841564,0.842523823,58.47367416,90.13105218,59.28299599,89.96447732
1480,981911.0861,60881.42328,921029.6628,708225.4724,37202.9938,671022.4786,309907.5781,47850.31298,262057.2651,1.039454359,2.847728701,0.5398078176,87.45939487,68.6851258,87.78877355,69.67101374
1481,59401.71704,57517.65809,1884.058948,41136.98965,56472.46293,-15335.47328,151725.1465,44210.09475,107515.0517,2.630934327,6.142564525,0.6465913548,8.827949443,45.29084239,7.948666365,47.77049493
1482,807328.9332,48334.47656,758994.4567,842278.5852,42805.91647,799472.6687,265592.5149,38069.82564,227522.6892,0.8495367712,1.255604476,0.7252958523,42.26504671,19.89803738,42.66265557,20.64878362
1483,671320.7241,53466.82468,617853.8994,634593.7377,48025.06223,586568.6755,279826.8946,49997.74304,229829.1516,1.965549738,3.113329667,0.8089065627,95.03677507,9.355765223,96.35590601,10.8129129
1484,270834.5732,48488.00233,222346.5709,103233.5294,49695.83384,53537.6956,119741.662,50806.02407,68935.63793,1.342585076,1.782107711,0.9362195346,41.21208774,15.96820968,41.46664327,17.2864419
1485,209872.8864,48804.81214,161068.0742,216802.6372,47783.93057,169018.7066,246600.2109,52468.97202,194131.2389,2.065465262,2.202282488,0.6545098612,60.03923805,11.94777093,58.55551701,13.38468381
1486,196068.7679,54031.58496,142037.1829,192166.0601,49413.93387,142752.1262,290646.5916,49944.02962,240702.562,2.597347347,3.463493729,0.6399751654,46.92985477,9.816097389,49.3555834,10.74456594
1487,176188.2472,53261.78114,122926.4661,184615.4453,42257.93935,142357.506,222150.2916,54436.34725,167713.9444,0.1532035492,5.405961933,0.8696548109,3.963687655,69.30653092,4.040776245,69.43892683
1488,180404.5561,53900.82513,126503.731,209651.355,46763.76968,162887.5854,226074.7013,56306.8064,169767.8949,1.668197056,2.403598618,0.7176315652,76.0862861,7.498988301,77.50218302,8.381097904
1489,84513.37262,63470.59108,21042.78154,33694.79588,53235.22674,-19540.43086,142890.075,42446.64851,100443.4265,0.202309523,2.238315575,1,30.14276484,41.49255929,30.00826016,41.34143803
1490,233335.9949,62904.15409,170431.8408,182163.8189,28462.81766,153701.0013,230378.0391,58870.08875,171507.9503,1.048766519,3.294973048,0.8795204919,38.41664626,59.69181236,39.45789639,59.81714939
1491,183803.8578,47636.08696,136167.7708,164848.357,46547.35956,118300.9974,268634.0737,54952.95803,213681.1156,1.228209319,2.940162179,0.6676062393,0.810594958,81.75723657,1.52456529,82.75660862
1492,879772.3156,64931.26336,814841.0522,716248.9647,48473.3318,667775.6329,317724.6317,56786.99935,260937.6324,1.603047679,1.64388259,0.7732786855,26.97064762,84.10667408,28.42469238,84.78159311
1493,70560.63962,58017.45372,12543.1859,45973.98004,48696.58044,-2722.600405,194047.3108,47135.70549,146911.6053,2.721310689,1.858299602,0.4280979677,50.16028066,7.17590881,49.25101236,9.740818754
1494,766027.6183,64986.56401,701041.0543,898339.8294,54011.13357,844328.6958,311651.9705,45103.66309,266548.3074,0.2278773627,2.249739498,0.7157666554,23.8647793,49.05951328,24.08342579,49.12371457
1495,124306.8076,50018.4456,74288.36204,182700.6537,53628.15178,129072.502,163045.1599,49278.45291,113766.707,0.3600971745,2.017258819,0.7669785865,66.83117224,68.47883194,67.19117978,68.48686583
1496,67424.75565,56736.96156,10687.7941,54133.62662,53683.10561,450.5210034,128432.137,43511.46678,84920.67023,0.9604998989,2.669293017,0.9273182119,61.3282618,27.35082799,62.18606661,27.78295177
1497,247725.1952,57222.56936,190502.6258,149055.1693,47742.51216,101312.6572,185896.5864,52471.19217,133425.3942,0.5801162618,1.885830953,1,31.49825604,87.9723089,31.08511363,88.37955357
1498,882665.6855,65496.61768,817169.0678,811267.2932,42516.73669,768750.5565,335053.57,60921.37779,274132.1922,1.224987739,3.769115244,0.8921597562,61.67515111,16.90370183,62.15579942,18.03045476
1499,42530.6077,50535.02701,-8004.419314,62663.80645,58704.04262,3959.763832,186715.7433,55902.57315,130813.1701,0.7326490175,0.9622403117,0.9818285573,13.87758318,35.31322849,13.18329745,35.54719838
1500,951244.7639,62516.6146,888728.1493,619275.1724,45601.09909,573674.0733,225086.6009,46799.74673,178286.8542,1.08759899,3.902290404,0.9515966876,29.80072886,95.73964012,30.49621928,96.57580077
1501,853173.4622,43318.88649,809854.5757,726090.5604,62839.97011,663250.5903,327748.0352,38297.60742,289450.4278,0.6836620718,2.662288362,0.7160898454,23.18790538,55.21802158,23.15311105,54.53524549
1502,53617.85978,49929.15097,3688.708805,46451.3595,50232.60519,-3781.245698,157648.7149,43892.42615,113756.2887,0.0612282806,2.237927054,0.7174737373,92.21943556,86.05964254,92.28001348,86.06854297
1503,85154.26188,32280.16636,52874.09551,176031.9992,64882.98557,111149.0136,230098.4782,58812.22815,171286.2501,0.6051297668,1.212509529,0.8122072253,82.4219786,38.514159,82.86949906,38.92147642
1504,222337.9556,64717.28508,157620.6705,152632.7967,59222.00827,93410.78847,160576.3178,52103.19848,108473.1193,0.8090588016,3.156597048,0.7024369849,79.26565884,41.11722969,79.96915511,41.51681591
1505,48395.46638,38719.91226,9675.554122,24634.08484,34584.70604,-9950.621203,82541.36677,47924.77679,34616.58998,2.294519441,3.449974541,0.7958299891,19.45850408,12.02537093,21.53668787,12.99798164
1506,206608.5337,53206.40793,153402.1258,172802.0744,48497.99832,124304.0761,297114.6018,65960.76532,231153.8365,0.1963077107,3.38764284,0.6546232402,97.90684329,39.54050932,98.08816901,39.61572702
1507,731273.662,51918.01311,679355.6489,861524.2259,52272.62242,809251.6035,323911.5919,52910.86931,271000.7225,1.713470289,2.90833226,0.7969736818,92.33639032,40.64079362,93.615639,41.78075119
1508,46402.49628,59311.87135,-12909.37506,44326.4054,43306.91233,1019.493069,151285.081,56288.50008,94996.58088,0.6372031377,5.080569457,0.6499205955,90.34786729,4.118389847,89.98250615,4.6404426
1509,40018.78314,49330.33985,-9311.556708,38447.10493,49294.10786,-10847.00293,211644.0979,46181.09069,165463.0072,1.293713682,1.667158006,0.8346254177,21.23399395,24.76858924,20.14712759,24.06686521
1510,33063.62886,47416.33351,-14352.70466,58974.67192,57610.81551,1363.856406,187949.6536,45355.9352,142593.7184,1.381480308,2.843740609,0.8041481791,85.98271932,45.70155609,86.81201644,44.59667867
1511,140517.1781,58373.83879,82143.33929,127685.4806,38970.29994,88715.18065,159785.3023,47286.96053,112498.3418,1.333019644,3.799628482,0.6393850015,90.02448153,95.50734675,91.14707891,96.22617671
1512,1016916.778,49728.14294,967188.6353,672104.8061,55507.15811,616597.648,288899.4218,50517.51475,238381.9071,0.6429886232,1.505650514,0.9249506874,70.93534851,19.73920022,70.33810911,19.97740072
1513,66124.17546,63559.25596,2564.919496,64683.57485,66628.91037,-1945.335529,85576.28043,46348.38727,39227.89316,0.4734731008,2.243570197,0.8302515199,71.8794082,74.03368904,72.00034006,74.49145783
1514,634885.0903,56763.5025,578121.5878,698973.2174,54450.69381,644522.5236,202500.2612,55071.92207,147428.3392,0.7918867853,1.368860099,0.8383938079,4.4314487,93.31809147,5.075817856,93.77838819
1515,832415.3845,65182.15204,767233.2325,828507.1747,58906.59083,769600.5839,290884.6014,50657.78519,240226.8162,1.662329518,4.273079435,0.5364869348,41.02860303,97.54548122,42.53449832,98.24948323
1516,43575.57611,50761.287,-7185.710891,42190.60115,53380.40277,-11189.80162,150634.8896,56597.41696,94037.47268,1.057453375,2.896976896,0.8377141934,99.54608677,3.596846337,99.9218933,4.585267854
1517,817581.6652,60395.6053,757186.0599,830490.1229,42448.69011,788041.4328,316940.1213,40606.96021,276333.1611,2.390694496,4.542260607,0.7118243268,11.0132668,39.54277456,12.95374921,40.93918001
1518,59440.70683,57943.60936,1497.097475,56514.18381,64181.5026,-7667.318786,185643.2304,51872.40884,133770.8216,1.089492739,3.252441147,0.9189929326,98.17869351,15.37246483,98.82995807,16.24587706
1519,44353.02339,43279.45283,1073.570555,55468.6801,48601.71915,6866.960953,147506.4334,62810.70431,84695.72909,0.4983752595,2.969482592,0.7723020227,95.00758979,9.131520535,95.46874443,9.320502787
1520,997530.1169,66338.2006,931191.9163,626391.8359,41464.14843,584927.6875,314343.5498,36784.86462,277558.6852,0.8658515174,3.397729384,0.7967067027,41.47069368,59.6722104,42.15074415,60.20814902
1521,858187.022,57186.50453,801000.5174,958202.1617,54307.88957,903894.2721,336218.6578,50062.76038,286155.8974,0.4471754121,2.956714236,0.6807329824,38.90852905,25.35925476,39.3521989,25.41513779
1522,960362.7489,63989.59573,896373.1532,734365.2437,52268.44763,682096.796,234781.0486,59394.54159,175386.507,0.556343465,3.385535772,0.6873645473,63.20887671,49.34889101,63.68037819,49.64419494
1523,819309.2316,50339.16961,768970.062,777067.421,58557.35222,718510.0688,316814.8571,48269.29352,268545.5636,0.6014287147,1.719026387,0.5721768044,17.26590179,59.15757271,17.71252147,59.56037211
1524,795989.3595,62422.90681,733566.4527,607022.8828,49027.45949,557995.4233,272221.8373,54926.48159,217295.3557,0.5965419893,2.544226985,0.8528227557,56.57396118,27.91956188,56.96383324,28.37107282
1525,48756.2289,38506.98822,10249.24068,46579.30285,48745.27143,-2165.968577,204788.6997,50529.69313,154259.0066,1.162095429,2.693383678,0.7111198145,95.65622253,71.92248592,96.3654161,72.84308914
1526,68024.74192,59684.47768,8340.264238,50937.27853,54459.16554,-3521.887014,118947.3223,46175.89034,72771.432,0.3661474711,2.543573624,0.7365713451,11.65797639,40.76971629,12.02003597,40.71515597
1527,748897.1325,52857.74255,696039.3899,883741.4653,50312.44917,833429.0161,314253.2545,56067.62738,258185.6271,1.116944912,2.261479384,0.614447844,3.053839493,14.50638914,3.362894414,15.57972552
1528,807114.5628,53837.88413,753276.6787,704896.9249,53521.75159,651375.1733,227942.9359,44306.74242,183636.1935,1.596019866,6.012834661,0.5550237493,74.82162511,28.06947646,75.22892998,29.61264922
1529,939289.7639,57638.46236,881651.3015,790296.1186,50872.29257,739423.8261,220341.9551,38430.61324,181911.3419,2.248098611,4.398935715,0.6699163747,45.81269981,82.10831455,46.57978527,84.22149397
1530,814060.6835,63270.84493,750789.8386,551856.1114,47374.25577,504481.8556,262113.2595,39237.01785,222876.2417,1.72721779,2.597164466,0.9679831709,24.53782313,72.84068058,24.56783533,74.56763761
1531,980529.9189,57237.02101,923292.8979,815606.8434,60948.52375,754658.3196,289867.1551,51853.98399,238013.1711,1.558357673,1.664941693,0.9013607916,79.07839665,85.9167858,79.92965344,87.22209822
1532,241944.5535,57215.72041,184728.8331,194547.2792,53050.29613,141496.9831,179457.1095,54127.92207,125329.1874,0.460868496,1.890427379,0.8904957189,48.09034325,70.38124464,48.54371791,70.46401655
1533,176532.9633,43147.64797,133385.3154,202913.4864,54984.5233,147928.9631,169754.6731,40779.04337,128975.6297,0.8797236079,2.170187013,0.9011157631,21.15091585,48.71503287,20.75389532,47.92999254
1534,150247.8525,44521.96637,105725.8861,165787.7338,52681.79778,113105.936,256619.0146,64308.98588,192310.0287,4.045707693,2.572343444,0.6007354844,74.20947316,50.22997493,76.92369995,53.23009554
1535,54325.63235,53730.45582,595.1765322,56709.40199,56493.69179,215.7101974,131031.8033,46055.99995,84975.80336,1.587659188,2.707698856,0.7212469525,84.02471442,20.18258053,85.40898628,20.96004634
1536,875708.7728,49283.51409,826425.2587,779249.6397,47393.89295,731855.7468,199252.9648,42945.12402,156307.8408,1.72064474,5.845634987,0.4917073389,86.13546251,42.94541021,87.44702133,44.05915695
1537,61853.64118,66865.00889,-5011.36771,55529.70634,64814.89795,-9285.191602,207728.4135,50572.70689,157155.7066,0.9291858662,2.004628381,0.5779901258,50.28658798,35.23105014,50.98741128,34.62094107
1538,50163.24292,56651.7178,-6488.474883,48896.20489,48849.35104,46.85385736,129989.7164,32679.08754,97310.62885,0.5434394387,3.367625696,0.7172163939,87.00031316,90.2586526,86.8277289,90.7739594
1539,1016072.752,68050.97354,948021.7784,912202.6301,54687.61554,857515.0145,300087.1358,48027.74765,252059.3881,0.4277118278,2.41625353,0.886687339,91.99273249,20.70002513,92.2981988,20.99940405
1540,69310.41993,64020.42595,5289.993973,57274.12038,61486.83869,-4212.718307,173969.268,52582.62108,121386.647,1.128828614,6.365736277,0.9406345667,94.11721983,2.567546951,94.63023218,3.573067892
1541,937001.0437,40511.13815,896489.9055,721515.4883,54037.84834,667477.6399,371482.985,54299.59113,317183.3939,0.03141748234,3.883781242,0.7890405548,29.3961254,24.20633385,29.41468333,24.23168462
1542,42503.96329,50338.68484,-7834.721542,51699.06434,43316.76463,8382.299702,136019.9959,36931.67032,99088.32558,1.923291859,4.160260165,0.8022107893,71.79035726,13.72760142,73.7126098,13.66438146
1543,63547.92794,56561.97074,6985.957207,67679.08077,61399.23653,6279.844233,223402.4946,55044.36283,168358.1318,0.3074564936,2.104394695,0.75202533,35.28369032,32.07011908,35.52604144,32.25931588
1544,648848.154,54251.78448,594596.3695,775962.4223,48622.64367,727339.7786,323694.9374,61288.65479,262406.2826,1.287023273,1.897381958,0.8809959134,88.85873559,34.0664927,89.80905069,33.19854678
1545,807772.9155,56898.90776,750874.0078,826760.6835,54282.44478,772478.2387,281909.7775,48688.35677,233221.4207,0.4044766312,4.052128065,0.8687710185,74.25505983,82.62032711,74.48196523,82.95516332
1546,46090.87446,38530.21378,7560.660682,70274.56819,57150.37293,13124.19526,111057.3724,53635.87607,57421.49632,0.6073562687,2.259029317,0.8036601053,70.04641692,33.88768152,70.28436599,34.44648549
1547,151731.2257,58966.75926,92764.46648,113112.7575,47306.80891,65805.94863,173759.018,50289.28964,123469.7283,0.4110370409,2.867764624,0.9538655395,71.13432524,61.84195137,71.39959398,62.15593218
1548,201703.5214,58644.01963,143059.5018,88272.80077,45707.63262,42565.16815,150447.6167,45509.45206,104938.1646,0.8595131659,3.128733568,0.6031186058,34.4257799,45.34313726,34.94803209,46.02579056
1549,197595.5548,52102.10739,145493.4474,164365.3119,64086.84656,100278.4654,200313.0509,52666.58448,147646.4664,0.7304526306,4.955461426,0.7859417436,8.861312254,0.221066641,9.177980316,0.8793085302
1550,896599.7341,63070.51192,833529.2222,775779.8152,60959.71855,714820.0967,326641.3033,34969.75273,291671.5506,0.8912360505,3.253378703,0.7135882232,27.37907162,72.07396941,28.0400418,72.67181565
1551,66873.14009,57480.77533,9392.364761,54150.34651,52313.27337,1837.073134,177056.5318,54577.64376,122478.888,0.3658680102,2.215308407,0.7917954074,99.62056684,66.73112754,99.45124999,67.05545948
1552,253947.3596,52785.47517,201161.8844,173274.7141,73699.07172,99575.64235,157971.4,48841.19765,109130.2024,1.65955646,1.942131146,0.4818572915,50.84905697,22.64690474,51.44342261,24.19637469
1553,65401.34752,65739.68868,-338.3411651,67879.04082,48994.8485,18884.19232,180844.262,60971.02917,119873.2328,0.4906242416,8.897374475,0.8688549569,71.9896736,29.65310106,72.4593055,29.79508001
1554,50671.60019,66433.10159,-15761.5014,69439.85933,64246.87603,5192.983305,137887.706,45348.20768,92539.49831,2.12216366,2.241943433,0.7946950424,42.37735684,94.48182017,42.59778476,96.59250492
1555,76438.22531,51470.92659,24967.29872,35483.43247,48214.20751,-12730.77503,179591.0047,52238.21933,127352.7854,1.261049125,2.994758688,0.9076319041,89.51353873,32.9719608,90.26448829,33.98503516
1556,209274.4782,63881.14126,145393.3369,150398.9245,48027.81528,102371.1093,189700.4004,54048.92497,135651.4754,1.143724118,1.674115824,0.7987208305,83.70823504,61.87664483,84.79372547,62.23694383
1557,36719.81301,41115.65454,-4395.841522,51602.64286,58265.02815,-6662.385283,99120.21122,54037.19683,45083.01438,1.142969114,5.842247333,0.7382033013,3.765705689,59.25201223,4.75161206,59.83025701
1558,953179.8197,52921.0993,900258.7204,693710.7026,50209.31094,643501.3917,283271.1833,43106.57183,240164.6115,1.146296751,3.769874105,0.6995959054,55.48669454,52.27671399,56.3259198,53.05754509
1559,758659.6621,68733.1754,689926.4867,933366.4687,51539.29073,881827.178,245590.3166,41749.87854,203840.4381,1.685939495,3.105381786,0.8318887739,67.08447584,59.7916179,67.22859467,61.47138626
1560,171629.9618,61112.43979,110517.522,172885.1773,51324.53603,121560.6412,151587.0348,51860.96297,99726.07181,0.659999147,1.087851792,0.7583050095,91.90067203,86.14285614,92.53434947,86.32738739
1561,31199.91275,45731.22315,-14531.31039,57554.07609,52808.8833,4745.192797,152463.521,51224.58562,101238.9354,1.133982226,3.001578414,0.8594949272,71.76358466,80.13291319,72.82606161,79.73660721
1562,626536.7868,46556.22601,579980.5608,680982.8263,61363.84319,619618.9831,277302.4732,46144.20955,231158.2637,0.3914762338,3.257167089,0.7039881824,35.50304077,24.86000849,35.77486192,25.14172982
1563,995660.6988,50765.8377,944894.8611,748853.9545,39391.65628,709462.2982,322201.3025,52538.66253,269662.64,0.4225895571,2.938963828,1,52.46764717,21.57445456,52.85995666,21.73153797
1564,55448.47803,62759.71513,-7311.237107,35416.39126,55817.37558,-20400.98432,163453.6662,62201.01559,101252.6506,1.386743099,2.629190157,0.7947455921,91.8383983,16.93941346,92.12769241,18.2956455
1565,818973.806,53065.26258,765908.5434,1040574.689,38088.60362,1002486.086,293921.9839,62502.26584,231419.718,0.5671540873,3.154553219,0.8365283778,51.47922269,14.04071058,51.80805284,14.50280851
1566,212577.6707,60385.79558,152191.8752,187973.1909,57619.94553,130353.2454,119374.1044,43988.04577,75386.0586,1.075071146,2.588532975,0.9968038175,47.73264521,5.218495162,48.26045033,6.155084574
1567,242531.5706,52694.43173,189837.1388,158528.816,53675.42776,104853.3883,171783.2701,42455.74051,129327.5296,0.8799367418,2.582437555,0.7457801356,11.77981649,89.87269918,12.36824138,90.52695052
1568,933649.694,71557.31758,862092.3764,566237.4435,55444.6404,510792.8031,267219.9963,42472.66241,224747.3339,1.374042012,1.359051343,0.6815111254,40.67136401,32.21080043,42.03031149,32.41390924
1569,202266.2103,47473.44857,154792.7618,75319.02231,36576.47526,38742.54705,163529.6434,50532.51167,112997.1317,0.3001855739,2.097861775,0.6467241734,82.29872106,51.8421513,82.58409931,51.93526754
1570,327498.8596,66218.41905,261280.4405,186808.2874,54690.67051,132117.6169,144317.1649,48113.31801,96203.84692,2.119320384,1.746044806,0.8358029117,56.22355626,85.29226681,57.75483176,86.75743377
1571,161298.0306,43616.17412,117681.8565,171191.7739,38622.23567,132569.5383,173723.0983,46329.36843,127393.7299,0.3975254924,3.572592676,0.8404082508,99.96500939,67.34911021,100.3622558,67.36400392
1572,910294.0471,46307.50875,863986.5383,940094.4785,69999.36688,870095.1117,218159.3753,41509.80157,176649.5737,0.730963781,3.152580456,0.887162412,77.70718184,15.26659713,78.21446878,15.79287463
1573,138600.4249,62577.9203,76022.5046,174380.4405,51018.78554,123361.655,188302.4562,54388.6014,133913.8548,0.2859587339,3.726342764,0.8438387525,93.4847844,53.4866403,93.76277058,53.55369311
1574,778741.6458,56886.65541,721854.9904,641689.5821,64218.57827,577471.0039,236092.0428,47180.17236,188911.8704,1.802757505,3.026654552,0.8411790519,56.20607599,53.9027619,57.69223143,54.92319153
1575,168108.6213,46441.7904,121666.8309,202526.808,55231.16872,147295.6393,219020.8219,64418.45744,154602.3644,2.395126791,2.764611121,0.6261235947,52.66739895,43.56577137,53.8924249,45.62391222
1576,345533.6261,52737.0044,292796.6217,194002.9339,52687.12363,141315.8103,240503.5913,56750.61055,183752.9807,0.2618476676,3.256959561,0.6047010171,62.10455053,14.28954458,62.27223708,14.49065505
1577,943850.8891,64752.87625,879098.0128,662884.258,46617.65201,616266.606,337915.5645,48614.45022,289301.1143,0.8013013665,1.876868651,0.7097625177,99.97795941,15.53076954,100.5050525,16.13430641
1578,46631.80625,51541.33516,-4909.528915,48621.97846,53062.1406,-4440.16213,192433.3945,45834.31254,146599.0819,1.164288235,3.685472084,0.9313560606,29.07292861,0.8906469206,30.2363581,0.9353561259
1579,601698.8515,55226.67835,546472.1732,930100.6657,50057.10159,880043.5641,224343.5233,51522.21258,172821.3107,1.45756585,4.399013121,0.7889555642,92.89978135,53.96563334,94.34838881,53.80428075
1580,1131300.72,48827.69348,1082473.026,929462.2983,59695.56136,869766.7369,280495.748,54338.99826,226156.7497,0.6857328556,2.496277156,0.8488035268,0.04400164447,76.57822175,0.265167189,77.22730985
1581,829463.9246,54592.17108,774871.7535,637230.8535,39976.30821,597254.5452,229362.7452,46278.41317,183084.332,0.5508817563,4.71851123,0.8860585752,0.9310731578,5.416347822,1.193105792,5.900919394
1582,28527.86276,52505.51373,-23977.65098,93769.45282,60052.8272,33716.62562,72750.36925,49852.4954,22897.87385,0.5876182633,2.643652769,0.7463019869,92.2676013,27.67642849,92.57359247,28.17809036
1583,903358.4346,59433.79765,843924.6369,924280.6521,44898.20405,879382.448,275625.1857,42237.51978,233387.6659,2.154899636,2.534557538,0.6868214278,66.86746029,66.89025942,67.62037031,68.90934807
1584,764719.2903,60408.4521,704310.8382,747614.6365,54487.25719,693127.3794,230732.0521,50236.73108,180495.321,1.228986009,2.850530446,0.6700165526,63.6675165,99.73766312,64.45793562,100.6787498
1585,67470.78053,53286.08346,14184.69707,54906.85364,53660.38842,1246.465222,157166.1502,49880.88033,107285.2699,1.315652537,3.349360634,0.6411164325,40.87816336,28.75409316,39.82039413,27.97174678
1586,894052.6946,57124.72662,836927.968,928700.4123,47719.25984,880981.1525,367158.405,47842.56216,319315.8428,0.370175288,2.283659959,0.8699485233,28.67899393,72.65232122,28.34431014,72.49415515
1587,47889.97794,56084.53721,-8194.559264,53035.3794,56911.00332,-3875.623917,74435.21842,50910.58188,23524.63654,2.451955991,4.65503834,0.7654643138,18.09628837,57.88601072,16.4523658,56.06677826
1588,137954.4358,61409.92783,76544.50801,288076.8029,53546.03451,234530.7684,225180.6682,44907.89989,180272.7683,2.015009524,2.324995885,0.4928780672,28.71941821,1.303899693,26.73961008,1.678897202
1589,800506.82,51002.27584,749504.5442,758576.5861,52959.25925,705617.3269,296988.3356,52253.59284,244734.7427,0.8635961884,4.872805871,0.8261587588,43.58710701,89.99214325,44.36472884,89.6165069
1590,911537.0481,59539.57671,851997.4714,674966.4129,47185.6074,627780.8055,248506.0475,47153.22808,201352.8194,1.583401584,9.302315498,0.8910172856,40.71306705,78.53592708,40.64217077,80.11774069
1591,320225.1899,59089.81686,261135.373,232135.246,60837.62213,171297.6239,164756.5348,42211.09573,122545.4391,0.7428449102,1.597912949,0.7425959052,7.478396186,88.29114465,8.210342556,88.16436503
1592,227554.2101,68719.21549,158834.9946,144884.2798,51474.04884,93410.23099,154985.8013,40513.66734,114472.134,1.745459886,4.254593186,0.8174903107,78.2787679,40.55265342,79.96114156,41.01767934
1593,949302.7933,50761.11553,898541.6778,672440.0956,47142.53358,625297.562,285586.846,56381.49752,229205.3485,1.039834398,4.181518282,0.887473431,27.01106674,7.48085661,27.89047531,8.035740515
1594,877876.8611,59641.91541,818234.9456,647962.501,57272.58275,590689.9183,268611.138,57702.37389,210908.7641,0.6300320251,2.813207812,0.8517181558,40.87548836,12.64192551,41.3815985,13.01714928
1595,32514.47226,57410.66216,-24896.1899,43180.91024,60517.33338,-17336.42314,174030.8386,74977.95923,99052.87938,0.9847083932,1.855206304,0.8145959,50.0859475,21.46855493,50.72021498,22.2217849
1596,908590.1562,51263.13497,857327.0212,648648.6614,37011.47614,611637.1852,287674.2145,56779.57735,230894.6371,0.6094370862,3.774679149,1,69.51613244,50.53748052,70.02328201,50.87543448
1597,69032.99775,68165.53046,867.4672885,66775.79604,60350.2018,6425.594236,134295.1686,50021.05541,84274.11318,1.0813799,2.087902143,0.9556921811,6.196740795,33.46686088,6.60273289,34.46913475
1598,969719.977,44140.46568,925579.5113,591528.67,55812.26816,535716.4019,257648.4222,48602.34305,209046.0792,0.4347899647,2.803360631,0.8832066482,40.72334068,39.74402646,41.14952907,39.65796965
1599,56132.79194,56754.97155,-622.1796101,84825.77172,71954.44504,12871.32668,132725.3913,60749.83234,71975.55893,1.307319845,3.08533465,0.6347170857,30.20179793,3.597868542,30.56165176,4.854686109
1600,906846.3827,54910.97025,851935.4125,791436.6179,53238.16801,738198.4499,317630.9573,62411.30932,255219.6479,3.143815916,4.180278554,0.7796644122,29.70874941,79.30366224,29.48047669,82.43917975
1601,177292.9814,42486.52587,134806.4555,160821.8659,55912.45544,104909.4104,240159.2089,56934.44699,183224.7619,0.3613084714,3.829187809,0.7855994825,32.65246595,98.18694876,32.89212431,98.45733308
1602,792515.9855,57860.21822,734655.7672,669658.0392,48889.5705,620768.4687,259199.9381,56786.94832,202412.9898,1.81649161,3.082693784,0.885433659,21.56744009,66.6973841,23.1175656,67.64435437
1603,898480.0615,60480.31373,837999.7478,866405.9811,63445.85984,802960.1213,336331.2374,44551.61545,291779.6219,1.412696787,1.932149329,0.80433502,66.01814717,21.90118953,65.7563675,23.28941992
1604,857018.4718,47164.04839,809854.4234,765028.1079,45369.35295,719658.755,345530.1491,45651.72578,299878.4234,0.6444812809,5.383402994,0.9208729313,7.54437248,3.610048214,8.112619164,3.914107136
1605,201665.6616,60026.11536,141639.5462,148338.2705,56746.72457,91591.54598,205584.0677,51920.56953,153663.4982,0.8254484927,3.601064222,0.8713656681,75.49379691,92.69298093,76.06999561,93.28404799
1606,866696.5317,51583.59827,815112.9335,574351.6608,49695.96066,524655.7001,315833.7722,51191.79113,264641.9811,0.1052436608,3.005879139,0.8575185569,1.339237574,70.3965628,1.292104662,70.4906623
1607,63590.70929,68287.20409,-4696.494801,51073.643,51925.37034,-851.7273436,99379.00277,54323.19098,45055.81179,1.682761597,3.723077404,0.5707619652,80.14939673,18.11497745,81.53919417,19.06373964
1608,188102.2779,55535.36134,132566.9165,100615.7537,56286.79889,44328.95482,141594.3969,47719.95001,93874.44685,0.1228272871,1.90151569,0.6237669947,19.24289008,61.46905503,19.29977058,61.57791802
1609,49852.13139,48294.02931,1558.102084,38632.45577,36783.69511,1848.76066,110621.306,53156.49941,57464.80654,0.3812079861,2.560209617,0.8542527056,53.78395531,76.23206215,54.15655589,76.31261232
1610,54460.89806,54438.73048,22.16757387,71255.93353,56041.49283,15214.4407,141166.3874,43625.64423,97540.74314,1.844113306,6.559135465,0.8453871745,81.77023103,72.69773552,82.36215392,74.44426957
1611,1044600.148,49162.80653,995437.3418,843486.8799,55429.1769,788057.703,285843.6038,41809.85048,244033.7533,1.03985442,2.880223824,0.8803072429,22.40103391,15.91055125,22.79401714,16.87328766
1612,52532.50951,48069.0099,4463.499609,75606.57866,56942.89965,18663.67901,129694.5232,49791.54625,79902.97697,0.4900662035,3.414715948,0.7548218503,96.3528742,72.95455241,96.84256764,72.97366311
1613,226921.5998,62211.50663,164710.0932,180328.0505,50631.96436,129696.0862,190398.6303,52608.10455,137790.5258,0.1364089139,3.365423219,0.7501438564,3.01411506,56.58330584,3.143628298,56.62612772
1614,148628.1148,58270.84638,90357.26841,141652.3312,39596.61521,102055.716,213084.5736,48855.29773,164229.2759,1.110162483,1.580021462,0.8798623009,21.17396867,9.948959764,20.17743068,10.43821714
1615,895813.495,49032.85345,846780.6416,704848.2769,49763.45034,655084.8265,269893.9227,48466.89899,221427.0237,0.804120948,2.003148032,0.7176804569,69.78506986,49.75253977,70.43298876,50.22878717
1616,225698.1786,48423.14653,177275.032,175578.109,58802.70981,116775.3992,179622.354,43458.5532,136163.8008,0.6416916635,2.391228789,0.6779812184,54.78898753,56.85638867,55.16635261,57.37539136
1617,218815.3546,52451.79513,166363.5595,149112.8597,47538.02173,101574.838,222298.2023,42467.84084,179830.3615,1.025081925,2.583787883,0.9807676263,80.1712615,8.219050637,81.12352131,7.839584946
1618,201663.2862,43713.67182,157949.6144,124710.8614,47042.27911,77668.58228,243888.5695,45066.39927,198822.1702,0.8266387723,1.451993588,0.6743813069,71.76081981,75.95825814,72.28822383,76.59479302
1619,826081.5304,62427.73782,763653.7926,732699.809,42947.47672,689752.3323,212725.8774,49299.61279,163426.2646,0.8951331095,3.04535583,0.7795318713,17.85677016,5.941400135,17.6815618,6.819218633
1620,1050605.713,46058.49543,1004547.217,862265.7513,62552.51113,799713.2402,264072.119,48382.81006,215689.3089,1.269589818,3.571473768,0.7949075069,25.31712659,11.85031527,26.32266594,12.62539521
1621,50564.66103,55705.73069,-5141.069663,41061.59632,38970.61183,2090.984485,134778.9707,52057.51878,82721.4519,0.1381568055,1.378421646,0.7814081146,14.97984718,54.28635466,14.96196768,54.42334965
1622,930491.23,57989.11355,872502.1165,818578.8261,57041.55918,761537.2669,268757.7291,45196.33667,223561.3924,1.884918992,1.640927866,0.8690096088,97.91099955,21.89733551,99.67327505,22.56614391
1623,219659.2109,49926.31631,169732.8946,178921.7477,48544.10554,130377.6421,258988.5209,47923.17037,211065.3505,0.1394769205,3.923795247,0.9276722014,73.99495929,83.41397283,74.11981932,83.47613217
1624,1046870.025,57136.76362,989733.2609,845586.5818,54495.53529,791091.0465,281671.1482,53195.99215,228475.156,0.5648439941,3.70093114,0.67860202,2.655080708,18.71877044,3.200118996,18.86703373
1625,229687.8067,66660.54299,163027.2637,159288.5723,37655.57779,121632.9945,204258.5247,48862.66319,155395.8615,0.3837191391,2.682611681,0.9900170556,12.10632993,22.22228511,12.19438938,22.59576324
1626,804967.1158,49454.91862,755512.1971,817967.1092,48145.07986,769822.0294,253658.402,56350.87013,197307.5318,1.019119318,2.22864175,0.8188791532,52.73723899,33.78624477,53.48503619,34.47863449
1627,844607.3879,60366.5775,784240.8104,914577.8912,53774.59304,860803.2982,224153.0859,54512.24246,169640.8434,0.4838686352,3.3836776,0.6977387964,91.24495895,32.18539162,91.66838262,31.95120954
1628,230044.1065,53686.72548,176357.381,174499.7327,42359.83007,132139.9026,234352.6436,48618.04772,185734.5959,0.5210266524,9.465832226,0.7626011549,75.6827528,48.32864298,75.17580118,48.44892942
1629,1161500.465,57730.82725,1103769.638,758372.2642,52663.47075,705708.7934,254147.0085,43851.11166,210295.8968,1.06640523,3.573663187,0.6978345464,60.16091654,14.37936943,61.01448396,15.01862117
1630,258953.9452,54878.07625,204075.8689,136690.9601,58646.90763,78044.05248,204590.7289,40970.71093,163620.018,0.156764364,3.028342621,0.8413430109,18.12100854,55.86218023,18.19166259,56.00211975
1631,877747.7023,52401.89837,825345.8039,869754.327,50490.09641,819264.2306,329689.8373,61760.0338,267929.8035,0.8590351863,5.447602971,0.7622332508,72.07504955,83.21195828,72.89778563,83.45903475
1632,65252.528,59827.33024,5425.197755,39793.65907,50476.66842,-10683.00935,154839.2801,45408.18415,109431.096,0.1465627711,6.176791174,0.7458626236,45.82292823,23.59321634,45.92735891,23.69605057
1633,193638.9176,61998.25867,131640.659,192884.627,45621.1416,147263.4854,183801.0946,63227.28717,120573.8074,1.778606385,1.835847243,0.7286242117,99.49497353,98.46399866,100.7298189,99.74407588
1634,887023.2162,52959.57045,834063.6457,619242.2367,54989.73126,564252.5054,239529.639,53009.57472,186520.0642,2.214732527,1.933968487,0.7652326543,20.20795754,33.21214178,19.20835334,35.18845947
1635,316446.4374,61454.15801,254992.2794,191103.2408,64749.32702,126353.9138,230327.7202,42880.7664,187446.9538,0.7528091502,2.724957874,0.681221403,2.307359075,2.291825262,2.992697898,2.603325364
1636,791172.2864,57192.70771,733979.5787,789139.108,40395.27831,748743.8297,335287.4179,53050.34967,282237.0682,0.7047772881,2.462848721,0.8052877833,22.54873374,85.20475623,22.7420761,85.88249494
1637,60525.38134,54119.5571,6405.82424,55369.15331,59265.50279,-3896.349484,124674.0107,52407.4777,72266.53299,0.8846880233,3.402798674,0.621699468,78.81351599,0.1451208142,79.62136305,0.5057536217
1638,839185.1364,51424.12919,787761.0072,534025.6449,57858.45461,476167.1903,217811.1895,50187.67111,167623.5184,0.2140473561,2.076518043,0.8295968204,46.93508554,74.20144018,47.08167335,74.35741545
1639,256000.4307,48879.67673,207120.754,208448.5874,53878.31116,154570.2763,242214.9086,46602.00471,195612.9039,0.811586038,1.321281419,0.8396693995,51.93786139,78.77478576,52.63634437,79.18805738
1640,972746.0175,51124.98185,921621.0357,658712.714,65247.54713,593465.1669,259159.6719,39921.30943,219238.3625,0.9546862341,1.652807412,0.6478928723,8.631714353,69.54714695,8.522977988,70.49562057
1641,56673.38879,58965.13692,-2291.748129,61487.18319,57849.74768,3637.43551,131018.6908,50394.88667,80623.80411,0.758940622,2.601783656,0.6877925009,66.77082911,66.71137001,67.22044723,67.32279
1642,203056.4176,49476.17518,153580.2424,151302.3749,59981.25743,91321.11749,137313.4196,55741.30812,81572.1115,1.012908708,1.922739218,0.877474765,38.92321347,45.51555726,39.82422775,45.97832861
1643,134649.6946,43660.85011,90988.84451,138349.0491,52204.9587,86144.09039,232625.3035,41574.20696,191051.0965,3.855506385,1.672063764,0.7989371833,66.69336964,31.62424594,67.12133635,35.45592624
1644,196937.2202,64383.56993,132553.6502,147209.1771,55974.49966,91234.67743,220726.9617,54138.56588,166588.3958,0.6777708641,3.288144579,0.7882136891,85.13385513,61.72986871,85.45576542,62.3263141
1645,947236.6163,56593.81058,890642.8057,571968.6876,46649.23916,525319.4484,273161.8507,49164.71436,223997.1363,1.348913056,2.490428638,0.8075765559,24.20520381,9.960823456,24.70669456,11.21305086
1646,228164.015,55113.839,173050.176,85174.55616,43006.86094,42167.69521,241518.9917,40919.16719,200599.8245,0.6822382067,1.823440103,0.8463773256,49.46476379,9.05053791,49.79627905,9.646815198
1647,834202.48,59284.86805,774917.6119,722121.0747,44556.36959,677564.7051,366891.0272,47796.88717,319094.14,2.039007658,1.647231119,0.8014452625,24.98533493,89.40480837,25.4905503,91.38023482
1648,957798.1513,57789.50522,900008.6461,712760.7694,50283.8993,662476.8701,263997.2688,55792.69026,208204.5786,1.701881019,2.029735709,0.8243732941,21.45894822,97.83862833,21.97424697,99.46062284
1649,829715.7293,62113.9905,767601.7388,803864.2776,43879.49619,759984.7814,290786.04,60000.9699,230785.0701,1.196296252,4.277380453,0.6952517658,69.30572509,3.378406701,70.05812706,4.308469062
1650,175121.6917,63042.22878,112079.4629,143360.2691,49644.67419,93715.59496,272086.0302,56849.80511,215236.2251,0.6192303424,3.390655779,0.8769114857,4.134333055,52.25002949,3.990489061,51.64773793
1651,70789.71964,66994.78989,3794.929749,63107.27308,60954.33169,2152.941393,92168.81268,54167.15389,38001.65879,2.591210456,3.040133646,1,20.4634746,23.53812594,22.36113736,21.77368618
1652,43451.99618,49604.50262,-6152.506437,35016.99486,38786.56323,-3769.568369,34767.32597,44328.89819,-9561.572226,1.742096128,2.929052206,0.6600802826,54.19049571,85.78990268,52.60014789,86.50102343
1653,51545.46129,50650.92865,894.5326366,30814.78542,45135.69304,-14320.90761,176549.3683,54337.2704,122212.0979,0.4112664293,4.239150444,0.7949841801,75.21637518,87.58180412,74.99442793,87.92804029
1654,198547.4322,48604.22862,149943.2036,172106.6138,49027.40433,123079.2095,231645.8977,62981.30808,168664.5896,1.545639117,1.761032675,0.8881163056,0.003991303899,14.14573699,1.549621755,14.15091271
1655,266159.1467,47124.00086,219035.1458,152368.166,59749.11177,92619.05426,222801.9217,42468.1912,180333.7305,1.625896346,3.732603811,0.6343527473,75.13356735,10.49995555,75.54078136,12.07403169
1656,64698.55237,56275.50745,8423.044925,67830.02659,64365.02066,3465.005927,200564.889,46997.73734,153567.1517,1.370329823,3.401119812,0.6359261572,91.36204897,37.26567997,92.10597619,36.11486456
1657,911090.0376,41517.36453,869572.6731,772153.8793,43887.51435,728266.365,253674.7296,45957.06857,207717.661,2.397938328,2.42508242,0.8299312615,65.7839978,62.82793681,65.74852769,65.22561278
1658,163611.0572,40191.21239,123419.8449,163654.077,48937.87821,114716.1988,222358.3834,46620.09063,175738.2928,1.813720148,2.520676762,1,12.69677743,48.51731705,14.09257865,47.35916346
1659,46029.34539,50255.58948,-4226.244092,60840.73291,50312.84397,10527.88895,197891.3812,55312.76829,142578.6129,0.5459819533,3.404374148,0.9162312903,3.517074379,33.2057832,3.40020876,33.73911116
1660,213919.5016,67681.10165,146238.4,195620.5206,56226.24559,139394.275,219165.6282,51921.19931,167244.4289,0.7963183536,1.603627234,0.7870305046,87.68236467,28.53830922,88.118221,29.20475665
1661,60389.05924,64199.39943,-3810.340195,54960.99519,47735.62861,7225.366581,159069.8005,50507.35934,108562.4411,0.1406044881,2.55815076,0.9411920389,32.98536469,38.57274859,33.12450556,38.59298327
1662,821500.9358,57378.67489,764122.261,729538.7437,59620.27801,669918.4657,272840.7955,58116.33856,214724.457,0.1917157123,4.706602963,0.6875788429,87.72599563,93.4422078,87.84098351,93.59561152
1663,252373.6851,46403.03367,205970.6514,170088.9952,48364.4737,121724.5216,230414.8558,57804.3725,172610.4833,0.83718928,2.0205377,0.9546278996,17.53539671,73.93106909,18.31641761,73.62958568
1664,158542.1004,50529.05251,108013.0479,191222.9628,48326.03398,142896.9289,261175.1816,60924.85915,200250.3224,0.8285795194,1.529477583,0.8441441579,75.01935946,47.27157057,75.74533103,47.67095672
1665,853202.8459,49486.16646,803716.6795,681718.7652,47726.80316,633991.962,227452.541,57060.13537,170392.4057,1.332769124,2.820733026,0.9331650109,76.04115502,34.96993023,77.36692398,35.10634949
1666,202999.1419,54386.33855,148612.8034,169714.9671,48044.9151,121670.052,213887.6435,46455.08722,167432.5563,1.94287034,1.509441388,0.8604935111,7.080799172,30.81380026,7.57746423,32.69211573
1667,889549.9789,57500.19901,832049.7799,1055533.054,56163.75718,999369.2965,300983.8395,60953.88476,240029.9548,1.852637874,2.500877137,0.6557851583,34.79435363,79.30041385,36.62692828,79.02849986
1668,40564.45382,42028.90871,-1464.454891,61148.93453,57216.85891,3932.075624,183295.6976,54125.69449,129170.0031,1.951865104,4.20080943,0.7851809091,84.62085296,52.65941492,86.21693922,53.78292995
1669,57072.171,65941.41566,-8869.244661,43051.67908,45437.84036,-2386.161274,149339.8224,59514.95033,89824.87206,2.611139021,6.129227179,0.9490389925,80.0047905,51.23339155,82.5017072,51.99723312
1670,185800.2139,46293.96788,139506.246,122634.2374,58986.10703,63648.13041,199630.6199,49103.62412,150526.9958,0.598789984,2.66931284,0.8952885706,60.84283583,48.83717089,61.27381587,49.25286988
1671,856910.754,61288.04108,795622.7129,811425.1959,57153.5412,754271.6547,223447.6598,38471.84789,184975.8119,1.824583052,3.374406346,0.7636107929,90.55495699,45.33157709,90.77381204,47.14298698
1672,60872.44218,53808.20615,7064.236032,43153.90467,45965.31808,-2811.413406,85026.3396,35570.72906,49455.61054,0.6810749827,3.95706764,0.7343899173,80.52891958,76.59086718,80.48186839,77.27031498
1673,896428.4738,57522.97,838905.5038,886108.7903,60878.57198,825230.2183,265372.4129,44855.88436,220516.5286,1.194779953,1.837475982,0.8186460895,60.39567043,54.59625801,59.21472699,54.77756362
1674,89804.00469,53954.41484,35849.58985,150915.6233,48526.52628,102389.097,238855.8841,44463.46711,194392.4169,0.6548832525,1.52155694,0.8173060861,63.90674922,32.23580442,64.55182041,32.12286536
1675,183019.002,60322.87479,122696.1272,125181.4419,42026.95618,83154.48567,249692.2861,44924.16329,204768.1228,0.9569079985,2.177299324,0.6093943542,25.51244899,56.49364869,25.89460283,57.37093505
1676,192117.0963,43895.45169,148221.6446,140697.2444,51018.32672,89678.91772,225706.3163,42872.25519,182834.0611,0.4745759745,2.318982335,0.7886509723,66.01363533,94.20701923,66.37562008,94.51392213
1677,255507.9624,55383.07521,200124.8872,200442.3416,62456.96173,137985.3799,225050.7048,63139.51089,161911.1939,0.7469267311,2.957508258,0.9481851674,22.77973273,51.83696339,22.79007401,52.58381853
1678,36711.08844,44246.15524,-7535.066804,43955.71681,48418.53515,-4462.818343,145133.8316,41429.39212,103704.4395,2.140850613,2.300640594,0.4432480665,35.65001235,59.7743344,37.00232839,61.43399782
1679,752474.3907,65939.33897,686535.0517,564122.0441,56688.52498,507433.5191,325185.715,63135.83945,262049.8755,1.482935978,2.746793485,0.790599671,99.87807574,68.82880467,101.2380365,69.42007952
1680,188138.2471,46158.04943,141980.1976,201229.279,50685.89199,150543.387,282105.3076,40294.68456,241810.6231,0.6233778776,2.304506292,0.737428388,57.61601963,11.08940245,58.23874481,11.11792127
1681,200648.684,53279.84276,147368.8412,147701.5217,51588.8948,96112.62693,282221.3933,58504.71857,223716.6748,0.5224455576,0.7883694628,0.7794875433,54.22036801,43.38561589,54.71268509,43.21076381
1682,53530.81284,57268.72698,-3737.914134,69724.87324,55654.54688,14070.32636,159791.1244,48367.44217,111423.6822,0.8657602624,1.781395622,1,4.729222499,24.40952031,5.423806726,24.92633129
1683,57949.28554,56174.99559,1774.289954,46710.77324,55063.37291,-8352.599665,113590.9818,48677.4085,64913.57328,2.330465073,6.947547458,0.8580654796,83.67922164,30.28788145,85.88030306,31.05358899
1684,36381.64988,52854.74925,-16473.09937,44990.9162,45239.57712,-248.6609152,178855.3754,51103.44484,127751.9306,0.4439902398,3.347773662,0.8425488243,29.42399128,20.83333733,29.86180443,20.90714095
1685,626093.9838,61816.39324,564277.5906,833860.4491,53107.41251,780753.0366,397799.3907,49829.74084,347969.6499,0.9940162793,1.285847732,0.9639054713,4.865241385,52.71495049,5.79127147,53.07624904
1686,253134.6364,53711.9053,199422.7311,206209.9383,57530.88726,148679.051,225582.8864,63781.92347,161800.963,1.247698026,3.088704984,0.8822373077,17.38589305,62.06975706,17.70299297,63.27648735
1687,53514.82845,59251.32144,-5736.492996,46225.7306,55394.70222,-9168.971623,290462.1502,55000.50771,235461.6425,2.377800308,3.107890606,0.9486734276,11.4040563,36.88980569,13.47950441,38.05017177
1688,40561.01319,40361.5035,199.5096957,53090.64068,60525.20315,-7434.562477,125867.8296,54718.75337,71149.0762,0.5046773229,3.301513891,0.5813743207,22.49077279,4.990991166,22.90271608,5.28254205
1689,41781.31454,46000.89057,-4219.576036,71158.17941,59580.6972,11577.48221,100407.1632,53772.24861,46634.91463,0.8630172843,2.0040025,0.7223480544,53.3458202,50.67722007,54.10942384,51.0793498
1690,665796.0177,50736.56392,615059.4538,699354.7874,55054.15131,644300.6361,207477.2107,45788.07368,161689.1371,1.745455712,1.875086758,0.7258330577,82.11502584,59.59206325,82.51458489,61.29117132
1691,734893.8071,53774.26154,681119.5456,652955.1073,54662.69582,598292.4115,411822.8476,61389.95588,350432.8917,2.146502308,5.937171493,0.8298980837,87.73773591,19.22885084,89.13159596,20.86121916
1692,48471.14993,55535.07782,-7063.927887,67504.88244,57912.22718,9592.655266,165601.3475,57343.64051,108257.7069,0.342711984,3.523367855,0.9586202511,15.0258908,42.47315044,15.3012458,42.67718751
1693,262989.4336,53325.45735,209663.9762,209653.7796,56838.03767,152815.742,160054.5849,42802.87127,117251.7136,1.397995975,1.894315308,0.5639033814,9.29456441,89.9286269,9.326640638,91.32625485
1694,168020.5287,44794.34612,123226.1825,161731.0857,56443.9162,105287.1695,149205.967,37718.63614,111487.3308,1.152348392,4.006553816,0.7776119044,85.34060821,12.88237386,85.40885342,14.03269964
1695,936809.635,38447.54749,898362.0875,785446.6533,62905.18984,722541.4635,233231.8739,46969.68078,186262.1931,1.393662899,2.487920752,0.7459168957,32.76360707,0.8637028788,33.23840728,2.17399332
1696,241495.4996,46641.36463,194854.135,146639.5558,52405.12306,94234.43274,194460.2528,65109.99903,129350.2538,1.708198155,1.641262914,0.5270405495,33.01955679,13.82082916,34.3239864,14.92373638
1697,259855.632,49941.74739,209913.8846,158213.685,56501.68653,101711.9984,239034.4761,55152.3492,183882.1269,2.066127662,1.991477427,0.8940025539,54.57779874,35.56362149,56.62081552,35.871787
1698,48197.36388,46314.93272,1882.431164,43684.48011,58083.92158,-14399.44147,188031.998,41949.26988,146082.7281,0.4822697913,2.183883987,0.7666043989,68.99738942,12.33875475,69.11323555,12.80690412
1699,167689.626,50493.03234,117196.5937,185733.9231,56361.11112,129372.812,252202.1934,59163.87996,193038.3134,0.6245504046,2.900790297,0.7743584079,81.33486617,42.06885689,81.7774255,42.50954323
1700,77253.02619,71555.77419,5697.251995,53494.35785,58315.89083,-4821.532982,154555.1274,55317.50324,99237.62421,0.797768133,3.709447956,0.7043514935,27.71809716,76.53127339,27.11533697,76.00867014
1701,969482.1874,63215.15865,906267.0287,872534.9199,50746.51083,821788.409,280441.754,58076.45054,222365.3034,0.1868967423,0.8669684882,0.9030683439,42.189378,90.20441478,42.37345019,90.23678481
1702,210826.7159,44238.85647,166587.8595,147101.5171,51339.47406,95762.04308,189757.1034,60789.80583,128967.2976,2.227494745,2.303683948,0.7829251623,49.21403891,55.58919443,50.77918342,57.17414097
1703,33729.37536,39817.55208,-6088.176722,44761.76765,52766.38909,-8004.621439,116607.7586,46345.85065,70261.908,0.140188285,2.39967041,0.6365589339,2.153407833,49.84437849,2.290394301,49.81458818
1704,39319.48183,39824.65864,-505.1768106,61269.80714,62664.00204,-1394.194905,190217.3308,52735.16423,137482.1665,0.5410687929,3.484542386,0.7173071911,18.24791908,29.52001468,18.36559419,30.0481321
1705,239025.9637,63322.55406,175703.4096,192083.3568,57169.48278,134913.874,195529.1977,44219.76573,151309.4319,0.8436373545,2.432609691,0.9392016616,58.67666698,53.36474259,59.29641161,52.79234362
1706,70964.01685,71653.34711,-689.3302599,71852.29909,57769.50028,14082.79881,106800.9006,47930.74927,58870.1513,2.302681681,2.503841968,0.8759490214,45.34466481,68.88436693,45.69557763,71.1601532
1707,155903.2149,61833.43607,94069.77887,193198.6735,50406.63949,142792.034,222750.2144,46683.92841,176066.286,1.083477704,3.346915498,0.7688701887,94.20284872,83.15269335,95.27701277,83.01093462
1708,177651.3279,51582.9903,126068.3376,168032.4231,51500.78406,116531.6391,237635.7967,38588.78489,199047.0119,0.4404438901,3.338483822,0.9502581391,44.14997664,60.30924017,44.56721879,60.45030685
1709,51600.40824,53349.20518,-1748.796942,39759.20198,56372.28489,-16613.08292,100992.9099,56241.79094,44751.11896,0.5791418267,7.53956652,0.9176468325,97.82120137,88.69943742,98.31281721,89.0055732
1710,889438.1558,38624.73448,850813.4214,787683.7523,54672.41481,733011.3375,318270.4897,48723.13194,269547.3577,1.980033988,1.242479882,0.8047958033,88.59181204,32.84039913,89.44364154,34.62783336
1711,319279.6794,56094.07733,263185.6021,155795.6194,57145.57515,98650.0442,168744.73,41182.83171,127561.8983,1.508168845,3.734837305,0.7422353585,84.2877498,80.91132202,85.53245149,81.76296218
1712,61140.58483,59792.64612,1347.938711,77423.77047,70727.78806,6695.982413,209646.605,59005.6108,150640.9942,2.244869996,3.166933655,0.7812572004,67.47181353,23.12352306,67.75639069,25.3502824
1713,173651.7639,58953.17139,114698.5925,153797.68,51946.76153,101850.9184,290541.7737,51153.87583,239387.8978,1.070331028,3.020511962,0.9457907458,45.25028115,96.36463988,46.16447025,96.9212967
1714,34876.40774,47474.81717,-12598.40943,60204.74811,49789.88033,10414.86779,124286.7871,54556.63097,69730.15609,0.08952204047,4.451616203,0.8464714008,49.82065047,52.29691418,49.82532078,52.20751405
1715,729696.8562,61682.75291,668014.1033,798970.5876,51022.00765,747948.58,254437.3658,55247.36119,199190.0047,1.78699307,1.681274997,0.830983978,49.76570788,97.5181583,49.07242651,95.8711291
1716,706082.4839,39606.7449,666475.739,663957.8233,42839.4401,621118.3832,336407.921,55927.36601,280480.555,0.8977305321,1.796786189,0.8445634653,0.5701151119,59.25172834,1.463462483,59.16312482
1717,168706.2398,43817.11252,124889.1273,197100.5879,54153.23706,142947.3509,249054.0266,43999.77292,205054.2536,1.343277621,2.442182008,0.7456000472,64.60267847,15.30932319,65.21450306,16.50517662
1718,208890.1902,59426.80373,149463.3864,179563.1163,53930.24485,125632.8714,186784.1305,55646.76441,131137.3661,0.7842084708,2.489696212,0.6322956806,98.85233622,71.91399076,99.25937661,72.58428999
1719,73380.81255,62332.54285,11048.26969,43136.10613,57686.07427,-14549.96814,127329.0156,52654.16306,74674.85254,3.162842162,2.905491121,0.9167598103,14.49820195,14.48681075,16.05462828,17.24019188
1720,118562.8823,48355.01998,70207.86232,179922.7701,48472.32565,131450.4445,184100.1246,41876.11517,142224.0094,2.380542497,4.098059057,1,74.54304828,73.92640831,76.90624126,73.63952583
1721,175574.5714,52986.41396,122588.1574,177876.5679,64907.79328,112968.7746,242300.277,51354.15596,190946.121,0.3316357739,2.296626486,1,69.56519428,78.91944495,69.59854872,79.24939914
1722,35212.17311,47558.33863,-12346.16552,49370.92347,49493.15387,-122.2303988,84036.51638,54045.1281,29991.38828,2.124787253,2.820670433,0.8252098344,0.5318569057,69.90843543,-0.6551831128,71.67072283
1723,841797.3257,48180.67507,793616.6506,514452.6009,43933.76808,470518.8328,322007.9094,51444.32776,270563.5816,0.7090137084,5.681419762,1,58.51626787,74.55014833,58.80015735,75.1998461
1724,625339.7735,50240.28549,575099.4881,809631.6185,47912.02343,761719.5951,260176.5431,46606.56006,213569.983,0.118028492,8.258767985,0.8378690296,91.84806635,89.61574413,91.96560446,89.62649204
1725,134695.8573,43668.20559,91027.65169,177763.6297,55555.7958,122207.8339,158570.3189,65019.01024,93551.30867,1.097018014,2.139176367,0.7496292064,46.3992701,41.2382661,47.3968832,41.69457369
1726,43775.4948,54422.71597,-10647.22116,72186.86362,52587.22144,19599.64217,205483.6839,54615.12729,150868.5567,0.4918075304,0.8502648656,0.722047392,52.52852025,88.03862831,52.6699714,88.50965508
1727,800647.2571,53003.26327,747643.9938,667249.0373,52898.43749,614350.5998,338220.0011,59610.40859,278609.5925,0.3841308483,3.284494003,1,0.3496051106,34.31928363,0.395603571,34.70065045
1728,254436.3004,58154.41507,196281.8854,146955.1836,40930.93525,106024.2483,212390.3398,56167.33381,156223.006,1.33975841,1.331943196,0.7717557942,77.99251638,39.81074161,78.21241857,41.1323299
1729,234001.8002,55827.88973,178173.9105,137704.3774,61354.19811,76350.17932,192818.8276,46720.00196,146098.8257,0.9105439809,1.442728747,0.9320303673,94.65009826,94.5790145,94.54686267,95.48368723
1730,45932.38573,52908.87873,-6976.492998,36754.05523,49569.57263,-12815.5174,140167.4918,42736.43603,97431.05576,0.4569010323,2.801844528,0.7944309325,12.43564369,68.43617042,12.74775589,68.7698537
1731,44176.99714,50688.21677,-6511.219631,50896.71077,45100.71878,5795.991994,197922.4489,47556.96419,150365.4848,3.124425444,2.923976141,0.7192593729,85.63625796,50.07312521,88.37656346,51.57404495
1732,816470.8468,47020.31264,769450.5342,796296.6465,43533.68293,752762.9636,290472.676,52115.42726,238357.2487,0.2533125487,2.915461171,0.9023616331,51.35215094,18.50567206,51.59727294,18.56956612
1733,801175.2329,53696.77863,747478.4543,556566.1778,48632.12358,507934.0542,220347.2608,49440.75795,170906.5028,0.4529348092,6.708282083,0.701687927,18.7419385,21.4766945,19.11054389,21.73990546
1734,1057511.992,72403.60627,985108.3861,1012084.369,45643.5828,966440.7863,329595.1444,49177.50653,280417.6379,2.000497259,4.141445512,0.7803706943,49.93542897,45.55314685,50.52589377,47.46451824
1735,197803.2141,56436.30926,141366.9048,196078.9602,50260.34861,145818.6116,174953.7916,50233.54352,124720.248,1.609862929,2.334291961,0.8064452267,71.22552185,6.13155141,72.49652691,5.14352065
1736,979352.129,49606.3484,929745.7806,718365.1928,46181.69131,672183.5015,277157.0461,40314.80077,236842.2453,0.3680152011,4.995916255,0.9027101303,24.15354286,8.585434464,24.28084611,8.240138834
1737,58011.54642,49155.80828,8855.738142,38491.20539,47193.80739,-8702.601998,89869.2093,52129.49522,37739.71408,1.063351343,4.816661313,0.8435130691,29.50501858,20.22354199,29.61730041,21.28094866
1738,56962.74491,41779.9733,15182.77161,44975.65413,44676.06141,299.5927228,116235.6207,46732.07029,69503.55043,0.7818693188,4.169268524,0.6289884791,98.73387398,78.77577649,99.48967743,78.97597832
1739,752652.6966,31246.04336,721406.6533,853626.7011,48156.2523,805470.4488,233858.4314,45857.6463,188000.7851,0.2016408497,5.719181357,0.8016542713,72.50810594,41.46481345,72.69524684,41.5398955
1740,62993.96621,54118.87247,8875.093745,39523.82834,47813.85659,-8290.028252,101829.8006,56996.94649,44832.8541,0.2543802982,2.920748005,0.7952465014,43.49036656,67.6316768,43.65073682,67.82913747
1741,47159.17778,56806.74801,-9647.570229,42536.3867,53564.69196,-11028.30526,210080.8635,45210.94469,164869.9188,0.4831693451,3.909973133,0.5596252642,81.50997048,92.41893951,81.68322828,92.86997649
1742,927404.5248,54257.72784,873146.7969,743262.4851,52922.59366,690339.8914,335943.3294,46423.87176,289519.4576,0.8986739184,1.275777285,1,52.50588351,97.08173474,51.83247812,96.48663812
1743,202173.4594,53826.95712,148346.5023,145031.7793,53780.88385,91250.89543,203111.0158,57568.01984,145542.996,0.655097067,4.319353362,0.832225463,79.21694901,11.19761561,79.17088495,11.85109114
1744,680658.0322,50707.27051,629950.7617,688289.1967,55803.46362,632485.7331,232942.2622,43361.75075,189580.5114,0.8822821936,2.463769565,0.8912388008,58.81767737,30.96316111,59.41150099,31.61569109
1745,196292.6215,55945.68532,140346.9362,185253.9046,52530.01433,132723.8903,143129.4981,48828.16355,94301.33457,0.3919288532,3.226221668,0.8369700583,39.46015981,72.96374662,39.7054035,73.26946505
1746,797787.0338,44215.19762,753571.8362,718233.8634,53190.00415,665043.8592,310695.0342,57349.16627,253345.8679,0.5785313915,2.731543841,0.7949241278,24.39803869,62.50362781,24.53735967,63.06513314
1747,173523.7944,54846.54731,118677.2471,195691.6637,53922.94937,141768.7143,173554.6257,43041.84517,130512.7805,0.3344442383,6.476007714,0.7496707173,24.94287227,98.55218206,25.27163707,98.61355513
1748,842287.3835,53367.90518,788919.4783,769421.6512,57364.93325,712056.718,354553.2876,58011.66557,296541.6221,0.79848093,1.776042923,0.9193126878,31.99364807,13.30494542,32.78528839,13.40924023
1749,69352.31129,64617.80239,4734.508898,47969.25441,53936.76094,-5967.506529,113337.5121,56553.56509,56783.94699,0.4692036041,2.664755719,0.8088689321,66.58209502,82.38131346,66.88317759,82.74117636
1750,66633.20699,54346.34213,12286.86485,29436.8781,33842.9624,-4406.084303,149361.6882,62772.17147,86589.51669,1.283043379,4.187868541,0.671083913,71.34654065,5.710722437,71.77890024,6.918723057
1751,58736.14855,64001.61726,-5265.468707,43816.61515,58771.24529,-14954.63013,79192.10994,51890.5081,27301.60184,1.298541879,3.094523082,0.8433110978,77.4784873,2.438917895,78.61525344,3.066591184
1752,43946.58338,56095.76168,-12149.1783,52243.10865,53644.06999,-1400.961339,155970.298,52269.05939,103701.2386,1.047315072,1.365453509,0.8390516764,48.07647222,74.82380713,48.92081852,75.44344265
1753,959483.0929,52083.8297,907399.2632,626900.216,53012.22907,573887.9869,305749.266,51300.12714,254449.1388,0.665722627,4.751655917,0.8197111246,53.51602734,75.26618393,54.13787154,75.50387366
1754,51340.44479,52866.95567,-1526.510879,49095.43732,58470.61801,-9375.18069,146461.2726,45589.88956,100871.383,1.022576982,2.180919367,0.666343408,21.39349616,64.95801205,22.1458255,65.65059002
1755,75423.09631,63239.17479,12183.92152,29831.73892,44408.45018,-14576.71126,163548.8988,55050.89789,108498.0009,1.036194127,1.473425085,0.9139050167,81.63125503,31.09308035,82.63125366,31.36455966
1756,202006.8285,49878.85946,152127.969,124625.7946,47339.2997,77286.49488,224928.0805,53870.94561,171057.1349,3.267923117,2.481512039,0.8096666822,35.02211756,91.62855055,38.0953204,92.73974173
1757,948642.0169,64645.11153,883996.9054,866955.0108,53718.42993,813236.5808,236146.2435,48338.1349,187808.1086,0.09289938922,3.623077771,0.9479945071,42.34253842,19.44529386,42.41228887,19.50665485
1758,1040432.881,53994.2346,986438.6462,733883.5205,54172.55624,679710.9642,273550.3106,61804.86915,211745.4415,0.7217468739,2.973905837,0.6786536416,15.97358757,80.29210102,16.68303769,80.42476253
1759,34451.43912,54027.74206,-19576.30294,49256.29496,62129.85022,-12873.55526,139588.8279,56626.04307,82962.78485,0.2299060631,2.181030629,0.9666242163,0.2683819226,15.8534148,0.4341463432,16.01272254
1760,1164013.355,62245.13941,1101768.216,725022.9357,52139.11862,672883.8171,290240.6007,61465.35463,228775.2461,0.4530110012,2.013707877,0.765686062,15.59553965,43.0756561,16.04690305,43.03705495
1761,54281.09795,57169.79288,-2888.694929,73440.61727,59658.22012,13782.39716,151709.7001,42804.31239,108905.3877,3.71729526,2.861985071,0.8897130029,53.40224817,11.74190733,50.44767534,13.99774054
1762,227721.7864,43027.95851,184693.8279,162020.5525,40422.93031,121597.6222,269138.2331,59700.24396,209437.9891,1.520050496,3.184513984,0.8329665957,72.69347625,82.44209224,73.66636058,83.61001759
1763,879032.2986,59718.97212,819313.3265,833922.5973,59518.65455,774403.9427,223036.306,45160.3961,177875.9099,1.76736446,1.460152828,0.6877041655,28.69506739,75.67552574,29.17958006,77.37518
1764,70997.73251,62511.97048,8485.762028,52300.05921,59475.73727,-7175.678062,141037.6447,52114.40804,88923.23665,0.613215642,1.757419569,0.8087326089,85.13518156,88.30981437,85.42380728,88.85085838
1765,975191.4948,62872.39814,912319.0967,702510.1861,49153.62332,653356.5628,224580.2164,36420.54247,188159.6739,0.1166208183,1.301064172,0.8021976189,86.29503504,83.9196008,86.3049907,84.0357959
1766,987796.1992,56491.58859,931304.6106,589942.0517,47897.21738,542044.8343,236607.7243,54259.69524,182348.029,0.5391743789,1.994184993,0.7124890365,53.04975161,59.37836754,53.5887907,59.36629024
1767,838857.1679,69652.80195,769204.3659,874552.4709,53453.68578,821098.7852,311440.9987,56507.04287,254933.9559,1.57763435,3.980027732,1,97.00224355,62.2440679,97.32071761,63.78922304
1768,201043.6309,51240.48132,149803.1496,113600.596,54425.80942,59174.78662,304683.1207,54948.37274,249734.748,1.668898828,1.535191754,1,45.55247197,95.17413259,46.40307793,96.60999219
1769,211509.6271,57847.49868,153662.1284,170937.6209,50095.86729,120841.7536,181642.5294,39983.54266,141658.9868,2.219847773,4.896858488,0.9982204254,74.31475916,13.3622019,72.60265064,14.77514513
1770,64032.6464,60634.02422,3398.622185,53796.48609,46378.86779,7417.618294,34130.0145,39121.82367,-4991.809171,1.052875081,2.912498366,0.7902906109,27.63132409,10.38188631,28.04022436,11.35211644
1771,215816.2377,55746.04255,160070.1952,197489.9023,49433.57419,148056.3281,273419.6689,45414.66762,228005.0012,0.8371872413,3.741026391,0.8201956018,61.55225289,23.42761417,60.71740253,23.36510531
1772,271286.1843,45232.15133,226054.0329,122742.6307,49706.41765,73036.21305,225679.9843,46974.69044,178705.2939,0.550891672,1.931673691,0.7409889491,42.23120461,25.63215672,41.844545,26.02455445
1773,449710.5502,54183.55738,395526.9928,618839.9357,53148.04485,565691.8909,296415.0927,48509.44711,247905.6456,1.679926411,2.922927841,0.6646518372,91.91779077,7.705270152,92.80537462,6.278964552
1774,35155.54474,52724.39042,-17568.84568,45777.65757,55000.22234,-9222.564777,122764.8049,55068.80055,67696.00438,1.642604831,1.57943012,0.7816163859,87.54320208,6.666157544,88.99573643,5.899153893
1775,721954.3552,58369.44194,663584.9132,820677.8464,50115.08722,770562.7592,313827.9185,54104.61853,259723.3,1.156281863,2.816996244,1,13.1726706,9.89017873,12.41121218,9.020024249
1776,237670.5012,57938.60716,179731.894,230385.5947,51740.82887,178644.7659,165039.1312,40576.2369,124462.8943,0.8877973299,1.696862491,0.6812523739,16.49734603,32.54389554,17.02463002,33.25814738
1777,133549.3626,71906.5525,61642.81013,178823.6576,40177.92794,138645.7296,190232.6449,47758.81417,142473.8307,0.8788964047,3.537720408,0.72255809,76.71928178,64.06832199,77.04198744,64.88583036
1778,59391.05292,57947.27,1443.782919,41483.84988,42223.30367,-739.4537851,180817.0021,51206.95044,129610.0516,1.088526688,2.000008123,0.5980725784,5.539083351,8.594394858,6.206045709,9.454657355
1779,69404.73732,55945.2423,13459.49502,65283.15884,57510.76162,7772.397226,128086.1162,35744.41648,92341.69969,0.8303872804,2.508084831,0.9202000848,77.42956312,58.38594196,78.20987634,58.66993899
1780,160120.884,57157.80807,102963.0759,189478.5729,47982.81474,141495.7582,248572.5124,41789.1102,206783.4022,0.7933029549,4.562700968,0.7110770611,19.32517604,43.69460265,19.88754846,44.25412642
1781,52403.79768,54866.87238,-2463.074705,59730.96912,51950.21536,7780.753764,111228.1339,42386.87366,68841.26019,1.025453604,2.855254439,0.9214917147,84.28087698,74.78543284,85.13138259,75.35831616
1782,33279.77517,55274.9211,-21995.14594,58536.91983,49923.90881,8613.011022,113755.3588,55407.15966,58348.19916,1.235528399,0.8935583019,0.688412084,0.274732078,53.44541923,1.423218171,52.98988645
1783,669751.1905,57101.88835,612649.3022,839840.5337,52196.89332,787643.6404,287465.3239,44505.9325,242959.3914,1.018276295,3.088848933,0.8478347523,3.855380202,31.90193341,4.813865536,31.55814208
1784,275178.837,53261.96833,221916.8686,160250.4515,47625.4772,112624.9743,245350.8118,37917.14052,207433.6713,0.5179644076,2.686999597,0.7119986034,22.22925982,32.28363137,22.65968459,32.57176613
1785,206567.8096,57116.07106,149451.7385,127351.4968,42119.10834,85232.38849,226846.439,54467.5031,172378.9359,0.9213783512,2.133065647,0.5856333269,74.70012338,58.88913604,75.25157752,59.62726638
1786,173379.7206,56373.06729,117006.6533,170135.4068,54741.07053,115394.3363,174942.9191,55216.61084,119726.3082,2.745099294,7.247514508,0.7965305185,7.554645077,4.936530766,9.391926758,6.976130275
1787,35125.17501,49965.02564,-14839.85063,58541.74728,55259.22853,3282.51875,169516.2571,54362.00813,115154.249,0.8744934604,2.317334244,0.9255513153,38.4944677,37.41515466,39.1805839,37.95735699
1788,139856.0196,33522.10626,106333.9133,148491.4434,43113.83585,105377.6076,226870.4606,51702.29619,175168.1644,1.15978063,2.057308126,0.8915608773,49.91410979,50.31288191,50.44781497,51.34256627
1789,772891.5574,41068.78148,731822.7759,806536.3925,50194.40448,756341.988,248136.233,43905.59707,204230.636,0.5327630558,2.418258453,0.7025592228,36.34185466,13.19752598,36.56162584,13.68284763
1790,818304.4929,62623.89388,755680.5991,839882.6643,39476.81442,800405.8499,265460.2274,53241.30964,212218.9178,1.18089086,3.003384871,0.9463299426,11.82764414,98.64410872,12.80473089,99.30728646
1791,1093213.365,55036.81009,1038176.555,793269.8394,40786.17135,752483.6681,234677.2874,54711.26714,179966.0202,3.330228399,2.21954177,0.9797227834,46.69173813,47.82603929,48.84122032,50.36968775
1792,231116.2779,48112.49774,183003.7801,102765.6351,49179.74056,53585.89457,249617.4155,55983.19927,193634.2163,2.270119466,1.231409369,0.9738109081,51.41718063,98.24860108,53.2580148,99.57704826
1793,71588.43674,54356.12957,17232.30717,51698.43988,61797.85372,-10099.41384,149021.8524,57690.44935,91331.40306,0.5049605754,1.892511812,0.8806271196,3.11494173,54.93396458,2.990730195,55.42340985
1794,42474.29015,56672.88839,-14198.59824,59383.16378,63751.7146,-4368.550821,100551.1734,38178.86166,62372.31173,1.374299882,2.436893091,0.851250949,94.43060118,75.40881375,94.55313617,76.77764001
1795,61847.34176,52931.47381,8915.867949,63694.44637,56980.3499,6714.096471,140909.6965,41710.45733,99199.23917,0.8633846106,4.087604636,0.6571082238,87.04211987,45.50306063,86.7547435,46.31721529
1796,126142.1504,63201.60467,62940.54571,161355.2071,51989.35148,109365.8556,182532.7173,39027.14535,143505.572,1.708572593,2.663943686,0.7723865603,58.39867307,58.30799772,60.01524273,58.86110064
1797,813883.0456,50283.54206,763599.5035,814399.561,54044.95756,760354.6035,218471.2166,41937.05505,176534.1616,1.580672659,2.663820053,0.8424504351,23.60195359,93.0617296,25.14538691,93.40281555
1798,268950.2649,54754.12566,214196.1392,94899.51357,56979.49737,37920.01621,203168.8507,55702.32924,147466.5214,0.4234993814,2.24349931,0.7352900585,6.034190837,19.39876318,6.201125156,19.00955288
1799,64621.5023,58103.76382,6517.738477,26961.10188,38505.02899,-11543.92711,42589.16942,54260.23355,-11671.06413,1.459571671,3.036576267,0.753744371,42.90214881,27.53909187,43.84004419,28.65743962
1800,229853.9717,57221.49895,172632.4727,176222.4824,46676.43947,129546.043,267938.3304,57972.46615,209965.8642,1.091363621,3.121718031,0.8018453714,7.77748953,60.16037244,7.362168607,61.16962121
1801,291833.1112,76408.04254,215425.0687,130803.628,57671.93637,73131.69159,179346.6688,39155.32942,140191.3394,0.8465413762,4.68866299,0.7403926861,16.13539277,49.95096169,16.96471786,50.12082106
1802,57337.68208,46742.29787,10595.38422,50540.77895,50174.35736,366.4215944,224370.4322,53130.60814,171239.824,0.638690935,1.422353937,0.7626562124,65.78002817,72.95079803,66.22622913,73.40777813
1803,54943.42239,50415.96877,4527.453619,52735.89011,59767.20897,-7031.318855,39761.5889,47375.01077,-7613.421866,0.7946993082,3.504897576,0.7729690051,82.95735976,15.48989578,83.06280141,16.27756896
1804,39244.95839,55132.24165,-15887.28326,44619.83334,47061.58015,-2441.746818,97937.20645,46007.0624,51930.14405,0.9222097541,3.779925259,1,70.20321916,80.48157963,71.11250954,80.63540366
1805,742428.9321,54003.7495,688425.1826,726346.6406,43647.03668,682699.6039,307850.553,45946.24615,261904.3069,0.246191777,4.035024394,0.785055667,46.37684696,81.33246359,46.23174876,81.13357442
1806,47944.18472,44509.11838,3435.066335,42313.73661,42447.71383,-133.9772187,98089.48707,60094.42466,37995.06241,1.029944049,2.991623895,0.8214522501,27.88553765,36.10512042,28.64078619,36.80539493
1807,96751.29841,33350.00358,63401.29483,185358.9843,44853.43565,140505.5486,236889.7551,60646.66011,176243.095,0.4455916635,3.651532001,0.7773793445,19.68531795,88.86591072,19.7705079,89.3032831
1808,50483.73972,51214.72112,-730.9813968,51914.62742,51682.59545,232.0319715,197631.7359,56376.53704,141255.1989,0.1646484977,5.141748447,0.717398525,55.05870155,49.08259443,55.14257214,49.22428018
1809,1119525.349,47050.79628,1072474.553,675886.6638,46320.25968,629566.4041,284829.2791,53455.42103,231373.8581,1.2318865,4.952772353,0.7713980752,30.95861808,23.76038441,32.17756276,23.93848046
1810,50179.63327,45221.97946,4957.653804,31775.23922,40638.62867,-8863.389446,60933.30657,61709.22625,-775.919689,1.472124248,2.462520822,0.5435891898,96.08660575,68.86300164,96.69491576,70.20356448
1811,61221.42843,61076.99024,144.4381962,68968.73186,67624.86113,1343.870733,107037.5639,46367.76632,60669.79758,0.6870995819,2.899138669,0.7066108631,82.39727631,76.93972541,83.04793654,77.16051286
1812,812658.1118,53293.80185,759364.31,721567.4496,47447.76604,674119.6836,249415.0149,60988.1634,188426.8515,0.9441120771,4.194303176,0.5204865945,80.41058566,54.08146188,81.3484213,54.19014451
1813,242041.1923,66813.32945,175227.8628,174997.6928,56078.14999,118919.5428,265100.0754,46670.54158,218429.5338,0.2780614876,1.968753112,0.8638566207,95.81418595,86.14422237,96.01758977,86.33381423
1814,260341.3623,64579.20234,195762.1599,150248.6095,50505.79801,99742.81147,220843.0287,53850.55341,166992.4753,1.459495772,1.525143834,0.9795658837,12.55228066,71.9941262,13.03338973,73.37204564
1815,221371.1987,41975.74637,179395.4523,158035.0651,35084.80089,122950.2642,260523.8435,48770.89141,211752.9521,0.7748206932,1.433240832,0.7761938083,26.86656316,30.18083687,27.57344439,30.49811597
1816,244069.5781,56383.74731,187685.8308,178285.1184,56840.13141,121444.987,186150.1466,45373.73394,140776.4126,0.6150781204,2.376355913,0.8162174865,12.6886525,51.09192119,13.07072799,51.57393718
1817,57790.14829,59605.34584,-1815.197547,55068.21408,49237.1449,5831.069179,183678.3398,49244.41836,134433.9214,0.1860609389,4.430924529,0.9657361642,9.790833893,27.68376371,9.809139063,27.86892201
1818,53018.49358,51353.55465,1664.938932,40249.29634,54999.48926,-14750.19291,195193.0539,51354.0779,143838.976,1.215683408,3.917442008,0.7922468526,93.85065006,19.28082759,94.25949098,20.42570105
1819,151391.0562,55140.3792,96250.677,243802.3744,55374.38666,188427.9877,183026.4429,48319.65535,134706.7875,1.077956394,2.048596297,0.7723204594,34.16427447,38.60826447,35.22239679,38.81409729
1820,259530.7559,48574.0398,210956.7161,187978.6602,48365.89393,139612.7663,194981.4802,43815.03763,151166.4426,0.5037347123,1.719625661,0.5018846818,45.12046406,34.8056782,45.06943709,35.3068218
1821,941544.3121,60280.11925,881264.1929,569514.6835,56072.16363,513442.5199,267779.6113,43714.22619,224065.3851,1.77645655,5.072988352,0.9471185358,39.31412933,85.83318822,40.46849314,87.18346303
1822,33407.39375,54819.36148,-21411.96773,62266.91869,51294.33621,10972.58248,77026.99406,56099.09346,20927.9006,0.7992841297,2.806427318,0.7421533512,89.27874356,25.66446863,89.9158329,26.14714067
1823,242000.4571,68906.66472,173093.7924,132997.0598,59670.76451,73326.29531,281959.6065,48248.37949,233711.227,0.9411037323,2.11983116,0.810675447,84.66387366,42.96052881,84.55603387,43.89543352
1824,901611.8487,77061.9154,824549.9333,674802.0279,44334.37841,630467.6495,245200.7756,57490.13031,187710.6453,0.9513952052,2.696214386,0.670108712,31.98758216,70.09116228,32.25569258,71.00399832
1825,252422.3452,63525.7137,188896.6315,155472.9737,53428.97971,102043.994,207656.4869,47394.90262,160261.5842,0.5682148771,5.406299535,0.7200974888,29.93696599,66.05239686,30.39739662,66.38537101
1826,62015.97104,44328.66178,17687.30926,45211.54963,56135.71543,-10924.1658,135624.599,41771.79485,93852.8042,1.754650247,1.645657292,0.9267396115,12.3410365,63.03555753,13.13217044,64.60173267
1827,892717.7807,43051.67777,849666.1029,722101.5658,47002.54006,675099.0257,298739.6266,50527.68181,248211.9448,1.38737295,2.24560174,0.7804168108,43.29777095,14.70564833,44.64796929,15.02465952
1828,41095.17773,56149.78076,-15054.60303,42179.47159,47223.53686,-5044.065265,116361.4596,48230.21921,68131.24034,2.734527197,4.499366546,0.8597856292,54.82398059,21.31325499,57.48863805,21.92745334
1829,661049.6807,57659.81907,603389.8616,607185.4597,55733.20847,551452.2513,248345.6831,43254.58679,205091.0963,1.444645456,1.695225328,0.4511021416,44.80549732,26.97955688,45.52103189,28.23455121
1830,40919.1616,45687.55069,-4768.389097,49115.77871,44857.09205,4258.686655,171415.3063,50348.72103,121066.5853,2.220198656,2.259988096,1,95.00407484,16.43207998,94.95043625,18.6516306
1831,1108868.252,69719.18514,1039149.066,778182.654,63219.26134,714963.3926,294454.2277,60307.97478,234146.2529,1.356590918,2.889022145,0.770682209,76.47767968,20.65147408,77.07549526,21.86924066
1832,214539.5702,60563.69982,153975.8704,179010.9416,49659.49647,129351.4451,207599.3908,52302.53381,155296.857,0.570263647,1.149208205,0.6853116811,84.08077839,46.20020253,84.13693443,46.76769449
1833,172865.1084,57320.02825,115545.0802,147231.7717,54316.33938,92915.43234,155889.5966,53085.23311,102804.3635,2.06373959,2.631699814,0.9390240459,26.38174955,11.92804566,28.35523356,12.53168624
1834,669017.6504,44944.41563,624073.2348,733443.19,50532.86125,682910.3288,259591.3404,46104.46761,213486.8728,0.7128283076,2.705177405,0.8690974796,61.90016861,61.33732935,62.60953052,61.26711629
1835,61483.61983,72374.63282,-10891.01298,52688.8712,55661.59472,-2972.723521,18029.26083,35674.84703,-17645.5862,0.3316172771,1.595681858,0.9453025773,88.06574283,80.34862915,88.35933403,80.19444022
1836,239853.8862,68825.17839,171028.7078,218143.2536,59011.04643,159132.2071,184585.959,46177.82388,138408.1351,1.717262944,1.908291815,0.6591042013,93.89072234,97.04704228,94.86588421,98.46056672
1837,52982.10138,57456.97688,-4474.875499,47114.40497,56487.712,-9373.307031,154458.0287,44675.88802,109782.1407,1.114535437,1.861401211,0.8205010948,71.7139775,15.02487663,72.55301424,14.29125099
1838,925256.6771,59823.7676,865432.9095,709811.4807,53794.61746,656016.8633,310758.5788,49678.57713,261080.0016,1.185893339,4.282894431,0.7114283166,53.01559384,31.43284363,53.59569511,32.46716734
1839,788095.4607,56972.73628,731122.7244,713870.1171,51109.72273,662760.3944,318980.0699,45772.32109,273207.7489,0.371176066,1.849578539,0.8500527707,95.70779637,99.61798181,95.83512107,99.26932712
1840,1100031.056,43410.34889,1056620.708,672261.6716,51793.26823,620468.4034,361538.3953,60107.82764,301430.5676,1.11769015,2.891974555,0.7868062861,2.959847709,90.67142772,1.896452716,90.32730222
1841,959899.0089,57171.82515,902727.1838,731133.0299,56757.16358,674375.8663,252760.2104,38797.19367,213963.0167,1.612121723,4.360155182,0.8102047003,51.681528,42.68389916,53.28688537,42.53637234
1842,124112.629,56075.76594,68036.86307,137498.9797,45552.68103,91946.29865,193676.8711,44874.57247,148802.2986,0.6397938491,2.790574851,0.7523297969,45.90573171,26.01065628,46.36488447,26.4562064
1843,41718.49726,57757.96168,-16039.46442,41718.20046,45154.48447,-3436.284016,139426.1798,45836.36529,93589.81452,0.8083021003,3.824144285,1,39.36314274,97.62941965,39.39698315,98.43701306
1844,923798.9406,65441.55414,858357.3865,676692.4501,46357.59897,630334.8511,343066.7026,49266.61889,293800.0838,0.375287346,2.46963138,0.8037350868,6.188096429,82.94030818,6.431801217,83.22570013
1845,988982.9533,31503.78845,957479.1648,626006.5592,48660.59888,577345.9603,262779.5387,51466.7435,211312.7952,1.526471048,3.216026088,0.9848084085,41.49841093,90.78338602,40.73424426,92.10481069
1846,63062.19476,72007.17067,-8944.975905,36272.06907,38585.18297,-2313.113897,167210.6432,37384.75861,129825.8846,0.9217573889,3.536576769,0.7649546399,58.0298321,23.9183498,58.0342174,24.84009676
1847,156720.5206,43901.22412,112819.2965,158141.0232,50700.79167,107440.2316,185396.3252,53436.00558,131960.3196,4.0183057,3.07588046,0.5778453438,43.58259659,94.19941782,46.87398937,96.50452396
1848,724982.3633,52736.02038,672246.3429,794439.0769,51177.4533,743261.6236,284684.7158,47640.36395,237044.3519,0.7900668393,7.126073876,0.711842649,86.97498591,82.26573708,87.41567654,81.60999523
1849,987597.0139,71065.19136,916531.8225,865228.975,46011.98288,819216.9921,294200.8513,38180.92587,256019.9255,0.1789846442,3.203573649,0.886262811,71.62324842,70.1614376,71.69938206,70.32342269
1850,61293.90755,62618.8284,-1324.92085,53880.39722,54470.86229,-590.4650774,115070.3457,46303.28937,68767.0563,1.222911007,4.713621874,0.8301331465,59.0125535,73.90274744,59.94647307,74.69224447
1851,56016.23379,51929.94393,4086.289863,25533.49348,42389.86137,-16856.36789,119308.5917,37093.51226,82215.07947,0.8761207874,1.6089564,0.9488569452,83.44772563,51.1544581,83.85189996,51.9317809
1852,781698.0425,58615.84546,723082.197,754725.6208,48354.29236,706371.3285,268446.3548,52322.61274,216123.742,1.565750469,3.067596187,0.8526781913,43.8843029,8.171752941,43.54731541,9.7008095
1853,33646.21615,48053.37328,-14407.15713,55177.95237,59859.74541,-4681.793033,130015.7311,46947.43621,83068.29485,0.6823486606,1.970708411,0.4663749559,93.74904817,24.51163832,94.36786676,24.22412615
1854,847657.5136,52152.19479,795505.3188,736931.7144,52552.01122,684379.7032,307386.7812,40798.54698,266588.2343,0.9398803988,5.97920802,0.8158363711,70.55422434,52.46060038,70.17989345,53.32272076
1855,189918.4199,53321.71715,136596.7028,162752.8557,57986.34413,104766.5115,214549.9484,55992.40208,158557.5464,0.3226464494,2.751088867,0.7330090422,41.45739698,10.47968646,41.61743124,10.75984672
1856,980986.763,58542.84691,922443.9161,628972.4599,44805.08772,584167.3722,331499.4016,57991.70354,273507.698,0.7089571518,1.816395514,0.7931118092,89.62006076,48.47478668,90.12219196,48.97527094
1857,70343.93292,60541.5643,9802.368619,44669.85717,57789.73426,-13119.87709,173010.0609,53731.49058,119278.5703,2.200559996,2.928452838,0.6367950122,38.2622825,46.91121648,40.35134651,46.21964159
1858,893422.8092,44650.10766,848772.7015,875521.8839,51773.7678,823748.1161,328684.5937,65135.64014,263548.9536,1.165243313,2.484539215,0.7569362921,61.21686426,7.229887892,62.30749381,7.640155085
1859,612769.5987,57380.6753,555388.9234,819309.2679,43693.72647,775615.5414,288898.1055,54024.08756,234874.018,3.373790637,2.701231289,0.7293245961,15.59971071,80.70251918,17.32720009,83.60049152
1860,772185.2327,54785.13902,717400.0937,748080.0027,55542.93976,692537.063,256341.817,51433.43534,204908.3816,1.301486731,5.274371492,0.8817583146,34.29327985,66.62872279,35.40540424,67.30477534
1861,890340.9026,52903.94354,837436.9591,898149.8357,58423.69126,839726.1445,205940.0622,50066.11073,155873.9515,0.7382124396,4.395214786,0.7885231429,1.849171386,25.65320633,2.344622036,26.20045971
1862,231814.0187,62650.46847,169163.5503,151473.7483,55470.47882,96003.26952,225413.5061,52689.74842,172723.7577,2.943197077,2.577286368,0.9158453946,75.20760285,60.12836341,74.0645589,57.41619461
1863,179859.0485,57180.94706,122678.1014,198519.1874,61645.07086,136874.1165,154121.4754,55562.4033,98559.07209,2.407730628,3.298866131,0.7127385551,77.72180405,77.83235157,76.90553458,80.09749415
1864,45886.2681,43793.12955,2093.138559,45212.67242,54284.86812,-9072.195698,175395.8058,40767.06333,134628.7425,0.3843805765,1.848319164,0.7949231612,64.08040934,37.83441717,64.45815353,37.76329931
1865,67652.32627,74407.86753,-6755.541261,49797.95048,49545.16216,252.7883236,134356.8099,41298.60082,93058.20907,0.7605639634,2.239662772,0.9495680554,90.18862533,29.93164345,89.44941746,29.75267625
1866,1037721.635,55772.24292,981949.3918,1018613.948,58641.22675,959972.7212,317120.5425,38832.26861,278288.2739,0.4307667511,2.167388154,0.7438650897,68.4577541,89.90610613,68.76191843,90.21113737
1867,111914.6124,62136.70082,49777.91154,134164.167,38337.50131,95826.66568,216070.7966,45042.85206,171027.9445,4.814729982,4.259305197,0.9567244644,78.87180384,90.33721294,82.44480799,93.56448209
1868,621707.5557,62796.77481,558910.7809,620712.5842,57020.3195,563692.2647,376384.5895,46495.15147,329889.438,1.423666144,3.498895606,0.8382734412,92.05641315,27.85180219,92.45058394,29.2198134
1869,788667.9998,65685.83869,722982.1611,759477.9746,61397.08294,698080.8917,276436.3412,38757.9639,237678.3773,0.3806254633,2.009048488,1,72.36186233,89.38561186,72.73655337,89.45256235
1870,234571.6901,60552.29255,174019.3976,165806.5567,34948.00677,130858.5499,245200.8345,51032.98191,194167.8526,0.2803833328,2.883174373,0.9837783824,19.03200896,87.91782754,19.19147339,88.14844824
1871,910400.0418,42956.79495,867443.2468,782648.748,49832.06905,732816.6789,222923.481,52632.22839,170291.2526,0.5467436977,4.333990573,0.7857229323,39.36877531,15.18839102,39.60788722,15.68007604
1872,53761.39783,56600.78882,-2839.390986,52420.03332,57015.04961,-4595.016295,98009.77299,59922.22093,38087.55207,0.9632784724,2.764092782,0.776973202,65.06758199,64.01806356,65.46880096,64.89380824
1873,66166.45242,53349.55944,12816.89298,69624.14043,61358.35316,8265.787272,107598.4571,52554.67341,55043.78371,0.5560356148,2.532228542,0.8258761513,29.63242546,94.88365002,30.16155754,94.71278501
1874,907052.9115,54407.58377,852645.3278,652551.1212,50971.08201,601580.0392,277785.8891,51233.80826,226552.0808,1.717517198,2.38705425,0.936666466,70.46724604,42.82809038,72.0156969,42.08501213
1875,684207.2767,53239.49905,630967.7776,869807.5183,65396.33508,804411.1833,263018.2654,57329.03501,205689.2304,0.6449965183,3.763836845,0.7541178832,58.10402589,75.50433553,58.51309651,76.00301553
1876,199595.0856,44263.72948,155331.3562,265141.8432,50754.3081,214387.5351,216654.1891,41525.32509,175128.864,1.50740186,2.4687692,0.6723787723,89.45791114,26.80836317,90.33101303,25.57956154
1877,903443.5654,45589.28035,857854.2851,747936.4391,51186.10376,696750.3353,247165.4413,52229.41641,194936.0248,2.924726077,1.97386486,0.6450092951,62.99443833,85.33571736,65.1091853,83.31535406
1878,45954.38249,55025.74177,-9071.359275,41140.59763,46191.73834,-5051.140708,162123.4279,45864.05327,116259.3746,0.4594374737,4.285224861,0.7938159885,3.235791511,85.21882292,3.689170851,85.14445918
1879,302173.3372,48113.82017,254059.517,212374.7912,44064.10812,168310.6831,206633.2262,51115.81196,155517.4143,1.185629865,3.753833212,0.867406035,46.49497225,24.12936712,45.3462281,24.42280373
1880,846770.7186,74286.95459,772483.764,788594.6269,51792.4341,736802.1928,262399.2553,46251.1427,216148.1126,1.60137862,5.040512577,0.8732994252,50.33638233,7.799440572,51.79958483,8.450172412
1881,885780.6711,55510.69902,830269.9721,824368.3532,57163.70763,767204.6455,163321.6925,33675.84395,129645.8485,1.632741117,3.026352516,0.7395602198,37.97183097,22.92742924,39.30683025,23.86744013
1882,716837.292,67619.93251,649217.3595,984522.1648,63238.74376,921283.4211,313384.4866,50607.04241,262777.4442,1.988902473,3.15632722,0.7347070355,11.59533431,15.15747588,12.3742523,16.98750862
1883,984030.2298,60643.40477,923386.825,771367.9811,46222.95139,725145.0297,425528.8872,48959.25522,376569.632,1.480685591,2.379226583,0.8129193936,8.868268912,71.81544343,9.057079956,73.28404147
1884,971279.3138,57336.30908,913943.0047,834358.5841,50488.5518,783870.0323,240540.4431,45230.71631,195309.7268,0.7745603203,3.584444291,0.5616406331,6.712416192,83.71382375,7.47345766,83.85790558
1885,43325.02283,60476.43738,-17151.41455,46483.29371,52678.15959,-6194.865882,123282.0109,46708.38438,76573.62651,0.5186914675,3.349227139,0.8099792055,3.558290075,52.90051348,3.785755838,53.36666814
1886,809820.1102,59634.52185,750185.5883,783241.6759,56586.59839,726655.0775,215670.2049,61134.23366,154535.9713,2.138125307,2.526922534,0.9135989473,49.93114539,95.36987855,48.41492669,93.86234391
1887,230248.9211,60605.75636,169643.1648,108719.0141,67326.78731,41392.22674,224546.1612,64966.34193,159579.8192,1.08837368,5.185546781,0.8870848826,68.75572633,29.12454574,69.79340954,29.45283038
1888,222404.6528,64056.28695,158348.3659,131445.839,49351.87983,82093.9592,188326.631,41373.4872,146953.1438,1.572553967,3.954662833,0.8659082372,44.39977126,11.67328637,45.85961445,12.2579092
1889,932035.781,61361.84967,870673.9313,631700.715,59067.68593,572633.029,375325.003,52761.40634,322563.5967,3.155803876,3.483943519,0.8881866361,44.99707306,34.74490332,47.8636181,36.06475848
1890,870694.3187,52497.68784,818196.6308,752196.3271,47309.95623,704886.3709,369521.0728,46724.55034,322796.5225,0.2896748381,1.705022388,0.742372591,8.015647697,78.76264596,8.279849168,78.64386425
1891,247936.4589,46545.05281,201391.4061,144092.5209,60139.58855,83952.93237,226821.6419,45880.33032,180941.3116,1.056652288,1.23894439,0.6842816347,0.1727512902,6.407011929,0.734006083,7.302281226
1892,181513.2146,59203.7905,122309.4241,183039.3135,50917.50244,132121.8111,217483.2565,75504.53278,141978.7237,0.3510064682,3.435899732,0.867099338,67.98555536,82.93178109,68.27541207,83.12974227
1893,797260.1227,52719.56673,744540.5559,682348.1324,43262.63389,639085.4985,336774.8466,55761.34527,281013.5014,0.2407174212,1.589726519,0.912815821,17.03747598,62.97737911,17.25480434,62.87387424
1894,743023.0931,47479.6463,695543.4468,786915.4727,57727.04675,729188.426,249181.7479,61159.44775,188022.3001,0.1729790635,3.091981233,0.8052039663,13.39821273,92.79626806,13.5247761,92.91418104
1895,41542.5323,53136.4527,-11593.9204,44397.84665,44881.27094,-483.4242898,159617.1119,52974.59081,106642.5211,1.288956099,3.48459068,0.6521334186,31.47872522,83.41125829,32.76757124,83.428104
1896,1066012.675,59271.21589,1006741.459,745564.1876,49609.36282,695954.8247,356929.0603,44437.72131,312491.339,1.749590948,2.669799396,0.5792539875,28.73528976,86.57346794,29.63227096,88.07563078
1897,970538.0906,52054.86074,918483.2299,846729.777,48638.49248,798091.2845,264360.2778,62974.17797,201386.0999,0.4960398214,3.350911954,0.771987723,71.87526837,20.66531235,71.63538019,21.09948878
1898,973949.6201,68072.40913,905877.211,748863.4539,60524.65999,688338.7939,226620.8051,45456.34362,181164.4615,0.5441647011,5.783217565,0.8391822383,43.42594213,58.22786958,43.77294419,58.64704114
1899,199539.4949,63243.90971,136295.5852,151019.9285,45737.08354,105282.8449,221775.6867,45871.46863,175904.2181,1.122728987,2.757499855,0.9865145116,45.25602675,10.70887919,46.09061913,11.4598625
1900,30275.57112,46067.37112,-15791.8,48874.52166,47994.17495,880.3467094,136990.484,45118.08643,91872.39756,1.500208491,3.422721168,0.7457742319,66.05494449,73.13539145,67.01867374,71.98567346
1901,49983.07393,51209.0574,-1225.983466,58043.69557,53916.90059,4126.794978,59857.00279,49245.01699,10611.9858,0.2260999878,2.01758605,0.5814937501,14.12649664,87.00554049,14.22405262,86.80156982
1902,47921.46606,55685.67544,-7764.209376,26992.74012,49157.20479,-22164.46466,158706.0775,57899.75646,100806.321,1.810977686,3.594757261,0.6242842005,78.4890115,49.22275155,76.80087196,49.87836202
1903,800885.2939,54503.4071,746381.8868,627985.2691,46905.74554,581079.5236,346253.1276,54286.99653,291966.1311,2.013787495,1.97195207,0.6816344278,23.98485444,46.38169868,23.66919724,48.370593
1904,168302.4256,49771.66435,118530.7613,219426.8774,61488.40075,157938.4766,266673.4727,60790.44114,205883.0316,1.102512586,2.572275214,1,22.65165999,56.23374599,22.80885464,57.32499474
1905,211564.6744,30406.84257,181157.8318,93492.40556,42601.86619,50890.53937,269739.6009,42680.43649,227059.1644,0.1433116679,2.728277714,0.7729450062,63.18547763,44.50078378,63.29120812,44.59752725
1906,1051802.861,52658.47969,999144.3815,585553.3964,44725.60447,540827.7919,194453.0355,42494.13704,151958.8985,2.855853066,1.954875546,0.7213668634,27.44086015,68.82413513,30.29665977,68.8066635
1907,991483.0459,55490.07707,935992.9688,657947.8547,43740.74944,614207.1053,298179.9177,50217.70173,247962.216,0.5900111438,1.833724458,0.9716949433,54.52539368,9.087004009,54.67123094,9.658707291
1908,82309.2665,65987.28364,16321.98286,41275.53024,56481.59286,-15206.06262,136399.1467,44270.38756,92128.75911,1.638266948,2.794559888,0.7809880092,70.16962258,33.42475214,70.54496396,35.01944253
1909,232706.4327,45647.18019,187059.2525,139859.7139,27450.13967,112409.5743,220646.704,32892.88772,187753.8163,2.619757343,2.309791584,0.8663351952,83.0687753,58.64177344,84.96648118,60.44783017
1910,168246.0811,50566.00315,117680.0779,161732.2033,54543.32735,107188.876,182805.9147,47968.78802,134837.1266,1.092240041,3.028419628,0.9304815784,48.26363189,52.37343866,49.1504915,53.01098736
1911,285679.1281,47628.76686,238050.3612,218333.8372,44805.98811,173527.8491,258813.5692,56115.15122,202698.418,1.715169586,4.771015261,0.7598893553,13.61757535,24.94745531,15.16126344,25.69500719
1912,60310.68717,55124.87935,5185.807817,53922.57219,55479.84641,-1557.274216,123717.5275,57220.85682,66496.67072,1.11307794,3.774663055,0.6520705873,31.89960976,47.62631869,32.81633134,48.25763798
1913,1014615.259,64820.93129,949794.3276,609338.8763,48349.93438,560988.9419,267023.3507,59502.47478,207520.8759,1.268910007,5.147432818,0.4910331214,17.90987448,22.47636806,19.09252554,22.0165104
1914,61728.62626,62679.68996,-951.0636986,61759.243,45906.25314,15852.98986,115317.2773,51462.12761,63855.14972,0.2869091077,5.055487895,0.9255750925,48.36991484,78.44073635,48.63313314,78.55489834
1915,55453.83072,51852.78987,3601.04085,57558.14723,42230.10507,15328.04216,101861.4457,47932.4923,53928.95342,0.916633034,3.857456866,0.6712258211,56.04279816,17.13011344,55.68883362,17.97564595
1916,777252.0947,66428.34288,710823.7518,750773.1353,53946.65658,696826.4787,282256.5078,57630.45791,224626.0498,1.721991173,2.363551992,0.8660640719,13.3699088,95.26819236,11.90325711,94.36586958
1917,70768.26523,61226.16617,9542.099062,38677.91081,42623.89132,-3945.980503,136715.0147,66274.88864,70440.12602,0.7870233475,2.345511741,0.6839972803,61.59268292,22.02417883,62.24614298,22.46280817
1918,34296.31184,48449.09227,-14152.78043,51635.8931,55105.41264,-3469.519543,206008.5992,54348.24962,151660.3496,0.5961752572,7.2648587,0.8202162924,96.24437506,78.3968437,96.51180807,78.92967061
1919,39533.85559,54124.65637,-14590.80078,54241.41913,57177.17742,-2935.758291,89642.6896,45712.1538,43930.5358,0.2221174225,5.825719434,0.8210595217,41.92043418,33.71478745,41.86868561,33.93079262
1920,316131.9811,59804.54519,256327.4359,145669.1016,57340.72186,88328.37976,107468.95,47253.44986,60215.50015,1.748507977,1.562420068,0.8421675204,69.33615661,33.6307184,71.08091966,33.74509504
1921,49286.48234,60277.42914,-10990.9468,43554.49859,51057.93697,-7503.438374,142096.291,59061.79291,83034.49809,0.9146711359,2.541573861,0.7445658777,13.88719569,29.50398042,14.36563747,30.28354232
1922,56019.31508,56377.17259,-357.8575175,49395.87849,57781.60157,-8385.723087,100793.5707,44312.80739,56480.76331,0.4319413611,2.773735314,0.9812785504,51.43811388,86.22859787,51.86892214,86.19733158
1923,850221.8122,52764.58892,797457.2233,906490.2651,56523.10303,849967.162,308884.8445,53608.81269,255276.0318,2.505830179,1.087326695,0.8738503246,22.03128944,66.90311071,23.34091975,69.03947522
1924,191141.9449,45486.02086,145655.9241,185901.3739,62879.05247,123022.3215,207128.4174,36178.98435,170949.433,0.2823695465,6.153454743,1,50.06583959,46.4182907,50.21093083,46.66053251
1925,42407.5581,47849.21878,-5441.66068,43954.6894,60071.42296,-16116.73356,132793.0394,51679.66756,81113.37183,1.774456357,4.37941002,0.7010412913,83.11223625,78.95237946,84.65721437,79.82515546
1926,152386.4972,67350.73723,85035.75995,160135.7978,29513.92282,130621.8749,250961.6327,50676.93777,200284.6949,2.337576256,1.171623551,1,23.85755272,61.10156077,25.44226759,59.38314827
1927,50134.72415,48415.32333,1719.400823,58557.34648,54205.60116,4351.745327,145217.5472,44289.77089,100927.7763,1.318489834,2.152988416,0.9484766187,62.5536698,21.04880392,62.97153118,22.29932673
1928,1082239.216,61942.85657,1020296.359,693510.2929,54737.76859,638772.5243,213886.8239,58158.57481,155728.2491,1.027853482,2.922528679,0.9298193453,21.69608322,68.67146126,21.86803428,69.68482971
1929,267611.2816,62612.47681,204998.8047,155610.3093,41756.38989,113853.9195,159181.2129,36490.76525,122690.4477,1.929448727,0.7469703656,0.7625773517,12.6204538,15.65041341,13.88787926,17.10520037
1930,22171.15483,47225.59926,-25054.44443,65069.50365,58910.65343,6158.850221,113014.906,62314.66435,50700.24166,0.9448394324,1.505782621,0.6393762479,55.39435183,59.81620173,56.03307368,60.5124459
1931,211255.5556,64674.62869,146580.9269,215767.9354,64731.19247,151036.7429,237855.7539,38796.32335,199059.4305,0.2999262805,2.442810701,0.8345313163,77.46892597,49.14809771,77.65466739,49.38358847
1932,193104.1052,53560.49589,139543.6093,137080.8691,47808.19358,89272.6755,157898.766,42802.5865,115096.1795,1.093417604,2.17053816,0.7659121138,29.12545079,10.14555971,30.09308627,10.65471944
1933,855808.3851,44272.96929,811535.4158,642243.9149,45842.57381,596401.3411,376986.3105,58467.06951,318519.2409,1.407841681,3.055633194,0.7552382498,94.64763669,73.53591034,94.01910692,74.79565974
1934,154414.6124,61213.68728,93200.9251,149814.9366,55090.72712,94724.20952,190462.3251,53111.56126,137350.7639,0.2155185803,4.490746099,0.7738008639,1.852450889,23.96627525,2.056581463,24.03540532
1935,155207.4526,43478.95832,111728.4943,157669.0849,54631.22098,103037.8639,190304.7158,45006.09805,145298.6177,2.20856474,4.408081177,0.6952861114,45.6340011,96.86723433,44.24678131,98.58577425
1936,895675.2446,58522.85914,837152.3854,646749.518,48516.43698,598233.081,223643.8307,47255.27525,176388.5555,0.9510667981,1.599651583,0.9775962035,14.37131187,43.96884564,15.00952486,44.67397842
1937,39816.1738,50749.27331,-10933.09951,51843.59386,53543.75427,-1700.160419,90111.29938,50941.58638,39169.713,2.558779423,2.218156629,0.9772905544,81.89025544,2.879196553,84.43993345,2.663571555
1938,193870.9088,72875.2067,120995.7021,155044.0461,59074.7884,95969.25772,124570.8896,49719.50449,74851.38508,2.234276227,2.560311903,0.7768283416,27.54494397,45.51704409,29.59243592,46.41134103
1939,223744.7342,61489.91686,162254.8173,153398.1203,47752.45063,105645.6697,179904.7148,43686.26246,136218.4523,0.6125135285,2.06605664,0.8327718283,22.91964642,27.68592532,22.74723454,28.27367269
1940,189169.8996,54941.55355,134228.3461,211593.0997,53195.80055,158397.2992,192450.7955,55747.31643,136703.4791,0.8525372019,2.620869271,0.9638751871,64.4550055,48.88092406,65.06139753,49.4801806
1941,1077083.552,72636.68679,1004446.865,699681.7439,44272.03438,655409.7095,321855.7076,44858.23817,276997.4694,0.881793002,2.07628819,0.7008486246,8.469402018,44.94402294,9.024308464,44.25872174
1942,222813.0536,56132.00663,166681.0469,143248.1567,51845.13725,91403.01946,182663.864,38419.78069,144244.0833,1.852566769,1.804742469,0.7899366863,0.6420450424,56.95149484,0.6794112525,58.80368473
1943,956448.8698,46972.17056,909476.6992,760899.6875,53226.71813,707672.9694,288358.7575,46867.45921,241491.2983,1.566134238,4.052237951,0.6887856409,90.95660993,10.89844337,92.4752962,10.51586204
1944,884249.7056,61249.65136,823000.0542,801296.4248,53479.49879,747816.926,271929.4237,65194.26288,206735.1608,1.045286263,1.80212322,0.8883153777,96.4354604,41.41932253,96.25363332,42.44867295
1945,993627.41,67864.34576,925763.0642,700651.1622,55604.24398,645046.9183,167554.9658,45426.00214,122128.9636,1.144625188,4.219966672,0.8660528164,88.94676066,9.709683453,87.80222606,9.724083863
1946,214841.6661,45997.53917,168844.1269,193518.1592,56111.7018,137406.4574,182266.4297,45690.28467,136576.145,0.7119467047,3.656466418,0.8158457789,34.36742266,48.90912051,33.70237659,48.65499093
1947,227673.1177,62372.42565,165300.692,198854.6142,46839.46222,152015.152,209011.8858,49236.71651,159775.1693,0.7903351242,4.003988076,1,87.62947983,26.04914692,88.13664762,26.65529082
1948,263934.2879,62471.26427,201463.0237,171755.3,34563.97313,137191.3268,255942.8098,56465.0494,199477.7604,0.2954984642,1.676103195,0.8742638797,91.81027046,54.61358721,91.89490579,54.89670592
1949,250616.2072,46554.0309,204062.1763,137066.573,51293.20236,85773.37068,238650.1955,48435.42672,190214.7687,0.4871010152,2.340018914,0.9014360169,15.80294673,70.79192867,16.10837325,71.17137832
1950,63531.82828,54234.51214,9297.316133,46754.31434,60452.73356,-13698.41922,144508.196,61966.39972,82541.79626,0.33357066,6.640958977,0.773993742,85.41394372,62.29689342,85.24134105,62.58233641
1951,896678.3584,59626.57399,837051.7844,659934.465,49423.69385,610510.7712,207218.2439,56022.61177,151195.6322,0.9714448197,2.28539877,0.8024855382,39.07174497,66.07312281,39.48421427,66.95265344
1952,874371.0788,55261.19514,819109.8836,692376.4062,53026.14693,639350.2593,244225.1473,49877.70729,194347.44,1.462484215,4.636438998,0.8455881325,27.1916188,62.64863601,28.56499985,62.14595863
1953,37377.84178,49503.0412,-12125.19942,52187.15574,46088.40412,6098.751616,151546.7442,47979.70357,103567.0406,0.1261104757,2.835536882,0.6959575608,12.09753127,13.934592,12.18605561,14.02441012
1954,225755.7492,60863.23216,164892.517,154589.2384,56021.79252,98567.44591,249580.0508,40395.0958,209184.955,0.5990919845,3.873249127,0.8216779714,38.42190186,68.22211552,38.87381583,67.82881542
1955,186560.7166,59624.91827,126935.7983,197163.6982,56788.66033,140375.0379,179030.5291,38248.33902,140782.1901,0.487952807,3.743336565,0.7548791274,18.73491275,24.40792142,18.6141761,24.88070107
1956,143778.9306,56566.28551,87212.64508,215367.8977,62294.80592,153073.0918,151946.3251,55283.1389,96663.18619,1.158008324,4.282383726,0.6953674948,58.85400123,73.32077981,59.23730985,74.41350932
1957,55343.50671,52726.09063,2617.416083,28311.70519,48923.85886,-20612.15367,174221.6619,57688.4762,116533.1857,2.615071028,3.81478549,0.8728893634,62.07004273,68.7935683,63.86779635,70.692694
1958,53176.79907,51500.96225,1675.836821,58533.53372,49391.73014,9141.80358,113884.8283,45857.17216,68027.65612,0.5083127395,2.705536472,0.9702201578,71.49720745,34.58416571,71.99777219,34.67257827
1959,172990.4072,57495.64878,115494.7584,132821.4293,53416.95478,79404.47451,215490.8985,54783.86235,160707.0362,1.542544385,1.230296834,0.6010751231,63.10508654,19.35870593,64.00266598,20.61321552
1960,51690.09118,55508.63861,-3818.547428,61404.86155,50143.6632,11261.19834,110361.329,42736.52757,67624.80141,1.31921188,4.618933494,0.7657344768,99.68171748,95.19954916,99.23834265,96.44202199
1961,234144.9923,45770.97383,188374.0185,178043.461,54554.59537,123488.8657,210612.9749,50822.06888,159790.906,1.536683045,3.313158072,1,33.79606667,12.84292672,34.14071472,14.3404622
1962,45134.54056,56387.05629,-11252.51573,60533.30545,54197.21541,6336.090038,232690.3115,55757.0544,176933.2571,1.611385734,2.135714223,0.8241753159,88.68335602,17.14228563,89.80433929,18.29985226
1963,28381.52289,38552.76051,-10171.23762,74222.42993,65686.67819,8535.751736,94368.9171,40519.53798,53849.37912,2.090766585,1.395865402,0.885962587,4.067769725,38.48783932,5.659919428,39.8429645
1964,731006.9555,38609.64233,692397.3132,699338.6912,50794.9351,648543.7561,336183.091,63446.8554,272736.2356,0.4274419974,5.4504933,0.9532461847,28.81409379,37.48947188,29.14201596,37.76365013
1965,47628.5202,58022.47587,-10393.95567,44035.03419,42740.87646,1294.157732,110072.3256,57035.99454,53036.33107,2.189953003,1.85458798,0.6570745273,10.39873402,98.44929586,12.43277532,99.2608192
1966,49739.64827,47937.31026,1802.33801,30009.8163,47544.71132,-17534.89503,148935.6801,55166.90474,93768.77536,1.564235099,3.437400118,0.6934306647,79.31146122,60.37776717,78.22061392,59.25665897
1967,677520.4648,62639.53644,614880.9284,878454.2356,60152.02703,818302.2086,306507.1662,55188.42072,251318.7454,0.9717867642,2.548139854,0.7777738487,60.86423704,22.70168964,61.75234342,23.09619764
1968,34819.97439,40991.31493,-6171.34054,51744.03326,50867.48178,876.5514772,201864.5933,44893.82631,156970.7669,0.5251010926,2.987687984,0.6848698992,82.70473566,18.55761113,83.22794724,18.51310492
1969,208031.391,44239.13319,163792.2578,180132.879,58105.76344,122027.1155,247809.6069,44690.09795,203119.5089,0.9688176124,2.078163748,0.7317952128,84.24600964,6.38895871,84.56026312,7.305393279
1970,928246.9057,51696.86147,876550.0442,840221.3487,38960.3475,801261.0012,360332.0537,44969.88608,315362.1676,1.113211882,2.961473157,0.5584031075,36.15557208,17.07936804,37.13734975,16.55462685
1971,60590.74117,61141.53868,-550.7975104,60745.83398,62574.01464,-1828.180662,189315.2229,50873.29092,138441.932,0.9807117456,2.406834511,0.8354675278,85.14425538,90.82617598,85.4476914,91.75876491
1972,848838.7609,57331.16648,791507.5944,917907.7822,48967.58044,868940.2018,187843.1811,37680.74464,150162.4364,1.947692162,3.621791361,0.6439901443,38.40415804,61.13122794,37.41984543,59.45056336
1973,47897.02043,49179.46186,-1282.441431,62021.72912,64497.34878,-2475.61966,142444.4379,57162.50921,85281.9287,1.382434206,2.339654913,0.922130955,18.76327633,31.4053804,19.85499175,32.25348521
1974,870502.3581,40591.39052,829910.9676,840745.2139,61388.6924,779356.5215,230742.3247,48331.27599,182411.0487,0.2911244176,3.253951665,0.611148333,97.68292676,98.90024985,97.71501636,99.1896003
1975,64684.6497,70049.38171,-5364.732007,51356.92587,53101.65282,-1744.726949,158699.779,51635.6279,107064.1511,0.6776788294,3.23481282,0.7519389117,31.78204026,42.61093998,32.44972016,42.72692339
1976,172477.5566,62316.09903,110161.4576,141644.8921,58285.93634,83358.95579,198310.8251,46980.98762,151329.8375,0.9011118039,1.939346894,0.7466771105,81.01995204,78.18655363,81.79564765,78.6451371
1977,47877.30283,53480.64368,-5603.340853,51039.30058,48978.85624,2060.444339,106395.0007,53678.48383,52716.5169,2.072732623,1.899796577,0.5894544082,69.64927681,0.7523236314,69.88427757,2.811691294
1978,147931.6017,72066.89786,75864.7038,149610.3858,39164.67852,110445.7073,247573.0586,54738.81917,192834.2394,0.7479467166,5.369560228,0.852284228,23.27122268,43.34513676,24.01122545,43.45385747
1979,42507.04387,53644.33982,-11137.29595,67837.19094,68302.91844,-465.7275051,160907.4254,54400.10954,106507.3158,0.7862974182,4.582407539,0.774662912,53.95292064,85.24997624,54.57741691,85.72775029
1980,964028.2333,45238.62571,918789.6075,710273.7569,59396.29286,650877.4641,275899.668,48799.25866,227100.4093,1.857115004,5.829049351,0.6844679605,33.98338978,42.68068947,35.79460147,42.27033797
1981,67759.25592,56256.91157,11502.34435,33843.06381,53022.00953,-19178.94572,99960.33516,57253.01724,42707.31792,0.9885869966,2.660903072,1,93.50481956,94.90879637,93.80272696,95.85142855
1982,58560.35085,52696.85783,5863.493014,43822.7798,57940.88699,-14118.10719,169026.2998,55600.36989,113425.9299,0.7796629748,2.544946996,1,27.9484543,64.23617916,28.68851409,64.48150723
1983,869179.4619,53873.88385,815305.578,640199.0161,55939.3534,584259.6627,242644.3674,40011.98027,202632.3871,1.025927653,1.596935914,0.8453264742,33.86808618,52.83006618,34.0848161,53.83284018
1984,74293.50372,63928.55329,10364.95044,54332.77877,52544.30937,1788.469398,113197.7821,53183.61743,60014.16463,0.8749179472,7.630328418,0.6846118084,24.74376687,78.68092659,25.19674239,79.42945487
1985,1093512.042,66578.43048,1026933.612,666448.8673,47347.23335,619101.6339,214377.4052,41845.12969,172532.2755,1.246602924,2.657501652,0.8184412755,63.99356107,52.78089915,64.6035947,51.6937571
1986,1084985.319,50747.22264,1034238.097,783349.2765,48503.29073,734845.9858,242000.6389,49353.27699,192647.3619,0.6370461555,2.985053418,0.7653297806,76.19056766,38.16162778,76.64714114,38.60588948
1987,61070.28426,57572.49562,3497.788641,64622.29719,52522.02195,12100.27523,77101.53306,44077.4426,33024.09046,0.8441756707,2.692534715,0.8301511992,43.95665496,61.39278185,44.77614923,61.59541873
1988,975657.1627,60030.97914,915626.1836,806932.4846,47807.02526,759125.4594,310472.7522,46329.41998,264143.3322,1.771110121,3.71930916,0.6098310477,20.76979895,25.15214119,21.79445692,26.59675433
1989,580068.3162,63799.0452,516269.271,824739.2993,51729.45917,773009.8402,242187.2222,54339.39528,187847.8269,1.177365158,1.805917863,0.8052941998,39.38151605,14.66217688,40.33723209,15.3497782
1990,55247.49262,48354.79822,6892.694394,56922.56329,50514.98698,6407.576304,107976.1639,63836.33421,44139.82969,1.664813148,4.385503556,0.7178135685,17.41798741,21.80222517,18.81202488,22.71231438
1991,71026.26479,62963.03969,8063.225098,54441.89456,51666.07942,2775.81514,90782.91191,42820.73648,47962.17543,0.890980902,2.58775984,0.6893930536,98.75776354,7.198660802,98.12699791,7.827931559
1992,57469.12819,47980.64601,9488.482188,43300.66159,44599.11345,-1298.451864,168851.2596,44538.14913,124313.1105,0.7588695259,3.170182383,0.8641388727,33.11893129,64.44313115,33.79480428,64.78820891
1993,158900.6124,54490.09887,104410.5136,193552.6138,40716.77521,152835.8386,222213.0845,58545.72673,163667.3577,0.4327824314,2.707281593,0.688940957,51.27375874,86.44346634,51.6775088,86.59930768
1994,154691.3632,43233.42277,111457.9405,175213.5335,51507.34917,123706.1843,157949.2889,51944.33482,106004.9541,1.114871742,2.281988782,0.7548036284,31.90872433,74.51205791,32.88557959,75.04935933
1995,230283.8372,68478.784,161805.0532,236918.0827,59648.92504,177269.1576,226843.8901,48037.40227,178806.4878,1.340751782,2.336528457,0.8701466856,96.87748175,63.78274384,96.52258474,65.07567208
1996,311734.1604,75825.29967,235908.8608,126270.6473,51054.43979,75216.20749,223588.4817,54790.15085,168798.3309,1.405289116,1.162786728,0.8470976303,64.81256417,43.89716101,66.1566575,43.48697735
1997,51454.86312,57986.13162,-6531.268497,50206.28906,43561.77056,6644.518497,58197.44918,51071.05823,7126.390949,0.8910504648,0.9215235342,0.721340797,64.50491546,59.90807936,65.34116224,60.21575168
1998,227694.2138,58317.24644,169376.9674,144412.8039,54100.3517,90312.45217,181808.9049,46445.79264,135363.1123,0.6494096885,4.030867641,1,51.62552316,0.4423770524,51.7166308,1.085364098
1999,46837.33332,46799.9943,37.33901743,43235.59463,54158.03566,-10922.44103,30017.53552,51024.64648,-21007.11096,0.8151436343,1.388323341,0.7582253384,91.63559375,41.95765367,91.72716902,42.76763708
2000,751061.9401,48868.88552,702193.0545,807248.3499,53515.04832,753733.3016,225834.3414,44215.5242,181618.8172,0.7911050472,3.929088903,0.8463791683,18.34828146,18.20630627,19.08078211,18.50512058
2001,69232.25116,59162.00842,10070.24274,55478.48261,56002.45599,-523.9733831,134332.2555,54501.19461,79831.06087,0.6036427029,4.071018863,0.8006643159,8.510399003,40.18057739,8.226129175,39.64805962
2002,1074486.318,52594.93281,1021891.385,831857.9051,60230.17227,771627.7328,216165.8937,56880.47258,159285.4212,1.140195776,3.42544354,0.7630208126,23.98280034,88.83093997,24.78120811,89.64493717
2003,928367.1469,46713.4086,881653.7383,708322.2805,44965.09352,663357.187,306618.835,58045.60623,248573.2288,1.158952938,2.165803348,0.9458753872,33.35245889,84.27623547,33.26542155,85.43191554
2004,941728.6657,56069.08482,885659.5808,752551.0578,60600.89235,691950.1655,329391.5105,55936.79915,273454.7114,1.273219518,1.508932177,0.8020733989,68.57414074,27.18128711,69.41355934,28.13860856
2005,803054.4888,46350.12796,756704.3609,789317.3754,46519.21218,742798.1632,205337.8882,54838.78673,150499.1014,0.8437692918,3.1093942,0.6985538599,46.36355755,75.80399409,45.72424485,75.25333458
2006,61478.18299,59908.83519,1569.347798,83195.07837,60312.53034,22882.54803,222957.4439,61279.40064,161678.0433,1.389923547,5.882183619,0.6859110145,64.04352586,51.94202363,65.238611,51.23233427
2007,68906.30498,59460.27071,9446.034268,54574.00039,56894.5046,-2320.504205,170185.4887,41910.62403,128274.8647,1.14550919,1.102666945,0.9609548577,46.11753434,57.56048958,46.96035888,58.33627183
2008,780450.1979,54742.96083,725707.2371,833067.7104,62230.22902,770837.4814,298264.2083,64692.60367,233571.6047,0.6669190585,2.9254521,0.8078801234,82.97068467,36.26383278,82.76834202,36.89931566
2009,34263.21735,51532.0848,-17268.86745,50844.46703,51993.69652,-1149.229495,171139.6577,38722.30244,132417.3553,1.564482141,2.703644792,0.7484443504,53.33812066,14.36809913,54.42013836,15.4980735
2010,870677.391,58817.44764,811859.9434,694855.1327,56634.92811,638220.2046,331323.6548,53988.70181,277334.953,1.274470339,1.316574317,0.8398652901,25.07003065,97.08484165,26.25637373,97.55052903
2011,45641.15736,58231.01593,-12589.85857,59032.40573,51172.46979,7859.93594,62453.38341,40022.31343,22431.06998,0.6798379028,8.62456146,0.7023756967,69.31726211,52.9340173,69.90404854,53.27732658
2012,56617.08334,67291.58524,-10674.5019,41835.91367,54624.23867,-12788.32501,156881.4868,46819.11331,110062.3735,0.6683232704,3.306643132,0.9645083987,48.61169292,9.815170146,49.1536657,10.20622193
2013,73920.87916,60507.09539,13413.78377,58459.36445,61184.55912,-2725.194672,102972.2097,48778.18037,54194.02936,2.862914468,3.186885485,0.5978881984,6.017424086,55.20732995,8.728691872,54.28792457
2014,63527.92685,49813.76619,13714.16066,53019.90096,56036.72212,-3016.821167,139878.1539,53278.91713,86599.23678,0.8079413608,4.045173948,0.7632599379,26.45966818,47.96623348,25.68964575,48.21084479
2015,46784.30197,54559.37977,-7775.077801,47816.81707,52451.88361,-4635.066545,73842.00026,48746.96421,25095.03606,0.6132655145,1.841111336,0.7096179507,62.68602585,75.31715212,63.25194215,75.55344288
2016,928174.3114,47948.70631,880225.6051,770167.2291,49612.50426,720554.7248,297431.5686,50599.67365,246831.895,0.9912262631,4.322968486,0.7543435536,83.66540439,11.11339096,84.55696086,11.54658443
2017,768813.3473,48813.75111,719999.5962,892264.33,50480.72838,841783.6016,304045.7609,51381.3491,252664.4118,2.718692836,5.490623426,0.7741189991,18.8025741,76.76258421,21.35418411,77.7009749
2018,76326.32557,75254.0671,1072.258469,57308.01973,61452.09544,-4144.075715,210719.6095,52050.06272,158669.5468,0.5610499349,2.781722089,0.7030679688,29.64955875,25.65215676,30.0456347,26.04952419
2019,907224.7168,56981.35784,850243.3589,719679.5402,55579.73005,664099.8101,261555.1784,53979.21112,207575.9673,0.4185516755,2.13344774,0.9187285553,64.80049648,51.90317508,65.21864907,51.88490176
2020,892818.0829,39496.04319,853322.0398,751207.9592,46290.25731,704917.7019,273263.3004,50022.26676,223241.0336,2.704800774,2.373053078,0.5249889286,29.65329194,78.96280314,31.53863653,80.90224197
2021,91119.38526,62479.7581,28639.62715,45579.78259,45557.99613,21.78646348,203733.6372,57148.77065,146584.8666,0.4941091175,2.379947263,0.4981802887,9.71010038,70.65515031,10.12051997,70.93028588
2022,229202.894,53371.51369,175831.3803,194649.9936,55129.42182,139520.5718,143732.8542,61741.38728,81991.46691,2.778665587,3.253331398,0.7475527907,79.79882632,95.12314951,81.15303536,97.54948426
2023,188829.728,51763.80327,137065.9247,172618.9576,47501.87115,125117.0865,175740.2374,52519.99317,123220.2442,0.204208425,2.361291365,0.7489610614,89.74777442,20.03375231,89.94411373,20.08989457
2024,214872.6664,52467.47149,162405.195,179783.2697,43424.23291,136359.0367,177691.2832,51442.76621,126248.517,1.161351599,2.083761772,0.839568942,60.54564187,39.76683529,59.47013491,40.20503882
2025,250708.8784,70511.04293,180197.8355,176977.9999,52783.8535,124194.1464,200950.6264,44700.05634,156250.5701,2.40467241,4.630996226,1,8.966800964,95.10245038,7.929435638,97.27185642
2026,896587.7373,52370.54216,844217.1951,652122.6479,52007.2999,600115.348,218777.7374,50640.09753,168137.6399,3.798587841,5.583785962,0.7753387742,35.84744397,18.96582347,33.72166353,15.81775628
2027,41135.05923,51316.81448,-10181.75525,63467.94397,54171.38501,9296.558965,78154.26164,47697.16327,30457.09837,0.9899352187,3.660722844,0.8983059212,84.6969021,33.08012999,85.52772906,33.61836627
2028,49994.51893,50604.89502,-610.3760823,36870.09087,48628.35989,-11758.26902,52910.57911,55986.21917,-3075.640058,3.36332433,7.005930003,1,87.6467322,54.82206147,89.52998407,57.60869259
2029,902287.0973,61522.73457,840764.3628,791652.0251,61104.19359,730547.8315,279944.1233,51310.40393,228633.7194,1.458165662,2.369988021,0.7225954423,46.6535108,16.83889936,48.11115731,16.79999244
2030,765031.7274,42481.68981,722550.0376,675545.0243,51200.65152,624344.3728,275481.6831,52933.06152,222548.6216,1.0024426,2.190316961,0.9110645846,97.64173876,40.41988736,98.1029392,41.3099353
2031,1105925.567,54711.49762,1051214.07,694755.2618,44901.64108,649853.6208,278309.1315,44344.20274,233964.9288,1.443133323,4.605981252,0.8400860405,4.703290949,33.66716445,5.059389655,35.06567348
2032,51780.05573,59471.98587,-7691.930144,19675.31874,34695.45096,-15020.13222,173692.8463,43906.40446,129786.4418,2.668695315,2.689607387,0.6646265548,83.91467201,12.84191728,84.65093493,15.40703942
2033,56307.22539,60307.0674,-3999.842011,56853.77345,63259.1397,-6405.366251,151338.5191,36483.56636,114854.9527,0.2739550851,3.86169801,0.7533170965,70.0135487,36.76159327,69.86722761,36.52998686
2034,836934.0404,45401.20693,791532.8335,796138.3828,54071.08221,742067.3006,268351.4908,43883.71038,224467.7804,1.003929343,4.23939584,0.8313444202,20.39057704,36.79327364,21.29803773,37.22267932
2035,43055.38804,51230.24364,-8174.8556,47210.00211,50225.39037,-3015.388263,93067.4348,48852.75824,44214.67656,0.6373824399,2.186197564,0.6416134194,10.31433922,33.31155214,10.73240479,32.830431
2036,26350.35916,42327.57508,-15977.21592,49578.39978,45054.82564,4523.574146,94887.26723,46709.43264,48177.83459,1.537850122,3.015988497,0.9442066513,79.78144874,77.97442371,80.88938063,79.04094606
2037,72866.34727,69725.56658,3140.780691,76628.07001,60458.44091,16169.62911,143738.0157,51859.74478,91878.2709,1.745163617,3.853886964,0.8680307547,74.44554222,42.77670859,76.1841441,42.6255148
2038,222456.8204,49203.23799,173253.5824,172974.3608,51556.34383,121418.017,247420.808,42058.66927,205362.1388,0.626169692,3.906698153,0.7819385091,56.28664048,69.93555624,56.51400709,70.51898825
2039,954626.9042,54016.46656,900610.4376,494539.8518,55644.18084,438895.671,261898.3684,38993.27352,222905.0949,0.5610758171,1.824072433,0.8954727532,75.96405243,54.9083981,75.54234125,55.27848695
2040,244749.8769,61831.99242,182917.8845,184290.8687,65670.97996,118619.8888,188775.6582,61797.82014,126977.838,1.416409452,12.26662399,0.8713237153,85.68036033,89.13147457,87.06020536,88.81171931
2041,750772.0824,55219.64079,695552.4416,756076.9748,53888.75059,702188.2243,295705.9132,49499.50901,246206.4042,1.634004674,3.863537511,0.7768331733,28.57577925,56.24663445,29.69919004,57.43319228
2042,871950.6535,43765.67263,828184.9808,805925.6831,43179.16706,762746.516,363583.7033,58721.87625,304861.8271,1.296649433,3.510881375,0.8126228455,35.81374803,48.44627174,36.22259996,49.67677564
2043,847081.5152,58414.29912,788667.2161,737229.7157,46132.56015,691097.1555,311633.8185,42071.43338,269562.3851,2.661689164,4.658026601,0.8539603492,38.94444459,7.779388641,40.93908961,9.54176785
2044,987329.6242,76086.08275,911243.5414,715919.6776,60122.10316,655797.5744,266497.5884,54618.97679,211878.6116,1.162699712,2.255517432,0.8981889204,26.72783742,56.72170525,25.9509852,57.58678979
2045,42311.71627,32984.25154,9327.464731,69362.85975,65755.41627,3607.44348,125344.2302,38985.67531,86358.55493,1.869002149,7.730154814,0.6360934239,46.37164915,75.56348394,48.01481692,76.45408414
2046,826062.1144,59040.67879,767021.4356,757227.9552,58014.19304,699213.7622,258806.0525,46837.91942,211968.1331,1.409214878,2.516743562,0.8392697159,26.39982252,63.47394222,27.23870471,64.60626869
2047,899410.2002,57789.60832,841620.5918,828123.2567,60149.93262,767973.324,302666.0153,58208.49947,244457.5158,1.64826621,1.776571311,0.7787335983,84.86867672,54.99604126,84.64907075,56.62961241
2048,980853.8936,38551.51997,942302.3736,824727.8785,64280.50464,760447.3738,277571.9644,35773.18166,241798.7827,0.7582553128,4.881136283,0.6966979983,59.95954156,67.27077829,60.28678238,67.95478455
2049,62036.04561,57775.40792,4260.637684,58667.25516,53178.12026,5489.134901,105129.2569,39606.27947,65522.9774,0.5384131416,2.675600948,0.5387521345,8.319840397,2.923722737,8.589145432,3.389945332
2050,58543.99873,52697.40236,5846.59637,41061.53487,48527.2978,-7465.762926,127489.9801,54449.32353,73040.65657,0.5528872765,2.561177219,0.7835502011,77.59932235,18.75296671,77.39261284,19.26575859
2051,45357.87952,45301.52107,56.35844909,60191.23985,63894.58623,-3703.346379,90426.30583,52542.17697,37884.12886,1.726706072,3.373254848,0.7654892496,72.11780053,3.175284437,73.73747446,3.773757683
2052,174810.2938,53240.35895,121569.9349,114461.2579,49782.88541,64678.37247,133053.9776,51318.84094,81735.13668,1.551849831,3.274256558,0.9606483336,24.64463639,21.88496749,26.15636518,22.23555834
2053,39495.4673,48068.98389,-8573.516591,45392.35274,50783.33226,-5390.979518,134079.3932,46396.14994,87683.24324,0.5657273569,1.093582899,0.7688546554,28.36884611,2.88472046,28.9062454,2.707945334
2054,270565.4893,57725.21716,212840.2721,167417.2772,49342.75241,118074.5248,246651.531,57363.09117,189288.4399,0.6227535762,2.091021241,0.5393745042,23.27375962,80.29485758,23.71113222,80.73817149
2055,872631.6275,64395.59888,808236.0286,810543.1275,55669.08465,754874.0428,282785.6654,38154.96326,244630.7021,0.538025784,1.814705897,0.9601203047,59.67603953,87.39462315,60.03480607,87.79556993
2056,60916.23783,62424.98736,-1508.749531,41629.04412,47951.07394,-6322.029819,129732.4373,50321.75206,79410.68529,1.499860688,4.289448495,0.8524727459,92.40578914,49.31327796,93.90227932,49.41377286
2057,63574.60035,47869.10192,15705.49843,33839.42732,52083.92402,-18244.49669,180397.8808,53025.8849,127371.9959,1.551862408,3.132479893,0.7704707126,59.11488749,27.42450461,59.01651468,28.97324595
2058,906622.6566,65221.96235,841400.6943,860022.8787,51921.72782,808101.1509,310191.7417,52892.14481,257299.5968,1.732649734,4.764332656,0.8275939588,7.77993047,78.794392,8.785953581,80.20506298
2059,654084.2246,45714.69711,608369.5275,571483.4446,41437.00819,530046.4364,291699.2135,47720.40692,243978.8065,0.9279740934,2.827622169,0.7966900339,17.54501999,26.65339242,17.57585642,27.58085402
2060,63613.25738,54552.81146,9060.445919,40185.69343,48528.79293,-8343.099498,165249.9187,46092.30937,119157.6093,0.5312385917,3.940901964,0.8838433409,91.606884,63.91843229,92.10474823,64.10375809
2061,715320.7768,53705.69371,661615.0831,710130.4694,52457.29067,657673.1787,317713.2318,48810.19005,268903.0417,0.5864718655,3.206151396,0.8495927863,44.27788087,88.29133313,44.66740078,88.72976612
2062,871237.0862,55829.58484,815407.5013,811712.5473,45888.67552,765823.8718,283684.8152,52573.63643,231111.1788,1.32130423,3.078252665,0.8696545843,5.571736895,72.88804068,6.820626606,72.45662515
2063,873554.4727,44067.4558,829487.017,667212.8601,55004.97915,612207.881,292041.8188,53851.38944,238190.4293,1.442611193,5.980099665,0.8946155864,75.82961453,47.3278214,77.14971072,47.90960581
2064,50018.18226,59825.92256,-9807.740294,60770.66995,58840.78614,1929.883811,164725.6032,51463.70911,113261.8941,0.2080086876,2.556543931,0.7660002756,43.27144896,98.37218944,43.47554279,98.41235562
2065,56555.94747,47373.36191,9182.585556,55263.87374,53776.7653,1487.108446,184282.9684,40895.15925,143387.8091,2.713578194,5.569839667,0.748633804,91.6594988,5.155869835,90.33813678,7.525998317
2066,839468.4248,47315.19179,792153.233,806967.1802,63962.55319,743004.627,289047.1702,56932.92582,232114.2444,1.690586762,4.961937178,0.753912052,54.13553664,11.47511835,54.67851817,13.07613511
2067,180187.2782,53489.50757,126697.7706,151150.7161,44149.57145,107001.1447,245009.4759,39502.78791,205506.688,0.3774363737,1.812867069,0.7063565466,1.565894122,73.19093485,1.424609901,72.84093916
2068,916645.2914,57096.65399,859548.6374,591196.3556,48125.32813,543071.0275,269857.9139,47459.63776,222398.2761,1.793257406,2.507849035,0.7965443834,76.55782143,79.18001147,74.817581,78.7471889
2069,271073.9149,66149.56203,204924.3528,196624.2755,56741.08871,139883.1868,210216.8125,46936.66098,163280.1515,1.490720511,2.090671775,0.6561270433,71.98202158,55.59374611,72.3793164,57.03054967
2070,970955.3452,58758.06469,912197.2805,725982.9586,54234.74171,671748.2169,198698.3762,63248.36579,135450.0105,0.6426822972,1.850989565,0.7706861119,82.74060045,78.89640904,82.11607679,78.74471618
2071,1069168.99,42205.59645,1026963.393,504196.5268,47402.08606,456794.4408,188228.727,37801.88156,150426.8454,1.017296419,4.679185704,0.7795019771,75.8079882,67.0908102,74.98572706,67.68979152
2072,194407.2455,59598.80594,134808.4396,192693.7474,46575.76952,146117.9778,197279.5758,55456.87155,141822.7043,1.721074692,1.740467002,0.8950546503,79.92050602,44.48323294,81.59379058,44.88599449
2073,267472.4566,46095.65731,221376.7993,93555.18901,51894.60463,41660.58439,95762.97306,46431.94416,49331.0289,0.8936053786,2.337554799,0.6900735807,98.88631029,28.22827049,99.61874738,28.74019478
2074,800136.4561,50324.25224,749812.2038,752131.7492,53809.06083,698322.6884,315310.6465,42839.60379,272471.0427,0.5470306518,2.62637951,0.7869095792,83.00962677,89.82844753,83.4694254,90.124805
2075,42008.66175,51823.67905,-9815.017302,64144.89588,47001.21991,17143.67597,44605.51287,40371.59871,4233.914159,2.818140712,3.799048317,0.8273585544,96.23091907,9.162111574,98.7859095,10.35120407
2076,711075.4983,54445.50353,656629.9947,856923.9403,54630.55051,802293.3898,308424.533,47217.81158,261206.7215,0.2698612295,1.421058169,0.6055029497,15.10724624,17.08755669,15.27681102,17.29749209
2077,805221.1303,55353.84218,749867.2881,615982.6441,41054.90605,574927.738,303239.3092,47602.34379,255636.9654,0.4257005377,2.561941762,0.8868805425,42.6205668,44.94444565,43.00157957,44.7545767
2078,1083318.529,54469.11547,1028849.414,922580.5655,45601.68701,876978.8784,287183.9635,56320.63315,230863.3304,0.5257244545,4.574591027,0.719668608,36.06087376,58.04388309,36.00000261,58.56607166
2079,977414.7048,60360.42648,917054.2784,808859.2994,40577.74186,768281.5575,336873.4577,47244.16119,289629.2965,0.6350706901,3.666842459,0.7062111339,58.07809784,31.190912,58.705287,31.29065434
2080,862150.4137,46327.85845,815822.5552,879188.398,59574.3177,819614.0803,374383.8232,54312.59433,320071.2288,1.005014862,4.370658463,0.6346837263,60.8137732,71.65848761,61.47902592,72.41180938
2081,59528.70075,58197.87157,1330.829185,63221.02393,51843.5101,11377.51382,98841.01944,50014.81066,48826.20878,3.543709459,3.290838772,0.7972057353,67.28817768,93.05545742,70.26712788,94.97476261
2082,160329.8654,63329.58572,97000.27968,151873.7153,50267.06536,101606.6499,211483.3528,39893.37444,171589.9783,1.212329012,1.364619344,0.903345324,73.68618778,56.70341235,74.00728824,57.87244448
2083,47529.47653,51784.2877,-4254.81117,46545.68157,46619.17625,-73.49467692,196816.1376,54322.05225,142494.0854,0.9582511415,3.882932018,0.7742965287,24.50504619,75.7345372,24.93465791,76.59108785
2084,903240.101,44360.26281,858879.8382,706838.4894,50017.90786,656820.5815,380520.6128,54999.00653,325521.6063,1.711346855,3.883586023,0.5923365391,3.497470527,22.43608306,3.261926025,20.74102352
2085,214166.0522,62956.29395,151209.7583,196160.311,63266.59334,132893.7176,303135.7852,59749.18577,243386.5994,1.457396636,3.453104731,0.9304148079,43.78443763,22.18801657,45.22869198,22.38329672
2086,960077.4506,49179.79424,910897.6564,824380.8089,50859.90656,773520.9023,327657.7115,44840.44767,282817.2638,0.9479020151,2.84969136,1,69.57642451,46.99348254,70.41485745,47.43569114
2087,197546.5378,49762.08183,147784.456,131898.152,55852.63438,76045.51767,264655.2525,52659.03009,211996.2225,0.8729838692,2.48875043,0.785274121,9.654779391,89.4947736,10.52516351,89.42745108
2088,203781.2193,53934.62599,149846.5933,156808.1179,54087.83027,102720.2877,249741.1053,54167.71472,195573.3906,0.5877014883,1.514844525,0.8515864306,26.772739,9.267680917,27.3543379,9.352154384
2089,79903.43039,64328.24307,15575.18733,32382.58498,46548.95527,-14166.37028,169610.6836,49987.31931,119623.3643,0.6659040885,1.112314707,0.8727187395,11.61574743,99.4448928,12.19907844,99.7660675
2090,30971.58412,38246.34098,-7274.756866,56047.13945,59739.435,-3692.295543,102909.2982,53352.28604,49557.01212,0.9633186305,3.14877746,0.7231955912,55.09179308,44.0565206,54.37325371,44.69814662
2091,955315.5462,54449.43994,900866.1063,873338.0665,67151.30029,806186.7662,279955.7567,47354.27397,232601.4828,0.6335141714,0.9530954301,0.7361271141,0.8980338441,52.1856574,1.250793413,52.71187114
2092,53413.33341,52467.70284,945.6305689,61147.72314,54345.38504,6802.338102,147827.7227,63535.39393,84292.32881,0.7185961248,1.990733674,0.7464844932,84.97698129,15.33095189,85.26003665,15.99145175
2093,73053.39512,63673.59542,9379.799695,64490.98637,63084.89934,1406.087026,117391.2133,54841.917,62549.29626,1.671180415,1.932796355,0.9217121908,5.248789045,49.39150011,6.598150609,50.37743487
2094,1059981.011,68089.32615,991891.6851,731320.5125,47921.24208,683399.2704,261293.1626,42881.47113,218411.6915,0.9532766674,1.555162169,0.7546588135,37.93896078,88.29969787,38.87131735,88.49831214
2095,201227.1204,51882.30593,149344.8145,136913.5516,49423.96221,87489.58942,276772.701,55307.60941,221465.0916,1.880578237,2.072047353,0.8948821164,28.04861576,87.30553313,29.61790436,88.34182836
2096,790951.6482,49678.77088,741272.8773,711010.655,63587.54211,647423.1129,263740.1386,50944.83821,212795.3004,1.297105374,5.215404914,0.3886737766,59.35388394,5.103068691,60.47324639,5.758438853
2097,271755.065,43507.74589,228247.3191,197455.5505,52631.02127,144824.5293,199425.3436,58040.31217,141385.0314,2.269901314,2.320401337,0.8678133912,62.58020131,36.15531235,63.12277607,38.35941412
2098,1214876.729,62269.80182,1152606.927,836839.284,56555.11314,780284.1709,240256.2001,45671.11666,194585.0834,1.683374856,1.319597484,0.6705772296,61.64263123,33.03511642,61.88788236,34.70053012
2099,58732.1972,57232.55418,1499.643011,40710.3079,54040.90965,-13330.60175,126035.3266,52688.40871,73346.91793,0.7763627642,4.28056373,0.7167793703,54.08673612,16.13204905,54.75859051,16.52108737
2100,1001638.488,55883.18676,945755.3014,529764.6612,51583.66913,478180.9921,247233.7842,54817.30673,192416.4775,0.9768986021,2.940270611,1,20.29586827,10.81842524,19.67390891,10.06510099
2101,312047.2406,59733.35062,252313.89,113893.2601,54822.03478,59071.22528,198288.0701,45778.16516,152509.9049,2.722481767,2.148482354,0.9637157928,91.02896344,12.48378852,93.75049888,12.41201222
2102,185014.8842,45129.92129,139884.9629,144890.5079,45201.68163,99688.82631,223988.5423,60216.77756,163771.7647,0.9185255066,3.343151695,0.7286457923,80.24039943,89.07579746,80.07650374,89.97958245
2103,169114.1409,58648.36022,110465.7807,164017.5088,61251.16932,102766.3395,180213.2174,47212.94189,133000.2755,0.4658441785,5.559039881,0.7120550044,4.398480232,14.69909043,3.992217242,14.92704038
2104,221642.4855,54399.21478,167243.2707,137613.5051,46741.76202,90871.74303,256530.8427,54185.19853,202345.6442,0.3981265807,4.415956025,0.4182720264,71.2329904,28.78769296,71.60710391,28.65151714
2105,1130290.455,55931.78203,1074358.673,533115.1202,58235.4115,474879.7087,243855.4182,43678.49971,200176.9185,1.420172987,3.536539937,0.8859106843,79.45829845,35.48994169,80.42851696,34.45284606
2106,64701.56391,56999.41536,7702.148548,51499.27874,52673.43345,-1174.154715,116446.4066,45299.39522,71147.01142,1.568584079,2.328653113,0.6575408861,14.12531191,77.2353038,15.20609189,78.3721286
2107,236335.4016,61561.56959,174773.832,210067.0097,50659.23916,159407.7705,174458.2988,55871.70731,118586.5915,3.271332937,2.313233105,0.6934271456,81.56165568,20.37328594,83.43792704,23.05306671
2108,133785.907,53716.20145,80069.70554,232224.8767,40483.62683,191741.2499,235071.2224,46456.58934,188614.6331,1.461311517,4.440950575,0.7588777303,75.79685436,37.49678999,76.43541757,38.81119798
2109,55607.49887,53620.1712,1987.327678,51807.10567,51783.10256,24.00311049,158840.7673,45107.56638,113733.2009,0.6550048202,3.818043416,0.6293901051,94.98163106,14.8105124,95.54850601,15.13866497
2110,932858.6653,67170.54433,865688.121,705391.1877,52189.70357,653201.4842,267382.4081,46628.95992,220753.4482,2.397592475,2.471486169,0.8339824931,97.43724638,67.6893655,99.38720002,69.08440331
2111,891033.9958,65397.26434,825636.7314,656108.8843,46463.48946,609645.3948,282051.2808,44224.42718,237826.8537,1.498586813,1.812992011,0.8405732866,50.02625387,83.70981632,51.42945879,84.23591361
2112,59284.47767,52562.5003,6721.977365,46380.02065,44132.63671,2247.383946,128143.8362,48355.02249,79788.81372,0.05247553862,1.627804811,1,96.87588287,22.45688197,96.92209316,22.48174743
2113,758069.4734,52834.67255,705234.8008,472810.2544,43789.79234,429020.4621,270208.7313,45258.33915,224950.3922,0.9763199671,3.722748505,0.8470080212,25.65962348,36.77358753,26.39879555,37.41141613
2114,235105.6825,63733.83466,171371.8478,118895.7064,39137.60533,79758.10104,134811.5773,53650.85861,81160.71865,0.765489236,1.937498726,0.9218074957,45.7501219,20.84508278,46.06365355,21.54341771
2115,67287.76701,55667.50717,11620.25985,64507.08788,52810.90852,11696.17936,180832.6099,46089.78883,134742.8211,1.77473514,11.77684431,0.7013599882,88.16144483,43.6722489,88.19929215,41.89791736
2116,250772.9665,50439.04383,200333.9227,203984.7624,53448.75033,150536.0121,150900.7975,45949.69082,104951.1067,1.634753845,2.060532171,0.9676298868,43.03753715,83.70689788,44.01980646,85.013637
2117,808483.4632,62095.27843,746388.1847,586765.4321,48800.37857,537965.0535,207565.9276,42056.74438,165509.1832,0.136123038,2.03663948,0.8614055121,6.896307828,74.78621661,6.930430092,74.6544397
2118,221646.2537,63926.49736,157719.7563,200227.7032,46995.25103,153232.4521,257861.8085,59926.88678,197934.9217,0.7252196487,3.486918732,0.9295082372,84.48350458,98.2217117,84.09800217,97.6074386
2119,1068492.073,64076.48645,1004415.586,708934.9285,50987.56602,657947.3625,229284.828,45576.06102,183708.767,0.6978077432,2.455922865,0.7253597589,31.42312489,98.01809145,31.77929469,98.61815704
2120,806229.7614,60788.02259,745441.7388,817177.6639,58325.63004,758852.0338,203459.9907,33282.22297,170177.7678,0.8725771351,4.561906077,0.7902199655,52.89955946,51.88247939,52.97243594,52.75200792
2121,810548.8311,57248.25321,753300.5779,718808.7704,44869.47365,673939.2968,284705.871,44350.01834,240355.8526,0.5990207953,1.270198729,0.7798360132,64.42747347,43.89372872,63.96057745,44.26900731
2122,127841.2422,53933.30974,73907.93248,150558.9584,48957.2454,101601.713,174439.2215,44453.15503,129986.0665,0.6699050695,6.405721368,0.6049923593,55.73937017,88.52461871,56.26989926,88.93365623
2123,950684.1676,62457.06889,888227.0988,620432.0035,54931.17267,565500.8308,373615.1794,41370.50998,332244.6694,1.263145708,2.918404171,0.7850093781,45.06866351,61.74361347,46.30225019,61.47195012
2124,60846.20046,54916.78088,5929.419583,59212.65769,60008.46645,-795.8087554,107939.865,52567.53983,55372.32512,0.5840953902,1.954625166,0.7805871067,12.74349133,3.251563625,13.08498749,3.725428375
2125,52494.91026,54195.98429,-1701.07403,55925.51116,63511.35455,-7585.843395,115141.9635,52522.85396,62619.10954,0.3176982233,1.83659657,0.7209873846,43.00329244,25.1815863,43.11840239,25.47769753
2126,852385.5122,58244.05974,794141.4525,768329.3769,43943.68494,724385.692,315048.6409,53582.358,261466.2829,0.872512307,6.450365937,0.6790300299,25.68229075,23.65482972,26.14697421,24.39330586
2127,938295.2743,62895.20617,875400.0681,861554.2243,43532.36817,818021.8561,250307.433,55779.27088,194528.1621,0.8383779022,2.470156491,0.9332837448,35.30448742,60.76579018,36.1364951,60.66263628
2128,921403.8369,75875.69731,845528.1396,717698.3709,38654.42396,679043.947,281870.7757,52142.77439,229728.0014,0.5350524224,3.573824083,0.8097306507,40.0075604,39.0396244,40.29764358,39.48921626
2129,981170.8442,56847.02296,924323.8213,927721.478,45835.92853,881885.5495,278134.843,51490.17384,226644.6692,2.110142176,7.343994597,0.8162328954,97.22830819,61.47181204,98.26014465,63.31246778
2130,672056.8854,48780.92368,623275.9617,722769.9072,59688.1252,663081.782,261633.9008,43800.91908,217832.9817,1.212847809,3.15189054,0.8510058616,84.84960703,46.71317791,86.02962315,46.99346666
2131,932397.6344,63790.68281,868606.9516,813151.378,49149.98127,764001.3967,281627.0338,49549.98294,232077.0508,0.5437890692,3.14341939,0.9476809001,52.39051757,27.55258345,52.82873318,27.87456736
2132,843838.3215,41889.08809,801949.2334,803634.6188,48597.50363,755037.1152,217647.7445,50943.82038,166703.9241,1.958191013,5.002280888,0.8034083187,79.48498868,22.66343346,80.73745291,24.16870599
2133,192875.4556,49978.73695,142896.7186,196901.6742,59426.35437,137475.3198,189111.3194,35561.37485,153549.9445,0.461151605,4.129453801,0.6812103432,18.33141539,20.13466248,17.87687626,20.05684872
2134,797939.1381,60709.47392,737229.6642,874066.702,53370.76013,820695.9418,268229.6818,46127.96273,222101.7191,0.2853944363,3.49892452,0.7473902135,85.18517224,50.92371846,85.40261725,51.1085634
2135,259475.6194,58336.90483,201138.7146,124279.3123,50955.10522,73324.20709,215354.4349,45012.20994,170342.225,1.439797093,0.676529358,0.809484601,50.56147379,25.76842094,51.99059259,25.94344986
2136,69321.82259,77479.55919,-8157.736602,41905.78874,54857.14643,-12951.35769,92366.25651,30799.71052,61566.54599,1.136189853,1.394512044,0.8973547322,13.80881772,83.81134111,14.16909786,84.8888965
2137,171053.2043,46234.99257,124818.2117,191250.6595,58953.48348,132297.176,194722.0738,47839.72839,146882.3454,0.858432076,3.385981192,0.6275521611,24.03859718,58.51524191,24.55883915,59.19806979
2138,1026812.683,64358.59889,962454.0837,648641.2296,49102.86303,599538.3665,285389.9189,48785.41555,236604.5034,2.058885156,3.872492839,1,71.26674709,11.55190154,72.47384176,13.21981356
2139,42753.91336,55791.2655,-13037.35214,49970.13096,49753.27532,216.8556357,174932.4388,66170.5501,108761.8887,1.345561405,2.233735438,0.8622095117,33.64822802,95.68173615,34.34805896,96.83098467
2140,790472.0944,52610.37296,737861.7214,792363.3216,39339.74796,753023.5736,293033.3546,28822.08413,264211.2705,0.6638846682,3.709632881,0.6056415126,65.58103865,99.02542901,66.21087374,98.81554663
2141,48132.00493,52111.22503,-3979.220094,48954.36045,47856.75102,1097.609421,62964.02902,56460.93295,6503.096064,0.5351024681,3.731800675,0.7922579607,33.03566768,39.92292943,33.43858716,40.27505233
2142,881089.6298,52001.4733,829088.1565,568478.131,55178.80074,513299.3302,244604.8661,54332.33395,190272.5322,0.8900969677,3.967467072,1,35.57359143,4.829617663,34.68440302,4.869824387
2143,188563.0229,51521.36077,137041.6621,149676.3601,47131.52876,102544.8313,175913.9376,51026.57301,124887.3646,2.328242786,3.978838426,0.7081271525,49.16410264,75.82723494,51.47232219,76.13192651
2144,118539.6016,49219.3174,69320.2842,191038.7386,44227.21231,146811.5263,248031.5869,63400.32359,184631.2633,0.5567304152,3.452712707,0.6635393527,97.04967413,12.70850845,96.72535481,13.16101893
2145,800381.1773,76359.90014,724021.2771,752174.8547,35193.31764,716981.5371,265157.4429,53125.64048,212031.8024,0.6109666741,1.862282862,0.5307339653,62.5832291,22.56709959,63.19167391,22.62255395
2146,1086031.733,55039.08407,1030992.649,708314.0381,59055.03661,649259.0015,285230.4849,62436.00418,222794.4808,0.5420846433,1.735059349,0.7188014501,49.29985113,9.065494854,49.55333254,9.544663858
2147,236388.685,40980.05092,195408.6341,196097.6755,57163.64162,138934.0339,201471.4893,43329.30143,158142.1879,1.487925136,1.715543605,0.8228046816,60.46234969,44.70827432,59.56072567,43.52463783
2148,67810.70215,69632.4142,-1821.712056,31116.3799,52713.21895,-21596.83904,104704.586,46749.4124,57955.17364,1.278599995,2.363478859,0.7574852402,51.33659702,44.05256224,51.99312418,45.1497359
2149,899723.5317,67427.80448,832295.7272,677580.5202,52367.64594,625212.8743,336285.6951,47769.63064,288516.0645,0.1650808049,1.42414977,0.8176024432,97.09052611,40.33496944,97.21565827,40.44264309
2150,31906.04917,53967.42251,-22061.37333,56380.35797,54070.83485,2309.523124,176050.6062,42699.94301,133350.6631,0.9149142023,3.548952406,1,96.59173738,42.22759042,96.02528247,41.50912203
2151,207291.581,62876.43816,144415.1428,185084.6106,44620.47625,140464.1343,205023.462,44407.85444,160615.6076,0.5162960952,4.25438363,0.9208496478,21.12499801,31.38669586,21.58715647,31.15654109
2152,921204.9052,58874.20855,862330.6966,635247.722,42451.69305,592796.029,250289.5267,41928.72891,208360.7978,1.272834579,1.475717753,0.8604189235,46.18994974,73.44356043,46.54896959,74.6647126
2153,879612.0991,42283.3118,837328.7873,470616.313,58691.64571,411924.6673,255168.4293,45785.76617,209382.6631,0.09117838903,7.749695639,0.9560504752,38.15361936,34.96159505,38.24145243,34.98606646
2154,828364.7144,46490.97497,781873.7394,618255.6488,47590.95451,570664.6943,291858.9261,41642.68864,250216.2375,0.2448727506,8.622097023,0.6061414399,42.92634489,18.82460699,43.04357126,19.03959685
2155,150002.4249,61196.1899,88806.23498,151955.803,46426.73403,105529.0689,307786.6932,58049.92582,249736.7674,2.177902082,4.239914156,0.7900027199,40.22647307,10.71796199,42.28993822,11.4146463
2156,999837.0537,53391.26615,946445.7876,758818.3379,46708.51847,712109.8195,221150.4528,55764.12163,165386.3312,0.9051921887,4.079180053,0.7045188792,96.44023524,29.75778948,96.84898042,30.56544056
2157,118706.2461,43977.7683,74728.47782,210297.7583,55071.13042,155226.6279,186363.5523,39342.54719,147021.0051,0.978731017,2.955415651,0.6601318871,33.60172885,91.32736763,34.57553818,91.42539722
2158,801816.7889,74952.86001,726863.9289,594161.6048,49799.85277,544361.752,308455.2272,35816.05152,272639.1757,2.505073107,1.074610077,0.7743214926,17.90878444,30.44632613,20.16525037,31.53433017
2159,50824.69242,53070.03165,-2245.339224,54611.71439,59995.86497,-5384.150574,81618.51458,47819.41595,33799.09862,0.3280357352,3.425061576,0.892203452,58.70092086,77.11234771,58.93848726,77.3385548
2160,57388.40316,65775.21443,-8386.811271,48189.22288,57812.65762,-9623.434741,111103.5927,43114.71372,67988.87894,1.962443656,2.545539601,0.6255934313,80.76600555,10.33665509,78.98587257,11.1626767
2161,244666.8076,43822.46474,200844.3429,168779.7299,47694.04221,121085.6877,242043.8583,60111.27148,181932.5868,0.9293186111,1.167350816,0.7124423048,53.64869088,64.7820775,53.20967821,65.60116294
2162,50852.03472,47859.55423,2992.480494,64174.63248,58115.50366,6059.128817,60070.83841,57295.63349,2775.204918,0.8269008585,2.594891271,0.7987020592,82.85946869,46.60000896,83.1347288,47.37975052
2163,34836.06852,43597.93121,-8761.862694,34280.99375,33558.76108,722.2326712,158156.0248,51427.20969,106728.8151,2.405337719,2.113302669,0.735187081,99.16777406,34.47080291,101.0349998,32.95451875
2164,44386.49481,46590.35209,-2203.857285,44740.84128,52490.32768,-7749.486402,104425.4643,60848.85862,43576.60573,1.096219111,3.899448763,0.7898425746,91.49482162,85.11966523,91.84422784,86.15870885
2165,64326.2151,48003.80564,16322.40946,59999.94164,56432.72204,3567.219601,238370.6956,59647.26937,178723.4263,2.348079662,1.932243277,0.6365784196,58.15257459,76.78545566,58.11298753,79.1332016
2166,190941.9686,52337.9313,138604.0373,169337.4055,53540.05332,115797.3522,171763.6151,44120.37111,127643.244,1.596903394,3.696079616,0.7663265554,11.82125074,77.73827736,13.15121303,78.62218955
2167,819439.1324,52613.85913,766825.2733,734789.1502,43673.02958,691116.1207,226656.9829,39823.59326,186833.3896,1.264413441,3.091615043,0.6192216582,53.38197186,56.35339329,53.94919056,57.48343944
2168,54886.67542,46092.1988,8794.476624,52626.47611,46163.27844,6463.197671,208723.301,49957.88193,158765.419,0.8661117578,5.332002328,1,31.10731372,35.9594409,31.27760843,36.80864599
2169,789315.4577,46544.71408,742770.7436,875377.405,40066.0498,835311.3553,303079.4151,51634.1101,251445.305,1.802856992,2.464493706,0.8037406651,52.49451802,26.78830703,53.461701,28.30977028
2170,251051.4084,51685.22704,199366.1813,162015.488,57170.27626,104845.2117,190453.2985,43985.5878,146467.7107,3.326003003,3.563254894,0.8252618321,55.56206272,42.18553034,57.93626306,44.51479389
2171,198591.4504,63709.65357,134881.7969,184741.3019,58939.86556,125801.4363,132677.9541,50657.64878,82020.3053,1.404273412,2.934688413,0.8178507415,39.82889042,19.28504732,41.2228894,19.45460749
2172,762553.3447,65083.29098,697470.0537,875491.6712,56430.52252,819061.1487,303691.6287,53442.70654,250248.9222,1.805855954,2.491878418,0.5690201316,0.05171850062,30.08411109,1.304914752,31.38434756
2173,38831.27063,52098.61349,-13267.34285,63633.51535,63675.66491,-42.14956145,104242.1582,40623.87606,63618.28214,0.5869204865,2.29293422,0.876159178,28.15117175,60.60421744,27.57285265,60.50410416
2174,155410.6367,48250.43617,107160.2005,174195.9192,53719.92921,120475.99,182165.8148,54865.9143,127299.9005,0.8661808846,3.121075953,0.8228962625,5.103166448,11.17260889,5.967784609,11.22461619
2175,733723.1981,49172.4338,684550.7643,912453.7809,49005.8506,863447.9303,259928.1129,43061.74667,216866.3663,1.056292124,3.124608148,0.8875995345,66.06747492,24.41429517,66.84604927,25.12814042
2176,182454.5893,64389.89711,118064.6922,150038.4047,56742.56357,93295.84114,227122.5274,52425.50867,174697.0187,1.671151963,4.473335982,0.8491183775,40.9335848,76.16523519,42.44599366,76.87612783
2177,59284.22294,58747.5715,536.6514477,46247.70249,45061.08849,1186.613999,47299.76387,43395.40525,3904.358623,0.7009656325,4.124678769,0.6774033353,92.56001303,33.78006922,93.12465707,34.19543644
2178,193149.1119,62680.47858,130468.6333,159145.2736,46369.59018,112775.6835,220438.2166,54189.71793,166248.4987,0.6554252252,2.811751514,0.8421003694,13.6763057,32.32463855,14.25342848,32.63530158
2179,244687.9238,62882.77968,181805.1441,169553.9913,46115.10218,123438.8891,254329.9402,47948.81674,206381.1234,1.64222415,4.726973534,0.5722879986,49.34014669,36.00711058,48.8811849,37.58389662
2180,179702.7566,61319.56621,118383.1904,155152.702,55264.2409,99888.46114,291446.4561,56510.7296,234935.7265,1.958078961,3.69986356,0.8963094599,88.25678947,97.82003483,90.21105533,97.94217473
2181,55648.9757,70991.49589,-15342.52019,52213.14642,49715.19101,2497.955416,183411.3842,56731.36747,126680.0167,0.3217536239,3.025048592,0.7983435275,25.25206407,7.32405216,25.44468447,7.581778321
2182,692258.0413,57361.52444,634896.5169,723859.9594,59269.35797,664590.6014,295936.6361,46555.81587,249380.8203,1.592710877,5.104496618,0.913857849,44.18795257,30.1490611,43.19792672,31.39668955
2183,34634.61708,37549.87277,-2915.255683,40676.99517,47712.15232,-7035.157156,104221.5035,50241.24311,53980.26043,1.130406588,1.481445486,0.6908271466,14.08817641,98.44919539,15.19406218,98.68336565
2184,711510.7874,51591.40712,659919.3803,632502.2292,46580.00462,585922.2246,256221.2201,43550.40729,212670.8128,0.1473003106,3.30227307,0.8512766646,88.80562316,2.842749248,88.74586741,2.977384429
2185,681342.0679,67297.98813,614044.0798,598242.0172,39596.62545,558645.3917,337433.336,58820.66729,278612.6687,0.1492430258,3.467745489,0.7247328274,39.48213518,26.91703324,39.53419551,27.05690176
2186,154483.5386,53997.39752,100486.1411,115270.094,49465.3325,65804.76154,150296.0003,40165.65248,110130.3478,0.4633616303,3.643934997,0.7847034558,46.2575664,59.82216789,46.6376797,60.08715445
2187,72655.13038,57300.91384,15354.21654,44576.43323,53890.62749,-9314.194254,146446.2082,48532.22757,97913.98058,0.4364991731,5.031180655,0.8162619893,2.185132394,52.35490428,2.616154381,52.42383595
2188,51869.32604,59422.98833,-7553.662286,67263.57577,50897.73244,16365.84333,102211.6681,45237.53545,56974.13268,0.9391186318,3.281062493,0.884090756,27.4233978,7.884593042,28.34882413,8.044373876
2189,53339.57846,52841.81948,497.7589781,61106.02928,60620.81645,485.2128327,232687.1815,54384.00442,178303.1771,0.5144736491,1.990774677,0.5916321864,47.69298239,48.95546579,47.17855292,48.94872372
2190,56236.0287,56421.28542,-185.2567164,37902.27106,52840.08275,-14937.81169,144021.6283,59190.28205,84831.34622,3.070419061,1.98657163,0.8141899892,60.6133766,70.56324623,63.62473656,69.96392628
2191,820531.4865,69441.24058,751090.2459,781756.5022,62042.94298,719713.5593,282697.7222,48702.56375,233995.1585,0.4518606043,3.584090166,0.7870689224,6.415033266,4.830704925,6.693730222,5.186381762
2192,960829.6369,56155.21207,904674.4248,646009.6745,54853.90386,591155.7706,236068.8434,67624.80774,168444.0356,0.6995005538,4.541265357,0.7121993226,88.57265874,68.47481409,89.27116647,68.4375585
2193,37944.63509,43418.9493,-5474.314206,57244.80073,61902.45189,-4657.651158,109941.4222,45721.51646,64219.90576,1.683779473,2.532647683,0.8117977935,84.56515786,8.235052351,85.95237481,9.189380618
2194,57812.26451,50210.89603,7601.368482,43771.9615,57547.37014,-13775.40864,170929.1485,69921.31418,101007.8343,1.914096033,2.865473859,0.9346555768,87.88248884,10.46881378,89.79254942,10.59304031
2195,783184.5425,56382.82732,726801.7152,734699.095,49773.05042,684926.0446,243109.4577,43543.81877,199565.6389,1.490187217,2.181498921,0.8638701773,24.51371614,22.86191204,25.94267568,23.2846798
2196,781727.0805,61206.75131,720520.3292,735496.5068,56738.38055,678758.1262,271486.804,53231.59891,218255.2051,3.344591527,1.903595538,0.8842237236,87.50422388,55.77028809,85.64875486,58.55300747
2197,1062571.603,47267.33859,1015304.265,908469.8637,52786.91253,855682.9511,297655.4302,57068.18655,240587.2436,0.2667834458,4.056906481,0.9343406101,79.78684189,81.98551337,80.03369339,82.08669512
2198,825180.0524,65424.94155,759755.1108,774917.0634,33070.01253,741847.0509,249006.8809,56301.21731,192705.6636,1.566414908,1.966058751,0.9335338186,75.23853582,64.36149695,76.6222918,65.09557804
2199,925628.1128,46747.31839,878880.7944,819399.47,44953.18692,774446.283,322983.2033,56212.30155,266770.9018,2.138541301,3.046196133,1,83.66626477,9.968274167,84.21757609,12.03453038
2200,847044.9012,48803.68316,798241.2181,819372.0478,53124.67113,766247.3767,220820.2129,45862.95275,174957.2602,1.566652858,1.581928919,0.6962504365,15.70298672,35.68819889,16.62394857,36.95557036
2201,213126.3216,55276.61962,157849.702,113657.2083,55961.54023,57695.66809,172635.8546,46466.71827,126169.1363,0.06218249445,2.869589339,0.7832109353,54.22927992,77.73777287,54.25357179,77.68053156
2202,179245.4951,51873.72513,127371.77,174538.8055,45907.26411,128631.5414,277385.3038,51351.85784,226033.4459,0.403381862,2.096995545,0.9873674414,69.21697907,1.358045063,69.54628519,1.591013743
2203,896938.2033,55575.46292,841362.7403,558534.9519,46550.94206,511984.0099,290011.0735,55275.38422,234735.6893,1.373368833,3.965123101,0.900934822,8.88502988,61.8609256,10.00163502,62.66050981
2204,842298.9741,49214.77466,793084.1995,778671.1021,53746.47207,724924.6301,309141.9119,58449.65341,250692.2585,0.2492212529,3.294099825,0.7078285753,4.562171513,72.23823719,4.811184417,72.22804864
2205,737452.8276,51226.12465,686226.703,758363.3655,38476.41774,719886.9477,259953.4225,51175.64306,208777.7794,4.637244742,3.619657794,0.6338202116,59.78068515,77.77074401,64.41754317,77.83063095
2206,943309.0997,51744.00533,891565.0944,835484.9356,51977.94198,783506.9936,259021.6764,38508.57661,220513.0998,0.5077098117,2.683095019,0.7169219413,43.78487438,85.67340578,43.87267251,86.17346652
2207,924658.7687,47047.13902,877611.6297,771077.5627,47457.61204,723619.9506,283563.8402,54755.79988,228808.0404,0.482068161,2.226072828,0.787666359,15.94771691,56.03350162,16.36757835,56.27036886
2208,872681.3855,43184.64702,829496.7385,938677.6984,51891.72593,886785.9725,365414.0558,54528.08194,310885.9739,0.9834019771,4.434847717,0.8601942248,92.57115527,0.8935238558,93.48010343,1.268880613
2209,243251.8301,64930.58823,178321.2419,112750.0798,46735.36587,66014.71391,201014.1804,56494.51242,144519.668,3.289238269,2.388636581,0.832972121,91.2575593,25.18254507,91.70609838,21.92403298
2210,146929.951,65637.41728,81292.53374,140586.0504,47673.399,92912.6514,251138.1348,37917.69639,213220.4385,1.032724596,3.637503122,0.6692461739,54.86382423,0.2379331774,55.81866292,0.6313835271
2211,47164.82149,44933.3804,2231.441089,50100.92464,51842.84319,-1741.918548,167353.5827,45036.41056,122317.1722,0.7936621706,2.824073131,0.8193588636,34.34451517,54.19415601,34.77158566,54.86311822
2212,129682.1179,64950.44391,64731.67402,170853.4191,46446.30029,124407.1188,222686.4783,49730.61449,172955.8639,1.29314608,5.200569338,0.8629964498,8.041711529,56.07122021,9.334809414,56.06005577
2213,209800.8136,48967.48094,160833.3326,216447.4113,48613.77044,167833.6409,180842.8262,59248.61421,121594.212,0.08209279683,1.965106868,0.6283989697,44.49311352,48.10102364,44.57036582,48.12879611
2214,47470.56902,50923.5408,-3452.971784,39436.97115,37105.91035,2331.060801,200067.4518,61946.9842,138120.4676,0.3636610794,3.266999245,0.7217946378,11.47396316,51.21686541,11.75738477,51.44472846
2215,49915.39734,57358.2115,-7442.814163,45494.2851,49342.51652,-3848.231417,174341.9298,42180.71097,132161.2189,1.356041726,3.418225384,0.7753371962,65.31613339,31.85299648,65.99261208,33.02825208
2216,44250.15911,38938.51019,5311.648923,47089.63797,47706.32714,-616.6891642,231444.9952,53664.63979,177780.3554,1.315006519,2.581358391,0.829130411,97.29875753,35.4978758,98.60810593,35.37601966
2217,963449.1095,67709.77086,895739.3386,782644.9962,50986.90236,731658.0938,215274.0865,46758.86952,168515.217,0.8515809205,2.121826417,0.7275073787,7.657538204,69.62335062,8.504613505,69.53586634
2218,921328.1173,67086.03301,854242.0843,826209.6051,52731.95495,773477.6501,211654.6676,50118.85253,161535.8151,0.4197115394,3.240158819,0.7609256166,0.8017476266,32.72183538,0.442657229,32.50455247
2219,262985.203,60000.83073,202984.3722,193214.6349,56572.15201,136642.4828,234940.7424,40887.0113,194053.7311,0.6744478251,3.201032561,0.5084550173,69.2339525,36.5041132,68.99011478,35.87528649
2220,53181.83388,67555.80017,-14373.96629,46439.86692,46021.29356,418.5733597,196092.7863,47714.74893,148378.0373,1.291125901,1.760072046,0.8000374821,38.36128809,96.20303054,38.91031223,97.37161027
2221,681120.1423,75078.3322,606041.8101,642075.579,50527.84188,591547.7372,285112.2988,46808.03291,238304.2659,1.663526881,3.397722603,0.585348515,27.27651278,58.1054113,27.80195645,59.68377458
2222,247583.9398,58164.74797,189419.1919,108354.0908,49771.52163,58582.56922,198263.357,42252.72108,156010.6359,0.8876095187,1.928217311,0.7664032937,82.77793511,69.2791354,83.64171751,69.48341614
2223,237471.5249,46737.35892,190734.166,124412.9512,59012.83449,65400.11669,229648.2506,58619.62405,171028.6265,0.2212139741,5.628399213,0.6889827003,67.75282957,60.0829628,67.94447491,60.19345121
2224,805887.0259,53293.3459,752593.68,871933.1349,41869.54975,830063.5852,267477.6991,42543.9101,224933.789,0.2458165253,2.195774189,0.6956644155,7.066668898,49.29327491,7.25862948,49.44682262
2225,57391.2263,56424.42167,966.8046229,72012.30921,57308.72283,14703.58638,102641.5343,46232.13018,56409.40408,0.7019218544,2.860653789,0.8594465179,54.10124527,43.65197561,53.78366616,44.2779451
2226,65665.42016,65982.54219,-317.1220287,48226.01258,56194.36155,-7968.348971,111930.4447,53528.16297,58402.28174,0.9200901075,1.665907055,0.9477872549,63.65400598,85.58132077,63.02968079,84.90546289
2227,90310.79524,41599.69958,48711.09567,126683.8171,60991.81189,65692.00524,221249.948,62001.67281,159248.2751,1.97306115,3.970102301,0.7763272487,99.38551855,68.97299647,100.5017043,67.34600546
2228,782411.7763,69427.96521,712983.8111,597224.0812,51145.59003,546078.4911,354152.789,54660.69193,299492.097,1.969645681,2.791153994,0.7523149846,88.29883842,66.34378104,88.68472744,68.27525555
2229,992670.3967,48801.15483,943869.2419,673617.9247,38985.48844,634632.4363,295713.3824,64355.89818,231357.4842,3.450698177,2.128264167,0.7141694676,20.23849034,85.92497677,23.293977,87.5285101
2230,885645.291,47351.73174,838293.5592,706403.4974,39822.02922,666581.4682,291415.1535,47258.16417,244156.9894,0.6368081575,5.740179701,0.5404713286,84.20303169,79.54312822,84.63652413,80.00961394
2231,58743.79892,57185.46958,1558.329331,35936.47371,43999.58629,-8063.112574,90115.31505,43388.30915,46727.0059,0.2988239246,2.708395559,0.8409768209,61.79024557,83.33889037,61.80519289,83.63734022
2232,900535.4282,40002.11625,860533.3119,808636.1222,51733.90581,756902.2164,354231.4527,55712.11477,298519.3379,0.5742782929,2.63069154,0.8634830737,29.80953174,60.75373593,30.22523653,61.14994938
2233,13695.82437,41226.83678,-27531.01241,32617.71642,32931.56822,-313.8518023,206322.8382,56706.47305,149616.3651,0.8289859113,2.751580152,0.7471637004,4.486712145,57.28792613,5.180090231,57.74228773
2234,218403.9304,63443.49561,154960.4348,116485.4491,59113.15944,57372.28967,127293.3351,34396.29962,92897.0355,2.903007613,2.772569893,0.835944451,92.62693219,2.037812015,95.05313681,3.631858551
2235,40702.46775,42956.59008,-2254.122328,32894.40347,55647.63442,-22753.23095,119944.653,60142.06027,59802.59277,0.3486591956,1.468254929,0.7002296618,70.01660606,78.41661982,70.04884184,78.76378561
2236,226683.871,54127.19466,172556.6763,148464.962,61549.74586,86915.21617,249045.9933,48894.62311,200151.3702,2.738328269,2.990854883,1,32.19492596,60.25107139,34.84915226,60.92451362
2237,53031.02577,48258.75884,4772.266936,47876.97685,50156.22197,-2279.245122,107288.9752,44484.53452,62804.44072,0.2610642151,2.854478567,0.5858220044,15.64258868,0.7338657135,15.5729724,0.4822547104
2238,805541.3406,54215.81342,751325.5272,865091.4013,50946.43526,814144.966,289652.3734,63412.1454,226240.228,1.617003845,1.56075276,0.6473390833,26.241637,87.26807576,26.25990989,88.88497636
2239,913442.2213,52347.02929,861095.192,786643.6863,51857.77524,734785.9111,231725.2304,53058.35965,178666.8707,0.7166379776,3.198781954,0.7634878239,17.45999266,82.95366007,16.8921167,82.51652521
2240,61019.77469,41404.40763,19615.36706,45120.15688,56890.51919,-11770.36231,120454.9679,63799.96954,56654.99839,1.169493552,4.051662021,0.8148810701,31.88026668,35.00539211,32.92314497,35.53465579
2241,928755.9463,38074.18307,890681.7632,610948.5271,47398.54299,563549.9842,268545.1096,56646.68505,211898.4245,2.268136175,4.16016475,0.7522924391,6.705313305,5.015777757,6.311443067,7.249453638
2242,114893.25,51688.75428,63204.49569,149096.5574,58114.8291,90981.72831,281377.3934,44421.41947,236955.9739,1.127700595,4.055124081,0.6915727055,24.55284017,46.44643475,24.66718602,47.56832318
2243,1120436.241,69898.41899,1050537.822,859355.0834,41503.85466,817851.2287,284089.6069,42175.6297,241913.9772,0.4366346074,2.106813102,0.7074800857,20.85582195,63.79340381,20.88891204,64.22878276
2244,255945.5066,46669.01259,209276.494,205952.6201,51911.28344,154041.3367,262849.1246,59041.10694,203808.0177,2.269427309,3.013764716,0.741460784,66.66780918,93.24182313,68.93257061,93.3872741
2245,44616.01115,48794.86994,-4178.858787,39594.58036,48919.16436,-9324.584002,252969.3554,53804.67216,199164.6832,1.291226124,3.061760808,0.8701753836,47.10283579,66.34358617,47.92622147,67.33822224
2246,53525.74591,63580.07067,-10054.32476,41769.94834,41384.62319,385.3251418,198758.5376,52497.42093,146261.1167,2.413887834,2.195726334,0.8002445033,58.18762115,96.54687213,60.19530364,97.8870458
2247,61060.59158,70839.34805,-9778.756472,33927.74185,41276.85667,-7349.114818,206662.1972,48045.06721,158617.13,0.4186561324,3.514677601,0.8244711817,89.68698516,11.24336604,89.88755687,10.87588278
2248,602176.5083,57503.26088,544673.2475,872503.6954,52796.10671,819707.5887,275473.0835,48092.85381,227380.2297,1.1104804,2.47699351,0.7800531915,51.57082285,28.51858698,52.65116654,28.7755388
2249,172949.129,56263.92695,116685.202,188041.9382,54692.15323,133349.785,191449.5338,54606.97453,136842.5593,0.69110504,2.315348609,0.8112093372,97.33158265,57.54119152,97.89720204,57.93830723
2250,78471.46225,63999.90151,14471.56074,54806.38381,55595.93334,-789.5495241,99589.09425,45360.65674,54228.43751,1.273095323,1.72212873,0.7573914123,40.86193013,72.54589352,41.11019971,73.79454636
2251,296535.262,37573.87017,258961.3918,191316.8811,49558.49873,141758.3824,183382.2231,45923.09663,137459.1265,0.5984580627,1.99252125,0.9529741588,46.68817993,48.39048036,47.15054991,48.7704357
2252,775195.4237,46138.88867,729056.535,670467.5499,53812.32211,616655.2278,221995.4625,47721.35365,174274.1089,1.045216428,3.59307588,0.5722578766,0.3215137152,54.42115341,1.306146338,54.77183272
2253,856854.5204,58716.77651,798137.7438,654604.1851,49021.84256,605582.3425,271203.1787,43355.02141,227848.1573,0.03849029778,3.463242496,0.8581290618,30.25971319,2.3117798,30.29638838,2.300099343
2254,62146.50796,57957.13889,4189.369075,43831.70885,47736.65913,-3904.950274,87364.2526,51502.75494,35861.49766,1.400394954,2.110918604,1,77.59449864,9.647839199,78.72098265,10.47978859
2255,281438.902,62923.53857,218515.3634,137196.8402,66152.24665,71044.59353,246642.7189,58772.11465,187870.6043,0.5924211824,5.464960498,0.7783676033,11.63731708,9.323434906,11.98814171,9.800807861
2256,742982.0995,43229.29765,699752.8019,563732.5006,41171.02628,522561.4743,236704.5759,53133.2686,183571.3073,0.3973536745,7.586548091,0.6984831778,75.55474603,63.41969689,75.8494369,63.68624376
2257,899523.6371,57440.77069,842082.8664,937571.9108,49098.28659,888473.6242,310766.8406,60036.43077,250730.4098,1.057526855,3.49089659,0.7602656548,44.60523322,77.74517554,45.35905078,78.48687773
2258,897349.8457,60081.68101,837268.1647,553577.3024,40764.70058,512812.6018,279673.8626,38411.6215,241262.2411,0.8902634541,3.422847212,0.793311386,35.8579714,75.03521652,36.74077598,75.15021692
2259,55205.86817,53448.70539,1757.162775,44985.69692,50115.83234,-5130.135416,93687.23257,48929.3507,44757.88187,0.7149453396,1.608578692,0.6241602772,87.12814294,88.55705684,87.27719286,89.25629283
2260,239384.6403,60931.59667,178453.0437,143459.7789,50894.96717,92564.81177,200852.838,60241.25059,140611.5874,3.62343439,2.13714768,0.7349800539,28.47443069,69.58442693,29.32941163,66.06330717
2261,72933.52036,67868.81598,5064.704378,65703.77359,58523.65107,7180.122518,189994.3323,51397.8857,138596.4466,0.8453273382,2.501580618,0.8474235133,92.40357687,95.73455555,92.81537312,96.47279817
2262,60879.27578,47927.62117,12951.65461,40110.23724,53460.83952,-13350.60228,140894.5444,49538.91772,91355.62667,1.156142439,4.408878479,0.5051117541,74.46112435,38.74036325,75.3349246,39.49742233
2263,148254.9897,61812.0294,86442.96026,160175.9188,55298.62972,104877.289,179388.9069,48825.94041,130562.9665,0.4883944509,3.380495254,0.6914575777,9.157289087,16.51535066,9.593720446,16.73456929
2264,634702.0806,45708.57703,588993.5035,843000.7901,51393.76824,791607.0218,376474.735,57007.74623,319466.9887,0.8188314131,11.16390278,0.7614725524,90.97528018,71.45120009,91.56949453,72.01457757
2265,64528.83911,58136.26899,6392.570115,66091.88803,50991.17168,15100.71634,117941.6509,41298.64897,76643.00195,1.282654472,3.850306708,0.8372862539,70.22015131,64.27635273,70.7022543,65.46495661
2266,48595.20783,50776.22868,-2181.020847,39626.43444,57663.68081,-18037.24637,104072.6229,53739.70144,50332.92142,0.519976458,3.328166663,0.5815864065,26.54043589,10.66095783,27.05756869,10.71526418
2267,56664.74732,58164.16935,-1499.422036,47805.94119,52093.23395,-4287.292751,164153.0053,49812.92316,114340.0821,1.835778602,2.326861051,0.5772822441,42.18712937,63.0222736,43.80556698,63.88872775
2268,53734.43792,52991.39606,743.041862,36931.91287,44581.98753,-7650.074655,147812.9472,58774.46354,89038.48369,0.6441528978,2.03042812,0.8106711571,1.588182724,17.06476514,2.216675829,17.20593657
2269,920890.4911,58267.58955,862622.9016,637412.5951,45037.62873,592374.9664,267437.777,48992.79233,218444.9846,2.489688498,3.593328287,1,15.72753615,15.50620013,16.61817413,17.83113299
2270,45668.03226,49991.04959,-4323.017339,47707.42463,52699.59939,-4992.174757,131986.8125,47961.23407,84025.57847,0.8430303487,3.798208352,0.9919849593,14.53133391,34.20247461,15.36889425,34.29835399
2271,51519.69574,66345.03059,-14825.33485,53171.10895,50935.24383,2235.865118,180403.4471,65865.364,114538.0831,0.7430969573,3.148885787,0.5985969948,75.38262488,23.28519215,76.11653299,23.40169097
2272,1091513.671,56405.81777,1035107.853,920456.6093,53160.68835,867295.9209,243008.669,49674.43532,193334.2337,1.514836866,5.028028792,0.7926269992,40.97397998,36.09455639,40.5905254,34.62905534
2273,989969.7142,53768.2987,936201.4155,664886.7398,55120.53948,609766.2003,254149.0562,62180.52663,191968.5296,2.462775125,5.375435852,0.9027603067,90.52271409,59.08657833,90.90130923,61.52007931
2274,197506.2164,50953.60987,146552.6065,144467.2811,43821.40404,100645.8771,161538.0749,49125.34459,112412.7303,2.12665579,4.004333448,1,65.94050301,35.90259214,68.04973095,36.17429481
2275,214619.1086,32452.11547,182166.9931,153471.6967,61868.35179,91603.34492,226027.7399,49299.15412,176728.5858,0.4400291795,4.232402979,0.8549055988,43.05858018,28.42679975,43.48234851,28.5453159
2276,896172.324,55862.56375,840309.7603,585287.6586,50674.35207,534613.3065,254212.6952,44353.81675,209858.8785,1.438110475,5.274074637,0.9030612528,89.45817217,3.656950528,90.20132124,2.425735195
2277,892718.2761,67957.94102,824760.3351,938608.7693,56414.38987,882194.3794,321039.2035,61856.51718,259182.6863,0.9731537564,2.553937245,0.7919513283,69.96455667,41.54944657,70.14450035,42.50581915
2278,67229.04234,61994.01885,5235.023493,37176.35218,51574.52146,-14398.16928,137360.9563,55626.69215,81734.26415,1.065073098,1.935023412,0.6355440759,26.21603826,9.698064912,27.27669616,9.794943731
2279,49567.85281,45277.16618,4290.686634,62981.94709,50265.46633,12716.48077,129051.9736,50302.0777,78749.89587,1.359511873,1.12734284,0.8908643232,19.78659583,75.13475159,19.5611931,76.47544773
2280,87577.07749,54730.55334,32846.52416,154346.2899,44850.30837,109495.9815,216722.461,61625.87289,155096.5881,1.700412279,2.979647075,0.6936483567,21.06241653,15.44661758,22.33276747,16.57693188
2281,70819.94465,67764.85144,3055.093211,38948.80269,50585.60721,-11636.80452,161532.0023,47864.19383,113667.8085,0.5246089741,3.221947461,0.7646430127,5.473784402,38.51243193,5.945436893,38.74212412
2282,44300.77769,37853.92258,6446.855115,54932.10155,66118.52716,-11186.42561,141843.2933,60609.882,81233.41135,0.8930812712,2.728191306,0.8542937275,93.30547457,24.10221719,92.73753412,23.41298733
2283,948043.9826,54327.11459,893716.868,734427.7101,57003.62507,677424.085,272584.7042,58971.46467,213613.2396,0.6974538019,3.509466863,0.8291431589,98.91611342,76.47221718,99.31835303,77.04199354
2284,53714.53737,59806.87375,-6092.336382,47500.976,56796.18082,-9295.20482,93949.26943,47206.55619,46742.71324,0.6825704056,1.352935555,0.8827278453,90.96223136,24.15474138,91.64155078,24.08820206
2285,897547.227,66948.02985,830599.1971,691270.7812,53487.40072,637783.3805,256046.6277,63895.03263,192151.5951,1.2395935,3.850728306,1,50.85142907,47.76990551,52.06930745,48.0009126
2286,83762.27509,67960.12166,15802.15342,28960.69192,51398.84805,-22438.15613,126246.2951,46730.58478,79515.71035,0.2056806678,2.621528999,0.6665584542,81.70086451,57.43725987,81.90573291,57.41899846
2287,884655.0078,64215.93102,820439.0768,621905.4425,59110.52529,562794.9173,307474.235,47348.09802,260126.137,0.6966907904,3.570921048,0.6885254804,59.08727737,56.84286584,59.67932666,57.21009288
2288,116651.2896,44732.71386,71918.57571,221026.1225,53790.41813,167235.7044,249305.423,45985.78193,203319.6411,0.8682305483,1.791202645,0.7027418144,11.00014603,6.257703066,11.83805264,6.485160327
2289,1067351.72,48362.68017,1018989.04,834038.2183,53012.80338,781025.4149,265434.7147,54829.38711,210605.3276,0.4924648005,4.387484877,0.5892982443,26.59063091,9.613516159,26.45777809,10.08772256
2290,805307.8805,61167.66217,744140.2183,664911.4362,51629.80028,613281.6359,284946.6176,50558.65949,234387.9581,1.337785798,3.55623384,0.6606508323,11.4269837,9.107295881,12.47064026,9.94422589
2291,611589.7385,45427.27548,566162.463,687927.1565,53773.1733,634153.9832,265686.2866,51269.2748,214417.0118,2.680824418,3.73122944,0.8061916626,84.08117177,6.670739968,83.24374761,9.21741237
2292,258963.1486,46866.96859,212096.18,199923.0192,55512.58335,144410.4358,274840.6591,40174.6612,234665.9979,0.5961503044,1.858242601,1,40.86972025,56.11567971,40.45661839,55.68586343
2293,177880.857,57908.05195,119972.805,113662.8535,54422.47301,59240.38045,162071.6129,47190.16877,114881.4441,0.2971386665,2.799604521,0.8758934771,69.03769868,63.41646587,69.11559264,63.703213
2294,954879.3832,42830.88907,912048.4941,799690.5679,41285.13821,758405.4297,334930.8012,43226.61917,291704.182,1.125790235,2.831517101,0.9885220329,22.35900932,50.21069719,22.98475401,51.1465643
2295,850577.7731,63152.94377,787424.8293,703612.9302,56897.41698,646715.5132,265320.9709,33606.40693,231714.564,1.905547436,3.32873006,0.9250238533,38.0870409,97.73540589,39.23396792,99.25713827
2296,260261.94,43933.38998,216328.55,163261.2038,40333.49845,122927.7053,212560.6915,50890.31065,161670.3808,0.9896169557,1.233222056,0.6645806475,28.05264712,64.46203424,27.50293261,63.63913955
2297,51125.81219,65902.28785,-14776.47567,45243.19402,50056.78364,-4813.589624,126106.9265,39548.96563,86557.96086,0.846790835,1.897529484,0.6464301753,83.1675547,96.29628371,83.90672416,96.70942198
2298,113444.6511,40244.2276,73200.4235,131051.7411,46589.1936,84462.54752,178881.4026,52258.59567,126622.8069,1.53590877,1.286746904,0.7199696386,76.78934847,59.33637336,77.89195601,60.40561252
2299,37091.92048,53452.51106,-16360.59058,47832.1475,49993.82891,-2161.681406,153215.6269,55212.7386,98002.88833,0.78110686,3.39705219,0.667131559,44.889717,23.14706633,45.59922551,22.82037749
2300,52656.46301,56740.47073,-4084.00772,53812.52725,56505.81789,-2693.290637,109063.9197,52195.05833,56868.86135,0.8101721563,1.258965272,1,5.434664675,30.2408106,5.949761634,30.86615374
2301,962430.0543,56650.61682,905779.4375,724768.8378,48298.03575,676470.802,291208.5523,56048.6625,235159.8898,0.4914448233,4.467423596,0.5398820712,65.13473037,72.27853175,65.34244149,72.72392383
2302,45819.22731,50311.76062,-4492.533315,46511.95562,36985.98372,9525.971896,86581.50105,47836.09734,38745.4037,0.6903357498,2.785882709,0.5696257231,83.39959835,9.849870756,83.97186161,9.463764278
2303,71633.24888,59067.68067,12565.5682,50211.24193,52447.68314,-2236.441217,72704.652,41550.62218,31154.02983,0.6141157403,2.020535906,0.6414882635,61.02842059,66.99164139,61.37631117,67.49771479
2304,268493.7011,55446.90538,213046.7957,168552.6564,39794.67706,128757.9793,254035.5349,63311.08228,190724.4526,0.6580253564,6.251457655,0.7947986785,29.82431101,68.95587541,29.66811318,69.59509338
2305,188166.9317,52645.7729,135521.1588,121149.0058,54139.72441,67009.28138,229576.9831,54133.27602,175443.707,0.6345450862,4.324246536,0.8513720932,48.18143372,15.98056655,48.6062312,16.45194173
2306,160606.8034,59288.71022,101318.0932,162772.6265,50885.47721,111887.1493,189353.3862,38662.94689,150690.4393,0.4901127112,3.464643998,0.8806971053,61.08088597,58.4577035,61.21071589,58.93030763
2307,15382.45277,50753.01179,-35370.55902,51307.17487,55311.78911,-4004.614242,152918.0907,50435.62765,102482.4631,3.131151223,2.022160097,0.6633663332,2.283231351,65.16137409,5.395750276,64.82029649
2308,181817.846,64611.31158,117206.5345,209684.0214,44701.60435,164982.417,195400.8871,44791.43113,150609.456,2.227727518,3.979209881,0.7200662558,13.36736583,33.64069562,14.08758027,35.74878979
2309,196200.0712,47420.00227,148780.0689,169353.8332,55493.76084,113860.0724,292586.5055,38429.23522,254157.2702,1.106780131,5.77978523,0.8937327566,44.28671016,69.48599594,43.18766129,69.35540562
2310,43069.16822,54118.92245,-11049.75422,82104.72112,64076.05087,18028.67025,86562.64449,53574.81322,32987.83126,0.2522364098,1.470158223,0.70107564,60.30985073,61.18632697,60.45032771,61.39582499
2311,52860.34849,58369.1359,-5508.787405,40122.49493,50848.0478,-10725.55287,104932.5903,49484.57996,55448.01035,1.288119318,4.27322198,0.805768297,49.01650349,66.13460157,50.13018555,66.78187558
2312,882622.0598,55369.91907,827252.1407,722987.9533,55699.39739,667288.5559,232632.2887,41735.9785,190896.3102,1.325509826,1.889048181,0.3949739427,54.4844828,58.57139851,55.21135816,59.67983367
2313,54177.3097,61871.3091,-7693.999402,49841.4258,50462.10261,-620.6768098,94557.40035,60008.42844,34548.97191,1.324053048,3.884259048,0.7700507072,52.59335824,44.96540294,53.37741683,46.03234652
2314,652485.3593,62986.46159,589498.8977,695580.8283,50154.47881,645426.3495,350405.8402,54941.98085,295463.8594,0.7267257405,1.831280446,0.71098549,23.17508073,11.95815004,23.55089267,12.58015943
2315,983220.938,56438.11942,926782.8186,734056.8943,55191.05043,678865.8438,277654.8852,39919.40122,237735.484,0.9425987154,2.780121765,0.820124983,0.3238355027,93.44057046,1.105036984,92.91310805
2316,931502.6265,41316.86147,890185.765,894343.5331,61526.95127,832816.5819,281579.1894,52242.40948,229336.78,1.682512008,3.931587607,0.7087164362,17.75141547,12.59858938,17.76731821,14.28102623
2317,50203.89077,51686.24876,-1482.35799,53153.55249,60549.70541,-7396.152917,123890.6544,67345.95184,56544.70258,0.367647343,1.701741823,0.8050716618,74.64008865,1.374667782,74.71328725,1.734954521
2318,211622.3009,42402.98275,169219.3182,156410.7599,48989.48291,107421.277,162687.125,57554.3882,105132.7368,0.6100690361,2.714216221,0.869585035,57.70338493,48.91829054,57.5944265,49.51855072
2319,46997.67521,48453.23515,-1455.559945,62334.66874,55500.27219,6834.396548,157597.8011,52574.64819,105023.1529,3.186344049,3.634280625,0.7276638127,34.44507373,64.8815359,37.53134995,64.08926856
2320,311466.5822,49051.93536,262414.6469,112516.0344,44859.16937,67656.86507,225101.3947,67422.09885,157679.2959,0.3274867784,2.271548004,0.555644206,7.584594393,87.82747066,7.604415057,88.15435708
2321,890230.2167,60529.28705,829700.9297,720212.3389,48707.65943,671504.6794,293823.3428,42772.78599,251050.5568,1.003921021,1.918353227,0.8314543611,24.61937295,63.84228504,25.39394105,63.20361324
2322,276760.1584,70653.39512,206106.7633,203696.6101,37327.7249,166368.8852,269323.5648,44826.23958,224497.3253,1.266545034,2.044941901,0.7934382055,51.89547892,50.55756399,52.98244016,51.20768057
2323,813292.6584,49356.82566,763935.8328,639369.4568,42966.23698,596403.2198,269809.823,50646.57751,219163.2455,0.6690867112,5.855687189,0.7107353345,1.980670767,93.66944479,2.531307892,94.04954449
2324,45499.59636,60116.43379,-14616.83743,45879.29929,61657.51743,-15778.21815,89894.8214,51604.90594,38289.91546,0.4148042891,2.003473074,0.877743267,1.745665553,86.79337411,1.80565638,87.20381741
2325,70467.01597,57249.92623,13217.08975,53892.037,58466.81609,-4574.779089,175411.6356,54827.35856,120584.277,3.17832052,1.538394888,0.9740886756,76.89957191,96.28715282,78.36195757,99.10905811
2326,787169.6578,49011.51775,738158.1401,902896.9137,51476.38578,851420.528,257392.4625,54333.18834,203059.2742,2.261697607,3.746201845,0.858893868,19.69361063,29.5657041,21.2749428,31.18269656
2327,179206.2698,71356.79495,107849.4749,154357.0267,43140.76185,111216.2649,186418.8833,47957.96925,138460.9141,1.265231974,3.154551105,0.9392948225,3.276361621,25.24487586,3.942185429,26.32074323
2328,273309.8572,58479.8861,214829.9711,194306.0876,54995.26111,139310.8265,213995.0067,47015.1555,166979.8512,0.5644661526,2.128418587,0.7211725578,21.08515189,20.46450132,21.38344083,20.943715
2329,193894.9035,40313.17261,153581.7309,188077.9096,52000.99917,136076.9104,231491.3211,56152.90726,175338.4138,0.7926945713,2.861507764,0.9305175085,45.23799965,34.00556742,45.44394556,33.24009308
2330,866206.0074,55485.46857,810720.5388,731414.033,41895.51439,689518.5186,213121.0435,57049.19038,156071.8531,0.243248427,4.109353488,1,50.17591267,14.19222667,50.34183991,14.37009727
2331,715770.7982,32192.55395,683578.2442,814965.8928,61128.16576,753837.7271,313779.4111,57758.22699,256021.1841,1.367541382,2.742704915,0.7209326137,86.3553756,41.06501271,87.71405386,41.22045669
2332,39642.37869,41216.55535,-1574.176667,36006.08123,50939.3001,-14933.21888,159049.2575,55525.17507,103524.0825,2.699394004,6.938429016,0.7415928686,27.20660168,31.26237672,29.31779949,32.94450982
2333,246897.6204,43412.28201,203485.3384,131899.1019,32518.93605,99380.16588,157420.5711,39995.41777,117425.1534,1.5996723,2.640830958,0.7524875375,84.91612919,76.17054685,84.61190171,74.60007014
2334,952940.9151,69910.95189,883029.9632,754767.7106,54375.45904,700392.2516,220882.6751,43729.63189,177153.0432,1.348159211,1.053825565,0.6914797956,8.842415567,85.95848596,8.177816311,87.13144849
2335,219029.2454,56364.43062,162664.8148,150367.9351,39498.10067,110869.8344,177040.6077,46358.62994,130681.9777,0.2239350519,2.584606452,0.9477575249,66.04418954,13.95100627,66.18242045,14.12718551
2336,59883.748,58408.44036,1475.307639,52230.34072,52653.57868,-423.2379643,132742.0539,37682.91789,95059.13597,0.2708031131,2.785351297,0.8139317826,0.6887741736,26.11665544,0.7856099734,25.86375792
2337,964018.0502,65612.61802,898405.4322,742670.9866,39624.39102,703046.5956,173957.5684,51663.90927,122293.6591,1.186014994,3.265291445,0.8842158816,22.12770126,52.24591516,22.64283989,53.31421463
2338,892145.322,58597.89642,833547.4256,525964.6963,42279.78716,483684.9092,309683.6692,58717.0476,250966.6216,0.9199596718,2.297204488,0.7582014392,20.32550548,38.04954532,21.02410135,38.64811829
2339,194077.3779,62749.65774,131327.7201,166666.6671,54099.03347,112567.6336,197236.2953,55085.35631,142150.939,1.229299418,3.30539692,0.7573875279,89.01554371,71.25996763,88.67010499,72.4397342
2340,50013.41474,54907.47364,-4894.058903,46406.83692,48731.95661,-2325.119687,111595.0991,52319.67934,59275.41978,1.439237023,7.84888133,0.856768841,74.38813939,95.97308211,75.78465071,95.62500262
2341,52648.35424,56346.41134,-3698.057101,55170.54392,55980.07976,-809.535843,92450.3137,51789.91278,40660.40092,0.4502771099,4.903383513,0.8399533617,97.3571535,25.09780579,97.65575742,25.43482979
2342,675004.2331,51396.40616,623607.827,792667.4521,50300.22403,742367.228,293844.9842,44934.5978,248910.3864,0.8584105688,6.937077901,0.4737373617,99.95838669,95.56261461,100.7662955,95.8527043
2343,45053.10215,53007.15612,-7954.053975,59608.39501,63272.08291,-3663.687894,215697.1029,61726.17408,153970.9288,0.5639267788,1.537390135,0.8788512554,11.21661043,71.79503985,11.6590917,72.14464497
2344,864119.8547,38233.85973,825885.995,656860.3007,58987.12901,597873.1717,295578.2772,45408.81499,250169.4622,0.6818136318,1.942861171,0.8149060021,51.28575608,73.7287428,51.23839519,74.40890952
2345,78692.18216,55796.78499,22895.39717,28126.81475,49819.2163,-21692.40155,169381.0546,51505.89804,117875.1566,1.302988284,1.618583315,0.8414092318,77.51605377,72.90113846,76.47932222,73.69042051
2346,865858.6446,44964.41678,820894.2278,758935.514,49796.24144,709139.2726,235474.4006,50395.86292,185078.5377,2.552539289,2.180850918,0.5717107623,37.16734786,46.64630932,38.52463386,48.80807515
2347,1105986.84,58592.94262,1047393.898,703646.9532,52867.99703,650778.9561,333796.5353,39539.68215,294256.8532,0.3927445482,4.993355239,0.8307101007,50.37003555,53.22251617,50.62611704,53.52029218
2348,1010071.024,57828.22845,952242.7955,809382.5828,56832.88872,752549.6941,347806.8574,61019.13386,286787.7235,0.5214189315,3.930251943,0.5824433305,2.023335497,62.20158469,2.459778728,62.4868828
2349,197445.0803,58046.85512,139398.2252,181010.2228,44450.16918,136560.0536,172734.73,49604.88348,123129.8466,0.1726199281,2.91306219,0.6131958139,59.82404629,17.55838039,59.95799966,17.66725708
2350,997427.4632,64659.53862,932767.9246,668968.6261,50052.07367,618916.5524,302929.5168,55244.95572,247684.5611,0.7894245352,1.240098123,0.6320073916,59.70011639,22.41572973,60.29274701,22.93724679
2351,575008.2995,41402.33554,533605.964,865406.3616,52618.94628,812787.4154,287677.9781,56517.77077,231160.2073,0.2121671123,2.340030491,0.7903180122,29.71211725,7.227158792,29.86425409,7.3750414
2352,35337.7813,49350.9028,-14013.1215,46394.54153,60410.94708,-14016.40555,217225.2793,62981.37795,154243.9014,0.4619962219,2.007639121,0.9070406653,91.22057632,31.71931601,91.38916145,32.14945501
2353,57660.20196,60658.19022,-2997.988256,55061.29761,65523.54817,-10462.25056,155204.2749,58637.56347,96566.71141,2.732019947,4.942368312,0.7501005003,92.63360409,34.24488982,94.88306667,35.79532559
2354,1051975.698,56139.71559,995835.9825,754645.0009,41159.98389,713485.017,212737.7143,44661.88159,168075.8327,3.192875803,5.114911295,0.8914663024,60.63665945,44.64653883,63.35680487,46.31844336
2355,662353.0042,43061.3685,619291.6357,755119.5225,40340.17735,714779.3452,262436.5336,36740.66859,225695.865,2.062026144,2.559375458,0.8916549488,88.82517773,32.74899782,89.863587,34.53047419
2356,74889.17868,47216.60433,27672.57435,59736.42864,55697.08598,4039.34266,176720.1674,48448.50691,128271.6604,2.459425708,3.739711599,0.8367244395,83.39035434,67.21940029,85.83926483,67.44658354
2357,870650.4175,55345.43439,815304.9831,632453.9262,69882.54472,562571.3815,312370.1182,46566.0457,265804.0725,0.811235084,1.35867393,0.9492820022,75.04466248,60.57473732,75.44069234,61.28273641
2358,866328.8327,52847.3545,813481.4782,689256.396,56340.39276,632916.0033,268052.4982,60308.10888,207744.3893,0.2038318321,2.773021993,0.6595152037,89.44720535,68.78084578,89.63708953,68.7067417
2359,194869.3131,70750.59261,124118.7205,171924.3233,55943.42938,115980.8939,216149.9932,48470.21972,167679.7735,1.478123415,1.29915339,0.8210046289,97.73981583,81.29255008,98.81708199,82.3046501
2360,49271.25161,47672.88485,1598.366765,44086.41422,50643.45891,-6557.044688,151603.8252,46697.50128,104906.3239,2.854871925,5.411393184,0.5860012588,21.39531311,25.12315016,24.03828535,26.20249786
2361,47186.45172,57212.72488,-10026.27316,55182.7138,60423.97351,-5241.259714,215708.4246,43474.22133,172234.2033,0.2963647304,3.828409472,0.9697944407,15.50799786,7.318175843,15.78580986,7.421387017
2362,41805.48776,54124.34698,-12318.85922,41934.0575,51865.61669,-9931.559191,147933.7349,37473.10356,110460.6314,1.44511196,1.968047702,0.8403296462,54.71903793,41.06075045,54.80001007,39.61790877
2363,886235.4135,61537.01329,824698.4002,597943.0021,40467.40421,557475.5979,367652.4614,66432.58747,301219.8739,1.363477147,1.403842996,0.7057275885,68.98418963,6.855922189,69.82501143,5.782568277
2364,771249.846,52051.8223,719198.0237,653268.7355,53146.77203,600121.9635,240116.532,58123.6895,181992.8425,0.9871968142,2.309121232,0.8408210402,84.38833372,43.03921187,85.19603648,43.60681542
2365,217475.0347,54939.02356,162536.0111,155445.6376,44787.18585,110658.4517,154830.6666,36697.85522,118132.8114,3.266594014,3.587298808,0.8003724018,97.38809969,48.71641237,97.95250472,51.93387774
2366,276147.865,47329.9332,228817.9318,196969.9615,53338.93768,143631.0238,285487.5336,63891.14217,221596.3914,2.115085626,2.619394971,0.8584822602,5.360081658,66.69846977,7.371822599,67.35152842
2367,994226.7894,63217.5244,931009.265,709398.081,53843.52234,655554.5587,316969.9354,39763.09239,277206.8431,0.3511982563,3.84305753,0.85900159,25.86248349,95.97225228,26.02890029,96.28151861
2368,907358.8669,62675.04916,844683.8177,748058.1786,57422.40744,690635.7712,295053.2092,60378.16338,234675.0458,1.047872114,3.680248075,0.772856906,50.71616642,76.10902826,49.75690382,76.53075239
2369,237016.5216,53330.11819,183686.4034,150429.2351,50553.54418,99875.69097,240972.3276,46936.59381,194035.7338,1.132078189,4.790643091,0.573687767,28.61336528,96.28955558,28.9079306,97.38263943
2370,937809.1195,50826.05205,886983.0675,756301.711,52585.95739,703715.7536,268120.0851,24852.1986,243267.8865,0.529920971,1.76019009,0.970401818,33.36199814,30.34426112,33.43012787,30.86978426
2371,213671.3928,52332.16932,161339.2235,178223.865,61027.39077,117196.4742,250955.468,49868.54255,201086.9255,2.039818764,2.60062868,1,3.191525878,37.3106546,2.652944802,39.2780872
2372,678557.5298,45183.64262,633373.8872,818161.9634,62105.14587,756056.8176,279551.1483,54814.59003,224736.5583,1.526910893,2.376882933,0.8638157683,77.22842053,37.72304097,77.54077596,39.21766165
2373,642305.3501,54738.38011,587566.97,680689.5185,54557.37103,626132.1474,294283.0803,70905.63298,223377.4473,0.6461613262,1.829669542,0.6897542287,6.371740718,74.3781568,6.66871687,74.95202929
2374,69147.42071,61597.4293,7549.991417,48517.48269,52988.80753,-4471.324832,89463.21562,50112.39121,39350.82442,0.8953749143,1.399048143,0.7797182453,13.15267368,40.5821606,14.00766523,40.84802839
2375,967723.4431,59839.34881,907884.0942,718325.267,54186.71483,664138.5521,299678.1704,50966.50157,248711.6688,1.961745061,1.559558226,0.7303375527,14.13284534,21.43522503,16.052199,21.84084211
2376,887902.1597,62383.62338,825518.5363,922406.4693,55123.45828,867283.0111,210590.4935,27787.59612,182802.8974,0.54656257,2.832819495,0.7820380017,96.94338449,75.64260393,97.36066762,75.99559888
2377,874010.5653,58942.74059,815067.8247,794117.3852,52147.5455,741969.8396,263234.2544,44172.35651,219061.8979,0.4680319356,2.90034245,0.6863754091,25.63777791,57.61289735,26.08153065,57.76168379
2378,1151067.769,37711.84197,1113355.927,704874.7699,52847.71568,652027.0542,244031.2487,47476.22744,196555.0213,1.397900406,5.015778181,0.7354485272,74.38776744,39.1666392,74.24819075,40.55755397
2379,173082.8965,53373.92632,119708.9702,179751.6945,49867.70549,129883.9891,197800.7918,43415.12859,154385.6632,0.6005056916,1.83761473,0.7021339878,75.26131456,0.6611552607,75.85687303,0.5842319478
2380,67552.65032,61603.21076,5949.439566,56508.46936,63405.0443,-6896.574933,127726.1546,54522.96636,73203.18829,0.8563412825,1.473377763,0.7253305421,34.42229516,6.552886182,35.01207392,7.173757666
2381,965421.1534,60523.77098,904897.3824,717057.6708,62419.08099,654638.5898,292721.833,63685.62408,229036.209,1.992668975,3.349915813,0.8329787182,44.16116415,30.70481116,45.54353616,32.14000357
2382,55249.10806,55829.55845,-580.4503905,51555.46964,53089.21342,-1533.743787,174459.7825,45809.80041,128649.982,1.902260027,2.501412218,0.7607304484,41.78361761,86.62795568,41.83382298,88.52955307
2383,219567.5067,57430.95123,162136.5555,163354.8034,47544.39711,115810.4063,226314.3032,47356.68904,178957.6142,1.577219747,3.926305616,0.6865148494,32.66231013,1.072240819,33.95200123,1.980160964
2384,69016.54863,60784.70382,8231.844805,43338.50395,49523.73256,-6185.228608,156388.6963,44820.73453,111567.9618,2.691124684,1.499366355,1,46.49349469,85.86006426,45.88680358,88.48191055
2385,43941.12547,46827.00923,-2885.883765,54638.92832,55948.51546,-1309.587148,165177.1383,56623.97434,108553.164,0.915956554,4.137701016,0.8234905244,4.831813141,52.69016441,5.194748762,51.84918038
2386,171153.8557,50544.0558,120609.7999,169579.3727,56558.62388,113020.7488,247902.2001,51802.89692,196099.3032,0.1935319665,3.4969559,0.8707905792,56.03792837,0.5271455671,56.21102503,0.4405882645
2387,840068.051,61755.20999,778312.841,704763.2588,52355.11362,652408.1452,345645.617,45625.40119,300020.2158,3.76902262,3.540877016,0.7048769101,80.35528864,57.84534457,82.44611857,60.98125939
2388,23986.72211,41458.70132,-17471.97921,36206.50008,45383.41596,-9176.915886,102462.906,40207.95522,62254.95075,0.9001433539,1.823519532,0.8990328081,98.34416104,80.66221656,99.04489223,81.2272244
2389,204838.4609,61388.88691,143449.574,173298.8579,49559.82753,123739.0304,213655.0622,50461.3736,163193.6886,1.674986121,2.355202089,0.5860927462,98.3236111,68.20939702,96.91178882,69.11069407
2390,192641.2617,51618.98007,141022.2816,155359.1052,49692.38723,105666.718,296389.9184,41992.76859,254397.1498,0.5369940236,2.659252815,0.6158038386,73.78238538,6.391304717,74.24397873,6.665702538
2391,722729.5328,53242.76715,669486.7656,526293.0245,59687.36561,466605.6589,286539.9793,51049.79029,235490.189,0.4351074303,1.035116228,0.7140778111,93.63283566,37.60490288,93.94398286,37.9090507
2392,1130871.617,50179.799,1080691.818,800397.4496,38444.52337,761952.9262,249186.2413,40689.43253,208496.8087,1.943158556,3.15529866,0.9710330466,98.14715487,38.72959014,100.0234123,38.22409699
2393,226552.9591,50226.80348,176326.1557,145861.3592,56721.0885,89140.27075,199903.3346,55299.60847,144603.7261,1.768983712,1.643252108,0.7506878631,76.69789866,68.14590285,77.93178274,69.41351219
2394,65182.80487,72242.45534,-7059.650471,54580.38845,40991.55321,13588.83524,182304.0095,50247.8349,132056.1746,0.1894415378,2.245658947,0.6395214414,55.40593169,18.4956659,55.59102787,18.53600817
2395,58621.0569,55384.06597,3236.990922,58869.10993,66380.1567,-7511.04677,121732.921,58508.67365,63224.24738,0.6468683488,1.739243186,0.8394291293,95.28152599,20.66678838,95.7601007,21.10199511
2396,964175.3013,52367.12335,911808.178,754971.155,38238.20071,716732.9543,233147.2649,33218.69879,199928.5661,3.126497769,1.952331637,0.9149232574,21.95038676,22.33530295,23.67534443,24.94288983
2397,195311.7326,52274.31264,143037.4199,143275.7375,37915.49754,105360.2399,234524.8382,44958.90829,189565.93,0.4402756213,2.748957785,0.8183068727,29.89224226,42.7565592,29.4617117,42.66443937
2398,126502.2496,49235.24252,77267.00707,157331.6434,50746.99053,106584.6529,289349.9836,62745.01226,226604.9714,1.286374384,4.007289446,0.757018088,41.11564262,47.3101857,41.77472906,48.41488661
2399,783523.351,47505.08212,736018.2688,706092.6724,55221.58486,650871.0876,284356.3375,43838.18424,240518.1533,2.328016714,3.657732012,0.8742732014,83.84806853,45.26033918,84.69696454,47.4280655
2400,1007671.003,50011.56754,957659.4358,800123.168,63779.06752,736344.1005,284171.782,50434.43878,233737.3432,0.8608243114,3.815231545,1,83.46818737,25.63244115,84.29901873,25.85769157
2401,23525.94689,47608.24042,-24082.29353,55945.45135,59276.06028,-3330.608928,244232.1108,67133.95919,177098.1516,0.7826138827,9.149754206,0.8492985461,68.38452726,48.94896905,69.16674178,48.9239704
2402,807498.1604,61191.7662,746306.3942,744835.6662,46050.1643,698785.5019,297795.3235,41959.71346,255835.6101,1.494072681,1.974056622,0.7638270043,21.83854717,67.59020953,23.03858401,68.48024591
2403,239158.6097,60400.71367,178757.896,173285.1194,49255.62006,124029.4993,183204.8889,51622.17521,131582.7137,0.9102514661,2.370837506,0.7622442794,28.73720416,55.15129185,29.51370611,55.62626812
2404,36827.2249,44681.77948,-7854.554582,57693.28645,58174.32976,-481.0433126,109238.3725,48503.70565,60734.66687,0.9310895467,1.847515305,0.8275493058,59.32882715,58.33745454,60.05776158,58.91674923
2405,990979.5781,58884.0133,932095.5647,725428.8803,47933.86316,677495.0171,235479.9467,50766.62975,184713.317,2.047014553,1.872210363,0.7198453063,89.06753957,0.226069926,90.66063449,1.511494816
2406,667372.2619,68020.56983,599351.692,705093.3474,60069.69056,645023.6568,216781.8563,48455.04832,168326.808,1.252778273,3.104267724,0.8792400786,55.13500807,96.98203931,54.34340451,97.95302706
2407,641872.0837,52475.32752,589396.7562,851608.9068,58929.55247,792679.3543,243998.1306,44578.10168,199420.0289,2.512899361,5.793786888,0.8793764622,87.76567704,12.07208184,89.56620165,13.82501491
2408,263868.7736,38921.06029,224947.7133,140763.1541,46745.65442,94017.49964,158877.1254,40878.44876,117998.6767,0.1185095771,3.664534472,0.6403385981,60.6938965,88.45200039,60.74524366,88.55880858
2409,201740.5225,55120.68183,146619.8406,152560.0854,49193.28423,103366.8012,204337.2916,53799.30659,150537.985,2.114246612,6.324418403,0.5917053789,32.7287722,63.37670653,34.35763101,64.72461518
2410,54460.29852,49622.9661,4837.332418,51779.33109,55684.59205,-3905.26096,123899.0953,48151.64288,75747.45242,0.3537491144,1.378244113,0.8465740675,25.43557108,51.25342645,25.71623072,51.46876014
2411,852201.7808,50604.657,801597.1238,739494.2607,43241.65907,696252.6016,250542.8389,50482.06833,200060.7706,2.416561522,2.178478783,0.8000158413,90.52420291,19.10889445,92.55907377,20.41237832
2412,45762.98195,54378.244,-8615.262046,57106.05515,59833.39874,-2727.343594,161711.599,51094.0797,110617.5193,0.9008703032,3.074704231,1,99.84742271,0.8101389939,99.21751055,1.454171582
2413,47241.17544,53764.49703,-6523.321586,37393.35872,51090.06029,-13696.70158,119272.1411,63260.01151,56012.12957,1.727467702,4.61343919,0.8384881765,85.26004023,51.21809605,86.89484062,51.7762827
2414,876972.6969,54614.69427,822358.0027,969882.921,42049.60032,927833.3207,264535.12,46638.75988,217896.3601,1.537091109,2.738352315,0.9155420223,58.90234458,99.70992329,59.38855646,98.25175764
2415,196403.1824,49003.34725,147399.8351,174059.2599,56782.73029,117276.5296,195658.9271,45262.88713,150396.04,0.7156004006,3.804208327,0.6643094043,23.05425985,63.21987648,23.37535044,63.85939565
2416,47633.11545,56951.40851,-9318.293062,54875.32663,47138.42833,7736.898301,140884.9739,62505.81272,78379.1612,0.787343924,2.559308742,0.8657146895,47.26987856,15.08958704,48.04343466,15.23628882
2417,803722.075,48315.09078,755406.9842,830467.0369,49016.75781,781450.2791,269277.4071,50469.01739,218808.3897,0.942275137,2.46215029,0.7763829975,30.00338609,65.35279307,29.81052644,66.27512034
2418,701801.7167,56777.13588,645024.5808,779434.5315,49518.79141,729915.7401,305274.5498,48566.89058,256707.6592,1.004721399,1.228261291,0.830504242,92.22095364,78.52756643,93.22138691,78.62029376
2419,260582.4826,52672.31463,207910.168,188866.4678,53827.31292,135039.1549,148486.4151,54479.67377,94006.7413,0.9263491932,2.716383839,0.9008189573,11.38389265,92.36327009,12.17183194,92.8503784
2420,47888.77609,62224.78285,-14336.00676,32863.22607,56948.77751,-24085.55144,141331.3131,51974.86267,89356.45044,1.988367799,3.289906509,0.7541799082,38.61371886,26.90596325,40.42206522,27.73269777
2421,55455.93465,58713.34637,-3257.411723,50036.63866,56768.79168,-6732.15302,90255.47657,48279.99818,41975.47839,1.076654221,2.590289346,0.872865455,44.55009161,44.80986574,45.38876317,44.13472551
2422,1062208.88,65635.83801,996573.0418,722465.1109,62524.32353,659940.7874,201534.3332,47571.7879,153962.5453,2.050263434,2.82607491,0.6049930563,62.64469274,9.536739929,60.8388147,10.50750493
2423,874396.3734,46063.75986,828332.6136,735418.4437,47217.25522,688201.1884,280862.3657,48518.85921,232343.5065,0.3970357465,0.8424001272,0.882206927,93.02176544,46.21427334,93.38220027,46.38077896
2424,282424.821,66311.29289,216113.5281,202485.6058,51687.20531,150798.4005,185832.4895,49928.34544,135904.1441,1.559219314,4.404289146,0.6265158048,74.6560029,31.01545121,76.10596018,31.58885224
2425,241546.3865,46188.33185,195358.0546,201698.5922,49925.48921,151773.103,316010.1682,54178.35543,261831.8128,0.9739150112,3.600616536,0.9038689484,49.16735093,96.42859082,50.13111879,96.56881197
2426,166029.0776,46713.45598,119315.6217,214107.8731,51245.21745,162862.6556,193869.4372,34510.15642,159359.2807,1.01706211,3.524893705,0.6915887492,5.048105661,5.87485854,6.038390359,6.106702352
2427,49422.84521,57672.91067,-8250.06546,67624.21188,57324.51059,10299.70129,173540.2826,51038.38988,122501.8927,0.2877774993,5.238968701,0.7659408153,92.71459308,0.1578547604,92.96130444,0.3060080344
2428,880629.4352,52995.11902,827634.3162,829891.8732,64437.64316,765454.2301,324632.2666,48560.44684,276071.8197,0.815846846,3.383644142,0.725226245,62.24134909,54.70060133,62.77706989,55.31591369
2429,810448.9335,53336.79744,757112.136,605556.224,54113.60989,551442.6141,309042.145,57950.75393,251091.3911,1.189126098,3.427463506,0.7982560933,61.45372178,83.32724511,62.55952587,83.76453013
2430,782172.177,57526.23617,724645.9408,670292.6806,49307.70094,620984.9797,227795.9699,46525.91716,181270.0527,0.6432262186,2.749593035,0.7033270629,94.79625217,4.869021717,95.25084313,5.324089866
2431,901415.5002,61919.14627,839496.3539,548140.5546,48486.65809,499653.8965,215906.1122,38041.04303,177865.0691,0.549979455,2.755491956,0.9156463728,30.11603028,78.80953381,30.61353557,78.57508577
2432,79367.48662,53509.41318,25858.07344,81559.84447,65959.57833,15600.26614,119568.4411,52927.97167,66640.46945,0.2655005247,3.852819908,0.7672325906,71.55132541,3.372143351,71.79631257,3.474475266
2433,218370.171,63222.34803,155147.823,133063.412,44006.38858,89057.02341,232924.0563,54628.53181,178295.5245,1.610576689,2.583466884,0.88279714,30.79393865,93.33761567,31.1208556,94.91466436
2434,70741.05988,62201.80046,8539.259415,64090.61729,57278.80356,6811.813732,166609.5844,54052.84271,112556.7417,0.8590072516,1.76235079,0.6613963657,96.58368768,6.644361616,97.17791142,7.264677349
2435,274990.9117,63012.24591,211978.6658,178392.5577,52023.11664,126369.441,203189.0948,41790.02126,161399.0736,0.4014966094,3.132827951,0.7439141663,53.48262402,38.75884528,53.77662277,39.03227582
2436,757568.9108,43360.47641,714208.4344,657338.3498,49793.2849,607545.0649,314764.2805,57215.72496,257548.5555,1.078734886,3.828747383,0.7127910632,56.52519847,44.20894659,55.62226655,44.7991863
2437,170591.4635,52954.82031,117636.6432,131479.5277,49790.66138,81688.86636,172421.2535,40917.53702,131503.7165,1.381519256,5.302102246,0.8134079761,70.78654826,85.55480905,71.32247656,86.82814181
2438,188346.0755,64959.29936,123386.7762,186548.9677,54826.06916,131722.8985,248560.9909,52444.74751,196116.2434,1.21247816,3.339503984,0.6406919749,34.27534143,26.88638073,34.89312799,27.92966547
2439,138396.2816,58871.74289,79524.53866,119629.5551,47275.08656,72354.4685,208935.0424,64908.92821,144026.1142,2.081522052,5.489548129,0.5269885258,14.17258738,97.47899967,16.06931776,98.33640735
2440,73126.28721,70256.97436,2869.312847,52592.26531,58925.99038,-6333.725072,163370.1172,51353.47595,112016.6413,1.948667997,4.989064491,0.9663966931,7.943033298,76.64772587,9.770705551,77.32368526
2441,832590.7521,52614.03372,779976.7184,784296.5501,49720.38793,734576.1622,316799.9241,32576.14316,284223.7809,0.2169192305,5.129179212,0.8531306909,42.97860857,96.08168755,43.19252578,96.11765111
2442,839910.7785,56686.18307,783224.5955,734660.9473,52766.46414,681894.4832,258871.2467,43258.29181,215612.9549,0.4278160583,3.878670558,1,58.34784184,28.73176227,58.59751919,29.07916377
2443,36490.66097,49807.81677,-13317.15579,72657.14995,54487.81064,18169.33931,114362.4056,44541.29316,69821.1124,2.112346848,3.361034258,0.8742122282,2.619452492,62.5016836,0.5884490857,61.92113699
2444,221740.395,50003.36727,171737.0277,171900.7839,50562.91996,121337.8639,271843.0265,50570.15272,221272.8738,0.7549445991,5.028143624,0.8288630159,23.82922985,66.83638441,24.39059698,67.3411698
2445,1011808.299,61725.21252,950083.0867,596916.9402,55885.37642,541031.5638,256409.1918,49964.28802,206444.9038,1.960148423,3.30580607,0.9207054929,41.9649453,73.45645538,43.69158278,74.38430496
2446,936519.6136,56042.06973,880477.5439,858087.3628,58635.4633,799451.8995,374222.8135,57482.42696,316740.3865,0.3587272463,2.045365734,0.6229178418,23.347784,13.37834824,23.57723919,13.65409369
2447,1080852.833,65618.89134,1015233.941,772169.6396,63739.68938,708429.9502,237615.1864,43550.55492,194064.6315,1.338494159,4.520336882,0.5854270296,5.987768888,82.80167472,7.321891154,82.69358036
2448,827338.5479,54992.74035,772345.8075,640406.0554,46787.48355,593618.5719,339497.4276,47659.32695,291838.1007,1.098475981,1.185545924,0.8024529266,34.80565,45.3635274,34.82179603,46.46188471
2449,758506.6442,63975.07486,694531.5693,974754.3522,59489.11576,915265.2365,284835.6141,47943.53554,236892.0785,0.6009376647,2.204071305,0.5859966157,96.52286308,90.66277996,96.73708872,91.2242365
2450,63358.45839,61625.66835,1732.790045,40832.54515,44951.30648,-4118.761333,77488.68165,48481.26624,29007.4154,1.069047145,1.792641976,0.7276623157,97.56799349,52.12292097,96.91699873,52.97089952
2451,61370.53561,58915.51846,2455.017152,44300.33332,44883.51754,-583.184211,140120.6515,37931.34065,102189.3108,0.4694763229,4.261088168,0.6797098024,58.28803581,47.14267636,58.55676835,47.52763199
2452,925823.5522,47062.36093,878761.1913,461494.5206,52930.61531,408563.9053,210882.663,34985.07263,175897.5904,0.488572112,2.269556901,0.7073937694,2.598982103,99.55040743,3.083109228,99.61616178
2453,49294.4882,61711.53736,-12417.04917,52862.30479,60774.34628,-7912.041489,199508.2515,60954.74509,138553.5064,0.1776314287,3.587634872,0.716680791,58.29923757,12.29228986,58.47684705,12.28949753
2454,762129.2231,38754.97394,723374.2491,870540.8555,49251.35698,821289.4985,269320.3828,49673.38401,219646.9987,0.7033678889,2.830823587,0.712435027,19.27298216,81.26441483,19.38350099,81.95904565
2455,42215.95265,53280.51569,-11064.56304,51652.05292,53525.94164,-1873.888719,161385.9523,48081.69194,113304.2603,1.180650831,1.621624566,0.7188434165,31.54975304,12.35731033,32.32391783,13.24871666
2456,184139.0131,36755.39038,147383.6227,156743.4755,55574.2475,101169.228,229091.7494,51788.02749,177303.7219,2.712695139,2.402601352,0.7184494466,62.22241064,37.72277322,63.31875225,35.24149331
2457,56804.28667,54122.8186,2681.468076,60514.55359,57448.63956,3065.914032,108605.1017,44203.35291,64401.74878,1.672318241,3.068638214,0.755224368,16.84233681,81.61069165,18.49751286,81.37186003
2458,915237.6456,55945.57189,859292.0737,638895.9203,44040.46147,594855.4588,310209.8682,47641.94026,262567.928,0.4235940417,4.352623409,0.6520450689,29.96490386,11.02722098,29.9923191,11.44992692
2459,777140.2556,62683.94421,714456.3114,703892.9031,44774.37153,659118.5315,276511.9448,53618.49171,222893.4531,2.580433586,3.455585753,0.9258415151,58.73468514,73.72639906,61.24780693,74.31193846
2460,42560.52187,44048.93242,-1488.410557,50621.50012,56756.3366,-6134.83648,187593.737,45370.90241,142222.8346,0.1690619008,4.941393314,0.9381578295,97.76440903,30.29761706,97.8275025,30.45446457
2461,181959.2162,49910.06535,132049.1508,196344.7492,45726.18105,150618.5682,212826.2403,47076.70398,165749.5363,1.976572861,2.689136781,0.6201791091,2.684079262,67.54342264,0.7442639779,67.16400606
2462,840859.8324,54125.7519,786734.0805,719583.5931,46582.95146,673000.6416,232387.9158,42237.09824,190150.8176,1.410809918,4.949458699,0.623490196,21.8056452,28.48074624,22.69207733,29.5782993
2463,761062.5091,55205.39369,705857.1154,969705.3226,57664.31475,912041.0078,247197.4702,44284.7614,202912.7088,1.84890562,4.147173198,0.8983891134,68.85888871,4.130770564,70.70607476,4.210493119
2464,1121702.348,59189.29441,1062513.053,769537.2112,66603.34995,702933.8612,372601.4582,47672.45763,324929.0006,1.257318662,2.019144191,0.7874655776,80.99703379,26.69589062,80.62870658,27.89804922
2465,830975.0761,43095.30702,787879.7691,764378.4376,43303.82018,721074.6174,274332.4352,56153.71371,218178.7215,1.027731379,2.391343519,0.7588025405,90.03828612,94.41034558,91.06238815,94.32405059
2466,740747.7134,64487.75931,676259.9541,707053.7067,65030.88655,642022.8202,289541.1985,57581.368,231959.8305,1.235029007,2.634275326,0.9037188121,89.19718447,2.613971044,88.16479792,1.936125434
2467,930974.9508,47884.57884,883090.372,803537.7939,61220.71576,742317.0782,229938.9065,55121.351,174817.5555,0.4809082314,4.526924177,0.864763641,18.68003222,81.30205119,18.90825124,81.72535818
2468,50325.19417,61198.08789,-10872.89372,44667.96294,48940.5376,-4272.574666,186944.4094,57851.55016,129092.8593,3.494902347,2.577134208,0.8864402532,50.75956495,85.14432616,53.56374261,87.23021447
2469,47153.62107,49054.08866,-1900.467585,67475.65038,55849.34197,11626.30841,243233.4336,62323.42969,180910.0039,0.8494652965,2.651730067,0.7234621736,25.19285003,51.68204426,25.00791431,52.51113417
2470,268120.6915,43470.89335,224649.7982,137248.1172,49996.38709,87251.73013,233208.2222,39762.47493,193445.7473,0.587950839,3.183896265,0.950001389,77.90454945,74.1687855,78.40870724,74.47129353
2471,70737.78314,61118.74305,9619.040093,31681.91085,40388.27956,-8706.368711,131398.4192,61231.09095,70167.32828,0.448988276,1.859158725,0.7337516296,56.89976367,15.94753189,56.94675056,16.3940548
2472,255499.3862,49696.33003,205803.0562,237324.9618,56949.00558,180375.9562,241183.0781,39958.59089,201224.4872,0.6290821384,2.532707462,0.8713838492,14.97663603,7.141852602,15.12891854,7.752224926
2473,878239.8538,55114.39674,823125.4571,574553.1365,59099.33956,515453.797,264288.0565,60849.38917,203438.6674,1.097215703,5.797457167,0.7729013855,31.22259293,32.54447464,31.99854429,33.3202206
2474,29576.22583,54404.98752,-24828.76169,40498.32679,48779.70974,-8281.382947,203762.6453,54492.17004,149270.4753,1.179849889,1.693632493,0.7009655305,95.21962219,90.11884683,96.22739019,90.73240156
2475,917475.1258,57018.01821,860457.1076,617314.3821,39942.34632,577372.0358,279254.4327,50975.10437,228279.3283,2.420524578,2.805935844,0.6596916821,43.0965576,45.29675724,41.69538585,43.32301536
2476,64201.30591,48014.8456,16186.46031,69398.9187,50479.3798,18919.53891,166203.6986,53608.89707,112594.8015,1.544677551,1.462149884,0.6541799468,3.831080846,41.05809797,4.027461028,42.59024142
2477,37577.96402,51203.5649,-13625.60088,53680.13026,48258.22487,5421.905392,99287.58641,60156.35888,39131.22753,3.176524072,3.453652937,0.749785923,36.1990837,55.7006441,37.99081198,58.32362236
2478,200776.7309,55202.4314,145574.2995,217599.1923,62660.75984,154938.4325,282012.7272,62423.48849,219589.2387,1.442358129,5.001003085,0.8258550483,63.39090652,42.77691428,63.45153449,44.21799763
2479,156761.8427,63116.56093,93645.28175,170430.6168,43229.46599,127201.1508,207493.514,50688.24243,156805.2716,1.305140681,4.471616795,0.7244079561,41.64219126,35.23338481,42.83355071,35.76635278
2480,22153.38285,39158.95148,-17005.56863,41659.36674,48890.15074,-7230.783997,155500.869,45009.25886,110491.6101,0.9140059739,2.055997661,0.8637387937,85.26438714,33.79496009,85.94798127,34.40167748
2481,57867.40729,54436.94694,3430.460347,59661.36164,56079.1712,3582.190438,66090.19116,53892.29469,12197.89647,0.568298923,3.955516385,0.6722006014,68.51438688,3.01343738,69.05631275,2.842323346
2482,887488.8306,52497.71125,834991.1193,701946.0787,49770.46093,652175.6177,270933.8821,63530.96435,207402.9178,0.6893803558,4.304069425,0.6995874148,81.6380952,48.19977443,82.15632456,48.65439912
2483,261548.1581,57060.18419,204487.9739,167392.1809,56484.73503,110907.4459,219567.4105,54374.04778,165193.3628,1.258451204,2.407176921,0.7140132106,71.48269514,85.76214509,72.67239843,85.35189452
2484,792782.4039,60101.87334,732680.5306,869339.8384,44105.71417,825234.1242,300092.1825,47018.9826,253073.1999,0.4737698561,2.976318336,0.83032322,27.86509562,43.38765703,28.13800874,43.77492478
2485,135785.3013,40811.28328,94974.01804,142189.9574,54982.05664,87207.90079,253846.0011,44697.57748,209148.4236,0.7193229794,1.66328077,0.6776947328,54.87310041,33.22975233,55.51417257,33.55602221
2486,310737.9774,65836.8421,244901.1353,137627.6021,57932.58318,79695.01894,221090.222,42916.30453,178173.9175,2.273018871,2.035263785,0.9561843193,43.8662245,38.88945652,45.98471081,39.71324687
2487,966773.0964,52833.1525,913939.9438,716435.8415,55251.23673,661184.6048,260908.9377,56691.67318,204217.2646,0.3206569716,1.659918189,0.7336006705,53.6365657,29.72373554,53.87608852,29.93692492
2488,71018.53169,60672.03182,10346.49988,44630.87609,57730.98484,-13100.10875,211067.8981,42399.46367,168668.4344,2.430654323,2.922620443,0.6392360421,6.298975261,93.32172363,3.930197752,92.77677083
2489,971244.1169,62308.95537,908935.1616,808728.3494,61008.35206,747719.9973,228290.8533,49772.15843,178518.6948,1.673994446,2.983891895,0.8185062812,26.58465426,21.14303251,27.54615202,22.51335345
2490,864855.6027,55605.93564,809249.6671,865802.4722,46979.18152,818823.2907,322212.7274,61599.76665,260612.9608,0.7962909699,1.318851814,0.8042779211,50.47441149,75.87457561,49.70454535,75.67114149
2491,213039.4564,66987.17622,146052.2802,126638.343,56520.20664,70118.13635,142968.69,50409.71959,92558.97045,0.2375175249,4.727264237,0.6629700212,89.95321426,33.26104613,89.96848694,33.49807212
2492,201992.5793,51776.19337,150216.3859,171603.7278,61625.1794,109978.5484,154998.5311,51726.0418,103272.4893,1.146112726,2.722241005,0.771251495,64.82976595,12.73108745,65.51702818,13.64828155
2493,54615.51187,53671.16381,944.3480627,41275.94128,56601.80387,-15325.86259,95268.94011,45992.14667,49276.79344,0.5046520023,4.702213985,0.5476448342,10.81628241,69.40571498,11.32058187,69.42457512
2494,1000421.294,61368.63407,939052.6602,803290.5931,42072.76636,761217.8267,221446.0556,53847.3228,167598.7328,2.069883566,3.797025166,0.8080832191,77.24498353,5.113500274,77.08522985,7.177209734
2495,207192.323,52471.70539,154720.6176,182732.3647,60892.03407,121840.3306,274746.4691,58262.53499,216483.9341,0.3053564047,1.768089093,0.7580074551,42.8473366,11.45735086,43.14690275,11.51653411
2496,233761.005,47074.07685,186686.9281,136893.2639,43254.45886,93638.80507,245831.3405,60381.45441,185449.886,0.3524534254,1.749712261,0.6451656777,2.174938945,6.677731583,2.002572632,6.370301475
2497,795894.184,50892.74913,745001.4349,967045.8058,53479.80267,913566.0031,354079.9892,50500.52301,303579.4662,1.089353704,4.78877422,0.7991026705,80.05576015,36.6366191,81.00473091,37.17154526
2498,61744.64595,53980.29444,7764.351508,25887.78382,40905.75425,-15017.97043,102072.7691,49715.8302,52356.9389,0.4778227351,4.933115934,0.9355026855,87.00259452,96.24418507,87.13501034,95.78507656
2499,61144.4482,52564.23623,8580.211971,38284.3243,50916.30754,-12631.98325,176466.5237,52612.87406,123853.6497,1.861642327,5.820763913,0.8078452585,11.69047458,94.48862338,11.24031288,96.29501941
2500,47362.25115,46699.62611,662.6250341,59736.3604,59816.67421,-80.31381261,194152.3731,44529.77321,149622.5999,0.6166190655,2.852858361,0.9872505563,96.78996615,53.52964449,96.92057897,54.13227154
2501,41474.59806,57822.77309,-16348.17503,59751.23471,58861.84921,889.3855063,72014.86352,54055.12279,17959.74073,0.9525833654,2.278461756,0.7597923938,59.56244865,39.66344566,60.38275537,40.14771001
2502,50552.01174,52548.97315,-1996.961418,48702.33112,46827.06317,1875.267944,183905.7897,46199.28026,137706.5095,1.074118555,2.541258515,1,12.33829851,40.8942993,11.46055385,41.51340751
2503,998966.9248,55679.94708,943286.9777,649991.0739,59785.17115,590205.9027,281397.8426,62845.44076,218552.4018,0.7935885221,3.352853486,0.6053052892,1.039641393,11.3527505,1.825594881,11.46256788
2504,147295.5132,53072.88001,94222.63318,144970.3432,57671.96231,87298.3809,214269.9399,57942.5574,156327.3825,0.3889489288,1.728034116,0.6036177506,19.35362379,31.00686217,19.72807925,31.11204953
2505,201824.0406,73098.45035,128725.5902,176078.5807,31120.22987,144958.3508,287922.7047,55691.2843,232231.4204,1.806634322,2.542212516,0.8802163405,5.252012507,38.8845146,6.727619117,39.92687381
2506,904139.5581,48016.98492,856122.5731,562584.646,52070.13816,510514.5079,271990.9932,48527.5946,223463.3986,0.9515883566,5.77670748,0.793862164,97.38160173,22.27862386,98.31007766,22.48707732
2507,644810.2901,47800.76549,597009.5246,606800.3979,54902.22765,551898.1703,300956.8009,41367.93365,259588.8672,0.9891870549,6.82633545,0.6914906593,59.94039381,3.024849476,59.37876881,3.839139588
2508,49531.10344,45053.59817,4477.505269,54398.25559,53851.65032,546.6052737,133922.6145,35659.16935,98263.44512,1.102829083,3.730293716,0.6981576176,5.715823077,32.19542419,6.048807341,33.24678211
2509,884870.0521,61165.31792,823704.7342,748068.4709,49138.90111,698929.5698,295917.4787,59662.05947,236255.4192,1.03326037,1.453975085,0.8740440194,57.37337216,22.83235785,58.35743341,23.14739823
2510,47733.88789,52081.98696,-4348.09907,35056.293,47970.44014,-12914.14714,128193.6544,32214.67786,95978.97655,0.4629715278,2.223908232,0.6152182351,37.9974333,92.51936251,37.88713443,92.96900325
2511,879962.4992,60404.04367,819558.4556,728428.0554,54336.56846,674091.487,262635.001,50996.86063,211638.1403,0.4273442417,1.079289135,0.8153073961,2.060826444,24.50094748,2.339648638,24.82480128
2512,188891.0699,61514.52609,127376.5438,167616.9576,60587.53739,107029.4202,285302.847,59276.96377,226025.8832,0.7748539915,4.745227448,0.7550332903,82.89450902,15.67970269,83.43586807,16.23407539
2513,70105.7017,62698.5396,7407.162103,33213.03893,42227.25043,-9014.211497,180357.5374,47981.68514,132375.8522,0.9412419218,6.384422081,0.7509305923,54.88592586,52.3523414,55.74165324,52.74434525
2514,39338.70189,47918.42266,-8579.720771,47990.40845,53226.46064,-5236.052189,179404.354,53006.99244,126397.3615,2.056723209,7.067127096,0.592332721,28.80510111,41.73287712,30.79610233,42.24865275
2515,937324.7589,66172.72791,871152.031,620280.3394,55515.11895,564765.2205,260905.666,39564.7187,221340.9473,1.215105758,2.802836952,0.8260559944,88.86985645,59.04979006,87.81533644,59.65350319
2516,145168.3809,45932.61435,99235.76655,119853.6381,35215.80193,84637.83614,155590.9101,32807.31453,122783.5955,0.2120447663,4.608183229,0.911450818,82.06275514,46.78609098,82.2308314,46.91537112
2517,44322.04725,57745.03043,-13422.98318,45819.63469,46321.8162,-502.1815088,104525.2283,52391.00562,52134.22272,1.470099988,2.870219528,0.6550768294,78.17850294,42.61053645,78.14736425,44.08030663
2518,225996.7593,58932.59804,167064.1612,109649.7989,51771.15644,57878.6425,167543.155,49117.77893,118425.376,0.6107949963,3.915732611,0.7843760785,26.90026517,80.79398554,27.20180979,81.32515536
2519,237675.1833,68954.25373,168720.9295,156118.2299,48916.58416,107201.6457,227058.4,59964.22034,167094.1796,0.8169642658,1.891129426,0.8425215106,22.54358182,39.74096914,22.8202206,40.50967038
2520,751996.3861,62929.3182,689067.0679,760386.0907,46615.31388,713770.7768,268429.5126,54679.73425,213749.7784,0.7894256326,4.828638992,0.9057406569,38.63060851,68.97320554,38.75073922,69.7534372
2521,815054.98,47976.21139,767078.7687,813426.7136,54393.6332,759033.0804,226541.4221,54720.02171,171821.4004,1.293313329,1.806837889,0.7211410183,57.24927641,87.89127028,58.21743919,87.03376215
2522,232475.7592,51843.78071,180631.9785,157033.5459,48876.88939,108156.6565,178000.2734,55408.23851,122592.0349,0.5008647346,3.044256755,0.749975215,97.91059365,64.09291648,98.41121819,64.07740676
2523,277660.3932,54882.62969,222777.7635,120575.8356,48936.80394,71639.03162,257633.4438,58893.95054,198739.4932,1.371988752,5.479891725,0.5571510984,12.80575736,11.39894427,14.03312129,10.78581222
2524,65338.17335,58247.25003,7090.923315,50858.91973,47932.50116,2926.41857,117470.6539,45664.21328,71806.4406,3.214783407,4.820446496,0.8159232225,18.93032584,67.58366613,21.77283385,66.08200686
2525,52528.65586,38367.93134,14160.72453,44622.55613,57610.34527,-12987.78914,159758.2208,50041.14182,109717.0789,2.417296332,2.215524131,0.8411084283,56.76156587,81.05123333,59.12954584,80.56544285
2526,43372.57907,41625.06053,1747.518537,53053.66792,57311.30028,-4257.632359,108681.1028,49141.77885,59539.32396,2.123218205,4.148621607,0.6888495013,41.07871677,1.267775501,43.14975173,1.735610646
2527,983148.9372,51343.44473,931805.4925,877618.7196,53824.60637,823794.1132,300938.904,47326.19786,253612.7062,1.546019658,5.028699566,0.6962613985,52.18546826,68.23152623,51.43496462,69.58316267
2528,659526.3629,47691.43324,611834.9296,818885.257,48843.73096,770041.5261,316771.2267,59594.65648,257176.5702,2.620134814,4.499530116,0.8298119111,57.81958789,68.74044552,59.44856967,70.79264551
2529,30152.6952,52556.15029,-22403.4551,45792.26279,41954.39862,3837.864165,141781.9331,44770.16957,97011.7635,0.7192012231,2.33602836,0.6966892272,21.32357435,95.66082034,21.84090472,95.1612008
2530,760999.3827,60590.76799,700408.6147,615083.0029,54071.87379,561011.1292,287757.4142,53282.76909,234474.6451,0.9965893827,2.072048781,0.6844030174,85.1478664,53.81460334,85.3483564,54.79081754
2531,124937.7829,55671.9794,69265.80347,132261.3923,57291.79949,74969.59276,204189.1882,63035.3408,141153.8474,1.512415707,1.834661912,0.4879096528,35.99868637,28.84109014,37.39082569,29.43214799
2532,71954.38731,59643.86519,12310.52212,52074.97816,53217.55539,-1142.577226,117818.8536,58587.23003,59231.62357,1.972925733,4.544669466,0.7859419203,25.00105268,22.47794318,26.97256464,22.55261952
2533,1012814.567,51650.23922,961164.3281,623688.181,49616.47432,574071.7067,224051.8849,43287.94601,180763.9389,0.4511420651,4.229450294,0.5077496715,91.82108781,33.73214584,91.9429793,34.16650931
2534,989620.244,47704.05769,941916.1863,919848.5673,61678.28744,858170.2799,253065.4478,42507.10174,210558.3461,2.148490261,1.124147078,0.8337748461,77.02380299,88.35415246,77.44961731,90.46002343
2535,57822.68027,61632.99586,-3810.315589,50270.8883,51609.42626,-1338.537964,123058.1316,49678.35278,73379.7788,1.094438854,3.088430443,0.8065298218,95.68355351,68.71089315,96.65307938,69.21864899
2536,832923.278,50974.21199,781949.066,738191.5329,46598.60751,691592.9253,312290.1797,53718.41934,258571.7603,3.289801303,3.670214954,0.8902983674,0.2246116819,88.82380315,-0.3432260945,85.58337835
2537,215981.259,55215.96492,160765.2941,137048.8443,59474.45754,77574.38672,199631.7764,50170.43643,149461.34,0.07407569848,2.733456783,0.9190421251,82.40604812,67.50362518,82.47943273,67.49353023
2538,825044.1096,46088.67588,778955.4337,719335.3375,43188.26775,676147.0698,250712.4139,44763.78427,205948.6296,1.107579796,3.087268113,0.7438649078,4.362516947,70.10861382,4.488850928,71.20896501
2539,28501.02089,45071.41698,-16570.39609,52238.00922,70271.40728,-18033.39806,173019.2464,40494.05449,132525.1919,0.5500211529,2.642642864,0.6854317066,20.95254127,64.92645475,20.40583809,64.8661314
2540,862183.4618,66907.78218,795275.6797,688893.0192,61139.52346,627753.4957,382773.3197,60164.97579,322608.3439,0.8614128184,2.746980822,0.7410798524,35.76029558,18.67274104,36.00586898,17.84707419
2541,190068.5495,49850.09913,140218.4504,206959.154,57824.89247,149134.2615,164454.707,53081.61706,111373.0899,0.9669139707,1.709748505,1,17.93080191,99.78008,18.72041653,100.3381404
2542,26658.58626,41210.40678,-14551.82052,28105.14321,35127.18878,-7022.045571,228281.0116,58707.63123,169573.3804,0.4785076104,2.700218713,0.8369926808,2.802924846,7.65131494,3.252422525,7.815392267
2543,901772.2724,58605.13622,843167.1362,888731.0087,37517.33672,851213.672,339905.2282,56952.03327,282953.1949,0.6051183074,4.539051909,0.6431238214,1.484545392,59.25984207,2.052826107,59.05193537
2544,930324.4598,67029.27344,863295.1863,747542.6181,44534.58011,703008.038,213417.4393,49193.23202,164224.2073,0.6531301285,4.941319559,0.62404702,99.76793236,88.95586013,100.290491,89.34766547
2545,770614.0681,49333.36016,721280.7079,892541.1409,53250.86723,839290.2737,238484.909,40161.48902,198323.42,2.728222141,2.099984336,0.7666450073,61.050398,69.66480129,63.72877916,70.18390672
2546,225159.9452,60845.54948,164314.3957,221699.139,49064.47382,172634.6652,179610.9206,47696.09716,131914.8234,0.621961142,2.886207884,0.5884852894,17.43384106,70.89418727,17.91468832,71.28867627
2547,266084.4189,59592.50754,206491.9114,114615.4578,39909.49025,74705.96755,189347.5239,52613.21867,136734.3053,0.6490671944,5.105125426,0.6847291294,44.2372931,9.780345936,44.85921176,9.966102251
2548,34110.79932,51955.28662,-17844.4873,47446.97003,52949.78493,-5502.814904,144680.9345,49584.85143,95096.08307,0.9592512739,2.190158655,0.8553038169,27.12174438,60.96060907,27.6674688,61.74949935
2549,189426.6983,62637.41469,126789.2836,169816.719,55798.64813,114018.0709,269166.5947,48616.16079,220550.4339,0.614968002,2.608925709,0.8124278859,16.64514494,74.01525796,17.23145354,74.20080547
2550,49546.78183,58908.31518,-9361.533356,43417.19726,50962.06167,-7544.864407,155444.1384,71398.59243,84045.54592,1.334976425,2.113972525,0.5966882101,35.71988435,13.56138084,34.61946456,14.31718394
2551,964645.4109,57171.87525,907473.5357,493748.6874,51901.19917,441847.4882,286141.4062,54471.18677,231670.2194,0.5581906816,2.073100523,0.8236165358,96.47750837,7.447691623,96.27618562,7.968312395
2552,69964.54728,58882.66392,11081.88335,47350.94916,46131.96206,1218.987099,171845.3806,36939.59165,134905.7889,0.3638859336,5.049667284,0.6311770812,38.92013507,32.31465074,39.11676705,32.62083506
2553,746380.1535,61124.55247,685255.601,792245.654,51356.62029,740889.0337,268888.0414,60826.10241,208061.939,0.4931836291,4.131109579,0.908327183,99.50317995,91.37691595,99.95484601,91.17885568
2554,61412.89801,48627.80007,12785.09794,72891.73521,54742.00445,18149.73076,234244.8983,46347.27782,187897.6204,0.3413981387,5.281188298,0.6719426492,88.93901412,27.83766063,89.08222239,28.14757043
2555,851260.8523,58813.97077,792446.8815,697674.6244,60294.96201,637379.6624,324057.4724,47993.6156,276063.8568,1.074095568,2.398616981,0.6075991373,41.25434224,76.80382685,41.84063739,77.70379313
2556,825471.5101,60794.79559,764676.7145,757949.4704,38725.54659,719223.9238,299192.378,44437.47773,254754.9003,2.632865628,1.792137393,0.7919396757,19.63108626,51.88148473,21.79070708,53.38747919
2557,186254.5335,52026.40608,134228.1274,160832.5934,57971.46516,102861.1282,276313.3317,54803.64407,221509.6877,1.237866431,2.273485692,0.8076444,35.69496263,10.48698176,36.92988956,10.57223884
2558,185168.628,48988.62746,136180.0005,144988.9188,54246.14533,90742.77348,215715.0729,60962.16764,154752.9053,2.545994889,2.894825266,0.9188933464,98.28334152,13.67952662,99.47973324,15.92691105
2559,50201.92812,63584.01502,-13382.0869,59261.5092,61549.71406,-2288.204858,132607.3792,41862.08092,90745.29829,0.6687763263,2.730024651,0.8079997412,12.21412593,11.3073128,12.86398486,11.46525312
2560,892664.7794,59224.19419,833440.5853,660376.1978,39477.42144,620898.7763,274525.4071,55288.08588,219237.3212,0.9463470644,5.289463129,0.8487231422,94.4701077,54.27194379,94.95935095,55.08201404
2561,59659.07296,51302.16255,8356.910411,49513.61762,54249.95828,-4736.340655,153295.2754,46842.56854,106452.7069,0.8801839421,2.790139038,0.8928766711,66.48310009,78.37593143,66.73716475,79.21865019
2562,915217.6713,60117.40534,855100.266,773856.5719,48557.93021,725298.6417,247864.3609,48712.1962,199152.1647,0.7756879953,2.113488144,1,75.57897476,50.67616029,76.03203145,51.30578836
2563,803940.0903,46534.06488,757406.0255,625798.5704,51787.15419,574011.4162,266687.3548,50658.68232,216028.6725,0.1944759106,3.754476949,0.9504556086,39.5544465,64.22743867,39.73940058,64.28754582
2564,111282.2945,53908.28554,57374.00897,133873.5661,55408.61003,78464.95604,77288.01407,48992.45763,28295.55644,1.0354955,3.176143352,0.6019924951,20.22028343,71.65186853,20.83352689,72.48624458
2565,164245.9745,59439.54108,104806.4334,174812.4448,54686.68912,120125.7557,173375.9284,32243.11384,141132.8146,0.2845557043,2.443049667,0.7382161608,26.40138523,34.26304164,26.63714296,34.42238481
2566,44794.57502,59214.0557,-14419.48068,37511.59648,62272.16013,-24760.56365,208541.0816,65612.96674,142928.1149,1.462748372,1.022385526,0.9164566648,92.17720143,88.2988897,92.30467889,89.7560727
2567,70731.08972,66028.9881,4702.101615,56879.76745,61277.46239,-4397.694936,80814.82437,54867.9002,25946.92416,0.3682040093,2.944638759,0.6087464611,82.85765414,92.02239224,83.22562757,92.03542077
2568,61780.39338,47482.13698,14298.2564,41844.0721,46856.95244,-5012.880341,133488.3774,44917.5783,88570.79911,0.6517796898,2.290471386,0.8534323967,38.73745523,54.11925846,39.2373414,54.53750549
2569,1006531.955,49665.35515,956866.5995,688436.3115,40943.97944,647492.3321,244141.2773,41044.8004,203096.4769,1.653932352,2.407003618,0.8595727148,9.654650393,29.15790571,10.7981262,30.35287655
2570,857973.9467,58568.15699,799405.7897,712101.8965,46177.629,665924.2675,303269.8889,48795.11153,254474.7774,0.4710602128,1.973764277,0.9313246153,58.1129699,70.27112504,58.26885674,70.7156439
2571,1044963.607,56950.31665,988013.2907,744852.4398,72143.45844,672708.9813,317407.7075,53274.60595,264133.1015,0.2221547559,3.002605668,0.9134599292,60.78425049,80.65375364,60.7822245,80.87589916
2572,1027195.21,62462.79124,964732.4184,760466.8504,52974.33048,707492.5199,211683.4059,50428.11871,161255.2872,0.6585424045,3.761227658,0.7572751325,84.26142843,45.90377561,84.70667628,46.38898942
2573,47662.38958,50806.80411,-3144.414526,53669.54923,49582.60074,4086.948491,103096.7148,44473.98917,58622.72561,1.789777451,3.96748682,0.836955563,12.38771223,91.03556786,14.12889986,91.44977669
2574,1003130.564,59556.32169,943574.2426,617493.7512,51495.38,565998.3712,402137.3284,58229.78596,343907.5424,2.904936238,3.921342799,0.7000430455,11.37660784,8.859403045,8.702264313,7.725145028
2575,49463.03454,65803.55928,-16340.52473,57087.2703,61475.95043,-4388.680133,99146.37222,46927.23654,52219.13568,2.332149437,3.001950546,1,6.365675595,10.46652376,8.538958337,9.620495909
2576,42419.60645,54777.91156,-12358.3051,58864.13394,52267.70989,6596.424048,157018.0311,47133.5902,109884.4409,2.379679913,2.726592727,0.6982615504,29.74676054,98.40524108,30.07949926,100.7615436
2577,58984.71122,51077.47561,7907.235602,47581.59735,45195.01857,2386.578776,135333.7498,44582.76573,90750.98408,0.2794100724,1.15045896,0.75563728,23.37938041,76.52174043,23.49986713,76.77383752
2578,937706.872,58748.84409,878958.0279,572144.0025,60003.70078,512140.3017,255672.442,46562.53653,209109.9055,0.1966751811,2.672406496,0.7670961953,94.03498077,97.44515839,94.16935596,97.58877048
2579,1077955.695,49364.10981,1028591.585,621477.01,48567.1236,572909.8864,264845.4018,40187.87791,224657.5239,0.3430641015,5.354953957,0.7407364179,47.90240851,26.34679606,47.99886024,26.67602249
2580,820179.0553,69717.16725,750461.888,779484.8474,60116.26242,719368.585,207632.2201,61028.36858,146603.8515,0.3696999784,2.572367217,0.8883137458,3.485974777,47.37851443,3.130680203,47.48070954
2581,704727.3479,49750.41574,654976.9322,667004.0589,57106.96284,609897.096,253542.9397,50276.02007,203266.9196,0.1949920037,3.318215804,0.8256843955,81.56921947,85.6936491,81.74822583,85.61632767
2582,635051.1568,55368.538,579682.6188,778448.3839,56379.96853,722068.4154,239913.6224,53538.63081,186374.9916,0.9812594486,6.874411723,0.7145460687,57.20686588,94.23890461,58.11129871,93.85828489
2583,65069.367,63618.91584,1450.45116,67549.07887,57797.65289,9751.425987,176718.0835,41158.24434,135559.8392,0.6557367016,2.608061086,0.7223212434,8.684816833,38.82870082,8.930780843,39.43655963
2584,1002267.809,53833.85176,948433.957,656905.0682,38057.30334,618847.7648,332629.3526,46411.87148,286217.4811,0.2710239324,4.019573302,0.8533138678,99.07710336,85.09422713,99.30381503,85.24273906
2585,181741.9803,63391.99907,118349.9812,133664.557,56597.17605,77067.38099,185449.9825,49712.50698,135737.4756,1.870268545,2.306199251,0.5801414399,9.896138233,39.37153389,11.36724512,40.52641437
2586,956148.5703,50874.31488,905274.2554,852088.7852,50805.55369,801283.2315,280178.8028,52827.53505,227351.2678,0.2826604668,2.688655276,0.8801361395,17.43692137,94.73251926,17.60099747,94.96268436
2587,199639.4591,70131.35834,129508.1007,134524.3049,46468.16679,88056.13809,190409.9437,55120.69067,135289.253,1.154595081,2.10988606,0.7878285096,85.74398499,25.66158263,86.61234512,26.42252973
2588,41249.70094,51819.29719,-10569.59625,46924.55767,63889.65198,-16965.09431,155816.0777,52910.84896,102905.2288,0.4462982183,3.516828479,0.8498980029,30.58830822,8.679135105,30.84431166,9.04470909
2589,219644.8685,57901.55229,161743.3162,161350.3783,56216.88105,105133.4973,276689.4017,54899.53351,221789.8682,0.8725155776,3.287236293,0.8589144799,66.11234911,82.72533818,66.49811163,83.50794326
2590,214892.3026,46152.06331,168740.2393,171744.9219,51481.44808,120263.4738,268546.9977,63273.99186,205273.0058,2.025150316,2.242275306,0.7326620631,54.46073058,34.35533624,56.34029189,35.10931441
2591,849833.9738,48898.36299,800935.6108,584994.1524,46481.4746,538512.6778,235946.3743,58151.12509,177795.2493,0.370432223,6.896755632,0.6445944359,27.821834,71.26805547,28.18962734,71.31219268
2592,891310.5806,56299.65133,835010.9293,649417.999,48547.33798,600870.661,293631.0512,59225.56371,234405.4875,1.40232717,3.941822038,0.625382102,2.905696196,92.13450201,4.157815148,91.50305952
2593,173207.8941,45194.69866,128013.1954,204521.8695,44709.90068,159811.9688,203689.8029,50811.16789,152878.635,1.322012464,4.75189931,0.8434187567,68.79303751,73.73082312,69.38490818,72.54870381
2594,929238.4351,57626,871612.4351,836564.192,58450.42577,778113.7662,254513.1411,47184.57018,207328.5709,0.4281477351,2.78476098,0.7521431236,48.85214491,57.53401648,49.1731293,57.81735287
2595,62025.96642,59491.6118,2534.35462,33208.30558,47103.38472,-13895.07914,160215.1689,47574.04824,112641.1206,2.170186245,1.650909118,0.8159446739,58.51121665,53.20976314,58.85451771,55.35262401
2596,873947.5717,43394.0629,830553.5088,639827.963,47431.96092,592396.0021,224164.3187,51642.82972,172521.489,2.125604362,1.5613696,0.7747029063,16.18690654,1.674543123,17.99699168,0.5601887357
2597,881144.0546,62126.72914,819017.3255,966574.1027,51339.02396,915235.0788,250837.8793,46915.5952,203922.2841,1.58920239,4.119061614,0.7084832267,52.59552096,29.19430948,53.12109093,30.69408961
2598,226122.0126,65419.25141,160702.7612,185261.9258,62511.65218,122750.2736,195282.3522,51789.26833,143493.0838,0.8720596498,3.31024856,0.6179698674,2.210906727,67.47075932,2.965070227,67.90862397
2599,837300.3282,44576.12317,792724.205,903306.3842,58119.97191,845186.4123,322799.6437,54716.86135,268082.7824,0.1823376947,2.314331626,0.7602699856,98.91726498,67.70471754,98.97851329,67.8764606
2600,70697.9688,57831.76604,12866.20276,58448.27058,56231.52863,2216.74195,114309.0378,66881.97466,47427.06315,1.678679801,4.293563414,0.7073376223,81.02544463,76.67806338,81.84631525,78.14235068
2601,586217.9511,53044.63743,533173.3137,709151.7562,48525.05796,660626.6982,338158.9786,48109.19936,290049.7793,1.418706636,6.330691791,0.8128283943,39.12770112,13.00109782,40.04381109,14.0843665
2602,721105.5473,52829.29748,668276.2498,761792.627,51312.30238,710480.3246,217350.1002,47735.15105,169614.9491,1.414370302,4.946497899,0.7285077189,39.87646869,32.39296469,38.46233857,32.41902933
2603,250114.2029,67520.66889,182593.534,112062.9594,33690.76358,78372.19581,106961.5089,45566.63549,61394.87339,1.556340989,1.942841481,0.6298484174,10.748282,12.9404904,11.88351348,14.00512496
2604,811090.9242,54129.88566,756961.0385,763332.7917,52313.119,711019.6727,320027.3432,51900.65911,268126.6841,0.4785481524,2.728900642,0.4938980897,59.43822443,77.13492772,59.45583833,77.6131516
2605,843461.8494,45844.92302,797616.9264,757342.5971,39320.78602,718021.811,274372.0951,51901.13844,222470.9567,1.606177722,4.1119072,1,49.6986547,57.3540102,49.55110937,55.75462367
2606,202901.4853,51485.08599,151416.3993,200274.4045,60882.79358,139391.6109,233902.3809,62422.78232,171479.5986,0.3236198518,3.298854444,0.7354179736,4.313101837,94.84697462,4.382659071,95.16303094
2607,58437.09538,55760.64953,2676.44585,68686.81311,55124.37179,13562.44132,119124.8751,34892.66082,84232.21427,0.822145701,4.926442391,0.7956049491,27.00056739,31.52840343,27.75513801,31.8548184
2608,205099.6799,58968.80368,146130.8762,124668.7626,61108.66346,63560.09911,200262.0282,49185.78709,151076.2411,0.9622947707,5.018649651,0.7033685155,27.38163704,45.80092093,28.10926046,46.43066324
2609,763340.0298,57173.04467,706166.9851,826204.7954,45649.92176,780554.8737,233261.4571,45766.48564,187494.9714,0.3349759347,1.813692935,0.8974805796,81.75249559,24.89936454,81.79655764,25.23142992
2610,273760.1226,77348.27564,196411.8469,173251.729,44853.93589,128397.7931,169900.0532,35591.83911,134308.2141,0.02,4.074637365,0.7590307844,37.82256439,50.11990014,37.83732644,50.13339392
2611,945413.5695,52509.1723,892904.3972,641740.4798,34603.73667,607136.7431,263462.4924,50849.57939,212612.913,0.8498894734,4.302980371,0.8535006017,7.77784958,38.87708552,8.627537072,38.85855765
2612,212071.7861,62591.41292,149480.3732,205023.6985,54663.09216,150360.6063,166903.4541,56841.89793,110061.5562,0.9402722922,2.641969293,0.7877384794,18.78420807,30.85454624,19.35742631,31.59988699
2613,885580.6555,49166.56341,836414.0921,784273.8706,54719.01838,729554.8522,284657.3556,42806.78718,241850.5684,0.9489852205,9.362708401,0.6437744674,48.41331125,18.75573065,47.50645764,19.03535448
2614,1029971.193,65052.68522,964918.5077,931675.3656,59567.36395,872108.0017,285947.9605,41117.61049,244830.35,1.511141585,1.72702044,0.7079318796,47.55028707,14.17427433,47.90318249,15.64363259
2615,948015.6482,50580.59915,897435.049,700373.7441,56690.75312,643682.991,330286.4056,56071.4655,274214.9401,2.944752542,4.210035133,0.8768036833,96.53090547,85.51125353,98.42553825,87.76556809
2616,626211.6449,63878.12249,562333.5224,729772.5162,44420.65555,685351.8607,279945.0351,50893.80452,229051.2305,2.579661343,1.211209667,0.8996745305,21.83498883,89.2077888,20.87446458,91.60195793
2617,837396.1886,48492.51564,788903.673,691600.2005,64751.82742,626848.3731,251284.596,48930.2429,202354.3531,1.328534762,5.955935541,0.9614236244,76.83302045,7.023371334,77.80147407,7.932822927
2618,37695.98085,57076.278,-19380.29714,39334.52786,43958.96098,-4624.433118,173294.06,46001.44479,127292.6152,1.494196806,2.590252475,0.7335092622,99.30426093,45.81974059,100.4777228,46.74473317
2619,756199.3094,55338.30391,700861.0055,844571.4734,54551.23844,790020.235,223833.388,58708.31861,165125.0694,1.118759825,5.903729913,1,79.88273965,15.33772552,80.7311597,16.06697648
2620,162399.9144,63608.81352,98791.10086,131967.7079,46555.47981,85412.22814,270089.2427,56301.69031,213787.5524,1.118346481,2.341923819,0.8800464687,86.39211828,60.71530138,85.39056645,60.21771442
2621,248279.7173,60834.88635,187444.831,148751.2914,62373.39523,86377.89614,192956.7602,48481.10633,144475.6539,1.451922772,1.569654307,0.7321343565,40.6459367,63.25567507,41.94218045,63.90976366
2622,50730.46473,50130.43147,600.0332597,44797.71565,44117.59793,680.1177285,153693.8235,39789.87376,113903.9497,0.3362149504,2.693659184,0.7508098651,59.8366803,92.96411362,60.06716415,93.20889452
2623,54093.57651,48891.77993,5201.796581,66830.16144,61162.70077,5667.460662,96476.52494,38475.69551,58000.82943,0.7326277415,2.040954252,0.8869070958,25.2985246,60.51572936,25.83012265,61.01985922
2624,965958.2167,56924.96114,909033.2555,909939.583,51410.56463,858529.0184,308829.7357,61745.06132,247084.6743,0.1903529391,6.281670111,0.7816155789,35.64679145,25.9072554,35.49953607,25.78663163
2625,192356.2753,74068.48008,118287.7953,158074.7669,58825.03952,99249.7274,147897.4951,44235.56282,103661.9322,1.670554368,2.863376437,0.8528897388,14.39683723,15.80959784,15.23666686,17.25370244
2626,1150841.707,59220.16769,1091621.54,893846.6434,54018.47392,839828.1695,327576.1759,46924.65518,280651.5208,0.5166887646,1.719113038,1,60.99867944,85.91113593,61.49809272,86.04362613
2627,235920.0028,54979.9281,180940.0747,213826.6795,46064.03298,167762.6465,164420.4633,56686.0133,107734.45,1.411829424,4.349038227,0.6295701457,28.97089746,0.2959388357,30.26933961,0.8502946036
2628,57291.51237,58835.36438,-1543.852016,51412.0447,62248.43376,-10836.38905,117841.6869,43310.74103,74530.94583,1.31128534,1.678357106,0.8509104782,49.3832645,33.13341808,48.82719951,31.94587398
2629,798802.9823,36105.92787,762697.0544,830535.8212,49653.49902,780882.3222,273191.4212,58999.56572,214191.8555,0.3624465308,4.062874293,0.8735966483,30.22129972,41.72031154,30.36486131,42.05311413
2630,177218.0238,63331.89698,113886.1268,200663.6175,67353.89462,133309.7228,227387.5361,61914.33176,165473.2044,1.358247449,3.436018358,0.839487716,85.54035213,96.11498138,85.92754007,97.41687294
2631,261385.0391,36652.50823,224732.5309,204255.2194,58345.92352,145909.2959,242675.6795,52278.08213,190397.5974,1.663750843,1.907569164,0.9903950225,63.69568413,22.11065935,64.34313016,23.64326514
2632,223207.3682,58481.21503,164726.1531,191509.5801,54711.23387,136798.3462,282152.9076,38862.25008,243290.6575,0.4057840072,1.501463189,0.7917472516,8.031495799,21.58539581,8.40989235,21.43884646
2633,54444.00521,55790.27585,-1346.270636,41957.88244,52892.88851,-10935.00607,187436.8969,45854.52358,141582.3733,1.148939402,2.776226005,0.6042985076,97.89566762,47.06035474,98.57767417,47.98497835
2634,64327.0388,68687.64105,-4360.602258,36704.44034,42058.93724,-5354.496896,144163.9547,42470.13447,101693.8202,2.597930027,2.365927157,0.9848788343,65.51058259,16.39212656,63.02317447,17.14182068
2635,141487.9072,48402.61238,93085.29481,172647.5014,60627.1525,112020.3489,234411.2921,57604.24293,176807.0492,1.355132934,2.801231427,0.7996739555,75.02621081,75.7724881,76.35299713,76.04821138
2636,889397.5354,58914.67377,830482.8616,725100.2607,54692.69274,670407.568,308525.3533,48446.55866,260078.7947,0.9482085959,2.190435692,0.7012750685,15.9192468,38.85393205,16.72949391,38.3613885
2637,981085.3449,54226.07678,926859.2681,688490.6165,57133.5373,631357.0792,263385.0031,45339.77258,218045.2305,0.8871102834,2.544443017,0.9721577022,4.649968461,26.39063193,5.386259521,26.88544516
2638,61240.76166,52911.28612,8329.475542,47156.30379,52656.52271,-5500.218927,133695.198,53009.81839,80685.37961,0.90880199,1.680008052,0.6563838887,80.33757578,50.00084287,81.20108655,50.28416286
2639,890923.5829,55549.74818,835373.8347,767645.8347,44371.30574,723274.529,227129.6306,49076.58011,178053.0505,0.4742070893,8.184304751,0.6345710628,17.8184887,8.954943788,17.98862362,9.397579614
2640,854700.1829,55723.08143,798977.1014,773440.8298,48263.87543,725176.9544,272599.1572,55204.87917,217394.278,0.141320809,2.139114493,0.621397909,7.699319772,83.64268243,7.831086425,83.69376197
2641,266033.976,52132.46093,213901.5151,229430.4673,49011.09733,180419.3699,177489.4026,52642.59028,124846.8124,0.2658867568,3.471923799,0.6575788504,23.38091168,50.64021139,23.64496996,50.67134003
2642,50937.02926,46167.6647,4769.364563,56828.77923,57958.75468,-1129.975448,82865.12456,44831.12934,38033.99522,2.539284342,1.321300942,0.818744608,52.35432571,40.35792151,54.47771722,41.75046359
2643,213818.9347,54755.27028,159063.6645,169549.9378,47669.72197,121880.2159,222758.8896,51590.55605,171168.3336,0.2019027921,2.945350645,0.6329120149,98.27550068,12.18546858,98.47675743,12.16932986
2644,203434.7127,43944.90081,159489.8119,118720.8741,64318.78696,54402.08713,152652.742,53213.01788,99439.72414,1.713910247,2.963002786,0.922902408,97.32796707,4.177205889,99.03652943,4.041917246
2645,59825.96523,55923.55081,3902.414426,43319.21805,45185.36849,-1866.150433,49951.92434,57552.57718,-7600.65284,1.329503762,1.943738419,0.7567585689,0.1214571161,72.52760675,1.050431789,73.47870417
2646,47494.10222,50571.74051,-3077.638293,37082.3391,43369.17304,-6286.833935,90078.83108,45169.33468,44909.4964,1.004981237,4.54627198,0.8667277318,64.19692693,41.26609171,65.19113437,41.41285296
2647,47292.23929,51445.00827,-4152.768975,44868.5388,52589.96797,-7721.429169,120089.6333,49506.50507,70583.12818,0.6109458991,3.202241649,0.7884286639,68.36480196,21.93115085,68.66221297,22.4648189
2648,67745.38969,65487.12446,2258.265232,35486.33233,43929.20819,-8442.875865,77380.91543,49579.65801,27801.25743,0.4892742279,3.485627325,0.7359708358,23.36140725,91.47714912,23.75289782,91.77061872
2649,70789.83356,64519.58226,6270.251292,61174.50606,52533.91095,8640.595113,122012.5183,51304.41014,70708.10817,0.8655655978,3.914682609,0.7627236352,97.95220704,3.165418899,98.12008838,2.316290133
2650,821345.6131,45484.22619,775861.3869,769065.0868,51033.76628,718031.3205,274292.1266,47774.70264,226517.424,0.5934120119,2.597371178,0.7348076167,41.9970726,70.62051101,42.28127955,71.14143733
2651,623430.4165,57153.35863,566277.0579,819536.5014,40102.94751,779433.5539,238208.1428,46430.86077,191777.2821,0.3418207187,4.332818178,0.66087414,85.03574427,55.30388107,85.34435071,55.45086226
2652,930400.9789,56263.33011,874137.6488,612159.9802,61466.52866,550693.4516,271182.4264,49113.9879,222068.4385,1.021758641,2.420756105,0.5609294946,93.28234112,71.79712202,92.88935647,70.85396043
2653,193361.8066,54433.05932,138928.7473,181602.7199,53245.02734,128357.6926,228123.5236,48711.68022,179411.8434,1.738721421,3.907909435,0.9723133678,80.68483567,22.38608873,82.37702088,22.78566526
2654,26668.83096,40172.58023,-13503.74927,29712.49134,38432.93369,-8720.442356,81831.38762,48609.95781,33221.42981,0.9612547144,2.068678899,0.6731755568,40.05276284,69.60899245,40.46783889,70.47601177
2655,762485.5097,54700.71714,707784.7925,702855.0733,53376.21222,649478.8611,327167.2613,56412.15611,270755.1052,1.141294735,1.456502125,0.7613532782,57.93989498,79.5495826,57.89211166,78.40928859
2656,307691.3215,61415.59421,246275.7273,154362.4691,56366.97791,97995.49124,287334.9156,56798.51547,230536.4002,0.6201943361,3.979905072,0.7227673775,64.18510732,92.81024721,64.80483349,92.8343406
2657,122689.8139,56141.09144,66548.72241,94957.56862,52721.68084,42235.88778,224235.0844,59018.68736,165216.397,0.4526064141,2.422475559,1,10.35925803,73.24862882,10.69584934,73.55121577
2658,160699.4744,56808.04153,103891.4328,146889.1195,51663.56049,95225.55898,190668.0291,48119.9795,142548.0496,2.078090504,2.331007701,1,84.95307206,19.64327471,86.80594445,20.58419131
2659,943209.7044,44321.86916,898887.8353,738913.2481,58098.98645,680814.2617,278262.3126,48431.39881,229830.9138,1.560768199,2.152624754,0.9869109976,62.18056221,87.67815972,60.90087397,86.78462998
2660,937077.2445,52848.52139,884228.7231,724125.4474,71429.93942,652695.508,273572.3759,52588.02215,220984.3538,0.7208414043,3.031475923,0.9403802037,3.362505586,60.42159143,3.487790612,61.13146184
2661,239120.5352,56221.72988,182898.8053,182823.8861,50807.73572,132016.1504,240725.1172,55387.88618,185337.231,0.5259301499,3.848832095,0.6703622196,46.2014116,98.31368047,46.20112795,98.83961054
2662,255194.7812,65258.03773,189936.7435,174452.0768,65110.63639,109341.4404,211635.1998,49711.74282,161923.457,1.038851698,3.919391637,0.9217952457,30.02505509,71.08589645,29.81807666,72.10392041
2663,230080.2962,57947.76529,172132.5309,159172.2475,50531.6056,108640.6419,209690.8315,40128.62995,169562.2015,0.440303352,3.89389114,0.6900757034,62.36545916,53.95626685,62.72220262,53.69819487
2664,805884.9311,52643.3137,753241.6174,547709.9303,43165.42663,504544.5036,300736.4314,48914.32718,251822.1043,0.7789275223,3.395004427,0.9750232915,83.0565168,95.38136793,83.80587409,95.59395141
2665,49643.79708,52926.95128,-3283.1542,31786.0522,42117.25776,-10331.20556,188005.9261,54052.71512,133953.211,1.407392572,1.690249648,0.7384573728,91.20406431,40.76249345,91.90845093,41.98093235
2666,862149.9143,52919.76861,809230.1456,832177.3962,55997.97212,776179.424,184661.773,41466.63771,143195.1353,0.7874340931,4.419225483,0.8117626445,14.99811224,47.65993009,15.78182958,47.73634722
2667,798750.232,67183.61865,731566.6134,650398.882,63404.4008,586994.4812,250634.7256,66492.16742,184142.5581,3.554810918,3.056395357,0.6783408295,81.91262429,25.73885353,84.64684351,28.01057664
2668,789872.1258,58085.07489,731787.0509,702473.7837,36423.07768,666050.706,265722.5513,45918.78429,219803.767,0.7932647808,2.068703224,0.7488932045,28.70964314,10.55332284,28.75417691,11.34533658
2669,1001054.137,55253.01391,945801.1234,745510.6885,51145.49393,694365.1946,282285.7626,62784.01387,219501.7487,0.969056502,2.268364156,0.9478425362,93.6342806,8.118000526,94.52589629,8.497594988
2670,896938.6641,52867.05185,844071.6122,634023.0844,54606.34912,579416.7353,260079.5327,53402.43952,206677.0932,0.8808305107,2.067447672,0.824779747,10.11664347,82.45237092,10.84365723,82.94967705
2671,57683.1345,53706.95723,3976.177265,41712.11334,58097.79539,-16385.68205,135163.3309,41362.39262,93800.93823,1.934313926,1.776706838,0.9723321701,45.65487667,66.81386688,47.56584365,67.11349264
2672,247175.0172,61741.14546,185433.8717,188291.5711,59973.91917,128317.652,224685.8819,58556.09522,166129.7866,1.452070548,2.833312543,0.7459760751,70.73228218,30.06265498,71.99529194,30.77911519
2673,21572.83749,41031.51485,-19458.67736,37228.09906,42034.67076,-4806.571696,177596.5565,45693.82336,131902.7332,0.6236930242,6.743960583,0.5437414248,94.41697297,22.41404619,94.87268947,22.83985772
2674,197985.0804,52672.38141,145312.699,83303.89061,50678.82469,32625.06592,193503.7078,54095.34402,139408.3638,0.6753753491,2.605494744,0.7720136478,3.381148993,75.05428364,4.056356519,75.06933882
2675,261582.1637,64699.71245,196882.4512,157891.439,50308.55932,107582.8797,214923.7633,55227.70634,159696.057,1.794115659,1.830025219,0.5966381303,82.95263933,33.24124296,84.51864237,34.11673452
2676,24668.64519,48131.24802,-23462.60283,37305.10128,48079.78889,-10774.68761,158664.8645,47690.4028,110974.4617,0.4010690435,2.33790873,0.9309874723,34.50068611,44.01779386,34.17985595,43.77711901
2677,168775.7653,60018.26625,108757.4991,170921.1327,58559.69063,112361.442,231261.2768,68871.62404,162389.6527,0.4968102717,1.753991718,0.8065095411,54.27902687,72.74400237,54.58935764,73.13196533
2678,62148.2526,57551.07878,4597.173823,52862.29713,55679.63833,-2817.3412,169859.5121,58250.19166,111609.3204,1.688306146,1.449427029,0.8811048475,41.56871199,35.99972582,42.6122854,37.32687773
2679,1157983.063,70224.09175,1087758.972,597041.3543,53737.84086,543303.5134,211555.3633,58543.86485,153011.4984,1.003232959,2.854731889,0.729619376,90.4734468,66.27317417,91.00666833,67.12296895
2680,1062176.152,42971.52637,1019204.626,754410.7625,43246.01073,711164.7517,321797.5716,64201.1872,257596.3844,0.4472574682,5.287033584,0.7388346018,48.18096518,50.90755282,47.89237736,50.5658566
2681,754148.5042,51024.19417,703124.3101,780279.6632,55532.63002,724747.0332,254586.0446,57219.42612,197366.6185,1.105610203,1.968986726,0.8418882336,92.80824959,40.16798158,93.80636143,40.6435304
2682,849597.001,71366.56684,778230.4342,736077.425,43916.44911,692160.9759,323309.3638,53983.53288,269325.8309,0.2622475737,3.370162078,0.847995321,47.38770974,80.66397767,47.6242123,80.77729284
2683,1199566.812,46591.4185,1152975.393,895989.8636,54212.18544,841777.6782,328164.2021,46736.5274,281427.6747,1.001309472,4.038932734,0.7383116463,76.30766791,26.81793279,77.27200038,27.08753166
2684,143508.4006,54347.03282,89161.36779,145528.4084,64113.05378,81415.35463,210510.1662,52461.4567,158048.7095,3.310707447,2.930773739,0.7641355551,13.69360047,58.45223427,16.57259612,60.08691096
2685,853120.405,52944.19504,800176.2099,801332.8702,52130.73485,749202.1353,219360.4286,52643.22757,166717.201,2.966538134,3.286663711,0.7104274476,74.61541455,45.89665587,76.2768915,48.35426504
2686,986771.67,64768.39154,922003.2784,685365.8816,55967.60574,629398.2758,293389.3053,60269.42656,233119.8787,1.105527884,6.120161475,0.5435464554,96.68605845,15.60800418,97.69808557,16.05296821
2687,751858.2397,52547.60619,699310.6335,757075.3942,51950.14987,705125.2444,247354.8393,48651.50923,198703.3301,1.048207655,3.051313644,0.8011639003,94.92694681,11.23945913,95.48817201,12.12476448
2688,196531.9869,56035.54089,140496.446,146321.1881,51961.22689,94359.96125,198083.3164,63080.52418,135002.7922,0.2085103167,3.360360882,0.9841143928,23.40853795,47.91087546,23.5746112,48.0369557
2689,272205.1655,59550.72654,212654.439,136048.0285,48172.66395,87875.36454,244761.6426,47164.72866,197596.9139,0.5458307381,10.92660105,0.7386669308,54.21698601,27.76634483,54.33005821,28.30033535
2690,900745.5539,50667.81406,850077.7398,916608.118,58186.15975,858421.9582,249901.0386,43827.25368,206073.7849,1.236085856,2.565108305,0.8150408545,17.60163564,71.8481713,18.54152878,72.65098456
2691,621546.4618,60272.42495,561274.0369,771878.3322,49441.12521,722437.207,246898.093,45537.97172,201360.1213,0.5810026909,4.024044174,0.9313518453,97.03734044,63.25297854,97.61109341,63.16148182
2692,907333.197,66539.66226,840793.5348,770397.7072,50163.57177,720234.1354,294789.703,50926.97909,243862.7239,0.6685016273,2.002974519,0.7755601834,28.88994725,42.70083336,28.99524536,43.36098996
2693,61621.22225,50828.68423,10792.53802,58253.87087,45787.07761,12466.79326,57724.82512,56632.95237,1091.872757,0.8701415896,2.859858862,0.9221312583,9.041335369,72.63447021,9.895273479,72.80161114
2694,71475.33896,56408.45839,15066.88058,24488.42571,56832.77155,-32344.34584,150156.5857,59006.44133,91150.14441,0.5070714953,4.713082904,0.9712638547,14.51482427,28.64088203,14.97624322,28.85115341
2695,818798.4735,58438.4946,760359.9789,806967.6471,52437.04891,754530.5982,279867.2923,40733.28604,239134.0063,0.5325641462,3.906300561,0.7614199654,11.04695266,19.42529512,11.57143447,19.51772562
2696,63098.18602,53866.12299,9232.06303,47590.74887,49088.42522,-1497.676353,116037.9899,62178.86403,53859.12589,0.3395816815,1.793834237,0.8273065366,31.17693747,42.00601409,31.34622945,42.30038791
2697,824069.1075,54410.73854,769658.369,868816.6673,48644.44059,820172.2267,347955.4297,53098.73193,294856.6977,0.7630183864,5.977251321,0.7572703057,2.977713665,54.01136979,3.737008371,54.08665994
2698,960045.1998,55549.02542,904496.1743,839095.0313,45588.13472,793506.8965,229010.0099,40575.00337,188435.0065,0.9156765476,3.892695524,0.7883462682,7.554538113,69.56412351,7.708698836,70.46672974
2699,696649.9538,45922.1267,650727.8271,872451.7511,47506.49184,824945.2592,284673.4031,45081.74856,239591.6546,0.7861443015,3.972296556,0.7147052307,77.94150748,86.40449794,78.40674636,87.03819791
2700,879647.6052,61446.2985,818201.3067,719239.3433,54787.42188,664451.9214,332698.6137,53006.96483,279691.6489,1.301937262,7.818922975,0.5967752982,69.10612909,98.70048987,70.31094657,99.19390194
2701,71369.64656,41085.88618,30283.76038,266709.0621,49651.17783,217057.8843,241364.9127,55189.8215,186175.0912,0.4766482338,3.24493013,0.6854686887,66.98783877,44.41389247,67.26980973,44.79819173
2702,74069.17482,48680.93351,25388.24132,50914.2967,47979.52354,2934.773158,209547.9152,61861.55104,147686.3641,1.274622486,4.702054719,0.8944281102,38.00941064,0.3167575589,39.05104473,1.051373719
2703,81899.23157,68699.22274,13200.00883,43716.56956,51922.34085,-8205.771294,195954.715,50227.60483,145727.1101,2.558764443,2.255549861,0.8869082797,57.18337537,72.51515193,59.45837003,73.68633712
2704,146683.4453,49691.2359,96992.20938,222913.7925,60244.19344,162669.599,267319.1794,55434.75456,211884.4248,0.9382876796,3.432603133,0.9924102017,55.58666046,10.64922985,56.48199006,10.92988744
2705,859670.7094,48549.75175,811120.9576,676054.9542,65443.85522,610611.099,316261.0198,43787.57816,272473.4416,1.054601065,4.255508785,0.7788504692,58.7737562,38.34692737,59.72770908,38.79654645
2706,898883.8951,67698.09912,831185.796,709852.7953,43854.13506,665998.6602,320715.4279,52862.64449,267852.7834,1.101433607,2.493430997,0.7691466768,25.0308145,40.8437725,25.57895525,41.79912464
2707,172087.6166,65134.23352,106953.3831,196143.3851,50967.16936,145176.2157,230732.7032,57080.19279,173652.5104,2.338482736,2.90205456,0.8522610915,55.04336335,65.53715408,57.2589893,66.28515352
2708,916607.249,47905.90904,868701.3399,688947.3172,52030.10351,636917.2137,228721.4057,55413.04118,173308.3645,0.9391796613,4.085253444,0.7054536076,80.53253683,29.56030552,80.94687203,30.40314879
2709,804354.3521,41260.36996,763093.9821,750315.3619,53354.05692,696961.3049,276143.3115,63284.08861,212859.2229,2.067590296,3.428377721,0.7822479726,55.17536861,39.05768477,57.13795844,38.407169
2710,247999.6399,52549.89092,195449.749,182297.3715,61587.5639,120709.8076,268151.0472,53023.01499,215128.0322,0.2254192312,2.712137497,0.6637656595,33.96307353,72.12309062,34.10155595,72.300957
2711,30021.63473,47702.53233,-17680.8976,37479.7721,48745.96266,-11266.19056,131096.3073,54725.47194,76370.83533,0.3136611512,2.076840228,0.9290707064,11.68942791,66.21372688,11.80684757,66.50458069
2712,828923.7432,52499.54892,776424.1943,589650.2181,37019.49164,552630.7265,239619.4998,47617.91832,192001.5815,1.569110514,3.63267219,0.6882347883,69.63049365,63.79547945,71.199249,63.82886316
2713,777408.9921,51327.93679,726081.0553,680898.21,59714.87191,621183.3381,306091.3875,54698.77424,251392.6133,1.413427597,2.718190313,0.8979815807,82.42545758,23.55553176,82.46614256,24.96837369
2714,995194.1162,51725.73889,943468.3773,667961.1446,51675.48602,616285.6586,199335.887,38057.75535,161278.1317,2.160901701,3.588126725,0.6535097783,77.80134356,75.34688936,79.09707486,73.617561
2715,901935.0119,52211.40356,849723.6084,692282.7698,46220.93365,646061.8362,299451.8727,50149.83047,249302.0422,0.9373980719,2.584684343,0.859856807,28.09563469,20.15797925,28.65108794,20.91308642
2716,64975.64389,55948.44914,9027.194749,51452.27303,50465.69744,986.5755906,118578.8804,52013.88312,66564.99728,0.3101520147,2.341683619,0.716351442,44.62536686,32.75454128,44.88647771,32.92191928
2717,33915.67602,42599.80989,-8684.133865,46517.95198,55235.13017,-8717.178192,217907.2882,46755.15822,171152.13,0.9173596822,2.982614149,0.5205250179,42.87944055,63.94027351,42.70473422,64.84084359
2718,785640.4894,39722.04688,745918.4425,743143.2689,56083.99178,687059.2771,279091.5199,52131.07383,226960.4461,1.070446585,3.182862372,0.7500746197,31.39690827,82.66919042,30.79933371,81.78106851
2719,880602.7902,47534.40623,833068.384,878861.9145,63735.11057,815126.8039,261622.0954,54770.35963,206851.7358,0.853103804,7.088303891,0.4624486669,53.29402421,37.64967732,53.93693151,38.21044135
2720,42491.81022,59757.74024,-17265.93002,31365.70252,53666.925,-22301.22247,212589.9133,54550.70736,158039.206,1.038867588,2.937559971,0.879597464,86.17753173,39.4024712,86.66762608,40.31846977
2721,975668.9733,43460.52837,932208.445,828006.8211,48670.83513,779335.986,189695.436,51882.57484,137812.8612,0.3088986606,2.773405715,0.8263495258,38.76394313,75.83271389,39.04605706,75.95853166
2722,254659.6663,52887.96333,201771.703,89702.97103,54192.17416,35510.79687,203477.5369,71065.84181,132411.6951,0.6291349502,2.050645127,0.8476295777,49.03858931,43.23898543,49.66622112,43.19552169
2723,864260.991,65303.321,798957.67,766854.5647,44439.48901,722415.0757,316984.9495,48512.95825,268471.9912,0.1855336066,2.848927974,0.6550908073,29.23756383,97.59278533,29.05259328,97.57834189
2724,659134.3604,60086.42129,599047.9391,701565.0497,49586.58004,651978.4697,291091.7125,54568.57833,236523.1342,1.417199246,1.687455025,0.8015018868,6.029674944,3.475897601,7.366506416,3.946360481
2725,199270.8627,58989.05473,140281.808,159570.2029,44118.00961,115452.1933,256040.6689,51639.43093,204401.238,1.527827023,2.745957748,0.8506154789,51.54124931,67.40738611,52.8941087,68.11733462
2726,223252.8078,58988.13215,164264.6757,211491.9245,37328.91822,174163.0063,238458.0382,67596.20416,170861.8341,0.1614176444,2.262705658,0.7470322768,33.01126642,60.53984392,33.15306992,60.61696345
2727,54718.03415,68493.57372,-13775.53956,4276.569589,26307.88757,-22031.31798,98982.93936,43993.59073,54989.34863,0.7121769596,2.750079814,0.6790650503,11.55348443,65.52731952,11.9672704,66.10695492
2728,179555.4878,54333.96191,125221.5259,150739.6596,43266.085,107473.5746,168692.9312,48155.47951,120537.4517,0.8591633898,5.19030937,0.7723226721,17.12144141,22.72930669,17.88749106,23.11831785
2729,809367.9765,53548.04452,755819.9319,771557.8293,38529.85204,733027.9773,322250.6911,46029.33165,276221.3595,1.332584046,1.472950448,0.8776349953,41.03499638,47.92504808,41.04224854,49.25761239
2730,874884.1469,60209.93629,814674.2106,688757.2642,62360.15764,626397.1066,301121.9368,58780.80112,242341.1357,1.890795111,2.242505112,0.8704288323,23.44674414,81.73829022,24.72316517,83.13322946
2731,57647.25783,48849.34005,8797.917781,64513.15843,69123.95696,-4610.798528,153380.1401,46953.73251,106426.4076,1.456755872,2.149710182,0.9433941329,94.42054157,64.68289286,94.99389391,66.02207349
2732,719360.665,54622.50354,664738.1614,605513.3825,56149.1074,549364.2751,236593.1476,31301.87322,205291.2744,1.132622604,0.9634660503,0.8837600391,9.481845893,32.06203649,10.61366495,32.0193798
2733,39020.95002,49196.26372,-10175.3137,46564.38173,40885.18638,5679.195344,131854.9521,52275.53783,79579.41427,1.8053906,2.766936556,0.9195255455,10.96709435,39.49933185,12.75710233,39.26415824
2734,244897.2352,62002.08366,182895.1516,147131.7604,46804.97319,100326.7872,199449.5064,51811.77647,147637.7299,0.7447521393,2.22275948,0.7800380741,27.60411881,87.53395568,28.27558007,87.85612881
2735,54969.70044,53590.0247,1379.675747,65643.39796,57259.28359,8384.114373,121479.1384,55474.87093,66004.26748,0.5615238308,3.119915455,0.7453398993,86.98444956,1.095004436,87.44554425,1.415473939
2736,47913.43267,60038.20062,-12124.76794,35502.9608,40735.75294,-5232.792144,137875.5344,49288.21055,88587.32385,1.124481177,4.919754665,0.879945868,57.86700666,2.28868112,57.78207536,3.409950308
2737,955552.1419,63854.81476,891697.3271,726109.6642,49100.85204,677008.8122,326447.6064,58243.37824,268204.2281,0.4948108521,2.766462267,0.917236534,1.01404721,2.416920527,0.9564285557,2.908365203
2738,43911.61811,39362.32636,4549.291753,50414.90512,47939.51129,2475.393825,174574.8027,50924.50414,123650.2986,0.8544953789,2.230385639,0.5709588759,62.97874346,95.9643242,63.75377796,96.32416288
2739,960510.9296,56967.21571,903543.7139,656148.7381,57844.82872,598303.9094,259981.7769,38439.75885,221542.018,0.6701147968,1.73856538,0.5852076452,26.28422593,55.8459128,26.95423069,55.85805642
2740,252581.552,60221.97509,192359.5769,208295.5723,54452.43868,153843.1336,168421.6089,53954.80793,114466.801,1.446616417,1.476133736,0.604090655,99.96589298,96.1140679,100.398256,97.49456104
2741,1010808.787,44396.12962,966412.6576,644264.9505,54582.30936,589682.6412,315119.9122,54667.55276,260452.3594,2.69855373,2.673953487,0.7587174368,47.91713605,60.5491158,48.2492514,63.22715456
2742,63042.54716,47327.53612,15715.01104,59196.38738,54955.11515,4241.272234,53673.99501,35935.24086,17738.75415,1.282959624,4.129416481,0.9044913636,30.38921112,11.15443948,30.87266749,12.34282297
2743,182984.8452,49320.43761,133664.4076,190925.5156,35573.46356,155352.052,196550.4595,52040.91619,144509.5433,0.4483233281,3.254499097,0.8641277987,86.36118241,90.97776424,86.71415274,91.25418013
2744,875247.395,59217.3096,816030.0854,767641.9439,48403.62053,719238.3234,244687.7965,61063.64531,183624.1512,1.065961525,1.583835067,0.7246675212,60.33816018,8.21371772,61.27630958,8.71983004
2745,204248.6822,54402.73255,149845.9497,183335.5258,43244.75745,140090.7684,323230.0169,63735.76763,259494.2493,1.770086442,3.403734365,0.8609890158,44.69520107,7.013722726,44.25090407,5.300303283
2746,222266.2409,53257.23103,169009.0099,193835.9856,50104.04459,143731.941,218249.7596,57507.82646,160741.9331,1.095465251,2.435338949,0.9689448219,58.02369765,85.36634652,58.55708729,86.32318486
2747,969453.371,59496.11246,909957.2586,657966.1827,65923.19947,592042.9832,288749.679,42005.00205,246744.677,0.3900163507,1.690189776,0.6249047976,70.81303819,91.71683777,71.12699095,91.94823876
2748,66496.15182,57819.07272,8677.079097,61414.34595,59651.93577,1762.410181,151575.1886,43270.06459,108305.124,0.9584559136,2.810287384,0.7769663202,69.24998827,76.62199937,70.06081206,77.13307914
2749,202424.5197,54497.52262,147926.9971,176772.3672,54073.87697,122698.4902,208684.7154,51666.30236,157018.413,1.603829592,3.254295626,0.8647496975,91.95094682,36.4042261,93.49292333,36.84533584
2750,172917.7414,58157.11897,114760.6224,168688.6079,40706.12933,127982.4785,231070.9189,51209.23419,179861.6847,1.65300192,2.846809834,0.8091294405,35.17328272,61.25767293,36.60372444,62.08607612
2751,63387.35364,62191.37602,1195.97762,41094.63018,50072.87975,-8978.249564,177510.8504,45396.03483,132114.8156,0.391615065,2.726677952,0.6874388326,28.46054331,88.74810019,28.79049955,88.95902967
2752,883239.0229,60254.78842,822984.2345,688870.7664,49916.47018,638954.2962,281386.8761,49059.74146,232327.1346,0.2102503445,2.327601042,0.6546701354,21.35873618,67.51642962,21.29590133,67.31578817
2753,59359.42437,58951.17905,408.2453222,49184.03483,56552.486,-7368.451162,154070.8724,60471.93314,93598.93925,2.816746144,3.391812396,0.6929917118,31.57601762,85.10796264,29.55497073,87.06995864
2754,51587.39177,58051.30942,-6463.917656,59852.40401,55670.81646,4181.587545,122668.9687,46852.55532,75816.41338,1.659353294,4.664357777,0.7268788519,42.59641784,40.20096808,43.68154608,41.45633657
2755,192292.3737,53451.10791,138841.2658,90828.7474,32963.71798,57865.02943,161112.2034,54002.68605,107109.5173,1.344164515,2.131247545,0.8998938503,79.68589652,60.4241509,81.03004964,60.41861691
2756,175337.6614,66528.9685,108808.693,165746.9384,61510.87357,104236.0648,204231.2421,47249.45447,156981.7876,0.1709798118,2.266232285,0.7978476283,84.0115216,0.7679226173,84.10790137,0.9091495135
2757,185425.4484,55512.90408,129912.5443,68627.6235,45110.90751,23516.71599,237546.9809,27133.12307,210413.8578,0.6853387936,3.125615034,0.8154593965,63.2792879,30.9646243,63.94965384,30.82215053
2758,49075.52509,53924.88436,-4849.35927,65465.71162,57529.0179,7936.69372,158505.3116,55146.81792,103358.4937,0.3923558455,4.132410739,0.8859994025,19.23955312,12.87316042,19.2975136,13.26121157
2759,171548.0335,49444.28332,122103.7501,190313.0832,60522.9377,129790.1455,206346.3713,50508.57803,155837.7932,0.4415926954,2.104444321,0.7751852664,69.88115038,52.66972486,70.31176716,52.7675681
2760,62642.43913,56456.01037,6186.428761,30285.34415,42458.85339,-12173.50924,160554.8092,50943.33838,109611.4708,0.07086251871,0.9115447262,0.7197463367,99.31208396,96.32816494,99.28323369,96.39288865
2761,187687.632,53998.40478,133689.2272,203507.5509,48314.12019,155193.4307,197161.9385,56357.28441,140804.6541,1.760350751,2.532882957,0.6825467674,68.11200124,48.27495545,68.99731393,49.79648632
2762,244533.7346,70911.55247,173622.1821,193393.7541,58175.58335,135218.1707,263940.4971,59029.2613,204911.2358,1.701007842,5.227001712,0.7731341007,81.24054617,10.05425861,82.35847063,11.33631655
2763,806146.3798,61317.1381,744829.2417,827589.0527,47185.78491,780403.2678,283565.4125,51350.03565,232215.3769,1.749257612,1.629739932,0.6782466326,25.4078716,83.40639215,27.04974957,84.0098314
2764,50291.59306,54441.46421,-4149.871148,54843.42108,38551.2849,16292.13618,95098.48407,58302.15596,36796.32811,1.498452855,2.894704992,0.9157548986,96.88128087,96.36678059,98.37397758,96.23556508
2765,913952.6022,63392.80939,850559.7928,998858.1151,47868.84798,950989.2671,263310.7282,53102.10234,210208.6258,0.5496233446,1.87427534,0.6524319258,9.735743378,35.61706772,9.436349852,35.15614545
2766,65052.47672,49633.8261,15418.65061,53058.40003,49444.94771,3613.45232,188853.2676,55472.73286,133380.5347,0.7689588681,2.012101461,0.5045306355,44.90455733,8.643238763,45.67272215,8.678175128
2767,340860.5375,58145.05292,282715.4846,161720.4875,47878.54488,113841.9426,134071.2872,48069.28246,86002.00476,0.5848799507,3.671842085,1,94.77243844,98.33882912,94.88428025,98.91291619
2768,41136.56626,50494.36554,-9357.799274,28487.41521,49134.80612,-20647.39091,188995.3157,48463.04712,140532.2685,0.7976742962,2.755251676,0.8116978407,3.081566191,1.265515191,3.795072683,1.622156142
2769,756272.9194,54433.64153,701839.2779,801803.3863,44196.61526,757606.771,373310.2122,51762.59511,321547.6171,0.2495337272,1.912424694,0.589143738,89.12592814,8.717943464,89.06918646,8.960940301
2770,523959.8614,51975.27891,471984.5824,738018.6218,58894.26739,679124.3545,260810.8576,41804.38357,219006.474,0.6593369621,2.675321149,0.9182852868,71.08348482,15.43119204,71.63526,15.79212054
2771,64386.65397,68792.21573,-4405.561764,47546.26694,55001.55057,-7455.283635,133637.067,36760.34345,96876.72354,0.824548871,2.604324595,0.668601905,74.97397371,37.57434965,74.1602338,37.70742179
2772,946836.1968,55219.07944,891617.1173,981224.553,41570.32588,939654.2271,219636.5122,34573.11153,185063.4007,1.441888121,3.331239092,0.5680202735,93.02275384,59.56547671,94.45605842,59.72257329
2773,64599.62789,58593.37885,6006.249048,54334.8642,48310.45293,6024.411277,72326.22086,56120.56789,16205.65297,1.291208177,3.966533921,1,47.57484495,3.479955602,48.50552605,2.584940938
2774,760476.2115,58082.44947,702393.7621,711197.1582,54507.0077,656690.1505,385772.0612,52040.67457,333731.3867,0.1432184202,2.088576856,0.6021886993,67.7300138,81.84074671,67.86750915,81.80066496
2775,846643.3889,63557.24196,783086.1469,605970.6196,55060.64662,550909.973,327277.5099,46764.96383,280512.5461,1.989269953,3.070698948,0.9176761491,89.0419775,8.469561147,90.91891837,9.128566391
2776,53646.3887,54609.7456,-963.3569059,61542.25255,60163.97858,1378.273972,59815.65996,35928.26313,23887.39683,0.5709536231,2.278338084,0.7927475235,71.6823622,80.83300605,72.12837996,81.18945549
2777,843627.615,49975.7923,793651.8227,698542.5094,58167.67932,640374.83,308226.5832,59367.88611,248858.6971,1.522457426,1.522498181,0.7351320335,39.98924521,2.89408757,41.21534425,3.796616108
2778,52890.85434,41588.85654,11301.99779,48339.41827,42893.11788,5446.300396,144947.7876,63207.74397,81740.04362,0.5585918234,4.09288604,0.8996156084,31.75492113,22.10180152,31.87133394,21.5554748
2779,196381.784,50853.70222,145528.0818,194842.3179,48508.36325,146333.9547,282435.5387,46203.04799,236232.4907,1.127274994,2.692669527,0.6956927922,88.44794129,79.97639539,88.4498243,81.10366881
2780,216925.4282,32442.10898,184483.3192,209196.9937,56422.01796,152774.9757,168292.0016,53326.40132,114965.6003,0.8809977224,2.577876914,0.8142037367,51.31978794,95.9742754,52.07564223,96.42686934
2781,917099.8675,63432.31402,853667.5535,636414.6186,39199.15732,597215.4612,278695.8214,56114.33493,222581.4864,1.48202687,4.898447399,0.7899801683,96.42732415,26.70544724,96.97320274,28.08327895
2782,1017831.316,62757.4132,955073.9029,829369.7221,48625.36506,780744.357,266036.8074,53765.03408,212271.7734,3.522099397,5.080131799,0.6080486747,55.10203867,9.28797137,52.5726609,11.73897774
2783,801685.7619,51240.84677,750444.9151,725628.3599,55748.35008,669880.0099,269587.8805,58202.90296,211384.9775,1.292206984,2.390515809,0.6545011516,27.27581007,57.25238595,28.34347559,57.98032086
2784,34522.33139,53249.02173,-18726.69034,30585.0391,42104.39848,-11519.35937,206236.4137,41070.94143,165165.4723,0.8853966184,4.617113412,0.691824639,71.50501535,67.16063844,72.38418374,67.26547215
2785,896111.5603,55040.13776,841071.4226,669106.6272,58031.20188,611075.4253,298009.7226,60713.49716,237296.2254,1.056371031,2.394931741,0.5541918135,53.47960465,88.58358597,52.98213999,87.65168004
2786,94312.75287,54764.56316,39548.18971,165497.129,52486.64639,113010.4826,201537.3323,57922.35052,143614.9818,1.725722042,4.233433761,0.8380914957,4.162104719,52.53168839,5.848677524,52.16619045
2787,1049263.769,53380.28448,995883.4843,781679.964,53101.03365,728578.9303,290795.4057,54316.27659,236479.1291,0.4183273163,1.921489949,0.6386228294,72.8551657,43.60444937,73.25980219,43.71059574
2788,748895.783,59371.32834,689524.4546,890403.3361,54390.13042,836013.2057,293776.352,52025.89528,241750.4567,1.68730588,3.534745546,0.8008500827,37.59843069,77.43988481,38.02708905,75.80793716
2789,841946.16,59547.57975,782398.5802,830413.4947,56859.57317,773553.9216,276233.5799,47595.0891,228638.4908,0.8576448892,4.656221453,0.9512866745,1.815916099,70.6297722,1.071108766,71.05499778
2790,50616.23066,55388.38785,-4772.157193,53764.39401,59634.92198,-5870.52797,91308.18217,43673.46017,47634.72201,0.4582666964,3.796088086,0.9595368929,4.051735116,47.78298713,4.492524583,47.90833868
2791,184943.4378,50876.35757,134067.0802,127692.7446,57336.12478,70356.61981,160744.3509,55005.76029,105738.5907,1.841801134,4.641819383,0.9268397088,11.9129177,20.96716446,12.63909037,22.65976739
2792,265681.3088,48247.34412,217433.9647,142697.9287,48529.16861,94168.76012,212144.7121,43312.82208,168831.89,0.5103119674,1.724288536,0.6951793943,32.08772948,30.83877931,32.58413646,30.9570942
2793,29136.7354,35170.39664,-6033.661241,49669.96274,53216.39341,-3546.430675,121974.3106,44243.28402,77731.02658,0.8005243522,2.769448643,0.6608365365,7.394789437,34.39626789,8.140427407,34.68758088
2794,32099.51946,55727.28099,-23627.76153,58034.97291,56658.81122,1376.161695,64330.04468,48542.75604,15787.28864,1.044699593,3.562281539,0.766343915,12.91552026,18.66477334,12.58808738,19.65683431
2795,41843.36978,46840.74328,-4997.373496,33688.25685,41754.94575,-8066.688898,103626.5046,45325.58453,58300.92003,1.105189223,3.405067093,0.5061363882,22.62734463,93.55000122,23.48265101,92.85007678
2796,193179.9052,54034.44781,139145.4574,156140.2304,39767.10601,116373.1244,198337.1917,44115.78673,154221.405,0.3167874844,2.691929658,0.8469818037,10.2064872,83.20490721,10.17930456,83.52052631
2797,888427.9561,65930.08952,822497.8666,762687.8072,59751.6263,702936.1809,267077.8605,49872.86788,217204.9926,0.3220628631,1.6690126,0.9146486528,94.91150373,34.38829409,94.99193902,34.70015088
2798,193408.2392,63925.13282,129483.1064,170537.2741,42049.155,128488.1191,177213.853,51012.40017,126201.4529,0.4091375335,2.675589176,0.5691950938,53.24854335,71.68186202,52.89162867,71.48184843
2799,55289.76011,50441.35933,4848.400773,57242.81093,55312.76172,1930.049216,53194.87176,51966.43742,1228.434345,2.627874695,2.970912798,0.7569160843,24.65382488,51.11075416,24.55631995,53.73681931
2800,46217.09659,50186.35397,-3969.257384,40979.06139,51828.32176,-10849.26037,138381.3709,48443.87137,89937.49954,0.7148489563,2.103938129,0.852659405,59.1433583,57.16257471,59.18300118,57.87632359
2801,824650.3427,62165.67807,762484.6646,728729.0904,51403.65983,677325.4305,295051.1302,45134.4119,249916.7183,2.001253466,3.160884084,0.695984134,21.48170084,54.61378356,22.44301775,56.36902862
2802,207609.2367,54336.81673,153272.42,183532.0707,55080.04429,128452.0264,159495.76,46797.0252,112698.7348,2.0340519,4.440710525,0.8755640203,31.12568149,53.57451131,33.0303255,54.28844291
2803,908270.8277,58664.18586,849606.6419,578591.6882,48087.60047,530504.0877,294446.8801,37394.88225,257051.9978,2.391697724,2.033774517,0.6831808587,66.99144454,10.3775545,67.37863217,12.73770359
2804,778900.6343,53461.77556,725438.8588,663675.8746,54924.42405,608751.4506,243229.1972,45260.10954,197969.0876,0.832733185,3.227267276,0.6079165982,95.18663145,54.92035199,95.69782695,55.57771316
2805,950838.691,41332.98082,909505.7102,712349.1786,55045.46533,657303.7133,222550.2668,51546.39927,171003.8676,0.6984928476,2.730556172,0.9271519113,45.89097504,30.83317833,46.58852137,30.86952902
2806,776511.9469,56577.41928,719934.5276,926771.8728,47183.83005,879588.0427,258829.6702,42602.60193,216227.0682,1.571138817,2.520758367,0.7202483246,51.61361311,26.68606325,51.62648975,28.2571493
2807,1104299.763,60555.5929,1043744.17,839718.7658,56802.49176,782916.2741,286085.3391,50821.60132,235263.7378,2.309865382,4.745921431,1,84.65131855,35.780594,86.75202111,36.74107661
2808,177391.8326,43067.73672,134324.0959,193443.3836,51210.68024,142232.7034,164081.5271,55423.61371,108657.9134,0.2040957527,3.18600306,0.8675677042,96.63384879,29.10402492,96.49436615,29.25302046
2809,48541.05131,56682.91062,-8141.85931,32399.13062,56160.71047,-23761.57984,109960.497,46738.51827,63221.97876,0.8017752422,1.278170627,0.7932252132,81.20844893,34.10991924,81.70513221,34.73932313
2810,151912.1298,54589.61225,97322.51751,161782.4565,49002.88459,112779.5719,215104.5049,52399.59624,162704.9086,0.8757236271,1.876774458,1,84.44392352,26.31254717,85.14034521,26.84347909
2811,930835.3041,64181.55248,866653.7516,699656.0634,60354.28796,639301.7754,268188.1278,47756.94483,220431.1829,1.009142382,1.83129172,0.7639724256,38.81013064,23.81598176,37.81605319,23.64226252
2812,56248.35915,54946.59379,1301.765367,43655.37153,44650.32045,-994.948921,156625.8951,56761.34655,99864.54857,0.3585483593,3.226125412,0.7949102931,22.60078966,98.18201739,22.94358653,98.2871232
2813,984974.4923,47180.59493,937793.8973,639178.3942,46708.29141,592470.1028,293191.1894,61975.79712,231215.3923,2.574024765,1.537879451,0.8268071451,16.02083874,98.24357435,18.39445194,99.23934735
2814,992588.4697,60031.4813,932556.9884,648737.9805,54035.80214,594702.1784,269291.7813,47605.49897,221686.2823,1.044573644,4.32922398,0.7846699388,84.61971183,44.69447953,85.66317332,44.64629011
2815,860675.3728,65446.78505,795228.5878,776653.8603,52681.15022,723972.7101,295600.284,53812.58017,241787.7039,2.143910979,3.343412602,0.6848580257,24.2197869,22.87609775,23.75575951,24.96918945
2816,162457.0629,61620.09982,100836.9631,121153.9359,45295.41806,75858.51784,134578.2868,34617.19449,99961.09228,0.2739422578,3.773224257,0.7619008774,95.12078927,58.17588092,95.3674694,58.29501644
2817,881671.7908,49822.26884,831849.5219,591040.1789,53657.72891,537382.45,274061.089,48739.25301,225321.836,1.337579869,3.130260343,0.7618253192,62.12127325,35.71908163,63.32138769,35.12845041
2818,631406.6007,44519.73912,586886.8616,813305.5531,40400.45982,772905.0932,289332.2428,41117.97967,248214.2631,0.6826378564,2.809376755,0.8045498221,32.85476537,47.13626215,33.20816633,47.72030171
2819,203909.2485,44042.00274,159867.2457,157225.3931,45188.592,112036.8011,198505.6241,56884.08564,141621.5384,1.701383973,1.564259624,0.8238909723,44.99171333,52.6180925,45.24636046,54.30031194
2820,181680.8015,52121.13841,129559.6631,144260.5004,64135.75865,80124.74174,273365.1644,48040.16856,225324.9958,1.555191879,5.240249545,0.6114095416,19.5397134,47.56112706,20.15388897,48.98990631
2821,904396.4066,45761.12549,858635.2811,769705.5033,48706.17244,720999.3309,323540.0857,67294.91372,256245.172,0.8657711013,1.268654599,0.8123128204,26.95406153,46.11533462,27.77227997,46.39831551
2822,206409.077,48412.44762,157996.6294,160891.0929,51533.77178,109357.3211,213611.8846,53597.14491,160014.7397,2.073432736,4.614789189,0.5127155572,90.44753884,83.38509681,91.18935635,85.32128639
2823,55704.61412,55667.48893,37.12519527,53827.10648,53582.84351,244.2629714,151440.439,50066.68259,101373.7564,0.5123946881,2.541372747,0.8663606946,97.00048028,80.67001619,97.41493319,80.97130857
2824,787277.7118,60075.89948,727201.8123,848873.0953,53872.15533,795000.94,287333.2134,59024.91293,228308.3005,1.713308065,1.870960465,1,40.55178181,8.78259521,41.71473329,10.04075593
2825,58633.94979,60425.08161,-1791.131824,46665.81314,56276.38674,-9610.573605,149694.385,44503.0783,105191.3067,1.450502432,1.829019497,0.7925769167,22.3236376,27.32022289,23.72404001,26.94229384
2826,208576.1645,58711.8846,149864.2799,142327.324,54689.55733,87637.76671,178806.8207,37647.68246,141159.1383,0.509155195,3.344676546,0.769388246,94.84272572,65.82657093,95.30460632,66.04082621
2827,32017.91629,46888.13668,-14870.22039,61956.14006,50696.05051,11260.08954,161865.3969,47386.8723,114478.5246,1.069120967,3.240225314,0.8948857302,52.07166262,17.87073046,52.64745038,18.7715568
2828,906413.4047,60828.93034,845584.4744,808083.306,56535.71166,751547.5944,298986.4822,46869.54423,252116.9379,0.2322924415,3.448783179,0.7127508247,35.88069341,14.193562,36.04401988,14.35874143
2829,893223.0778,55058.06986,838165.008,591556.6633,56690.5668,534866.0965,256566.2862,47945.40696,208620.8792,1.887118883,3.406445357,0.5192548968,32.15976434,58.18322303,33.1559549,56.58046851
2830,39995.06669,40659.83671,-664.7700228,54016.29512,52444.6694,1571.625717,60309.68101,49668.95432,10640.72669,0.9413468425,2.7642336,0.7053854483,21.27267385,23.37165684,21.87254718,24.09711247
2831,51246.73469,59421.98603,-8175.251338,39780.31288,53705.13625,-13924.82337,81539.45514,45655.79787,35883.65727,3.708671265,4.704884079,0.8519817967,73.70186763,96.86763255,70.02935344,96.35102628
2832,243536.0495,47529.2567,196006.7928,173558.4592,55067.50744,118490.9517,270339.6039,53206.25485,217133.3491,0.6379712373,2.28140249,0.8558954476,14.70216761,14.88227971,15.32650454,15.01346927
2833,190334.3746,56354.51558,133979.8591,127662.1382,59734.37389,67927.76428,267749.1472,53663.74244,214085.4048,0.6567135677,3.27660245,0.7726107373,43.98097467,35.93947189,44.01146154,36.59547742
2834,64275.72782,55796.31671,8479.411109,62455.29154,60151.03473,2304.256815,170858.9877,44892.88441,125966.1033,1.274264821,2.739086207,0.8630454858,68.20140337,44.6158093,68.85096161,43.51953154
2835,54482.15784,48479.97054,6002.187297,51943.76255,60240.72942,-8296.966865,184703.7494,43984.43507,140719.3144,1.449934204,3.361498494,0.9199009945,31.32289828,15.45556379,31.55459559,16.88686584
2836,218924.4425,51216.13277,167708.3097,157002.313,54494.86245,102507.4505,171296.1341,44393.74323,126902.3909,0.5401717495,1.718282264,0.7952945212,28.18321232,44.02229021,28.44555659,44.49447768
2837,702240.2099,58798.45515,643441.7548,825359.5043,48287.86893,777071.6354,344368.2174,45477.38965,298890.8278,0.5968736409,2.484850754,0.9579313982,65.51905858,79.59258891,65.63605319,79.00729377
2838,66963.46708,68059.32222,-1095.855142,45632.4542,55508.65806,-9876.203861,157972.0783,62395.89293,95576.18538,2.665824512,2.103525679,0.7853119584,39.55713378,11.26318743,41.89126267,12.55100055
2839,1006702.338,53667.16228,953035.1762,967544.8593,53450.69045,914094.1689,350970.8121,47173.98275,303796.8293,1.674545041,2.474576943,0.7062193254,30.36967297,65.66012394,30.6528288,64.00969252
2840,204979.0682,56913.68378,148065.3845,187631.9598,66994.81791,120637.1419,259033.8129,55350.19954,203683.6133,1.022017252,4.400562693,0.7921924242,6.651769018,6.446956787,5.811625684,5.864995926
2841,73901.05449,73246.7361,654.3183932,43771.90029,46465.31092,-2693.410624,173784.3935,36198.37941,137586.0141,1.081818287,5.112197971,0.8613431622,48.37521204,76.69137795,49.26134918,77.31193559
2842,234901.7957,45092.26233,189809.5333,230427.4595,43198.4279,187229.0316,203668.3167,46032.82681,157635.4899,2.54476076,2.830242329,0.6963400411,18.59293713,19.33847996,17.55259578,21.66087037
2843,140710.8987,69162.15962,71548.73913,119579.1381,50467.8803,69111.25776,241422.7153,43019.3913,198403.324,1.855602364,3.673978285,0.4488229871,44.25707136,78.32222611,45.87784722,79.22574463
2844,56423.7516,53760.03265,2663.718943,40126.99367,46469.77114,-6342.777469,131422.0149,46083.83768,85338.17726,1.673795688,2.850607351,0.8905885435,68.56674196,13.13342272,69.55423343,14.48488586
2845,761770.4241,54882.80681,706887.6173,756889.657,66741.7014,690147.9556,284412.5305,45689.83649,238722.694,1.656447189,1.668412897,0.9578035239,16.2167028,92.251294,17.36682339,93.44336779
2846,977429.9266,51491.89108,925938.0356,719483.7067,62757.03004,656726.6767,318169.3706,54666.3453,263503.0253,0.5813139576,3.087705651,0.8435435666,91.84478594,25.58298942,92.40141529,25.75058918
2847,780134.6859,57246.44259,722888.2433,555500.6612,49538.7521,505961.9091,237441.2953,54358.4642,183082.8311,1.798215847,2.286936216,0.758082044,54.51934478,82.74060197,56.21898414,83.32780405
2848,46310.92827,42495.1906,3815.737664,66966.9952,58717.42662,8249.568575,170466.8381,59431.54242,111035.2956,2.455894007,3.503755319,0.8194692075,73.86767684,74.46524681,74.47451827,76.84498605
2849,266249.5845,58450.6842,207798.9003,129667.5504,40661.54585,89006.00457,258848.1013,61136.82039,197711.2809,1.76964285,3.098011598,0.815781663,52.44117164,21.8274742,51.74633795,23.45500053
2850,177143.4045,51669.59301,125473.8115,188116.7465,63500.3598,124616.3867,266535.375,39813.19309,226722.1819,0.8991121216,3.411632792,0.8882321188,68.34414612,19.95817204,67.72765328,19.30369577
2851,51440.57761,57512.92369,-6072.346078,77949.40488,68430.47881,9518.926073,126456.5501,49503.43022,76953.11992,1.573492704,1.842685538,0.7757814035,55.89028085,56.05644255,56.87043569,54.82551778
2852,843749.1743,46131.49791,797617.6763,784113.4764,53447.10662,730666.3698,228721.1197,49380.8675,179340.2522,1.563630759,1.947617102,0.9603117017,85.7889625,40.26894862,87.25304488,39.71994594
2853,73307.69518,67111.77747,6195.91771,49374.38587,42440.36603,6934.01984,70044.05,54509.46709,15534.58291,1.02060992,2.677824128,0.8914790184,66.38543567,99.64019298,67.03297315,100.4290782
2854,73349.88953,50863.09305,22486.79648,48143.6667,51328.24602,-3184.579329,89893.66489,51852.20535,38041.45954,1.929640632,2.176753814,0.7318703481,32.59630456,6.177715833,33.96291303,7.540027937
2855,813078.8066,44557.65925,768521.1473,768446.8189,44413.86255,724032.9564,301717.6993,56205.94251,245511.7568,1.381556462,1.905928097,0.6759661049,4.528805459,19.06749203,5.61145763,19.92572424
2856,853408.0199,50093.56838,803314.4516,762361.8751,60397.55021,701964.3249,312464.2133,51194.82256,261269.3907,1.356406736,1.802925355,0.6761062902,94.40976668,74.4298322,95.54089696,75.17841988
2857,48277.71726,63748.64088,-15470.92362,41199.31448,51097.07086,-9897.756382,156399.7882,53212.57463,103187.2136,0.913613733,1.750515176,0.4736278701,15.78718492,11.05264856,16.23497589,11.84899854
2858,180036.749,63048.54653,116988.2025,146315.6588,50981.82739,95333.83144,313959.7838,42552.88425,271406.8995,1.860380867,2.210475207,0.8375750168,22.73452923,41.63436679,24.59342148,41.70877494
2859,73622.45993,56306.90511,17315.55483,42701.1151,46393.80283,-3692.687728,78020.74033,44047.67341,33973.06692,2.862332154,2.497313685,0.7746216627,19.55279674,98.64659536,20.19469278,101.4360245
2860,918023.3592,32352.30199,885671.0572,610179.9797,63401.17594,546778.8037,232958.7424,53333.72691,179625.0155,1.586634603,5.001861059,0.997818937,35.62041247,63.72760034,36.97158586,64.55930932
2861,927592.8738,53011.51352,874581.3603,848403.7828,56184.32044,792219.4624,297836.2442,49559.12407,248277.1201,1.759039043,5.219169248,0.7029150464,44.9142964,76.02451529,46.67115614,76.1120494
2862,36812.96301,57590.39723,-20777.43422,57464.43394,48970.32101,8494.112923,167269.6885,52836.23064,114433.4578,0.4532501367,5.0527474,0.6357822456,26.29751648,29.72803106,25.98867445,30.05977236
2863,760481.6566,59665.49321,700816.1634,617864.9402,49816.67781,568048.2624,210924.1905,54766.49691,156157.6936,1.218932334,1.514341148,0.8195270146,15.39945189,71.90591867,16.25092817,72.7781481
2864,709745.086,46649.84372,663095.2423,680557.6685,62459.72121,618097.9473,296824.1521,55830.63458,240993.5175,0.5934111259,3.077390266,0.940401026,46.96573874,54.73271356,46.66104986,55.24193007
2865,56848.63719,56082.67691,765.9602749,59879.46795,51972.12773,7907.340216,126221.4264,44108.50973,82112.91664,0.6104823629,1.916896712,0.9005231933,77.69911536,43.91772556,78.12890678,44.35127838
2866,961845.3068,43931.97202,917913.3348,702279.3244,61245.98316,641033.3412,327578.5683,48762.6636,278815.9047,3.099673541,3.445233766,0.8546494975,75.43848966,67.52685469,76.59856749,70.40125818
2867,927577.3287,56205.03246,871372.2962,916954.3008,54236.41014,862717.8906,352956.1087,58905.65606,294050.4526,0.6514321741,5.967759773,0.8045269669,28.44123242,11.92556357,28.86211639,12.42277636
2868,186807.0848,53766.46593,133040.6189,203202.1532,56037.91381,147164.2394,231425.0895,61875.15001,169549.9395,0.6391133314,2.175078226,1,63.50190335,93.12263565,63.82953083,93.67138521
2869,882420.8786,46122.85733,836298.0212,665676.9899,50485.15311,615191.8368,200308.2868,45907.27407,154401.0128,0.9074689388,1.599950301,0.7256707487,62.70998754,40.50835158,62.6038773,41.40959544
2870,240157.112,68109.18314,172047.9289,137930.297,52988.86154,84941.43547,255537.3426,39156.27721,216381.0654,0.4707858538,3.05680039,0.8606372846,76.52435848,60.62256995,76.25879172,61.0113033
2871,1048650.747,32761.18048,1015889.566,778233.6149,56400.77825,721832.8366,227612.0736,43729.0847,183882.9889,0.9119058869,1.800162114,1,52.54167418,9.837972045,52.92385713,10.66592647
2872,281255.3729,58933.44101,222321.9319,134947.871,47003.19238,87944.67862,184542.6651,47812.59756,136730.0676,0.3445280121,1.469724827,0.724868282,52.50597253,46.31880976,52.36630893,46.00385956
2873,214460.9192,65184.61533,149276.3039,118514.6785,53045.10423,65469.57425,199582.2541,43993.50586,155588.7483,0.133445493,2.171635753,0.7865020236,82.75907483,71.73982113,82.84108688,71.84509089
2874,825666.5399,53630.68618,772035.8537,601244.6567,51741.99514,549502.6615,253397.2038,54926.75746,198470.4463,1.48584553,0.9636791486,1,63.56283393,1.96409254,62.9774633,3.329771189
2875,1097391.23,44118.47948,1053272.751,1017929.053,57852.78558,960076.2679,319320.2313,53703.87094,265616.3603,1.047236326,1.615010931,0.9146479498,67.67724827,42.61403022,67.58514271,43.65720829
2876,800490.0238,43843.39928,756646.6245,713636.568,49014.92945,664621.6385,355213.7146,48528.01124,306685.7033,1.273357417,3.201629965,0.6235245347,94.91160035,47.6966808,95.97911528,48.39083567
2877,237421.6295,47835.27817,189586.3513,139370.0718,55787.86685,83582.20499,217650.8461,45573.31746,172077.5286,0.3045743896,3.247980749,0.8368603166,47.06153578,42.73449577,47.33139964,42.87570149
2878,839882.2312,49686.04307,790196.1881,705505.2659,52927.40325,652577.8626,259771.4748,49249.03486,210522.44,0.2780945403,5.35992518,0.6846592143,79.32917047,4.685508977,79.48102063,4.918485592
2879,174815.1779,53840.73719,120974.4407,163643.3674,54969.33183,108674.0355,281526.504,47092.4108,234434.0932,1.950151247,4.29174955,0.602707641,58.10007412,74.8649989,59.81312496,75.79695744
2880,1030756.448,50363.76199,980392.686,809609.2565,65283.36966,744325.8868,268548.504,51151.92504,217396.579,2.137361046,2.916545516,0.6707254406,3.625638699,4.715691478,2.164148984,6.275294009
2881,82961.01247,72711.39364,10249.61882,35052.57716,44463.41226,-9410.835107,113252.0575,43199.49605,70052.56146,1.371700514,2.594215526,0.7759321991,9.455847593,61.88310077,9.402420541,63.25376041
2882,904236.9736,49887.67414,854349.2995,727872.2652,54118.32489,673753.9403,298097.024,53866.24698,244230.777,0.2906363734,5.735287704,0.9975696086,36.80127169,60.06544399,37.08388982,60.13324142
2883,57893.66816,55997.4354,1896.232757,56806.94697,54222.16301,2584.783962,196451.4631,47020.53947,149430.9236,0.9087310036,4.182057491,0.73585682,3.466221589,36.66517488,4.276323398,37.07691157
2884,959958.3734,54002.65895,905955.7144,641509.736,42308.33211,599201.4039,232437.8389,39702.89941,192734.9395,0.7088744341,1.393325385,0.8369211962,68.41350003,27.71562976,68.98426357,27.29523477
2885,1014743.909,60394.66939,954349.2398,638560.3673,54101.2251,584459.1422,310564.8555,56002.64283,254562.2127,2.463259077,2.335197571,0.6291303044,60.50852014,67.8909573,62.00720263,69.8458476
2886,199792.2821,51182.57656,148609.7056,198922.5341,45613.62708,153308.907,158119.8105,52404.47922,105715.3312,4.208595862,1.639472555,0.6268165263,85.74757621,92.66733204,89.01364828,95.3215838
2887,962367.0991,44419.98103,917947.1181,632647.5338,36164.39866,596483.1352,218705.1558,42924.44757,175780.7083,0.6532718553,3.564542457,0.9126364225,88.80381816,5.4668867,89.43733623,5.307453422
2888,41097.75404,45940.16171,-4842.407664,44010.23118,46417.73801,-2407.506826,113015.9726,39219.17137,73796.80125,1.662262373,3.254863559,0.7041022913,58.93798445,16.92634008,60.09558941,18.11926377
2889,733483.8826,56778.66992,676705.2127,797581.6519,68469.59881,729112.0531,221373.9841,40988.84318,180385.141,3.570202955,2.493332616,0.6736466881,26.95729695,24.08639255,28.57045399,27.27136877
2890,868146.7168,35405.8035,832740.9133,856940.817,54398.00046,802542.8165,300524.3978,48368.46911,252155.9287,1.282080835,2.032539091,0.7579616099,28.25312065,13.40513835,29.30419713,14.13928377
2891,207771.6064,68085.66019,139685.9462,163132.6185,56718.84724,106413.7713,189884.5401,52738.46126,137146.0788,0.8078997211,1.5130046,0.7302910912,24.20801741,70.24084529,24.81486682,70.77417047
2892,254203.3693,65314.96579,188888.4035,188106.112,51157.92177,136948.1902,162912.4135,52696.42147,110215.992,1.018702866,3.615010219,0.6438790653,92.20158232,30.51458155,92.38921478,31.51585554
2893,69540.3434,63715.80041,5824.542993,58999.61128,64718.38833,-5718.77705,148642.6213,54464.403,94178.21829,2.373808724,2.582868617,0.6001761646,81.69072536,93.52934109,79.49562009,92.62574786
2894,53704.83652,50970.56925,2734.267263,50070.75383,58528.46759,-8457.713759,90431.72113,39068.30589,51363.41524,0.974553156,1.346592362,0.9868960892,59.43187951,8.129165651,60.22363198,8.697392611
2895,35230.2031,49730.56267,-14500.35958,36041.93601,44951.59733,-8909.661317,139048.0225,52633.72128,86414.30118,0.7079629979,2.732701297,0.8209378852,16.23193313,12.86632054,16.34496858,13.5652015
2896,140870.2535,51043.29075,89826.96272,210846.5013,52743.08028,158103.421,163608.0195,54263.39669,109344.6228,0.7035332824,1.630252867,0.7950336699,32.74859751,18.83138909,33.11279722,19.43331736
2897,275152.9782,63208.14031,211944.8379,108455.0068,41409.42055,67045.58628,105163.0884,53532.77107,51630.31732,0.5349762002,1.490781183,0.8006351903,38.12053659,95.35909591,38.27378254,94.84653838
2898,50946.64303,52723.26724,-1776.624211,57397.92901,50319.52057,7078.408439,178185.8565,52313.93345,125871.9231,1.203993483,0.644283882,0.9121999517,47.78914995,24.62928404,48.59432389,25.524435
2899,208611.3531,64907.20328,143704.1498,227039.9141,56204.76099,170835.1531,161302.5859,43823.89392,117478.692,1.342192595,4.14707165,0.9012229859,51.71151,21.02185076,52.36526783,22.19406305
2900,54243.38702,50478.76338,3764.623643,70872.98065,65880.2578,4992.722851,68783.42888,44706.80394,24076.62494,0.929854238,3.030000906,0.7633560062,67.60448635,10.74311936,67.8982345,11.62535568
2901,45856.1845,52192.26146,-6336.076964,44131.24938,45344.19924,-1212.949861,77530.87659,55478.05381,22052.82278,1.561681843,2.789914011,0.8018814498,7.743729591,81.05521701,8.027097191,82.59097513
2902,958198.7081,55523.87461,902674.8335,879117.7125,62625.44173,816492.2707,263193.1111,47899.06728,215294.0439,0.6961241349,3.698691839,0.7209964066,73.46425894,36.35377087,73.39615514,37.0465556
2903,61403.43477,55400.16631,6003.268453,33338.00461,39063.12124,-5725.116631,116316.3567,52103.66505,64212.69161,1.281918094,1.766449047,0.8404907739,53.10593479,69.94568161,53.9391072,70.91991861
2904,62927.88265,56610.61186,6317.270791,34984.928,55433.99775,-20449.06974,111747.6148,45203.65374,66543.96109,1.20517083,2.762573864,0.7270446628,20.27069173,87.39361775,20.25020551,88.59861445
2905,942605.5037,69276.10284,873329.4008,713596.3693,33626.05882,679970.3105,286711.4257,42993.77426,243717.6514,0.7404967813,3.607387327,0.7980055064,94.89744272,3.610718002,95.58227669,3.89238787
2906,978088.7175,45851.91256,932236.8049,714885.839,35177.26252,679708.5764,376801.2832,61482.03546,315319.2478,0.1544848505,3.527396433,0.9739883498,75.33289511,75.3322301,75.41019559,75.46598437
2907,724246.2623,66446.49598,657799.7664,633701.8488,49206.10126,584495.7475,246084.5458,49951.36021,196133.1856,0.8161372647,3.845496739,0.8636071386,83.34667764,36.97030497,83.79666314,37.65118167
2908,73401.82926,69831.58108,3570.248182,51926.33429,44456.0254,7470.308893,151226.7012,40414.69402,110812.0072,0.1928327655,4.26773393,0.7210644254,32.69520625,38.5547743,32.88717225,38.57303709
2909,157484.8967,67182.99458,90301.90213,185501.435,50176.05572,135325.3793,261298.3143,56010.61744,205287.6969,2.436520515,5.598565675,0.9506783306,35.53383972,26.14697474,35.76435353,28.57256655
2910,929180.1416,42818.45107,886361.6905,816202.9421,39657.42495,776545.5172,281511.7663,41481.16131,240030.605,1.311339371,1.410987352,0.9036644683,88.55428651,48.72684684,87.81912147,47.64096319
2911,1047157.019,50973.51071,996183.5078,752794.1622,45893.82185,706900.3403,276754.7861,62474.75334,214280.0327,1.205743498,2.094721832,0.632052932,89.4914734,58.57857058,90.2131873,59.5444621
2912,234490.2298,67448.80856,167041.4212,193422.4195,45777.11397,147645.3055,313536.5244,55240.93153,258295.5928,0.4350759712,1.339358363,0.6266879778,9.590624896,76.20082797,9.764558994,76.5996237
2913,775723.0651,57880.34555,717842.7196,827055.2963,51122.992,775932.3043,294201.5792,57358.20046,236843.3787,0.6691677472,2.308319284,0.894222135,59.38188199,39.04464382,59.81418431,39.5554277
2914,210300.003,53734.68287,156565.3202,176073.7876,34480.64812,141593.1394,201288.4663,43185.86011,158102.6062,0.7157785745,7.067450188,0.9148447072,87.13915999,13.56957183,86.7858877,14.19209705
2915,682274.4072,51539.15943,630735.2478,614750.6194,62129.36911,552621.2503,284734.8625,48369.90288,236364.9596,1.355705802,5.054810051,0.982417519,81.44389194,63.85333667,82.79828346,63.91301766
2916,816488.4673,58199.79025,758288.6771,726164.4977,52107.45764,674057.0401,310910.8346,46835.69895,264075.1356,0.3564289443,3.272019362,0.5262867334,69.17806515,56.89511391,69.45567298,57.11866589
2917,20320.64988,41939.49864,-21618.84876,64291.82375,60193.39681,4098.426937,104420.8191,52762.6376,51658.18152,1.227647516,3.542559691,0.7117630713,1.537048771,89.99604414,2.706070535,90.37088616
2918,196161.3712,58832.34803,137329.0232,209480.4709,42932.9054,166547.5655,241975.5258,48602.75867,193372.7671,0.5866067201,3.466880714,0.7518864974,70.95569326,25.95079678,71.10965002,26.51683985
2919,190389.5103,55635.33795,134754.1724,179134.0348,53775.39318,125358.6416,201978.1732,43184.52941,158793.6438,1.037868484,2.080667756,0.8712468608,39.93656344,62.84616825,40.40340289,63.77311588
2920,60254.69202,64203.93051,-3949.238482,70266.04037,65033.76923,5232.271145,138212.8329,50818.46129,87394.37156,0.8982240573,3.420784845,0.8373605851,26.31273715,32.32900004,27.17331805,32.5863072
2921,36031.56244,54474.34156,-18442.77912,30348.00038,19615.83347,10732.16692,163782.2252,50328.45319,113453.772,1.398505493,4.199730921,0.6044508316,0.06770307138,2.511807443,1.368516452,3.02532683
2922,34253.20993,49128.84633,-14875.6364,30559.33582,38635.7783,-8076.442481,148643.9401,60409.02864,88234.91144,2.241108269,4.810787124,0.7930793764,61.12578862,60.92838423,62.95288979,62.22617758
2923,825950.5002,56061.24572,769889.2544,709890.7447,53528.17479,656362.5699,293634.9908,40722.12253,252912.8683,0.69358662,1.286344171,0.6302994905,6.19090435,28.71587705,6.857459666,28.90762274
2924,279796.485,40792.17968,239004.3053,165438.0164,59149.13633,106288.8801,261557.8306,53484.11056,208073.72,0.5040150579,3.135619359,1,48.97984608,41.31944712,49.34751483,41.66419466
2925,888099.1664,56083.81512,832015.3513,748548.2848,47156.3597,701391.9251,277252.1165,44552.60541,232699.5111,0.1994996947,4.309047507,0.9140834588,0.8020176999,44.51181618,0.9213955366,44.67165691
2926,781026.285,45097.90551,735928.3794,860989.497,63073.4917,797916.0053,325071.6292,57130.59508,267941.0341,0.646355195,2.216104477,0.9017233945,85.9697354,69.67058897,86.57654292,69.89320898
2927,46238.85235,49955.98233,-3717.129978,45221.22112,44003.79805,1217.423063,83518.89228,57021.05909,26497.8332,0.87007571,2.390694597,0.8320630595,49.03556596,21.1889562,48.7925403,22.02440235
2928,770226.3964,44460.21121,725766.1852,629893.7153,41888.5271,588005.1882,338774.525,58824.97081,279949.5542,0.3364779671,2.883943546,0.7082117029,16.34238587,85.38184029,16.56168125,85.63704013
2929,54913.45217,47339.93998,7573.512188,47468.52679,49199.34716,-1730.820373,147976.4211,52105.27022,95871.15092,0.3265299905,1.028193348,1,13.81740755,79.23546854,14.07439794,79.4369078
2930,62623.79251,55349.41687,7274.37564,56961.21925,60707.6949,-3746.47565,82423.99954,52986.16631,29437.83323,1.029838892,3.945460136,0.7551913584,88.89595954,82.9752695,88.10829735,83.63871236
2931,61002.30211,58381.50162,2620.800491,69213.11021,67188.91558,2024.194632,114758.8333,35105.89918,79652.93409,0.9010279692,4.658027217,0.8275498789,42.34265978,46.74115811,43.2101881,46.98456316
2932,797433.7961,47870.98627,749562.8099,831423.6735,59455.15599,771968.5175,303107.9533,53913.85831,249194.095,2.390860811,2.577090011,0.5432143041,56.31425732,21.32356827,56.38310017,23.71343774
2933,832565.1907,49714.00912,782851.1816,845766.1379,42206.84606,803559.2919,240455.4814,48069.84429,192385.6371,0.7830630213,3.194208494,0.8956135696,35.3321813,76.71079174,35.99062265,77.13463449
2934,985040.5837,55543.19873,929497.3849,749138.1782,53524.77296,695613.4052,287211.3414,41769.80284,245441.5386,1.656841943,4.525597204,0.8555677893,45.27355061,4.609009372,45.73266655,6.200969729
2935,878788.374,54440.81477,824347.5593,964554.5813,64228.75445,900325.8269,198353.6849,56855.11491,141498.57,1.616213907,2.423409817,0.6836583623,25.7247531,80.30720047,27.09470534,79.44965848
2936,925179.9521,64484.513,860695.4391,833318.2995,50145.88738,783172.4121,206284.0268,58013.39917,148270.6277,0.8717524011,2.349087132,0.7532747939,28.19366147,47.84557967,28.42768484,48.68533279
2937,749403.8455,64312.82287,685091.0226,751909.2312,55877.41823,696031.813,372901.2678,50777.451,322123.8168,0.5729937085,2.266549256,0.9496681975,86.1681229,92.29212197,86.66851672,92.57127751
2938,918971.6694,47713.98535,871257.684,947371.3081,42315.46255,905055.8456,245140.7272,52025.5845,193115.1427,0.3252851253,6.217314784,0.6852198527,22.94556733,13.46869419,23.19786134,13.67401868
2939,722166.6125,50603.108,671563.5045,608333.7267,38653.44492,569680.2818,293119.4917,62753.6462,230365.8455,1.197554285,3.04250487,0.6402015642,37.80116437,74.19917207,38.68470154,75.00756451
2940,54720.23878,55772.98508,-1052.7463,51307.01802,48532.96615,2774.051866,139778.5614,45026.45403,94752.10738,1.611157491,2.253945881,1,47.59664347,49.59004859,47.84827272,51.18143515
2941,286762.1307,67522.3727,219239.758,216311.1537,65240.22233,151070.9314,227284.2151,66596.20203,160688.0131,1.897883929,4.645505252,0.8157080879,35.61173713,48.82316396,34.45618315,50.32870653
2942,933242.2927,59043.97718,874198.3155,787060.473,38673.99378,748386.4792,241676.5279,56240.48617,185436.0417,0.6506745722,3.892519149,0.6919301753,55.21215532,75.42846991,55.86275166,75.41838012
2943,988201.5807,65257.86516,922943.7156,618236.637,44325.49189,573911.1451,237574.9751,41258.13258,196316.8425,1.640855268,2.579135043,0.8415298191,44.78826389,48.70578609,46.01728658,49.79294259
2944,39548.50101,41763.38842,-2214.887415,39917.79002,51559.00478,-11641.21476,178356.4432,66013.35419,112343.089,1.680135755,4.005346065,0.7116047534,64.30102246,68.11696045,65.52861166,69.26407897
2945,292133.9458,58557.29115,233576.6546,179056.8261,63329.47581,115727.3503,171659.3579,52035.60597,119623.752,2.679526198,5.86551938,0.774105239,62.9125826,63.99528061,64.27743371,66.30115183
2946,78082.68749,63768.59168,14314.09582,69817.75614,72159.4898,-2341.733659,142931.6689,56261.7844,86669.88454,0.819794104,3.335489763,0.6266006726,78.05801267,1.774657718,78.70054227,2.283792369
2947,241470.084,66349.06737,175121.0166,133796.4952,51944.72486,81851.77034,221116.0943,51587.33458,169528.7597,2.784232112,5.231376762,0.8110064964,2.052805158,32.25433106,4.472409915,33.63181474
2948,73935.73135,65543.58004,8392.151307,60485.91987,53169.77817,7316.141698,158402.1381,50509.31161,107892.8264,3.645381387,1.841886252,0.888987528,55.1464129,76.41805659,58.73695911,75.78814919
2949,923285.9353,66971.55184,856314.3835,870926.9288,63528.47901,807398.4498,280616.5682,55993.87408,224622.6941,0.318289635,6.385947271,0.6622311902,13.9025603,93.02340393,14.13811511,93.23746519
2950,32012.99375,48369.31924,-16356.32549,79934.18664,64548.22883,15385.95782,111191.7364,42760.72473,68431.01163,3.531844579,3.54449878,0.7994490401,49.24438944,25.78664213,50.18683755,29.19042204
2951,223733.2065,55559.74864,168173.4578,172842.5703,45017.89226,127824.678,203780.7054,59578.90822,144201.7972,0.3165070991,3.983261343,0.945722075,19.79922338,25.59232858,20.05740362,25.77541246
2952,180330.549,59878.20619,120452.3429,112519.9985,44302.57674,68217.4218,164470.5497,54924.72416,109545.8256,0.9408594263,3.69553202,0.6561862578,62.1307124,78.72238381,61.45310454,79.37511962
2953,1027424.506,47091.3654,980333.1411,766733.4721,52757.65491,713975.8172,250914.7814,46941.60612,203973.1752,2.599531704,1.171774511,0.9161624878,53.83822867,73.06036825,56.10192262,74.33835681
2954,183716.9269,56648.94441,127067.9825,121330.7144,50835.76463,70494.9498,174722.2238,39995.24085,134726.9829,1.262515079,3.07815299,0.7553197416,67.66817693,66.65258767,68.44899928,67.64468685
2955,847999.376,51045.8699,796953.5061,551625.3602,55396.76319,496228.597,356130.9739,50004.97576,306125.9981,1.03532251,3.241161583,0.849049502,70.6967365,4.487966178,71.36632428,3.698317583
2956,44300.29997,51859.64295,-7559.342985,49340.25826,52232.91283,-2892.654567,109183.3322,43392.93074,65790.40141,4.602933931,3.605354258,0.8334838238,88.34862987,33.93566015,91.99539443,36.74423791
2957,210678.6764,55824.1274,154854.549,122134.8972,55278.62532,66856.27187,220281.0602,48499.78188,171781.2783,0.9239757799,3.824750017,0.6302842993,87.14486694,84.87432237,86.35437115,84.39594213
2958,847099.0432,46068.33879,801030.7044,695395.7562,59374.62385,636021.1324,289371.1835,44327.08374,245044.0998,1.666282986,2.655011154,0.7739999169,36.44619197,33.33118644,38.10992401,33.42335295
2959,27798.83307,55226.52916,-27427.69608,58856.46993,54564.46104,4292.008885,133693.8754,53960.0072,79733.86822,2.041096288,1.876167045,0.7289837848,94.40212932,57.76696349,96.08622603,58.92017308
2960,232916.797,52450.05655,180466.7405,173844.3009,54172.49611,119671.8048,184838.9011,66692.70218,118146.199,0.9224812673,3.145159831,0.7980877736,68.83813397,61.15357333,69.71377721,60.86336546
2961,58991.02539,58626.77696,364.2484328,34830.39037,43860.18696,-9029.796589,153697.244,36229.84697,117467.397,2.781456621,2.845749155,0.9855868162,28.26900225,94.3653012,30.64978934,95.80347843
2962,811181.6708,59824.39339,751357.2774,674046.3412,53156.43663,620889.9045,333624.5985,42785.70778,290838.8907,0.2449079479,3.752843731,0.6967039665,95.84138991,64.03882499,96.08573964,64.02229878
2963,760131.4373,52454.34268,707677.0947,813747.9297,47026.98432,766720.9454,270551.4778,50947.89582,219603.5819,1.788527172,2.684889478,0.7332322343,5.658987845,23.95462643,5.16745797,25.67428565
2964,842794.658,38176.9536,804617.7044,835278.165,57833.03643,777445.1286,282766.2693,45910.97331,236855.296,0.8701862823,1.854924789,0.766760453,56.85039741,70.2777443,57.28096386,71.03394314
2965,195548.9234,58814.10297,136734.8205,139780.9526,59798.03621,79982.91641,166289.9683,41731.64672,124558.3216,0.930405316,2.082619014,0.6088692556,17.2338666,76.62785272,17.31636669,77.55459313
2966,709072.6646,59983.12035,649089.5443,847081.4014,50812.53061,796268.8708,352768.1359,50284.57598,302483.5599,0.8648523834,2.725370554,0.5472230509,54.12694139,68.67405635,54.58123188,69.4099842
2967,18674.45653,45480.6894,-26806.23288,46684.08906,57890.42588,-11206.33682,106947.5568,35376.56133,71570.99542,0.931140272,4.208560272,0.8401043914,21.3786656,20.30354194,22.01874436,20.97979735
2968,52283.72006,59720.0665,-7436.346449,59765.19077,57374.21057,2390.980201,157642.6069,44386.33427,113256.2726,0.6784820096,5.799349499,0.7836809434,25.70321898,8.937377691,25.96319327,9.56407635
2969,37452.89094,48804.62988,-11351.73894,60301.30915,61149.1207,-847.8115546,137213.9964,40313.66407,96900.3323,1.986980977,2.062730648,0.6908207851,4.554599064,33.81595447,6.517693357,34.12312576
2970,1012587.699,61530.91542,951056.7835,645259.8612,49916.1089,595343.7523,267855.6932,39717.73105,228137.9622,0.8277460522,2.441453652,0.7801100565,58.78392246,53.90653637,59.5915481,54.08793195
2971,52498.47043,52093.72997,404.7404646,59715.22722,58516.49373,1198.733493,134932.4473,50531.17598,84401.27133,0.9920809517,6.375780046,0.646240487,31.30542562,32.9072528,32.23860418,33.24400553
2972,857839.1508,65552.00909,792287.1417,629446.8727,37146.81596,592300.0567,313090.6498,51367.07015,261723.5796,0.1480685388,4.455792313,0.7920757828,47.15131478,23.29421676,47.26900674,23.38406605
2973,807101.9805,58242.45965,748859.5209,996091.8827,46196.36301,949895.5197,314756.458,46363.58168,268392.8763,0.5114789564,1.014613513,0.8002847788,99.02714558,77.16013581,99.08441633,76.65187329
2974,239079.1679,40020.91822,199058.2496,234382.8731,57710.55857,176672.3145,204948.5787,56012.89163,148935.6871,3.061954376,4.265848872,0.8618678369,16.17514363,9.596097459,19.23678282,9.552164757
2975,193749.6376,49759.50113,143990.1365,118269.4925,60255.93818,58013.55427,134301.1637,47780.90767,86520.25606,1.401673503,1.1795318,0.6645154172,97.64612154,96.78150453,96.2952298,97.15537633
2976,53118.77401,49067.17678,4051.597229,58584.10901,59154.69219,-570.5831792,174172.2788,44455.05524,129717.2236,0.2402952798,7.450185723,0.5238997082,3.382530702,59.11489997,3.411439823,59.35344993
2977,41894.80653,48155.86712,-6261.060592,57531.38814,51372.07054,6159.317606,151231.2033,54047.4454,97183.75786,0.07125820174,4.524436562,0.8505201088,49.52885129,14.05122316,49.54949563,14.11942538
2978,183714.0328,74270.40165,109443.6312,174177.1673,50571.63378,123605.5335,211173.2898,45684.65248,165488.6373,0.7914666525,3.630493188,0.8532934021,91.39306408,53.11188424,92.10667059,53.45420751
2979,861213.8479,52339.7482,808874.0997,824894.7333,48603.84983,776290.8835,315114.7386,51980.59312,263134.1455,1.736592859,2.066118571,0.5826590622,77.66119615,16.26402714,76.08984216,17.00335211
2980,242343.2306,49990.73792,192352.4927,184686.0952,60821.98824,123864.1069,272020.0817,43221.6541,228798.4276,0.6069325586,2.483964026,0.7104930428,37.92198859,60.35281118,38.28881994,60.83634183
2981,930561.9516,40436.10004,890125.8516,1059466.857,43071.12734,1016395.729,295699.2378,55728.51699,239970.7208,2.418087769,2.125697979,0.879143263,9.242240353,94.120159,11.26540236,95.44453205
2982,193122.5649,53119.8131,140002.7518,130208.2575,42111.66788,88096.58961,219625.0381,50276.45836,169348.5797,0.1309228204,1.323759787,0.9219052481,32.71950683,45.34923919,32.75466677,45.47535249
2983,869799.2709,40579.47313,829219.7978,636046.2861,54831.61843,581214.6676,303774.1281,57030.66447,246743.4636,1.163304047,3.26066095,0.6095331184,29.00777955,44.33265283,27.88177454,44.04043885
2984,268906.5942,56822.57701,212084.0172,96925.58387,44922.43524,52003.14863,311907.7056,52669.51211,259238.1934,0.2392081952,2.202619994,0.7329240345,18.80007766,95.35415335,19.01636485,95.45633168
2985,846346.6567,64613.34872,781733.308,803566.9492,39465.75657,764101.1926,281463.7243,49699.64528,231764.079,0.3983028723,2.311659995,0.8172047768,58.61983383,83.72777836,59.00665462,83.82272496
2986,989362.135,64015.01469,925347.1203,783715.6511,47862.94926,735852.7018,285582.9035,54114.88148,231468.022,1.260478323,1.913880013,0.7099489999,99.38139328,88.97621668,98.99530433,90.17610873
2987,65521.68335,57521.20192,8000.481428,39297.05439,44891.87747,-5594.823086,84354.6496,40453.00565,43901.64395,0.1930404208,1.868800884,0.7548649197,64.4321674,33.86223491,64.57978769,33.98662484
2988,851493.671,53042.73931,798450.9317,750066.329,51467.19298,698599.136,361506.6659,60501.69907,301004.9669,2.059254999,3.754083446,0.6913848825,67.58668838,79.31590042,69.61504373,78.96050528
2989,924703.4173,62682.16038,862021.2569,775884.5917,62186.09091,713698.5008,337138.8489,63948.17205,273190.6768,2.002435814,5.223111512,1,29.25150572,35.66931887,31.12698889,36.37096841
2990,62589.38149,65562.63755,-2973.256063,46824.23575,47863.53627,-1039.300525,98436.27011,46545.92008,51890.35003,3.478784686,2.043623617,0.694670856,15.32478046,30.77110962,18.76827352,31.26537521
2991,223470.8896,60866.61212,162604.2775,142771.6398,57205.89977,85565.74003,279296.9269,50970.38438,228326.5425,1.364055731,2.010239797,0.9058062132,83.27669359,98.09609288,84.35530567,97.26108149
2992,46233.16319,52914.40488,-6681.241692,39522.34055,55146.87626,-15624.5357,108474.2069,64071.43454,44402.77238,1.929216912,3.280671412,0.6602879241,16.10404519,71.53924744,17.40145646,72.9670436
2993,920412.44,48952.84308,871459.597,582839.7858,51357.67597,531482.1098,304748.8647,44840.98102,259907.8836,0.8141646826,2.82044099,0.764268343,52.65913036,5.942972503,53.29795389,6.447718598
2994,598127.684,59884.56109,538243.1229,617249.3983,62200.53372,555048.8646,289570.6225,60225.92599,229344.6965,1.080876074,7.966889768,0.9285300441,24.82644433,61.50481623,25.62348291,62.23490019
2995,718341.7423,55361.40198,662980.3403,647934.9784,57827.82612,590107.1522,325356.5108,29207.57053,296148.9403,0.6637021291,1.809695979,0.621590559,46.69858133,32.20511384,46.17604683,31.79589725
2996,241496.4604,56127.96336,185368.4971,192142.916,48307.50208,143835.4139,159723.5943,58342.27518,101381.3191,1.095769848,2.30149393,0.8006461055,72.89906638,71.74387405,71.95604263,71.18582588
2997,245763.1999,58556.08108,187207.1189,186816.7744,46010.41327,140806.3611,233785.9243,61578.30421,172207.6201,0.4640594108,2.952361307,0.8742117344,59.91191624,49.76874403,59.44879088,49.73931545
2998,171556.4123,53423.66757,118132.7447,156256.9426,42703.50251,113553.4401,254611.5519,40983.6271,213627.9248,1.037714192,11.46944401,0.8436751329,42.26037623,47.15844329,41.87199231,48.12073673
2999,791058.1828,43411.19402,747646.9888,722121.7923,46550.69253,675571.0998,256635.7465,50675.14794,205960.5986,1.052988954,3.95075263,0.8627941175,8.759301233,4.806445969,9.113209026,5.798179305
3000,52955.2349,53924.37503,-969.1401298,64318.23171,53842.44729,10475.78442,192219.3961,47618.54946,144600.8467,0.9139780068,4.652732689,0.8616107562,29.82332293,65.18927431,30.3342873,65.94708116
3001,236326.0137,61662.75431,174663.2594,191256.7,53548.42879,137708.2712,185490.79,54372.24007,131118.5499,2.412769266,1.467095228,0.7303577278,89.07877504,9.450157634,89.8534598,11.73517821
3002,890618.476,50535.45587,840083.0201,753353.8033,57669.86292,695683.9404,214986.904,43758.65733,171228.2466,0.8263593262,1.741886724,0.7753323569,48.96452008,53.57957947,49.62625908,53.08463379
3003,1086867.588,63958.42874,1022909.16,788789.3613,44689.70137,744099.6599,321425.0128,70655.8005,250769.2123,0.725035898,3.846299767,0.6833433281,71.09528815,43.85614475,71.80012048,43.68617872
3004,288227.1664,57150.00879,231077.1576,176901.9726,39511.04291,137390.9297,148560.0705,51172.88652,97387.18396,1.144890636,1.171859618,1,23.26694758,65.65653001,23.52654718,66.77160068
3005,794438.3493,51246.62235,743191.7269,730238.5326,51168.49669,679070.0359,245309.8152,52124.18602,193185.6292,2.267487397,1.922627917,0.6122881067,38.12557859,76.25370417,39.48361649,78.0695324
3006,26092.89758,51187.5975,-25094.69993,35908.73455,43796.82033,-7888.085784,149236.2876,52320.64139,96915.64622,0.170025226,3.335377582,0.8270934556,27.45179412,33.1132284,27.55891335,33.24526646
3007,851610.6489,50447.81481,801162.8341,655727.3984,54437.65558,601289.7428,250070.1288,58305.18333,191764.9455,1.1605,2.7726845,0.8620281182,80.61165096,51.20324626,81.7525819,50.99102741
3008,71975.43375,75585.46058,-3610.026824,57459.33471,59846.4849,-2387.150196,109639.5216,42023.87904,67615.64253,0.2163607508,3.512694896,0.8876483486,54.9201303,63.47559624,55.05371891,63.64579041
3009,44840.75667,53119.46854,-8278.71187,58505.70647,50546.14308,7959.563394,93171.85322,44668.2751,48503.57812,0.7458463742,3.574720036,0.8443038586,0.5190071967,16.76353167,1.05700312,17.28010422
3010,871129.884,57886.54194,813243.3421,769954.3363,53667.82532,716286.511,309562.9478,44276.58375,265286.3641,1.56481899,2.521430638,0.5978180347,92.49360371,88.80675281,93.14119926,90.23128027
3011,914756.6251,56562.08444,858194.5407,960424.0042,55053.35549,905370.6487,262009.2528,57329.27724,204679.9755,1.269750557,2.585921452,0.8864690896,92.69570892,24.55391641,93.58694454,25.4583309
3012,722467.3235,54576.03645,667891.2871,741243.2874,48817.48375,692425.8037,222497.4886,51382.12577,171115.3628,0.7241729915,2.658271133,0.9472362816,66.88280894,19.63190001,67.55244332,19.35618944
3013,927912.3808,51494.32311,876418.0577,834669.2301,51850.92514,782818.305,313531.5288,49636.56657,263894.9622,1.321743923,4.294053678,0.5257483646,38.66690679,29.20893845,39.36462804,28.0863557
3014,207384.7156,49927.72583,157456.9898,134533.9208,34637.25832,99896.66247,205122.6307,42778.39501,162344.2357,0.2828257635,3.090296926,0.7967664277,83.03483091,51.64363592,83.19977665,51.87338213
3015,40558.22362,47458.63953,-6900.415902,41691.28047,53193.89246,-11502.61198,146186.1379,53242.63087,92943.50706,1.530701222,2.234647039,0.954206234,68.3497726,66.4512889,68.49995929,67.97460442
3016,887922.0261,56130.9156,831791.1105,788486.6506,50747.77177,737738.8788,197811.3469,50415.12722,147396.2197,1.669194253,3.147564278,0.9722648208,35.49575736,51.90682279,37.15092852,52.12273451
3017,939087.8026,46645.31981,892442.4828,793519.4857,53181.62582,740337.8599,326947.4162,44830.40932,282117.0068,0.674078998,3.767306008,0.9121410092,27.67267702,9.236600897,27.91129787,9.867031375
3018,34767.45015,40355.42738,-5587.97723,40116.01011,66241.8871,-26125.87699,103638.9791,44274.82374,59364.15532,2.587871317,2.235022542,0.8783016595,55.18336115,25.77840434,57.7467479,26.13354708
3019,53003.95644,48555.83389,4448.122559,60531.01917,52884.98156,7646.037606,118910.544,43225.4592,75685.08483,0.4976305578,3.519269149,0.7455520853,60.82358852,86.62724286,61.13364865,87.01647144
3020,727030.8529,59472.35909,667558.4938,544446.6145,53748.44604,490698.1684,278023.3767,48145.91646,229877.4603,1.199659405,3.258406589,0.9478240492,60.18650647,61.06881946,60.78125481,62.11067219
3021,251642.8755,60960.39712,190682.4784,178265.9886,55095.87514,123170.1135,118324.5063,46366.6286,71957.8777,0.8179657518,1.826887225,1,31.80477613,12.68966253,32.30821377,13.33434734
3022,196953.587,67300.24394,129653.3431,178151.18,49183.41155,128967.7685,238154.3435,31815.5354,206338.8081,0.4639137598,2.686227744,0.5433740081,3.634439271,47.98343853,3.941805539,48.33091796
3023,139035.0217,52804.49498,86230.52673,175075.9639,53072.27745,122003.6865,222637.3498,46403.16075,176234.1891,0.5765045901,2.114422534,0.579342752,1.994621409,27.49861914,2.334529791,27.9642583
3024,53222.42101,55892.31271,-2669.891699,54234.31623,47724.30829,6510.007935,117417.9432,50416.76753,67001.17565,0.7391712167,3.529482707,0.8259736542,61.52947137,25.28316319,62.26439211,25.36231872
3025,153823.917,58652.04665,95171.87037,213267.0555,57891.71869,155375.3368,241455.9307,52616.45083,188839.4799,2.80083543,4.073713965,0.8908858399,59.1657245,36.19833804,61.62001777,37.54782819
3026,71309.76752,57158.69041,14151.07711,68677.55517,57492.02246,11185.53272,120965.3058,50950.38354,70014.92225,1.99896421,3.347671998,0.9241053293,77.22756655,21.91015795,76.70575945,19.98050118
3027,206022.6748,51111.25351,154911.4213,119277.0505,45663.36025,73613.69026,229122.2888,52586.80333,176535.4855,3.59117648,2.64169409,0.929930979,50.56342311,65.46906555,53.35105574,67.73305601
3028,1019611.238,48895.12565,970716.1128,786250.519,60349.78676,725900.7322,298225.07,56367.04519,241858.0248,1.975143435,4.878681596,0.6001712979,80.17772274,14.44084464,82.0846276,14.95553429
3029,184174.5736,51417.79071,132756.7829,197800.1194,51517.60546,146282.5139,179588.0678,45127.66567,134460.4021,4.073673432,2.159927864,0.7474424449,72.75316708,61.28532908,75.72584588,64.07064701
3030,48693.84776,65159.71433,-16465.86657,45046.79769,49898.06779,-4851.270095,60630.68154,44073.97534,16556.70619,1.858014501,6.561334228,0.5742534162,88.23596198,72.04043949,89.68857205,73.19894797
3031,74637.02895,69592.72858,5044.300369,45374.1874,59037.12362,-13662.93622,180024.1951,37662.24072,142361.9544,2.410096832,3.196079325,0.8897010168,32.36913501,20.9424503,34.30643288,22.37613217
3032,248338.0627,48732.28135,199605.7813,161837.7558,60971.58195,100866.1739,251668.4559,62323.6787,189344.7772,0.5899470604,1.079125828,0.7782311562,75.68650073,37.35907742,76.25826994,37.21375878
3033,806467.6751,69478.9256,736988.7495,745176.8436,47263.97774,697912.8659,310941.2447,49618.16838,261323.0763,1.657162931,4.073644644,0.9569210143,99.50667429,77.97328734,101.016233,77.28960511
3034,187762.7492,46614.56353,141148.1857,119406.4223,49630.67432,69775.74795,227557.1595,58008.01145,169549.148,1.018586976,4.580844568,0.9642970522,81.94979447,61.40678685,81.10428371,61.97479299
3035,993937.7117,82492.44697,911445.2647,544687.7414,53436.87612,491250.8653,300967.218,60154.16126,240813.0568,0.9068306513,1.164688389,0.5967688937,34.09657985,74.39326502,33.193566,74.31015175
3036,890314.1449,47706.90575,842607.2391,729496.1998,46287.67742,683208.5224,328591.0623,64489.88254,264101.1798,1.799840592,4.426768822,0.7010963463,34.71869348,16.40598868,35.21030185,18.13738908
3037,746495.9727,58497.8587,687998.114,655984.1211,52126.99873,603857.1223,309772.4064,45308.88549,264463.5209,2.107337581,3.372383218,0.7141780103,58.77953498,93.50440063,60.8542472,93.13502155
3038,75290.60707,60906.38355,14384.22352,45453.78871,57581.85574,-12128.06703,113624.0891,63149.39156,50474.69752,0.9336935465,4.515102585,0.7089924995,21.85006568,74.65964349,21.99183872,75.58251078
3039,59139.902,55574.62376,3565.278241,37044.22247,53925.60442,-16881.38194,152199.4189,46451.05397,105748.365,0.6394167385,2.699323317,0.6759236064,84.58511041,29.10361328,84.84848695,29.68626803
3040,776232.7749,58733.33787,717499.4371,637378.3718,54552.28229,582826.0895,312845.3912,46524.26314,266321.1281,1.812370646,0.8907305367,0.6003453266,5.488739892,78.37158561,7.048599884,79.29436628
3041,173415.9556,49434.56046,123981.3952,204040.9457,51975.60945,152065.3362,219444.2849,43871.10756,175573.1773,0.9396638351,2.017984327,0.7842741768,19.20014221,3.167861613,19.19223798,4.107492203
3042,69507.27373,62250.586,7256.687726,52489.93887,66270.65043,-13780.71156,92986.34768,47399.66545,45586.68223,1.240902508,1.043844804,0.9783105689,99.46980337,62.19660552,100.6739165,62.49652307
3043,691371.4111,61345.85845,630025.5527,739537.2588,66759.05205,672778.2067,229932.2643,63018.24099,166914.0233,1.212028621,3.399910642,0.8417661815,42.82543908,53.89404732,43.58858933,54.83564972
3044,943578.2705,61534.19694,882044.0736,745663.1161,63164.26727,682498.8489,309573.6422,46789.78925,262783.8529,0.4125836133,4.033455398,0.7721922123,40.7098009,87.48785209,41.1146283,87.56747631
3045,229515.7033,52322.23099,177193.4723,152180.3344,50027.77704,102152.5573,228039.4092,46019.23836,182020.1708,0.4074337653,1.931417252,0.687242297,74.48510142,70.1498827,74.89214204,70.13198853
3046,934086.6791,52165.75246,881920.9267,860023.5276,59687.86481,800335.6628,302370.1935,54880.4942,247489.6993,1.863430027,2.599575921,0.6689664341,25.99883529,57.51542244,26.91379794,59.13875692
3047,656695.0684,55296.01523,601399.0531,526298.4807,38898.91014,487399.5706,319229.5672,49407.35466,269822.2125,1.749888841,3.931957227,0.8055014329,73.14510217,78.51138643,74.2441152,79.87310641
3048,33402.57478,46818.77913,-13416.20435,38931.12186,51494.87588,-12563.75402,162325.2965,56927.58484,105397.7117,0.5269660871,3.891357704,0.8687335322,3.552517514,56.75628365,3.93938998,56.3984807
3049,919316.0005,42992.43291,876323.5675,749412.6953,57571.36183,691841.3335,333862.1116,44197.79289,289664.3187,1.123989456,4.234118079,0.8102260455,18.25485745,37.43283498,19.24118609,37.97182303
3050,918474.4678,57140.35067,861334.1171,678808.0977,33405.5285,645402.5692,224702.5077,46242.49724,178460.0104,0.6309956629,2.36415885,0.9694403907,11.28562105,61.40638593,11.5730061,61.96813797
3051,44649.75924,49485.05657,-4835.297331,60833.95662,54954.8182,5879.138418,120165.5129,48357.66536,71807.84755,0.4913959861,5.378228624,0.9297748285,27.23618996,53.11336136,27.60209831,53.44135692
3052,50967.53016,46134.33149,4833.198673,52594.33446,54085.73158,-1491.397121,163131.5159,49586.53726,113544.9786,0.1950544714,3.827730728,0.8850883744,98.13543875,79.87034847,98.32169162,79.92828046
3053,243439.6743,67366.46812,176073.2062,208024.5212,49406.62393,158617.8973,299751.635,45432.82752,254318.8075,2.534162044,4.796833034,0.9276198571,4.531359844,18.84726576,4.292272393,21.37012415
3054,183426.0067,55306.26553,128119.7412,140343.8248,51197.97509,89145.84969,206028.0759,55864.96758,150163.1083,1.876788784,3.876258157,0.8043319872,18.78769218,88.9017071,20.53449776,89.58800616
3055,48898.84162,47145.35467,1753.486944,44441.09248,53293.90229,-8852.809811,95344.49725,47659.01726,47685.47999,0.6662379017,1.883843595,0.6985854351,35.83275927,38.87016519,36.49080745,38.76602331
3056,1038630.257,59645.32974,978984.9274,931818.7888,53403.30462,878415.4842,247105.2371,46762.52513,200342.712,1.863353867,2.422824034,0.779850404,91.4634998,41.36893759,92.50877325,42.9114975
3057,40256.24043,54083.97175,-13827.73132,30255.91886,47023.04394,-16767.12508,107623.2689,59033.19307,48590.07582,0.8032372149,1.349979139,0.8061355189,92.91719604,58.32026612,92.12095321,58.21449575
3058,40203.42762,52063.40186,-11859.97424,45492.40574,43156.05648,2336.349256,74695.21486,43662.06759,31033.14727,0.9765756658,2.718029236,0.895291009,81.2281929,54.59897921,80.80433752,53.71918
3059,244018.1161,55464.9001,188553.216,185370.2119,49054.24256,136315.9693,138212.1152,54761.12699,83450.98824,1.987422524,4.527881095,0.7660050607,26.26986748,84.52247101,28.25646629,84.4652572
3060,199307.3326,56002.69755,143304.635,144961.4956,41403.58493,103557.9107,185511.8503,46340.79787,139171.0524,3.212245335,3.094033698,0.6997608902,97.8231923,62.88116451,99.14651877,65.80816419
3061,64262.89823,71262.88218,-6999.983943,64040.68705,58125.8125,5914.874546,209157.7701,44234.23147,164923.5386,2.787463035,3.123680071,0.6698633642,47.75201832,84.12855519,49.56197493,86.24846255
3062,159839.3956,58137.45831,101701.9373,218952.8187,49488.6451,169464.1736,227956.7219,45991.53201,181965.1899,1.412453638,1.909338882,0.9374426884,46.02202538,93.79481707,47.37578251,94.19776484
3063,900576.1678,59939.64477,840636.523,631652.1976,63311.18331,568341.0143,271860.1806,55294.45549,216565.7251,2.363709497,2.80223641,0.7179178812,20.17462376,30.19837726,18.80703262,32.1262821
3064,194120.6416,57095.36372,137025.2778,122449.2761,54979.33182,67469.94425,169991.6948,55448.63989,114543.0549,1.472625852,2.156851441,0.8279378147,77.3369619,78.77629007,78.62760792,79.48541612
3065,218078.1846,61988.70054,156089.484,171625.8216,46658.04695,124967.7747,149015.419,48452.05641,100563.3626,1.130073781,2.702656981,0.7900936027,93.5706266,51.78039095,94.14477683,50.80703683
3066,282418.1184,59741.58726,222676.5312,209980.7997,49749.62007,160231.1796,261455.9824,61130.94885,200325.0336,0.4013642497,2.41822971,0.9444896128,45.2994519,0.5763852067,45.53782688,0.8992948349
3067,66904.25178,56849.00065,10055.25113,55493.15769,50600.84513,4892.312554,105827.8645,41903.73331,63924.13119,3.316068713,1.611274241,0.8620599692,96.70668336,60.94711047,99.13210987,63.20844147
3068,236322.071,59086.37069,177235.7003,227722.8022,63576.34037,164146.4618,159649.4868,49010.05935,110639.4274,1.380073181,1.912263908,0.8593002113,86.97027509,4.749892943,87.03294564,3.371243464
3069,42886.42466,49539.33551,-6652.910852,51427.95354,56117.43197,-4689.478432,175540.2135,40097.85778,135442.3558,0.7281470263,5.018238738,0.5644638028,8.864111038,63.98504611,8.168791832,64.20121571
3070,216169.9017,65812.66028,150357.2414,164916.8256,59700.90551,105215.9201,185755.887,37054.76131,148701.1257,1.709864745,1.846364485,0.7283103891,25.73686656,70.55268587,27.19089435,71.45237505
3071,818707.4874,46478.85334,772228.6341,763301.2477,50508.84643,712792.4013,229139.1978,51899.11036,177240.0874,2.303490644,1.113714497,0.9880477792,32.92226618,18.63050194,34.91695127,19.78258724
3072,38861.25621,50292.48137,-11431.22516,60342.92254,70385.91586,-10042.99332,149235.1375,53930.22326,95304.91421,1.717914253,1.341468798,0.8319466806,67.56689419,45.05790671,68.25598067,46.63156144
3073,77884.26177,70757.88335,7126.378417,47984.63761,42928.54756,5056.090051,85650.04499,51033.06323,34616.98177,0.5181077356,2.385675378,0.7559390311,26.75808451,42.60301192,27.2700528,42.68253609
3074,182065.0745,61529.16555,120535.909,226014.5608,56012.23586,170002.325,188665.0938,53196.68397,135468.4098,1.778131107,3.222852211,0.8455931125,35.302356,51.77877686,37.00028242,51.25076542
3075,54736.21686,66456.11742,-11719.90055,55034.63119,58977.45657,-3942.825382,110641.1344,57964.82545,52676.30896,1.668704801,2.914882336,0.7778674396,80.0488617,0.9025214761,80.6699576,2.451332506
3076,123735.3524,59384.23661,64351.11576,161056.586,51301.13977,109755.4462,104125.9733,41938.34189,62187.63143,0.8460001103,4.605521567,0.7899103947,32.72971896,41.80421939,32.8061256,40.96167668
3077,66880.58614,63032.12048,3848.465665,40829.89917,57403.06614,-16573.16698,124508.312,56028.17936,68480.13263,0.7444144143,2.855380922,0.609727378,87.60910294,38.30043353,88.3203417,38.5201885
3078,189481.2877,57085.30084,132395.9868,208961.4717,44233.71509,164727.7566,193377.4663,47934.31156,145443.1547,1.341941319,3.522286055,0.866563283,20.02251524,16.32331788,20.75484795,17.44781568
3079,58155.34037,50796.51482,7358.82555,30229.55022,38946.47119,-8716.920966,118638.1257,45978.20556,72659.92013,0.960756787,1.205683874,0.8701771339,6.65542303,35.0602813,7.097444803,35.91331727
3080,802905.7053,40306.65805,762599.0473,668159.5994,43775.69021,624383.9092,273092.9132,48016.82594,225076.0873,0.6200056733,2.373501507,0.7815906381,89.61975787,41.17446963,90.12423304,41.53490248
3081,751911.7366,49420.43862,702491.298,518439.4477,38579.68106,479859.7666,283060.1669,60918.87125,222141.2957,1.736416664,2.37704066,0.7202210838,60.6708647,39.48513342,60.4152817,41.20263747
3082,961885.8669,62097.28413,899788.5827,881355.4822,49544.89686,831810.5853,340949.8271,46494.52091,294455.3062,1.108952575,2.348677974,0.763636835,66.42434642,69.6934498,66.93233274,70.67921129
3083,150653.4185,62225.86801,88427.5505,141296.5589,46218.36698,95078.1919,287638.4095,44513.1946,243125.2149,1.321720804,3.739826166,0.5889351001,80.56982399,32.66836888,81.1973979,33.8315958
3084,709065.2653,57215.73945,651849.5258,1036336.106,63987.7486,972348.357,232160.6755,58842.22323,173318.4523,1.553866434,4.634107572,0.7815612122,18.78769108,30.33255182,20.33380396,30.1775168
3085,870996.2096,56941.4894,814054.7202,796742.8581,52980.24313,743762.615,239200.5207,41984.11929,197216.4014,2.257067684,3.938427336,0.7591525505,70.23285957,94.26124592,71.78285314,95.90193921
3086,51669.37375,47322.56678,4346.806969,65418.66989,57955.24511,7463.424777,101717.1341,58344.84157,43372.29257,2.080297517,2.430765014,0.8057464083,56.97540587,7.667001697,57.06526085,9.74535774
3087,794962.946,72767.52614,722195.4199,889440.6139,44284.06292,845156.551,232647.3323,55975.93907,176671.3932,3.241745641,3.665135323,0.7076616478,45.32174255,44.00369991,48.09757714,45.67811238
3088,889456.6508,55887.46078,833569.19,693854.3716,50009.03544,643845.3361,245739.3896,52091.13443,193648.2552,0.4216941948,1.128985422,0.8969536735,92.81077396,25.57874972,93.13211509,25.85181723
3089,75361.96543,69270.98635,6090.979082,42130.86744,49520.55212,-7389.684687,138657.3219,43988.22234,94669.09952,0.5072642644,3.698676837,0.8491173717,47.9154866,18.63588798,48.42024058,18.58548508
3090,172191.0597,53901.29415,118289.7656,127176.1977,62843.10517,64333.09256,153637.1496,51148.59624,102488.5534,0.5311566915,5.500515111,0.7314126786,39.89070828,79.61357959,40.28706426,79.9671745
3091,817019.4672,65684.57424,751334.893,774871.9122,54456.36339,720415.5488,324822.2707,46833.34687,277988.9239,1.040522765,1.816350559,0.7736029862,57.68573704,16.45232784,58.72582657,16.42230461
3092,159611.2811,57647.63804,101963.6431,216045.3648,59053.24795,156992.1168,299290.2441,52052.86004,247237.3841,1.321997213,3.755708553,0.8190838199,10.90498407,37.66806484,11.65583882,38.75613367
3093,789426.7817,43823.48119,745603.3005,825949.2211,62904.2456,763044.9755,273028.1075,49016.1428,224011.9647,0.1077006004,1.907180556,0.6163068114,94.86971956,98.88416896,94.80637846,98.97127421
3094,47701.30365,57474.04915,-9772.7455,40105.57955,49000.41535,-8894.835806,231692.7517,65013.35725,166679.3945,1.487416594,3.506754157,0.9501276793,12.78766514,0.4624181985,14.23493353,0.8056707597
3095,898523.7967,54763.29303,843760.5037,751304.1592,72761.54273,678542.6164,219291.6506,42497.67012,176793.9804,1.797007005,5.699425982,0.7559095469,54.84237097,7.245490574,55.4907552,8.921447633
3096,62569.62399,62540.22321,29.40077278,56521.76117,45678.74938,10843.01179,99305.28635,45817.61399,53487.67236,1.931772612,9.560873495,0.7114510119,0.9808768633,60.62652938,1.710130464,62.41536548
3097,62968.28927,61767.27826,1201.011009,59329.48422,55968.52372,3360.960503,177448.7836,49871.02201,127577.7616,1.953336163,1.142413551,0.9918620065,92.62824936,62.5376659,93.48867785,64.29128643
3098,1064632.296,41628.65677,1023003.639,1008833.143,55932.6624,952900.4807,276819.8608,36798.88138,240020.9794,1.75639431,2.500609984,0.8883204098,54.86074084,17.9801408,56.13820707,19.18554571
3099,906736.78,64857.80402,841878.976,933336.594,53875.80025,879460.7937,337869.6785,46480.82301,291388.8555,1.323520817,4.553228622,0.6451860488,63.52399339,15.75951319,64.20143929,16.89651556
3100,258668.7657,56431.77848,202236.9872,189910.4103,48199.62998,141710.7803,231195.6206,51562.87058,179632.75,0.7619467642,2.000099893,0.7952473686,69.62512534,81.07102902,70.37744842,81.19174711
3101,196899.067,60703.18013,136195.8868,189780.9287,67514.6651,122266.2636,235174.1936,55104.71666,180069.4769,1.637204005,3.59864517,0.9570282414,92.8143858,72.12216316,93.82488686,73.41031089
3102,156153.1701,65860.86795,90292.30213,158034.4155,54840.02579,103194.3897,216486.3435,61527.07216,154959.2713,0.1882593633,3.841140091,0.8112642998,76.96300689,71.93609563,77.01517058,72.11698382
3103,26642.37133,39230.0725,-12587.70117,50272.32586,48166.17491,2106.150948,151984.2406,49245.17013,102739.0705,1.251719744,5.271237173,0.7995621804,31.74949368,31.91566148,32.75643785,31.17211205
3104,74592.33296,61466.02409,13126.30887,60550.48187,61132.71952,-582.2376512,85305.08552,36012.88368,49292.20184,1.145564163,2.701433108,0.9698740431,85.82552836,56.03785851,86.79823255,56.64297321
3105,228218.0061,46190.1945,182027.8116,257434.7881,60105.74706,197329.041,178805.9675,49800.61984,129005.3476,4.107978197,1.789888441,0.7750894588,98.02706919,3.283813891,102.0074739,2.268007179
3106,72027.09309,62321.57767,9705.515427,44941.21227,55274.23661,-10333.02434,110547.0222,47315.32514,63231.69704,0.5701624414,4.842538536,0.6843362125,39.03024223,34.43430546,39.20231103,34.97788392
3107,673484.3252,52883.91642,620600.4088,723030.9912,52934.3888,670096.6024,340492.7641,52964.38881,287528.3753,0.7756355646,1.543637533,0.8118310006,88.08680853,4.163749815,88.18971542,4.932528523
3108,960899.8779,45817.73969,915082.1382,778927.463,56426.26377,722501.1992,253258.9472,48803.03267,204455.9145,0.9657239714,2.864788396,0.9476531108,56.06683259,71.22880552,55.55783733,72.04950438
3109,1103172.061,63661.13418,1039510.927,698520.2706,59615.02641,638905.2442,261559.809,53237.44429,208322.3647,0.6271547352,2.353568053,0.7728242623,89.98068309,0.6038502283,90.50543709,0.9472978896
3110,888420.4106,69249.92575,819170.4848,847118.4108,52623.36924,794495.0415,270838.9632,35713.44263,235125.5206,1.065187265,1.900357832,0.6498022491,31.73435624,8.593229766,31.73328161,9.658416489
3111,675995.9953,72296.68127,603699.314,709625.8956,53361.77595,656264.1196,297481.7465,47455.61663,250026.1298,1.278816948,1.740060007,0.9743819368,46.21655927,21.97795913,47.13238816,22.87050057
3112,860451.2805,51592.21582,808859.0647,784089.3625,52144.68377,731944.6787,266986.3874,57095.86197,209890.5255,0.3484854816,1.9822164,0.785395097,89.10952397,19.69875161,89.40885668,19.87719504
3113,47591.7716,50141.7271,-2549.955494,56327.8164,41232.93341,15094.88298,141784.3012,51645.94924,90138.35197,0.7103033367,3.823252077,0.6972848112,75.34137175,11.28203198,75.99955364,11.01496004
3114,642344.0536,64137.19352,578206.8601,749709.2457,44369.02211,705340.2236,313462.1429,56233.14071,257229.0022,1.121922837,2.397931803,0.7755303367,72.65132748,48.70706293,73.11126274,49.73037637
3115,227011.2297,48006.16994,179005.0598,188675.5408,56028.27698,132647.2639,235465.9496,43914.02115,191551.9284,1.448731377,1.30438774,0.5421692893,31.56810301,54.82988843,33.01267347,54.93960982
3116,58893.35236,53086.24094,5807.111418,45938.26325,50769.13407,-4830.870826,142210.0315,52489.42656,89720.60489,2.241948257,2.094828514,0.9267988916,77.40531296,77.25645969,79.02569232,78.80587981
3117,211432.207,54170.02904,157262.1779,214357.8861,49799.48452,164558.4016,239571.3293,56237.71082,183333.6185,0.884743396,4.68767546,0.5508687258,58.24989407,17.97886457,58.2339199,18.86346374
3118,1235920.177,53692.81592,1182227.361,959861.6533,56580.12731,903281.526,224251.076,60184.09906,164066.977,0.7812020206,3.349417832,0.7861585254,41.28378687,44.42318123,41.67064382,45.10186989
3119,58519.22105,53950.28487,4568.936179,27229.75281,40923.10974,-13693.35693,144994.2639,47342.58864,97651.67529,0.9205516427,3.173979391,0.7172540191,80.88651385,46.37443748,81.74149092,46.7156552
3120,57204.70546,60340.98466,-3136.279204,50189.45362,55113.79731,-4924.343692,180950.3647,59267.64302,121682.7217,1.349112181,2.539183792,0.8461537005,39.62119802,48.96367183,38.61566221,48.06422677
3121,905852.8035,46312.73676,859540.0668,708969.1821,46514.16616,662455.0159,243512.7022,50563.36855,192949.3337,1.953114682,2.318402248,0.5861014405,88.5833761,65.967894,90.27622218,64.99376407
3122,36175.21718,49038.07733,-12862.86015,81327.0703,74729.20404,6597.866265,202932.1407,48337.92315,154594.2175,0.1367359266,3.765625089,0.8266192863,44.45398868,92.85364546,44.56861776,92.92818999
3123,68648.56863,51309.81692,17338.75171,42752.8248,44805.53425,-2052.709452,183360.93,41960.76558,141400.1644,2.566267339,3.756039395,0.7466249868,83.08686893,37.78396937,84.93659363,39.5628023
3124,26526.38825,44024.3854,-17497.99714,45276.87263,45976.63367,-699.7610369,192276.1985,62529.06462,129747.1339,0.7275328298,2.498844161,0.8603885878,19.2239087,98.13931975,19.67985663,98.70625493
3125,61790.91582,46852.81942,14938.0964,25767.81208,40621.97537,-14854.16329,146608.0509,49889.94726,96718.10366,0.1022122614,3.632073639,0.5805719993,33.59382119,7.816684118,33.50749746,7.761952409
3126,708629.5121,64783.79121,643845.7209,866202.8905,58679.80651,807523.084,296918.7794,47850.92942,249067.8499,0.9354910397,7.429560598,0.6933114167,8.559685554,29.73567767,9.432840691,30.0714508
3127,998875.8723,48801.28715,950074.5851,717243.4219,50322.31326,666921.1086,253632.6379,61567.61436,192065.0235,0.7438097182,2.161331808,0.5952074124,40.59351483,96.09050999,41.2547144,96.43119758
3128,61168.86935,66369.13333,-5200.263983,26639.03267,48937.17007,-22298.1374,100102.3248,53892.59798,46209.72683,0.5943436916,3.109528283,0.8498579097,52.25915506,33.82302063,52.0769361,34.38874201
3129,874299.036,51580.17055,822718.8655,764390.1809,50470.76872,713919.4122,319797.3122,53814.96294,265982.3493,2.088891197,4.516864536,0.8144114741,97.32568703,69.30037234,99.24961654,70.11398262
3130,240497.9646,52874.7016,187623.263,167528.958,57551.07931,109977.8787,175666.078,57741.27049,117924.8075,0.4430109737,5.021771664,0.8248804634,65.20343599,37.63904894,65.51330825,37.95565265
3131,757641.1387,51380.58822,706260.5505,730794.895,48474.97258,682319.9224,314959.7828,57733.76026,257226.0225,0.7627685946,5.43687745,0.8356325246,58.90404537,34.61359767,59.31267826,35.2576746
3132,123773.723,41581.85267,82191.87031,149162.4384,42018.49457,107143.9438,232908.4915,58382.54773,174525.9438,2.154048846,4.182084685,0.8205399807,37.17380334,45.97498617,39.32768488,46.00183297
3133,1017646.87,53325.55849,964321.3119,816877.4946,52835.7552,764041.7394,256719.7084,45573.29392,211146.4145,2.032159098,6.650245042,0.8689764866,31.26302559,32.74174651,29.54321447,33.82429921
3134,636433.8862,67186.52362,569247.3626,1025729.77,55513.80391,970215.9663,325887.0796,32926.47888,292960.6007,0.8476363468,1.919432727,0.7806929543,57.02845892,78.56581913,57.78958777,78.93887443
3135,176350.679,50513.25098,125837.428,212691.1877,58565.32213,154125.8656,160404.5976,36828.23749,123576.3601,1.636041533,4.197148491,0.9114263936,86.25378174,12.90493079,87.85249822,12.55745774
3136,62888.26941,50244.38551,12643.8839,60563.91013,52471.17033,8092.739794,79502.78833,44921.55246,34581.23587,0.2488604303,4.475424102,0.6872000282,5.414974386,88.2359927,5.64284881,88.3360165
3137,959815.0187,59920.54264,899894.476,833112.8715,48275.34086,784837.5306,247836.1574,48567.48565,199268.6717,2.553835343,2.246213809,0.9601573301,61.18272048,51.81584701,62.48222348,54.01433898
3138,38481.96481,55794.65589,-17312.69108,45902.18629,53347.61419,-7445.427903,106342.364,53589.39715,52752.96681,1.258963811,1.629170093,0.8046565361,57.04122971,12.18097536,56.62866649,13.37042123
3139,44846.80078,51594.70277,-6747.90199,48064.85258,51835.58283,-3770.730246,165827.7207,37450.67566,128377.045,0.6988574604,3.998751566,0.5735848799,8.466269514,45.72300508,8.621461511,46.40441332
3140,273757.8693,60229.21306,213528.6562,189714.916,51881.34374,137833.5722,165523.7992,48416.67501,117107.1242,0.7608973428,1.445655058,0.748957159,39.13637583,58.14368198,38.49051187,57.74140781
3141,855816.8119,60978.86638,794837.9456,694864.7162,51135.6343,643729.0819,262039.8213,55818.77893,206221.0423,0.5837568055,3.13777283,0.7401736357,15.89284859,15.00954694,15.93994795,15.59140058
3142,194331.6879,60299.80499,134031.8829,121662.8208,54172.12599,67490.6948,192824.8609,62295.63868,130529.2222,0.1027999751,1.206942591,0.5923470968,22.1965555,75.81315138,22.1446118,75.72444013
3143,178600.3529,49143.20386,129457.1491,154348.4603,38504.17426,115844.286,221626.8219,53139.42909,168487.3929,0.4563670919,2.509979752,0.811012827,97.99063367,75.20034848,98.44199006,75.13290717
3144,883710.2436,45227.11146,838483.1321,582670.6231,58092.61794,524578.0051,294590.806,46656.11424,247934.6918,0.05407448865,5.725436046,0.9364924827,29.458682,80.46401487,29.50775491,80.48672831
3145,888794.1115,50350.4876,838443.6239,531277.1218,58635.07974,472642.0421,273499.5822,53961.40436,219538.1779,1.069216949,2.884200838,1,17.68419868,64.46874826,18.63845539,64.9510542
3146,970305.3219,62837.10366,907468.2183,933038.0342,64201.21211,868836.8221,256650.9439,49697.19166,206953.7522,1.675946976,2.948664908,0.7649220339,14.93209461,80.82406913,16.60144909,80.67556363
3147,834212.1532,64749.72915,769462.424,854427.4939,49942.90163,804484.5923,317461.7864,47751.06638,269710.72,1.408080886,4.218259265,0.5660169481,67.12000133,46.2357393,67.75199669,47.49402132
3148,54411.82067,53417.59555,994.2251189,41933.34525,39167.76803,2765.577219,155240.1232,58974.16568,96265.9575,0.4648873598,1.693871461,0.6933820801,8.487946408,44.68405321,8.884479638,44.92670863
3149,78557.75757,73398.76953,5158.988044,53420.6071,59266.3746,-5845.7675,101755.2273,47393.76502,54361.46225,0.1367968772,1.215731563,0.7195839229,42.38240794,22.19601318,42.42635578,22.32555844
3150,688279.9163,73284.25316,614995.6631,706802.6771,47064.74878,659737.9284,283881.4773,62295.59718,221585.8802,0.9764171474,1.79782485,0.5989199375,50.240644,22.04788207,51.04844184,22.59638284
3151,202611.2078,47810.12052,154801.0873,206851.5813,60303.86477,146547.7165,165422.0152,48069.9312,117352.084,0.5645667553,2.746476556,0.878619056,16.71321217,55.94386009,17.27453417,55.88341814
3152,187734.9987,67711.38666,120023.6121,124601.6619,31244.228,93357.43389,274069.081,62631.23005,211437.8509,2.072573248,2.201827584,0.6137492807,73.01697734,75.07778597,74.70628135,76.27854067
3153,44440.55958,39240.26059,5200.298994,51114.00488,55384.4491,-4270.444218,150565.466,52418.81828,98146.6477,0.6881521649,2.512221301,0.7979747027,21.2963536,93.17415282,21.1465866,93.84580991
3154,289729.608,66500.5628,223229.0452,261567.5443,53900.33319,207667.2111,185973.0758,54260.41284,131712.663,2.70355405,3.377388033,0.8520516156,40.87010162,97.53166168,43.4952895,96.88544724
3155,183940.0387,59790.84432,124149.1944,174348.8594,50338.72893,124010.1305,190676.9722,52326.56802,138350.4042,2.111894628,3.69500812,0.5788115136,66.90426717,36.11519209,68.73996682,37.15936915
3156,234125.0772,62541.241,171583.8362,165654.4437,53861.52025,111792.9235,194997.5425,45742.90433,149254.6382,1.73413143,0.8917255226,0.5483257747,45.51644225,70.80429392,46.76457946,72.00818982
3157,896707.188,58470.13911,838237.0489,750715.8541,54371.06301,696344.7911,209672.0917,46124.31036,163547.7814,0.6868624041,4.779329616,0.9365005263,49.9006786,69.20469285,49.84193504,69.88903864
3158,30099.9788,44782.74027,-14682.76148,41257.26911,52213.08597,-10955.81686,176466.0738,53725.28418,122740.7897,3.003367324,6.198371538,0.817405062,53.79504801,18.54563845,56.46610121,19.91884276
3159,801563.7611,49928.62647,751635.1346,652133.633,47027.63485,605105.9982,308699.0411,46902.5741,261796.467,0.7969506082,2.227180079,0.7186000455,76.43971133,13.60118766,77.23388097,13.66770722
3160,275366.2521,54230.37971,221135.8724,165866.7105,51855.38796,114011.3226,196085.8786,41902.35741,154183.5212,0.1088208538,3.127042101,0.7379340503,0.9455359461,46.09735063,0.9772848483,46.20143706
3161,182766.4584,51852.61034,130913.8481,142298.3164,66159.13023,76139.18617,106985.9938,58550.26141,48435.73236,2.208403694,1.351413184,0.8158212775,60.07089119,35.06800999,57.99170467,34.3236779
3162,71864.47029,64623.16027,7241.310018,34853.4029,50444.9696,-15591.5667,127824.9211,52805.64968,75019.27144,1.405886876,8.099501259,0.8006708397,89.52843784,9.982834315,90.85446879,10.44991013
3163,855105.3631,54194.3526,800911.0105,928194.2516,56266.02172,871928.2298,301551.9926,46513.47358,255038.519,0.3569723155,3.893543963,0.7727602477,78.39520761,51.54871498,78.6455461,51.8031946
3164,64505.32875,69600.24499,-5094.916241,58726.79925,55758.82289,2967.976366,101393.8822,60426.49511,40967.38704,1.452524338,7.066869657,0.7812913631,29.64269379,1.206562393,29.77996839,2.652585435
3165,51526.4402,65941.82675,-14415.38655,45856.11849,44283.29865,1572.819836,125249.0446,51915.15985,73333.88478,2.596819884,2.564955938,0.7555934208,6.534243054,24.30226398,7.057687546,26.8457811
3166,200816.6733,57982.10612,142834.5672,163894.177,54397.05482,109497.1222,197009.389,32707.19783,164302.1912,1.255694454,2.775052835,0.9093496115,30.22607676,64.32490588,31.46430579,64.11620171
3167,240800.3772,71009.1184,169791.2588,153467.4471,43951.97535,109515.4718,240606.8318,49600.15688,191006.6749,1.228291204,6.401445036,0.8122899592,97.70826266,83.8082608,98.88564759,84.15820937
3168,286920.8112,64230.56989,222690.2413,192595.0832,51564.75139,141030.3319,210639.3856,58748.49623,151890.8893,0.5886331099,2.422875516,0.7087456239,70.97023386,73.25867981,70.56361378,72.83306374
3169,980463.5658,54629.13207,925834.4337,648657.3541,51471.53408,597185.82,279211.9749,42312.90173,236899.0731,1.504343961,4.764262592,0.8781081269,47.68753525,12.27508724,48.91097255,13.15044541
3170,989098.506,40293.98371,948804.5223,738114.5506,55897.63886,682216.9117,287831.0489,38226.97627,249604.0726,0.1375990429,3.77616214,0.4701161635,89.22295952,21.59730386,89.29449021,21.71484899
3171,840657.1008,60835.15431,779821.9465,896848.2626,61576.26997,835271.9926,350543.5785,50080.78892,300462.7896,0.4407724676,1.974421226,0.8801565916,74.65370815,42.23667495,74.92421681,42.58467701
3172,36541.66154,42192.51765,-5650.856107,30219.32843,46122.90471,-15903.57628,158209.5362,55035.23349,103174.3027,2.206145995,2.543317638,0.7724498896,26.1213127,71.89925452,27.01862887,73.91467106
3173,149986.8814,52545.30594,97441.57547,137837.429,49514.53414,88322.8949,240839.8625,36801.48555,204038.3769,0.7584612663,4.068813954,0.8151990801,9.424144918,90.86132172,9.944424373,90.30944059
3174,968488.4249,45778.2931,922710.1318,850905.4594,42072.14608,808833.3133,301082.4086,40674.62092,260407.7877,0.6103276289,4.153401403,0.4725973391,45.01896821,76.76208141,44.59821623,77.20419858
3175,964208.8118,56582.5178,907626.294,820305.3441,71934.80557,748370.5385,257467.7733,57947.25879,199520.5145,1.463488271,2.635513974,0.8440035914,41.14949702,43.45280485,42.60915357,43.55863804
3176,1058614.674,51581.69332,1007032.98,922712.1711,55403.56097,867308.6101,252177.9376,51687.58866,200490.349,0.9347424608,2.2952812,0.8150778032,35.85186866,20.14489715,36.53852428,20.77912701
3177,48449.59765,48211.49552,238.1021346,62319.86381,56874.0389,5445.824914,143577.5454,63594.50698,79983.03841,3.158128674,1.564435552,0.6009536335,65.85748268,34.08692177,63.1702081,32.4279064
3178,44305.24869,37321.52453,6983.72416,56235.65535,41920.45991,14315.19545,178158.6577,54168.18918,123990.4685,0.6708426952,2.018653446,0.6491524424,34.19868367,83.85752985,34.18106964,84.52814126
3179,-9842.089976,32312.79193,-42154.8819,52684.16678,55242.51985,-2558.353069,131143.0604,50247.07112,80895.98927,0.1595092441,2.685791129,0.7695764001,57.81990949,63.83069426,57.97519993,63.86713707
3180,265279.9492,64809.30579,200470.6434,154456.5359,46766.37509,107690.1608,189298.6508,50907.84987,138390.8009,2.718206948,4.340233681,0.7381913259,11.58121362,59.71853456,13.93886361,61.07135959
3181,717908.6549,45500.98993,672407.6649,902935.6341,44679.44163,858256.1925,303657.5517,49069.69387,254587.8578,0.4445520564,0.9607320724,0.7978895106,27.89964233,23.11171844,28.33761897,23.18789582
3182,1032568.74,46819.85467,985748.8853,873339.7699,57633.49852,815706.2714,301440.654,63156.93788,238283.7161,1.445338946,1.784630787,0.6412840083,31.10551434,98.23383956,31.81734141,99.49173736
3183,46736.44835,61736.03203,-14999.58368,30949.06263,44867.49355,-13918.43093,168343.2469,50202.17704,118141.0698,3.979938701,2.000227442,0.7309832383,6.187725924,52.77480106,8.04929258,56.2925392
3184,50635.03925,56964.91051,-6329.871254,29224.29824,40495.97171,-11271.67346,122999.2709,51826.49618,71172.77473,2.467288591,5.771984352,0.8632468701,93.51789756,84.48821991,93.90883779,82.0521003
3185,51716.12037,61023.46699,-9307.346615,65773.24102,59383.3104,6389.930622,110151.4389,38749.95367,71401.48523,0.6616230075,4.231264282,0.9321672243,12.23372507,60.83327357,11.79658794,60.3366287
3186,203328.3304,30476.80847,172851.522,181515.0223,49738.66596,131776.3564,202359.8344,49696.42022,152663.4141,0.2711120239,2.643070753,0.6903469045,10.30970953,53.42031947,10.55517309,53.53542538
3187,869070.3902,55070.67315,813999.7171,793138.0611,44871.92682,748266.1343,312342.8451,37393.22742,274949.6176,0.2298331046,2.509266942,0.6697614772,90.18766224,62.68887025,90.28083295,62.89897135
3188,707861.8608,47832.16185,660029.6989,918877.3005,42994.84124,875882.4592,275191.2777,51962.0154,223229.2623,1.027907611,1.792079299,0.8135354063,62.43133706,59.22823063,63.31536868,59.75271339
3189,274880.5674,63958.04396,210922.5234,187168.2096,48101.36171,139066.8479,219607.559,57494.48904,162113.0699,1.856045585,2.047400505,0.683365328,44.18458472,20.6608687,46.03928111,20.59011189
3190,1104731.173,54699.45593,1050031.717,549231.7367,60346.22748,488885.5092,220906.973,40153.06008,180753.9129,0.4728121542,3.153402864,0.7367572241,34.48511301,59.34394793,34.02015723,59.25811402
3191,51132.03105,44220.62798,6911.403067,42955.69816,46357.07133,-3401.373176,177813.657,56159.99856,121653.6584,3.143442868,1.684974868,0.6470318529,79.27691714,12.32221558,81.58376271,14.45756019
3192,39956.38264,46312.6137,-6356.231059,38841.10559,45755.69949,-6914.593898,190402.7027,50378.69459,140024.0081,0.8970804334,2.126428201,0.7995179201,56.73147512,92.77786602,57.62813997,92.75056316
3193,973757.2792,54822.45122,918934.828,717180.3067,37911.6588,679268.6479,285881.6426,49031.31042,236850.3322,0.7580994182,4.980509898,0.8737298374,22.59836108,24.95390564,22.71678561,25.70269824
3194,274989.2108,50240.05161,224749.1592,198073.6851,52752.86719,145320.8179,142177.6888,48513.17213,93664.51666,0.08974649468,1.982230119,0.8642842313,99.0776696,65.88532576,99.16736052,65.88216775
3195,852735.4267,71596.30853,781139.1182,924490.9919,60703.6052,863787.3867,229372.4965,50445.39228,178927.1043,2.492810366,2.229490477,0.8448773865,66.84839021,91.2389215,68.38121813,93.20476536
3196,845347.304,60845.36255,784501.9415,767802.6574,46339.20992,721463.4475,282476.3601,54946.96668,227529.3934,1.950220779,2.084227642,0.8695897472,26.01220245,38.71353649,27.95906617,38.82791623
3197,54137.25911,50017.38475,4119.874364,58368.10768,55878.16889,2489.938783,153332.4924,56851.81757,96480.67483,0.4227055103,3.602432406,0.7985169401,94.88501726,15.85090858,94.50976935,15.6563091
3198,214407.0069,48853.87056,165553.1364,200414.8083,54000.21133,146414.597,153809.395,41522.96832,112286.4267,0.3076982215,2.898611734,0.9727848904,4.891919501,53.06953903,5.197753596,53.10335769
3199,44726.86783,48347.49815,-3620.630318,39047.22834,51170.31948,-12123.09114,51701.26667,60175.77799,-8474.511322,0.5127803441,1.704309699,0.700379939,71.54165785,21.86007938,71.74001759,22.33293993
3200,1128004.771,58965.37374,1069039.398,563814.4112,58391.1106,505423.3006,303845.8217,49326.5056,254519.3161,0.4834281764,2.553621025,0.7380238154,3.880178122,60.53042422,3.817783102,61.00980889
3201,737475.6764,62723.99714,674751.6793,641098.5323,55892.49804,585206.0343,263506.9182,47708.57715,215798.3411,0.5833565887,3.069179761,0.7282184562,62.61403804,34.43912014,63.19155656,34.35679601
3202,61528.25457,74421.99782,-12893.74325,40975.60102,43104.88896,-2129.287944,162289.9728,41363.20244,120926.7704,0.341160275,2.69095627,0.6319630798,84.74777381,22.91943786,84.88686677,23.23095588
3203,66393.51567,61276.16236,5117.353302,51278.84635,49114.00944,2164.836905,185645.3965,47176.58025,138468.8163,1.134512019,2.465117992,0.7959361699,13.99506746,93.66257476,15.12413782,93.55158994
3204,1002539.783,55981.99484,946557.7878,628119.9914,56183.57395,571936.4175,303097.716,52019.66774,251078.0483,0.4232802819,1.501289765,0.7146643341,84.86077555,24.74386352,85.16266222,25.04056309
3205,35847.93267,49163.33826,-13315.40559,46435.04597,49001.14437,-2566.0984,220209.1379,57254.75132,162954.3866,0.2513080363,2.5196945,0.903074355,77.26553852,61.94084238,77.29142855,62.19081325
3206,277742.683,55813.14695,221929.5361,111458.0261,50680.21758,60777.80848,241195.6204,54883.96757,186311.6528,1.36940481,1.573638731,0.8500041131,28.55604803,48.9329674,28.35132121,50.28698234
3207,932923.5053,59218.01706,873705.4882,664317.7127,47173.21856,617144.4942,284218.1316,53506.74732,230711.3843,1.42427707,4.308496131,0.8454038003,55.87310312,56.60156308,57.28054705,56.81989029
3208,34278.52933,59053.99004,-24775.46071,68981.0943,62169.50713,6811.587169,125943.9363,55537.78466,70406.1516,2.326670862,3.22110186,0.8578079391,58.58872421,50.70637261,60.45223495,52.09947167
3209,711159.9243,78490.02211,632669.9022,916716.0889,55451.03757,861265.0513,308289.2913,63842.39321,244446.8981,1.6034837,2.140450987,0.661261566,61.30652491,61.50656863,62.59922338,62.4552997
3210,38745.88886,48544.74876,-9798.859907,39497.90446,52619.37963,-13121.47518,117544.8943,52420.78755,65124.10672,2.057932039,1.094262696,0.832896775,59.350736,60.26307617,61.34190551,60.78300715
3211,941878.6218,58321.10261,883557.5192,520610.1329,46344.67338,474265.4595,245372.3755,39271.50367,206100.8719,1.38030495,3.289589858,0.6056132743,62.05101699,2.92001976,62.67371087,4.151885856
3212,800480.9066,52002.64942,748478.2572,792209.1958,53767.25901,738441.9368,253429.3441,48230.96855,205198.3756,4.361436854,2.110688111,0.8142774716,40.48297735,57.12708486,42.93998541,60.73058911
3213,175301.1237,55085.56317,120215.5606,166553.7453,31922.42878,134631.3165,255603.9592,56821.72504,198782.2342,0.6667380535,2.286715127,0.8054383696,62.43314769,68.44747267,62.66930421,67.82395865
3214,874564.4815,49146.55299,825417.9286,697467.9658,47774.87446,649693.0914,299733.9854,49154.62836,250579.357,0.2171808221,3.167440888,0.8678312834,17.29912044,29.324013,17.25377027,29.5364062
3215,191281.7896,63372.16396,127909.6257,173879.8182,53349.69599,120530.1222,236507.9264,55439.09836,181068.828,0.9164157668,4.583041158,0.6091037703,21.87410664,3.659901998,22.79031601,3.640453446
3216,45055.0458,53720.13263,-8665.086827,31687.28307,42236.42107,-10549.138,135719.8862,53624.69596,82095.19021,0.2453496093,3.774798019,0.9626447572,23.72334038,86.95378771,23.86961647,87.1507642
3217,70742.85478,58052.57903,12690.27574,60079.58701,45787.20829,14292.37873,144616.7348,47846.613,96770.12177,2.333347567,1.548814699,0.7809098552,72.18014929,51.56290775,71.21699689,53.68819557
3218,179590.3266,57087.02451,122503.3021,152341.7128,48501.38845,103840.3243,235604.1078,61393.46329,174210.6445,0.2503027052,2.130636704,1,4.552353028,38.55407692,4.801492995,38.57817507
3219,943540.6104,56866.37436,886674.2361,789221.0804,53791.49073,735429.5896,279159.0684,47329.90895,231829.1594,1.001037051,1.895342371,0.6852426109,67.66134308,41.14227818,67.76462234,42.1379732
3220,49016.5398,55101.8125,-6085.272701,42028.59554,39012.0923,3016.503233,182135.0465,46038.44174,136096.6048,0.3371498253,6.089566602,0.7973921909,99.00861207,36.08791619,99.33339707,36.17838556
3221,770883.4899,39315.16071,731568.3292,783299.9642,51201.87657,732098.0876,276724.3737,32103.8095,244620.5642,1.204748734,2.966451005,0.6144327463,68.92093402,28.83965892,70.05431549,29.24815123
3222,231766.0578,61317.42608,170448.6317,204480.7659,48074.54917,156406.2168,147893.1136,39113.5382,108779.5754,0.3550166446,1.855828634,0.6661782167,79.75855058,1.565942072,80.09181542,1.443584536
3223,36725.94451,47434.61244,-10708.66793,44183.66353,44871.86613,-688.2025914,135015.1847,59251.19792,75763.98682,0.5840538643,2.713959282,0.6928092197,97.48394421,49.32316771,97.72778718,49.85388375
3224,1016855.722,43485.69256,973370.0295,604071.3584,44815.5882,559255.7702,235654.9899,47690.23105,187964.7588,0.5442780443,1.90580503,0.840116554,45.08034339,71.17734332,45.2887889,71.68012464
3225,43289.92812,46876.4865,-3586.558379,58289.45931,58568.89529,-279.4359841,134295.0492,48808.5253,85486.52392,2.758935785,2.093366339,0.7498086855,17.06276212,42.63442667,18.77127043,40.4681566
3226,955777.5588,61346.20974,894431.3491,688251.3653,53031.11573,635220.2495,357791.0183,51720.51365,306070.5047,2.226466517,1.76901746,0.8853198625,10.4891485,8.62807104,8.609903178,7.434090226
3227,65544.0657,55724.26628,9819.799416,47723.28016,67430.83124,-19707.55108,246497.3347,46595.19111,199902.1436,0.4614713301,4.098665586,0.9935040204,93.79099841,87.9443029,93.97424926,88.36782966
3228,892139.1138,51170.28969,840968.8241,681093.0183,60409.07999,620683.9383,349534.689,49185.39688,300349.2921,0.657789489,1.324831467,0.7171809669,44.80730848,76.87360118,44.7792923,76.21640859
3229,221338.8738,49179.96229,172158.9115,193802.4399,59511.7253,134290.7146,242826.3567,54399.60385,188426.7529,1.697517678,1.821215333,0.8590022247,34.32471629,68.73468178,35.008429,70.28842025
3230,269634.0059,58201.81207,211432.1939,163202.1161,40494.22179,122707.8943,239760.889,47234.50747,192526.3816,0.2837006243,2.006402529,0.7437385477,81.74456442,86.89180527,81.65408871,87.16069221
3231,55485.91394,64424.29971,-8938.385772,51049.53344,45164.02284,5885.510597,147390.0416,42971.55704,104418.4845,1.179984341,2.031268695,0.6453034366,40.68714164,94.8280023,41.714767,94.24804612
3232,65224.96465,58907.85,6317.114652,55485.16137,54399.48421,1085.677159,193815.3352,54352.10362,139463.2316,0.5333303151,2.311490244,0.7706548666,93.05245076,87.47808809,93.55929638,87.64406623
3233,34544.91863,56824.34957,-22279.43094,28219.04911,42591.80195,-14372.75283,179329.0361,41789.85778,137539.1784,2.78268948,2.851267481,0.7344206502,90.79996809,93.96191169,90.49775239,96.72814133
3234,42984.25336,50004.49155,-7020.238189,65570.09536,62375.1153,3194.980061,49719.11485,50527.03808,-807.9232359,1.569675746,2.725583109,0.8194632489,63.32148198,75.89358418,64.32255408,77.10260718
3235,1053922.349,57676.3105,996246.0387,770986.1317,59225.3682,711760.7635,344333.1716,44492.04872,299841.1229,0.6810944118,3.094250803,0.839065692,95.78626257,31.57888199,96.41218944,31.84740601
3236,882567.7138,57510.73543,825056.9784,595665.8073,49102.31425,546563.493,277809.8588,32184.40317,245625.4556,1.001297191,3.562786622,0.8255381741,42.16688574,53.95267699,42.31084593,54.94357129
3237,83250.16412,75627.1961,7622.968023,66770.06714,62440.5626,4329.504539,81103.2826,49201.48752,31901.79508,0.37758131,7.004071061,0.8822733802,43.38898686,19.66442211,43.61952985,19.36539439
3238,840257.0636,52819.69306,787437.3706,671162.2732,58666.03481,612496.2384,260857.576,32632.50425,228225.0718,2.159190703,5.725183474,0.5198594786,6.596750022,93.54772019,8.240802955,94.94743247
3239,841083.0583,56619.59175,784463.4666,587225.9386,49140.18364,538085.755,284860.8386,49656.80924,235204.0293,0.8949960973,4.438796834,0.5510689931,39.0512408,17.64108198,39.11518494,18.53379087
3240,1007043.419,59546.84733,947496.5718,686700.8783,53740.92677,632959.9515,336390.1889,42186.10087,294204.088,1.26515774,3.169482232,0.7471843601,25.75810769,48.63022876,26.81636154,49.32357058
3241,821374.698,55017.84867,766356.8493,696626.2773,52831.31924,643794.9581,250418.0174,50355.52028,200062.4971,2.878784977,2.890844115,0.7614330056,8.091579056,30.30484608,10.90401736,29.69035953
3242,744636.4748,40343.91447,704292.5603,746998.1184,54491.9892,692506.1292,289074.3374,54010.7859,235063.5515,1.214143316,3.152674437,0.8648601542,25.21668907,63.20187224,25.87493725,64.22209444
3243,70189.18963,57053.71466,13135.47497,57006.56072,51706.49926,5300.061462,134925.6131,42530.08942,92395.52367,1.562704539,1.110799277,0.8260016847,68.90632878,1.745995894,67.97211975,0.493279261
3244,75739.27312,56249.24735,19490.02578,60629.77067,61690.08441,-1060.313748,141594.5898,56816.99148,84777.59829,0.2569587385,1.978588657,0.9623733347,89.69955951,16.92719661,89.95106203,16.8745252
3245,236210.1048,64745.07192,171465.0329,99734.87043,43021.52301,56713.34742,151416.1802,42648.91338,108767.2668,0.7161976769,1.866188595,0.8016123241,65.53697497,50.39881685,66.21001955,50.64366394
3246,65043.36023,53261.41954,11781.94069,48717.14314,52808.57988,-4091.436733,175130.8722,62750.38174,112380.4905,1.996787617,3.570848273,0.667559661,56.12542012,48.96214205,56.30114302,50.95118258
3247,170629.2762,54935.48377,115693.7924,134564.595,47196.00848,87368.58655,250422.3239,56845.10253,193577.2214,0.2953237042,2.331019305,0.7256435525,37.84882648,12.89194327,38.04728701,13.11064286
3248,1136052.266,57892.63415,1078159.631,557755.0867,56275.65241,501479.4343,320131.5834,49009.5566,271122.0268,1.067315307,2.705337174,0.763749934,84.50328429,69.86435946,85.31234528,70.56047891
3249,36993.00885,47533.74165,-10540.73281,67873.49728,66499.75984,1373.737438,155006.1032,56988.86178,98017.24145,0.2206804953,3.518968158,0.7589874969,58.6284242,28.44574941,58.74686172,28.63195476
3250,72240.92835,56896.98181,15343.94653,39588.37453,53322.95826,-13734.58373,31441.65164,51652.43145,-20210.77982,1.122731892,5.313749988,0.8907495935,72.81122755,16.05247024,73.93320673,16.09357518
3251,50131.20642,60125.89233,-9994.685918,51483.32382,47168.52458,4314.799244,166375.1502,41205.29202,125169.8582,3.316552514,2.345437341,0.6690663204,60.9787549,30.32082942,61.86682003,33.5162732
3252,751834.9144,45926.1744,705908.74,700056.962,35374.61823,664682.3438,281410.3665,44121.94252,237288.4239,1.400654552,1.264819444,0.6827365167,11.85265694,43.08857478,13.07583102,43.77098107
3253,162895.0407,44113.72353,118781.3171,230076.3129,55083.71903,174992.5938,222034.7456,42869.64928,179165.0963,1.230827994,1.998020133,0.7849844322,98.65685156,56.82669311,99.31214238,57.86858154
3254,106118.2901,38928.38124,67189.90888,96862.83073,59022.44676,37840.38397,289226.1252,64984.35899,224241.7662,0.7263936312,2.805708733,0.8223999351,6.548840762,80.37006917,7.257399784,80.5300436
3255,46356.46734,61169.66128,-14813.19393,47375.86608,49895.27768,-2519.411595,121439.6627,50852.46632,70587.19638,0.9840502561,2.301896748,0.9012135648,28.91197694,35.14060745,29.89590511,35.15610812
3256,162310.5493,58458.17076,103852.3786,155634.7927,46967.54126,108667.2515,280356.8996,64160.42558,216196.474,0.6253594784,2.331927388,0.5758012275,61.52330002,66.44537721,61.99359081,66.85756776
3257,52915.56631,64600.50539,-11684.93907,56989.15389,49291.29024,7697.863646,126781.9982,60268.11974,66513.87846,1.225382757,2.652690309,0.9506078424,0.5270710273,60.97561643,1.626991428,61.5157442
3258,977802.0762,58028.82127,919773.2549,861515.0648,51923.20126,809591.8635,330483.6959,42630.83819,287852.8577,1.118472256,2.802731614,0.7262593763,63.63953264,93.59810599,62.91229717,94.44787581
3259,734037.6967,44171.48068,689866.216,816480.5597,63282.40631,753198.1534,275459.4911,37854.40834,237605.0828,0.1670373841,4.082085149,0.8032432873,39.95527017,32.00204607,40.03229196,32.15026594
3260,60148.6237,55418.23179,4730.391909,46424.68572,52518.347,-6093.661285,177796.3893,63072.68237,114723.7069,0.7742713042,2.73616953,0.7172538717,83.7604792,10.93316966,84.00430212,11.66804818
3261,765357.8477,64097.8945,701259.9532,532574.228,41241.70679,491332.5212,285744.3167,40898.23329,244846.0834,1.65359083,3.043994496,0.825170547,67.16595294,3.420767002,67.33567036,5.065625242
3262,760121.2013,56115.34104,704005.8602,733610.5544,48976.53683,684634.0176,300518.2543,46908.70714,253609.5471,1.455005768,5.642884893,0.9028955342,27.78397242,11.83280563,28.24848062,13.21167252
3263,915137.6548,51719.57195,863418.0829,913164.2905,52084.5563,861079.7342,337396.9466,45990.24485,291406.7017,3.270870506,4.002648714,0.8997232508,44.57223707,79.97444682,45.03761324,83.21204144
3264,316370.3638,44341.67614,272028.6876,153640.8214,36300.38381,117340.4376,245233.9818,49404.95824,195829.0236,1.620173105,2.898561594,0.7883952017,5.416952477,67.84619907,6.299229369,69.20507668
3265,249513.7335,51071.61204,198442.1214,163098.9467,50150.19774,112948.7489,223119.4123,52241.62139,170877.7909,0.4067837241,2.960505802,0.7314328789,76.37763843,93.25240356,76.43769245,93.65472994
3266,37214.75102,59673.07577,-22458.32475,57490.07984,58342.47064,-852.3907973,84253.79017,59530.17811,24723.61206,0.4450277769,3.447110676,0.8630967998,37.75549449,94.71010547,38.19460818,94.78241656
3267,833260.1039,54177.3451,779082.7588,756687.9616,54026.20811,702661.7534,313621.91,56736.84676,256885.0633,1.584755059,4.955431574,1,32.27462221,18.81685753,32.64922235,17.2770123
3268,238155.5663,67696.37255,170459.1938,164623.9206,65100.13376,99523.78681,193706.8628,54701.23516,139005.6277,0.6134192909,3.351028295,0.5293865789,88.10276309,67.38870237,88.70501921,67.50519612
3269,45560.28448,54279.8477,-8719.563221,36458.5454,58322.4089,-21863.86349,147640.5953,44246.82979,103393.7655,1.811580053,2.568520301,0.754500354,37.3328551,87.59184481,38.74528729,88.72624227
3270,262470.7858,51395.97806,211074.8077,184806.3076,53795.03392,131011.2736,200774.4433,38438.82463,162335.6187,2.145351676,2.96716233,0.7514980879,74.82063492,51.44283198,76.54114541,52.72438474
3271,856232.5009,51481.12183,804751.3791,741824.3182,48615.55052,693208.7676,282482.4232,45100.5789,237381.8443,1.140335204,2.249382852,0.9411226215,68.59005715,78.53143547,68.82849332,79.64656442
3272,811099.7267,54144.60434,756955.1224,922437.1648,45135.40105,877301.7637,262993.7155,55908.86831,207084.8472,0.8161175333,2.568353121,0.686588933,46.86498646,56.53296458,47.6436764,56.77727955
3273,870644.6446,56561.69962,814082.945,531115.2057,55873.63547,475241.5703,330567.9759,64628.66881,265939.3071,1.480102561,1.476388586,0.6966114672,81.80658849,53.24398457,83.10551598,53.95355554
3274,868937.4065,58576.09364,810361.3129,906675.7575,44067.5645,862608.193,309111.604,38453.70174,270657.9023,0.8596215844,1.640137047,0.6900796759,24.61015972,12.74275256,24.95054372,13.53211179
3275,212680.5344,49980.83528,162699.6991,156654.5852,59032.37401,97622.21121,221404.9597,43524.25913,177880.7006,2.752377834,2.711832313,0.7404381859,81.4028028,11.44873883,83.31810718,13.42540088
3276,230033.3983,49952.72486,180080.6735,164756.9403,48951.9419,115804.9984,172969.9735,44383.64186,128586.3317,2.833453419,2.147838961,0.7824156458,44.50893948,14.43807428,46.33697022,16.60296732
3277,895081.5334,60726.18224,834355.3511,739716.3465,50832.772,688883.5745,279312.4847,56572.71295,222739.7717,0.5347362532,6.626529093,0.8340812417,54.92103446,9.547685208,55.42149009,9.736065204
3278,186957.1514,56666.04843,130291.103,142616.7047,49334.19495,93282.5098,194496.7017,51624.10956,142872.5921,2.013575871,4.424039731,0.6765773509,67.06784184,30.60295064,68.38299079,32.12770342
3279,880017.4438,53004.36476,827013.079,794525.5848,51069.03679,743456.548,295365.4829,63268.56522,232096.9177,0.9675490467,1.676213444,0.5249202391,56.34168417,52.64689469,56.6365933,53.56840419
3280,921590.1544,59571.26716,862018.8872,468429.4009,45198.80814,423230.5927,215607.797,37938.22823,177669.5688,0.8388142356,2.292801255,1,65.36941264,26.00127736,66.00783877,26.54535585
3281,168650.1172,51007.08736,117643.0298,158861.8673,54656.86137,104205.0059,264709.976,50839.90494,213870.071,0.7546736468,1.410222154,0.9710569808,72.53590605,7.841420138,73.27062172,8.013830142
3282,71769.00559,52309.24072,19459.76487,42398.25955,52815.44897,-10417.18941,154385.5766,59095.55991,95290.01668,1.582934949,2.811486152,0.8825363499,28.57178765,30.97891701,30.15056149,31.09361756
3283,85327.80601,67818.02259,17509.78342,43949.01886,49887.9018,-5938.882935,97413.24024,46466.15531,50947.08493,0.4126893144,5.318787562,0.7609152929,38.04339636,17.05026025,38.40638778,17.24660102
3284,1027230.948,57708.30304,969522.6455,720751.6466,57145.6074,663606.0392,313597.3003,47225.17262,266372.1276,1.014836712,1.574616441,0.6137571544,65.5862299,28.81968954,66.221638,29.61098601
3285,43478.98269,63974.2814,-20495.29871,60550.42881,63588.954,-3038.525194,175742.8638,56315.13878,119427.725,0.1445638744,2.230690148,0.8433941823,66.02727561,89.1409709,65.88274456,89.13789032
3286,202615.459,64597.17755,138018.2815,115217.5971,55276.56089,59941.03623,168939.5524,48677.3119,120262.2405,0.4484529341,3.216847641,1,73.87372746,87.54452334,73.84795637,87.99223517
3287,722197.3937,62844.10222,659353.2915,709898.3789,48595.97622,661302.4027,292565.0617,52761.97927,239803.0824,0.8952297303,1.727681491,0.7630911857,74.76845389,25.03068796,75.20725502,25.8110019
3288,968041.2234,64039.02549,904002.1979,766794.0988,50826.57977,715967.5191,211732.2964,44606.21906,167126.0773,1.765584035,4.818513558,0.5061632093,11.98574663,39.67951676,13.74460759,39.52558464
3289,979920.9758,55673.10763,924247.8682,593681.0013,64203.44481,529477.5565,250667.1511,52620.2278,198046.9233,0.1526851988,2.154005225,0.77289689,45.60642307,99.6533599,45.74440331,99.58798235
3290,193962.5793,53265.85982,140696.7195,102687.4969,61851.87808,40835.61886,172304.8385,47193.8548,125110.9837,1.176594532,1.91622163,0.6872843636,5.508460557,88.6812779,6.188307788,89.6415812
3291,874140.4591,51553.41467,822587.0444,740655.6591,58276.81085,682378.8482,302589.5292,41036.83098,261552.6982,0.9017174374,3.659173779,0.5957366656,58.56026555,41.01666419,59.08571496,41.74946515
3292,755954.8006,60526.33255,695428.4681,632740.6873,48055.79575,584684.8916,251701.6162,39397.25505,212304.3611,0.293343731,2.361868231,0.9316726559,95.32857372,10.45775441,95.61509912,10.5206332
3293,1033700.572,56701.68555,976998.8862,861639.3928,40721.257,820918.1358,238751.8339,46801.37193,191950.462,1.665766335,2.109317168,0.900891484,51.32516669,14.55856288,52.07197728,16.04753951
3294,214054.0832,44450.35726,169603.7259,189450.5642,59329.2824,130121.2818,203025.6393,39845.30245,163180.3369,2.084061114,3.5327332,0.6447991867,89.58428134,17.98623005,91.5789817,17.38250725
3295,804271.6444,53883.25831,750388.3861,647581.2876,49725.21297,597856.0746,277674.3577,43799.30992,233875.0478,0.2693704799,4.809237771,0.9318093715,10.75332551,51.23050655,10.70703139,50.96514395
3296,219519.8277,54126.12368,165393.704,180105.9161,54632.48249,125473.4336,198540.1806,49840.26101,148699.9196,1.353632606,2.439276287,0.5970013247,11.44436111,46.31075704,11.42688249,47.6642768
3297,46749.32244,51100.02662,-4350.704175,50318.1931,55448.35065,-5130.157547,102695.0971,50052.5792,52642.51787,0.700602858,2.801901948,0.7011140005,37.05447428,21.20073126,37.58130312,21.66257078
3298,1043717.986,45939.20077,997778.7853,716387.5719,55341.66377,661045.9081,296021.5246,54256.78103,241764.7435,0.4154472932,3.929660597,0.7444510415,92.30664586,96.64657871,92.70828776,96.75278716
3299,42520.15343,62532.02791,-20011.87449,60632.56619,57449.05253,3183.513662,142883.1618,52728.192,90154.96981,2.86046156,2.382370874,0.6978763547,58.44598275,51.45264811,55.69013172,50.68614601
3300,789440.1836,66006.81284,723433.3708,656155.3916,61016.80158,595138.59,227213.9804,52071.89361,175142.0868,0.4950632069,0.9933872075,0.895514188,97.23450893,32.88785481,97.67098967,33.12146163
3301,789833.5309,63361.39909,726472.1318,606724.2288,62673.63843,544050.5904,279509.4492,45467.47037,234041.9788,0.3529666042,3.235199636,0.9400578057,90.71287437,15.60589126,90.76420919,15.95510489
3302,933431.7756,65383.80023,868047.9754,837793.0651,60754.41616,777038.6489,301223.299,49937.98455,251285.3144,0.6861793967,3.633850921,0.9116591164,5.018106909,22.90577843,5.681032381,23.0828998
3303,830528.257,42658.55481,787869.7022,707704.047,56728.84657,650975.2004,347225.3484,55978.6446,291246.7038,0.7144191568,3.302042613,0.8596663386,11.28738989,34.31593873,11.92920674,34.62973142
3304,932293.145,63829.84667,868463.2983,518933.3536,38964.07068,479969.2829,298373.01,55234.86517,243138.1448,0.4063379555,2.150859209,1,9.799626861,17.3511957,10.20133537,17.41235782
3305,875179.22,55168.03829,820011.1817,803695.9485,42802.60212,760893.3464,281689.763,52447.91127,229241.8517,2.300994763,2.122827836,0.538383969,45.1860692,87.1778967,47.48322825,87.31070188
3306,97449.39523,55908.83838,41540.55686,178979.8155,54508.23295,124471.5825,315441.6579,60553.2539,254888.404,0.3254948909,3.249365594,0.9063726304,57.44575838,66.04519406,57.73873037,66.18701909
3307,893109.305,57573.88896,835535.4161,713507.799,35636.20069,677871.5984,215550.0681,51113.8469,164436.2212,2.164004687,1.582136616,0.9190404437,71.63857162,28.82813409,70.93675753,30.87517421
3308,51160.25288,56083.03868,-4922.785792,63839.28154,62617.28106,1222.000484,153423.9315,37968.38512,115455.5463,0.7935502578,2.665507362,0.5853375641,66.56908794,54.77140262,67.28682035,55.10990257
3309,1023062.86,46051.4382,977011.4218,601915.3383,41632.81453,560282.5237,305363.6008,67274.49068,238089.1101,1.1309011,3.237309007,0.9006991698,9.963538094,83.89658241,10.8590372,83.20591704
3310,896947.0126,44823.61852,852123.3941,720965.8598,57193.27037,663772.5894,277251.2716,45624.93987,231626.3317,1.228622828,1.310051044,0.61411698,93.86372755,54.13730481,94.61902607,55.10634465
3311,742834.2595,64448.00328,678386.2563,697493.424,57790.44842,639702.9756,223772.3316,47047.34622,176724.9854,1.661542997,1.657555181,0.920060439,6.488566359,49.56835991,8.074699192,50.06324148
3312,842514.0991,47943.26189,794570.8372,664807.5754,54571.25695,610236.3185,268329.5881,46418.807,221910.7811,0.602390994,3.328547994,0.7093488374,71.44058158,84.21947422,71.94797428,84.54417032
3313,951086.6105,59167.1057,891919.5048,656890.6315,48467.69832,608422.9332,280865.6594,56517.93556,224347.7238,0.3137997746,2.040541248,0.6485356698,79.65031386,71.51882796,79.91614886,71.68556743
3314,287246.4693,62788.49483,224457.9744,179447.4178,54151.96915,125295.4486,137678.7996,48962.37456,88716.42503,0.3857198168,3.002492899,0.7458307436,70.73453287,24.34793233,70.95783749,24.6624396
3315,248952.3275,64065.68383,184886.6437,130802.4358,46034.16985,84768.26597,169139.2458,48332.18642,120807.0594,0.6419702066,1.762557546,0.8200709516,67.01292599,25.00570348,67.53249544,25.38276227
3316,51288.14672,55953.16335,-4665.016628,52788.72512,59916.85328,-7128.12816,175247.6288,49117.12152,126130.5073,1.029034648,2.248004516,0.8498683547,27.98700881,63.04157514,28.83754167,63.62080408
3317,215240.9524,46999.10118,168241.8513,161711.3199,59137.2467,102574.0732,156724.2261,63081.74941,93642.47674,0.3437941859,1.259921679,0.9295728856,92.43168563,42.89340438,92.75260529,43.01671299
3318,65905.98233,60502.28014,5403.702188,67688.42107,57210.02971,10478.39136,109830.6778,41245.22094,68585.45685,0.592597253,3.919925011,0.8234421699,25.13018611,27.03670194,25.38028852,27.57393586
3319,921217.2385,77905.70522,843311.5333,638638.4221,39993.16113,598645.2609,373994.4731,51357.60141,322636.8717,1.940887026,4.689904558,0.6819502245,26.79945829,60.67550579,27.31603409,62.54638576
3320,66839.57826,64652.84361,2186.734643,28335.59971,38565.93166,-10230.33195,178247.2704,53537.1059,124710.1644,1.227182631,1.933858059,0.6951917669,81.20245893,29.68273543,82.31048014,30.21024485
3321,811759.1006,57562.12378,754196.9768,740254.4581,61408.74655,678845.7116,254697.3596,56911.58932,197785.7703,0.3339256158,3.161345473,0.5984545146,5.589047981,74.78934751,5.71760387,75.09753527
3322,63430.63685,59884.88494,3545.751903,69782.68418,58642.92687,11139.75731,198737.9932,59308.71621,139429.277,0.8091566906,1.904272392,0.7537131643,37.61993076,91.93911356,38.04241619,92.62921545
3323,196988.3075,54072.95817,142915.3494,178103.5927,55891.09336,122212.4993,164693.3095,67688.38786,97004.92163,0.5700416548,1.106928754,0.7699163031,4.688102036,62.91265682,4.164275459,62.68781642
3324,51677.20493,54777.47479,-3100.269857,57745.34643,59869.68649,-2124.340065,172586.0346,50923.50409,121662.5305,2.610794933,3.547584901,0.8638624546,76.62143998,51.93643212,77.24011167,54.47286575
3325,916768.8789,55773.71638,860995.1625,673648.7598,55629.05648,618019.7033,198790.1961,37990.37787,160799.8182,0.8320136448,4.674506678,0.7878738873,34.62380641,91.54824262,35.17816457,92.1686729
3326,46328.68123,61228.13708,-14899.45585,49284.06253,44054.01212,5230.05041,120317.1889,62009.44861,58307.74031,0.6557686451,3.4678487,0.7882994293,76.98041745,64.53785792,77.33296433,65.09079843
3327,265829.4337,59678.96001,206150.4737,87114.05786,44510.16848,42603.88938,180149.3206,41245.49462,138903.826,1.16720733,1.588112208,0.8645501356,3.496917927,70.38104982,3.873876682,71.48571042
3328,45035.77125,41874.74934,3161.02191,46764.27335,50751.3165,-3987.04315,157012.6862,45144.85664,111867.8296,1.87753728,2.059140516,0.9301245592,72.71468381,77.83236001,71.54040089,79.29735349
3329,1126744.938,42305.33874,1084439.599,680501.3272,48789.46228,631711.8649,272335.0201,45472.3153,226862.7048,0.3058910246,2.773894116,0.7305948415,1.865138754,37.89525166,2.070218657,38.12221322
3330,50640.15109,41780.74527,8859.405817,31959.82244,48028.83958,-16069.01714,102314.3663,48969.1551,53345.21121,0.4272161918,3.096702612,1,21.92792812,17.84848914,22.35331639,17.80901129
3331,121808.9483,58041.84808,63767.10021,192012.6986,57046.86016,134965.8384,261107.4969,43457.8103,217649.6866,0.4601718991,4.135645845,0.6969313333,55.20716886,40.45020635,55.54560047,40.76201113
3332,716378.3495,55054.06941,661324.2801,762748.6188,47772.44335,714976.1754,291913.2332,44113.28881,247799.9444,1.009059844,3.435964087,0.6804538564,18.97462564,47.60350649,19.33814669,48.54481102
3333,816195.6214,60834.97883,755360.6425,693301.5089,49015.28472,644286.2242,285957.8257,52211.64733,233746.1783,1.389641956,4.785466944,0.8769845682,79.51047505,36.82020158,80.02798893,38.10988532
3334,1077747.438,50369.58837,1027377.849,642172.6216,46748.37805,595424.2435,298641.7636,44639.2615,254002.5021,0.3117645216,5.475753091,0.7700217768,12.24692041,71.06302847,12.16996161,71.36514511
3335,237233.4257,50069.86919,187163.5566,232288.3301,48122.39465,184165.9354,265856.6574,50241.05242,215615.605,1.570885226,2.692190829,0.801205159,51.28578456,66.56179226,52.74714788,67.13807138
3336,38412.97038,46876.28308,-8463.312701,65149.14141,51524.30474,13624.83667,202470.6163,51279.23624,151191.3801,0.6207780541,4.410872998,0.9192306783,6.70128283,0.3747819684,7.251731577,0.6617864455
3337,933880.4167,38469.63749,895410.7792,728493.3946,43715.33956,684778.0551,271146.8847,61632.63149,209514.2532,1.940518621,1.249311715,0.9412458038,5.236995815,66.19236733,5.802204869,68.04874855
3338,65731.73578,58162.1749,7569.56088,68858.53311,69042.3067,-183.7735884,122781.4221,49104.13675,73677.28531,0.6025984653,2.114607524,0.6980472379,70.45356666,17.78983487,70.13401301,18.30072661
3339,705560.0706,48869.99282,656690.0778,842372.1583,42350.24512,800021.9132,257482.7139,44732.90264,212749.8112,0.4677015251,2.034669522,0.7739421121,56.96728079,91.48053069,57.40094043,91.65569928
3340,915462.669,55393.60973,860069.0593,809233.329,51741.6837,757491.6453,228171.9978,44417.41164,183754.5861,0.2409325946,4.96523595,0.6840966002,69.01676576,77.99014373,69.14673524,78.19301425
3341,823977.7785,53533.71786,770444.0607,609594.7527,53684.65388,555910.0988,217970.1153,50551.30134,167418.8139,0.6935405203,4.84735696,0.8294841679,66.45356337,46.61744111,66.06168655,46.04522524
3342,143152.4547,32799.15459,110353.3001,48219.65568,53487.24888,-5267.593197,182695.1255,58133.45852,124561.667,0.4112491223,3.32877522,0.9174695377,93.22207957,53.17717863,93.62647557,53.10241423
3343,946031.7011,40244.01732,905787.6838,751484.7282,36631.16826,714853.5599,236543.4988,45140.972,191402.5268,0.9436556556,3.053556052,0.6973869594,54.06329487,99.80965439,55.00678546,99.79200482
3344,206341.7082,52442.6044,153899.1038,137043.6381,39721.38038,97322.25769,222809.2843,54281.05788,168528.2264,0.8918260184,3.022970066,0.7342118209,76.98841242,54.01610723,77.47936868,54.76063097
3345,215808.6284,50135.88161,165672.7468,157447.9376,47769.08738,109678.8502,210104.2859,47456.58644,162647.6994,2.041967887,2.521256926,0.7087306103,10.0378167,69.52018631,11.68127643,70.7320745
3346,224727.8196,42231.44297,182496.3766,29788.67946,44028.82691,-14240.14745,199630.3494,42449.90811,157180.4413,2.346940177,3.493731598,0.7028000183,36.61483469,73.3447006,36.78470898,71.00391634
3347,76894.71516,76246.17806,648.5371052,52858.73675,48335.08692,4523.649824,147366.1185,43705.1221,103660.9964,1.831334045,1.196987928,0.8500773898,72.91754551,56.2883804,74.71255039,56.65134301
3348,1075228.412,59301.25613,1015927.156,675170.0082,59145.96127,616024.047,216032.3186,40913.06718,175119.2515,0.8637275752,5.789100918,0.6974841527,33.37096064,21.4705395,32.52040953,21.32024601
3349,842517.239,48794.38111,793722.8579,682544.0911,42730.8638,639813.2273,250765.1941,52215.49442,198549.6997,0.9703655314,1.419924646,0.7662228623,39.30624044,33.66421327,39.81339664,34.4914991
3350,783926.5939,60133.45339,723793.1405,825797.3514,65406.86574,760390.4856,314802.2084,53320.09537,261482.113,1.318835396,1.688619958,0.8218459318,56.1402653,99.78208159,55.99942413,101.0933751
3351,49827.63821,50973.02065,-1145.382439,43600.46687,49403.67412,-5803.207252,221041.1055,56443.09357,164598.0119,1.240889979,3.002918331,1,83.4074917,68.96146547,84.22107445,69.89842387
3352,38843.73307,56477.85859,-17634.12551,31610.77869,45804.77058,-14193.99189,118186.4429,61021.95076,57164.49215,2.246823087,3.15745107,0.8597921577,10.53394483,48.88906595,11.9315905,50.64827047
3353,196553.669,52523.72862,144029.9403,166398.1962,54639.78342,111758.4128,220827.0573,50569.32632,170257.731,1.508368396,1.397299834,0.5704298001,12.94600846,61.88136418,11.4660848,62.17291376
3354,256393.9401,54142.56835,202251.3718,125227.2104,48579.2439,76647.96648,228309.7456,56812.45569,171497.2899,0.9256071644,3.633943714,0.8812198334,15.65329342,5.726886942,16.43586187,6.221189724
3355,197455.6052,59378.91763,138076.6875,144572.7402,42884.06025,101688.68,284159.9425,45893.01009,238266.9324,1.214596436,2.013016791,0.7506887579,34.84243259,50.32358549,36.0126515,50.64890412
3356,244951.7998,61654.49705,183297.3028,132324.9836,52351.68324,79973.30035,187168.5903,55744.24925,131424.341,1.094906248,1.916484122,0.9163057196,70.69615694,40.16374153,71.16635408,41.15254604
3357,844513.3279,54632.78936,789880.5385,842087.3853,61568.25967,780519.1256,315197.3863,53064.79574,262132.5906,2.150039076,5.398616484,0.5959135908,95.09803154,77.73850198,97.13475347,78.4272921
3358,57224.4274,65015.59134,-7791.163938,43392.42717,47433.18863,-4040.76146,122116.9594,55198.25674,66918.7027,1.174459681,1.74666006,0.9450692997,51.73230675,22.22656399,52.78509231,22.74713877
3359,62199.40746,53513.21301,8686.194448,46353.78417,47366.02029,-1012.236121,141799.9176,38933.80888,102866.1087,0.3266576805,2.870951657,0.7745537589,77.34205683,85.47167776,77.3871624,85.79520632
3360,930251.4611,58360.9883,871890.4728,826386.8849,45467.11746,780919.7674,230780.2798,42874.19043,187906.0894,0.3770102239,2.314162664,0.8038136119,93.82715154,78.32042376,93.8425293,78.69712024
3361,233369.1732,34112.52706,199256.6462,101162.0289,42149.73586,59012.29303,229001.8015,54815.63834,174186.1631,0.7329652979,3.347020463,0.7909521468,44.11856796,85.30633924,44.50219173,85.93089583
3362,50026.48942,50857.33457,-830.845145,38180.75183,49419.69698,-11238.94514,172450.0291,56952.39744,115497.6317,0.766447043,4.284378753,0.8849022101,10.50074558,84.73013395,9.761384239,84.93208908
3363,49814.30986,43687.19995,6127.109917,54168.0435,62301.78392,-8133.740422,136729.7816,28947.41774,107782.3639,1.714432182,1.798570423,0.7521371363,96.62334227,76.88536439,98.32854041,77.06306361
3364,109014.6771,46756.58568,62258.09146,110783.2635,61315.21022,49468.05324,194376.8072,43132.9607,151243.8465,0.1156969217,2.138146772,0.8548957913,43.63391601,54.8442513,43.7133746,54.92834714
3365,939151.0248,60686.90106,878464.1237,847888.6137,52746.46516,795142.1486,299759.2723,41665.76368,258093.5087,1.170486633,2.307542429,0.8164353266,3.411263708,52.12946414,4.132979672,53.05096564
3366,177685.0999,49017.29173,128667.8082,233317.7725,53365.97734,179951.7951,108182.6893,53720.53615,54462.15318,0.1604040866,4.455337916,0.7845203932,96.63774393,19.40899774,96.7512103,19.52237699
3367,28267.52105,45396.68861,-17129.16757,56941.59342,61100.46934,-4158.875917,97883.35042,34930.29857,62953.05186,1.450169568,1.002265802,0.7656654498,75.27747659,41.46142255,75.56492555,42.88281794
3368,257464.5949,51983.40494,205481.19,185701.4528,53166.9755,132534.4773,246750.4226,58203.39076,188547.0319,1.962679453,3.010350536,0.9186338995,82.26727576,14.41378078,82.42953456,16.36974159
3369,803122.5048,58749.84989,744372.6549,408555.0565,50664.42775,357890.6287,266096.0053,64601.392,201494.6133,2.178350415,1.407390742,0.744994486,46.2762115,34.34163962,46.37149747,36.51790502
3370,772563.2961,59071.28362,713492.0124,789564.6253,55797.95994,733766.6654,299900.0795,47707.92989,252192.1496,0.7391688845,1.936974137,0.5851845809,48.05375228,66.08251673,48.72094137,66.40068235
3371,49449.55199,43923.48213,5526.069868,55189.63956,49661.90957,5527.72999,115440.7726,57394.44628,58046.32632,0.7173048555,4.383177215,0.6989093032,86.39621245,74.86631465,87.11172768,74.91695273
3372,676192.7165,44250.66302,631942.0534,811191.209,50057.24351,761133.9655,263285.8761,46497.18183,216788.6943,0.5954473606,3.003768615,0.7314730272,24.66866152,38.02553627,24.74914083,38.61551987
3373,50508.52192,49087.60645,1420.915462,35859.27701,50287.09252,-14427.81551,140107.1517,56933.03652,83174.11523,1.483851034,3.093397339,0.7941481043,58.14302835,95.39346581,58.58399903,96.8102787
3374,46637.50364,51220.72289,-4583.219254,62580.58841,64273.97754,-1693.389127,112398.5735,49857.01247,62541.56099,0.5618949053,2.713397307,0.6001408833,74.12942161,86.07809294,74.59345671,86.39494829
3375,51293.36383,56426.16009,-5132.796257,54572.23623,58004.68459,-3432.448358,147684.1918,48635.14067,99049.05114,1.571502733,3.23394819,0.9116966702,9.173005488,67.12596399,10.22408547,65.95769531
3376,55832.84426,55519.79833,313.0459324,48166.16414,46053.53721,2112.626928,93178.16604,41057.37421,52120.79183,0.02,3.162869036,0.8039637361,85.54841131,28.48211474,85.54361871,28.50153203
3377,742449.4069,49997.56697,692451.8399,659462.9646,56089.82505,603373.1396,254407.0092,43316.57671,211090.4325,2.561453586,6.688747047,0.7237667856,69.88522996,28.0044912,70.72238587,30.42527918
3378,191247.1928,60337.01293,130910.1798,123446.0048,30977.20595,92468.79889,203602.8066,48469.79927,155133.0073,1.599551324,1.754119522,0.8058259322,68.06762549,9.840129538,68.61503269,11.34309654
3379,195627.7785,67192.65555,128435.1229,189431.5587,40748.13339,148683.4253,221693.2087,55917.71634,165775.4924,1.690612941,1.756143573,0.7789912634,3.911636253,25.20495625,4.599092286,26.74948735
3380,53803.54345,54295.9548,-492.4113441,57037.41443,57719.62817,-682.213739,153131.7639,52147.62329,100984.1406,0.8085836505,2.585248776,0.6909820042,84.3689365,38.24216889,85.12773487,38.52151196
3381,626444.0663,43282.82719,583161.2391,559862.8591,61867.75809,497995.101,279534.6962,47084.52133,232450.1749,0.7757166288,4.259924057,0.9520182855,1.487887234,8.836812203,1.881100414,9.505482288
3382,57801.13032,57032.92812,768.2021979,57633.11069,53661.39209,3971.718608,149697.9225,49278.63515,100419.2874,0.6448259192,1.441324093,0.7723356344,27.76830756,84.36883682,28.32514097,84.04366453
3383,920948.6691,50158.45479,870790.2143,757086.8741,56899.44492,700187.4292,287250.2755,47008.18917,240242.0863,0.9389313872,4.220459722,0.5445770615,82.97612901,92.66032384,83.72217027,93.23042434
3384,50951.63479,53162.68221,-2211.047421,40726.9464,44009.2844,-3282.337997,173344.0877,47672.50516,125671.5826,3.937450769,3.715881461,0.4697539862,40.48975973,1.335052445,44.16782302,2.740530663
3385,911052.9695,45389.92536,865663.0442,749168.9945,53829.29434,695339.7002,188451.9457,44244.44112,144207.5046,0.6837519566,2.414367274,0.832173112,26.39779117,87.25604189,25.81169347,87.60818706
3386,189033.4722,60169.52533,128863.9469,194577.3827,59468.42685,135108.9558,197454.9197,51140.29057,146314.6292,1.713120769,3.6130752,0.6019227444,45.41237513,22.39761082,46.29364037,23.86667663
3387,995335.0596,48187.64514,947147.4144,763456.0578,64785.32133,698670.7365,330062.9266,45951.1825,284111.7441,1.0970471,2.36108718,0.7993301801,98.92155169,6.251348507,99.96892017,6.5777403
3388,155492.3593,52043.52155,103448.8377,107960.859,55822.41449,52138.44446,178593.6757,51357.41505,127236.2606,1.29793146,2.207527039,0.8046652831,99.88397414,59.15949184,100.1332792,60.43325518
3389,742261.7943,58778.21412,683483.5801,876349.5253,48069.77466,828279.7507,244947.8247,51003.94345,193943.8813,0.5576781469,2.577560754,0.7691975185,83.23269762,0.2056537018,83.28465473,0.7609062339
3390,797491.9773,46853.61439,750638.3629,749186.1806,53888.2813,695297.8993,346149.5179,43338.39712,302811.1208,1.944034046,5.250768002,0.9809382914,6.845723359,66.15270238,8.15236833,67.59212841
3391,48701.82482,54896.64833,-6194.823507,53492.03831,50837.03339,2655.004912,114236.4893,54651.90777,59584.58154,0.6996297806,8.253452108,0.9444662327,82.09241974,63.61602352,82.01993881,64.3118887
3392,50995.73665,51581.90539,-586.1687445,50262.29175,60948.36191,-10686.07017,173253.9612,50548.59003,122705.3711,0.8974832059,1.795256457,0.6731770726,62.15172925,54.50922894,62.2287119,55.40340441
3393,255625.0553,53467.96976,202157.0856,147894.5059,53145.07576,94749.43018,189784.8786,48061.01021,141723.8684,0.6008439357,2.517170762,0.8595700786,43.86337313,21.17984459,44.34649394,21.53706682
3394,757528.0293,62231.19495,695296.8343,960187.4729,52119.0752,908068.3977,288425.9267,49697.72931,238728.1974,0.4014785284,2.201180423,0.9813263691,9.446965864,97.2110601,9.767643491,97.45261935
3395,932833.8448,56907.54883,875926.296,654871.019,59213.4749,595657.5441,325497.3354,47492.33438,278005.001,1.004470784,2.184227466,0.7983629787,89.34648899,42.39554476,90.21746627,42.89590475
3396,227751.473,56288.31903,171463.154,124938.4509,52830.89264,72107.5583,201834.5354,55266.76241,146567.773,0.3228031509,4.740010704,0.7929288683,66.61615847,58.67079398,66.82652835,58.91563349
3397,55926.77003,66014.18218,-10087.41215,66195.839,52223.17403,13972.66497,167023.1565,40396.22285,126626.9337,1.140492065,2.622048674,0.8334884877,48.40305558,33.61945131,49.03664925,32.67114692
3398,288166.2267,50218.76928,237947.4574,196751.8765,43676.00554,153075.8709,114742.2516,37634.47619,77107.77539,1.775940562,2.770740502,0.7684573097,40.21335146,3.160914542,40.93118126,4.785317589
3399,24594.90854,42532.14309,-17937.23455,48348.77546,36804.16257,11544.61289,168185.1235,46261.68885,121923.4347,0.770751705,10.72369966,1,23.62952233,95.09334189,23.03142954,94.60719047
3400,210454.0737,51113.81574,159340.2579,203203.5408,56517.89868,146685.6421,180096.4828,43054.39322,137042.0896,0.5746749435,3.165896025,0.5786654595,98.50239991,47.33689973,98.95736175,47.68798522
3401,28724.32536,49337.49079,-20613.16543,53522.78783,45661.78832,7860.999511,137593.5948,43436.46246,94157.13235,1.504007438,3.069415985,0.6979957909,94.8121077,35.37634267,96.19961626,35.95673768
3402,915144.4499,53323.9893,861820.4606,467064.6384,49530.40529,417534.2331,318875.0585,52647.3731,266227.6854,1.179669597,2.487365499,0.8402169112,22.97877806,3.468924481,23.78912132,4.326224984
3403,883792.4757,40107.36996,843685.1057,910962.3564,61271.94153,849690.4148,278544.5392,56259.6148,222284.9244,0.7796738354,3.177043756,0.7680668534,0.1141154304,4.108942845,0.7589387237,4.54722838
3404,218832.8844,58144.58026,160688.3041,171397.0306,58342.03181,113054.9988,142572.3882,48417.10955,94155.27869,1.864999627,2.357887773,0.8640622373,87.87484259,93.11001631,89.65161218,92.54317116
3405,1002286.858,52129.48103,950157.3773,621586.0426,52553.05311,569032.9895,248097.3379,47316.60624,200780.7316,0.9890179632,5.184531435,0.8819040627,11.30704012,7.039043708,11.89280144,7.835937812
3406,231870.8753,57315.60392,174555.2714,178840.8014,47814.19941,131026.602,148517.6117,51261.03224,97256.57948,1.327019742,4.408631562,0.7032045543,35.63028056,37.30268004,36.55509332,38.25436421
3407,881906.1505,52155.56932,829750.5812,562942.9374,61420.65224,501522.2851,258855.1688,51725.32976,207129.839,0.8240641679,0.8872629426,0.6527102145,8.553962224,14.86116364,8.431881989,15.67613491
3408,881571.8832,54244.02743,827327.8557,643120.2624,42271.98128,600848.2811,281627.158,37947.22195,243679.9361,2.349001526,2.571518252,0.7604423153,33.37702964,48.16605601,35.59704448,47.3983697
3409,42647.35575,48354.48803,-5707.132281,59186.12976,70681.42426,-11495.29451,219002.4961,49635.04848,169367.4477,1.047593673,1.397369258,0.5749425368,36.6169191,62.11487835,37.62836241,62.38770602
3410,605475.1491,56368.78301,549106.3661,693204.1544,48544.35658,644659.7978,267130.5788,48631.85725,218498.7216,1.556905428,3.070162088,0.9235504113,51.77867422,22.40770958,52.96701385,21.40182517
3411,969726.3942,59068.76533,910657.6288,611717.6989,48350.21479,563367.4841,252527.4214,60194.9156,192332.5058,1.207801699,4.144480154,0.6441443831,42.68813226,15.4067607,43.60318801,14.61843469
3412,58541.86998,69688.59973,-11146.72975,54503.76539,43560.68502,10943.08037,173833.0145,42789.89522,131043.1193,1.410852695,4.149815181,0.9840468614,50.7585967,3.246946268,51.58256515,4.392189179
3413,234196.6031,65394.30051,168802.3026,160370.0948,51659.30284,108710.792,247083.8697,63738.63516,183345.2345,1.052767272,1.658411204,1,35.21923198,83.61814746,36.10314281,84.19000459
3414,724812.0401,61526.87948,663285.1606,615485.1173,60821.13952,554663.9778,237886.2282,45108.04927,192778.1789,0.898206024,1.804134625,0.7844083929,42.52389761,41.99171873,43.39353015,42.21647037
3415,140243.4409,55596.80845,84646.63249,180413.8314,47036.13778,133377.6936,214178.4907,47496.64886,166681.8418,1.581794555,2.215861951,0.8843043928,67.29726063,56.40138075,67.58538411,57.95671315
3416,904858.391,58874.14049,845984.2505,719873.3301,49155.91929,670717.4108,294043.5127,41119.01108,252924.5016,1.346045788,4.008264488,0.7191349865,89.03485099,82.1574226,90.06615448,83.02243842
3417,43019.22158,62370.08985,-19350.86827,37925.2839,49825.35793,-11900.07404,102191.6655,58913.27787,43278.38764,3.188292101,4.168318456,0.7361838173,76.56428836,88.17858454,79.55017087,89.29648977
3418,48106.68916,64074.29297,-15967.60381,52740.27766,55502.19832,-2761.920658,176564.7117,58158.67405,118406.0376,1.159429779,4.713833465,0.710031766,41.02856166,6.181104623,41.97279201,5.508269978
3419,848978.6627,72093.31333,776885.3493,602809.3445,34006.21043,568803.1341,317400.5502,41187.75408,276212.7961,0.6986376622,2.069490909,0.8440480692,53.80798732,45.92703352,54.41320561,46.27603983
3420,906968.3209,63038.20323,843930.1177,665974.2901,51131.7133,614842.5768,266592.1529,62325.1657,204266.9872,0.2815810713,3.198142471,0.5744376769,17.43055814,89.8400281,17.65295777,90.01273104
3421,689063.958,51066.21303,637997.745,698635.3441,46192.07743,652443.2666,291386.3592,52577.93051,238808.4287,1.926657099,2.353989101,0.6722488411,69.36143264,93.42199388,70.78690369,94.71815739
3422,698562.2031,50419.91665,648142.2864,615272.5986,43439.72848,571832.8701,281152.9333,48748.38053,232404.5528,1.090458293,1.988511298,0.6577734453,89.62712077,48.51211741,90.69431444,48.73616417
3423,819298.0173,46364.91229,772933.1051,738880.9911,59429.16422,679451.8269,295268.1248,39473.83609,255794.2887,0.5475907096,3.934217295,0.8450563311,66.23021273,86.65064689,66.55546109,87.09117963
3424,49078.5574,46786.97524,2291.582156,46448.66334,53651.56819,-7202.904848,214780.8003,58316.88812,156463.9122,0.7925754377,2.726071754,0.7404189371,49.10847755,79.76975967,49.46374333,80.47825247
3425,22681.15399,38754.6738,-16073.51981,54599.75939,54501.97533,97.78405686,105548.2775,49940.26156,55608.01597,0.6514737338,2.639010542,1,13.58841729,64.30932918,13.28292555,64.88473584
3426,203328.5375,49344.85481,153983.6826,66148.74116,45281.26106,20867.4801,201155.765,49347.28552,151808.4794,0.5333458973,3.284170482,0.7663755894,64.02824181,91.75559416,64.40961249,92.12844031
3427,952240.5114,63566.1838,888674.3276,527800.2232,38826.76294,488973.4603,221594.4176,46665.27069,174929.147,0.2668405213,2.562484728,0.9083305116,26.6902733,15.43733438,26.94354228,15.35331837
3428,952907.6162,70625.75793,882281.8583,583886.5537,50772.36041,533114.1933,265889.9198,40855.73419,225034.1856,0.1902759893,2.273128722,0.8926074113,19.34676584,61.52505997,19.52738097,61.58491918
3429,42292.22574,50144.22724,-7852.001503,67424.44699,58114.66405,9309.782944,100595.4,43940.52683,56654.87317,0.9941286164,1.082794983,0.6901810057,84.36510154,64.5005466,85.2781578,64.89376406
3430,61820.25149,61217.24903,603.0024579,51534.80578,47391.86274,4142.943033,140385.4013,51908.41198,88476.98928,0.6445903242,3.415575004,0.7803142538,99.59231084,82.75928529,99.78466521,83.37450597
3431,208620.6676,72735.45703,135885.2106,240100.7436,50863.48759,189237.256,269597.6708,52670.88769,216926.7832,1.254403129,1.712809253,0.6778886812,25.14484816,17.17691718,26.0180818,18.07746714
3432,212070.9225,51503.69564,160567.2269,221431.9104,45337.68919,176094.2212,167349.1309,55444.99902,111904.1319,2.86217955,2.279593215,0.9462101419,72.66976541,1.594756469,75.22658723,2.881121094
3433,174925.3708,56808.17109,118117.1997,181343.4596,41085.35086,140258.1087,239295.031,48498.05511,190796.9759,0.3134187651,4.69487046,0.8024820713,56.99232953,62.60285228,57.23512665,62.80104633
3434,52434.92992,53088.81768,-653.8877579,62139.61305,53633.79926,8505.813797,231303.687,65989.68736,165313.9997,0.6581080911,1.435855969,0.685884643,82.85098653,6.280279258,83.47367024,6.49328455
3435,841456.1354,63105.59713,778350.5383,726836.6328,49977.75229,676858.8805,263327.5065,32150.28515,231177.2213,0.04645606702,3.611289038,0.8968542482,4.852347821,79.8702482,4.888092262,79.89992144
3436,834729.6687,47010.79008,787718.8786,744618.6144,50033.61986,694584.9946,313154.9225,46131.95035,267022.9721,1.637160683,2.517473567,0.685988702,25.47421413,64.10844652,24.46026563,65.39382722
3437,878516.0775,48335.77708,830180.3004,974371.3968,47047.27959,927324.1172,247537.1256,45073.92643,202463.1992,0.7138072513,4.112605971,0.5943008252,81.36986607,99.40916993,81.54977686,100.0999325
3438,847225.7347,54160.61378,793065.1209,722798.3903,52412.53055,670385.8598,309396.7979,49860.60828,259536.1897,0.2290673235,4.210001009,0.826642813,87.39354487,2.240581547,87.61703391,2.290825806
3439,941045.8053,55519.96939,885525.8359,626878.8899,49274.38244,577604.5075,283209.1712,49917.16623,233292.0049,0.8042457872,2.245413361,0.8067732229,91.6911894,29.09441223,91.99857313,29.83759897
3440,1126658.409,68822.19763,1057836.212,643538.325,62137.35241,581400.9726,305485.3495,56160.86177,249324.4878,3.183857235,4.163371299,0.7245228475,21.49589388,12.77428835,23.81511851,10.59297131
3441,228875.4766,47588.67808,181286.7986,178950.7795,54945.21887,124005.5606,286765.1846,51743.05008,235022.1345,0.1674266379,5.336489518,0.874038729,97.62195861,25.86769224,97.71704746,26.00549569
3442,214894.7779,47050.61704,167844.1609,115523.3613,51342.58118,64180.78013,224610.8432,45363.14155,179247.7016,1.115562805,3.551582312,0.8357186265,51.72481409,3.990397703,52.82709365,4.162037303
3443,59457.31441,64376.34328,-4919.028865,51719.64847,58570.19513,-6850.546661,78267.48481,61729.05016,16538.43465,1.232685928,1.343172489,0.7796683951,21.35276781,12.5218821,22.35562722,13.2386719
3444,1065517.073,71503.9661,994013.1066,731669.3357,55707.20943,675962.1263,264460.7527,54683.09871,209777.654,0.9976984708,2.705250422,0.7148093464,10.34326208,6.979715396,11.34091469,6.989281746
3445,52380.36187,50052.24199,2328.119886,51817.92347,48894.65531,2923.268163,133343.8106,38031.9545,95311.85611,0.8662867511,2.911143193,0.8791583391,63.80927652,75.04385716,64.48875945,75.58121708
3446,70075.83802,64848.70498,5227.133033,46500.67369,45344.49931,1156.174375,146010.368,55676.37616,90333.99182,3.549515327,3.767838682,0.60103282,9.599045361,20.79078022,12.10965315,23.29994494
3447,44981.18265,45782.92064,-801.7379886,60908.16752,64241.00243,-3332.834914,87192.06657,54337.13036,32854.93621,0.8077848822,2.507128109,0.6822713082,58.95183608,66.69834405,59.08334109,67.49535273
3448,48639.49722,43821.97548,4817.521742,54115.28415,50398.90607,3716.378077,74164.96739,38216.38984,35948.57755,0.9265890923,5.78972986,0.8615157736,63.67151914,27.69166545,64.36113345,28.31053494
3449,862962.399,54040.52563,808921.8734,737552.9687,43701.67267,693851.296,292122.3473,54782.93306,237339.4142,1.153597749,1.571990942,0.6364709997,12.95898763,27.43541868,13.67072382,28.34328397
3450,61673.80647,60556.49291,1117.313567,51889.49593,52005.07909,-115.5831586,173417.7841,50773.93026,122643.8538,0.5274758556,11.34769902,0.7897198135,61.0784193,90.15082738,61.59833261,90.239827
3451,777796.1873,60605.88281,717190.3045,862178.9411,45958.79203,816220.1491,291008.4535,43293.04461,247715.4089,1.614420521,2.384298131,0.8214150815,17.43479524,23.81437629,18.950285,24.3708333
3452,82604.36908,59550.60242,23053.76665,42422.90725,50006.41983,-7583.512574,189639.8232,52093.72912,137546.0941,1.270260315,1.743470841,0.6053800849,30.51931111,13.91109714,30.79893279,15.15019882
3453,938477.2212,67706.88907,870770.3321,499798.7873,38978.65207,460820.1352,266717.6618,54019.82208,212697.8397,1.544412805,5.534233863,0.9650088329,46.9635576,57.20887508,47.59924615,58.61639452
3454,781017.1611,59976.19465,721040.9664,676095.6937,51292.2925,624803.4012,286167.7588,50871.58223,235296.1765,1.889907547,2.240021111,0.6726485967,67.6926747,86.59479013,68.82055309,88.11124682
3455,202251.4657,47586.48109,154664.9846,141574.4767,56017.20021,85557.27647,225282.2601,59265.97522,166016.2849,2.236905933,2.920611277,0.9102808587,11.34328007,70.65827715,12.97712345,72.18612005
3456,66351.02524,64279.4388,2071.586432,52110.18658,58150.75771,-6040.571134,139316.5428,47232.74691,92083.79587,0.9589928086,3.959945271,1,68.26515325,42.13732332,68.02928502,43.06685728
3457,266606.8086,72997.56626,193609.2424,174921.977,46406.34631,128515.6307,175687.6179,55425.37381,120262.2441,1.296658575,3.879767231,0.7583394591,11.06525984,13.73017017,11.9083512,14.71532012
3458,239082.0565,56399.6651,182682.3914,149963.8009,42779.75049,107184.0505,138500.0686,58250.30734,80249.76127,1.112344855,4.754735363,0.7946316541,16.54719764,16.97079907,16.3043452,18.0563099
3459,208027.1062,46790.20475,161236.9014,193419.0907,53548.83272,139870.258,152146.2776,43275.72216,108870.5554,4.207773429,2.337395351,0.9537638794,19.43427985,50.52422655,23.52890942,51.49343549
3460,944303.9329,63399.64922,880904.2837,608677.0176,44038.44331,564638.5743,234514.7106,54471.13294,180043.5777,2.026721176,2.507854429,0.7616199574,27.72778301,12.61477986,28.85334394,14.30022084
3461,33581.8253,63736.02174,-30154.19645,45058.34294,58924.81248,-13866.46954,62955.03342,45550.8496,17404.18383,2.419285511,2.728141032,0.7535409605,22.17461152,53.85934534,24.52375211,53.28100212
3462,37623.3022,46609.34272,-8986.04052,54501.50771,47954.24277,6547.264934,133049.4671,42754.41925,90295.04783,0.1706526942,5.552349971,0.8867099457,21.86298713,93.85921975,22.02711858,93.81249493
3463,979958.4798,58881.05595,921077.4239,769634.2409,39037.13775,730597.1031,271743.7811,54580.9208,217162.8603,0.5124978888,2.420472403,0.8247920205,85.70550763,95.91255466,85.8215924,96.41173239
3464,889227.002,48559.95273,840667.0493,684810.0477,60602.38047,624207.6673,288734.2797,40390.38385,248343.8959,0.7462906887,1.955510429,0.7483134059,8.073375148,56.65244534,8.318862134,57.35720483
3465,785235.0846,46554.14747,738680.9371,674864.6837,45455.39933,629409.2844,276525.4247,43229.36633,233296.0584,1.715945345,3.179294055,0.8257973812,38.9850499,22.63605283,40.608592,23.19155213
3466,776012.7233,68731.35793,707281.3654,655885.7471,48652.72176,607233.0253,356166.7417,58065.43728,298101.3044,0.4953033711,2.615985421,0.6300957522,88.00194124,27.43730042,88.16361361,27.90547504
3467,52195.54252,57926.84321,-5731.300696,52588.23179,48948.46711,3639.764685,90854.38678,45293.12728,45561.2595,1.705177501,1.962845023,0.8285838076,90.67468593,64.19510843,89.5369119,65.46518739
3468,608963.0155,49922.76203,559040.2535,460863.4001,46769.96118,414093.4389,284404.9464,38358.6467,246046.2997,1.024980979,2.794426256,0.7451125754,86.02027009,97.39790914,87.04413189,97.44579462
3469,178040.203,63577.45858,114462.7444,196142.2023,57448.90817,138693.2941,236597.3947,46425.39766,190171.9971,0.7465359209,3.259948431,0.7250708589,45.28339445,30.72302639,45.98792057,30.9699248
3470,24965.90522,47006.1992,-22040.29398,31871.0922,47301.90669,-15430.81449,137038.2604,48588.15672,88450.10366,0.4932766445,3.414858466,0.871810198,62.52083655,40.47803539,62.31793706,40.92765039
3471,45509.42879,57331.68007,-11822.25127,64395.62113,55469.6741,8925.947037,120233.7987,62695.58136,57538.21735,1.327656688,1.723293573,0.7655485434,9.401747734,22.60971295,10.00160815,21.42529759
3472,61507.62765,57347.21728,4160.410377,47164.76112,57003.98921,-9839.228096,106542.5133,53047.05534,53495.45798,0.7898567315,4.932089453,0.7256646526,9.035727352,5.068564803,9.606178127,5.614879337
3473,42149.23254,47166.36526,-5017.132723,55790.1287,50153.45478,5636.673923,165330.5458,49954.80867,115375.7372,0.4067147622,3.983083755,0.829368646,38.73901709,87.47024573,38.82789554,87.8671305
3474,1038382.106,59541.40233,978840.7035,838267.0851,48110.1712,790156.9139,278379.7656,49882.88061,228496.885,1.251404865,2.460954165,0.7351755609,38.06842977,78.30126517,39.29757855,78.53622774
3475,825312.4527,58567.88836,766744.5643,911258.3277,49041.55006,862216.7776,274341.5271,57555.27016,216786.2569,0.8654261445,2.226065315,0.7346900687,70.73513752,86.65462905,70.53042596,87.49549503
3476,52168.7008,49371.46,2797.240797,32953.06296,51959.26904,-19006.20608,141468.5629,56111.96145,85356.60142,2.902127153,1.658945803,0.6793219503,65.62301054,10.20164599,64.53846524,7.509787246
3477,50812.36893,66913.24988,-16100.88095,14600.55409,30118.2059,-15517.65181,54851.75446,51855.39195,2996.362515,1.822960929,2.342654633,0.924870839,21.75543819,37.78316943,23.56162798,37.53646114
3478,521739.9509,58527.34334,463212.6076,867598.8953,54574.65223,813024.2431,304703.86,43643.62541,261060.2346,0.6611606196,3.421052041,0.7836033174,86.41489436,89.41469398,86.15798979,90.02390118
3479,29413.4381,46075.66494,-16662.22684,59915.99886,64737.57039,-4821.571523,178476.4269,42820.21844,135656.2084,1.490272103,1.952941727,0.8152310329,31.43794677,0.4738637741,31.98166142,1.861410286
3480,66604.52654,55583.90875,11020.61779,35643.26819,47062.84263,-11419.57444,163168.7632,47614.8971,115553.8661,0.8849965494,3.122188371,0.7220790413,98.42013924,37.81141624,98.94135837,38.52664313
3481,195505.084,56035.31839,139469.7656,185090.7686,47193.17726,137897.5913,244196.2553,40754.39912,203441.8562,1.531960705,5.178130477,0.7767506057,24.24061814,92.30431538,25.15510803,93.53338488
3482,55692.98052,59749.18476,-4056.204245,45358.82757,53675.55833,-8316.730752,141851.5962,48520.39097,93331.20524,0.7567299256,5.56654876,0.7365040668,44.10258436,57.02918992,44.83536074,57.21807864
3483,190100.3794,61418.77595,128681.6035,174253.8325,51480.10889,122773.7236,197712.8926,50675.00716,147037.8854,1.844301305,2.655686476,0.7374600139,28.08588636,87.78745551,29.51984502,88.94728734
3484,1128914.026,52123.64593,1076790.38,770686.1133,62940.39778,707745.7155,229317.3436,49784.55991,179532.7837,1.389441099,2.845950401,0.845349133,27.2631256,9.932992112,28.47757156,10.60802365
3485,55563.18321,63454.55528,-7891.372075,57952.41033,59946.10077,-1993.690437,153125.3635,49620.388,103504.9755,2.358308634,2.102571452,0.5654544511,64.34685711,25.40072727,64.99128399,27.66928046
3486,55849.67665,60730.81977,-4881.143116,53927.04894,57959.77269,-4032.723749,155189.1931,63607.73935,91581.45377,1.548816842,1.998244504,0.7150924149,68.98860342,1.047865258,70.00880363,2.213208612
3487,56645.82846,54120.91961,2524.908854,53959.5516,48699.27971,5260.27189,97005.57964,62242.2732,34763.30645,1.763387988,2.529329847,0.7756544008,88.7773072,30.49474044,89.75456832,31.96256124
3488,1099918.175,48294.43338,1051623.742,704170.4736,56238.04094,647932.4326,232965.6942,42164.03542,190801.6588,0.61649683,2.897304693,0.8505644685,43.30186102,77.00459911,43.88976647,77.19016725
3489,900685.3819,51042.77363,849642.6083,657605.2455,58107.59046,599497.6551,256012.5889,41569.63916,214442.9498,1.528263147,1.925956212,0.5085827234,77.86400665,65.23814785,77.84512293,66.76629432
3490,49922.00457,47982.37313,1939.63144,76285.23733,64662.35674,11622.88059,189955.1802,53716.23527,136238.9449,0.2521579715,1.798049003,0.8592611767,75.70160633,78.42223198,75.76066707,78.66737576
3491,59817.924,70568.95999,-10751.03599,45152.75629,50891.35137,-5738.595079,119899.8146,51835.26051,68064.55407,0.1004333982,4.181790674,0.6898219853,71.24303821,59.53396025,71.29129831,59.62203879
3492,1044350.784,46520.64064,997830.1432,878910.2306,57310.61288,821599.6177,279823.6142,41579.94603,238243.6682,0.5398294378,3.964969718,0.8122943943,54.64450693,28.24336204,54.30616646,28.66400625
3493,45129.81355,50192.52266,-5062.70911,34151.23254,50491.01388,-16339.78133,147141.9535,51345.32589,95796.62759,1.223207906,1.53216184,0.8403559414,32.93300318,64.25796412,34.05624331,64.74228757
3494,41456.74291,48568.36058,-7111.617675,43457.84876,45549.69196,-2091.843204,152055.1009,48428.57222,103626.5287,1.370276166,2.197445469,0.8621687804,41.33427018,73.46281635,42.40158087,72.60345342
3495,701652.3365,56671.52851,644980.808,828363.9008,55988.93285,772374.968,314365.0915,49153.22678,265211.8647,1.749091545,4.444894785,0.8501315652,15.88601612,80.46644466,17.34900222,81.42508584
3496,220929.3268,64835.79633,156093.5305,218433.1071,37422.44524,181010.6618,172976.9675,63964.07161,109012.8959,1.86318194,1.182597962,0.7477389884,49.66410062,5.280555748,50.03210747,7.107032657
3497,44134.29394,62260.98469,-18126.69075,54159.49261,49057.06594,5102.426674,122147.2675,37042.68155,85104.586,0.9348846782,2.923196247,0.7246323096,13.10875389,84.43053792,12.21439228,84.70280006
3498,876733.2947,55591.06725,821142.2274,753602.8238,42082.7599,711520.0639,326492.3292,52734.08925,273758.2399,0.5596729443,3.098323638,0.7246778554,0.7611236385,99.43884766,0.9616240165,99.96137364
3499,43342.6493,54194.26466,-10851.61536,34161.47492,51029.57264,-16868.09772,158628.1397,53011.85029,105616.2894,1.492776393,3.052700989,0.7070828773,66.74883409,75.98836736,67.96445919,76.85476045
3500,278124.2611,51405.01886,226719.2422,139235.6565,54899.74291,84335.9136,230038.5404,53447.10936,176591.4311,1.299491657,3.512096714,0.9604551492,25.32358685,23.2916063,25.25867261,24.5894756
3501,898852.755,54978.52189,843874.2331,779939.4859,46989.98191,732949.504,254341.1174,45746.07805,208595.0393,0.4659327803,2.264375895,0.6197653275,70.75409231,28.65178704,70.93897754,29.07946777
3502,66829.00025,58744.96549,8084.034763,60875.43674,60365.98002,509.4567207,178724.2585,36909.87949,141814.379,0.7452285043,2.034977871,0.55155517,69.899334,41.65526645,70.38199493,42.22307271
3503,62947.0004,63647.18229,-700.1818859,48869.92877,55527.56476,-6657.635992,133112.0589,47880.28428,85231.77461,0.9046701189,2.661361281,0.7505454219,26.90625373,56.47071995,27.63678121,57.0043468
3504,207806.1672,67692.81153,140113.3557,138956.5564,46697.12675,92259.42962,242063.3917,41819.03313,200244.3585,1.437048659,3.909108042,0.8534193415,38.85405631,77.30659592,40.06831223,78.07516042
3505,228592.6623,49215.73209,179376.9302,223675.3798,63960.7397,159714.6401,241361.4501,45389.85984,195971.5902,1.791553777,4.050171022,0.6653671225,74.39729304,0.9513140416,74.96644681,2.650057377
3506,62588.72908,61632.90029,955.8287828,47111.40333,52984.45701,-5873.053684,161029.5262,54381.64814,106647.8781,0.6162396805,3.538029559,0.8602202494,8.51413884,94.33782091,9.104144484,94.51571044
3507,790681.8814,44004.00152,746677.8799,800985.7078,67271.70468,733714.0031,311488.4117,45561.35406,265927.0576,1.40984199,3.670469233,0.7013997022,87.70397986,2.375298611,89.10237101,2.554621243
3508,673337.094,41444.26757,631892.8264,828995.616,56759.40856,772236.2074,295676.1866,45963.00949,249713.1771,0.744676548,2.105042186,0.6766042865,1.334377033,38.43756407,1.431728476,37.69927832
3509,45241.94356,42327.43891,2914.504652,72617.12563,64981.08288,7636.042751,112222.4452,47460.2081,64762.23707,3.34787011,1.36229705,0.7326853522,4.935593419,91.97612241,7.74723343,93.7935147
3510,48796.1838,63280.02924,-14483.84544,46469.61967,43993.49659,2476.123077,157408.8375,55671.76445,101737.073,0.2560856907,2.09700675,0.8996131323,61.96907085,55.21987862,62.2201285,55.27037554
3511,24307.44762,39070.45828,-14763.01066,45152.54119,49668.08315,-4515.541964,137630.5906,55851.34376,81779.24679,1.326982973,2.248710662,0.7832467765,32.13599347,12.47950789,33.17335759,13.30700984
3512,1019009.138,54483.72341,964525.4147,604081.7143,51080.83108,553000.8832,292390.9815,45146.33993,247244.6415,2.652158886,4.537473508,0.7401712625,98.29538149,76.63768955,100.4760935,78.14714039
3513,215378.5431,42935.80109,172442.742,154518.6559,44983.92816,109534.7277,243203.5638,40626.56539,202576.9984,0.6846345503,3.26467086,0.8349502876,54.60614293,0.9605717648,54.54795965,0.2784140311
3514,279346.5056,74202.72496,205143.7806,145227.2827,52592.93086,92634.3518,195646.9943,47719.34013,147927.6542,1.168769762,1.431855356,0.8781664613,24.27915474,30.12640264,23.36039743,30.84883449
3515,54139.52427,55272.71287,-1133.188601,49447.6474,52034.17248,-2586.525085,100926.2982,44943.28017,55983.01803,0.6202982683,2.929164057,0.8162629098,63.79823567,57.22130709,64.35685884,56.951659
3516,231846.5979,55952.29371,175894.3042,151545.286,45970.60572,105574.6802,267105.9844,36213.47077,230892.5136,1.441533304,1.92197358,0.871034395,32.14266983,95.62966917,32.62798885,96.98705036
3517,901852.41,35552.5223,866299.8878,572453.6648,45726.321,526727.3438,290738.3861,52324.96581,238413.4202,0.8928996208,3.513721617,0.6818506799,57.64048108,93.94960789,58.31384647,94.53599409
3518,69887.66838,61598.65797,8289.010407,39844.59536,46827.34681,-6982.751454,104353.2367,33367.04756,70986.18918,2.051890843,1.261271745,0.7158879005,14.12432921,63.06091385,13.47046923,65.00583625
3519,157264.9531,53250.76015,104014.1929,161066.9933,55881.37487,105185.6185,187917.3464,47940.2882,139977.0582,1.389013452,3.105689921,0.9326192251,8.700751273,76.02429738,10.02703229,75.6115783
3520,65643.92773,60061.64046,5582.287271,61817.15309,52860.48243,8956.670654,86593.84652,47420.2292,39173.61733,0.155704252,5.106040878,1,84.61780258,77.51174795,84.69405457,77.64750306
3521,189635.0458,51585.67482,138049.371,123189.1426,52013.6298,71175.51282,184653.4976,43364.02393,141289.4737,0.4870126258,5.773669267,0.4550865702,84.914669,54.40882093,85.05913295,54.8739139
3522,838322.3064,36730.65644,801591.6499,803445.8569,61453.62877,741992.2281,266197.9726,48680.01964,217517.953,1.30007276,6.815031314,0.7121132869,42.47535827,11.42851863,43.33905988,12.40022265
3523,667214.6351,48604.45046,618610.1847,568429.3898,45064.45941,523364.9304,221611.4548,52457.1348,169154.32,1.778685188,3.04901447,0.7583804016,35.68464507,86.3717528,35.93873436,88.13219582
3524,38209.99971,44552.91611,-6342.916398,54244.81236,53519.4208,725.3915613,151822.7755,53764.23311,98058.54243,2.428520641,3.787495796,0.7274378472,46.81941633,47.7131653,44.65989053,46.60223738
3525,40439.42735,44429.5703,-3990.142951,39003.15073,47109.80252,-8106.651793,139794.6595,50723.83091,89070.82857,0.4284369216,3.425682526,0.8502016623,70.66000233,56.74650063,70.8406371,57.1349968
3526,47342.44466,48782.77525,-1440.330595,33923.03407,43995.40565,-10072.37159,119099.1819,48274.55243,70824.62952,1.439845564,3.114053564,0.7707068552,5.432066229,94.56175382,5.4831359,93.12281423
3527,241919.5766,64316.12873,177603.4478,118404.4284,37362.93313,81041.49526,189330.7817,49598.8022,139731.9795,0.9037350376,1.328968842,0.6657288992,91.9958846,65.01162393,92.75025666,65.50927824
3528,266568.2102,47611.99251,218956.2177,149584.0088,56054.62188,93529.38687,237324.1231,52756.80309,184567.32,1.001993178,0.8043851979,1,75.27289472,60.97068738,76.19589225,61.36064365
3529,907507.9969,53701.06668,853806.9303,622950.9732,46604.18026,576346.7929,289451.0417,33390.21881,256060.8229,0.3610421505,7.136924877,0.5700554651,72.78480941,55.17607431,72.61024928,55.49211259
3530,153939.6485,44284.18334,109655.4652,217727.5719,49479.66523,168247.9067,234227.46,50924.25474,183303.2052,1.449451288,1.990644767,0.7408043749,28.31528097,88.25505946,27.78105356,89.60246812
3531,1094466.956,49596.82225,1044870.134,753416.6145,51006.8888,702409.7257,320135.9289,59530.03933,260605.8895,0.3372387473,1.712980541,0.8838350028,99.32437896,40.45409838,99.45574145,40.76470081
3532,62721.33344,60496.89912,2224.434318,34068.92312,42014.96868,-7946.045564,124135.9104,51857.24208,72278.66833,0.6005737584,2.761326817,0.7279412326,39.61081915,86.76665766,39.77132214,87.34538698
3533,66648.80556,61442.80832,5205.997245,51568.37844,61206.60308,-9638.224636,102965.8452,37965.66421,65000.18104,0.4136405046,5.074738483,0.4617281931,63.75866103,5.342686136,63.90405963,5.729929877
3534,859683.5972,64450.97193,795232.6253,700876.8226,54951.35646,645925.4662,289705.4901,55785.49074,233919.9993,0.809425187,3.429160177,0.8103481688,89.08908943,77.49970805,89.69141856,76.95899672
3535,62824.33925,57713.10582,5111.233434,67109.00404,61205.4713,5903.532735,114108.8708,46079.22746,68029.64337,3.127269543,3.214084072,0.7806615139,55.25034131,2.799311914,56.62621911,5.607652187
3536,180284.9142,54579.50548,125705.4087,162450.473,52651.19076,109799.2823,229932.065,42303.99413,187628.0708,1.86680468,4.109138972,0.7257242617,54.88118056,8.020224071,56.74243303,8.164095317
3537,52853.87822,44253.11611,8600.762109,42265.25115,44881.00346,-2615.752311,165992.7435,50838.09107,115154.6525,2.605573989,2.904317978,0.6510605015,19.14774788,92.14225864,21.7485109,92.30052278
3538,776025.5073,75838.26224,700187.2451,596470.2585,57013.10526,539457.1532,256922.0803,54143.62677,202778.4535,0.470433146,4.833928685,0.8380319133,12.37799741,99.64371448,12.56320831,100.0761544
3539,728965.0779,59538.1126,669426.9653,598769.6868,44462.012,554307.6748,335600.4208,47926.28595,287674.1349,1.094453723,2.833125091,0.5807175497,16.90190702,32.56962967,17.67136946,33.34793328
3540,749816.1397,76338.44029,673477.6994,698782.1114,45846.11168,652935.9997,290080.0764,45371.3224,244708.754,1.051960065,5.961826266,0.8557194274,21.30940523,30.31465292,21.72880244,31.27939431
3541,988229.7997,61435.56877,926794.2309,766411.1185,64107.52393,702303.5945,317157.8777,59688.58986,257469.2879,1.336333573,2.465332663,0.9752050919,66.69457576,11.2824301,66.71513909,12.61860546
3542,1028757.972,65612.3947,963145.5772,830927.8372,38912.34717,792015.4901,251181.2414,48608.66359,202572.5778,3.12795976,2.662708226,0.9750175878,84.41937714,77.05805948,87.03346316,78.77581573
3543,1051745.367,45310.73913,1006434.628,582691.7462,59107.14195,523584.6043,277709.4023,52430.53091,225278.8714,1.742207397,3.553670338,0.7231386103,23.17200078,12.48696682,24.90356727,12.29470639
3544,925797.8474,40393.66798,885404.1794,668501.7625,56569.64981,611932.1127,295293.7718,44959.86405,250333.9078,2.44419259,2.805335042,0.8191822153,43.01343235,96.7661587,43.46081869,99.16905755
3545,865828.7569,60088.88704,805739.8699,748483.8277,54013.5353,694470.2924,381090.5203,58789.74094,322300.7793,0.6654841644,2.596552017,0.79630696,19.09263207,34.82439995,19.68555287,35.12658217
3546,980731.4039,45305.70596,935425.6979,724183.9745,43348.04836,680835.9262,223108.5009,41899.95512,181208.5458,1.690382191,1.841126446,0.7097887383,98.21672186,72.52009383,97.63106077,70.93441005
3547,58056.87886,60730.46299,-2673.584128,38682.81033,49263.34341,-10580.53307,130054.7328,58177.4669,71877.26592,0.8440990642,1.995519058,0.8115572486,40.71909593,90.21618874,41.33580212,89.639841
3548,229999.4878,57242.49887,172756.9889,235870.2909,53016.4102,182853.8807,219403.8323,51157.73866,168246.0936,0.7129878013,2.878398611,0.7204833792,19.39907461,19.65558706,20.00880677,20.02515207
3549,210681.6206,41442.90195,169238.7186,218953.0216,61047.22461,157905.797,281558.9456,47867.70746,233691.2382,0.5269705813,2.596018876,0.9006161786,21.86017891,59.03228343,21.85113334,59.55917637
3550,285580.8633,51416.26822,234164.5951,157325.3055,40639.88149,116685.424,214948.4222,54526.56619,160421.856,0.4095983557,3.50019954,0.9014273153,84.32758312,82.83304966,84.73706598,82.8427762
3551,63386.52262,68944.04817,-5557.525548,58523.85646,49230.93613,9292.920327,122691.7837,43527.55657,79164.22712,1.512992913,2.887459268,0.7693414459,8.643648985,4.003639457,9.339901901,5.346911369
3552,178794.9902,45521.33162,133273.6586,224023.61,43852.09803,180171.512,181608.1084,54890.6284,126717.48,1.009185171,3.874785367,0.7721182818,23.59727868,60.01776411,24.54724159,60.3583888
3553,231569.1242,48672.39413,182896.7301,211414.5448,54116.58154,157297.9632,216831.4686,56156.39397,160675.0747,0.5218976238,2.922458553,1,25.25395458,18.79653001,25.57818103,19.20549742
3554,849513.7296,68656.41195,780857.3176,787838.2466,40863.90431,746974.3423,281894.0151,53658.60485,228235.4103,1.024064511,7.924009919,0.635038952,2.627034821,46.23405072,3.490677409,46.78435027
3555,860483.6713,48974.11098,811509.5603,883169.3643,60540.15066,822629.2136,215795.2002,44331.35261,171463.8476,1.446764781,2.529829168,0.7136659843,26.30804592,87.5169843,26.8087804,88.87433219
3556,37956.08251,44291.21022,-6335.127711,38609.81486,51405.32629,-12795.51143,161066.0729,40052.93344,121013.1395,0.7393111041,2.151849404,0.5751911894,57.67988438,42.95896421,57.81114851,43.68652908
3557,261262.1502,56151.72962,205110.4206,193176.4806,55597.44614,137579.0344,253517.139,43116.48829,210400.6507,1.534475445,3.978398894,0.6753673758,47.55459071,0.3683703429,48.91580932,1.076677335
3558,266227.8739,51808.45708,214419.4169,155429.5195,57181.90133,98247.61812,200050.5656,33872.09903,166178.4666,1.733086463,3.164712035,0.8084227621,92.63597993,53.14630964,94.30527378,53.61219237
3559,250816.7658,64713.25152,186103.5143,180769.3911,57645.23759,123124.1535,179118.3939,53928.06143,125190.3324,0.8510886661,4.089638041,0.75376891,51.5829545,18.88566548,52.31009686,19.32795035
3560,61209.70511,46567.95764,14641.74747,62846.87763,55127.83511,7719.042525,105477.1726,43576.99675,61900.1759,1.014781879,1.920033922,0.6334937038,0.04455970304,66.96845719,1.011919072,67.27504831
3561,58031.84899,64543.16124,-6511.312246,39596.56306,60222.66836,-20626.1053,126270.6193,61240.72284,65029.89649,1.123847403,2.794381724,0.8468567486,49.315418,92.2777513,50.3949845,92.59011192
3562,64030.30744,69827.1788,-5796.87136,43298.57734,59180.6468,-15882.06945,200321.9619,67576.48741,132745.4745,1.719771957,1.885052346,0.7604605273,86.52067673,58.93654348,87.09069024,60.55910324
3563,1029016.493,59704.49785,969311.9955,642447.9524,56944.88032,585503.0721,320780.255,52585.21394,268195.0411,0.31506148,3.804165811,0.805061562,1.582882811,71.7613201,1.895977105,71.79647262
3564,910658.7329,59508.44643,851150.2865,823307.6815,52881.07117,770426.6104,270843.5618,56364.22248,214479.3393,0.979073004,3.897431813,0.8179901631,46.88587337,62.80980105,46.4724465,61.92229772
3565,73746.53047,62450.86308,11295.66739,41752.88669,55457.58976,-13704.70307,40357.93969,46084.32066,-5726.380975,1.053431356,1.805628958,0.8125288365,57.32761447,24.5427348,57.93426301,25.40395205
3566,869268.6634,66689.59513,802579.0683,651754.3879,53358.917,598395.471,288424.7105,49300.90345,239123.807,2.391602867,5.482655186,0.7206464708,69.39126862,89.31211538,69.54668525,91.69866308
3567,139832.5058,39554.36513,100278.1407,134866.3539,51279.0586,83587.2953,214680.7797,49089.6648,165591.1149,0.3596637328,3.608799404,0.681263834,29.0826249,96.46788508,29.44056585,96.43272437
3568,984474.5241,48298.60621,936175.9179,673255.5652,41628.21452,631627.3507,320726.2457,51602.79126,269123.4545,0.6238581602,2.224866618,1,82.29725143,31.30670529,82.79963392,31.67658479
3569,55431.69952,55962.41559,-530.7160753,51066.98688,60014.33649,-8947.349607,96676.27153,56027.58971,40648.68182,0.4402001862,3.56048327,1,15.49181536,57.3150078,15.38617985,57.74234531
3570,878103.5123,45221.99304,832881.5193,913870.1729,40944.18362,872925.9893,324189.0792,55580.57326,268608.506,0.3248788701,1.785636202,0.7638600407,99.40660348,65.40453674,99.50892867,65.71288044
3571,60277.68283,71029.03656,-10751.35373,44787.42739,57731.92467,-12944.49728,170041.2422,58102.55052,111938.6917,2.600783465,3.414657313,0.8311154036,91.57947569,64.73444919,93.82768029,66.04198532
3572,281121.612,69456.21382,211665.3982,192992.8987,52917.07505,140075.8237,232034.4083,52974.55885,179059.8495,2.776549249,5.155972917,0.9275964366,16.74021538,41.20648726,19.51597593,41.27266228
3573,755671.0262,53617.17952,702053.8467,706028.4219,52201.72309,653826.6988,311122.0889,51846.79833,259275.2906,0.3845919711,2.314269246,0.9802824149,45.35151515,76.53610262,45.67029906,76.75124862
3574,908333.417,66141.00023,842192.4168,678345.342,52906.14412,625439.1979,309548.7376,41485.29251,268063.4451,1.863869178,2.991311998,0.8412377126,89.33804037,88.90602505,87.78256812,87.87912954
3575,47617.3669,53949.21417,-6331.847268,54316.96714,56335.79671,-2018.829572,185840.6679,52528.46476,133312.2031,1.472073364,2.080647922,0.8833706224,10.70207963,92.09437162,10.54094533,93.55759947
3576,269507.4544,44651.99889,224855.4555,108619.0981,47266.25438,61352.84368,317849.5252,56200.75752,261648.7677,0.7006805663,3.088431628,0.8633328841,54.06973034,81.39008094,54.44664948,81.980746
3577,50301.23831,56925.2021,-6623.963789,49940.551,57447.36705,-7506.81605,81844.11777,46025.94602,35818.17175,0.1779800454,6.684742783,0.8103535718,2.748937041,68.21325623,2.571388464,68.22564168
3578,907773.0304,54153.02395,853620.0064,669834.2985,55990.51717,613843.7813,270139.8657,53886.07393,216253.7918,0.8869692575,2.209136715,0.8141053537,42.89681436,57.57271879,43.76914943,57.73317432
3579,1044071.553,55170.29086,988901.2617,959906.8526,61364.23328,898542.6194,254754.1861,57674.64217,197079.5439,1.969882777,2.493407994,0.5742639394,58.96276986,35.86198795,59.38339866,37.78643841
3580,983135.2244,43329.03291,939806.1915,702418.115,46154.10656,656264.0084,282395.8078,37923.15685,244472.651,1.430169743,2.526424985,0.7830581314,80.3772425,47.11415695,81.4169112,46.13208034
3581,37447.42606,55839.84921,-18392.42315,36740.58824,44746.74075,-8006.152504,160946.5544,48632.2679,112314.2865,0.4258054754,3.455527846,0.8150431088,33.53576397,61.52569563,33.90057619,61.74529152
3582,161226.4923,61279.85811,99946.63418,221525.7734,46742.04398,174783.7294,216815.1258,49911.18135,166903.9444,0.4101502519,1.846850237,0.7561117023,42.78223788,81.18183514,42.91851363,81.56868414
3583,220227.4818,53906.39031,166321.0915,197535.3551,54709.26294,142826.0922,233130.3461,48859.01201,184271.3341,0.570156063,3.041664431,0.6351847487,24.6472022,88.60799281,25.03241127,89.02834018
3584,58838.52311,54510.11799,4328.405126,62925.79517,58953.92061,3971.874563,85228.33162,48791.81075,36436.52088,2.484081294,2.081447107,0.79976878,54.81793654,65.67506189,57.06916755,66.72511847
3585,265090.1828,51615.08859,213475.0942,157866.6839,53530.57565,104336.1082,161019.8367,51593.88286,109425.9539,2.586975536,1.296480639,0.9320318214,51.37926824,14.76344425,53.95324569,14.50444125
3586,799713.4849,57831.87878,741881.6062,553169.2691,54439.20395,498730.0651,274759.1215,44772.21502,229986.9065,1.198777197,2.585350618,0.8191529874,33.50113636,1.320984818,33.79837275,0.1596419346
3587,49288.64815,50683.51695,-1394.868797,45719.50816,46596.89103,-877.3828664,106335.6397,50691.1998,55644.4399,0.2287161825,3.010159396,1,47.82125728,77.72348537,48.02849427,77.82025273
3588,44826.78823,48167.40666,-3340.618433,35889.98445,45999.1766,-10109.19215,97732.28238,45485.49944,52246.78294,0.2165813923,1.523235631,0.788909414,26.62033034,81.28079882,26.53354058,81.47923026
3589,992733.1495,41384.53433,951348.6152,776786.7662,52102.46033,724684.3059,251892.2831,42791.20165,209101.0814,1.156957145,1.479770898,0.5487507696,92.98533713,35.47240662,92.97054864,36.62926924
3590,829682.0298,63968.43898,765713.5909,660364.1527,59021.42829,601342.7244,335684.7324,40877.27049,294807.4619,0.7835616974,2.648301545,0.8484415288,59.10274319,25.30212854,59.87478949,25.43596966
3591,67089.60224,58604.44731,8485.154933,49103.01074,49466.90394,-363.8932034,214556.8069,46977.55886,167579.2481,1.102882155,2.87210276,0.7852463561,71.22193636,79.37436594,72.13579505,79.99178908
3592,181960.5434,54787.76497,127172.7785,156294.3099,44505.01327,111789.2966,178659.6143,50801.97333,127857.641,0.4254561442,1.814753392,0.5985149345,68.49178814,66.72727292,68.89855678,66.85198139
3593,196621.128,72898.20516,123722.9229,128021.9092,58071.00622,69950.90297,279456.0631,40525.41307,238930.65,3.082241431,1.413897983,0.6777372849,89.57114076,14.52889266,92.48372214,15.53739746
3594,37974.236,53331.32398,-15357.08799,45332.89453,49645.53943,-4312.644901,79203.54403,46417.1024,32786.44163,0.6099815221,2.773952727,0.5688385728,11.07328676,93.7933302,11.42450499,93.29460863
3595,164719.2436,53312.57039,111406.6732,173186.5552,42535.22436,130651.3309,213349.9354,66861.25396,146488.6814,0.1710361859,2.725269044,0.7911280244,47.16306782,4.577259648,47.31382563,4.658039957
3596,197073.8939,50593.11521,146480.7786,176880.8628,58831.83878,118049.024,230435.7507,48092.01925,182343.7315,1.920486164,2.523397384,0.6709906502,97.62701225,61.50848993,95.74926513,61.10558443
3597,52238.93108,54556.73405,-2317.80297,61604.64839,58789.82177,2814.826624,52491.36073,42076.76151,10414.59922,0.841978763,1.749530948,0.6480728491,69.72257822,37.46524303,70.564379,37.48255411
3598,171910.8599,42283.49533,129627.3645,186477.0814,57570.25416,128906.8272,182924.6104,35882.00156,147042.6089,0.9452276412,4.022599192,0.7218840864,57.30996178,86.96089766,58.25506277,86.94542449
3599,163174.5411,40155.7204,123018.8207,108832.5458,49676.16263,59156.38318,179793.9317,48456.40816,131337.5235,0.9222225764,1.649906855,0.7472093525,49.45101385,16.831474,50.36744163,16.72825295
3600,168712.0078,69892.39158,98819.61621,104364.3164,60758.03598,43606.28045,194462.9386,59234.43238,135228.5062,1.607015727,3.311804523,0.6428494504,69.64483149,31.41218581,68.4445937,30.34357513
3601,503671.8295,45233.12498,458438.7045,816797.2668,61222.81447,755574.4524,258102.2973,40269.43843,217832.8589,0.2880046219,2.206067244,0.8500992752,32.31587387,35.11420937,32.56697776,35.25525368
3602,887981.5612,75409.79211,812571.7691,920972.4157,64830.08308,856142.3327,252842.9479,59591.00233,193251.9456,0.8158294397,3.643559279,0.9253877879,56.43673505,45.29934651,57.25218234,45.27437874
3603,938590.3033,54447.46596,884142.8373,791336.3227,45408.06786,745928.2548,266094.4298,48413.69469,217680.7351,0.3890715764,3.209779665,0.8012272055,55.76540417,40.62929478,56.05882264,40.88479877
3604,867377.1127,64361.9866,803015.1261,527595.0012,57402.85275,470192.1484,235998.7361,51365.25768,184633.4784,1.429073753,4.107959471,0.6020165288,34.45458718,87.40278474,35.63430567,86.59623897
3605,824892.5208,47518.74906,777373.7717,765730.2452,50119.54475,715610.7004,322653.1453,50113.2835,272539.8618,1.3335771,2.921026822,0.8724363666,20.1440582,98.96643063,21.36299723,99.5073701
3606,828407.9352,49478.27343,778929.6618,862282.2993,37159.4055,825122.8938,317069.1858,54465.84072,262603.345,1.520668051,0.8910199567,0.5654148068,63.1181166,15.98809066,64.6289814,16.16048228
3607,914507.0283,56319.55099,858187.4773,673008.0961,57346.18435,615661.9117,266076.7643,55456.1324,210620.6319,1.441112097,2.163113343,0.6267383947,60.92160709,81.04266706,61.91214577,79.99594015
3608,42171.705,50935.30631,-8763.601304,54292.55701,58857.39411,-4564.837104,39370.44287,49248.70098,-9878.258107,0.5720389774,4.383444455,0.7215627846,91.73471774,12.00893357,92.30425582,12.06236545
3609,924610.7516,64745.15472,859865.5969,881406.6407,53752.21594,827654.4248,276264.1324,53883.42448,222380.7079,0.9320545034,7.42711433,0.7561556808,67.48859691,31.58356177,67.31878985,32.50001753
3610,1082172.211,74125.56743,1008046.643,651408.5348,52993.94016,598414.5947,258659.3412,48838.16127,209821.1799,0.560776949,1.370368141,0.6965551165,71.07130681,5.607653352,71.57762668,5.848715519
3611,180581.9087,62216.17917,118365.7296,225518.464,60894.97828,164623.4857,144635.4361,53924.96623,90710.46985,2.198898094,1.789360011,0.8503287464,83.48297123,80.53063184,81.4531501,79.68506754
3612,40564.24702,44997.65556,-4433.408534,60740.73733,57879.15096,2861.586362,158986.2261,51001.67187,107984.5542,3.447240273,2.238940698,0.6260673119,64.88637733,18.0329025,67.66107288,20.0785149
3613,862921.5193,47640.95305,815280.5663,971233.906,55833.632,915400.274,263300.826,57172.68735,206128.1387,0.4516202641,3.907798229,0.5975867422,83.12355094,64.51218461,83.48362036,64.78478483
3614,152992.667,67301.89066,85690.77635,238622.0256,57494.3457,181127.6799,164053.9026,43019.46961,121034.433,0.5788862337,1.860188616,0.904935298,19.63917698,0.4465207694,20.13528015,0.7448342189
3615,241572.1122,53788.50688,187783.6053,221790.58,40733.14709,181057.4329,255301.6083,50833.50915,204468.0991,2.244540213,4.203076539,0.7815939547,6.345870683,38.79187243,7.940053799,40.37191704
3616,238476.3722,64108.97486,174367.3973,164578.7848,45659.59117,118919.1936,133645.525,45838.88199,87806.64299,0.2022361107,2.691446183,0.8259635029,97.03291475,9.539914772,97.22400698,9.473708981
3617,1146522.483,57032.56744,1089489.916,841852.4486,56325.64098,785526.8076,326721.8615,47442.24473,279279.6168,0.6243533552,2.236080133,0.9403053239,61.44465197,14.28507751,61.79647692,14.80086459
3618,176462.7282,54804.59447,121658.1337,223843.6822,54830.68555,169012.9966,158836.3838,43357.81439,115478.5694,0.4021290344,3.584437829,0.8473230871,98.14409641,91.03514398,98.49063364,91.23915307
3619,251454.2296,51381.47832,200072.7513,164263.6413,61037.23752,103226.4038,227966.832,51102.04279,176864.7892,0.7237668126,2.738174778,0.6490398627,60.65963874,82.63597796,60.92897758,83.30776288
3620,62443.00465,61023.67766,1419.326982,44041.37951,59265.18924,-15223.80972,143756.2817,39618.75566,104137.526,1.106546219,2.271825827,0.8280430735,64.98546209,67.91379161,64.82131985,66.81948733
3621,803802.5637,46103.19048,757699.3732,588893.0772,49889.7508,539003.3264,361676.8933,49493.77131,312183.122,1.067218285,1.976209049,0.7348228459,22.44688046,26.88001889,23.42807499,27.29979521
3622,1034869.773,46734.96761,988134.8053,775527.6956,65664.68204,709863.0136,277186.1935,53867.92928,223318.2643,0.1984337994,1.886379928,0.5571102943,23.68762054,53.20615217,23.85932113,53.30562519
3623,50031.67096,53282.20975,-3250.538795,59532.42342,57127.90482,2404.518598,162322.858,47594.65052,114728.2075,0.2952397677,3.129793533,0.901668442,64.3098497,90.25096882,64.6035082,90.22045315
3624,946789.5249,31766.6111,915022.9138,681386.8649,63383.47625,618003.3886,313965.5962,42597.25932,271368.3369,0.360690798,2.339304879,0.7767567101,17.73585675,9.384446651,18.09505343,9.351650385
3625,38136.01723,49128.26977,-10992.25254,47793.97928,61687.1827,-13893.20341,148055.4913,56831.42663,91224.06471,0.2831247997,3.799156495,0.6668223686,31.36029498,75.58246774,31.50518273,75.82571081
3626,47829.94391,45396.70252,2433.241394,37702.65034,51680.32511,-13977.67477,99748.6484,51295.36735,48453.28105,1.061632703,4.835124149,0.847536848,98.12125503,33.18105364,98.19419004,34.24017804
3627,915094.8118,47312.504,867782.3078,674411.2669,54829.80736,619581.4595,209843.4446,37927.14234,171916.3023,0.6253921693,2.617615309,0.9388871751,67.35051025,36.20394255,67.57724175,36.78678746
3628,973317.3624,62634.55352,910682.8089,571397.5177,55669.24074,515728.2769,255571.8286,46136.70582,209435.1227,1.172297821,5.032357258,0.8086904818,54.25020919,43.34076867,53.67712914,44.36344234
3629,240721.465,55723.61209,184997.853,166512.018,43015.93995,123496.0781,244386.8968,66288.47477,178098.422,0.1623256638,3.878058151,0.7179291112,56.51634648,40.42751845,56.62937646,40.54402529
3630,972879.7584,49563.64143,923316.117,743724.8297,52023.41462,691701.4151,261243.0694,52634.78077,208608.2887,1.340416345,3.656136447,0.8085174861,53.76052767,34.38289358,54.29044898,33.15167492
3631,632902.4369,60873.10669,572029.3302,800805.0663,50949.03459,749856.0317,330025.4525,61219.53011,268805.9224,1.730743756,2.496589115,0.7591480303,43.7872329,33.24930456,44.10052246,34.95145719
3632,82107.76,70156.29319,11951.46681,24858.60633,36651.37459,-11792.76826,131465.374,50767.64455,80697.72941,0.7803654795,3.223244659,0.7053828791,44.59291905,56.4391738,45.2964212,56.7768941
3633,36813.30955,57372.14381,-20558.83426,51108.31576,57111.6407,-6003.32494,70589.86267,46047.66535,24542.19733,0.4695992177,1.888352552,0.8683004521,99.84758939,17.14225651,100.0575582,17.56229999
3634,50853.84615,48225.70046,2628.145688,43776.52686,45758.65228,-1982.125422,140356.0677,41974.24582,98381.8219,2.27635396,2.198696633,0.9934603824,80.30431587,66.30567991,82.57823849,66.410862
3635,51324.61591,66426.38351,-15101.7676,39359.67109,40525.9989,-1166.327816,97741.89127,47493.14468,50248.74659,1.192070998,1.421827531,0.7675306937,86.50876004,24.25298924,87.20653182,25.21950245
3636,972354.7657,64014.73177,908340.0339,831206.5087,55924.21422,775282.2945,304787.0081,56732.18611,248054.822,0.3478961068,1.985575143,0.6955939542,90.15635365,4.908914315,90.2714268,5.237227994
3637,214300.6568,63754.17361,150546.4832,224634.0016,52152.30498,172481.6967,222765.9261,41860.88525,180905.0408,2.000992682,2.327787577,0.5984836487,78.20252378,28.4976329,79.95293149,29.46719185
3638,71293.73392,56128.03124,15165.70269,55646.54905,50508.63985,5137.9092,63486.19539,55710.68556,7775.509822,1.590772261,2.02301817,0.8109127974,7.469457327,45.72802408,8.755729996,46.66400432
3639,209789.3395,51327.82406,158461.5154,105882.3842,53741.1706,52141.21359,146678.2448,45277.80624,101400.4386,0.736025646,3.227228843,0.6935032201,24.91050184,23.68257844,25.05521834,24.40423687
3640,852692.5742,63981.04521,788711.529,727141.2434,55263.81878,671877.4246,268042.3843,57786.58684,210255.7975,1.227137459,1.603285896,0.86260456,64.68209402,72.93328115,65.72618485,73.57806071
3641,964240.717,63723.98432,900516.7326,697904.6286,54599.43845,643305.1901,274068.6699,39506.00556,234562.6643,0.8196677834,1.701810808,0.8098309297,96.83385294,24.11777731,97.61978803,24.35050311
3642,31594.04737,48532.5946,-16938.54724,41662.88203,38320.86057,3342.021461,99419.36335,48713.89332,50705.47002,0.8421509718,2.261152928,0.8440140046,88.40259656,63.48255122,88.47033953,64.32197313
3643,39973.92488,36533.04331,3440.881571,43915.13422,44582.81903,-667.6848047,152005.5544,48017.07482,103988.4796,1.16336572,6.722666967,0.8491388353,79.74899867,55.98383294,80.26096924,57.02848884
3644,58041.449,49941.997,8099.451994,45902.6416,46188.00526,-285.3636582,158095.7183,42818.98106,115276.7372,0.9071697381,4.071700725,0.6861385496,47.94904101,34.84622143,48.32016835,35.67400246
3645,194028.5907,60761.36782,133267.2229,136764.5583,50271.92345,86492.63481,154124.9893,41190.08547,112934.9038,0.8379048154,2.328996975,0.8276410001,30.35217859,27.99123262,30.9547503,28.57346264
3646,161644.9206,74575.93209,87068.9885,161744.8808,52337.70159,109407.1792,173261.6384,51936.20554,121325.4329,0.6063887822,7.221501647,0.8188364283,85.98312664,78.60531158,86.58309448,78.51730053
3647,258716.3225,49187.81387,209528.5087,123170.5763,45158.77895,78011.79737,174766.1557,47895.7954,126870.3603,0.7818920479,2.645729957,0.8223072909,57.17034954,54.85983768,57.71234906,55.42339042
3648,184661.5986,63132.86404,121528.7346,160319.2546,60498.2019,99821.05267,201731.9193,44078.76742,157653.1519,1.829873229,5.480106227,1,49.64034776,6.881662786,50.44992546,8.522705134
3649,66860.94168,71895.01582,-5034.074148,68640.76598,52860.23701,15780.52897,147516.5257,46372.54297,101143.9827,1.393512421,5.434300548,0.6525944951,19.10797536,5.981200756,20.15488537,6.900905222
3650,962206.8301,57436.33685,904770.4932,628477.7936,51265.19259,577212.601,307118.6143,61243.22467,245875.3896,1.435439117,3.334020356,1,91.05739198,5.672500271,92.32404102,6.347841426
3651,936289.125,57156.10604,879133.0189,948261.2196,45214.58196,903046.6377,323862.8996,58911.60791,264951.2916,0.3101012192,2.115265726,0.7171819668,23.53359582,3.871007866,23.81421062,4.00298552
3652,813661.4158,59140.84619,754520.5697,890812.1012,71819.69875,818992.4024,287258.8931,44670.08696,242588.8061,1.421042598,5.62708149,0.8566927314,86.17468622,54.08096107,87.46045097,54.68608179
3653,1118647.466,48736.87283,1069910.593,906906.9573,55255.89331,851651.064,354013.8986,51087.29094,302926.6077,0.4400045027,2.210842389,0.8597823205,88.32848511,33.7874889,88.51678077,34.18516805
3654,188227.2029,49322.40502,138904.7979,170155.1257,64608.68894,105546.4368,191367.1174,52687.9148,138679.2026,0.5179154602,2.59678281,0.8173038713,76.2222824,93.68374077,76.73885807,93.72096979
3655,66772.33087,49616.13553,17156.19534,51827.25282,52557.10187,-729.8490441,198158.171,58638.31071,139519.8603,2.486940094,2.725383026,0.803875151,29.74259155,69.20774628,30.7694049,71.47281258
3656,58161.25748,55368.17513,2793.082355,60342.44203,59794.28461,548.1574199,107737.3911,49351.85551,58385.53558,0.1679249099,1.740144073,0.7634684784,99.30242582,52.34657106,99.46836283,52.37233315
3657,748468.0546,54969.14694,693498.9076,698502.8168,51333.13871,647169.6781,323490.3396,54610.59814,268879.7415,2.919196545,4.169090169,0.6521089311,8.563317115,67.7872098,10.86582739,69.58168881
3658,210074.0243,53810.15128,156263.873,147244.3988,53270.21118,93974.1876,208801.3741,42852.89771,165948.4764,0.8843176521,9.708840341,0.8118794748,94.75030071,8.091265963,94.12673877,7.464218734
3659,56054.45923,55970.53143,83.92780316,24229.36616,35204.49897,-10975.13282,181526.1873,46354.69581,135171.4915,2.098552367,2.237133613,0.8436015001,87.68446843,10.68648658,85.60514285,10.40306606
3660,216797.7737,45551.08725,171246.6865,166324.7038,48541.65335,117783.0504,107518.4689,39658.47167,67859.99727,0.8496664191,3.888834663,0.8086399295,83.79738433,63.42576644,83.97135161,64.25743249
3661,174970.3109,54899.5741,120070.7368,179690.9639,43768.20555,135922.7583,221553.7705,46374.51334,175179.2572,1.200617803,1.871755356,0.7898556698,37.28788308,92.8763079,38.48849331,92.87204433
3662,907393.4253,54753.26889,852640.1564,582408.0285,54369.39135,528038.6372,330981.1733,43747.8436,287233.3297,1.353307226,1.990566935,1,34.46161536,27.88004372,35.27467667,28.96188093
3663,249952.7102,49703.59927,200249.1109,111569.8237,55279.04384,56290.77987,185077.8907,46558.42621,138519.4645,0.4148876561,2.627996143,0.6746368218,64.82016134,98.96354564,65.22420271,99.05779183
3664,854992.9798,64359.38791,790633.5919,712033.1316,50589.98495,661443.1466,389136.7623,63163.11436,325973.6479,0.8020236928,3.747905648,0.8193719425,4.086302658,60.14254692,4.751561636,60.59051176
3665,25853.00956,38639.3151,-12786.30555,62368.28652,48589.67966,13778.60686,91499.33264,56327.02273,35172.30991,0.8957182329,2.671902699,0.9219095663,28.86554856,92.25004386,29.75767084,92.16986293
3666,237251.8738,53096.74438,184155.1295,165951.4087,49330.31637,116621.0923,292628.9473,55581.1265,237047.8208,0.7695570013,0.9835708004,0.9085811861,47.11463698,88.40621786,47.79437741,88.76700993
3667,199742.1817,52003.60774,147738.5739,182283.0789,33187.42073,149095.6582,184380.2541,51910.32419,132469.9299,0.1502042566,3.090858982,0.7758159306,39.3306693,11.49350329,39.48025507,11.50711999
3668,34786.0375,42966.12684,-8180.089338,51947.85512,57864.43104,-5916.57592,125917.37,46281.56544,79635.80453,0.7738409125,4.719646036,0.8216836384,58.84587466,54.7888148,59.61067843,54.67089556
3669,946376.7357,39219.77385,907156.9618,611503.617,48135.95426,563367.6627,263977.6362,61612.80061,202364.8356,0.3600491686,3.101685477,0.8164232902,23.32604106,29.0902419,23.54407672,29.37676565
3670,833135.7527,51038.02101,782097.7317,867910.1561,47231.68149,820678.4746,234336.4558,45645.84399,188690.6118,1.379379443,2.083430045,0.5655202762,88.55243618,50.3411087,89.39504202,51.43321814
3671,205818.7964,45710.39703,160108.3994,219924.2748,48971.98312,170952.2916,241021.0602,57261.72917,183759.331,0.8396913118,2.262434691,0.7366986282,16.78402628,80.77975437,17.19467785,81.51217965
3672,1049033.972,43807.42354,1005226.549,630366.4212,49375.34733,580991.0739,212162.9373,53379.99037,158782.9469,0.474824513,1.905322448,1,23.5055417,22.13676317,23.75577237,22.54030119
3673,62164.79281,47187.09482,14977.69799,41359.47916,60997.79664,-19638.31748,92899.01466,53941.66123,38957.35343,0.4148222661,1.625223823,0.5357258275,2.794108701,38.30248815,3.150138031,38.51537457
3674,96676.68981,49648.24305,47028.44676,118197.843,51336.72042,66861.12259,248813.8635,48283.78487,200530.0786,0.552930563,1.875286636,0.7999493953,7.990344888,62.00658962,8.499442127,62.22234923
3675,153505.6124,42411.0378,111094.5746,167781.0375,43769.41609,124011.6214,130157.3208,38957.07392,91200.24688,0.6889888641,7.952534111,0.7313516513,91.17936765,11.64780614,91.82028142,11.90066025
3676,857605.7024,44521.11749,813084.5849,959078.5997,53021.46786,906057.1318,313037.2087,52070.54521,260966.6635,2.029955122,2.956927895,0.6999437289,65.79315854,66.06210961,67.18107843,67.54345905
3677,217545.6439,53765.53635,163780.1076,209199.5027,63412.89709,145786.6056,178824.6283,48608.55676,130216.0715,1.911289593,1.707608884,0.7157304525,94.55214686,22.65568437,95.02755172,24.50690508
3678,863264.6067,67405.6246,795858.9821,818349.3136,46837.76471,771511.5489,391824.1784,53880.36639,337943.812,0.6062928882,0.8140150945,0.7884419875,65.94112925,19.92754878,65.33730715,19.87286849
3679,283137.254,50813.26556,232323.9884,144791.8015,41625.74689,103166.0546,251451.7635,51854.75626,199597.0072,0.8284241287,2.679090808,0.8502443487,73.27166987,76.31639735,72.47875143,76.07646637
3680,948482.7468,48273.31561,900209.4312,764059.9256,54644.35071,709415.5749,296057.0755,56130.37087,239926.7046,3.883276211,1.53539988,0.8927581099,60.24149616,85.43145572,58.32278353,88.80760381
3681,271820.8219,53751.61871,218069.2031,157621.4385,49745.99993,107875.4386,160534.8691,42839.98304,117694.8861,1.247054383,3.673582992,0.9182164824,33.93146062,39.46759424,33.16041875,40.44771621
3682,51864.35097,62979.70272,-11115.35175,28435.35578,42302.50367,-13867.14788,114432.9604,53293.14464,61139.8158,1.157338736,3.707764574,0.6683454715,50.30210771,61.60911876,51.10811531,62.43965155
3683,931415.0539,56921.45862,874493.5953,696875.4002,47597.81338,649277.5868,280365.351,57465.23839,222900.1126,1.01690734,1.620470568,0.8346184872,4.090892368,43.82615465,3.211863413,44.33743602
3684,197167.3114,61332.84219,135834.4692,169651.3931,56085.60396,113565.7891,219568.7804,38669.0731,180899.7073,0.3493982081,2.946987316,0.916814546,69.50298494,10.78142016,69.73376677,11.04375365
3685,196316.7655,68119.59684,128197.1686,203929.8352,44550.09869,159379.7365,118162.9396,50141.54504,68021.39453,0.6798644503,4.372376944,0.8695183373,93.94754876,65.47196965,94.58903341,65.24677391
3686,50212.48214,48462.01918,1750.462964,34884.92665,40946.09856,-6061.171907,76247.5792,47825.02648,28422.55272,1.807750683,8.025297035,0.6520958549,81.02524787,42.38121307,82.53644599,43.37330318
3687,247720.9834,43750.55095,203970.4325,171749.7721,52167.48778,119582.2844,277047.5674,61508.74224,215538.8251,0.2475480981,1.268017771,0.9103243358,33.6053514,89.12309268,33.72921512,89.33742382
3688,49468.70942,56048.36601,-6579.656595,64620.84391,56559.12752,8061.716387,142974.3871,44781.89441,98192.49269,0.8710310417,2.654853712,0.7264918729,64.77020568,27.03837299,65.09381702,27.84705759
3689,835577.6735,46552.69447,789024.9791,723896.6123,62479.39096,661417.2214,287797.7559,50803.69904,236994.0569,0.1579649235,2.789956388,0.8063734564,61.39210041,11.01435883,61.33793303,11.16274621
3690,53287.62109,60992.63844,-7705.017348,42902.37712,44276.24366,-1373.866536,101587.6139,46982.00443,54605.6095,0.5996670169,2.617769736,0.8750576831,12.48204769,75.67007282,12.13161206,76.1566891
3691,70132.61974,57890.462,12242.15775,35873.45485,43106.09328,-7232.638433,126712.0342,57383.68419,69328.34999,0.2144047509,6.193448263,1,2.466435934,15.7589827,2.63576654,15.89049902
3692,203634.1933,61961.19231,141673.0009,181601.4298,50412.91023,131188.5195,239804.217,37722.57929,202081.6377,0.7871387403,1.615380243,0.8220786289,98.23821515,85.34272438,98.92193428,85.73274431
3693,52116.31977,46393.63564,5722.684138,42068.3023,57689.2473,-15620.945,168553.4389,49144.59845,119408.8404,1.39883348,2.014321433,0.6500721128,14.26601504,35.68557211,14.79221892,36.9816603
3694,150714.1838,43594.60416,107119.5797,188872.7751,64877.38344,123995.3916,270921.9109,50417.01406,220504.8969,1.757380966,4.17590596,0.5613470692,36.17999775,7.601171157,37.92796146,7.41948255
3695,47051.35453,47063.61256,-12.25802446,44955.49077,39156.27081,5799.219966,54907.10265,47271.55286,7635.54979,1.390335248,3.861496276,0.6993628372,98.7100487,91.81176787,100.0860245,92.01107356
3696,223972.0674,64632.32484,159339.7425,165954.1264,40893.94784,125060.1785,170228.7073,50149.51842,120079.1889,0.2410860111,1.282274255,0.681702174,25.39451204,86.15390245,25.56296441,86.3263735
3697,63066.71736,50632.65172,12434.06564,50599.48975,59024.13907,-8424.649327,113147.8361,50414.49469,62733.34137,0.5925068621,1.026151105,0.8136393669,5.511838936,77.2983815,5.907605553,77.73932726
3698,250972.5364,54714.32399,196258.2124,207514.1203,57442.25164,150071.8687,209340.726,53611.74476,155728.9812,0.619537639,2.569058622,0.6521706719,60.78996258,23.55972176,61.02465339,24.13308648
3699,236602.2718,58247.75951,178354.5122,160341.442,50225.39735,110116.0446,183276.7485,59784.1005,123492.648,1.364385686,2.04612286,0.7881383447,19.00533023,99.57374742,20.23472663,100.1654676
3700,831406.4031,56660.87301,774745.5301,1020907.897,47543.98065,973363.9165,278095.781,58257.83796,219837.9431,0.2582687124,1.909566783,0.7665417875,2.228979243,68.95146619,2.440428035,69.09976365
3701,886387.2408,57188.40466,829198.8362,588130.1544,50710.38387,537419.7705,258030.3265,45570.73652,212459.59,3.834510164,2.243041176,0.8699185375,25.55138454,93.57492772,27.66764214,96.77257091
3702,73118.98296,65312.01065,7806.972313,60933.08597,59379.57056,1553.515407,188209.4251,62768.46586,125440.9593,0.7213372197,2.3458946,0.7194841832,63.90090849,12.86654109,64.55006131,13.1810693
3703,56670.7869,55219.44438,1451.342518,68136.65204,58547.41077,9589.24127,108138.8732,50832.15105,57306.72215,2.087652586,3.091910089,0.7955313784,20.21150964,77.77354486,19.1885287,79.59338093
3704,286916.0854,66587.87389,220328.2115,194715.4354,37017.34158,157698.0939,236575.1883,42090.15614,194485.0322,1.928227202,1.403215245,0.8044267519,14.18884528,61.42845024,15.98716003,62.12424059
3705,844477.2046,57049.87381,787427.3308,762492.3192,31872.51278,730619.8064,333511.0016,49213.51144,284297.4901,0.6322170605,1.716894264,0.7885106679,95.99341705,5.547522229,95.86331963,6.166208801
3706,245794.6877,57670.93455,188123.7531,133706.4915,46473.75468,87232.73684,264555.2186,58474.31007,206080.9085,0.5238434015,2.966653701,0.7418740667,36.46313095,24.96265188,36.9408671,25.1775474
3707,26749.38688,38543.34558,-11793.9587,38210.14397,34550.73212,3659.411853,177695.3848,52651.73154,125043.6532,1.962868068,1.394188639,0.6715979834,78.57413974,99.77367758,80.33735994,100.6361772
3708,197260.1294,47443.9141,149816.2153,167930.1467,55708.53722,112221.6094,212723.217,56811.75902,155911.458,0.6102145463,1.890521293,0.8573294985,68.08693381,60.80989495,68.39289092,61.33786469
3709,1099900.947,52357.78967,1047543.157,732977.2994,52806.65225,680170.6472,241235.39,48776.57443,192458.8155,0.04715914014,0.9282427195,0.9842452611,75.34736755,4.905737746,75.39213087,4.890897593
3710,940940.6343,44526.7965,896413.8378,847119.9621,53730.07114,793389.891,256453.3432,43744.70004,212708.6431,1.352907279,2.371317308,0.7033692833,13.55065106,96.88269537,14.24882936,98.04153322
3711,845524.5215,52256.36852,793268.153,706027.2051,47304.23874,658722.9664,260239.7112,38388.10766,221851.6035,1.819398326,4.077867752,0.8061117033,11.13889561,93.01031244,11.77897794,94.7133993
3712,837380.2717,45778.38481,791601.8869,819815.2841,41376.48006,778438.8041,204855.3853,41783.94782,163071.4375,1.301347057,4.008247012,0.7854184812,25.01329033,57.17008069,26.29893987,57.37159848
3713,178576.6736,43521.30459,135055.369,201016.3829,49081.38486,151934.998,197978.4012,49975.48398,148002.9172,1.839652426,2.302548479,0.8980987758,13.35971848,95.39494334,14.19329568,93.75498294
3714,64629.12093,52293.13323,12335.9877,63364.47879,52492.25149,10872.2273,184642.5716,48741.00762,135901.564,1.520128648,1.110084701,0.9200515759,74.45422716,70.10057271,73.77772987,71.46187448
3715,1003224.001,57723.93264,945500.0685,689532.6251,52295.12441,637237.5007,258996.827,47562.35406,211434.4729,0.4832813464,0.7247913953,0.9883036684,26.79247816,60.44858607,26.36306764,60.67032344
3716,271197.5072,42131.82411,229065.683,176952.8588,46958.55598,129994.3028,136314.479,46534.36285,89780.11616,1.801534812,5.500701334,0.7385653692,55.94267203,59.66816351,57.73814491,59.52049888
3717,47733.28073,55291.48424,-7558.203508,50739.07285,55840.65652,-5101.583672,107280.7294,54010.98106,53269.7483,0.5671873861,1.392325675,0.8638783599,95.72717216,21.72518138,95.16434013,21.79533576
3718,950467.238,49913.10727,900554.1307,741285.8408,69334.05554,671951.7853,263232.0511,43279.57756,219952.4735,0.4198665964,1.506956172,0.6339169611,56.02629515,81.88270284,56.4198521,82.02899324
3719,67669.56406,53758.36218,13911.20188,42309.42015,52507.48889,-10198.06874,151504.0356,50365.2122,101138.8234,0.6562250985,2.443165798,0.9006813092,27.23333855,98.69144529,27.71785171,99.13402677
3720,171660.6178,57355.50054,114305.1173,187988.17,45459.33013,142528.8399,186313.282,56232.87565,130080.4064,0.5712086878,2.220883089,0.6593647016,51.4187597,2.079442809,50.8796881,1.890548216
3721,138619.3747,57614.27719,81005.0975,175112.0236,51455.39563,123656.628,189150.7747,42700.79413,146449.9805,1.838690934,2.696251084,0.6058983019,11.37593807,28.28117495,9.773476478,29.18278529
3722,32943.00522,46184.43072,-13241.4255,57137.57938,61642.24563,-4504.666254,116741.1237,44891.73338,71849.39033,0.4569987014,3.002712009,0.7595931293,6.788084294,30.23057725,6.96394801,30.65238262
3723,75382.30469,63883.61853,11498.68615,48583.28503,43079.16945,5504.115577,163558.8828,50128.11033,113430.7725,0.3339141052,4.724180265,0.8317658836,47.87856691,35.28443554,48.0271518,35.58346925
3724,26929.57932,49164.77766,-22235.19834,61169.60598,55722.63108,5446.974905,109667.0357,58848.24285,50818.79283,1.323952726,3.397967339,0.8008134061,51.32428717,43.34633282,52.49037062,43.97330986
3725,139510.7906,52771.33434,86739.45626,148786.2821,43968.85992,104817.4222,211473.8569,53045.46911,158428.3878,3.315572367,4.265954708,0.8208915444,30.24300815,55.04771953,28.82698958,52.04973496
3726,302579.1362,50712.91263,251866.2236,128577.8655,48171.47887,80406.38666,248873.277,37325.2075,211548.0695,1.876569325,1.533569001,0.7879701451,39.3411226,21.21014436,41.2165039,21.27690828
3727,37593.57952,53002.15855,-15408.57904,68226.44529,64795.26882,3431.176461,136686.9268,42053.95108,94632.97576,1.299324235,3.689019489,0.9052472926,53.75672378,74.84625468,54.96016816,75.33611698
3728,257038.7557,49080.30422,207958.4515,242500.368,55670.21993,186830.1481,153955.9608,44565.15677,109390.804,0.6274247636,1.501285384,0.684678594,49.70054501,8.068327813,49.96206531,8.638651376
3729,41936.03199,59345.45323,-17409.42124,49274.49257,52386.3661,-3111.873523,176413.1834,55094.85978,121318.3236,0.8721624679,1.846176414,0.69189207,91.26781226,27.84807294,92.0014926,28.31964534
3730,804590.719,61716.91605,742873.8029,770435.3762,51964.92437,718470.4518,276789.0462,56080.5574,220708.4888,2.674691231,1.646684328,0.8734345737,62.09409097,58.24700245,60.13102326,60.06368579
3731,320887.9941,48110.46348,272777.5306,127879.4255,40095.37167,87784.05378,260467.705,43688.75152,216778.9534,1.395111681,0.994440771,0.7784899268,98.38310243,54.50303493,99.70467826,54.9499957
3732,248672.1647,69928.92077,178743.2439,224735.5488,52273.50608,172462.0428,222231.7561,46299.65172,175932.1044,0.9359640162,2.453304932,0.6677961617,2.737899745,61.89943595,3.450058626,62.50677306
3733,195367.4355,47989.07557,147378.3599,159841.048,63292.02706,96549.02098,166000.3971,38377.00117,127623.396,2.068301301,2.206265934,0.9407963514,63.75889683,73.54019582,65.22769658,74.99638865
3734,957310.0556,67218.44038,890091.6152,710867.3357,53129.43284,657737.9029,287331.4224,59748.04849,227583.3739,2.689941329,5.005234361,0.5680942445,55.68467801,3.168033298,55.01105637,0.5638024636
3735,50883.39637,61080.51243,-10197.11606,38771.46407,37277.69587,1493.768202,176159.915,54726.43702,121433.478,0.470513282,2.347748117,0.8505505783,13.38999186,54.7489464,13.78404024,55.00606237
3736,200707.617,42243.90443,158463.7126,143268.899,57485.46784,85783.43118,206542.522,46185.94192,160356.5801,0.9195188641,3.546045109,0.6466453978,18.70550708,75.19856659,19.08378021,76.03667421
3737,213404.4158,67749.38871,145655.0271,126817.4571,47111.73146,79705.72567,142423.1807,50549.85198,91873.32869,0.9810248366,1.615970132,0.6097653976,9.724358509,71.79751365,9.730252122,72.77852078
3738,124016.0869,45574.12269,78441.96424,164840.546,52614.15661,112226.3894,164517.7949,48757.32325,115760.4717,0.2958531979,3.746209713,0.9549827188,62.61765779,40.07985376,62.74640834,40.3462227
3739,56252.046,59992.87272,-3740.826719,60373.07851,51530.85437,8842.224144,206215.8673,46593.89996,159621.9674,0.8369384535,3.489272498,0.7920808383,21.09265318,65.75963815,21.82947187,66.15658172
3740,220161.7864,61501.17579,158660.6106,194712.0108,51549.73091,143162.2799,186988.9564,47268.96063,139719.9958,1.003333202,2.096184312,0.5841273852,37.24225394,31.32985118,37.46457347,32.3082435
3741,206992.2271,55200.76144,151791.4656,156082.6413,59836.4119,96246.22936,255949.2371,52805.87255,203143.3646,0.4644749622,2.761730521,0.6219873128,0.7728771721,1.888177423,1.217368331,2.022953533
3742,935905.9562,62078.97017,873826.986,679112.4141,36413.23542,642699.1787,348127.2164,59054.37433,289072.8421,0.4118726491,6.947743079,0.7339172947,76.37908336,99.84516601,76.78483294,99.91592164
3743,748245.1059,55938.34783,692306.758,628395.8559,58657.11646,569738.7394,318667.2966,54864.95194,263802.3446,0.3333749979,2.389786183,0.757688675,17.74997309,25.04846261,17.90249787,25.34489992
3744,745706.7103,47383.56307,698323.1472,848447.7635,47809.15675,800638.6067,251262.3626,47487.63213,203774.7305,0.4404725702,5.259376534,0.8218343114,66.29001974,73.63648715,66.03493046,73.99557703
3745,872279.3469,48814.85675,823464.4901,940489.4596,61376.11944,879113.3401,242695.0579,50837.65274,191857.4051,1.074126316,1.381959969,0.7253710267,73.88599348,94.91253786,74.54889571,95.75770528
3746,820148.8928,56698.87407,763450.0187,692866.913,61568.51475,631298.3983,262027.2524,51251.68816,210775.5642,0.7815041898,3.638956769,0.8523855469,67.06746967,18.17136141,67.62740293,18.71654353
3747,45244.76164,41826.11514,3418.646498,48687.77008,55990.36092,-7302.590835,173857.6525,55876.41581,117981.2367,0.8562909681,3.67499977,1,23.59925304,7.665861653,24.17811002,8.296859926
3748,1005872.663,48877.62257,956995.0406,712567.2528,55355.31515,657211.9377,284264.4655,45468.35023,238796.1153,0.6714060058,3.278246099,0.7941102205,45.67943943,27.91517478,45.50952419,27.26562506
3749,43864.76764,46461.80855,-2597.04091,47744.35901,42232.67799,5511.681028,50596.10822,45783.11919,4812.989035,1.273744379,5.654721671,0.6987900923,29.89638154,29.65159457,29.24954762,28.55431128
3750,53439.28943,61801.06528,-8361.775842,45315.68395,49813.01539,-4497.331443,104934.1323,41776.29052,63157.84175,0.3641259793,3.715951268,0.7796700326,94.2126008,29.96425321,93.98243967,30.246412
3751,49036.71663,59551.01102,-10514.2944,53568.87052,56121.67696,-2552.806445,122703.3806,55738.50738,66964.87325,1.333534787,3.360474387,0.646240117,41.04217504,83.96787265,40.03825728,84.84563353
3752,37434.38904,52283.53252,-14849.14348,57606.18902,54307.38138,3298.807641,162586.9556,54484.90959,108102.046,0.633057698,4.818603899,0.6897539149,26.42405401,71.17480703,27.03877284,71.32607769
3753,974256.9694,50152.63089,924104.3385,798036.0646,52489.95265,745546.112,216674.4602,48626.86358,168047.5966,0.4916782746,4.153039032,0.766487269,49.26276671,21.85661364,49.6211435,22.1932345
3754,219974.2614,51818.84657,168155.4148,185907.5421,50195.92969,135711.6124,190128.6792,45036.18778,145092.4914,1.373158429,3.781764488,0.8150910521,48.17028274,14.42608016,49.30044653,13.6461482
3755,921631.1171,57594.83072,864036.2864,818946.3353,56998.08069,761948.2546,258655.7569,47732.55789,210923.199,0.9840335816,2.232954792,0.6415263547,73.62213796,37.41017074,74.3062312,38.11751685
3756,24368.46693,36800.24826,-12431.78133,49969.19427,54445.91538,-4476.721113,115276.3216,49810.9436,65465.37802,2.412056412,2.649393941,0.7477733076,92.61905604,8.212049926,92.13888724,5.848270313
3757,71310.67128,65035.00777,6275.663515,68131.0678,61180.67257,6950.395237,124123.8124,44211.69745,79912.11494,0.5105184362,1.761443181,0.5666152912,40.18838202,26.3733745,40.33747868,26.86163597
3758,990931.1744,54950.45259,935980.7218,544212.8033,50318.97412,493893.8292,319592.4308,46184.04324,273408.3876,3.868677146,5.561157162,0.6123068197,0.1959969119,6.507988918,-1.777636647,9.835365277
3759,70971.43899,69192.89898,1778.54001,34797.67261,38955.39104,-4157.718426,203308.2926,48038.24544,155270.0472,1.562468865,3.666008107,0.7605470993,72.25438095,75.4584899,73.65999506,74.77617185
3760,932846.8995,59868.33485,872978.5647,800245.0037,54065.31561,746179.6881,286188.8762,40474.73085,245714.1454,0.6089899289,3.8702577,0.7135487414,37.48216287,10.13239412,37.92053701,10.55511962
3761,41341.97404,57677.12418,-16335.15013,38095.55454,47777.35696,-9681.802421,182799.2744,52812.67561,129986.5988,0.7573784165,4.537319582,0.5920716122,6.124056595,19.73949687,5.738363393,20.39131189
3762,67758.02268,50622.88943,17135.13325,37806.01326,42035.82687,-4229.813608,168485.2291,51183.28199,117301.9472,0.5272167,1.781514027,0.7867138974,30.07206817,31.79387598,30.59718899,31.84083954
3763,770781.1917,46506.99083,724274.2009,711444.5802,59040.70333,652403.8768,254541.0262,43566.21293,210974.8132,0.8700466306,2.846293572,0.8503789106,9.137513825,11.65479002,9.938730393,11.99395539
3764,29362.76124,43966.86425,-14604.10301,50347.41154,55259.94014,-4912.528595,223314.5567,47098.04241,176216.5143,0.530283876,4.791182348,0.8239114265,16.26907482,88.27764031,16.58984683,88.69990362
3765,171388.1624,53308.50087,118079.6616,178737.3353,42233.00645,136504.3289,226375.1851,64724.01552,161651.1696,0.5087857764,1.104891434,0.7568006896,10.77972996,61.95238528,11.17516439,62.27253302
3766,937820.8082,55339.85943,882480.9488,712795.4712,46380.72298,666414.7483,302087.4854,46489.6836,255597.8018,2.000725304,2.287760817,0.7668827085,18.25456857,5.06520141,16.32549573,5.595842256
3767,839749.7233,34538.39067,805211.3327,683328.0871,55791.07055,627537.0165,319511.4023,47053.98861,272457.4136,1.224395709,5.425962923,0.698070771,18.38081413,79.51284152,19.20237022,80.42069087
3768,212121.6171,57543.46686,154578.1502,171007.6033,56300.33637,114707.2669,219002.3693,48017.64307,170984.7262,0.04731091304,2.242048681,0.7619946334,63.52817001,61.95508548,63.56208418,61.98807262
3769,72453.00195,53503.40721,18949.59474,64452.87934,59068.505,5384.374338,131984.7143,49002.61072,82982.10358,1.197409839,2.75596617,0.687211985,82.4834174,1.736267952,83.54147089,2.296904315
3770,42619.34292,50273.17482,-7653.831902,59526.96618,49855.89145,9671.074737,96301.16374,47190.74257,49110.42117,0.07719497846,2.500150959,0.782029738,38.47465175,6.68116112,38.54808619,6.704961276
3771,994580.8298,52334.79998,942246.0298,519060.417,42150.66381,476909.7532,322976.5031,42267.17325,280709.3299,2.41741135,2.963599325,0.8155771327,32.72940149,54.31986715,34.63469529,55.80772909
3772,1025572.144,61946.80096,963625.3427,801378.0545,53349.59862,748028.4559,360410.267,48848.8319,311561.4351,4.200271762,3.952756144,0.8571996456,78.59534651,64.80814608,82.52173742,66.30003659
3773,198226.2626,45838.90498,152387.3576,199691.5509,57307.83458,142383.7163,196635.8489,41637.13609,154998.7128,1.114133,1.535296055,0.6706130815,53.08990786,53.24277419,53.39059284,54.31556536
3774,180510.568,44866.54942,135644.0186,186190.489,56662.05865,129528.4304,208079.0815,42395.02632,165684.0552,0.9481340213,4.753525577,0.7997914423,21.41484463,53.55595397,20.92858578,52.74200652
3775,996071.3533,46828.19324,949243.16,857707.7274,45153.83393,812553.8935,304237.3369,54566.38973,249670.9472,0.9325146142,2.056069145,0.8388855112,74.85207977,3.192426688,75.49061567,3.872026131
3776,38707.14027,48526.57606,-9819.435795,55403.03807,59916.80915,-4513.771081,218291.1232,56666.96974,161624.1535,0.3255681627,2.341345853,0.9758439051,94.31743605,19.86004706,94.59248456,20.03423934
3777,129057.8591,54504.57089,74553.28824,128006.162,51931.03057,76075.13143,220447.1084,53770.53068,166676.5777,2.534156824,1.751128353,0.7189956861,64.07506571,1.640937779,66.57012512,2.084366815
3778,161010.0509,62153.40367,98856.64728,199512.581,56453.6865,143058.8945,252910.8532,47488.52003,205422.3332,1.797064987,5.060792287,0.9224978532,67.83351059,13.43124228,69.62017212,13.62433071
3779,45823.3415,63315.57413,-17492.23263,47732.64904,52332.82224,-4600.173203,92415.4731,55561.94128,36853.53182,0.2678036131,3.834994519,0.7909297026,30.55017197,12.9121568,30.54646319,12.64437887
3780,43864.69988,43682.20027,182.4996061,65005.55155,68916.87936,-3911.327809,91026.4844,44242.88702,46783.59738,0.3789850928,4.187997581,0.8186765333,16.34833811,13.42558177,16.47103634,13.78415511
3781,47775.3009,62753.96556,-14978.66467,72739.60897,70443.58508,2296.023886,95281.1943,46948.74873,48332.44557,1.480901566,2.201340818,0.8368046034,80.47276139,10.80903513,81.42561887,11.94267179
3782,57080.09683,54734.61916,2345.477667,50795.72384,55293.57526,-4497.851415,89794.57533,53832.16223,35962.4131,1.251068776,2.353293446,0.8544653367,59.85493699,95.28680291,61.079904,95.03258075
3783,149539.1991,59317.65651,90221.54256,133549.2198,59863.98867,73685.23112,168103.6918,39168.27985,128935.412,3.755981066,2.221936448,0.8278365378,94.12854959,55.50921116,97.58729754,56.97360741
3784,214962.2292,60349.66908,154612.5601,113542.9674,52786.00614,60756.96131,220825.0036,57094.44018,163730.5635,1.201383991,1.17317881,0.9067946312,34.7562564,74.35773131,35.76267683,75.01381166
3785,57270.91702,55256.76847,2014.148545,42284.99738,51687.62383,-9402.626441,124304.0464,44113.61543,80190.43093,1.440484473,4.938576742,0.7874496064,21.46690999,26.94118956,22.5804606,27.8549732
3786,47507.44909,56408.81211,-8901.363018,66920.24528,53946.48771,12973.75757,130924.0963,52708.99185,78215.10447,0.2181802837,1.916921768,0.8998609155,47.76995349,46.06638939,47.9880618,46.07199314
3787,67610.10176,62395.36373,5214.738028,50139.08303,55382.37177,-5243.28874,120801.3277,43133.84098,77667.48674,1.49870508,4.387450212,0.7716785251,50.59269235,97.67848757,52.08869685,97.76841776
3788,948275.075,50626.96918,897648.1058,734874.2846,51679.95271,683194.3319,306306.9445,57274.57279,249032.3718,0.9572989864,1.671926862,0.8290891392,94.94984111,51.83286455,95.90013246,51.94848325
3789,223313.7508,53512.70689,169801.0439,140017.7583,40368.72122,99649.0371,217359.9045,50376.87533,166983.0292,2.067304556,1.873502075,0.5454893295,89.20510154,72.72931776,90.92997791,71.58977855
3790,181221.9433,56299.63788,124922.3054,150331.7389,52520.80595,97810.93293,264112.4906,45344.19426,218768.2964,0.4806194875,3.216894559,0.7220207931,97.35035942,66.63432116,97.81808166,66.74491499
3791,78160.85463,62650.08623,15510.7684,45791.98397,40464.26966,5327.714312,143614.9116,50500.97529,93113.93634,0.244660745,2.105602824,0.8443376715,66.3442343,49.08527351,66.57442954,49.16815312
3792,222131.6633,74068.38771,148063.2756,229292.3786,63114.69235,166177.6863,239195.1348,55279.4953,183915.6395,1.844441754,6.189580926,0.6462011882,2.177944649,10.21472832,3.595163346,11.39517593
3793,907938.5668,54832.58309,853105.9837,711888.5284,49682.99599,662205.5324,268996.4035,53154.98392,215841.4196,4.70003635,4.177521054,0.6430862256,44.53358018,76.57739843,49.12867145,77.56506126
3794,1058365.582,61662.73897,996702.8435,687833.3266,55607.13234,632226.1943,272063.4997,63516.11904,208547.3807,1.425811556,3.438171904,0.7149880022,17.4198794,46.64905024,16.57621756,47.79847327
3795,178950.5224,60142.66642,118807.8559,207698.4506,64852.94797,142845.5027,168157.042,57734.13976,110422.9022,0.8877517388,1.237673179,0.5757200286,13.5566613,71.68672329,14.389259,71.99475611
3796,916066.7321,44402.10839,871664.6238,739710.5394,49037.95134,690672.5881,334772.4667,55629.04113,279143.4256,0.4730275515,3.741200483,0.5340334581,21.59486618,6.594153123,21.95831537,6.896906732
3797,958608.2694,62637.15315,895971.1163,670273.3455,55511.80542,614761.5401,301888.1022,52156.31947,249731.7828,0.7892389823,2.319509926,0.7782277061,35.28231459,85.11102905,35.60083793,85.8331378
3798,785975.4037,61571.8907,724403.513,717531.4151,55967.71853,661563.6966,239939.6106,44663.63326,195275.9773,0.2127937379,4.668685559,1,19.68967834,38.04699953,19.60694905,38.2430532
3799,222811.627,48896.19083,173915.4362,136413.9321,55515.27704,80898.65502,170334.9785,53270.32343,117064.655,0.9623222583,5.366456012,0.7963095665,71.21504558,94.12560133,71.3792419,95.07381212
3800,147968.6761,37106.15159,110862.5245,145348.3375,43713.80055,101634.5369,164944.9161,44177.03125,120767.8848,0.8113542173,2.212492659,0.8941402239,59.12054802,88.13177481,59.40847684,88.89032122
3801,1042565.631,60746.24373,981819.3868,871184.7137,49547.76213,821636.9516,285027.6949,56999.45407,228028.2409,1.096736917,3.71990739,0.6390253805,63.47676533,34.10052461,64.12282985,34.98677091
3802,270056.9791,69860.1164,200196.8627,164144.9136,54623.27277,109521.6408,171695.0196,47654.72274,124040.2968,1.190618252,5.525177616,0.8622759282,6.940656793,80.16071121,6.939394173,81.35132879
3803,60256.97744,47534.97348,12722.00396,60831.98945,58426.48782,2405.501632,131628.8904,44771.06015,86857.83021,0.557005627,3.275556745,0.8863148736,77.37047985,65.56425999,77.24480251,66.10690211
3804,35387.12395,42082.98831,-6695.86436,49132.58982,41736.80404,7395.785782,149719.9735,56252.53584,93467.43765,3.44442402,3.18347271,0.5607306147,42.24807482,85.2099686,40.46111092,88.15459367
3805,182530.5891,45909.5472,136621.0419,176604.9211,46996.56361,129608.3575,184843.6413,40547.8676,144295.7737,0.2511930684,2.869392412,0.8968595049,60.33517835,78.22694388,60.23891012,77.99493011
3806,54176.60836,66104.95555,-11928.34719,27583.0695,44468.77051,-16885.70101,155400.9448,45812.0561,109588.8887,0.7407755653,5.203295379,0.7952858153,23.49566531,74.11958994,23.7454949,74.81696617
3807,56198.18176,53275.2986,2922.883159,64020.63175,56194.29612,7826.335632,80896.26207,58002.50043,22893.76164,1.265767985,1.049756481,0.8905922252,88.3598474,8.976842605,89.34318105,9.773851718
3808,721612.4127,64366.953,657245.4597,900221.431,46764.10777,853457.3232,228227.4826,53778.14258,174449.34,1.427877371,2.365288539,0.6096957616,40.54173305,92.26806842,41.95588344,92.46558411
3809,1021326.989,52505.23674,968821.7522,732346.3887,57747.83059,674598.5581,281730.2139,44971.30272,236758.9112,1.014035564,4.958655398,0.7115435327,10.65260248,84.10660443,11.58387564,84.50785053
3810,41301.35087,52823.89086,-11522.53999,38887.66864,43491.19134,-4603.522704,135513.2385,52686.83054,82826.40796,0.6659910771,1.588482535,0.6351755542,59.87396837,17.78592382,60.51962889,17.94922296
3811,160881.0945,60875.99447,100005.1,102750.2206,44961.24637,57788.97424,219137.5578,56394.61255,162742.9452,0.05598749735,5.031537544,0.7239881478,15.07634213,71.20626985,15.11245408,71.24905451
3812,181782.0222,49223.02183,132559.0003,171012.3162,46159.59579,124852.7204,159944.1733,51782.92646,108161.2468,0.1155042493,8.453339367,0.742855561,35.31220903,20.76614127,35.40799411,20.83068932
3813,27875.90329,48327.01695,-20451.11365,40588.27055,45961.8075,-5373.53695,104134.2424,38121.19879,66013.04361,2.796555385,1.865215096,0.7217242762,53.84515678,58.92479611,56.53643616,58.16470577
3814,56383.49977,67396.6085,-11013.10873,55338.13767,59113.71301,-3775.575336,124828.4363,51422.43116,73406.00514,0.8009325603,3.328889521,0.8066508331,44.3668066,60.84658017,44.81518492,61.51024413
3815,256717.5993,53091.2266,203626.3727,103163.4651,45352.24376,57811.22132,237468.3331,46852.34625,190615.9869,3.270911455,3.511846391,0.760200059,71.03755312,52.43822327,68.28168779,54.20005983
3816,240322.5165,50742.86218,189579.6543,191270.0442,55106.82399,136163.2202,90612.96953,54602.58442,36010.3851,4.169272959,1.453626205,0.7643667504,27.1075289,95.29982585,28.83907501,99.09252741
3817,57662.36224,52753.76739,4908.594857,54216.46629,51001.2914,3215.174891,161296.5366,44196.16304,117100.3736,1.098511696,1.83523658,0.8769344823,48.00897862,8.13131347,48.53205447,9.097294632
3818,19696.99348,63686.81233,-43989.81885,31107.86939,44204.92302,-13097.05363,186115.3701,63260.81375,122854.5563,0.9289778643,4.337651442,0.7158740997,0.5943726062,53.01727542,1.368678247,53.53054986
3819,910931.2607,68913.58286,842017.6778,852070.1712,62801.40339,789268.7678,305725.9984,55500.64044,250225.358,0.8615240757,5.769448566,0.941210186,24.24593684,49.85672629,24.75221001,50.55379962
3820,38996.19082,49087.87072,-10091.6799,61409.43844,41489.49178,19919.94666,132983.6671,36976.11017,96007.5569,1.005246479,2.115703826,0.7791558971,20.80391855,0.9489987525,20.89671308,1.949953126
3821,54837.18645,52651.27238,2185.914061,62054.20892,57622.28339,4431.925535,148571.2554,55485.6642,93085.59115,2.395924958,1.06462552,0.8630476689,11.611689,63.80345115,11.71983562,66.19693411
3822,182685.4096,60973.28388,121712.1258,164374.5593,64312.78412,100061.7752,159834.6109,49054.93689,110779.674,2.53529893,8.684325794,0.7983265647,40.34994632,49.50422668,41.45990489,51.78364166
3823,198372.5396,57915.7239,140456.8157,175309.9183,54215.08534,121094.8329,247413.1458,59860.7366,187552.4093,1.082190964,2.328132267,0.8275445269,79.9687875,70.44834772,80.04411042,71.52791418
3824,797174.4259,45148.54204,752025.8839,702882.4992,56412.35574,646470.1435,287591.03,52674.75653,234916.2735,1.522406827,4.408454912,0.9971036144,59.67319286,82.87484699,61.15102316,83.240552
3825,182102.8003,69666.73063,112436.0697,225864.7847,49186.74558,176678.0391,223648.7684,40742.68836,182906.08,2.082157696,1.593165447,0.7944599445,46.71883271,72.97961096,48.36430238,74.25546762
3826,867940.0354,59769.80165,808170.2337,593822.1593,52376.39407,541445.7652,221677.9782,50450.12647,171227.8517,1.481294421,3.417074741,0.8914306466,34.26074082,71.97797185,35.23578934,73.09310124
3827,731254.1918,45168.86667,686085.3251,779503.5568,45184.26085,734319.296,312847.0451,57102.81573,255744.2293,2.847211151,2.487033957,0.888699375,36.19247954,6.709240644,37.96150728,8.940193846
3828,829960.7316,64157.77816,765802.9534,772371.3206,46702.42465,725668.8959,263368.7411,36679.7388,226689.0023,0.8205697393,3.387734456,0.8100502095,97.32340759,95.34609716,98.11985594,95.5435933
3829,939596.8464,67163.40846,872433.4379,641993.0135,44111.44281,597881.5707,245343.1136,34574.20534,210768.9083,0.2581403649,2.561158997,0.7862145864,7.101041733,6.068783028,7.157984804,6.320564549
3830,187412.2433,58830.41861,128581.8247,126430.1111,45551.57102,80878.54004,236677.955,57531.21536,179146.7397,1.064594181,3.464931401,0.7799332271,41.00469535,67.24878264,40.89094013,68.30728183
3831,28345.64589,42589.9259,-14244.28001,47595.7939,54572.66353,-6976.869631,158443.3602,41624.38796,116818.9722,1.250705478,1.767767953,0.8119664844,61.27895647,60.33079283,61.80121824,61.46723765
3832,657269.709,48689.57261,608580.1364,724266.9297,54128.42536,670138.5043,272284.9445,39037.81072,233247.1338,2.00200929,2.784381657,0.7894607791,51.75636139,62.44118402,52.67111582,64.22198876
3833,195184.6387,70269.46164,124915.1771,161815.8423,52419.6507,109396.1916,153495.7589,49153.0295,104342.7294,1.138466707,2.20589053,0.566782633,0.4407001991,81.95924087,1.312608248,82.69128103
3834,38735.48513,47263.60304,-8528.117915,47368.50166,58707.66734,-11339.16567,85962.13894,47925.65445,38036.4845,2.151659979,3.323532065,0.9061922494,43.54246155,4.246775133,43.16534851,6.365129781
3835,40498.6097,56789.26807,-16290.65837,46158.15789,45709.60917,448.5487192,147813.228,50892.24442,96920.98361,1.491165835,3.164660853,0.8354728211,36.25051119,16.04351383,37.13105697,17.24693174
3836,276496.0372,51667.75015,224828.287,210426.5338,47167.78414,163258.7496,173932.4025,52513.48938,121418.9131,1.099768268,1.573102939,0.6756333406,47.72808989,72.94134673,48.29646038,73.88285894
3837,142955.8025,54872.6304,88083.17208,197436.3368,51986.24514,145450.0917,212604.9836,48497.02426,164107.9593,2.305048584,1.263998148,0.7604622421,0.2952384507,98.74810347,2.532439125,99.303245
3838,878545.8628,50846.01758,827699.8452,750868.2458,67514.06069,683354.1851,297207.0022,49325.69954,247881.3027,0.304857133,2.866950776,0.791705478,71.94093708,15.51395282,72.22459375,15.62565225
3839,859755.5278,57933.19391,801822.3338,802904.7799,61915.78137,740988.9985,326338.068,58131.45483,268206.6131,1.606810032,1.504519131,0.5381605943,57.29161559,2.858450812,58.87318722,3.142122597
3840,53244.10513,63094.78408,-9850.678957,60946.54105,47938.07784,13008.46321,130199.1481,57848.7093,72350.43877,0.4841896452,2.80222616,0.9624041866,56.46810847,83.68925633,56.77135417,84.06672376
3841,43776.26167,55049.15459,-11272.89293,36461.62353,42042.10717,-5580.48364,156511.9449,47472.79407,109039.1508,0.4749577634,2.112784511,0.8844797974,13.31321452,70.0687115,13.46935709,70.51726961
3842,820101.3411,61458.7829,758642.5582,677709.5859,31146.71119,646562.8747,266885.8074,43615.92139,223269.886,0.9539667619,3.822020455,0.7515602055,68.18962634,67.70949673,68.03651546,66.76789722
3843,289066.211,71294.60599,217771.605,164369.543,32871.23192,131498.3111,196143.5354,42154.21002,153989.3254,0.709065267,2.994532176,0.7373927401,3.220369068,56.16591825,3.802229362,56.57114923
3844,44227.03809,58178.32615,-13951.28805,49227.23309,46524.6833,2702.549789,65248.5501,44650.1105,20598.43961,1.075623209,2.467915796,0.7909876556,56.04847617,93.770901,56.86164201,94.47497955
3845,54484.51853,56551.57269,-2067.054158,34489.85745,42239.39594,-7749.538492,198198.698,44275.16528,153923.5327,0.911582482,1.26687443,0.9074552373,27.01575544,1.607767632,27.92732932,1.603806707
3846,63822.48445,68612.39488,-4789.910433,37103.29003,43392.62812,-6289.338095,137612.6304,58679.55983,78933.07058,0.6715635208,2.057071151,0.6223553589,53.27465471,15.2355811,53.2504296,15.90670754
3847,63811.13334,61056.7674,2754.365942,25547.45,33539.04195,-7991.591949,177597.7871,50690.01312,126907.774,2.936083422,4.236890993,0.891017899,92.70832586,37.31935186,95.57998796,37.93102384
3848,904363.3804,59924.60919,844438.7712,675373.3295,57024.81203,618348.5175,324030.9027,52835.11556,271195.7871,1.480511652,4.491506365,0.9040847017,92.82540326,23.23860359,93.77210482,24.37687899
3849,181899.9488,49023.04999,132876.8988,116079.8495,41797.38699,74282.46252,229383.5492,37588.20831,191795.3409,1.025744341,2.849599772,1,31.9329415,78.59400018,32.94129614,78.78207565
3850,771417.1531,52006.74592,719410.4072,723231.8065,69278.84232,653952.9642,266520.7166,53962.93842,212557.7782,2.401798317,1.008001966,0.669857227,96.12494631,99.32185953,97.6918128,101.1421794
3851,781478.2807,56518.81966,724959.4611,755573.3507,61251.40638,694321.9443,288515.0514,62004.9496,226510.1018,2.042061403,5.740383515,0.8228132118,10.64750669,2.758899781,12.6895681,2.758960846
3852,261686.8434,54020.93081,207665.9126,156047.6593,59123.70593,96923.95339,210320.3681,49094.21562,161226.1525,0.4541065162,7.288000709,0.6989820397,61.9356146,52.23288476,62.12332654,52.64637835
3853,229292.7589,48730.74007,180562.0188,180706.6633,54022.61621,126684.0471,212870.3419,54689.40674,158180.9352,1.072586253,3.275608623,0.6434523223,82.3619461,23.10495418,82.65817275,24.13582325
3854,1122887.033,54734.60499,1068152.428,819309.0715,59966.72103,759342.3505,282787.3502,55259.17746,227528.1727,1.159065599,2.075230033,0.8772390744,0.9148412618,97.89842483,2.053793465,98.11341539
3855,54636.61417,61888.22722,-7251.613043,50453.54357,41959.8764,8493.667171,154599.9526,54425.15265,100174.7999,2.225288647,4.255770871,0.5314619589,50.37302492,97.72780982,51.77603718,99.45508113
3856,743888.329,49627.95316,694260.3758,711101.9538,54365.32539,656736.6284,261978.2743,42779.433,219198.8413,0.5119449748,2.225401261,0.7235016744,91.21481689,99.33659581,90.70350308,99.31118242
3857,45978.4802,56722.36007,-10743.87986,62817.00906,56429.02206,6387.986996,78353.44359,41045.42987,37308.01372,1.278032129,6.824869837,0.9910751039,31.74601938,37.69827783,31.70454339,38.97563678
3858,804827.4624,58490.87558,746336.5868,755677.8735,46439.04251,709238.831,343216.5516,57541.78603,285674.7655,1.071653066,2.896931736,0.7236616262,37.12092793,43.24545457,38.08845118,43.70625718
3859,74105.62739,60098.3483,14007.27909,66913.11209,55148.44541,11764.66668,178367.6338,41635.7579,136731.8759,1.99548986,1.905120928,0.8488174807,28.56465397,89.94088478,28.17718559,91.89839545
3860,1184825.675,66096.98268,1118728.692,720018.6913,45242.1965,674776.4948,254545.3258,52733.01133,201812.3145,0.5638174616,2.604490129,0.6296970619,6.893099487,83.15918888,7.372599597,83.45578587
3861,230755.0214,56174.11475,174580.9066,233211.3064,63111.83398,170099.4725,168677.8665,60979.44611,107698.4203,0.4000723704,4.639722048,0.7030411541,97.12872272,74.80038194,96.87569043,75.11027316
3862,806470.81,52723.11211,753747.6979,986802.4929,47117.60278,939684.8901,216992.1107,43296.25887,173695.8518,0.3871408695,3.758049963,0.6412199062,26.87978706,85.02433554,26.92864322,85.40838128
3863,782012.7676,36248.25036,745764.5173,833040.5887,54759.79003,778280.7986,270447.5532,51301.74113,219145.812,1.089207531,4.145538011,0.9221727354,50.0930302,61.23194116,50.73724872,62.11020965
3864,250062.0745,65067.79677,184994.2777,187966.9237,55552.44118,132414.4825,328654.3502,57154.96572,271499.3845,1.985353928,1.608742638,0.8239888521,13.58389287,35.60431754,15.1859824,36.77689562
3865,928595.0726,55046.28144,873548.7911,649410.0115,48983.08136,600426.9302,313908.2722,48172.96847,265735.3037,0.3522097123,1.672280959,0.7948478113,66.67941113,92.04102968,67.01720779,92.14075479
3866,40215.45779,56434.71331,-16219.25551,59138.07906,56886.15129,2251.927777,144496.7994,44612.8791,99883.92026,1.819311724,2.656945356,0.81454704,50.50570529,41.53032908,48.70495664,41.78955765
3867,190051.1359,52528.70766,137522.4282,199041.6079,45616.8381,153424.7698,226759.556,50981.64345,175777.9125,0.5953082861,4.081048863,0.7014565776,44.38034754,28.63127383,44.76940908,29.08185464
3868,204264.6275,67440.61635,136824.0112,134141.8065,51836.88032,82304.92616,232008.1672,59046.76568,172961.4016,0.4050560744,1.818144836,0.8214065904,90.16775501,55.03390866,90.39077108,55.37204215
3869,1076129.089,48961.71836,1027167.37,870022.6489,47318.37988,822704.269,298186.2481,35791.13396,262395.1142,1.049752844,5.066652578,0.7594700565,59.32577846,91.80586693,60.14650275,92.46038405
3870,187240.8289,59503.05504,127737.7739,153366.1269,46921.773,106444.3539,202992.2446,46858.36584,156133.8788,0.6737621435,2.63146116,0.9058531152,66.515016,33.76674433,67.18798566,33.7340753
3871,1044359.405,49690.7722,994668.6328,845727.1047,55034.06537,790693.0394,307120.9589,43686.64347,263434.3155,0.3974729586,4.909991345,0.8499634912,99.91112801,91.29997181,100.2970857,91.20499046
3872,110363.6104,50765.81599,59597.79445,170287.793,62748.5479,107539.2451,215470.2318,55162.50412,160307.7277,0.5103274995,6.340787772,0.8358503284,92.7876804,36.86681411,92.8013204,36.35666893
3873,643846.0096,69206.88235,574639.1273,620647.4898,53179.49247,567467.9973,245584.4077,46258.12544,199326.2823,0.8943517229,2.710768764,0.7311825545,12.03070385,65.72537566,12.92105375,65.80988634
3874,879968.4083,61241.22674,818727.1816,736894.3661,63366.64529,673527.7208,259612.1457,55905.21221,203706.9335,2.126018179,2.083442586,0.8839375322,22.37240259,66.39534157,23.77197766,67.9956987
3875,1086310.104,64521.55153,1021788.553,796445.3993,49468.70596,746976.6933,289628.2755,55571.90879,234056.3667,3.234004522,5.408996796,0.6563066042,60.18102565,45.27848066,62.93696089,46.97069998
3876,250422.6819,51812.31752,198610.3644,218069.0905,48150.15485,169918.9356,236692.9062,52656.5367,184036.3695,1.622370738,1.022003143,0.856623331,1.110860276,14.82302183,2.470808542,15.70768421
3877,55357.09168,61045.37534,-5688.283663,34314.0029,46691.21234,-12377.20944,134847.9565,49231.3468,85616.60973,1.12601257,4.047603587,0.7780409668,20.96217406,97.43738815,21.21714836,98.53415267
3878,36684.68954,48948.36167,-12263.67213,50768.4203,50423.08527,345.3350302,137271.5112,46307.02047,90964.49078,0.6811734755,1.590286077,0.9845555838,87.17108284,57.87688398,87.5552156,58.43941338
3879,822508.3998,62031.49248,760476.9073,976952.4609,55603.151,921349.3099,279323.4678,58901.82608,220421.6418,1.894859858,2.015997134,0.6371928387,78.68658842,69.670406,80.43279143,70.40611582
3880,45403.59317,53842.57989,-8438.986726,64699.87383,59237.6825,5462.191329,158727.0702,55923.71337,102803.3569,1.509379118,4.324108399,0.8032710198,89.75048113,73.6645337,91.23167936,73.95483894
3881,798509.8172,59305.35541,739204.4618,724031.06,34757.41134,689273.6487,224169.4353,55904.97003,168264.4653,0.3724440282,6.137952568,0.9319630241,13.34919955,29.23972974,13.57112146,29.53883711
3882,783569.6201,59861.96196,723707.6581,530278.536,45961.34461,484317.1913,339029.9176,61284.10497,277745.8126,1.402367537,3.464838638,0.7905343106,39.64752628,9.889063274,40.2944495,11.13330001
3883,653530.6441,47968.57968,605562.0645,824285.4657,58776.0909,765509.3748,288755.9924,36399.58753,252356.4049,0.8723148332,2.430746253,1,92.84055491,3.998947738,93.64331895,3.657622285
3884,53227.09474,44071.01948,9156.075263,48093.28739,52366.74863,-4273.461243,170800.1051,45336.25485,125463.8503,0.8453836671,2.768467288,0.9660047226,90.19227137,31.17512596,90.32960209,32.00928051
3885,179106.9731,58815.18963,120291.7835,152439.2827,56862.94617,95576.33649,152988.8654,54401.14457,98587.72087,2.030277825,2.560041658,0.6999466933,67.24115112,57.88778764,67.32947153,59.91614351
3886,47906.94563,48701.73807,-794.7924395,50216.56678,50438.49156,-221.9247743,86892.47224,46883.2657,40009.20653,3.097971193,2.632386478,0.9120141744,88.31085929,80.18413749,91.27603017,81.0814597
3887,760414.0703,60335.8463,700078.224,785789.2925,55967.59484,729821.6977,268407.5114,28037.68866,240369.8228,0.5120468471,4.235963541,0.6898290541,47.64066771,7.513355745,47.6970527,8.022288654
3888,788706.4939,58463.78437,730242.7096,502730.6785,64300.42459,438430.2539,278403.8749,58741.77491,219662.1,2.461868355,2.303194433,0.535191387,46.2574947,52.65981516,48.71676637,52.77285804
3889,49058.34243,58270.68028,-9212.33785,28657.04419,52484.39509,-23827.3509,175737.3056,54836.37702,120900.9286,0.684775001,3.445312717,0.5657482873,65.55325672,15.93317669,66.11607182,16.32324844
3890,58423.41653,55120.15339,3303.263139,54417.70137,49806.34758,4611.35379,226683.822,45131.48017,181552.3419,0.3024802816,5.407532092,0.7910801713,57.60181951,62.08305098,57.57462465,62.38430629
3891,65943.54301,55631.27288,10312.27013,49557.626,56325.29108,-6767.665076,177445.3612,60516.14504,116929.2162,0.5782636682,2.687731071,0.7713154351,3.34012089,16.30833335,3.096341978,15.78396639
3892,90614.13475,80111.98435,10502.1504,40202.27656,53142.33738,-12940.06082,150249.5518,42811.44818,107438.1036,1.186143833,2.139630353,0.7603668665,54.40300508,78.25678476,55.58833771,78.21292413
3893,679858.1186,57784.35222,622073.7664,653207.7695,71166.47205,582041.2974,296834.6293,44632.65093,252201.9783,0.4878853475,3.490149666,0.4953057551,85.74231971,39.53738914,85.86156628,40.01047726
3894,31776.60309,54166.33184,-22389.72875,34052.67294,50261.88431,-16209.21137,146100.7653,57241.08572,88859.67955,1.272134269,4.499160947,0.7570662746,92.22966803,80.58540316,93.17170859,81.4403214
3895,72767.37527,49278.46806,23488.90721,36070.15827,36394.93656,-324.7782894,163085.2723,53377.02456,109708.2477,1.011875605,1.745386736,0.8094008863,48.45002271,93.89345293,48.98486812,94.75242477
3896,870758.2091,40306.80013,830451.409,609099.3287,55174.00815,553925.3205,244910.4602,39144.4142,205766.046,1.171864905,3.475773377,0.7513645715,17.47370687,48.45461214,18.02964039,49.48621539
3897,990962.1456,41055.81205,949906.3335,755571.7227,43346.74792,712224.9748,261767.2496,40439.77079,221327.4788,0.4297854477,3.709160463,0.8672228011,41.32128008,71.13712654,41.70218791,71.33618622
3898,101884.5813,57864.8708,44019.71054,160532.1771,52194.55961,108337.6175,237104.2002,49776.98858,187327.2116,1.0374892,3.232313124,0.5044862499,35.27980404,8.815970062,36.23491063,8.410809296
3899,730813.8574,49274.3922,681539.4652,684882.0501,46751.80378,638130.2463,275378.0448,54106.12698,221271.9178,2.272163137,4.823320881,1,96.22895737,9.794378781,97.76454668,11.46909989
3900,60597.06569,59269.61301,1327.452683,49944.99569,49128.51021,816.4854824,190504.7278,48477.04363,142027.6841,0.2577708252,2.325462456,0.6176877432,75.359843,51.12003007,75.48665544,51.34445022
3901,41646.02214,37564.26666,4081.755478,53313.29353,55067.56022,-1754.266698,157832.793,36778.61463,121054.1783,2.62114963,3.782533013,0.8505574202,53.22149237,58.70779911,55.7570607,59.37211725
3902,197443.8345,44955.93803,152487.8964,169748.5956,47223.46241,122525.1332,220553.6685,40436.36109,180117.3074,0.2375274767,2.73651972,0.8687378224,33.95625767,11.41845405,34.08452674,11.61836989
3903,28770.34971,48644.56367,-19874.21397,59199.82225,44095.09561,15104.72664,148431.3061,46354.9456,102076.3605,1.325505443,4.669879135,0.7627245614,80.54739367,40.61206709,81.73864358,40.03078547
3904,239044.355,54553.42269,184490.9323,207479.7902,52410.48524,155069.305,289017.2331,58137.84035,230879.3928,0.3182056419,1.275459025,0.8227913212,0.8673889926,22.66363987,0.6194402493,22.46420003
3905,210616.4581,53170.31382,157446.1442,144467.6397,49387.83935,95079.80037,212830.3561,54074.2417,158756.1144,0.7982772921,1.36143763,0.8690708118,74.26887296,77.50836231,75.0378754,77.72256285
3906,39460.77064,45930.942,-6470.171356,54473.88627,57372.3486,-2898.462326,118811.911,58153.79725,60658.11373,1.281444127,2.241320549,0.9989175726,78.02764982,56.43792828,79.22335565,56.8987825
3907,269076.8108,65185.88005,203890.9308,182219.9707,56705.26958,125514.7011,179272.4535,48725.06255,130547.3909,0.9765710491,2.113883003,0.5796554977,87.0210124,80.98535143,87.65782435,81.72573076
3908,810825.6205,53165.93997,757659.6805,779421.3503,39230.08978,740191.2605,212340.6044,57156.97103,155183.6333,1.218763569,3.921422505,0.7550902637,15.25727726,2.942684787,16.4194221,3.309841418
3909,32296.21576,42067.9191,-9771.703344,55540.75853,55203.1585,337.6000282,181298.9107,48500.68122,132798.2294,4.054445367,2.718151258,0.5458361594,36.05808625,45.22862568,39.35671805,47.58607249
3910,844682.4897,50900.87548,793781.6143,867076.1393,56172.66994,810903.4693,334717.8834,44976.92497,289740.9584,1.705637965,2.564504193,0.7299952373,56.8357044,62.57326356,58.53114911,62.75945733
3911,70110.58546,66158.4318,3952.153656,42442.81846,49435.07368,-6992.255219,172772.7678,43859.41191,128913.3559,1.543489861,1.859513751,0.7065399695,30.51382641,71.06853814,29.00328845,71.38576999
3912,83362.28146,65873.5287,17488.75275,27420.48683,45003.37102,-17582.8842,163929.5065,55825.62427,108103.8822,1.069301054,1.088525807,0.5418229405,9.277896864,51.16926525,10.23331057,51.6494625
3913,239901.0419,62781.4763,177119.5656,205575.6296,44647.78636,160927.8433,127226.9913,47815.16635,79411.82492,0.5466700944,1.241078827,0.9014430108,34.36464227,89.11009954,34.60119815,89.60293775
3914,918652.1014,53501.4414,865150.6599,798047.2997,46724.73811,751322.5616,308903.0769,46939.78014,261963.2967,0.1113350281,4.347405641,0.6889788524,8.577973501,92.21099405,8.684242647,92.24419581
3915,50757.51876,52142.75183,-1385.233079,49867.07586,46271.65361,3595.422258,144669.2663,45631.99851,99037.26782,2.27156661,1.24672456,0.7428297396,78.10111383,93.63550237,79.58717231,95.3535376
3916,889241.8379,50400.06476,838841.7732,775891.0729,54807.40569,721083.6672,293989.7784,35813.93558,258175.8429,2.688806547,2.828308378,0.8399951673,4.266838878,29.89088774,5.947180037,31.98996712
3917,258868.5733,53619.54395,205249.0293,202857.4464,46457.83113,156399.6152,221007.6358,35410.41348,185597.2224,1.183989071,2.838870676,0.8933731603,26.51242818,34.451608,25.70522582,35.3177803
3918,259228.232,36719.83823,222508.3937,126737.8059,50196.32888,76541.477,181921.3262,43567.44048,138353.8857,1.086238121,1.566532731,0.951197946,67.42592263,2.196574241,68.43012008,1.782447784
3919,785282.8425,53053.72202,732229.1205,811504.8749,71589.25721,739915.6177,238080.5417,53285.11383,184795.4278,1.166556646,4.139318522,0.7845324399,64.32999288,59.37296013,65.49620253,59.40141115
3920,206765.3579,57539.6677,149225.6902,193274.0674,53898.62202,139375.4454,151208.9199,48134.80705,103074.1128,1.1709892,6.673396118,0.9826022899,46.96280238,81.31885158,47.60159749,82.30025696
3921,37960.70226,43141.00502,-5180.302759,50303.79901,53346.92093,-3043.121923,200934.3756,52746.8329,148187.5428,1.428179078,4.838811756,0.8000890514,3.22905206,17.23819598,3.412137975,18.65459106
3922,198875.2215,49113.88711,149761.3344,164821.4087,65479.38961,99342.01908,163216.0598,52598.08298,110617.9769,2.604916298,5.07834498,0.8836258398,38.08147796,41.91002375,37.43704385,44.4339678
3923,70078.12925,63989.71862,6088.410636,48977.80953,42678.18555,6299.623977,108330.5551,47512.41539,60818.13976,0.2558469272,2.326789575,0.9945928963,91.36659755,24.49254067,91.62125353,24.46788335
3924,739780.1342,64989.66861,674790.4655,747016.9966,58453.92542,688563.0712,263593.3603,50450.86951,213142.4908,1.327889409,3.086341469,0.8232804344,6.794209138,12.6632152,7.991373467,12.08868248
3925,673170.7666,45391.54271,627779.2239,872999.3157,42944.14416,830055.1715,267285.95,60389.13599,206896.8141,0.1430909265,3.176564394,0.7245820623,6.780658491,35.81441068,6.920798819,35.84331918
3926,933933.9945,51859.44115,882074.5534,636156.9583,49026.42202,587130.5363,303968.9908,47232.17237,256736.8185,0.3401295035,2.755223418,0.7280999326,77.89294175,82.46565426,78.22658617,82.39955221
3927,744948.3826,53214.19217,691734.1904,788505.4322,53485.20646,735020.2257,317641.0104,53256.04176,264384.9687,1.336292524,2.825908714,0.8051477747,14.1916364,24.1264086,15.43326679,24.62040422
3928,209909.8489,47130.05583,162779.7931,133867.2745,48095.66735,85771.60713,148336.2983,47111.65927,101224.639,1.96972454,2.196883489,0.665928839,74.63886836,36.26321021,76.56096694,35.83268515
3929,251302.9483,63726.07674,187576.8716,126031.0852,45277.25464,80753.8306,237259.4758,47701.65581,189557.82,3.490548957,4.041621185,1,59.94968717,47.37135474,60.16836361,50.85504713
3930,43424.75409,37538.10016,5886.653927,33505.86041,49893.11933,-16387.25893,142970.6401,37355.6212,105615.0189,0.991031469,2.965177936,0.8181679572,65.55237373,77.29524241,66.45022379,77.71477625
3931,57797.8811,61591.18804,-3793.306933,45935.28005,50376.82843,-4441.548383,205420.9018,35529.03738,169891.8644,0.990311849,2.982337456,0.8145144554,55.80811625,4.075642348,55.70045628,5.060084773
3932,69280.41125,69946.70549,-666.2942439,52774.00069,52335.92866,438.0720291,140196.3147,44829.9385,95366.37622,0.207228638,1.88572843,0.6173054984,49.56591488,10.07546136,49.66047146,10.25985973
3933,802046.1972,70001.23932,732044.9579,849135.1685,55198.70675,793936.4617,300937.7871,54370.7771,246567.0101,3.113146618,4.437253817,0.6897545858,59.03723335,26.36531014,61.48255052,28.29199272
3934,1037019.601,42748.59459,994271.0069,783346.673,37243.85682,746102.8162,304626.4727,51116.41394,253510.0588,1.979974488,1.325207031,0.763074302,13.4036004,45.89575157,15.33413794,45.45606556
3935,1037457.9,50627.81626,986830.0837,938611.098,47815.41086,890795.6871,311160.2564,47902.98773,263257.2687,0.9815357112,2.670737364,0.7288296472,55.43289697,29.13221647,56.34507698,29.49462505
3936,821731.4858,62207.1482,759524.3376,680582.0085,66277.39557,614304.613,304410.5105,54896.32254,249514.1879,1.458266426,2.923673632,0.6330016885,72.69768385,4.574121935,72.5214205,6.021696527
3937,751478.9206,50137.68053,701341.2401,795171.7155,55882.85952,739288.856,309173.4006,51591.6966,257581.704,0.5523769961,3.776260574,0.5600083293,99.24729558,18.33030041,99.32804942,18.87674269
3938,791407.6837,71967.87036,719439.8133,790131.7464,62321.96815,727809.7783,331241.8021,59712.5979,271529.2042,1.722961148,2.873757059,0.7254753275,53.52183555,58.85541302,54.47514338,60.29061311
3939,239757.4955,72941.54758,166815.9479,218493.2098,53290.83668,165202.3731,159259.6818,47653.01651,111606.6653,0.3610121973,3.955739665,1,80.58198192,38.08490624,80.91388795,38.22692099
3940,45849.0061,54679.26888,-8830.262786,69933.55881,69025.12353,908.4352739,166858.1245,46162.09327,120696.0313,0.4858135718,1.9627362,0.8030041011,79.67368452,8.384056128,80.00905233,8.735543342
3941,68758.41865,57003.43841,11754.98025,44822.56496,50949.48597,-6126.921012,95339.46028,36481.55261,58857.90767,0.8300647655,1.998624354,0.9091856965,53.34083622,2.420035249,54.08367811,2.049638921
3942,962008.5585,50510.99194,911497.5666,882335.6586,56505.5712,825830.0874,302112.5456,42310.61479,259801.9308,0.3216135283,3.446419423,0.9481744091,44.479179,79.77489549,44.25064036,79.54860949
3943,864470.7542,46013.9801,818456.7741,721467.0254,52144.22677,669322.7986,261007.5676,41767.60919,219239.9584,1.391464345,4.270971768,0.8640811947,68.04918617,24.48365663,66.85558844,23.7684661
3944,923481.3202,52904.72378,870576.5964,964407.2066,47490.12364,916917.0829,288208.5906,51268.87496,236939.7156,0.7104156998,1.28493119,0.8943596164,94.22183353,62.02639699,94.80612624,62.43049166
3945,53982.64536,52483.84071,1498.804655,45683.97107,46902.77786,-1218.806789,126726.7201,45443.62799,81283.0921,2.93493436,2.941263954,0.7749492397,43.74137699,61.95757106,46.53656718,62.85241825
3946,69129.41949,59241.31562,9888.103871,52409.18308,56829.9885,-4420.805421,181432.1638,41791.01299,139641.1508,1.209439512,5.251969967,0.6882597512,96.15664426,36.42518315,97.25231907,36.93727752
3947,189229.7588,59327.29481,129902.464,203069.2855,41971.18182,161098.1037,168162.7469,48851.14293,119311.604,1.20501552,7.81380807,0.7126807037,54.61852204,93.32960008,55.34624678,94.29005784
3948,41746.74421,48316.93313,-6570.188914,53092.55487,45814.37934,7278.175531,147739.9584,49320.6049,98419.35345,0.3990691925,4.718982239,0.5426705068,14.38321459,97.8014818,14.78143092,97.82755813
3949,751540.9757,58238.69375,693302.2819,722337.1929,63686.93118,658650.2618,328873.1881,58903.3444,269969.8437,1.010385267,1.527015706,0.5683682758,98.26748708,42.15819639,98.91849822,42.93089484
3950,917944.8952,53208.53565,864736.3596,590986.6478,48061.68084,542924.9669,224258.3459,46080.57909,178177.7668,0.8441998538,1.610163443,0.7072805955,54.47908816,61.7347977,54.21350417,62.53613317
3951,952995.5226,42990.05569,910005.4669,705062.0064,49942.45032,655119.5561,385624.4475,49448.36568,336176.0818,1.555195743,3.296067765,1,50.91983457,65.98790614,52.46373817,66.17497694
3952,51537.96896,52129.9858,-592.0168414,55053.14664,56369.21085,-1316.064203,122943.808,58086.93891,64856.86908,3.228350769,1.690809207,0.8588482814,49.25273605,31.21340124,52.20397707,32.52199787
3953,55065.09664,46304.38377,8760.712865,51102.14353,48606.26619,2495.877345,91525.18396,46642.20171,44882.98225,1.111521697,2.855891088,0.5376450638,72.85221094,79.99746004,73.3109207,81.00991539
3954,890373.3972,59841.38814,830532.0091,700985.7495,51297.29998,649688.4495,328042.5543,43754.79892,284287.7554,0.888691877,1.603037659,0.9653641815,70.90702269,32.79005374,71.69965922,33.1919251
3955,32194.51583,46135.04449,-13940.52866,58179.00208,49214.25101,8964.751067,146080.1957,48049.22712,98030.96854,0.5520631682,3.138905574,0.6795661337,37.81786955,42.57951568,37.99924707,42.05809844
3956,60260.53066,45149.52498,15111.00567,58423.22185,52925.74832,5497.473532,125279.3627,45963.40798,79315.95476,1.563908115,2.392678306,0.7202266804,78.06668208,87.15830175,79.28027037,86.17188801
3957,1026847.036,55098.50598,971748.5298,692394.8743,60427.95156,631966.9227,265607.2507,57893.53159,207713.7191,0.6476905438,3.276519979,0.6914157528,58.75626998,24.47085329,59.40211121,24.51976287
3958,48683.01312,59959.48825,-11276.47512,64599.18709,63245.5014,1353.685687,134457.534,43762.60817,90694.9258,1.027739635,6.075455488,0.7968953001,15.24220927,31.36091079,15.84219147,32.19533881
3959,783905.7124,49371.86141,734533.851,752180.6595,53124.5512,699056.1082,325239.943,51002.04444,274237.8985,0.7498864409,1.640457988,0.7259113742,78.75926128,46.2509741,79.38640576,46.66209389
3960,272270.9485,47648.6899,224622.2586,175107.4937,68628.13701,106479.3567,224853.2561,52602.78981,172250.4663,0.5000123535,1.951957808,0.6776015443,65.05166609,41.5057019,65.54959387,41.46009184
3961,197918.0988,55066.76866,142851.3301,168114.0899,53828.43389,114285.656,188920.2001,47857.1716,141063.0285,2.225757897,1.763968559,0.8124267537,4.851917851,68.39588713,6.964887919,67.69634749
3962,987969.8669,64069.65519,923900.2117,816663.1692,32938.30322,783724.866,238921.5594,32338.72195,206582.8374,0.4173756722,3.676889476,0.651241432,37.48138064,14.8649385,37.8227171,15.10512982
3963,865292.6958,62177.39357,803115.3022,803725.0149,49008.77028,754716.2446,271601.7266,44280.06821,227321.6584,1.851641364,1.595910507,0.741738566,69.8301174,9.156530697,71.38848929,10.15655709
3964,719213.029,47956.39085,671256.6382,713980.418,57130.4874,656849.9306,245814.7122,60601.35258,185213.3596,2.286209392,3.094665021,0.7906540036,62.66310461,72.09263671,63.85675622,74.04249548
3965,860981.1156,50661.74606,810319.3695,766611.2656,67207.92611,699403.3395,299705.2488,50797.32346,248907.9253,1.012885136,2.232245046,0.9098758716,5.0849565,45.78123375,5.319014306,46.76670482
3966,895729.5442,57224.61309,838504.9311,637550.7241,60311.22935,577239.4947,309796.9307,54922.08415,254874.8465,0.8703930807,3.587117174,0.9641679653,53.77322753,59.08881651,54.36908629,59.72327412
3967,39455.19546,39915.3941,-460.1986389,53950.16402,60357.36428,-6407.200265,81014.97094,56847.4282,24167.54274,0.4512419604,0.809108526,0.917408972,67.0111234,92.11267997,67.44473574,91.98778142
3968,915367.0879,57607.9774,857759.1106,786809.252,50575.89765,736233.3543,360459.3446,52079.27161,308380.073,0.9381805064,1.781586201,0.7445450903,37.07914838,19.97399222,37.68167203,20.69312219
3969,146125.7992,53257.1163,92868.68293,183876.4284,59073.65012,124802.7782,241448.8316,47071.70164,194377.1299,1.645162029,2.671493307,0.7469893488,17.49980425,15.39797549,18.72143665,16.4998704
3970,1081841.239,63023.33033,1018817.909,758561.5603,58278.44309,700283.1172,217299.8725,60891.38273,156408.4897,0.4514570499,6.300652803,0.6784845807,67.00996806,94.15470103,66.96008259,94.60339347
3971,34043.78528,42138.33735,-8094.55207,41822.85182,54530.27871,-12707.4269,54429.95967,56456.65221,-2026.69254,0.5004575657,4.087914414,0.7697183528,51.78742645,55.66516192,52.24511276,55.86759961
3972,1068093.125,59608.19539,1008484.929,652716.1812,50320.36422,602395.817,255578.717,67793.76387,187784.9531,2.938025743,1.646966148,1,40.16212575,30.92849824,42.97260168,30.07221537
3973,169098.8853,46353.23051,122745.6548,143920.3377,48181.23314,95739.10454,217621.2511,51261.29918,166359.9519,2.185977394,3.293177155,0.7497959208,20.84194759,62.45876334,21.9305563,64.35439734
3974,133569.7294,57974.61199,75595.11746,211812.8173,63819.76943,147993.0478,197936.1056,49694.47896,148241.6266,0.4810285933,2.503943756,1,41.95989667,80.55320694,42.34466987,80.84189031
3975,151248.2833,55085.75098,96162.53234,138053.9687,40256.06311,97797.90558,176462.1204,53228.06083,123234.0596,0.4981233204,1.851526773,0.5718572457,78.39372426,63.40640832,78.88320467,63.49879757
3976,865513.1075,64744.79716,800768.3104,729249.0664,53235.70688,676013.3596,307923.2024,59291.09865,248632.1038,1.028190165,1.501966922,0.610050998,63.42594007,58.01013989,64.44720404,58.12928235
3977,60188.89571,53849.13231,6339.7634,50095.53266,46236.46142,3859.071236,145693.1453,47435.64069,98257.5046,0.5614439533,2.266603107,0.8941979126,57.51131031,27.12334706,58.06676543,27.20513288
3978,150158.4619,62352.34765,87806.11423,218295.1774,52124.80368,166170.3737,230825.5994,43856.18886,186969.4105,2.381593169,3.471141752,0.8006682824,17.38256193,42.85029956,19.7609943,42.72763958
3979,191441.6798,56602.12965,134839.5502,143811.2903,50736.97839,93074.31194,180465.108,48333.73621,132131.3718,1.05410297,2.140301272,0.8941790217,75.30237232,19.42560972,75.72229447,18.45875996
3980,794428.663,53493.55086,740935.1121,871660.0756,53434.8628,818225.2128,260383.2214,40258.55917,220124.6622,1.101257711,1.513090864,0.4660508427,17.40816474,36.55457997,16.59410722,35.81290692
3981,134462.6947,55493.78802,78968.90669,159314.9616,54132.87406,105182.0876,292997.8387,53079.20169,239918.637,1.244734645,3.394846273,0.913854132,18.15431567,53.39122315,19.38054826,53.17740552
3982,821534.8823,59014.00744,762520.8749,926172.6607,49485.64623,876687.0144,306318.1812,60718.25252,245599.9286,1.274379788,1.8672615,0.5899955206,8.732755877,17.06784051,9.637572299,17.96525407
3983,43293.48422,58372.67259,-15079.18837,51164.66222,53267.24817,-2102.58595,124412.6018,52560.22853,71852.37329,0.3759331476,2.195478706,0.8725339702,62.20828087,92.23658682,61.97472179,92.5311643
3984,57330.56935,56592.27784,738.2915113,32471.73595,47687.69307,-15215.95711,167599.4995,44612.45216,122987.0474,0.8678739582,1.76956358,0.780884017,70.58970349,15.40088393,70.74186179,16.25531535
3985,41676.07452,57037.044,-15360.96948,34805.56871,39528.24849,-4722.679777,123231.6778,42806.98251,80424.69528,0.4516444122,3.968677341,0.8290502476,43.93515139,5.02531796,44.38676385,5.030689599
3986,147311.2494,50427.53121,96883.71817,95040.77538,46289.32219,48751.4532,165781.4123,59031.36989,106750.0424,2.839503795,2.666347103,0.7378631061,44.19966556,43.82056822,46.50393545,45.47982169
3987,160258.9226,43157.55112,117101.3715,177487.9517,68924.02713,108563.9246,256973.3373,39793.53357,217179.8037,1.31083504,1.465175383,0.9283546686,15.67438538,74.68155653,16.88304047,74.17416971
3988,234618.2763,64538.63596,170079.6404,146713.4149,49895.21086,96818.20408,311563.3252,54323.2397,257240.0855,0.9152516,2.392564939,0.9348852749,67.67051232,38.70195758,68.45109738,39.17984089
3989,764566.3984,59305.08358,705261.3148,774834.6962,63380.93265,711453.7635,239779.9703,62064.64618,177715.3241,0.9026917324,3.375548413,0.8455521899,32.37566536,72.191047,32.8839595,72.9370292
3990,61646.02848,56049.07079,5596.957692,30508.55142,44946.89068,-14438.33927,125466.5582,46365.68172,79100.87651,1.235600485,2.292374789,0.8476186917,16.88692281,82.65562406,17.75059062,83.53924529
3991,861501.9973,63192.6231,798309.3742,561747.4536,47468.89297,514278.5606,286570.7733,54218.82759,232351.9458,0.8214088008,3.336317324,0.8371550153,97.143909,30.50541357,97.14313773,31.32682201
3992,844913.1178,59844.51517,785068.6026,809813.9798,60419.36896,749394.6109,292863.1657,50900.68449,241962.4812,0.2222773528,2.632078402,0.8660217279,97.62523226,95.36733735,97.69668172,95.15685648
3993,842505.7376,51496.42916,791009.3084,734049.4594,51081.77707,682967.6824,216434.4534,47541.60661,168892.8468,0.3888426796,1.503887269,0.8988866268,66.58359413,4.963621922,66.91973047,5.159098242
3994,73453.75636,63276.33309,10177.42326,41124.65508,50361.64502,-9236.989941,146349.2525,44566.32094,101782.9315,0.2640294537,1.859425967,0.9066732286,18.51957367,42.72120872,18.78084909,42.75924433
3995,43871.53168,51800.402,-7928.870312,27622.69689,41301.57801,-13678.88112,212373.5994,48880.45709,163493.1423,0.709200359,2.049316714,0.7492746215,73.87821658,4.393447669,74.16502872,5.042064616
3996,58489.94012,57217.51686,1272.423267,49154.24135,59784.67009,-10630.42874,147125.752,52173.9128,94951.83922,0.2346176036,2.681020688,0.7205572916,4.292076629,36.38625219,4.500739961,36.27899067
3997,56897.50748,65748.68353,-8851.17605,38852.54905,56028.03659,-17175.48754,86197.31769,38320.27036,47877.04733,1.144425401,4.32474119,0.8878892074,54.36069895,68.31428002,55.35172251,68.88662765
3998,61832.74355,63604.68302,-1771.939471,79518.12727,65498.80892,14019.31835,177735.0526,45418.86979,132316.1828,0.8202151762,1.10186938,0.649886371,67.59648099,80.85390017,67.84189901,81.63653861
3999,52584.09222,62610.7297,-10026.63748,51182.42321,47459.95357,3722.469634,172480.6373,39450.22687,133030.4104,0.9397506055,4.93955174,0.8375882023,72.37354274,98.65436486,71.50991321,99.02487158
4000,241323.1904,49305.55771,192017.6327,203565.2743,47213.23347,156352.0408,176981.727,52358.3968,124623.3302,0.934175549,2.699041232,0.796681199,43.36804581,49.92515064,44.14438185,50.44475271
4001,57293.63415,58944.8478,-1651.213654,63375.03575,55178.3403,8196.695444,69509.33229,58114.70074,11394.63155,1.55067958,1.864625016,1,58.31290019,3.708310008,59.58827016,4.590374967
4002,60335.41897,53850.32751,6485.091459,47190.98523,48876.76725,-1685.782018,88490.73312,27361.57487,61129.15826,0.3680534267,2.068359727,0.855588472,0.9358475224,14.51284883,1.208753098,14.75980201
4003,249174.0358,52370.4293,196803.6065,190180.8398,48924.72215,141256.1176,285760.3203,63625.15553,222135.1647,1.133270496,5.82924558,0.607809779,86.83417314,84.5587848,87.9003255,84.9429998
4004,71712.2776,64352.76976,7359.507831,47738.06186,56587.72576,-8849.663891,136124.1052,49683.88479,86440.22042,1.357653123,1.817474279,0.9713442541,74.97788308,37.56899606,74.1350984,36.5046014
4005,247368.5848,61663.45238,185705.1324,235497.719,51009.1479,184488.5711,202129.4194,62955.96979,139173.4496,0.5140875583,2.75809876,0.8865696126,37.71763994,23.50619785,37.25724017,23.27746642
4006,986836.5181,47561.78563,939274.7324,824900.3771,51108.79527,773791.5818,276458.8477,53179.63346,223279.2142,1.60200603,1.539470938,0.6020911988,38.66846208,68.71153448,40.02956995,67.8666625
4007,795773.2151,43586.29922,752186.9159,793822.436,46582.70874,747239.7273,199857.2034,43682.92696,156174.2764,1.318591021,1.674747269,0.7003553672,11.46957669,99.12190427,10.58208498,100.0971175
4008,843568.2711,47569.81829,795998.4528,817201.7211,40844.45552,776357.2656,315839.7791,53099.75771,262740.0214,1.809633218,2.713673899,0.755769288,69.60861556,67.47896197,69.03938983,69.19673799
4009,820440.1442,44675.52262,775764.6216,562375.023,55860.75363,506514.2694,307964.0497,42349.59875,265614.4509,2.388762882,2.1369393,0.7505058995,42.28882633,89.58882619,43.88034318,91.37019146
4010,33745.65476,47743.02882,-13997.37407,38053.83419,52595.59566,-14541.76147,102055.0573,54129.37528,47925.68197,0.2071911429,2.299909975,0.6523712067,49.7754651,30.19647179,49.89925752,30.36261512
4011,262542.7773,57144.50628,205398.271,192657.4899,56786.57939,135870.9106,212138.1515,50065.98525,162072.1662,2.536106099,2.911131363,0.8590046378,82.97293129,27.16211658,85.25900825,28.26015405
4012,232885.8389,58203.67081,174682.1681,122806.4507,54033.89822,68772.55252,191938.222,51709.3293,140228.8927,0.1204174266,3.99152728,0.9296856005,17.66081877,95.24554982,17.78122168,95.24741995
4013,151211.9339,55778.05792,95433.87594,150499.4504,50012.98519,100486.4652,234403.4158,62008.3182,172395.0976,2.674180794,6.581468684,0.8271287069,48.49679104,83.95128529,49.43860924,86.45412795
4014,750196.1509,50268.91167,699927.2392,710300.7983,51228.16238,659072.6359,262868.9092,55381.96348,207486.9457,2.564863922,3.057945698,0.7442269592,45.71203038,82.56661783,43.16872554,82.23476329
4015,150508.0174,55297.36376,95210.65369,143315.2699,53286.15325,90029.1167,243249.5158,66259.12141,176990.3944,2.179811693,2.894950914,0.5780133399,82.39211319,99.67393951,84.05167507,101.0872453
4016,832374.6206,65499.70098,766874.9196,583843.4224,48653.44737,535189.975,325181.5415,48412.62728,276768.9142,1.16617882,2.060005241,0.7255645647,49.95611065,17.17028328,51.10922646,17.3443435
4017,62018.09688,58138.8736,3879.223287,43791.98908,49716.04884,-5924.059757,214948.9122,43373.57232,171575.3399,0.1175132793,1.423843716,0.8481088694,89.44019317,62.46230774,89.49022183,62.56863978
4018,247017.2368,52987.63037,194029.6065,239877.0082,59262.65669,180614.3515,186509.75,44221.55781,142288.1922,1.148748895,6.170562315,0.6471956392,23.20092786,88.09910132,22.87873527,86.99646087
4019,858106.5365,59016.0391,799090.4974,935704.0599,50823.53545,884880.5244,235862.742,50224.35855,185638.3835,1.332646871,2.880080835,0.600751309,47.52456919,10.41392298,48.85721492,10.41218314
4020,1114364.812,41816.58381,1072548.228,760540.6177,40275.17724,720265.4405,296565.5814,45122.6024,251442.979,0.1504813988,1.893215313,0.7741785136,10.57655521,80.64183308,10.63231227,80.78160361
4021,104153.0181,46522.08594,57630.93216,217168.0656,54197.77185,162970.2937,236810.9831,43770.3795,193040.6036,1.804234302,6.374259656,0.8464737598,97.10222612,94.56143455,97.50858357,96.31931255
4022,692297.4445,63452.39743,628845.047,687479.6948,48347.89234,639131.8025,346438.8975,50743.4218,295695.4757,0.4002399084,1.533303221,0.6251515097,45.52653009,68.08402616,45.50471823,68.48367128
4023,208750.3683,63787.90123,144962.4671,177906.8036,47620.75168,130286.052,259210.4176,50175.53764,209034.8799,0.7120496947,5.882876452,0.6933884267,14.39260495,11.91988851,14.89241915,12.42703792
4024,67451.96509,43422.00777,24029.95732,55271.98644,49060.38604,6211.600405,116496.747,49219.7618,67276.98515,0.6550572677,3.278034035,0.8876106301,85.46789758,44.63352653,86.04517735,44.94311995
4025,62835.9326,57026.28358,5809.649019,48884.20346,39955.54159,8928.66187,96843.613,45479.32866,51364.28434,0.6819289828,2.444250139,0.4709010811,78.01555429,8.708653396,78.68941448,8.813245811
4026,326445.1737,54106.28697,272338.8867,163474.5815,54675.63452,108798.947,193426.1299,47974.52622,145451.6037,1.369749164,1.828275569,0.8467988053,60.35700674,60.66415293,61.36677569,61.58966869
4027,35717.25941,50617.35742,-14900.09801,74855.59445,63322.26511,11533.32934,107132.3003,41597.38994,65534.91035,0.7385725511,1.824002989,0.7603327773,48.56921786,1.600338094,48.65536348,2.333869516
4028,33657.11931,41835.2918,-8178.172494,33593.48669,51336.88613,-17743.39944,144891.1682,43916.30619,100974.862,0.2563625427,2.260178244,0.6990392846,85.22356102,94.38542016,85.34032866,94.61364608
4029,628708.0072,49806.94477,578901.0624,641258.6057,35953.02837,605305.5773,303267.1213,43262.12937,260004.9919,0.3014557481,1.799406217,0.5865644092,39.92862575,21.07372891,40.16656579,21.25882377
4030,874235.0161,54183.47049,820051.5456,501964.0399,49029.5983,452934.4416,248950.6038,39403.8912,209546.7126,1.204071666,2.226719893,0.7100827378,98.84365433,49.47896009,100.0458919,49.41252624
4031,38810.55011,41877.95929,-3067.409185,45147.39198,53132.98668,-7985.594701,226885.6704,46604.70817,180280.9622,1.033168895,4.33805392,0.7235645596,8.22786629,20.16608384,8.998601198,20.85412866
4032,40830.45969,44705.67185,-3875.212165,51558.57639,55602.3142,-4043.737814,169822.6403,46528.86234,123293.778,1.687555097,1.869444704,0.5655745353,96.96992607,9.304254525,97.81840322,10.7629967
4033,731499.4767,60399.24604,671100.2307,574051.4241,52788.84175,521262.5823,291613.4043,54819.91075,236793.4935,0.1470075771,2.428609817,0.6145077182,26.07718355,37.33316872,26.22224467,37.35701199
4034,255326.0783,56642.82442,198683.2539,122381.4799,52949.11897,69432.36093,236513.4961,52912.14371,183601.3524,1.637001244,5.987381684,0.9156473877,28.6390739,65.82706669,30.27013738,65.96636857
4035,904498.7084,61478.51769,843020.1907,762909.5457,52711.57439,710197.9713,243944.0811,52431.48726,191512.5939,1.298812056,9.03192002,0.8578740032,5.298141245,1.589114312,6.314779998,2.397420195
4036,46647.81484,56333.43346,-9685.618626,58774.71272,43990.59017,14784.12255,156241.8937,49259.84562,106982.048,1.524371843,2.798000425,0.749705404,49.87769142,30.8848163,50.55419579,32.2508512
4037,30732.48137,48275.73075,-17543.24938,49362.35769,49948.11158,-585.7538887,228669.3367,48892.84386,179776.4929,0.3260747505,3.19621594,0.7438885738,89.87110485,9.401470238,90.18879199,9.474952375
4038,63995.0159,62297.95962,1697.056282,60077.08164,52508.70745,7568.374191,160457.0612,50284.50973,110172.5514,0.8058724173,3.266256973,1,50.66596217,87.21434646,51.44389292,87.42471306
4039,958665.7255,67855.74849,890809.977,716703.3519,55515.33008,661188.0218,253378.1212,40080.31317,213297.8081,0.9216652221,3.505023476,0.639204736,68.52968574,6.402430067,69.39500183,6.085105558
4040,1131885.041,53894.50667,1077990.535,886009.8625,35801.8254,850208.0371,225718.4515,45757.52309,179960.9284,0.4957471707,4.617447073,0.8755697274,54.01572521,8.948030581,54.36783478,9.297006382
4041,886743.6361,49158.72856,837584.9076,710263.7521,62912.40708,647351.345,297101.7659,49640.71146,247461.0544,0.2820540256,4.369846785,1,16.32732065,17.93396898,16.60810044,17.96074918
4042,185328.8029,75587.06519,109741.7377,190703.4522,62047.93088,128655.5213,204433.9654,42898.33981,161535.6256,0.8496375451,1.410904883,0.929715575,80.62448793,30.06286851,80.65947935,30.91178521
4043,207649.0107,62615.28146,145033.7292,172259.2495,54631.0598,117628.1897,169157.5764,49779.48149,119378.0949,0.3230751892,2.85088521,0.5238392141,55.37798144,58.00887289,55.60658177,58.23716977
4044,967937.601,50377.26948,917560.3315,744305.2661,55374.56624,688930.6999,298361.0106,45504.22144,252856.7892,0.3800838559,1.514368102,0.6565162278,3.460558182,68.93500378,3.679488605,69.24570172
4045,960212.1846,61642.81196,898569.3726,700630.6481,56523.43559,644107.2125,263885.9735,45908.93645,217977.037,0.3553504923,2.98682589,1,42.65083655,89.86037708,43.00617743,89.85776368
4046,48908.71818,57517.26494,-8608.546759,50085.84876,46157.02086,3928.827895,100411.9679,56112.27328,44299.69459,1.70724378,2.467827601,0.8430686708,36.49505562,98.71264835,35.53920933,100.1272293
4047,212095.4064,54241.2015,157854.2049,226811.3164,51673.54515,175137.7713,166636.5368,43848.39135,122788.1455,0.8342146356,4.706017312,1,40.93127828,33.8468545,41.73970748,34.05266095
4048,948250.9736,62191.23632,886059.7373,803446.6673,55677.04353,747769.6237,311686.8964,55980.24288,255706.6535,0.4689510714,3.145423149,1,29.77152779,69.88939406,30.2388087,69.84985091
4049,191945.9346,59522.96352,132422.971,219062.2409,59575.46385,159486.7771,174679.4606,42696.98764,131982.4729,1.074123435,2.597239246,0.7506876645,26.51005476,89.69241006,27.1614273,90.54649142
4050,741977.5603,62023.25774,679954.3026,704980.3714,46662.50031,658317.871,228779.5111,44809.52673,183969.9844,0.2304683262,3.307865904,0.8969776967,65.48495694,86.98573973,65.66220888,87.1330401
4051,53460.76218,52481.17072,979.5914631,56670.13742,52041.7471,4628.390321,110550.2043,51547.75686,59002.44749,1.071962313,2.71774463,0.7800265102,26.8267263,69.38241518,27.72148223,69.9727668
4052,929550.663,49280.66153,880270.0015,805285.6582,49766.93317,755518.725,237577.561,59289.04437,178288.5167,0.1082992404,3.160478917,0.7853497302,57.40235331,95.06268129,57.5106518,95.06227932
4053,978283.7741,58410.70542,919873.0687,696152.0422,57547.82151,638604.2207,316478.0958,50323.59387,266154.502,0.6509550655,1.809746973,0.8242269751,87.03692327,17.52994519,87.68026892,17.6291867
4054,934002.6008,61697.86115,872304.7397,660438.598,53855.52363,606583.0744,269409.0785,50817.53445,218591.5441,0.250453603,1.963530892,0.8775204176,65.44533491,58.39585824,65.68403074,58.47169562
4055,68244.53594,57683.63378,10560.90216,31887.79794,36933.937,-5046.139055,144000.9066,44827.69045,99173.21616,2.457676319,3.903895703,0.6112566765,64.32138899,20.52914036,66.67411678,21.23966469
4056,953191.8817,60417.07726,892774.8044,899434.2534,52183.40953,847250.8439,209748.0038,43249.55978,166498.444,0.3770044962,5.044276706,0.7761677707,32.80604377,26.62153806,32.57504939,26.32358842
4057,45903.52783,56270.47678,-10366.94895,55119.43438,56464.74952,-1345.315144,144924.9028,43553.26118,101371.6416,0.1803305031,1.155004556,0.7500128941,71.57260758,84.93186865,71.73917254,85.0009715
4058,695613.7285,59928.95279,635684.7757,807469.3831,51802.00991,755667.3732,228452.5521,51500.38793,176952.1642,0.8183082263,2.710655099,0.7584947933,40.95327441,8.745231407,41.58013869,9.271225248
4059,58639.28631,58910.17876,-270.8924501,43356.28957,48110.55118,-4754.261619,111066.5554,56373.32815,54693.22724,1.254736252,3.417914094,0.8203916895,15.0934519,94.25044458,16.34331717,94.13999154
4060,204365.4831,53042.39327,151323.0899,150221.0724,53452.0133,96769.05905,237472.8215,41803.29568,195669.5258,0.2424254061,1.169415871,0.6129833058,6.140395311,88.61920218,6.111702994,88.85992366
4061,778664.5124,57423.76348,721240.7489,659567.2344,51648.47548,607918.759,268104.029,49018.8362,219085.1928,2.658955408,1.855667759,0.6897326462,47.2865211,83.66539818,49.65453777,84.87475377
4062,686005.6472,63815.2928,622190.3544,992353.7143,56436.98412,935916.7302,301966.5566,37709.82061,264256.736,0.3476420678,4.983286751,0.7113796571,65.91152772,41.19733435,66.19446447,40.99533978
4063,42801.78601,39542.4098,3259.376216,52754.0902,51203.26387,1550.826322,154044.7616,44351.26195,109693.4997,1.920129921,1.828855683,0.8857020375,80.33603593,62.28808889,82.18397991,62.80962697
4064,261578.532,53982.59429,207595.9377,160244.4015,51332.37776,108912.0237,287706.4132,70999.64803,216706.7652,1.319291805,0.9698882251,1,0.5114172928,21.06641148,-0.8039130031,21.16857351
4065,199578.6249,54062.6084,145516.0165,219442.1978,45534.5776,173907.6202,198827.0437,51065.11946,147761.9242,1.273473956,3.192918448,0.6537280695,29.42852805,19.70095482,30.38761309,20.53874464
4066,222285.0192,72490.51665,149794.5025,141792.1412,50221.0493,91571.09192,179990.3323,55737.88188,124252.4504,0.7180558957,1.199473169,0.646792444,92.50556674,94.43111475,93.02462593,94.92728189
4067,40372.87183,60073.34127,-19700.46945,79286.45932,71944.46027,7341.999045,141300.9476,55090.36808,86210.57951,1.16889089,3.698629191,0.7861124056,17.02381844,18.94428565,16.11821815,19.68333505
4068,230294.578,56237.34309,174057.2349,193207.2907,58505.90576,134701.3849,236161.3722,56529.68848,179631.6837,0.6310329281,2.874600384,0.6645412663,85.48388337,8.461740494,85.81207963,9.000711521
4069,57687.66122,55998.73994,1688.921284,34398.98715,47899.6786,-13500.69145,125394.819,49780.88095,75613.93809,1.599757506,2.489541672,0.8338749092,81.10901752,74.43654106,82.57752875,75.07112662
4070,158854.4182,70274.27332,88580.14492,139556.4751,59672.18722,79884.28787,242036.4581,47998.93275,194037.5254,2.636516761,2.7812391,0.7581974444,87.43252563,71.73333567,88.63866047,74.07778856
4071,273500.5141,64420.59661,209079.9175,214100.3647,52711.3144,161389.0503,266483.2062,54118.27479,212364.9314,0.4414065622,1.712005585,0.9332552561,77.0021265,58.3460162,77.37783108,58.5777182
4072,49548.25646,58290.05277,-8741.79631,65617.49546,58653.96128,6963.53418,102133.9642,39670.2035,62463.7607,0.4103609968,2.627462405,0.6092930872,28.01294758,47.32473775,28.07886017,47.72977069
4073,756419.2761,43409.37118,713009.9049,709070.5631,44549.44785,664521.1153,268513.9192,40515.51072,227998.4085,0.4276866417,5.252373705,0.8377540601,68.34171305,14.84347913,68.75851893,14.93933696
4074,1089928.211,44967.00333,1044961.207,773810.933,40188.30011,733622.6329,192906.4058,48506.64516,144399.7607,0.4509841851,5.46564482,0.9204883412,98.09730217,38.07669218,98.42991452,38.38125047
4075,194417.5096,47364.25162,147053.258,180784.5786,49401.94565,131382.6329,119915.1581,50709.83783,69205.32025,0.4747772653,2.341819161,0.7993137391,64.57873744,57.21394157,65.03688006,57.33851603
4076,234723.5679,53138.01181,181585.5561,121675.8312,52211.46438,69464.36683,253356.8324,58352.38284,195004.4496,0.7835664301,6.527990162,0.8476807984,47.73018049,68.76645601,47.8979359,69.53185426
4077,60142.55979,46394.68195,13747.87784,47367.39948,64158.43288,-16791.0334,122226.5638,53324.19815,68902.36567,0.07245193118,2.941004352,0.7080817021,68.06079297,11.60056936,68.12083062,11.64112503
4078,798974.1843,53193.33631,745780.848,544023.8739,49655.36374,494368.5101,312438.957,42377.55133,270061.4056,1.659162184,2.283814288,0.5669232103,43.23160983,45.96724848,44.75359967,46.6278286
4079,62836.90131,60313.48745,2523.413855,51712.87609,50890.81448,822.0616112,148219.5263,62342.40095,85877.12531,1.998736015,4.706037581,0.7756777456,22.0562847,85.91903993,22.72951962,87.80098053
4080,825266.1255,48315.62145,776950.5041,765884.8594,48835.43143,717049.428,322960.6115,50312.85695,272647.7545,0.7531038022,4.322282058,0.5096841587,21.43650457,74.128775,21.55680304,73.38534134
4081,900929.7461,64200.70721,836729.0389,714514.6326,61728.59251,652786.04,328827.8434,72140.20312,256687.6402,1.822295157,4.654025343,0.6743706677,11.32864061,99.5011804,12.98380507,100.2635387
4082,50585.87416,72175.40172,-21589.52755,42638.20636,45207.02785,-2568.821487,119027.1725,52977.68218,66049.49032,0.9477321671,1.635658567,0.7445346251,24.47378078,21.67836966,25.20600974,22.28006478
4083,55604.60678,52876.01802,2728.588755,44618.53191,56932.48263,-12313.95072,167391.2894,41583.04041,125808.249,0.5351514031,2.313343766,0.9355303602,69.01185891,32.30859165,69.51073185,32.5022739
4084,50480.16211,49917.83457,562.3275404,51929.96945,46722.21313,5207.756321,126306.0302,47533.46579,78772.56443,2.47719507,2.690284606,0.5990984261,85.81081136,35.57350165,83.45905951,34.79519664
4085,64068.73289,51724.34562,12344.38727,53243.95063,58915.16819,-5671.217565,127657.4141,48053.09268,79604.32138,0.5681166882,2.528685634,0.747864388,94.80422781,58.3338635,95.35860693,58.45804228
4086,764916.2309,63354.62897,701561.6019,634901.0089,53788.2444,581112.7645,316700.271,39164.10225,277536.1687,0.979266323,2.652040315,0.8272793258,70.63345373,91.19460782,71.56076472,91.5093408
4087,23432.92201,40421.72943,-16988.80742,48973.22459,51931.81114,-2958.586548,216704.0856,54052.52654,162651.559,3.050035549,5.235661616,0.6978708044,51.57846831,70.78385382,53.69653628,72.97850754
4088,24196.17341,40277.25747,-16081.08406,56173.44705,55054.4849,1118.962159,123213.4036,50914.8661,72298.53749,1.305871796,1.940312048,0.8252058787,56.64998919,85.26512309,57.77760816,85.92374028
4089,684332.8852,55681.83627,628651.0489,633673.7829,44924.53139,588749.2515,292687.3418,39356.64131,253330.7005,0.3237718336,5.808282347,0.5440972948,28.18476318,73.46819123,28.34635493,73.74875549
4090,691146.9304,59345.03575,631801.8947,745592.3289,53853.63141,691738.6975,240544.6125,49663.62041,190880.9921,0.2050527499,4.170403798,0.8887765457,92.55100397,40.7351387,92.75009442,40.78422661
4091,949762.648,49241.13144,900521.5166,582345.1853,33694.53047,548650.6548,234082.5875,45475.65504,188606.9324,0.6206025469,3.918982684,0.7211122993,0.3077904336,10.78565023,0.7118503717,11.2566949
4092,245358.2113,72063.01683,173295.1944,147055.4218,49200.56751,97854.85425,142682.0814,63691.31613,78990.76526,1.267559629,5.544661166,0.7438184243,12.95024071,25.67702949,14.18473972,25.38941933
4093,79248.09296,63079.86983,16168.22313,57849.57456,56389.0752,1460.499361,183483.4596,54598.6195,128884.8401,0.817288661,3.018284725,0.7593216356,46.16525617,26.34267831,45.6507811,25.70763804
4094,1058259.398,48044.38692,1010215.011,706269.5186,57231.84374,649037.6748,254024.3744,46736.53748,207287.8369,0.7202541804,3.062175376,0.7659468242,75.03632168,56.66205171,75.04693884,57.38222763
4095,1117818.706,47768.26971,1070050.436,824568.9815,46201.86054,778367.121,240458.8352,48344.46978,192114.3654,2.361563266,2.531097483,0.6484661359,38.35703437,47.80412387,39.85171904,49.63248346
4096,1039493.753,35550.74755,1003943.005,665601.2923,49884.27598,615717.0164,289383.112,40248.20813,249134.9039,0.7952580094,2.969494153,0.7339084955,47.18795366,32.27194576,47.77670759,32.80655226
4097,823857.1781,58520.39827,765336.7799,735622.2906,45308.84195,690313.4487,308778.5188,59262.69376,249515.8251,1.138480039,4.537826302,0.9013301229,47.59871185,62.47852199,48.35286698,63.33139175
4098,258165.1067,54039.20713,204125.8996,161597.9287,47253.73489,114344.1938,139970.1769,54767.99851,85202.17842,2.825154455,1.629615831,0.8036657833,16.41825003,76.50096649,19.0366302,77.56190143
4099,50559.10185,53414.34661,-2855.244767,45520.95484,49630.71903,-4109.764187,43284.9846,43984.60418,-699.6195889,1.011761352,2.03697756,0.8375151126,64.84876939,23.84463317,63.86216702,24.06885805
4100,27803.38099,48578.4124,-20775.03141,37640.35324,45736.2155,-8095.862261,131068.0919,58428.19966,72639.89228,1.754205322,3.736477634,0.661852021,9.120657425,4.293201409,9.789187995,5.915022357
4101,68387.48491,51748.051,16639.43391,62908.53142,49880.46448,13028.06694,166785.624,44516.14074,122269.4833,0.6943564969,2.171054967,0.9678443798,94.47664852,66.28700824,95.16295961,66.18161358
4102,274926.1136,61173.91962,213752.194,142782.7566,47353.9141,95428.84253,132523.791,46816.21063,85707.58035,1.030124226,4.454486617,1,65.32704808,49.29213435,66.35308502,49.20046038
4103,896267.2951,50245.99506,846021.3001,613055.6894,46954.21371,566101.4757,308900.582,53455.85261,255444.7293,2.195081335,4.652277399,0.756462929,44.97467313,12.08139953,46.55694827,13.60284209
4104,1017318.981,63604.13647,953714.8441,709621.5089,47229.41446,662392.0945,267386.5451,49429.16474,217957.3804,0.4752129916,1.65548647,0.8440351392,7.069891392,16.94090918,7.264230443,17.37456771
4105,922884.9844,58564.91142,864320.073,641668.6587,46618.93374,595049.725,227883.1976,52172.11852,175711.079,0.4115178643,1.825959164,0.9971757555,76.29718097,61.98634865,76.3897719,62.38731482
4106,273827.1267,54503.21587,219323.9108,154765.9274,56810.53141,97955.39597,252713.0693,55977.88469,196735.1846,0.07786249306,3.063434236,0.7653783541,66.22841568,54.12277195,66.24722967,54.19832724
4107,48168.1406,54573.87864,-6405.738037,50285.09739,46743.72348,3541.373908,31248.4456,46745.14237,-15496.69677,0.4804599775,1.830607599,0.5501956358,21.64950853,65.02186088,21.29787279,65.34926598
4108,252061.9999,51386.44997,200675.5499,181980.4928,55409.66536,126570.8275,180465.943,51268.41556,129197.5274,1.788761789,1.172070027,0.8854485256,82.91894294,80.00715354,84.70630119,80.07800006
4109,236556.8616,56162.15618,180394.7054,172819.724,57940.99331,114878.7307,205755.2829,55598.7011,150156.5818,0.3880383182,1.351542166,0.6177482161,43.22802321,15.2461029,43.28722281,14.86260694
4110,56503.20064,55425.94023,1077.260409,44282.21325,46041.95715,-1759.7439,179424.6723,55453.31136,123971.361,2.345619664,1.369923875,0.6420487328,88.47070635,2.663110129,90.34217065,4.077165638
4111,179591.1932,58679.94561,120911.2476,194946.5414,52969.1946,141977.3468,173292.8456,31896.26787,141396.5777,1.63929507,4.027115902,0.6273595725,79.90942303,23.63957868,81.26965754,24.55448327
4112,47676.86201,55298.95407,-7622.092061,54414.5827,55010.16669,-595.5839847,166047.6205,54321.76868,111725.8518,0.7242303776,2.588745534,0.7678375546,89.96242974,39.35733269,90.67557452,39.23110211
4113,204533.9185,57162.61321,147371.3053,121596.0877,42237.00554,79359.08219,259168.0253,55474.58957,203693.4358,1.111101536,2.690864891,0.8128183528,2.821737611,82.96752742,3.204063879,81.92427614
4114,839006.4576,49859.51723,789146.9404,780638.6204,56602.01609,724036.6044,435234.7192,48598.6445,386636.0747,0.6870836172,1.261466226,0.7485376819,75.17114774,60.39972255,75.84167361,60.54965237
4115,938797.0567,62299.20491,876497.8518,539759.2299,49869.10855,489890.1214,336420.9155,50574.15264,285846.7628,1.175479658,1.319916745,0.9829888439,93.81284143,84.97097528,94.90115569,85.4151875
4116,68333.02401,62106.81803,6226.205982,50293.85134,52045.51576,-1751.664417,173903.0029,42292.87993,131610.123,0.7242058977,2.010480536,0.6249730944,74.88018667,38.4554432,75.47236831,38.87233057
4117,1139083.273,59726.15709,1079357.116,724715.3944,53009.25824,671706.1362,261563.7774,42758.21522,218805.5622,0.4442747385,3.255090207,0.603027245,37.02705326,31.49662923,37.38503125,31.75974861
4118,66945.36816,60984.93474,5960.433426,49645.97495,50629.44714,-983.4721929,114863.4635,45142.99765,69720.46583,1.053133297,1.906954514,0.8214724295,46.65737813,76.35552555,46.41611453,77.38065072
4119,42371.58405,58705.48144,-16333.89739,55780.60634,65901.78553,-10121.17919,77673.42445,42350.05279,35323.37165,1.034647731,2.60417381,0.7529436636,8.942894168,75.44108041,8.143540981,76.09799015
4120,1027028.49,53121.46798,973907.0223,692576.6569,56391.81316,636184.8437,379132.6459,48919.7275,330212.9184,1.099855997,3.954962189,0.703093121,9.699519003,24.87599074,10.63643965,25.45206618
4121,940366.3082,46717.42202,893648.8862,629809.064,43904.91926,585904.1447,282162.3663,53589.38765,228572.9786,1.311857147,2.013892298,0.922745173,47.74597801,52.26607138,48.92321683,52.84493053
4122,46732.35781,47641.52294,-909.1651219,22695.16736,41607.90486,-18912.73751,166693.5454,51635.55665,115057.9887,1.671116754,1.983196928,0.7930168992,68.46477317,61.89831569,70.12063819,62.12357612
4123,967392.9506,52367.75813,915025.1925,692880.0059,50110.14164,642769.8643,336773.7008,63429.81268,273343.8882,2.396228404,1.448813678,0.7705622374,78.3732249,78.25964187,78.38999897,80.65581156
4124,50739.71312,49936.54752,803.1655959,54460.09983,59644.56727,-5184.467441,95545.92584,53094.18625,42451.73958,0.7952385277,0.892279559,0.8527226337,90.47951112,24.77326644,90.93450008,25.42548524
4125,60041.11032,65794.53267,-5753.422353,64584.34057,55918.53666,8665.803917,103089.3259,50728.24231,52361.08358,0.7665712102,2.431909571,0.6843964849,89.06386693,21.97277868,89.28467426,22.70686011
4126,245892.5779,46118.88477,199773.6931,241005.371,61299.91357,179705.4575,203357.6908,53261.3137,150096.3771,0.6786338893,2.227472242,0.9595095082,44.08646071,35.75894739,44.57099881,36.23409662
4127,794492.5698,55292.50512,739200.0646,776677.0928,43885.39783,732791.695,307031.8411,41901.57409,265130.267,0.8937978162,4.261649144,0.6736697371,83.53360518,75.66322627,83.73249044,76.5346155
4128,70807.92125,69918.74798,889.1732718,49498.02564,59643.37414,-10145.34849,86298.48323,45291.09701,41007.38622,0.07452158396,2.632523908,0.7829361479,35.04702709,10.63385574,35.11709374,10.65923548
4129,964801.15,45637.56201,919163.588,839220.8823,54473.46586,784747.4165,239784.4193,46678.68373,193105.7356,1.182922244,2.708043446,0.7139911704,47.40719384,17.65743355,48.5874951,17.73613535
4130,61268.30335,54749.11613,6519.187223,56320.29031,62485.03087,-6164.740568,180629.905,46935.85595,133694.0491,0.6826896435,1.044261341,1,28.47134424,44.30043491,28.73654768,44.92950747
4131,1058785.691,65260.63072,993525.0598,769787.2711,47765.19406,722022.0771,257607.038,28965.58417,228641.4538,1.270021058,3.475218183,0.6693318575,50.01944061,6.015230009,50.5899541,7.14989641
4132,968494.0008,63703.98673,904790.014,851079.6934,49591.87981,801487.8136,246345.7095,51374.54822,194971.1613,1.933686838,3.850229582,0.8709228885,11.07663955,76.6710375,12.04426937,78.34520515
4133,775188.1222,52073.39548,723114.7267,873942.0927,58157.23555,815784.8572,207137.7866,60250.85881,146886.9278,2.861576559,3.055747468,0.9868214723,71.20879017,30.88149328,71.86792736,33.66612226
4134,910638.418,46723.87458,863914.5434,950269.143,58268.36366,892000.7793,323252.6235,50372.16395,272880.4596,0.836012312,1.842759359,0.8625296517,5.33265233,0.1269183819,5.761232193,0.8447177178
4135,65495.02931,65015.47803,479.5512824,44693.41981,43149.56828,1543.851531,142784.9022,45967.09754,96817.80464,0.9734247879,4.716582859,0.9683517685,43.00960149,1.785911621,43.66620977,2.504536271
4136,42899.19833,51359.06241,-8459.864081,53836.63468,48140.76351,5695.871173,161301.8458,48220.40554,113081.4402,1.37792987,9.613667456,0.8175563905,97.18357526,4.231488492,97.7757592,5.475678555
4137,997028.5105,53213.58256,943814.928,897681.1429,55857.48407,841823.6588,216224.7223,56754.45288,159470.2694,0.5500762686,5.754988132,0.7498300272,68.73095977,15.31395881,68.82251149,15.85636289
4138,865126.8173,41923.54102,823203.2763,719084.7428,46645.5366,672439.2062,299807.9373,57549.91359,242258.0238,0.7174772712,1.296280506,0.6251869945,62.87942298,25.71104783,63.23009793,26.3369877
4139,58278.66046,62158.74013,-3880.079668,39899.61072,47843.77618,-7944.165464,175251.118,38788.77219,136462.3458,0.9907333863,1.543058944,0.7905015445,71.54353922,23.71386293,72.48918295,24.00934657
4140,905832.394,41483.32586,864349.0681,798465.0584,62808.53645,735656.522,356424.3158,49843.3035,306581.0123,1.9862103,2.226726183,0.8592930886,24.95294233,68.4464506,26.60886517,69.54324177
4141,59347.16659,65362.85739,-6015.690804,26970.49873,41563.03728,-14592.53855,143162.7998,45386.77571,97776.02409,0.3740394598,4.869504475,0.6170640359,19.17190753,23.36098167,19.52719632,23.4779235
4142,298865.448,46723.81753,252141.6305,209032.8399,51059.25508,157973.5848,203188.0567,47288.4054,155899.6513,1.643591982,1.361072219,0.7095776201,28.8524716,40.35772196,30.15672126,41.35788566
4143,1021202.014,64571.83095,956630.1835,929264.0676,57524.84166,871739.2259,248724.6736,52466.00639,196258.6672,1.404616575,1.872246743,0.8656146779,75.08773807,34.93595921,76.33067283,35.59022285
4144,45310.97894,48129.88032,-2818.901381,56507.67232,49206.85401,7300.81831,106844.8325,36145.07632,70699.75615,0.3758432708,4.928723356,0.7421912909,45.19801746,79.60163708,45.42735866,79.89939668
4145,875899.4934,54230.47027,821669.0231,745563.383,49477.54113,696085.8419,314568.6316,59085.92007,255482.7115,0.4595344439,1.484613213,0.9784913285,54.0510341,74.31384547,54.3869098,74.62746852
4146,300706.9915,46328.07798,254378.9135,207344.1693,46382.46741,160961.7019,245182.5712,46632.91672,198549.6545,0.9035213137,1.923418099,0.9417391492,14.14533321,91.41028365,14.42726909,92.26869085
4147,280830.1892,45046.55269,235783.6365,183329.8819,51305.01287,132024.8691,204666.9905,32383.36487,172283.6256,1.24258096,4.620619733,0.8948896382,2.056863075,7.714690892,2.893832052,8.633108212
4148,200207.1977,59013.42516,141193.7725,154014.4432,49599.39588,104415.0473,258365.2363,38146.9138,220218.3225,0.5186903898,3.158000091,0.7039170262,79.9892564,48.14208076,80.36095943,48.50384944
4149,42561.49026,61892.95415,-19331.46389,55991.43121,54534.1456,1457.28561,75945.77295,46059.12837,29886.64458,0.3584520312,2.883859538,0.9277136983,37.716138,4.919595772,37.97849637,5.163841429
4150,967499.1169,55413.92236,912085.1945,791834.2524,64058.4694,727775.783,239739.4026,52193.45997,187545.9426,1.54028559,3.309889615,0.792474966,42.78149818,36.0294115,43.47085829,37.40682296
4151,871332.1546,64682.57019,806649.5844,745350.1313,44102.16539,701247.9659,330669.5291,47725.28366,282944.2455,0.5069153207,3.610735321,0.7583419319,87.30751743,72.67052015,87.46628687,73.15192997
4152,49899.55526,57074.21629,-7174.66103,52135.46914,52003.8798,131.5893392,102206.3903,55850.01008,46356.38018,0.9387323614,2.122432462,0.9186679368,57.68652369,35.76879175,58.47897954,36.27201353
4153,35695.59217,39190.27718,-3494.68501,43492.91978,48995.27804,-5502.358256,80490.3162,59751.71387,20738.60234,0.8804171466,2.578039758,0.7168241302,94.04496218,30.73599493,94.19742629,29.86887957
4154,33761.85592,50090.79288,-16328.93696,47394.37575,41605.53779,5788.837957,184756.6901,51156.02956,133600.6605,0.5216883508,2.800885871,0.61972384,9.668994393,58.20746084,9.163422704,58.33613098
4155,43648.9752,49030.73488,-5381.759679,36597.88937,47200.76966,-10602.88028,85675.64516,54603.8192,31071.82596,0.9697014263,5.207003604,0.7661931274,27.55031771,97.68973935,28.27265599,97.04278629
4156,1133386.653,73023.38664,1060363.266,540477.4544,47402.49834,493074.9561,269232.5315,61051.66386,208180.8676,2.650658761,3.004695563,0.8498439339,27.97284831,5.304621348,26.66626495,7.61088061
4157,58445.19212,67413.46938,-8968.277256,40609.38112,51338.28525,-10728.90413,160269.8072,56938.35157,103331.4556,0.8502168742,2.413106389,0.7819391939,81.48356582,75.46960275,82.29647859,75.71868419
4158,721552.2072,43560.5568,677991.6504,635770.0277,49623.45097,586146.5767,252855.1471,44956.1474,207898.9997,0.6044844364,3.842936696,0.8895593838,39.10913578,62.75398486,39.50186006,63.21351623
4159,707372.6066,63141.48753,644231.1191,653268.0563,55031.95332,598236.103,278554.3024,49887.43832,228666.8641,1.015635707,4.663450533,0.8961123823,2.759726961,8.168495833,3.692011442,7.765554725
4160,1165540.913,52092.60652,1113448.306,614557.6035,55121.60467,559435.9988,348813.6587,50982.94734,297830.7113,0.2155433979,2.089408112,0.8349329873,79.43610244,77.61831404,79.62021255,77.50623182
4161,62611.79351,62844.56979,-232.7762884,47777.07411,57341.50678,-9564.432671,188599.7306,59516.27323,129083.4574,0.6749088446,3.903305801,0.8447792823,5.054268998,97.87120096,4.999755785,98.54390465
4162,28093.72486,42007.89292,-13914.16806,48489.74618,50737.10192,-2247.355743,190105.4489,58306.40494,131799.044,1.406455252,4.879525901,0.7900689977,37.14876866,86.24931888,38.5271382,86.52898616
4163,824137.1858,52226.59691,771910.5889,689128.2144,44292.78357,644835.4308,390632.1664,54235.72059,336396.4458,0.556109062,2.498877681,0.7535930255,0.9808430114,6.540148644,1.49134036,6.760715518
4164,32456.69359,39003.59615,-6546.902562,44000.14596,57740.89638,-13740.75042,101507.5213,44155.20987,57352.31138,0.2520843977,1.271926671,0.7718145157,18.89687609,70.95411384,18.76411406,71.16840519
4165,42386.70139,42579.78985,-193.0884617,51930.57619,53745.7666,-1815.190411,156575.7771,48960.41065,107615.3665,1.881310595,1.912527376,0.7957831682,11.62509286,42.43564592,12.22373602,44.21916938
4166,726637.9578,34572.92191,692065.0359,968791.7479,43675.95131,925115.7966,311905.9792,53557.433,258348.5462,0.5693874345,1.947368157,0.836488822,56.02641045,75.25912552,56.37409134,75.71003576
4167,61795.33079,62222.74301,-427.4122197,41498.30251,53908.57951,-12410.27701,161021.841,52855.57326,108166.2677,1.844113423,1.364786122,0.5679133962,51.1981823,71.01561529,52.33283689,72.46933923
4168,72549.46184,65815.88789,6733.573943,50595.12904,49825.07564,770.0534061,164415.1362,51381.56454,113033.5716,0.6143649821,1.634700263,0.6343263039,55.53940511,56.10605756,56.00429393,56.50770755
4169,181534.8411,53195.3997,128339.4414,190116.2202,50203.81784,139912.4024,140913.7867,46858.63917,94055.14751,2.686151752,2.4429723,0.7884998384,74.30193509,44.47043608,76.68209992,45.71551706
4170,938602.8546,60841.04171,877761.8129,789880.7598,59821.00134,730059.7584,251653.9644,46486.26577,205167.6986,2.844652511,1.522393194,0.7731594694,5.839780942,10.04721786,8.115785279,11.75363286
4171,969106.2748,51318.22397,917788.0508,776596.7881,69289.94507,707306.8431,255414.4655,50561.4215,204853.044,1.217233095,1.435654745,0.6630092074,35.72528233,59.63259661,36.94095883,59.57105774
4172,58988.0625,50187.89945,8800.16305,36121.04526,53466.18008,-17345.13482,120779.9644,50802.78269,69977.18173,0.6256426341,3.986964777,0.9238948869,37.80579894,24.8339685,38.16654447,25.34513518
4173,736210.8263,59545.57127,676665.2551,764608.5648,46869.70229,717738.8625,337758.7924,46931.89809,290826.8943,0.660609743,3.716666426,0.8744850276,0.1545621044,48.08131269,0.7923083445,48.25360594
4174,179511.0794,61201.94152,118309.1378,184400.7524,63787.67665,120613.0758,198562.9629,50654.02044,147908.9424,0.4297703438,3.824074644,1,41.20127129,63.08121364,41.41461385,63.45429205
4175,58772.21843,49054.46703,9717.751401,66669.77092,60624.67849,6045.092434,175838.8842,41308.08095,134530.8033,1.265127686,4.171545422,0.8564059283,65.96941055,50.57456925,67.23194929,50.49367429
4176,820539.17,72071.74834,748467.4217,693020.9529,54185.81997,638835.133,285290.4589,53094.9008,232195.5581,1.397213396,2.9357473,0.7949958525,80.31687306,35.62570918,81.4280757,36.47272391
4177,218985.748,56780.03312,162205.7149,166679.4739,51487.02485,115192.449,193839.6839,61726.80542,132112.8785,0.9365546375,1.320927724,0.7550613602,3.701971903,10.58549099,4.56829592,10.22965776
4178,41531.00694,43538.20615,-2007.199207,50949.88972,50500.23232,449.6574008,189807.1736,53353.51654,136453.6571,1.971005651,3.31030057,0.7887532165,35.44576729,42.43891647,35.77988848,44.3813959
4179,51417.12534,55813.35793,-4396.232585,66254.60838,61566.41319,4688.195188,206106.2593,60790.23341,145316.0259,0.2052050626,1.066760765,0.6215664971,10.78551975,56.23666663,10.81083794,56.44030383
4180,1037394.963,61020.35433,976374.6085,822611.8745,50875.90916,771735.9654,274139.0566,53085.57632,221053.4802,1.221526485,3.230889715,0.5826922842,68.06653247,55.22427772,69.28664264,55.16547192
4181,864129.3495,59542.62221,804586.7273,604062.1412,53029.08911,551033.0521,253676.8773,50544.29397,203132.5834,1.086018183,2.399820517,0.9001249118,96.14661701,22.12029879,97.22476748,22.25078655
4182,181320.2999,50656.90164,130663.3983,100779.8754,58281.50893,42498.36652,221245.9079,46054.97872,175190.9292,0.9962874135,2.366458425,0.7690307228,0.3981588779,5.165603037,1.161628023,5.805683872
4183,51239.45413,42285.48824,8953.965887,36650.77985,50837.62551,-14186.84566,104186.8428,50222.93982,53963.90301,0.5524360271,1.92045284,0.8099288027,14.15083959,53.51834934,14.19653324,54.06889239
4184,186040.1,43576.03221,142464.0677,215100.7753,61238.51572,153862.2596,232963.0922,55216.49662,177746.5956,1.668589108,3.436512792,0.8811944833,86.3646094,48.06509471,86.49459334,49.72861321
4185,789886.0783,58110.99766,731775.0806,728118.0486,53229.40294,674888.6456,230805.4502,60049.41913,170756.0311,0.7289415451,2.094082622,0.8340998178,27.72676182,61.93450764,28.43235384,62.11752586
4186,145806.0087,39341.11964,106464.8891,173502.1585,42407.15866,131094.9998,281951.0059,60499.28954,221451.7163,0.8053406968,2.391947924,0.6839244212,68.91382505,77.54110756,69.30141152,78.24704691
4187,911346.3146,54704.66923,856641.6454,877695.9661,53544.99321,824150.9729,225424.9335,46706.58386,178718.3496,0.1349419496,3.019332838,0.7235181089,70.35228588,15.99040572,70.46834127,16.05925683
4188,60100.77567,53728.81652,6371.959141,50699.5174,50836.25545,-136.7380567,122967.9935,36530.97401,86437.01946,1.975120449,3.54871708,0.9557508726,60.19203241,15.79211882,62.045252,16.47525713
4189,71639.3504,61137.4142,10501.9362,28026.96578,46489.68895,-18462.72317,158859.754,53472.30723,105387.4468,0.8539089026,2.97048829,0.9202141118,55.32925136,70.63817764,54.4980161,70.44270806
4190,175597.3508,38202.55232,137394.7985,181416.7865,57791.23633,123625.5501,215294.7938,52874.2102,162420.5836,0.6823370333,5.322873803,0.9331454375,24.51437666,1.250317209,24.13601959,1.818146198
4191,230954.72,55005.16666,175949.5533,116528.0293,62686.70831,53841.32097,223755.3951,48995.0386,174760.3565,1.921084567,1.213785868,0.7476775217,93.91628367,73.43744419,95.82900637,73.25839728
4192,209064.5489,50778.74829,158285.8006,161104.556,54520.44598,106584.11,194551.5557,57337.02963,137214.526,1.308121097,4.960037743,0.8219416109,88.40137213,1.26344834,89.30561274,2.208715355
4193,264411.9307,61005.10715,203406.8236,186801.0511,47321.47902,139479.5721,194725.4947,51942.40261,142783.0921,0.8477671102,1.896467162,0.9294100706,91.83138911,78.15628116,92.00241375,78.98661823
4194,58662.25233,60774.64968,-2112.397355,51758.28364,52391.10929,-632.825646,162028.2048,41308.77797,120719.4268,0.7512701894,2.925659828,0.9517705374,38.07259416,91.43732383,38.00779712,92.18579444
4195,1007397.613,62327.86113,945069.7515,642363.4418,54562.14619,587801.2956,232539.4248,48760.85662,183778.5681,2.550896992,2.122490922,0.865741779,68.33974951,84.57289818,69.80839162,86.65860329
4196,98953.79904,45681.84782,53271.95122,176203.2999,60240.84993,115962.45,163652.5391,54188.05631,109464.4827,1.3654668,1.696833966,0.5643558372,65.58658916,14.1104803,66.77006598,14.79156928
4197,48521.56841,41632.76343,6888.804983,61607.42727,62899.05497,-1291.6277,143139.9516,39910.36659,103229.585,0.4611369359,4.109860659,0.5658251899,67.80486005,75.85002648,68.02659088,76.25435644
4198,1098187.792,60873.28912,1037314.503,797544.5573,58890.98405,738653.5732,323712.8367,54079.4064,269633.4303,0.5327522626,2.711256739,0.8171541912,71.45577342,5.946390315,71.73276472,6.401473599
4199,937713.7707,43104.5556,894609.2151,756998.8044,59229.47009,697769.3343,304417.189,56229.07359,248188.1155,1.228323543,3.708235462,0.8275381277,23.99850628,79.67308315,23.38648439,80.73807514
4200,50709.56535,50655.32065,54.24469506,45270.65079,41604.67123,3665.979565,114065.0188,52333.54509,61731.47367,0.6748641954,6.912884911,0.5614091467,58.76074284,66.64702149,58.10902912,66.47177619
4201,196720.0179,65591.23367,131128.7843,87256.25854,57060.7516,30195.50694,132921.7572,41903.06027,91018.69696,0.6761796011,2.466336543,0.6791758349,52.57656043,57.56496382,52.97156798,58.1137697
4202,53713.31181,52190.41828,1522.893526,50147.83638,61239.35322,-11091.51684,135910.0573,61236.92618,74673.13117,0.7745916032,1.404995407,0.8198702943,69.4617557,65.74802896,70.05971592,66.24040659
4203,1082281.551,59075.32898,1023206.222,635638.318,52563.31132,583075.0067,241547.433,46980.24197,194567.1911,0.6620208698,3.596538658,0.7265595484,83.67338988,35.86920674,84.31060043,36.04874602
4204,47859.24036,59175.39439,-11316.15403,46810.24368,56702.38251,-9892.138829,151289.0855,57179.38569,94109.69977,0.2280438516,2.571432322,0.808317594,47.85898301,95.70479325,48.08681215,95.71468676
4205,67979.77983,65394.17483,2585.604996,32921.70119,37485.61587,-4563.914683,107108.2935,50177.48668,56930.80685,0.5694776157,2.217252452,0.8085096973,88.02330929,82.84358739,88.06200651,83.41174871
4206,878353.3313,57680.33885,820672.9925,769213.9778,43883.79943,725330.1784,276999.2335,47032.0078,229967.2257,0.9925220598,4.708045204,0.4585042655,12.52249187,57.92102608,13.39209944,58.39944295
4207,234506.4704,53695.26956,180811.2008,201719.0959,57047.80723,144671.2887,225188.414,57873.97594,167314.438,2.320044305,2.961362316,0.6774069157,87.22967056,0.1604075348,87.86017762,2.393133765
4208,1054965.056,61339.87046,993625.1856,826629.2992,44815.67574,781813.6235,280320.5608,42560.08031,237760.4805,0.9849011749,1.776993649,0.6000692452,71.97984391,94.95661426,72.49168265,95.79807217
4209,202918.2012,68063.41652,134854.7846,122774.5752,52142.06206,70632.51314,216316.6573,51946.55536,164370.102,2.743050767,1.645334122,0.8569227134,28.33799948,1.322576435,28.2749948,4.064903535
4210,196511.0316,52199.50144,144311.5302,164105.8263,52740.53429,111365.292,201845.6148,42348.08898,159497.5258,0.6335748174,1.849855018,0.7214999331,45.8713695,97.93249756,45.53745351,97.394058
4211,48298.66913,63682.39971,-15383.73058,57047.54675,52567.07519,4480.471562,102530.2155,47367.43204,55162.78348,0.615130294,2.000752436,0.572307301,10.4048453,50.19010899,10.57722931,50.78059103
4212,1007094.484,51044.17115,956050.3128,745321.4349,54551.85657,690769.5783,345590.0324,68715.94401,276874.0884,0.7487230782,0.6788157929,0.8758413392,25.1132948,89.26013802,25.39131164,89.95533072
4213,51687.72887,58622.13639,-6934.407523,38647.28993,51173.93898,-12526.64905,93176.65021,41908.32348,51268.32672,2.584404539,1.792832119,0.8474509883,2.117133913,25.15513688,3.271287731,27.46751137
4214,31041.74103,41792.36665,-10750.62561,52414.29496,53880.02914,-1465.73418,115666.3433,62085.37221,53580.97114,0.8368566796,2.987527735,0.9350146791,49.11138687,70.91745433,49.3491424,71.7198267
4215,636606.6999,54417.89722,582188.8027,705056.9926,55020.40417,650036.5884,332782.2981,49127.50036,283654.7977,2.407616238,5.225943597,0.6770742292,75.52399771,33.55779889,75.96490688,31.190899
4216,171644.403,65403.02617,106241.3768,184805.4481,41536.98203,143268.4661,207089.3059,55875.21765,151214.0882,0.6562527568,2.844463114,0.8648289615,98.99554385,97.01016322,99.57644742,97.31548062
4217,190792.882,64392.45822,126400.4238,189261.5457,51480.93046,137780.6153,200305.2583,49784.04446,150521.2138,0.5901946831,1.788234838,0.6271406042,92.49823128,23.21647115,93.00745265,23.51483898
4218,233378.3617,51415.43875,181962.9229,128968.7999,52149.19737,76819.60257,144522.6085,44213.67813,100308.9304,0.89868377,5.762322651,0.9845501524,3.551682122,45.77014823,3.264444231,46.62169207
4219,243483.6825,47542.71533,195940.9672,137169.6171,53356.43256,83813.1845,299421.148,54553.0935,244868.0545,4.107050436,2.563115987,0.8246661242,21.95973284,76.94249949,26.01194882,77.61138586
4220,234005.9938,65252.13842,168753.8554,117330.1048,47444.83461,69885.27016,118011.9623,43496.4994,74515.46293,2.097350827,2.472726529,0.6658487023,78.28069615,50.73106994,80.37503135,50.61863972
4221,247064.208,59452.83627,187611.3718,168033.1806,58885.49831,109147.6823,245343.2183,49048.0111,196295.2072,1.920670417,2.353409098,0.7126669123,69.71201527,18.89871592,71.39365209,19.82665581
4222,691601.5545,49685.82918,641915.7253,808829.3776,54169.77123,754659.6064,282388.047,50149.40504,232238.642,2.568874894,3.019457027,0.8768901988,60.71087057,10.13855198,63.05635742,11.1863161
4223,293763.0723,51075.9375,242687.1348,167901.2716,52849.9273,115051.3443,176960.5503,50774.11172,126186.4386,0.6438886106,2.223626315,0.8243358019,28.75365304,42.67287569,29.38756809,42.78576613
4224,818819.7795,59648.87016,759170.9093,718066.3806,42624.21423,675442.1663,267641.6266,47098.11093,220543.5157,2.240162389,2.16162353,0.5772600215,52.58066971,32.30747782,54.8167592,32.1724543
4225,836276.0282,75886.02387,760390.0043,971492.0114,60029.60936,911462.402,219294.8391,55011.5736,164283.2655,0.5077569806,3.337176968,0.8857391895,43.1903952,55.01514116,43.56799732,55.35460218
4226,956945.5275,59463.57327,897481.9542,649486.7687,40186.77228,609299.9964,308303.4495,40599.97904,267703.4704,1.426432559,1.187208712,0.7649143858,72.97906369,88.25557976,74.32872463,88.71723462
4227,74024.2387,59524.99426,14499.24443,45376.47213,47107.34778,-1730.875646,127387.9675,43434.05826,83953.90923,1.103925348,3.588227021,0.7042967465,25.16200659,10.80143837,25.03358742,11.8978688
4228,169034.4515,44733.03933,124301.4122,103738.187,51059.11578,52679.07117,166612.7724,39873.68941,126739.083,1.294131701,3.099969389,0.721898414,39.35706909,54.41500495,38.20241863,54.99943561
4229,61915.43573,57591.66395,4323.771771,56612.02043,61798.42683,-5186.406396,107569.927,52201.62921,55368.29784,0.9643497262,2.400726349,0.7246547264,33.98437435,63.54880849,34.24942061,64.47601983
4230,50192.37726,50157.07836,35.29889515,47638.60806,42640.15135,4998.456708,124580.218,55833.02329,68747.1947,1.089691224,1.540984146,0.7753876129,52.61222014,22.50199667,53.35592623,23.29844392
4231,790870.5456,52561.56921,738308.9764,713081.2097,54904.29499,658176.9148,190884.8663,44585.25877,146299.6076,0.7989308025,2.817220905,0.6347224167,82.85223731,27.73436164,83.42085821,28.29557522
4232,207956.0962,60491.41745,147464.6787,166608.6916,53289.93869,113318.7529,207378.8883,65540.69752,141838.1908,0.403295682,3.07942548,0.7753983786,23.04626083,13.93653858,22.73835799,13.67607122
4233,55070.66058,55258.0287,-187.3681172,64072.57192,71659.47008,-7586.898159,165736.907,57333.72984,108403.1772,0.2646974076,3.836120717,0.9437705126,91.87786248,9.837128656,91.62516202,9.915914391
4234,730771.0753,55666.18409,675104.8912,835714.1759,55456.23993,780257.936,255081.4839,44358.65187,210722.832,1.869034239,3.366707002,0.8447989717,60.68712231,79.17093202,60.26159935,80.99088235
4235,798571.0864,49211.76242,749359.324,681874.1187,58618.80294,623255.3158,357682.3455,55794.56305,301887.7824,1.473900505,0.9450725712,0.8663102162,22.16638411,78.36154312,23.4160782,79.14298241
4236,48982.54933,44771.34863,4211.200693,56149.01981,51478.81937,4670.200447,104460.3626,47743.11995,56717.24266,0.2811954193,5.849694004,0.5196089554,6.542608476,30.26181745,6.777286209,30.10690707
4237,56179.65654,49034.8311,7144.825442,53171.91262,68495.63904,-15323.72641,125923.2996,42964.95759,82958.34204,1.099548438,2.605282611,0.5992563495,98.26902697,4.137273444,99.36746895,4.08795837
4238,50732.5899,53665.98148,-2933.391583,34838.22713,48972.51984,-14134.2927,143596.0847,55768.26931,87827.81538,0.2841008719,2.520698281,0.9421045138,31.22012597,16.83138148,31.00095181,17.01214649
4239,677841.7158,53029.67697,624812.0388,726211.3385,35799.14618,690412.1923,298665.7623,54608.85294,244056.9094,3.385900089,1.991251936,0.9177652946,72.56228439,12.39686103,74.61952456,9.707607926
4240,200862.4855,59216.14919,141646.3363,89599.05558,52604.77711,36994.27846,197605.3545,36591.949,161013.4055,1.372799629,6.281124696,0.7059288308,15.65177119,88.90414955,17.0132491,89.08009475
4241,46782.3515,50403.20389,-3620.852397,52400.55789,42481.08927,9919.468615,127621.0131,63773.82292,63847.19022,0.5414854643,2.594126859,0.5671734234,68.42803089,78.44349884,67.98269365,78.75152683
4242,957804.9087,58269.95427,899534.9545,804408.4535,44831.11985,759577.3336,233528.574,46779.26034,186749.3137,0.9486743099,3.56270114,0.6086725775,7.738658402,45.51050942,6.998723916,46.1042096
4243,255407.6129,60496.72182,194910.8911,179076.1384,47758.3116,131317.8268,240836.0479,49862.68412,190973.3637,1.472581675,3.163084625,0.6416193581,6.018279659,17.86659049,6.137233834,19.33435978
4244,52011.76889,44423.21646,7588.552434,54360.24564,58178.89785,-3818.652214,71959.70052,51731.83143,20227.86909,0.7208559942,3.98095564,0.7990416025,39.18962295,2.287508819,38.47088021,2.232352322
4245,49397.09557,51437.9506,-2040.855035,46022.04671,42358.0768,3663.969911,161155.5624,35363.60587,125791.9566,1.071583167,2.441484638,1,29.54288633,44.82796099,30.49658793,45.3165751
4246,975683.5496,51188.09093,924495.4587,715785.1336,48078.97355,667706.1601,333150.3532,41706.83763,291443.5156,1.663546523,5.328786348,0.9170980382,79.99714143,21.52991502,80.70162849,23.03692697
4247,893833.277,66170.27685,827663.0001,813264.4184,45136.27559,768128.1428,306867.5282,45594.45387,261273.0744,0.7066671355,3.108181629,0.824700397,7.47530586,75.59750072,7.795736726,76.22734396
4248,283773.9681,55711.0624,228062.9057,264975.5623,60830.54444,204145.0178,236451.9912,55310.29555,181141.6957,2.418790036,5.232750678,0.6442752776,76.12335442,82.80802854,76.64599534,85.16967875
4249,534059.6327,60304.03696,473755.5958,791681.8098,53877.47221,737804.3376,271149.0571,57023.15345,214125.9036,1.187185342,5.128370319,0.81802403,10.54814491,52.88706841,11.48020279,53.62237592
4250,1095027.391,52853.26661,1042174.124,659554.205,44530.51201,615023.693,306643.4963,61721.16065,244922.3356,1.212897399,4.525882048,0.9028749076,72.10469441,11.46158552,73.31542366,11.53407538
4251,250170.0395,62217.80346,187952.236,153131.9055,61188.82752,91943.07799,241536.6251,51049.30233,190487.3228,1.695395905,1.767435695,0.7904328951,87.52458358,33.94873926,89.11168794,34.54494983
4252,874091.0764,46981.61797,827109.4585,806869.4952,50454.1672,756415.328,355691.2242,54048.38795,301642.8363,2.473734801,2.215391912,0.7397952915,23.89705958,70.97212277,25.9393691,72.36795072
4253,1126853.364,43407.93137,1083445.432,773936.124,51797.62952,722138.4945,282171.9247,49873.13596,232298.7887,1.448075519,2.4375536,0.7869215173,28.105484,53.76691611,29.50308857,54.14589393
4254,354283.2552,43212.89034,311070.3649,179608.2906,47747.06509,131861.2255,178642.0865,50310.71685,128331.3696,1.372528819,1.857672415,0.7671499217,95.19659416,83.0740539,96.56072139,83.22568586
4255,124128.8338,52053.0919,72075.74187,188687.3645,65439.61173,123247.7527,247227.8315,52383.39812,194844.4334,2.647315936,1.741674842,0.5589616878,71.71857039,46.16679778,74.26144301,46.90305896
4256,71862.01004,53975.91075,17886.0993,52788.33681,48889.75164,3898.585169,150310.2799,49273.36225,101036.9177,1.314427448,2.112739374,0.6811387358,14.63505998,3.513293622,15.94614719,3.606941063
4257,58574.59851,65029.00473,-6454.406223,61357.99161,67996.4192,-6638.427593,88861.26349,41769.78567,47091.47783,1.156268753,3.82034177,0.6201325199,21.51687395,77.31843993,22.64914237,77.55280216
4258,247984.7139,46871.62509,201113.0888,169206.2111,62316.65449,106889.5566,226956.8357,56819.33527,170137.5005,0.7680255745,1.35603595,0.7217338078,60.75975573,50.94468804,61.46073779,51.25851511
4259,750029.2086,69017.95349,681011.2551,757705.3062,58539.48182,699165.8244,172296.3248,47848.64667,124447.6781,2.10602481,3.158339895,0.5392281818,14.66033201,64.06177985,13.20262348,65.58178851
4260,208040.0709,55761.95042,152278.1204,107086.1321,52559.82695,54526.30517,261344.9781,45029.46691,216315.5112,1.868366846,5.049667047,0.888592564,74.86990619,73.41797785,76.65228962,73.97824921
4261,155290.3189,48198.39762,107091.9213,99048.6728,47167.87057,51880.80223,187205.4911,41269.23576,145936.2554,1.537993514,2.486335175,0.6390487596,18.70992269,75.72495274,19.81090784,76.79885019
4262,842280.8523,46441.28412,795839.5681,839571.8547,56756.77111,782815.0836,298852.1599,49671.81245,249180.3474,1.815951164,3.888076348,0.7735340527,62.77562044,36.92475091,63.2047838,38.68926145
4263,799039.415,48152.52396,750886.8911,695136.7112,53352.1348,641784.5764,252830.181,46262.2788,206567.9022,0.6069662805,6.242963975,0.809900618,66.70104236,33.39612635,66.69226562,34.00302917
4264,58885.27348,55450.54363,3434.729855,48824.39246,52600.7615,-3776.369035,226706.1746,49451.49532,177254.6792,1.131913934,2.216017831,0.8675346337,19.11749269,86.9768539,19.9480335,87.74589949
4265,910863.1774,51449.05196,859414.1254,538762.3826,46229.4663,492532.9163,283637.3027,39905.2694,243732.0333,0.7430818315,2.435945511,1,9.571388558,75.27334419,10.24295337,75.59141858
4266,887363.1368,55241.45051,832121.6863,688291.7918,55841.6899,632450.1019,290934.8976,47533.95309,243400.9445,0.6578153601,6.232690214,0.8095106946,23.99311047,22.80259812,24.4992955,23.22271449
4267,864291.1806,65723.8028,798567.3778,599433.1698,56833.3873,542599.7825,262097.3438,41863.87626,220233.4676,2.04059914,3.200112554,0.9397301659,70.65734726,96.52403708,69.94851088,94.6105074
4268,852843.0017,69338.87897,783504.1228,814597.9636,40012.79159,774585.172,318088.4884,43304.78813,274783.7002,1.417380436,1.981703642,0.8488471689,89.55916248,46.38588787,90.97511818,46.44942319
4269,195200.9319,50160.57125,145040.3607,169602.0725,65250.51973,104351.5527,198455.2926,59100.52079,139354.7718,3.136220712,3.583646205,0.6414456897,49.40100444,43.39381079,52.39644324,44.32291074
4270,218799.013,60410.6684,158388.3446,195299.2933,50025.64618,145273.6471,214366.8715,44526.71577,169840.1558,0.7441520341,2.752773974,0.7039263321,46.77791167,9.79163844,47.4559232,10.09833474
4271,184692.7053,58824.85139,125867.8539,163137.8782,52672.96183,110464.9164,256549.0976,48693.29143,207855.8062,0.8851712671,3.420857563,0.7448314423,85.1663323,91.37438737,85.56088683,92.16676032
4272,667431.697,44985.34036,622446.3567,706168.3869,42307.38649,663861.0004,266573.5237,49348.45706,217225.0667,0.02502230711,5.627603373,0.7643588906,37.25351307,83.82478349,37.27853478,83.82495689
4273,242539.0596,50138.82645,192400.2331,190936.7776,49813.53656,141123.2411,245923.6381,52244.95115,193678.6869,0.1898810222,3.869112126,0.7403802408,66.80982597,56.19529929,66.84601812,56.38169921
4274,115961.499,49502.79412,66458.70488,148261.1806,62147.53656,86113.64408,291254.7414,45290.47507,245964.2663,0.4937791285,1.804690094,0.8132319562,36.25021111,98.48455721,36.7310551,98.59683759
4275,1062621.199,59697.93189,1002923.267,762081.0724,45720.37018,716360.7022,235799.7264,48209.34466,187590.3818,1.167764954,2.699088965,0.8175343199,50.89401213,54.86717585,51.97792218,55.30170315
4276,189700.3793,63155.86758,126544.5118,188296.4473,53445.28172,134851.1656,230860.4662,48147.10116,182713.365,2.208640572,2.051399099,0.8837075677,96.05885253,2.487553141,98.22735721,2.906695863
4277,216347.007,62435.82988,153911.1771,191312.72,50394.32092,140918.3991,175687.3748,48433.1982,127254.1766,2.408421408,5.149002274,0.699019852,68.94541204,23.94432385,70.47422889,25.80529476
4278,201848.9285,61884.88625,139964.0422,172156.2677,58208.66405,113947.6037,229697.1182,58823.58782,170873.5304,0.1470150169,3.023425677,0.7708142701,68.79714791,63.29932965,68.92757473,63.3671696
4279,926463.9892,60532.46469,865931.5245,759803.5713,55552.9882,704250.5831,306862.6678,46828.88005,260033.7878,0.4908802912,5.035176055,0.7660851425,38.89960094,84.03984464,38.83371492,84.52628322
4280,191528.4196,51459.72829,140068.6913,165302.96,45769.51138,119533.4486,253158.1445,52595.13123,200563.0133,1.691194061,4.50814979,0.6760910459,55.33644104,43.1786023,56.34791786,41.82322339
4281,197168.9119,59844.62216,137324.2898,220037.259,47392.86554,172644.3935,159520.0564,43697.72839,115822.328,4.537680258,3.09418604,0.9754082148,0.5393090793,5.735031063,4.835193059,7.196510778
4282,875515.9359,75015.9267,800500.0092,942128.6605,40734.10155,901394.559,302599.3968,45517.61205,257081.7847,0.03743184355,2.248125388,0.6409718934,62.71971952,13.25005377,62.75527033,13.23833699
4283,218323.3236,58472.64973,159850.6739,149109.2842,51017.78375,98091.50048,217634.6368,59349.45927,158285.1775,0.813492672,1.741663961,0.5512383822,33.21276785,4.199367234,33.2362664,5.012520445
4284,872721.7788,62195.54574,810526.233,760297.356,49927.1399,710370.2161,245808.0854,54631.67638,191176.409,1.407694071,2.787532501,0.7475562438,7.443997516,17.52697554,8.641353597,18.26720592
4285,792123.1288,73046.36585,719076.7629,561495.6096,54078.18364,507417.4259,308871.3246,59344.63811,249526.6865,1.09801305,1.589190122,0.8409898919,44.5429317,27.35499489,44.75443749,26.27754515
4286,1000564.342,54038.09363,946526.2486,852149.5544,54901.23252,797248.3219,278677.7204,50490.06108,228187.6594,0.7238215391,2.583001876,0.7683795733,51.68785902,43.20641064,52.41145716,43.1884288
4287,181477.6301,55320.66355,126156.9665,149991.2531,59459.16252,90532.09058,180069.516,43302.49968,136767.0163,0.8330316307,2.665304709,0.9408091957,87.88390671,10.16792749,88.62455241,10.54922217
4288,871578.2482,67219.90293,804358.3453,673975.9053,44169.52114,629806.3841,259183.1446,45574.51754,213608.6271,0.3833463212,3.413550535,0.759373912,40.64814038,84.07125139,40.92348993,84.33796665
4289,739225.5526,57894.4979,681331.0547,485502.6634,51241.82178,434260.8416,316697.9519,52594.99446,264102.9575,0.7984062469,3.617826343,0.6024992471,68.71871275,38.07480794,69.40176263,38.48820291
4290,729070.1819,61887.63751,667182.5444,680897.5973,56200.95183,624696.6455,323982.7754,50049.25933,273933.5161,1.020562318,1.506134119,0.6947243801,82.12738794,46.40633537,82.99066749,46.95066602
4291,36935.11059,41995.22011,-5060.109526,40887.48542,44273.13874,-3385.653323,98184.20431,43834.43633,54349.76798,0.3845154154,1.452659274,0.6494408138,41.31874119,55.13293983,40.93898106,55.19322538
4292,183962.4316,65341.33832,118621.0933,139136.4324,57089.72886,82046.70358,264222.6156,49985.38014,214237.2355,0.481410048,4.759488879,0.6726170373,82.71966474,49.01646922,83.15735975,49.21691551
4293,59592.48035,51296.44336,8296.036993,73969.5604,55417.9113,18551.64911,135717.9954,49944.57771,85773.41766,1.11319902,4.893570812,1,54.84181943,22.65253947,55.18399703,23.71184422
4294,205917.1215,53900.57474,152016.5467,181023.3065,45409.98927,135613.3172,181241.6811,55226.07634,126015.6047,1.171446018,3.015687252,0.9706710086,86.13604957,9.112852625,87.19661445,9.610334202
4295,64941.56613,69238.63912,-4297.07299,58973.04931,50722.66796,8250.381352,178769.6756,49789.46254,128980.2131,0.7342367832,2.618252984,1,67.96082928,66.66194985,68.37328959,66.05451248
4296,34841.66325,41309.97886,-6468.31561,41772.03539,52512.28508,-10740.24969,97449.80015,49694.91125,47754.8889,1.367969316,2.959518534,0.7239981064,59.81407191,17.26194674,59.33035314,18.54153894
4297,52731.70458,55758.04388,-3026.339297,55313.20845,55081.78229,231.4261613,103909.4448,55292.31246,48617.13237,0.3634345366,1.874091213,0.9254289543,42.67466728,65.90691739,42.99848457,66.07192353
4298,865978.8214,38111.90361,827866.9177,936882.9609,49756.65345,887126.3074,290061.8557,43356.18026,246705.6755,1.662947281,2.806851994,0.7236739901,83.999295,81.41794286,85.60852414,81.83719841
4299,46043.21335,55385.32936,-9342.116012,57860.59051,53812.25921,4048.331292,133219.6059,40844.06966,92375.53621,1.453495436,2.632091314,0.6853776652,45.0679947,14.88773827,46.32728648,15.61357103
4300,135378.8869,46487.68911,88891.19779,178784.4295,43847.49095,134936.9386,210767.6647,47202.9977,163564.667,1.363256037,4.949899855,0.7312908555,19.20103625,82.16908494,20.42424594,82.7709363
4301,194550.8072,54565.40854,139985.3987,100466.9012,46215.54415,54251.35707,136951.6646,40768.33086,96183.3337,3.992619733,3.630799029,0.7806364624,39.27972555,5.854884521,38.06394363,9.657894732
4302,868532.6002,49266.04047,819266.5597,622467.6364,58767.27477,563700.3617,295927.3504,54635.21506,241292.1354,1.56582151,0.9864672517,0.7321382254,31.47098513,82.4205447,32.77335638,83.28981229
4303,59777.16528,59053.25765,723.9076396,48119.88997,52137.25292,-4017.362946,134727.1951,42150.61157,92576.58356,0.5196245601,2.534374454,0.6462977058,97.33168877,26.80145771,97.84393772,26.88869703
4304,734917.7833,43098.03236,691819.751,698036.84,49682.66412,648354.1758,296355.4851,50013.97584,246341.5093,0.1816799218,7.383502809,0.7485833519,49.38687494,86.98004039,49.567982,86.99445662
4305,991594.4431,53459.26293,938135.1802,838085.3959,53718.71916,784366.6768,261743.5271,56881.12146,204862.4057,0.7632096369,2.598087556,0.9554651155,28.40247373,7.804459647,29.14418945,7.984311679
4306,37070.19894,56503.0056,-19432.80666,41416.04009,51897.9638,-10481.92371,110910.1849,58405.84757,52504.33729,2.43793251,2.964243858,0.6821405131,69.16696727,71.78871884,70.36238471,73.91345225
4307,215281.1436,51719.70615,163561.4375,171509.1399,46276.52478,125232.6151,153693.6985,38442.6736,115251.0249,1.892376905,2.676540842,0.6497834195,84.95064232,15.16158041,85.96947745,16.75627954
4308,63031.07873,52201.12368,10829.95505,61784.81638,52807.5677,8977.248682,187671.3544,46897.98218,140773.3722,0.9920640058,1.533920115,0.7421063727,59.87795013,29.00036597,58.93038139,28.70658972
4309,835906.2334,53885.3676,782020.8658,818115.2013,53158.95295,764956.2483,265982.122,45080.45534,220901.6667,1.891332821,7.224707448,0.6005624002,77.8815572,59.66419544,79.27525831,60.94276381
4310,829061.1708,36933.42471,792127.7461,725189.6908,52027.13742,673162.5534,310670.7177,53574.29462,257096.4231,0.4468741481,2.16016338,0.6270320952,8.05398587,24.9689868,8.421493393,25.2232204
4311,890974.5671,59667.38524,831307.1818,739626.0651,41406.51039,698219.5547,268531.6654,53696.19299,214835.4724,1.209586696,2.383767518,0.7871187753,24.11204194,91.93576068,24.83659984,92.90432447
4312,210446.6009,62268.7923,148177.8086,197948.7404,37636.57877,160312.1616,178540.5927,46638.66191,131901.9308,0.7226108328,6.598096051,0.7904015857,51.12392317,95.17185587,51.5547405,95.75199623
4313,1071270.64,45656.31779,1025614.322,735842.3972,43335.54803,692506.8492,335476.8291,53921.73096,281555.0982,0.3004778584,4.041397535,0.9580688895,50.32267825,53.66273966,50.59589423,53.53767979
4314,211133.8913,53648.45365,157485.4376,119174.0646,64842.37716,54331.68743,210785.5758,43771.80661,167013.7691,0.7230607256,3.366110876,0.6806032184,55.00780927,38.15586774,54.34358833,38.44157275
4315,257752.7418,50511.96294,207240.7788,182246.6584,52209.56369,130037.0947,280324.0983,55285.11339,225038.9849,1.443873327,3.747797204,0.9324968686,44.54214303,1.378390696,45.88364158,1.912386785
4316,582459.4921,54274.82008,528184.672,746460.3112,55127.44206,691332.8692,314422.7902,50436.83254,263985.9577,0.6285131048,5.456899262,0.8296040891,25.04123687,92.84408913,25.63818124,93.04077704
4317,780241.1791,46789.58372,733451.5954,769863.1725,49022.67461,720840.4979,295761.2544,47337.9142,248423.3402,0.2718538186,2.699180894,0.8411697407,35.13091737,24.92274856,35.35211903,25.08078123
4318,47797.64683,50406.2538,-2608.606976,44035.62108,48184.94453,-4149.323446,139729.163,50964.61419,88764.5488,0.1269158319,5.005284409,0.8497138305,17.5083045,44.95921248,17.39690187,44.89840884
4319,267651.8626,64824.01045,202827.8522,69231.18751,53793.84566,15437.34184,257841.029,53198.26441,204642.7646,0.4972810678,3.150156841,0.8378693694,33.89812079,97.08857947,34.29116589,97.39321698
4320,1015038.532,53570.32538,961468.2065,626552.6641,54110.08931,572442.5748,346671.5285,59067.13319,287604.3953,0.3856400345,3.621752365,0.7250697224,90.98660382,49.21083931,91.35920716,49.3102626
4321,1035593.842,56333.67294,979260.1689,811552.547,57689.61501,753862.932,241027.102,50548.17777,190478.9242,1.900629401,2.697051556,1,13.76664409,7.637212148,15.30105383,6.515615577
4322,879332.1943,58634.75605,820697.4382,889991.858,59738.42182,830253.4362,207039.6172,53268.10661,153771.5106,1.363584198,1.037511719,0.7884436841,36.72530698,19.0243381,37.45443058,20.17661439
4323,64670.41074,63698.48419,971.9265472,37120.73413,51712.53396,-14591.79983,156852.2645,46829.44787,110022.8167,0.9263356011,3.26899742,0.8432132317,51.7073551,9.033202092,52.55261136,9.412200102
4324,51602.44006,53402.68761,-1800.247548,32821.17665,56463.48074,-23642.30409,143572.1978,51941.82534,91630.37244,0.6426584809,2.681829768,0.5237344865,62.80396011,25.85212502,63.34375068,25.50336139
4325,966428.4408,63001.70642,903426.7344,862301.5423,45344.31775,816957.2246,328803.7696,55905.51017,272898.2594,0.5608484753,1.75435964,0.875264508,42.99246191,86.4836951,43.51624497,86.68420026
4326,841728.4021,48806.35952,792922.0426,892139.8925,55029.00963,837110.8828,213615.2083,52185.34597,161429.8623,0.4581928198,2.507942919,0.5908511792,49.07577339,27.93130022,49.29656167,28.33278894
4327,943487.3005,55221.98694,888265.3135,832475.2472,47777.21653,784698.0306,336204.82,45299.66271,290905.1573,0.1768348009,3.194644435,0.7055582581,39.26222604,64.21881837,39.43809323,64.2372921
4328,675700.4423,66279.46501,609420.9773,785156.294,43479.71208,741676.5819,285800.4259,50110.68301,235689.7429,3.809226239,1.360396762,0.7157770869,23.36302072,81.87390597,23.08941255,85.67329317
4329,59658.11379,58295.75198,1362.361811,59470.69152,56051.43451,3419.257004,82005.52799,41313.64099,40691.887,0.6254035346,3.513153149,0.6900425604,26.30750957,17.91396088,26.9294,17.84776516
4330,857266.2695,43033.38888,814232.8806,694428.7839,45662.96312,648765.8207,349857.6323,49367.24261,300490.3897,1.380361199,2.972983155,0.652953701,77.82639347,88.33077295,77.58375589,89.68964161
4331,97267.11526,57577.08147,39690.0338,235394.1713,46243.98715,189150.1841,220806.2838,49104.21113,171702.0726,0.927888914,2.198485473,0.7690671269,84.13857366,66.84456688,83.83401921,67.72105101
4332,856741.8363,65708.04213,791033.7942,732536.1893,63939.48443,668596.7049,260468.2383,48250.85704,212217.3813,1.21454978,1.563825508,0.5903698732,2.712330311,68.74504867,2.891705701,67.54381778
4333,786417.4305,59515.9192,726901.5113,810475.5583,43886.66564,766588.8927,319417.6101,49324.01585,270093.5943,0.4274093138,7.710912293,0.7223664658,23.57842091,72.03122246,23.91109594,72.29956188
4334,883491.2646,55386.9176,828104.347,714567.5726,56296.9191,658270.6535,273584.7724,42402.05184,231182.7205,3.792514746,4.470833956,0.7843917401,74.98371183,63.05048898,77.4829206,65.90305338
4335,954374.6951,61917.0424,892457.6527,790034.6647,53416.56973,736618.095,330872.7841,53000.59661,277872.1875,1.881341135,4.705782094,0.8516947144,56.43176713,58.2136829,55.81523052,59.9911325
4336,31361.42914,42629.02449,-11267.59535,55126.62431,46293.80693,8832.817386,122244.5347,48838.86026,73405.67445,0.8242442187,2.919215344,0.6651920071,72.26176732,88.34837397,73.01919308,88.67346589
4337,24705.98827,43810.51799,-19104.52973,70711.29823,56530.94072,14180.35751,174392.0737,49494.17697,124897.8967,1.385344198,7.954536675,0.6683209062,28.89098942,51.2297897,30.25337474,51.48095654
4338,886132.896,55263.93839,830868.9576,749865.6376,63591.21202,686274.4255,310515.9173,58890.14028,251625.777,1.885778236,4.317465852,0.7594018029,21.81826802,94.86916956,21.92116149,96.75213862
4339,329226.2112,63573.90394,265652.3072,136920.5675,55325.74972,81594.81781,191797.4041,58474.82653,133322.5776,0.1534348375,4.835388198,0.9282589304,8.033885137,41.76944289,8.124713511,41.89310556
4340,63923.98492,58203.65559,5720.329331,50721.44925,53994.30641,-3272.857158,180589.56,57653.5291,122936.0309,0.4405877853,1.386805132,0.9225886506,49.85478595,22.75631417,50.24640636,22.95818307
4341,871379.2565,42598.32762,828780.9289,598267.6094,49066.14969,549201.4597,227025.9448,47444.93962,179581.0052,0.8205579258,3.85613757,0.7218036318,73.3150644,74.13944951,73.86484657,74.74859225
4342,51314.40119,51097.15417,217.2470237,50014.81387,49645.82907,368.9847989,159177.0035,46928.25293,112248.7506,0.8463138575,8.163042396,0.9380948288,75.17941642,55.54890739,75.99332348,55.78086092
4343,54386.2901,62317.79497,-7931.504876,33009.77709,40852.79729,-7843.020202,211538.3253,59560.47082,151977.8545,0.3822888069,2.299281356,0.8808211385,77.97732923,86.80620366,78.08408943,87.17328266
4344,41667.90945,42046.95062,-379.0411735,25821.96744,47983.22955,-22161.26212,-543.2408858,52433.41293,-52976.65382,1.442027746,1.378278779,0.9753084852,56.13865482,31.80422171,55.62210686,33.1505583
4345,750128.5379,42788.22616,707340.3117,715097.2674,54491.14348,660606.1239,277407.9368,50908.594,226499.3428,2.104607441,2.224938576,0.6530891099,97.64675991,83.13096539,98.27374971,85.14000902
4346,638371.6498,43055.8064,595315.8434,734057.0482,45682.74278,688374.3054,230623.9551,41219.98626,189403.9688,3.13787885,1.693418342,0.8948335417,61.25447666,16.37737808,62.66644738,19.17963116
4347,71131.4691,53483.3577,17648.1114,30472.15032,47758.18576,-17286.03544,67285.66167,40618.81948,26666.84219,0.6160740953,2.876849187,0.7601815508,11.46218454,14.98971715,11.95094527,15.36476413
4348,771408.787,63110.06156,708298.7255,696410.7857,54114.40482,642296.3809,296215.1974,49960.71119,246254.4862,0.1014724627,2.66553319,0.7331497497,64.96343216,9.096033642,65.06032575,9.12617153
4349,1107809.238,43197.15925,1064612.079,660019.0632,47697.68497,612321.3782,358498.3542,53132.71517,305365.639,1.203251154,2.924951075,0.8831802667,87.87212893,75.75464615,89.03671592,75.45207305
4350,48661.4472,57895.86634,-9234.419147,60271.88104,57286.16557,2985.71547,160772.047,54156.20384,106615.8431,2.503858719,2.62027437,1,54.61723652,34.77609308,55.18720513,37.21421618
4351,295735.3372,70413.03564,225322.3015,199875.5533,50852.64546,149022.9078,280647.1222,47558.55171,233088.5705,1.015420566,2.22354182,0.7679571702,14.37060136,53.85668141,15.07807434,54.58507753
4352,53580.2807,49961.97987,3618.30083,48845.27967,47586.49464,1258.78503,157952.2767,48599.16203,109353.1147,0.9195671761,2.965296887,0.5977499467,36.99793107,77.79165349,36.84283986,76.88525926
4353,665786.4127,67203.87693,598582.5358,598117.5814,46390.33691,551727.2445,256729.0346,38795.98381,217933.0508,1.321091046,1.889530555,0.7457742227,73.19139406,19.90331299,74.47242468,20.22617846
4354,1065121.939,52517.6347,1012604.305,967905.2504,50991.77654,916913.4739,172005.9085,48664.74613,123341.1624,0.8967209548,3.08959354,0.9406542462,82.59269875,91.0159536,83.21131973,91.66511965
4355,63493.45777,63593.93206,-100.4742956,39364.9045,46798.73574,-7433.831246,136916.9511,57858.82038,79058.13073,0.3914078663,1.743966064,0.7910836859,27.52087132,43.45559415,27.90219029,43.54388891
4356,1038491.398,58897.26529,979594.1328,571707.2671,71753.61012,499953.657,368842.8735,54536.46759,314306.4059,1.049232491,2.102470579,0.7783533949,53.27635704,42.81057728,53.73571034,43.75391357
4357,247485.9631,59617.66074,187868.3024,114319.8173,45476.06879,68843.74855,232203.7871,41117.69074,191086.0964,0.2835531982,1.765181943,0.9346252631,97.71448811,13.59326244,97.96001211,13.73510878
4358,767970.6924,53562.42337,714408.2691,732688.2554,63562.36191,669125.8935,323863.2637,59631.09902,264232.1647,0.9036581997,5.08602851,0.6185685842,44.17751883,11.81404992,44.94084513,12.29771416
4359,660935.7421,62613.0372,598322.7049,731120.2363,64036.63995,667083.5964,339659.9604,56741.38818,282918.5722,0.9176476286,4.913033359,0.8855062607,88.82580193,38.62646599,88.63029574,39.52304532
4360,698728.6544,66443.71197,632284.9424,726877.0124,63324.73893,663552.2734,264580.0817,43875.954,220704.1277,0.1549458618,4.21177896,0.5822277343,89.45697146,0.1428408945,89.60949249,0.1701457778
4361,838068.8168,55853.82235,782214.9945,719539.3239,64625.30934,654914.0146,297990.3615,50316.29129,247674.0702,1.451269824,2.808254488,0.7547416432,20.17727508,37.08466897,21.16418581,38.14871376
4362,28132.07484,49016.49681,-20884.42197,51916.07527,51829.43364,86.64162639,68557.41903,50294.52181,18262.89721,1.582953545,1.766733052,0.7513925565,63.05881529,62.29412999,64.43112262,63.08312589
4363,918729.3059,46781.57421,871947.7317,683262.8041,44581.76802,638681.0361,265848.0271,45794.24421,220053.7829,0.2383152908,1.943563993,0.7158584424,9.343230886,43.49853075,9.572556221,43.56336954
4364,23390.28988,37557.89958,-14167.60969,59033.27287,53198.91252,5834.360355,135590.0953,42346.02001,93244.07525,0.82506434,2.620902537,0.7485608042,59.77564613,77.92448642,58.99890359,78.20269894
4365,737458.5003,49227.34576,688231.1545,863080.845,39676.46831,823404.3767,243510.5161,44944.88832,198565.6278,0.335349436,1.129932794,0.6476368513,21.67613281,64.70822986,21.95554602,64.89366852
4366,161584.9287,43136.92906,118447.9997,115080.7638,49263.14341,65817.62041,182133.6223,45671.97625,136461.6461,1.491899368,3.739631454,0.6906297406,22.27630231,80.60263101,23.74957032,80.83767376
4367,73964.39695,58581.1768,15383.22015,57857.63463,55678.60259,2179.032033,111047.7554,66606.01801,44441.73736,0.8761326786,3.178589417,0.9211617332,99.064964,54.72929013,98.99583026,53.85588931
4368,1143492.509,63032.28456,1080460.224,778536.5592,48347.8682,730188.691,277182.6043,53696.06794,223486.5363,1.651887729,1.807205043,0.6534580981,33.66914979,1.839900466,33.41999353,3.472889819
4369,63647.57671,56424.4349,7223.14181,34464.69187,47068.81913,-12604.12726,165702.4535,60684.75003,105017.7035,2.097758335,1.819496194,0.7005849657,5.566997445,56.36283439,6.886482708,57.99364666
4370,886147.0849,57609.3974,828537.6875,628472.7431,44869.19523,583603.5478,245783.5829,51074.69951,194708.8834,1.288927432,2.071988636,0.7421584814,75.49316295,69.04689448,74.46770653,69.82777415
4371,237659.1665,73203.40443,164455.7621,219562.1062,64911.61617,154650.49,238086.7446,54333.39978,183753.3448,0.8091256789,1.346829111,0.7349237507,59.77721487,39.33326584,60.58155576,39.42112986
4372,59767.19468,52446.58101,7320.613666,52820.56392,45585.05985,7235.504075,119008.3212,55022.47735,63985.84385,0.856870155,2.401215677,0.8551292652,91.53132845,44.84184863,92.07625303,45.5031229
4373,929628.7757,59283.73837,870345.0374,715678.5007,57962.91187,657715.5888,314654.6112,51113.91183,263540.6994,0.8938549773,3.05669107,0.7558481665,5.984562341,99.33792121,6.870842326,99.22179839
4374,212865.8541,50318.56125,162547.2929,192478.569,43674.02801,148804.541,116194.9902,48432.10223,67762.88797,1.801990025,1.963051149,0.6546234753,13.40451573,60.80426222,12.84914827,62.51853613
4375,60327.38615,49267.33494,11060.0512,27294.24729,38989.82396,-11695.57667,230929.9625,40157.16451,190772.798,1.123836338,2.257335314,0.6447405096,75.93676453,59.41315335,76.56837057,60.34271342
4376,78397.1662,55875.10795,22522.05825,49144.28336,51639.08655,-2494.803191,94821.79891,47126.78952,47695.00938,0.9987270598,1.329713707,0.9638551463,60.15593344,55.48271022,61.15446822,55.46311371
4377,51066.48871,46679.02272,4387.465988,65895.04392,62301.9576,3593.086322,154484.6518,37424.02134,117060.6304,1.187212139,4.671574471,0.7241620885,91.70486854,86.46980904,92.59243831,87.25828387
4378,939784.9438,63320.75148,876464.1923,547440.9462,49302.47316,498138.473,291745.3395,44414.82197,247330.5175,1.360939837,1.870698807,0.6704553165,43.03427308,70.13021574,43.58432024,71.3750472
4379,1057027.313,67483.95152,989543.3617,813957.1121,41544.63002,772412.4821,261547.441,41739.69878,219807.7422,1.199368231,1.24072805,0.5541433678,8.559356962,35.66255125,8.27003778,36.82650081
4380,62340.70688,66810.37841,-4469.671528,43541.40073,52308.15749,-8766.756762,157351.5566,39588.84039,117762.7162,0.8714004823,4.145310927,0.7678473689,19.48364714,89.45522778,20.35104077,89.53869685
4381,1038898.594,43981.33538,994917.2587,913475.1854,57480.98423,855994.2012,230454.6941,41992.76351,188461.9306,0.3580550344,1.938506715,0.7868193886,69.04464667,37.98821294,69.24638661,38.28402437
4382,171663.6034,57403.86313,114259.7403,121137.0707,51248.10661,69888.96412,177528.6715,62778.89113,114749.7803,0.576307033,3.941948568,0.7795255237,16.9746499,27.6770311,17.46515247,27.97958197
4383,939031.056,55305.25139,883725.8046,856452.5661,61164.01363,795288.5525,200124.7495,51275.02171,148849.7278,1.148561013,3.06019306,0.7263481114,58.83599684,54.57918942,59.14444639,53.47282091
4384,66927.22911,52974.85301,13952.3761,44860.28221,53008.6757,-8148.393484,97612.48504,47288.42658,50324.05846,0.2131803804,3.430314747,0.6643548722,48.01911855,31.18527611,48.1897384,31.31308354
4385,53183.25376,56891.11757,-3707.863812,40923.55669,46676.20461,-5752.647922,194021.7606,50057.2846,143964.476,0.5324663375,3.432145154,0.5900533782,82.7454028,54.89852893,83.27559447,54.94769388
4386,784977.9884,46610.25442,738367.734,603239.6367,65497.69303,537741.9436,231362.5711,50000.4829,181362.0882,0.5834095222,3.494906313,0.7839326183,48.22014647,29.87368392,48.58013024,30.33278995
4387,999365.0682,59512.00652,939853.0617,1070045.093,46836.20979,1023208.883,256067.2674,45716.24155,210351.0258,1.972043062,2.220522133,0.6464878688,88.87168478,20.69948308,90.18492093,22.17066106
4388,731608.9358,73745.90289,657863.0329,744157.89,51532.43487,692625.4552,256775.3369,49401.54979,207373.7871,0.3332810953,2.725490364,0.4165320503,45.7705119,72.63972058,45.70277177,72.9660449
4389,250840.676,38419.64474,212421.0312,113885.8424,41653.49602,72232.34637,210516.187,33757.38269,176758.8043,0.6856349487,2.963257856,0.7469205401,93.88838135,13.84294341,94.14334436,14.47940955
4390,752379.4257,39388.32103,712991.1046,733950.0382,61154.50827,672795.5299,313295.8708,54293.90927,259001.9615,0.5906197906,3.107356774,0.725428984,83.66442687,57.601593,84.10573136,57.99412592
4391,61848.73631,68836.06991,-6987.3336,49042.16063,56501.15628,-7458.995655,196417.5701,51799.57112,144617.999,1.436403187,2.131604843,0.7817280284,57.34977411,5.050655385,56.53976583,6.236885
4392,801435.7178,51235.85385,750199.864,804607.5443,56108.91985,748498.6245,253183.717,46798.58471,206385.1323,0.9332064802,2.470269809,0.8228646055,2.213923779,38.42208799,3.089160873,38.74586934
4393,848779.4429,53091.99602,795687.4469,912917.7488,54264.28594,858653.4628,258329.2277,43505.57579,214823.6519,0.3270034131,4.816198578,0.6516577826,35.67625621,33.63085624,35.76737604,33.94490784
4394,139029.1134,67747.47767,71281.63576,220662.3872,55718.065,164944.3222,214683.4247,39718.24802,174965.1767,0.1839181816,2.876582012,0.8338882078,84.76536535,59.01062821,84.86250041,59.16680336
4395,773826.1628,63529.36399,710296.7988,762876.9393,48011.67077,714865.2686,252890.1953,47533.03448,205357.1608,0.5131095868,2.472663298,0.9112072541,28.73499473,49.5925308,28.88983522,50.08171979
4396,43136.31175,51500.76318,-8364.451425,48156.91192,54621.63377,-6464.721856,112255.3736,56572.22182,55683.15176,0.1015038185,2.536152385,0.6817972227,6.619535125,66.420734,6.696322715,66.48711691
4397,68585.27508,66314.1109,2271.164189,43356.56644,56830.93207,-13474.36563,176881.5035,60302.88619,116578.6173,2.540835905,2.619279358,0.8589985724,27.16205493,97.07074191,28.41644044,99.28034914
4398,184888.3328,44083.45835,140804.8745,218371.9373,43597.73819,174774.1991,205902.6908,59285.6158,146617.075,3.386859245,2.885010033,0.903171964,3.90283032,53.9685743,7.275992092,54.27286889
4399,928862.8118,61730.60479,867132.207,712110.1142,44746.02917,667364.0851,319405.6037,54056.28689,265349.3168,0.7863460886,0.9120739729,0.7471541182,57.70184252,35.61169357,57.58794379,36.38974707
4400,80241.86593,59589.81909,20652.04684,47987.58166,45307.50877,2680.072895,132643.8922,59436.8995,73206.99269,0.3878452957,3.610749267,0.6635514124,73.41065267,48.26816602,73.77821894,48.39193603
4401,962271.9922,36570.40125,925701.5909,645754.7792,49766.58824,595988.1909,273673.2162,50909.89346,222763.3228,1.108213042,1.866544674,0.8569986762,62.38129665,9.241421841,62.64864136,10.3169045
4402,922269.9589,49954.78653,872315.1724,853701.9169,44886.24189,808815.675,263933.3583,47420.9879,216512.3704,0.3219815241,1.742000236,0.7752615426,89.23105246,65.448442,89.49251144,65.63635503
4403,962322.9374,51994.00018,910328.9372,660841.842,53242.35901,607599.483,279249.6913,49346.56425,229903.127,1.120612775,0.9612867722,0.8193896407,76.65180374,1.684932452,77.46570003,2.455221899
4404,39375.88308,42008.5019,-2632.618815,33911.72582,45465.25273,-11553.52691,179955.0048,43055.88488,136899.1199,0.9357019544,3.797008425,0.6717615379,89.13997903,87.70937257,90.05094222,87.92311127
4405,1039206.163,40977.69507,998228.4684,823836.3573,52549.67902,771286.6783,262415.8643,36853.24386,225562.6204,1.287227445,3.247728337,0.7631397597,20.04353551,54.79311711,18.77295275,54.58678258
4406,966924.1628,53425.46421,913498.6986,752554.4623,44587.69087,707966.7714,297933.9816,55884.87855,242049.1031,2.07201059,3.251674441,0.6160397051,75.90142938,7.792499983,73.83783174,7.605972118
4407,57709.55702,59194.52402,-1484.966993,30333.395,45528.81562,-15195.42062,177878.6876,49437.8918,128440.7958,0.4597955192,2.460996624,0.7943443511,84.13686718,66.29867872,84.15492973,66.75811931
4408,910688.1951,55055.3119,855632.8832,874455.9105,55113.33006,819342.5804,325503.2571,35844.40934,289658.8478,1.67878778,2.088163223,0.6310435273,97.13788892,93.5797699,97.84239744,95.10357965
4409,827078.001,41143.55539,785934.4456,760196.1745,59204.53107,700991.6434,300912.2394,51820.71249,249091.5269,2.458594885,1.909563341,0.8326412251,23.02940187,63.11960299,21.82358956,65.26219615
4410,285715.9607,48430.0197,237285.941,177936.8142,45952.71658,131984.0976,201249.2797,46400.92842,154848.3512,0.3466288403,4.844599595,0.9571172058,25.79029344,41.76369154,26.11409408,41.88740371
4411,897070.3852,50473.13774,846597.2474,749502.4524,62401.72376,687100.7286,244720.5611,47858.99635,196861.5647,1.716900326,3.865748363,0.8891326322,26.25855865,99.333668,27.30194697,100.6971516
4412,56145.20744,63501.42825,-7356.220804,65890.20386,51186.82978,14703.37408,171693.544,51905.31397,119788.2301,2.333868612,0.8745345183,0.9936695171,19.70227166,19.50917774,21.24822739,21.25759519
4413,41308.21789,48633.45331,-7325.235416,35065.76302,50101.16154,-15035.39852,181133.2084,39260.72931,141872.4791,0.7798471046,1.4589431,0.8404825691,50.26581069,86.71299419,50.96961545,87.04888163
4414,906155.7491,56781.39897,849374.3502,612513.7543,58251.3989,554262.3554,217613.2789,63198.01436,154415.2646,0.955985427,1.806677328,0.9032787557,24.37262382,41.56498308,24.60395332,42.49255777
4415,52203.44688,53129.69301,-926.2461304,64927.73748,64635.65408,292.083408,95079.92097,47397.15466,47682.76631,0.5476263072,3.106068626,0.64947003,46.06509766,8.14302436,46.12442235,8.687427844
4416,746073.0001,48227.15169,697845.8484,875710.2223,56356.39757,819353.8248,221735.6359,53526.40072,168209.2352,0.3622020805,2.20345914,0.6166345879,96.11736588,12.23490137,95.99051823,12.57416531
4417,54240.81654,61835.84138,-7595.024841,37169.53199,54981.61187,-17812.07988,193513.1733,52554.86953,140958.3038,1.409868187,1.969362094,0.7239144713,26.47443442,40.57808038,27.57165688,41.46342279
4418,1004054.934,51283.36566,952771.5686,616118.7161,45497.55545,570621.1606,287519.6127,48496.24204,239023.3707,0.4693313738,1.661788989,0.8307389481,16.25938577,84.20875615,16.57142652,84.55933069
4419,41459.648,57593.39484,-16133.74684,36569.83015,52041.60581,-15471.77566,137362.1426,38655.84502,98706.29762,1.188154742,2.189462981,0.9512919558,55.53401259,87.47387911,55.72043585,88.64731767
4420,591654.0263,60772.80803,530881.2183,858131.3252,37812.09723,820319.228,292206.4747,41077.60947,251128.8652,0.06836925151,5.709509009,0.6618223708,74.72136267,77.64032386,74.7801294,77.67526417
4421,219499.4454,53149.28328,166350.1621,198787.9665,61830.41332,136957.5532,216985.5014,42968.15144,174017.3499,3.972579138,1.600942122,0.9820967497,47.91611856,9.997684186,49.18866966,13.7609273
4422,202026.9887,60397.82682,141629.1619,244782.3797,59933.43286,184848.9468,199755.7934,64136.14527,135619.6481,1.344466328,3.828076605,0.8103988289,27.22311773,73.71570105,26.09046088,72.99135434
4423,240671.3441,49943.23659,190728.1075,209402.7298,43617.48501,165785.2448,209361.3802,58952.93746,150408.4428,0.5144789013,4.233926817,0.7604074197,53.16965773,16.35355652,53.27286113,16.85757794
4424,235472.6983,56198.9811,179273.7172,224283.4903,45080.83586,179202.6544,263481.3651,51378.62387,212102.7412,0.9174669174,3.139708751,0.7206826821,56.49752922,64.22658906,57.41422651,64.26416064
4425,48310.58223,52993.13919,-4682.556958,59862.28497,40367.38716,19494.89782,117039.2029,49929.80345,67109.39942,0.9602876768,2.51895882,0.9578575466,65.55115421,1.381890354,66.09796765,2.171287265
4426,11126.61843,42554.44859,-31427.83016,49921.09964,55863.1484,-5942.048759,170328.951,52170.06679,118158.8842,1.005405772,3.158423133,0.8239239348,72.39570339,51.58699696,73.39245517,51.71862769
4427,676222.8904,50119.73946,626103.151,613253.4684,56005.40504,557248.0634,274621.0487,49953.08905,224667.9596,1.521615356,1.962486441,0.6761904033,50.88934018,56.72685935,49.70026536,55.7774309
4428,37175.37894,53029.71971,-15854.34077,26896.15734,46003.09028,-19106.93294,117113.8556,38884.23268,78229.62292,0.25401899,4.184548923,0.7126683673,71.25683178,95.92001013,71.48169086,96.03817966
4429,281488.8332,53749.7666,227739.0666,163473.1213,59621.87924,103851.2421,131297.667,50966.54081,80331.12621,0.8090170176,2.062382647,0.7260956815,26.62002484,73.58954087,27.33894265,73.96057418
4430,160445.6397,46713.90124,113731.7385,231199.7078,61981.91159,169217.7962,215061.9186,35332.14152,179729.777,0.2087495187,3.289607582,0.5641879863,64.31862301,21.97652321,64.40158967,22.16807711
4431,86214.51234,73771.32619,12443.18615,52955.16778,47518.81212,5436.355662,200072.6225,48071.15593,152001.4666,0.7770513674,1.973750623,0.6954180003,90.87873533,49.00713876,91.33042016,49.63942797
4432,1174376.618,42256.60638,1132120.011,708109.3675,50090.25363,658019.1138,315852.1641,44329.68716,271522.4769,0.9624746121,1.884235669,0.8482032862,41.9790851,88.77821457,41.51469037,89.6212418
4433,52896.16681,52643.68928,252.4775329,52464.45141,52153.72025,310.7311585,94086.76366,56197.46495,37889.29872,1.302755439,4.1681814,0.7724871891,72.97534307,89.62750153,72.29043471,90.73568575
4434,56974.30089,58925.94646,-1951.645572,31723.11877,47985.52462,-16262.40585,98135.82705,39174.36892,58961.45813,1.636878648,3.761183253,0.6276858813,61.80310142,75.6735198,63.01226101,74.57020442
4435,71896.63658,61152.5654,10744.07117,49942.52614,54496.88331,-4554.357172,163397.2485,46631.47906,116765.7694,1.277293764,3.176738161,0.8273714329,8.408150312,33.3690373,9.613611179,33.79134461
4436,55876.19336,40636.39787,15239.79549,151733.5705,52724.82274,99008.74779,273336.8603,59643.28909,213693.5712,0.785328813,4.779933767,0.7900619852,74.82942057,36.75692531,75.61412373,36.72558354
4437,47547.53194,42103.05357,5444.478377,35918.0459,55775.11694,-19857.07104,131712.5449,60340.93166,71371.61326,2.703013798,1.647260299,0.683313435,12.83336979,11.2961353,14.61449202,13.32933159
4438,77452.178,57332.04861,20120.12939,41947.78893,44452.91133,-2505.122403,122589.6735,31255.4881,91334.18535,0.2379233525,3.842210926,0.7129976779,84.07896385,96.23097028,84.1830789,96.01703669
4439,1025703.678,57516.94581,968186.7323,653559.4146,55737.13352,597822.2811,361962.0437,65252.54439,296709.4993,0.4609141039,2.652542648,0.9398666476,59.70508379,29.88152872,59.77787458,30.33665871
4440,994189.3287,54003.64493,940185.6837,840042.317,45457.59662,794584.7204,280670.2193,56781.04665,223889.1726,0.4430085426,1.35225755,0.9557424191,91.24488579,34.03437794,91.65962415,34.19009774
4441,1116519.554,52008.74592,1064510.808,655532.7313,58729.85044,596802.8809,264105.9164,44343.02334,219762.893,1.336342697,1.881784029,0.8792720771,15.13577291,47.07817368,15.69079942,48.29380413
4442,715896.9967,54986.29279,660910.7039,708286.5121,50935.74451,657350.7676,261202.4242,48994.33129,212208.0929,0.5336866582,4.054335528,0.6770066966,94.12650862,34.83592686,94.60057945,35.08103559
4443,153867.8035,56633.28395,97234.51957,217822.0503,55494.92765,162327.1227,202591.0081,49885.75545,152705.2526,0.181060322,3.434089233,0.6602354341,91.82495041,96.48724219,91.78337067,96.66346354
4444,1017512.541,69389.40427,948123.1369,954513.7599,46741.90146,907771.8585,223452.279,36392.10634,187060.1727,0.4153183776,3.754323677,0.632691869,53.05136701,65.10416083,53.42700306,65.28132435
4445,946037.0331,57096.88395,888940.1492,709878.2972,42093.76462,667784.5326,223975.1274,57151.93956,166823.1879,1.018449161,2.568464221,1,28.88473242,74.41652041,27.87415689,74.5429158
4446,906775.3374,63251.80058,843523.5368,817420.779,43401.50904,774019.27,301619.4069,54447.09294,247172.314,1.886989882,3.032855633,0.7131672032,89.02475337,26.20895691,90.91099778,26.2619932
4447,1161985.659,54185.30394,1107800.355,852444.862,46394.14258,806050.7194,343577.4236,49141.3344,294436.0892,0.235056521,1.866091269,0.562431112,38.87351435,78.62161026,39.10198723,78.67685256
4448,47210.10747,53368.05647,-6157.949002,47885.50287,48323.13494,-437.6320726,143224.7662,53521.05812,89703.70812,0.4372072125,3.671951042,0.6308808909,92.26867659,45.95253178,92.52161378,46.3091449
4449,986455.4458,60564.70593,925890.7399,691704.8466,47676.46181,644028.3848,329898.0108,36042.81153,293855.1992,0.632420308,3.361692079,0.6441811516,81.46909086,16.88544064,81.43349916,17.51685863
4450,970997.0086,60641.14417,910355.8644,905275.4121,45896.45721,859378.9549,298773.9768,44223.3802,254550.5966,1.40393481,3.173548029,0.5473549531,72.32094749,84.75543707,70.94733257,84.46523887
4451,47258.36717,52678.26859,-5419.90142,63103.07111,69859.26299,-6756.191879,113983.8407,60705.3965,53278.44416,1.993121626,1.85456325,0.8760913323,22.45277343,76.47748768,23.6691563,78.05639443
4452,140792.4844,48140.15571,92652.32867,177898.1346,55027.75957,122870.3751,221976.7084,42698.47538,179278.233,0.4457221287,1.697513875,0.7716922084,31.10287974,45.75766144,31.52986512,45.8855352
4453,70611.81737,47991.57729,22620.24008,51837.99452,62568.78479,-10730.79028,111054.3448,44056.11073,66998.23412,1.391005058,2.348074363,0.6188266356,25.81081875,18.40442915,25.91607594,19.79144609
4454,249788.8123,66885.24331,182903.569,196162.9862,54062.37477,142100.6114,212772.6376,61323.409,151449.2286,1.56040771,4.792513016,0.5087336439,26.87854066,95.60855724,27.5184029,97.03173977
4455,237558.3963,66053.42854,171504.9677,241499.6154,59024.91327,182474.7021,251750.7335,64348.86557,187401.8679,0.2429003099,2.828578444,0.9024122061,30.05482047,76.52333933,30.22570723,76.6959611
4456,41687.67461,50538.05096,-8850.37635,53759.43002,56113.54479,-2354.114765,209890.4961,37017.47626,172873.0199,1.331488864,3.462053023,0.8813761422,73.24496227,51.03803307,74.50621996,51.46475502
4457,54433.79712,50972.0946,3461.702527,69594.17996,56099.83707,13494.34289,191109.3126,46259.22482,144850.0878,0.5745386936,2.908693066,0.817397942,3.189991524,95.48184067,3.540922904,95.02693202
4458,206647.6591,46745.27421,159902.3849,281992.6695,60484.90794,221507.7615,194859.627,44311.73821,150547.8888,1.485497002,5.053063807,0.7986286276,24.20724105,92.43462159,23.36868776,91.20843656
4459,28740.02326,40431.20774,-11691.18448,49406.18824,57414.11145,-8007.923219,199774.7887,55335.18598,144439.6027,1.545097514,2.553743304,1,64.41190061,31.73419172,62.91074413,32.10005445
4460,1174393.077,58590.86344,1115802.213,801898.4988,49712.25969,752186.2391,234502.6859,50255.64338,184247.0425,0.95505312,1.348380353,0.8322158239,6.763252203,60.59973711,7.528864069,61.1706705
4461,229836.0723,58250.55917,171585.5131,184064.7349,51248.19148,132816.5435,245007.5607,52169.48394,192838.0768,0.6353734385,1.496897449,0.7397521246,93.27467705,41.92338005,93.90989988,41.93721326
4462,818492.2951,51990.78614,766501.509,788278.9879,55619.45874,732659.5292,355757.449,48270.40718,307487.0418,0.531329866,6.728253834,0.7630751972,15.23271739,93.9897653,15.36797662,94.50359054
4463,52474.71627,44845.98123,7628.735038,45488.16132,51461.28244,-5973.121119,115733.2976,48391.92162,67341.37601,2.797673191,2.487208847,0.5335383832,55.98843675,74.91035344,56.87553227,77.56366021
4464,779168.0113,59935.09973,719232.9115,830570.905,55471.55471,775099.3503,254288.6476,51048.59811,203240.0495,2.16430298,4.289314373,0.7009524408,31.13043384,64.20564485,29.21041988,65.20452111
4465,43977.18906,62641.90186,-18664.7128,54868.81744,52796.35032,2072.467118,145035.9106,48132.71799,96903.19264,2.277228496,1.242351638,0.9561293519,69.26290959,29.6106732,71.50829567,29.23118544
4466,917249.1669,70886.53731,846362.6296,727208.786,41403.15506,685805.6309,277342.1186,44593.73806,232748.3805,2.30202642,2.155577835,0.8750569981,44.26080409,47.21837983,42.1675024,46.26056269
4467,824716.3786,49459.86761,775256.511,770180.3109,51442.69088,718737.62,348369.766,56830.17261,291539.5934,1.561683209,2.027703972,0.8384255061,33.27740641,69.9758467,34.48658755,70.96414594
4468,747321.7798,72028.53032,675293.2495,716251.7751,33975.49891,682276.2762,286116.041,48887.461,237228.58,1.556063041,3.034921408,0.8005553769,59.93890395,64.32000243,61.37612369,63.72357003
4469,870661.9666,46753.848,823908.1186,622546.2913,55300.29275,567245.9985,218294.2594,56789.70717,161504.5522,1.02682353,1.907290183,0.8881563262,13.08787601,69.08951271,13.84127407,69.7871931
4470,166517.5653,51735.49265,114782.0727,185059.6635,45993.41937,139066.2442,168449.7747,51505.75626,116944.0185,0.3081795079,2.388604648,0.7820716324,54.72350961,32.3620741,54.7736652,32.66614486
4471,262961.9497,59927.425,203034.5247,129909.0072,55250.46683,74658.54041,184919.9829,66530.34508,118389.6378,2.188536322,2.732503218,1,57.32706658,19.75417573,58.90969825,21.26578687
4472,53109.46831,54023.55095,-914.0826357,29416.24547,37344.72489,-7928.479424,116314.4068,47651.02932,68663.37751,0.6572199919,2.690465243,0.799548731,27.11906139,96.07011766,27.66426702,96.43711757
4473,757007.3133,48680.41792,708326.8953,637154.067,54542.10707,582611.9599,300849.2541,47729.02057,253120.2336,2.1797696,3.16424613,0.7982765306,91.39553184,1.741722064,92.79565047,0.07107448825
4474,145685.3966,52158.3836,93527.01298,177995.122,63467.8685,114527.2535,270313.5998,46777.45975,223536.14,0.7759025071,3.585055818,0.8786131151,78.44984361,83.26405874,79.17094463,83.55048155
4475,799336.197,67181.12821,732155.0688,702252.8433,61099.14017,641153.7031,264496.5974,53828.86165,210667.7358,1.477097254,2.968572852,0.8489001578,97.6634064,89.14606576,98.49359143,90.36778958
4476,745340.3093,48776.93384,696563.3755,643490.299,48994.14376,594496.1553,251128.9371,46574.43495,204554.5022,0.8036311188,3.347783583,0.7707022388,30.38771469,35.37797628,31.17803064,35.52365974
4477,79725.26463,75114.7617,4610.502933,48101.18225,47383.92394,717.2583103,129225.3913,50541.34274,78684.0486,0.07294296535,3.065458784,0.6995817407,87.28680244,39.1791665,87.35810732,39.19453824
4478,231831.7678,50855.50385,180976.264,159250.5497,37927.25257,121323.2971,168565.5905,56801.67314,111763.9174,1.330378533,1.183022017,0.8170190599,22.73275663,16.97242881,23.40944226,18.11785607
4479,45770.00633,57618.2318,-11848.22547,43324.19635,53218.21511,-9894.018762,142702.2061,53047.05759,89655.14846,0.9367653249,6.374447269,0.6597437343,66.26906848,77.16769099,66.98558691,77.77112335
4480,63220.41741,65861.68029,-2641.262875,25622.43299,48969.9757,-23347.54271,165730.2504,41948.42523,123781.8251,0.562643263,1.173475554,0.7995952901,36.83122385,64.16121373,37.16583173,64.61354659
4481,81671.06368,72347.15538,9323.908304,60609.42718,60759.84748,-150.4203009,121761.1435,47433.687,74327.45651,1.07804573,1.404577627,0.6317496581,57.02488927,37.34010033,58.00781637,37.78286089
4482,187672.9246,56700.34683,130972.5778,211739.3228,54057.86901,157681.4538,231625.3788,42446.49299,189178.8858,1.953403994,1.442480311,0.7537948409,24.2885125,77.66862082,26.24129844,77.61948585
4483,716347.8571,58259.63398,658088.2232,772106.7959,56121.95432,715984.8416,291853.3366,48907.17176,242946.1648,1.365352249,2.724171329,0.8567756036,32.39343722,77.44148274,33.61206785,78.05721494
4484,1006882.245,41986.3112,964895.934,873931.6767,45245.35908,828686.3176,280718.0856,44337.84507,236380.2405,0.8556972586,5.603860746,0.8082319763,3.744092802,0.8329595268,3.565435727,1.669798489
4485,1096225.695,50193.75767,1046031.937,825585.0229,68135.17652,757449.8463,313445.7455,62969.75707,250475.9884,1.452455762,1.563591445,0.8181240302,13.28229926,79.21025801,14.67167201,79.63366219
4486,947371.6762,46317.27945,901054.3967,537237.2435,50764.39966,486472.8439,315455.8485,51359.76107,264096.0875,0.8058937474,3.120398845,0.8925938167,7.778976201,18.84218168,8.483834145,19.23287339
4487,50399.43674,47090.28672,3309.150013,49534.2318,45585.13176,3949.100042,136158.0641,46509.18055,89648.8836,0.9567939208,2.735751843,0.7460814742,71.65904672,6.313052968,72.44730768,6.855362168
4488,871061.346,66320.61101,804740.735,747849.0817,53095.09027,694753.9914,325901.0599,49779.45201,276121.6079,2.19151651,2.676144446,0.7235602476,75.95502817,23.17047435,77.23831367,24.9469661
4489,201383.6766,56040.90245,145342.7742,127498.7897,50406.84774,77091.94193,168374.3097,43036.65311,125337.6566,2.401833389,2.703779913,0.6339528188,66.92983433,80.5651509,69.10070302,81.59283411
4490,223935.9819,42462.87203,181473.1099,225840.1544,59904.92396,165935.2305,206080.4689,45145.24353,160935.2254,0.8709290267,2.048320978,0.7380238042,33.38705164,44.60033598,33.9382817,45.27462286
4491,628174.8939,65888.23342,562286.6605,672004.4705,51681.97853,620322.492,225708.5343,54835.33536,170873.1989,0.4348575885,2.623680257,0.7802480428,12.61253475,33.96243743,12.53174783,34.38972492
4492,138438.4854,46469.19251,91969.29291,238453.598,60859.03986,177594.5581,219066.7638,52973.44485,166093.3189,1.53144184,2.087841354,0.990135328,81.214108,21.30241944,82.69544652,21.69094266
4493,236812.2573,47651.16969,189161.0876,164822.2656,51861.69426,112960.5713,111293.3246,46404.99582,64888.32882,0.9690670617,3.51831983,0.6958888395,1.853747336,84.03653749,2.384226874,84.84751371
4494,249988.674,48882.34315,201106.3309,231085.3258,53467.42576,177617.9001,217009.9728,56862.4912,160147.4816,0.5712409274,3.801487184,0.7607536685,17.57813136,59.87115276,18.09410529,60.11627945
4495,58052.65977,55234.03777,2818.621995,31186.30318,29920.21463,1266.088548,135769.4737,41748.97008,94020.50361,0.6436992951,2.405580659,0.8124128825,43.79101146,0.7284401233,43.83150886,1.370864238
4496,267970.4634,55095.87122,212874.5922,155230.5971,54034.96581,101195.6313,161380.5732,50862.38931,110518.1839,1.079322044,3.00313913,0.6429619508,15.09327777,67.17322157,16.17241089,67.15302808
4497,54035.11387,49814.64937,4220.464501,70110.66535,61970.37805,8140.287309,183094.8882,49346.45693,133748.4313,0.4209230276,2.684601103,0.6804451685,63.65712891,28.25748191,63.98260356,28.52439472
4498,942132.0671,47981.56416,894150.5029,735935.367,57009.86443,678925.5026,294601.7633,46934.98468,247666.7786,1.616847554,3.348869,0.7018355212,22.61930617,79.68033279,23.17639716,81.19817521
4499,197553.7665,47212.40892,150341.3576,168752.9251,46555.14417,122197.7809,179058.776,52616.6657,126442.1103,0.452608408,4.661134343,0.6835128752,57.12492814,44.23704408,57.39060605,44.60347228
4500,45179.09955,45879.82337,-700.7238166,54142.54319,46213.70725,7928.835933,172700.0805,55898.39449,116801.6861,0.8783631842,2.620146985,0.8251163992,38.21327599,19.86358952,38.10833587,20.73566145
4501,39295.405,48125.91976,-8830.514754,60996.66882,54901.83801,6094.830816,162850.1084,61452.39781,101397.7106,0.595953915,2.915991902,0.7180746035,11.5440121,7.732707195,11.60349344,8.325685305
4502,46906.78964,51111.08747,-4204.297831,54958.50809,57520.15257,-2561.644484,176983.7553,54974.26543,122009.4899,0.5868062234,3.129282056,0.736645941,4.902683522,39.02726311,5.389302775,39.35520098
4503,975650.5307,66293.13148,909357.3992,793617.9363,44334.41645,749283.5199,270501.2302,39301.67554,231199.5547,0.5099509662,6.330876483,0.866103883,73.99018594,20.54025399,73.61589977,20.19390179
4504,70989.37881,55345.97211,15643.4067,47811.03154,51295.01716,-3483.985619,106063.6871,39632.02814,66431.65894,0.4563352158,4.5880447,0.6495343499,96.40617189,87.28177635,96.85096483,87.38376197
4505,157783.3813,47616.57621,110166.8051,166310.4058,51759.2921,114551.1137,120026.1576,60768.07666,59258.08092,1.388826768,5.066918785,0.8143224003,9.531961967,61.9208207,10.63127274,62.76955837
4506,44556.85464,58844.06768,-14287.21303,45328.74971,51019.0605,-5690.31079,197380.5402,51554.71651,145825.8237,1.86649638,2.212307961,0.8759409981,32.95522521,34.65494673,34.51719029,35.67674604
4507,75229.06494,66032.72621,9196.338727,49653.15666,63608.49651,-13955.33985,167327.2546,61223.87669,106103.3779,0.3852300031,1.481936257,0.6642579888,41.70284771,3.138007716,41.99944365,3.383838963
4508,807637.3015,53206.48593,754430.8156,744716.3808,61065.60324,683650.7776,328622.5552,44894.43756,283728.1176,1.372529163,2.317795944,0.9783107976,22.51393256,15.7915818,21.47091955,16.68374779
4509,868213.3954,55347.17936,812866.216,948290.3429,44839.77864,903450.5642,340774.1887,51590.15455,289184.0342,5.081091853,4.455782807,0.7365817591,94.56233421,73.58739365,92.72740412,68.84919505
4510,947333.9911,45656.70438,901677.2867,859445.8935,41941.21857,817504.6749,270782.6173,48641.5664,222141.0509,0.2883499055,5.541923195,0.8530298201,74.99031072,90.59001292,74.99992382,90.87820254
4511,61560.87934,62063.00248,-502.1231409,46543.17713,47790.36105,-1247.183928,127169.0435,31824.30558,95344.73796,0.9556188543,3.899871979,0.8378187598,17.38079694,23.36899272,17.85066758,24.2011159
4512,67801.18102,56484.17004,11317.01098,42435.92883,46413.72683,-3977.797996,110005.4215,42128.01619,67877.40534,0.7615472207,3.341494624,0.8213921536,92.18799973,6.466014449,92.89725248,6.743349471
4513,188854.8046,49480.24155,139374.563,115354.9083,45876.03647,69478.87185,216850.6086,52325.50847,164525.1002,1.829446231,2.61899041,0.7909964652,67.06767672,26.32812866,66.38782501,28.02656181
4514,175944.6752,63529.53676,112415.1384,240601.5382,44273.31013,196328.2281,218479.8955,53774.5577,164705.3378,0.5363786733,2.281019537,0.8185456367,87.86433657,3.4607634,87.71023457,3.974528574
4515,58680.03663,59175.23795,-495.2013203,25189.77751,42000.65441,-16810.8769,118990.2672,48254.61885,70735.64834,1.927068953,2.408103796,0.7952047116,66.05192114,69.96418535,66.76773195,71.7533778
4516,66769.56371,57162.63169,9606.932013,31151.5122,45911.90115,-14760.38896,150106.9738,43345.11054,106761.8632,0.6437250541,1.991224098,0.818563358,42.75803107,66.71640194,43.31815321,67.03364811
4517,182478.5422,50038.46209,132440.0801,200210.2398,54209.00904,146001.2308,166039.6553,46350.03244,119689.6229,2.508301108,1.16620995,0.7581756977,97.50854983,97.80436741,95.29129073,96.63161999
4518,210534.0981,51230.49301,159303.6051,164527.0719,55009.56273,109517.5091,249448.3425,40812.20979,208636.1327,0.8447070174,4.113134347,0.6842035865,53.75442218,22.72625061,54.49479189,23.13292324
4519,753761.4721,50126.94664,703634.5255,752445.0438,50214.28329,702230.7606,285387.0489,67794.83667,217592.2123,1.298142199,2.022382797,0.7358473918,10.03576182,46.86728173,8.824264881,47.33359529
4520,695946.1594,52062.03081,643884.1286,713620.6423,61375.23509,652245.4072,254308.9358,53317.06117,200991.8747,0.8858977605,1.286434274,0.909317877,25.41038353,57.97354112,25.92030159,58.69797084
4521,740945.3809,63515.19141,677430.1894,797674.2748,51298.82962,746375.4452,332191.9458,54342.36698,277849.5788,0.08160658095,3.198722014,0.7858013489,58.16499674,34.85047146,58.22524328,34.90551679
4522,201816.9266,61637.71003,140179.2166,161993.3056,36064.03281,125929.2728,282447.9128,47576.85337,234871.0594,0.7102617537,9.360978603,0.8777345615,19.81313495,59.40966794,20.43876005,59.74591931
4523,213068.115,60464.12436,152603.9907,168066.3337,44913.86999,123152.4637,285144.3937,61109.25628,224035.1374,0.3805107592,0.9742790376,0.7983888025,28.33577615,37.04167302,28.67161639,37.22055782
4524,885938.3517,49446.17285,836492.1788,706457.9278,47387.73393,659070.1939,285917.4453,51023.1534,234894.2919,1.302821619,2.059466937,0.8978162527,91.36775049,61.24130888,92.6410542,60.96555203
4525,211219.4612,56320.46944,154898.9918,166336.6674,57335.5938,109001.0735,191844.5161,49005.812,142838.7041,1.59486126,2.398007839,0.900137503,96.6313802,31.92793666,98.02007952,32.71221764
4526,51315.64484,61944.27957,-10628.63473,57461.07572,57924.01799,-462.9422755,151236.4607,47582.53381,103653.9269,2.356735016,7.593173628,0.5922978322,10.67442522,67.73784716,12.05625663,69.64696787
4527,882121.5191,52509.57081,829611.9483,818186.5519,62959.82806,755226.7238,276075.2699,46272.68094,229802.589,1.371162379,3.013821556,0.7338700304,85.71070087,31.86799379,86.97659145,32.39487832
4528,69230.20089,69340.40616,-110.2052727,34198.48462,42076.45026,-7877.965639,73540.00755,50394.19798,23145.80957,0.5094982665,5.602823733,0.7275920549,98.17115966,65.71388172,97.86408079,66.12044174
4529,44853.97417,44437.54431,416.4298567,48117.64849,47262.1802,855.4682944,172439.0529,58333.23747,114105.8154,0.3457455537,3.221929666,0.829358821,76.66224776,19.19917205,76.9983811,19.11821302
4530,247260.181,35991.76513,211268.4159,229149.6927,62009.1925,167140.5002,193750.6983,44026.32285,149724.3754,0.388813775,2.43191346,0.7937610368,67.75563948,22.23754359,67.9756322,22.55813579
4531,679887.1891,55021.17433,624866.0148,683258.4808,47306.77504,635951.7058,319913.2771,60095.4808,259817.7963,0.6747683225,3.454166499,0.655286481,36.5918446,0.3869833383,37.21770182,0.1347631416
4532,42687.59297,51817.40834,-9129.815364,30915.81468,46461.5361,-15545.72142,206413.1151,41511.94184,164901.1733,1.31318594,1.846063694,0.7662377699,84.1776294,24.62860964,84.9662946,25.67859274
4533,40950.30433,51470.66918,-10520.36485,60555.41359,47042.30051,13513.11307,156628.2249,45918.11279,110710.1121,0.4776661264,1.972050908,0.8432702898,77.66322502,9.170190829,78.12901173,9.276057097
4534,62073.67311,53425.94849,8647.724624,46174.39611,46622.26561,-447.8695092,189450.4938,54142.36767,135308.1262,1.190474804,6.132448264,0.7055307884,88.78933185,50.25747189,89.67825324,51.04933616
4535,833724.9347,45786.87394,787938.0608,882323.5588,55558.81106,826764.7478,268255.9067,35582.53435,232673.3724,1.281291797,1.971252755,0.8060619125,29.55304193,80.91135295,28.94434623,82.03882721
4536,76305.57989,68578.92226,7726.657624,56177.01927,59436.90503,-3259.885768,94073.22664,37911.23013,56161.99651,1.121595927,3.040627494,0.8022547401,41.79461577,64.54255901,42.8749886,64.84384289
4537,233775.1126,54283.49082,179491.6218,148945.4295,56686.47221,92258.95725,197939.7133,38672.22983,159267.4834,0.832261866,7.071188691,0.816126347,16.25189358,41.79935847,17.02197589,42.11500551
4538,60328.11198,64082.60366,-3754.491681,44894.98002,48274.4108,-3379.43078,97937.77708,47293.76462,50644.01246,1.931905424,1.518184539,0.7115756194,61.70965572,11.67958611,59.77896669,11.61104076
4539,60707.56296,45584.06025,15123.50271,61883.55941,48511.95517,13371.60425,69049.23065,50387.28276,18661.94789,1.432408085,1.624513318,0.7092855134,57.93120503,68.64337893,59.33779782,68.91409952
4540,22998.64527,46770.88805,-23772.24278,52255.59962,55808.4437,-3552.844072,110738.4995,39940.65415,70797.84537,0.5690478763,2.011636395,0.7236546665,36.4446137,7.164693439,36.68657117,7.679739133
4541,50141.76944,54213.50076,-4071.731324,57911.93489,57513.71628,398.2186113,207431.4235,67900.7065,139530.717,1.773143116,3.988680297,1,90.43158668,59.02202303,90.83857265,60.74782688
4542,995371.6953,56984.56119,938387.1342,851846.9621,43131.02246,808715.9397,348917.4917,44651.7049,304265.7868,1.914109701,5.193893916,0.7832870131,10.32792392,30.86450934,10.22607592,28.95311118
4543,187646.2389,45915.01332,141731.2256,164425.8659,57094.0352,107331.8307,235428.4142,46651.23752,188777.1767,1.214333616,3.370350776,0.9346527103,68.1266576,6.615654979,69.17493952,6.00270218
4544,55839.67321,58855.71295,-3016.039747,43936.40974,54489.16467,-10552.75493,102993.6156,57765.69539,45227.92024,1.315817056,1.817252624,0.9602322925,96.7741103,13.67940285,97.96967838,14.22894036
4545,679713.8076,44709.10888,635004.6987,897721.5896,48386.90163,849334.688,240175.0809,51951.3607,188223.7202,0.653966453,4.449588851,0.951038406,46.79031609,68.74788162,47.12875839,68.18830238
4546,52499.59921,49407.31096,3092.288251,57339.14935,51897.13712,5442.012225,160653.2536,42840.65538,117812.5983,0.8000322131,2.85086348,0.749907725,68.7164252,2.122753575,68.98814107,2.875230838
4547,935671.0931,68544.11462,867126.9785,715702.0437,55387.60061,660314.4431,308745.2125,48052.45691,260692.7556,0.5406140917,3.227309573,0.7159455198,16.65811477,53.27044464,16.36025581,53.72160274
4548,759280.939,52443.3586,706837.5804,617855.817,40442.62711,577413.1899,206224.5969,54182.78916,152041.8077,0.9755512614,1.303859211,0.7958584255,74.97381153,21.397882,75.93566244,21.56080248
4549,180770.694,49734.07898,131036.615,168803.0093,50642.46012,118160.5492,230773.7108,51074.38067,179699.3301,1.123114154,2.260466968,0.8740346872,18.29800448,96.85227136,19.06967375,97.66830563
4550,762529.9027,54175.80492,708354.0977,637762.632,45769.06273,591993.5693,234492.6719,47797.31415,186695.3577,0.5448557971,2.680617432,0.6752185229,5.955379729,64.59313427,6.36278648,64.95491815
4551,826550.4819,53184.33963,773366.1423,765713.6331,51794.61978,713919.0133,304577.9592,54879.37618,249698.583,1.228582027,1.298043118,0.850422443,87.2884412,75.36723747,88.17266449,76.22021049
4552,914066.1482,41663.3652,872402.783,679573.5837,35374.31043,644199.2732,309597.6494,46287.46175,263310.1877,0.3265881075,3.290148526,0.5191401977,22.28339733,96.54102522,22.31161479,96.2156584
4553,72257.49021,58693.07487,13564.41533,30882.95617,42513.36648,-11630.41031,154503.3915,55692.68423,98810.7073,0.7801880037,2.079142003,0.8364674629,8.349792001,39.8348517,8.811463862,40.46378128
4554,818619.4549,48160.68297,770458.772,609336.5431,58710.86655,550625.6765,213989.5621,43819.48648,170170.0756,2.763740635,6.398069532,0.79239038,46.68821829,34.5323999,45.3844582,36.96929791
4555,50972.19574,51548.08263,-575.8868919,48468.34265,48175.92522,292.417429,118673.9328,59534.7852,59139.14761,3.21460125,2.924302804,0.797540378,98.93200059,55.8834121,101.9276109,57.04959403
4556,921814.252,49466.96441,872347.2876,670187.1996,43328.40754,626858.792,291409.0008,41667.43358,249741.5672,0.3764408516,3.326678264,0.9499956424,84.46113293,54.66134863,84.80413719,54.81644794
4557,671054.4613,58626.08427,612428.377,734416.0123,66675.15933,667740.8529,228512.7255,42805.40211,185707.3234,2.676724465,5.982047543,0.6302934404,7.739489652,99.59092491,9.911734197,101.1549606
4558,37968.0536,48925.45077,-10957.39717,62190.41954,64470.88568,-2280.466135,167772.8294,59370.32819,108402.5012,1.827720485,2.900533377,0.7850417954,8.829881232,23.4541592,7.943141675,25.05236292
4559,274367.277,57787.40229,216579.8747,185386.223,57273.39324,128112.8297,272424.7437,61192.30969,211232.434,1.377957481,2.441565213,0.6627217697,64.26047395,86.13910677,64.8144425,87.40080628
4560,1035569.666,67134.55261,968435.1138,715663.1261,42350.33366,673312.7924,311383.1932,48104.36322,263278.83,1.495655603,9.350102816,0.7326326592,98.93388689,22.67499944,99.60372568,24.01227341
4561,239582.8188,43994.03755,195588.7813,200360.6673,50588.27712,149772.3902,157885.173,47745.30803,110139.8649,1.363813131,7.395585588,0.8176349179,62.36187046,4.710960043,63.56723909,5.348982536
4562,968841.0858,57470.51484,911370.5709,685031.785,40280.70028,644751.0847,223790.3176,52507.64028,171282.6773,0.5268004323,5.120683195,0.9824061903,71.82423668,35.3273681,72.00754798,35.82124629
4563,174958.132,58968.90081,115989.2312,166843.0179,46369.14196,120473.8759,191353.7499,60637.78961,130715.9603,1.339547366,2.565516285,0.7391392158,44.95745377,88.67565261,45.16306607,89.9993258
4564,713126.4942,56237.35287,656889.1413,591030.5946,42546.02734,548484.5673,291212.7432,55368.18634,235844.5569,1.302333633,2.578974626,0.5362196525,31.56419775,74.20647084,32.25898508,75.30798955
4565,288417.9792,57770.34301,230647.6362,202070.8952,59504.73785,142566.1573,279709.4556,43908.42437,235801.0312,2.582814597,5.756223408,0.8234883751,58.044464,39.55895585,60.55261933,40.17546868
4566,170763.2711,67973.83289,102789.4382,214167.5154,54032.88877,160134.6267,133987.8058,44710.40554,89277.40027,0.6391970686,3.497907405,0.7676773544,11.62954316,8.122449051,12.26785811,8.156018708
4567,48277.36023,53733.13657,-5455.776334,32468.02538,51771.50347,-19303.47808,155835.1965,51827.06943,104008.127,0.8220447624,1.806341301,0.7361603443,42.23120676,66.72709025,42.77205294,67.34615648
4568,231687.2525,54226.32801,177460.9245,75133.55555,46599.24143,28534.31412,255859.6542,57144.2093,198715.4449,2.174733603,2.604284641,0.7147412645,6.108353246,27.79832849,7.482251238,29.48411333
4569,33009.22922,31671.66699,1337.562224,67569.37136,58688.09919,8881.272171,149204.4982,49361.71169,99842.78653,0.7967598359,3.831428477,0.6918107371,33.186025,37.00790276,33.84193309,37.46024203
4570,897539.274,58937.82968,838601.4444,854619.8082,60864.3682,793755.44,269956.3526,50943.03178,219013.3209,0.05350132795,3.678255418,0.6519779902,33.2795557,96.70042055,33.25502897,96.65287234
4571,302547.3304,55551.67225,246995.6581,123722.9429,60304.96988,63417.97303,205556.1982,41629.53977,163926.6585,1.923462734,3.163272722,0.632606637,96.43180183,71.2602641,98.11687727,72.18774975
4572,61406.60999,56151.43335,5255.17664,61277.90584,54947.83241,6330.073429,80076.66472,51191.85121,28884.8135,1.863659873,4.571442808,0.6226750913,42.29237428,68.30931519,44.02481282,67.62237647
4573,251391.5133,51457.63478,199933.8785,165115.1796,49336.48175,115778.6979,185788.66,54768.45253,131020.2075,1.47862281,4.109905606,0.7891014366,62.21922021,36.60112938,63.04438402,37.82808907
4574,62042.55796,57121.1468,4921.411161,30427.26623,46135.60398,-15708.33775,156464.6344,55512.95988,100951.6745,0.9704949408,2.130759852,0.713903197,82.7635228,87.12010026,82.92693679,88.07673828
4575,1123694.022,49924.52271,1073769.499,795816.8361,54532.42264,741284.4135,234669.0901,56775.6597,177893.4304,0.4802784226,3.007419133,0.7803151756,88.92536294,38.85438897,89.33980488,39.09709299
4576,191167.8854,49256.16071,141911.7247,153050.7517,47964.66515,105086.0865,204378.1059,53285.00307,151093.1028,0.6269190004,1.470526783,0.6812771953,31.1325071,37.04690625,31.69616682,36.7724702
4577,1064054.969,56172.76349,1007882.205,604892.2601,46020.77932,558871.4807,395199.8128,50682.5499,344517.2629,1.184193732,1.67963858,0.6261791043,68.60364911,74.41919076,67.93535022,75.39678546
4578,39035.43631,43671.61966,-4636.183347,55669.58587,47778.82663,7890.759236,116764.9599,46393.15444,70371.80548,2.201897231,4.659220565,0.7936077875,21.54971971,3.812979186,23.23602845,5.228858512
4579,189237.4191,54308.54561,134928.8735,166376.8999,39575.14505,126801.7549,182864.8553,42349.15085,140515.7045,1.168849188,0.7615728023,0.6846185346,71.73868744,36.36451253,72.78436304,36.88678732
4580,60395.59585,59003.05972,1392.536127,45614.37615,44244.76262,1369.613533,173357.3543,57630.48685,115726.8674,0.2952557324,2.041672547,0.8770832932,56.65142843,87.27624703,56.7164254,87.56425978
4581,174169.9075,58339.6057,115830.3018,114344.2436,57957.32587,56386.9177,183483.8146,42585.81389,140898.0007,0.6174157095,1.983178585,0.8499053533,44.55711817,66.65641477,44.99608372,67.09059376
4582,51144.909,45606.76282,5538.146181,36606.35616,41123.01642,-4516.660265,107488.81,43549.93556,63938.87443,0.6301140512,4.021560867,0.7495586305,60.51798259,62.77879095,60.62261914,63.40015631
4583,221151.1271,64263.55123,156887.5759,176993.088,39851.8838,137141.2042,215713.729,48040.87455,167672.8545,0.5511748277,1.137400995,1,19.72361028,68.24808778,20.26714476,68.15663307
4584,210703.2967,63331.39665,147371.9001,182554.6829,61829.24038,120725.4425,176246.639,51957.81684,124288.8222,1.292037633,2.76528452,0.6941734228,39.41909088,68.92017862,40.64505143,69.32807809
4585,22085.85486,40048.38732,-17962.53247,55208.70252,61322.76926,-6114.066736,139117.0406,53042.06835,86074.97224,1.638974874,5.081629515,0.8663344058,8.666226142,27.9450826,9.971130463,28.93677981
4586,201853.2528,58849.20387,143004.0489,169439.2418,51724.40805,117714.8337,163498.3486,47587.69993,115910.6487,0.5965552603,3.608780993,0.6161324339,48.948957,59.65918343,48.8024469,59.08089892
4587,929615.8271,54239.4524,875376.3747,636201.7749,48682.11982,587519.6551,337141.2069,47493.25706,289647.9499,0.9304640811,5.157820239,0.8105389602,80.64532701,47.5748827,81.22151395,48.30547973
4588,46332.37947,44629.73548,1702.643993,52669.37478,43090.40027,9578.974512,75791.17859,58444.2448,17346.93379,1.643963577,2.385350292,0.5200498439,43.68554183,86.05783504,45.32351756,85.91765034
4589,834963.2364,56755.05463,778208.1817,688788.1365,58056.72249,630731.414,236290.09,38847.69669,197442.3933,1.963701742,1.685680501,0.8295535089,78.9523084,29.670014,80.56938778,28.55593197
4590,770280.3712,58081.4319,712198.9393,618324.2342,62312.13425,556012.0999,310870.0893,48205.99025,262664.099,2.191629664,1.378874837,0.6916082814,4.322649133,78.65950648,6.354291588,79.48149767
4591,43611.11313,50214.67001,-6603.55688,43300.6727,54832.77654,-11532.10384,154616.3431,47160.78321,107455.5599,0.4575089801,2.017580526,0.8137973665,71.34898019,13.06003038,71.68609626,13.36933157
4592,233078.0027,70584.53666,162493.466,131485.9836,55673.52012,75812.46343,217721.2359,56671.87893,161049.357,4.384276772,2.777176076,0.8406049643,76.13051172,81.37921116,80.4184505,80.46517406
4593,128577.5047,37602.24482,90975.25986,208499.3739,50448.74561,158050.6283,217567.4461,52322.54308,165244.903,1.179673297,1.015673812,0.811591193,26.26765417,94.11000264,26.51405173,95.26365654
4594,891015.7646,50388.28473,840627.4799,930823.4638,54712.75667,876110.7071,196388.7903,47532.89228,148855.8981,0.1815922508,2.306348262,0.8749299248,25.80205862,67.19316967,25.72615657,67.35813823
4595,754508.1594,40161.94424,714346.2151,753264.5013,52032.70677,701231.7945,196511.2508,48574.27859,147936.9722,0.5845339685,5.004496176,0.657872251,79.90870285,64.16438675,80.48893064,64.23520815
4596,273401.2646,62652.03062,210749.234,192501.9326,44582.12832,147919.8043,158095.4135,51432.83535,106662.5782,0.7697933827,3.730059974,0.6983240632,5.272716426,32.44545689,5.76441849,31.85316395
4597,37472.86117,46277.35544,-8804.494264,53973.85172,48407.73036,5566.121358,104361.1283,45189.36281,59171.76554,0.2523889867,5.141292753,0.6224116783,23.17322319,18.08473504,23.19139347,17.83300097
4598,57817.18073,48197.41533,9619.765397,53918.18739,54969.09287,-1050.905475,166781.2953,51296.62439,115484.6709,2.517547869,1.813457437,0.8286649663,76.77647837,55.00534422,79.25174114,55.4648238
4599,806232.3768,63939.71096,742292.6658,931249.1903,50557.8028,880691.3875,265493.164,51941.75122,213551.4127,1.703949961,3.716169583,0.7718194512,91.96307559,74.44089168,93.66349318,74.33123083
4600,58547.69003,60795.07993,-2247.389901,53909.55928,53682.02611,227.533177,148144.5935,54028.89176,94115.70177,1.603610228,2.298372703,0.7954797026,9.240530251,20.01923884,10.25033936,21.26497209
4601,68514.13152,66133.45958,2380.671946,61690.36251,68714.64316,-7024.28065,124646.1861,49662.89146,74983.29466,1.555703307,1.014284381,0.6888830479,44.11333246,98.38098321,42.98296708,99.44985499
4602,957397.3507,52736.48475,904660.8659,835656.3574,68933.84566,766722.5118,197727.7133,54626.11237,143101.601,0.2883774212,2.411437281,0.5942654181,23.96685158,59.41212405,24.22728058,59.53597183
4603,51366.58988,60672.56238,-9305.972493,53062.85081,56420.9652,-3358.114384,114851.3441,61643.43111,53207.91296,0.8917549085,4.048443814,0.5590749005,44.9109508,83.28874312,45.66520828,82.81300952
4604,202855.427,48240.04223,154615.3848,159151.8451,52768.16763,106383.6775,223595.8572,42558.00475,181037.8524,1.347802451,3.279728936,0.867987751,86.68408445,45.33707999,87.93006731,45.85098481
4605,217444.9251,67292.06648,150152.8586,150752.159,48912.96925,101839.1898,164640.6428,48306.15271,116334.4901,0.4451116794,4.752297511,0.753335174,48.67015194,59.74264284,49.0839246,59.90670561
4606,682677.5253,53205.63168,629471.8937,925152.6925,49548.29418,875604.3984,257240.5239,43023.96919,214216.5547,0.8132624521,2.406975592,0.7490931363,32.59469252,0.4731758989,32.79666299,1.260959972
4607,187586.3953,46606.47389,140979.9214,186670.7133,49234.04397,137436.6693,232389.7029,37417.17538,194972.5275,0.6933373974,6.837636255,0.7518112303,42.4551582,49.50035744,43.10615366,49.26177485
4608,24641.4527,43872.70692,-19231.25422,52183.99388,57734.93125,-5550.937368,130895.6021,52197.29046,78698.3116,0.1148259066,3.146897605,0.8413561314,80.28975376,21.46541252,80.40457917,21.46507303
4609,53971.51455,50340.14486,3631.369684,36088.72372,53196.25255,-17107.52883,86765.24643,44694.34761,42070.89882,0.3645730578,4.163132679,0.8203273764,47.0519715,32.47973726,47.1564461,32.8290202
4610,837491.9198,52998.39458,784493.5252,864631.9897,53479.88586,811152.1038,333095.9913,53356.01088,279739.9804,0.7136744683,2.521879965,0.8764513022,78.27517159,73.98524305,78.62979075,74.60457858
4611,712670.6522,52726.26669,659944.3855,648473.527,57042.14279,591431.3842,272761.8377,46959.35122,225802.4865,0.2632599882,2.618080352,0.7230106788,26.58672147,73.18319532,26.81976602,73.30565373
4612,64796.89947,62767.48624,2029.413229,51513.70637,53578.7324,-2065.026037,184284.7853,39531.01117,144753.7741,1.246395732,5.875949897,0.6960845547,70.81226711,3.952121613,70.5974904,5.179872926
4613,197436.0352,52302.00153,145134.0336,159504.1757,61346.60278,98157.57289,211591.2509,51958.09505,159633.1559,0.5547646308,5.853260304,0.7677197498,1.149581324,87.00586017,0.8879418807,87.49505195
4614,907612.9041,43008.17825,864604.7259,671363.664,51832.53434,619531.1297,257743.0052,40625.85256,217117.1526,0.528460442,2.417048565,0.7651247492,30.43210855,81.00018937,30.04417614,81.35904712
4615,262830.1723,54954.76245,207875.4098,195207.4694,60250.51481,134956.9546,220951.8548,54093.86734,166857.9874,0.1789018463,1.666043756,0.8964704096,49.57180533,1.662517558,49.64179603,1.497874995
4616,31105.1987,40096.49881,-8991.300116,59789.36318,55726.32246,4063.040723,201265.4569,53310.49366,147954.9632,0.7875328546,1.883510986,0.5177503341,21.02652638,88.02050058,21.61555328,88.54323887
4617,854908.1813,67390.21832,787517.963,597401.7034,39024.59889,558377.1045,255980.3257,51479.68955,204500.6361,0.6619370288,2.494969774,0.7857293975,95.61584749,49.66607237,96.27638792,49.62309601
4618,60672.99211,52135.95106,8537.04105,61842.26993,62154.34231,-312.0723818,107301.8355,53007.71274,54294.12271,4.682465062,1.45904879,0.45977462,87.74395894,43.42532585,91.549985,46.15289705
4619,979462.0431,53992.88009,925469.163,852881.0136,47215.62238,805665.3912,335231.9734,54578.21483,280653.7586,3.483542496,2.395316974,0.9085415789,58.96160567,7.848748337,60.78262316,10.81842233
4620,850476.6188,74415.08908,776061.5298,825368.498,55875.54149,769492.9565,262257.2687,50579.20897,211678.0597,1.205045383,2.732846853,0.7896205776,58.32357545,14.53419878,59.3383227,15.18413907
4621,248172.89,50044.31607,198128.5739,214103.3321,58281.54003,155821.7921,232687.0251,50562.06288,182124.9622,1.256002159,3.071372363,0.8912339413,42.9067738,44.5891156,42.9204678,45.84504311
4622,19466.79348,39170.1448,-19703.35132,46933.88606,50261.37714,-3327.491081,92465.22524,47709.53086,44755.69438,1.90722055,2.139335779,0.6871411188,89.41881888,44.11788804,88.21511384,42.63850155
4623,684365.3809,48479.88423,635885.4967,781351.186,45956.35112,735394.8349,291268.6469,63864.28172,227404.3651,2.194505799,2.766785214,0.5336601151,42.92869373,43.38632773,42.46321252,45.53089831
4624,1122634.654,48445.96448,1074188.69,708241.982,49903.38748,658338.5945,286870.2505,48439.17665,238431.0738,0.4441209693,4.90294819,0.7755170311,3.882285638,5.317796272,4.139825764,5.67962015
4625,45039.02465,58311.47139,-13272.44674,70702.84514,55631.33849,15071.50665,178077.6704,50289.99521,127787.6752,1.404145682,2.00193969,1,64.17310666,93.1537349,64.0251406,91.75740717
4626,137509.9389,36388.87449,101121.0644,128001.6812,49194.26995,78807.41127,207121.4392,44732.31644,162389.1228,0.9683043224,1.547304447,0.7731683121,1.764287345,74.34134233,2.025165102,75.27384223
4627,50797.89213,45612.42763,5185.464497,53533.04847,54063.40401,-530.3555405,110293.9385,41047.44855,69246.4899,0.5139739707,6.419499712,0.7495824874,85.56315604,44.00587105,85.77793164,44.47281932
4628,838989.7926,54484.66259,784505.13,865509.9728,48820.74455,816689.2282,240980.298,49432.77516,191547.5229,0.5366121883,10.3270043,0.7855862084,13.1015447,69.63679971,13.35032023,70.11226094
4629,674956.8897,50505.12919,624451.7605,947570.1384,41218.08804,906352.0504,231945.4395,47753.44125,184191.9982,0.4205837846,6.040279783,0.8064435258,0.9836925626,88.19909431,1.388081846,88.3146799
4630,785147.7314,57300.01744,727847.714,721769.874,51281.02901,670488.845,291407.6948,47287.8306,244119.8642,0.9364840863,2.346590553,0.9254688579,23.99336809,27.49377254,24.27314493,28.38748802
4631,64895.54126,51403.56718,13491.97408,56810.39636,46683.20022,10127.19614,200891.893,55218.67647,145673.2165,0.9881974477,2.811860693,0.8379602539,26.27857508,78.4040583,27.25997076,78.5198024
4632,682016.931,62078.06219,619938.8688,704426.3851,54373.4147,650052.9704,337458.7393,48145.77512,289312.9642,1.890066786,3.998160128,0.6158982742,30.65108922,61.1756589,32.20977128,62.24470647
4633,63791.19954,66280.97436,-2489.774819,55598.42465,54454.5165,1143.908147,110597.1999,48159.30293,62437.89701,2.499601057,1.765248882,0.7388399221,10.88006566,32.91796283,13.36274946,33.2082844
4634,283207.5712,61376.74327,221830.828,170643.3858,49172.22775,121471.1581,292014.1644,57647.45679,234366.7076,0.6595540144,4.876765737,0.8053477485,62.69955605,2.148051871,63.11497498,2.6603395
4635,30904.31903,51946.95629,-21042.63726,41307.55804,52373.41293,-11065.85489,94119.79162,49323.99285,44795.79877,0.166602437,3.155187647,0.7877938116,33.24758653,62.70536268,33.36608259,62.82247398
4636,219529.6995,54403.77319,165125.9263,248118.195,52019.2627,196098.9323,209379.4563,49997.29586,159382.1604,0.874461496,2.140001256,0.9509971258,50.17281935,11.3672275,50.77656051,11.99982493
4637,263436.706,47652.88969,215783.8163,200364.7473,56788.8811,143575.8662,311357.2034,48727.27181,262629.9316,1.395173712,2.716576334,0.8288662742,90.88909266,76.99183423,91.32095998,78.31848426
4638,42948.98172,50099.09884,-7150.117119,39204.9465,48804.40387,-9599.457378,128962.6604,56124.02034,72838.6401,0.1393203349,3.184020814,0.6016076466,91.19897754,66.37520631,91.26146932,66.49972511
4639,220088.3408,58044.18011,162044.1607,182697.31,64947.23603,117750.0739,175290.8595,49387.23362,125903.6258,1.324020858,2.5944082,0.878903424,55.95480708,69.84530174,56.31739391,71.11870741
4640,179768.0883,52048.87423,127719.2141,205117.7178,39861.43322,165256.2846,181891.31,50555.04483,131336.2652,2.158823657,1.376125041,0.7011117354,49.4520605,22.67717429,50.87059249,24.30452999
4641,45696.87496,50709.56082,-5012.685859,65183.78972,55118.44519,10065.34452,149558.2862,48494.6855,101063.6007,1.296237703,1.329736953,0.7245083317,48.54582482,34.78005523,49.61693784,35.51008884
4642,54449.51833,52493.65304,1955.865287,36994.52837,36909.93487,84.59350116,179630.9124,59964.53849,119666.3739,0.7941657428,2.433820662,0.6145678208,1.028568912,39.94230917,1.2072985,40.71610175
4643,35487.63345,49858.927,-14371.29356,47784.98745,57233.45537,-9448.467919,131062.9425,60069.43717,70993.50532,0.8154604175,4.124557761,0.6516431726,27.35088353,83.12907122,27.98725109,83.63898496
4644,994250.2273,51708.05693,942542.1704,617401.1261,50119.97273,567281.1534,275892.1513,47265.43837,228626.713,0.1385624688,2.568572903,0.7071125384,57.27398787,0.2562530878,57.36700466,0.3589537922
4645,842092.2264,67088.25822,775003.9682,755170.3174,47772.77375,707397.5436,350178.2103,40968.61525,309209.595,0.741731172,6.163703024,0.9081789959,0.0835277892,34.65020117,0.7580187812,34.95878995
4646,67555.044,54572.23106,12982.81294,48622.67354,50968.8045,-2346.130968,109572.3035,48744.04936,60828.2541,0.9173790198,5.393395782,0.881968934,82.48732468,45.03351506,82.94583449,45.82809232
4647,61489.82474,61645.22919,-155.4044555,66580.54543,68337.31666,-1756.77123,121997.7469,48672.58213,73325.16475,0.3470973076,2.622222875,0.7928538011,27.02158746,97.85932248,26.6925974,97.74867853
4648,48785.79334,55145.18449,-6359.391145,54354.99495,51512.47728,2842.517667,127672.9476,56752.57734,70920.37028,0.414010542,2.121689961,0.6870726432,42.44593001,96.62424896,42.75761132,96.89675491
4649,776900.4419,55923.46299,720976.9789,872381.569,64996.53754,807385.0315,274679.8167,58852.86927,215826.9475,3.024960892,1.730731289,0.9147522237,47.4021355,99.74795872,49.13452398,102.2277205
4650,743960.6735,59820.40128,684140.2722,776759.5091,53883.2926,722876.2165,306283.5556,48469.54067,257814.0149,0.5091812012,3.367420821,0.6152322882,87.43976509,78.99812895,87.85565763,79.29189568
4651,62896.8539,57749.34853,5147.505366,54599.58083,54133.64607,465.9347652,60905.20746,55780.66279,5124.54467,1.131398059,3.583876872,0.7529559661,79.99254923,13.41078309,80.88882933,14.10124928
4652,834917.65,55357.41882,779560.2312,732090.0818,55020.11712,677069.9647,386771.8565,51266.02072,335505.8357,0.9373472053,7.454151707,0.7426439802,88.84930836,21.03154382,89.37911156,21.80480208
4653,873236.1653,66333.4452,806902.7201,875395.5494,56640.4405,818755.1089,313231.7506,44251.79838,268979.9522,0.9113737336,3.395972689,0.8416834438,66.81643903,53.49909739,67.63428162,53.90126102
4654,252357.015,70019.58351,182337.4315,168815.3069,47490.84927,121324.4577,225793.1894,52234.15994,173559.0294,2.166465953,4.351753563,0.7059041783,47.48110902,93.84041513,49.60210956,94.2819255
4655,725273.0736,40020.30311,685252.7705,868693.4961,63633.34984,805060.1462,290576.7355,54741.69936,235835.0361,0.318777331,5.19277786,0.8598975576,37.71515605,11.17885158,38.01738025,11.0774636
4656,714723.3733,56887.39271,657835.9806,870759.5269,38924.782,831834.7449,276709.4846,43410.44137,233299.0432,1.016208932,1.747943231,1,61.79545241,15.13199057,62.77662434,14.86744901
4657,70964.60311,58801.35767,12163.24543,58396.90804,58140.91247,255.9955742,141196.2807,50313.12787,90883.15284,0.4481427484,1.78172404,0.8065849118,50.34136411,48.58468601,50.37229086,49.03176034
4658,847566.1712,39937.69648,807628.4747,704873.3041,46347.5972,658525.7069,259370.1108,44671.72612,214698.3846,1.291272305,1.537268131,0.7765867621,71.29937532,90.7922706,72.02086227,91.8631771
4659,195229.3348,47188.75993,148040.5748,116529.4895,58824.23375,57705.25575,268140.472,49106.56076,219033.9112,1.774722187,1.933444433,0.719645329,9.33448409,94.2926669,10.84148162,95.2300021
4660,968345.925,61233.21662,907112.7083,776534.8757,44078.71138,732456.1643,233955.5643,41353.64028,192601.924,1.553936733,1.606074091,0.6772791215,59.72642758,14.77855982,59.49479136,16.31513524
4661,984445.0219,56814.07262,927630.9493,671801.3124,52820.0052,618981.3072,306763.6683,48044.06737,258719.6009,0.5137980442,2.571660445,0.6118446519,38.48493649,81.15039516,38.99432664,81.21755248
4662,167330.066,42456.42501,124873.641,147490.8891,37028.14081,110462.7483,250351.5073,56293.36364,194058.1436,0.5684409946,3.952907926,0.6974500147,75.64991847,85.06936533,75.6901689,84.50235116
4663,167606.709,52710.61639,114896.0926,193648.1335,59385.70483,134262.4287,181506.6993,48450.49921,133056.2001,0.9817100737,3.004366069,0.7722585051,8.405272833,89.62706022,9.140269095,90.27785602
4664,782726.4814,54003.72246,728722.759,761025.8888,56033.93333,704991.9555,271399.2289,50368.87074,221030.3582,0.6180655456,1.04967305,0.6661847795,48.10431564,99.28331216,48.71105666,99.40108458
4665,991848.4835,61250.39293,930598.0906,708952.9066,51882.06796,657070.8386,181319.5608,56488.69755,124830.8633,3.019136861,4.046699876,0.9764083184,30.98745544,18.55395363,32.11226946,21.35573535
4666,776125.4807,52927.54178,723197.9389,695970.8854,47847.74901,648123.1364,264883.9726,57570.61548,207313.3571,1.497805656,1.686448376,0.7049845972,34.80221865,76.9902637,35.22868811,78.42607204
4667,965342.189,63614.22335,901727.9656,453159.1862,53828.79001,399330.3962,242368.3102,41514.77555,200853.5346,1.741034775,5.023243356,0.8152778604,6.905937526,54.85856135,6.824945664,56.59771126
4668,859525.1887,54232.95821,805292.2305,913462.1624,50001.732,863460.4304,308104.3509,53690.19245,254414.1585,1.128393411,3.406392546,0.8983767752,99.22576452,34.72576752,99.82045799,33.76680383
4669,989475.601,57062.60738,932412.9936,875309.7426,68919.90896,806389.8336,293229.4348,51669.47186,241559.9629,1.403402865,3.030851087,0.9066560306,20.9026355,82.65476305,21.61421542,83.86438846
4670,783395.5736,55124.86768,728270.7059,739871.4808,49450.22916,690421.2517,234230.7889,45920.03686,188310.752,0.7266148132,2.389297791,0.8962281494,1.125327983,13.60670317,1.580320085,13.04017755
4671,212195.2977,52221.33179,159973.9659,259062.9993,45388.91145,213674.0879,219804.809,55708.26242,164096.5466,3.41440728,4.84884624,0.7086581465,9.823393253,10.46663651,9.756343054,13.88038538
4672,775837.9204,58858.10122,716979.8192,836326.3233,42073.55953,794252.7638,253614.609,49168.08683,204446.5222,0.6249404312,2.57052654,0.8383493636,53.44451658,30.62818857,54.06096562,30.52551859
4673,41482.32563,53053.06683,-11570.74119,48760.55477,52739.6336,-3979.078829,195613.0849,46395.73619,149217.3487,1.529163506,4.643719939,0.7958147016,56.35666137,37.16767513,57.88568084,37.14668764
4674,930836.7361,63051.6051,867785.131,819643.4612,60437.85666,759205.6046,268465.8794,62448.72692,206017.1525,0.8000065949,2.220196177,0.7754485763,51.69435725,18.60462984,51.30971641,19.30610113
4675,239000.2657,48581.59656,190418.6692,148547.1273,49999.93013,98547.19722,251274.0524,36976.35499,214297.6974,0.2491881077,4.437608757,0.8537031439,45.11945803,58.57993699,45.22880599,58.80385157
4676,749447.1916,39885.03345,709562.1581,682613.9094,47468.72772,635145.1816,325694.1317,46328.94367,279365.1881,1.377809596,6.135375811,0.7749782562,73.30594075,90.06368511,74.63734416,90.41826125
4677,199594.3629,54866.49668,144727.8662,140177.7852,47352.9453,92824.83986,200181.1066,42902.22192,157278.8847,0.2220634922,1.214288933,0.5233884028,69.90206026,91.8587781,70.02649351,92.04270352
4678,691366.4918,47341.12533,644025.3665,575665.5641,57410.3033,518255.2608,256207.4679,46792.28436,209415.1836,0.4038532357,2.147292496,0.7910073888,63.88752426,27.30861005,64.26447509,27.45354283
4679,179026.4096,34013.86873,145012.5409,164752.3539,48271.01855,116481.3353,234851.6013,60676.30512,174175.2962,1.262719121,2.197879671,0.6129317622,28.46971424,24.29163512,28.61046165,25.54648561
4680,774398.9236,51806.05762,722592.866,900364.5082,43757.12661,856607.3816,311879.5628,51937.2824,259942.2804,1.583411869,1.554548883,0.8067312616,40.94285788,23.8230117,42.52614023,23.84326379
4681,52294.69189,45744.71361,6549.978286,43907.7135,49350.5054,-5442.791898,98889.48429,55916.67823,42972.80606,0.872097981,4.198197006,0.8060552115,5.210036495,33.23116729,6.082073982,33.24143904
4682,911763.4625,72692.27461,839071.1879,736630.4075,54896.21938,681734.1881,317645.9279,55293.11585,262352.8121,0.4600259285,3.832497455,0.8914510305,26.30168571,79.11814671,26.15157064,79.55299073
4683,732179.0471,62463.86025,669715.1868,717047.8845,59774.69122,657273.1933,339548.9004,50692.74798,288856.1524,0.6799544604,3.422285874,0.8855923829,35.05390974,71.01962034,35.62929192,71.38193707
4684,920059.6005,67783.3527,852276.2478,652823.0151,41500.0455,611322.9696,309957.6514,43958.2702,265999.3812,1.695321177,1.927918853,0.801613367,33.88503641,29.06956631,32.61888887,27.94218691
4685,787314.857,48841.26907,738473.5879,774711.7285,55228.1859,719483.5426,324424.5578,42289.037,282135.5208,1.420242226,3.420444644,0.9244068275,5.204009379,22.2570592,5.890212657,23.50052735
4686,218488.2517,60023.11266,158465.139,200674.6122,56938.17735,143736.4348,208855.4042,35824.85348,173030.5508,1.75086132,4.668288988,0.6747972892,24.48600553,87.27035736,26.04866488,88.06004786
4687,171481.4405,41793.89071,129687.5498,156605.6662,45265.29399,111340.3722,198295.5536,49599.51071,148696.0428,0.8269715557,3.125505257,0.9693413913,19.68484348,29.48114924,20.49715485,29.63617244
4688,981699.2393,57606.0317,924093.2076,570544.0575,53649.73938,516894.3181,309069.1386,61797.80631,247271.3323,1.369566587,1.830571511,0.963564226,24.489529,36.16872132,24.99686765,37.44085343
4689,822781.2505,57736.77279,765044.4777,698889.2728,44429.04792,654460.2249,250229.665,58666.56592,191563.0991,0.4469265471,1.779404808,0.7460854605,44.44695726,11.18316591,44.87207698,11.04526534
4690,55927.29054,55033.65458,893.6359651,49571.14934,48664.55331,906.5960308,139521.3944,40989.87402,98531.52036,1.374949352,3.605253385,0.7760385519,75.14332173,5.127254624,74.41074394,6.290790403
4691,65529.58469,46961.61757,18567.96712,83092.9989,52684.69478,30408.30412,155026.568,47616.3204,107410.2476,0.7396329823,3.204525952,0.9282890159,9.331507433,65.04480169,10.07086664,65.02467925
4692,264812.521,50358.43043,214454.0905,195654.0505,44705.02856,150949.0219,222401.3928,42556.18769,179845.2051,0.2660084837,2.593292347,0.8397578707,98.72834175,11.19260975,98.98355947,11.26760592
4693,222474.267,60997.46394,161476.803,89074.58994,47007.04526,42067.54468,193386.695,44275.85383,149110.8411,0.7802513084,4.045022226,0.7478418346,42.79183289,17.67489471,43.30250695,18.26481344
4694,139815.4496,45355.06727,94460.38237,229384.5164,55304.50043,174080.016,254707.0427,50396.5661,204310.4766,0.2788030902,2.414474691,0.6539716483,64.58637049,70.04262656,64.82133777,70.19269835
4695,64176.88592,66226.29684,-2049.410925,21353.57233,43464.91339,-22111.34106,139273.1512,63244.34577,76028.8054,0.6273746808,1.85719302,0.7086249581,89.12401264,93.40844302,89.67460029,93.7091958
4696,223993.5609,49215.20847,174778.3525,140286.5944,50805.35564,89481.23878,261847.725,52017.14997,209830.575,1.105698315,2.581034128,0.7187178164,70.37142442,49.08235848,71.47690847,49.06059205
4697,670360.2282,53811.66155,616548.5667,746631.3481,47878.35213,698752.996,221978.955,50897.70379,171081.2512,1.553749143,3.82734893,0.7138247589,46.88287817,95.09760058,45.61195584,95.99140864
4698,742364.9365,65386.05431,676978.8822,620776.5644,43212.62962,577563.9347,261964.882,41604.20847,220360.6735,1.386839061,1.970959673,0.8358340518,57.31674284,99.56905748,58.27961896,100.5671517
4699,57570.95143,58410.24933,-839.2978957,64293.39537,54730.83574,9562.559633,225134.3537,54787.79182,170346.5618,1.646005414,5.026366519,0.7397577393,24.75222399,83.74035882,25.70244301,85.08438919
4700,188771.892,50666.92361,138104.9684,242183.7643,65593.76864,176589.9956,197135.8573,39595.82218,157540.0352,0.8765453173,4.154753063,0.8607695506,9.495775321,6.459788322,9.447055282,7.334978616
4701,52069.27595,56378.93513,-4309.659179,24300.65207,41408.04658,-17107.3945,108252.1575,47980.01042,60272.14712,0.426459321,2.651554841,0.6081182648,47.70174013,84.41368796,48.02577225,84.69094369
4702,232404.8102,58345.25969,174059.5505,182395.5903,64033.70651,118361.8838,198885.0899,42487.86866,156397.2213,2.182859828,2.049471048,0.9486246766,49.66373799,58.30240044,51.63694572,59.23585012
4703,36248.13488,47097.34577,-10849.21089,43898.87547,50493.5485,-6594.673031,129128.3538,56997.10377,72131.25002,1.633616334,4.45448967,0.7589980106,94.46791045,82.69447495,95.19942516,84.1551558
4704,847285.9315,49599.48732,797686.4442,928193.1741,50555.31403,877637.86,341607.5629,54505.95095,287101.612,0.1387408175,1.868615654,0.6847891874,82.06599776,39.35489962,82.17908991,39.43526864
4705,893145.5074,45622.95696,847522.5504,928986.1323,57288.4887,871697.6436,306100.6748,55180.75314,250919.9217,2.835338195,3.364139456,0.8655589251,26.9944129,63.31127723,29.80652142,63.67347659
4706,55268.86596,62752.00399,-7483.138036,34715.32944,41429.00046,-6713.671021,147607.212,51780.72646,95826.48559,0.3688597301,2.445449027,0.7916088324,18.5728869,95.07125893,18.93102133,94.98295697
4707,671254.8527,66201.86482,605052.9879,819180.108,59741.04208,759439.0659,243075.339,62061.12057,181014.2184,0.7691332953,2.40315443,0.9371917544,10.20352369,31.27947713,10.34507554,32.03547256
4708,182205.4501,46708.64072,135496.8094,148869.5353,42066.87127,106802.664,286756.8505,55615.96252,231140.888,0.8444014632,2.7801177,0.718845474,79.17754113,53.20395453,79.40408316,54.01739939
4709,176284.7472,52437.07917,123847.668,114647.2631,50250.17831,64397.08478,167728.8812,49694.77283,118034.1084,1.930525948,5.219242966,0.8245112496,93.12510959,27.731807,91.86172635,29.19153069
4710,60542.74727,61207.04012,-664.2928539,67310.82755,54148.31065,13162.5169,221560.9102,50906.57705,170654.3331,2.013179514,3.63386574,0.8106130583,60.15540344,35.61573348,61.74138126,36.85571982
4711,56093.2255,56917.58781,-824.3623105,50848.56826,65263.0456,-14414.47734,120193.5552,55306.2799,64887.27534,1.718557319,5.757894517,0.8269911778,19.359917,79.34064383,20.95448153,79.98158315
4712,66271.1241,68530.05645,-2258.932342,28016.32486,42854.66273,-14838.33787,91603.26411,49396.82893,42206.43518,2.999867262,2.181043398,0.9494736749,48.62574927,94.36498477,51.56796178,94.95029589
4713,308154.7878,61721.6789,246433.1089,174194.5516,53521.65269,120672.8989,91589.60392,47762.37834,43827.22558,3.635517325,7.542653081,0.6128662504,91.70811341,31.3120019,93.63287846,34.39619803
4714,68948.95806,58848.08612,10100.87194,31420.54807,51563.67845,-20143.13038,174315.166,62253.79387,112061.3721,1.203281388,2.498137024,0.7859139078,44.08297886,38.61913654,45.17258089,39.12967892
4715,244724.6442,53130.89487,191593.7493,97124.65726,59107.04332,38017.61394,176130.0657,50968.00239,125162.0633,0.2154570599,1.966095498,0.9094271827,80.80148718,78.65182133,80.88053552,78.85225362
4716,88854.69163,58301.07618,30553.61545,158117.0917,60931.21332,97185.87839,213879.4553,50437.93859,163441.5167,1.489490729,1.092142531,0.8423609049,62.68359961,30.57144352,61.28001988,31.06998798
4717,283498.2543,58252.19506,225246.0592,243903.3042,54685.16522,189218.139,223351.6548,35554.16594,187797.4889,0.8759414207,2.669105054,1,75.08499232,33.41968877,75.58068422,34.1418819
4718,183842.8815,43054.16622,140788.7152,215790.6457,55466.11901,160324.5267,247205.3135,42088.39695,205116.9165,2.423189426,3.151918729,0.8864014051,2.751957459,37.60913509,5.081847325,36.94320701
4719,210879.8981,47409.6649,163470.2332,165728.5067,47185.56729,118542.9394,258556.2461,41843.40325,216712.8429,1.516511925,2.281861357,0.9674734067,8.087010967,34.22697802,7.571565918,32.80075054
4720,998629.2651,56414.32444,942214.9407,745292.7687,54915.84395,690376.9248,320813.6431,47955.34384,272858.2993,1.597204871,5.32999391,0.755028594,61.04767015,52.7292201,59.76637133,53.68281158
4721,207554.0095,56670.0998,150883.9097,227339.3486,59355.32938,167984.0192,183606.9576,44249.52181,139357.4358,1.76297386,1.871898116,0.8546543023,64.86227983,17.50582864,66.14869876,18.71131741
4722,46925.31848,44523.25894,2402.059546,59213.581,54708.11617,4505.464837,72880.06961,60337.03673,12543.03288,0.7009497776,4.10356225,0.6951942251,19.93234493,7.600276655,20.00006766,8.297947223
4723,79080.63957,81870.19243,-2789.552866,54922.24711,50503.95199,4418.295123,155973.1918,52404.50407,103568.6877,1.354776569,2.298957937,0.7161425433,51.35567329,92.54900939,51.69482101,93.86064896
4724,286940.98,62586.25601,224354.724,197701.7591,60170.07888,137531.6802,240695.7204,54760.64263,185935.0778,3.627216871,1.28752858,0.7586145493,27.22268308,77.37744635,30.81440869,77.88361764
4725,972899.273,57949.4501,914949.8229,739351.2459,44855.51463,694495.7313,238685.7934,46666.64433,192019.149,1.006654627,1.656570712,0.8551841389,83.84307353,16.2052879,84.84278931,16.08729682
4726,808272.6645,42295.65958,765977.0049,698482.584,52782.50834,645700.0757,217813.3551,48824.50588,168988.8492,0.2864653244,4.014929901,0.6698081747,41.62333126,57.39652165,41.67366858,57.67852969
4727,61138.425,49634.3807,11504.0443,56551.25515,46378.36873,10172.88643,159205.4133,46442.98661,112762.4267,0.9298020058,2.876463451,0.8035359,74.81605965,6.038680853,75.72199092,6.248013868
4728,61871.35799,50571.23502,11300.12297,63410.59032,59531.93375,3878.656571,184104.4413,55239.27577,128865.1655,1.554499194,2.402672566,0.7510692267,42.91422988,2.811446569,44.46059111,2.970300907
4729,668925.5489,59719.30755,609206.2413,902582.7934,53508.79477,849073.9986,307691.9592,49093.62311,258598.3361,0.5117252776,1.94467733,0.757269014,39.40185127,67.31464186,39.91357578,67.31552667
4730,44772.08537,42948.90951,1823.175861,49341.40305,50007.63257,-666.2295183,84250.57303,54696.14132,29554.43171,2.2058205,3.693125353,0.9286332153,21.70677353,30.72837185,22.90915011,32.57767838
4731,1067157.06,58629.9119,1008527.148,963505.5447,58891.72096,904613.8238,322279.0484,45861.54201,276417.5064,3.777935794,5.425557452,0.8170879956,91.22428444,79.88810932,92.28361802,83.51448648
4732,264677.386,68300.3817,196377.0043,232520.6733,54114.25985,178406.4134,216767.7432,54160.34351,162607.3997,0.5516781738,2.69629568,0.785113489,48.30343264,46.33100013,48.56754834,46.81534681
4733,31450.12913,42586.71172,-11136.58259,54663.55552,52068.14059,2595.414927,153351.4987,48471.00063,104880.4981,0.981918671,3.508822229,0.8653961325,66.4598117,97.6528766,67.22253051,98.27128124
4734,56218.5455,74274.79984,-18056.25434,60101.1245,64529.86902,-4428.744511,116171.0065,52451.09386,63719.91267,0.7107932534,1.904407649,1,38.20976577,41.22789112,38.83303969,40.88619437
4735,266393.6165,52458.30035,213935.3162,129355.9678,54833.76857,74522.19922,194568.0422,53181.6236,141386.4185,1.368992225,2.242975464,0.7474402895,54.68716874,9.471215852,55.01166462,10.8011941
4736,29098.31468,43468.44553,-14370.13085,78425.5562,62186.34395,16239.21225,107122.0957,55955.33845,51166.7573,1.744725301,3.019137635,1,24.83325207,44.32955169,25.13855529,46.04735736
4737,1063369.169,53421.99474,1009947.175,780544.8089,51288.15924,729256.6497,214873.1331,40021.94969,174851.1834,2.461818329,1.89474426,0.6402736784,97.84309656,13.10806459,96.59953022,10.98342528
4738,959912.6427,46843.38681,913069.2559,911907.2689,45471.24222,866436.0267,313869.2705,49571.08353,264298.187,1.963709721,2.255494086,0.6835478964,15.54553524,83.99276537,13.85417249,84.99048673
4739,42889.01814,46663.88315,-3774.865019,55323.10873,50887.0677,4436.041036,132532.2359,44395.92507,88136.31082,1.49177209,1.654325168,0.8787898707,21.76908074,95.71048285,22.72917946,96.85223344
4740,228254.0049,71230.60576,157023.3992,124731.9496,41630.60374,83101.34588,277967.0272,64711.22075,213255.8065,1.087871935,4.349442514,0.9582269957,12.9406278,14.70077412,13.81969554,15.34163701
4741,41911.1077,40755.46816,1155.639538,46478.8099,46811.43794,-332.6280456,110228.7434,57292.68242,52936.06102,2.742889097,1.789038092,1,86.4814251,91.74581579,83.82723517,91.05392247
4742,55065.18015,60311.17719,-5245.997043,49219.97857,57177.93828,-7957.959709,176439.97,41735.61918,134704.3509,0.234138128,2.607499081,0.8431619044,9.088744241,4.344754607,9.198211456,4.551727049
4743,985845.7551,45057.38952,940788.3656,481120.0762,48377.85975,432742.2165,215722.3353,34722.62276,180999.7126,0.9060471327,3.952879846,0.783940179,77.39529574,19.60009979,78.21008287,19.99638673
4744,55142.40346,61173.7219,-6031.318444,54940.87688,53871.62365,1069.253226,164033.5532,51539.8704,112493.6828,0.2280053732,2.29985469,0.7049082066,40.74127732,47.30980313,40.94583053,47.41052272
4745,217366.3539,49273.85501,168092.4988,131071.6197,47943.00244,83128.61723,232663.4119,56892.82201,175770.5899,0.6720734702,3.023300728,0.5550790679,29.41668184,69.10634531,30.07754131,69.22860531
4746,901493.0047,53883.04334,847609.9613,908934.0983,51355.32716,857578.7712,285023.4937,47727.3487,237296.145,0.6144869588,1.630778631,0.826713475,49.66877066,0.7203069404,50.18474227,0.3865892101
4747,219312.3427,51841.13601,167471.2067,199927.605,55172.48599,144755.119,123602.0683,38565.73895,85036.32934,0.6626880121,2.205539646,0.9450068317,0.8073272961,42.97154634,1.105886321,43.56316945
4748,876815.9685,46755.65549,830060.313,740329.0437,51710.12422,688618.9195,208684.259,48698.37087,159985.8881,0.2506376856,2.955921455,0.7020217447,31.1506712,39.4477147,31.39091651,39.51913906
4749,662078.3003,46614.89663,615463.4036,790038.2547,40094.36247,749943.8923,308875.5397,52377.50849,256498.0312,0.4074294546,2.165122176,0.9657866225,69.0765541,86.41798341,69.39939221,86.6665278
4750,64813.731,50696.56775,14117.16325,42009.89996,56935.69218,-14925.79222,128755.9577,54775.96698,73979.99076,0.3284510678,2.512150852,0.6232791655,44.37146635,75.67951346,44.69405304,75.74130283
4751,875498.1382,59721.54415,815776.594,700127.4236,40846.82156,659280.602,262384.5869,69890.31209,192494.2748,0.6114084367,4.358551731,0.8160955204,54.77315568,36.11308843,54.73783192,36.7234756
4752,721666.9488,52895.52936,668771.4194,638996.4194,47787.53786,591208.8816,269322.393,46702.28603,222620.107,0.5262970186,0.6756436184,0.7359253609,5.112610272,47.33870495,5.430674204,47.75801854
4753,71230.07821,50204.41256,21025.66565,36128.20028,46765.04354,-10636.84326,19360.46464,52200.12387,-32839.65923,0.7578886371,1.571789746,0.8141300421,81.34951627,33.20162934,81.23258509,33.95044326
4754,58607.63178,61713.90851,-3106.276725,46036.59408,50803.66368,-4767.069601,114537.2755,48956.23745,65581.03803,0.739244953,1.949647922,0.6598317545,78.07910526,1.593541164,78.74676897,1.276195499
4755,204018.5419,55968.38807,148050.1538,140199.6621,56306.33291,83893.32919,203211.7733,45710.89104,157500.8823,2.922923818,4.751676298,0.9839367796,29.50045046,27.34929282,31.75954758,29.20400677
4756,889800.8695,48099.53557,841701.3339,595715.9097,60643.39988,535072.5098,203680.7924,35712.15564,167968.6368,1.376673168,1.978707364,0.8624112053,35.02074832,21.55122361,35.30133007,22.89900063
4757,212458.4934,59627.1454,152831.348,126116.1329,46960.96361,79155.16926,183018.1398,47175.76556,135842.3743,1.346064131,0.9022635511,0.901610739,21.00913488,13.57511912,19.69679495,13.87453948
4758,33435.3611,47692.21441,-14256.85331,35774.00524,45837.62224,-10063.617,109292.0564,52908.05054,56384.00588,2.814752598,1.423782421,0.8928250867,50.19495734,27.17122105,51.5754646,29.62418495
4759,40542.17453,47746.0519,-7203.877371,73880.22994,61334.40709,12545.82285,124382.0535,47562.11869,76819.93478,2.291024269,5.76384264,0.6207626572,65.28740353,32.66998064,67.55335078,32.33193441
4760,803707.8966,50924.14755,752783.7491,888401.0358,48904.94212,839496.0936,272760.5832,41694.90096,231065.6823,0.5894587796,2.386879139,0.9128258845,60.68547591,42.78170211,61.1079915,43.19272794
4761,201550.7492,58711.40593,142839.3433,157425.9657,48471.3203,108954.6454,246624.4037,46595.02954,200029.3741,0.5405411642,2.484100394,0.7009952319,31.68679334,0.8918009051,32.10733786,1.231399275
4762,713785.8526,64692.98206,649092.8705,849105.3548,42725.40844,806379.9463,287341.6557,54948.77789,232392.8778,0.5338232989,3.413553955,0.8977819918,8.852953471,83.49898377,9.046954783,83.99630741
4763,176151.5698,53087.01887,123064.5509,193737.0463,58983.38368,134753.6627,225889.974,60279.84965,165610.1243,0.935007956,1.606667363,0.7874360424,73.23175969,34.31372457,74.16612882,34.27916714
4764,783008.379,40168.31131,742840.0677,816302.1472,61167.18911,755134.9581,251611.8079,51337.53088,200274.277,0.7895128543,2.181286184,0.8403551886,77.33560057,5.546110449,77.74252372,6.222678327
4765,30859.35328,42599.56437,-11740.21109,54020.29341,49588.5297,4431.763712,176467.6555,43213.8517,133253.8038,2.522863105,3.881560547,0.8933009549,49.93777968,51.05220266,50.51045586,53.50920902
4766,895185.8436,63170.09374,832015.7499,796362.7147,42455.15147,753907.5632,262901.6952,40901.90012,221999.7951,0.5385221851,2.334154508,0.55782548,97.9392434,85.35537601,98.43361915,85.56891468
4767,1069369.413,52698.71968,1016670.694,761492.8119,57388.58667,704104.2252,253428.0961,55810.72696,197617.3691,1.212270607,7.410670846,0.7546185401,15.84886472,71.02500339,16.9046852,70.42931628
4768,237682.491,49536.70302,188145.788,137814.6609,46760.51997,91054.14089,191615.5869,44352.16937,147263.4175,1.24476359,2.982931517,0.6981944045,12.25972413,83.98298954,13.42397272,83.5425788
4769,917298.9205,58792.98798,858505.9325,898294.1641,54209.49741,844084.6667,305915.6624,40008.26909,265907.3933,1.077400125,2.87003622,0.8532762526,78.6315679,58.61838161,79.65372375,58.95895237
4770,50821.44625,50258.66962,562.7766314,53516.18395,64447.62094,-10931.43698,124334.9183,60246.85773,64088.06061,0.9179845856,2.444053016,0.7877384375,36.67566351,24.99819752,37.09806401,25.81322729
4771,953158.1925,67077.89175,886080.3007,1041573.075,51497.56729,990075.5077,322900.0021,51986.52483,270913.4772,0.8858615877,1.727156293,0.5861908475,68.20907982,31.89128793,68.67801502,32.64285332
4772,204692.6815,44938.78696,159753.8945,171093.7742,37777.32232,133316.4518,264643.2907,60910.81006,203732.4806,1.165782572,1.920387143,0.7328126348,85.06742206,24.10634957,84.72381429,22.99235554
4773,57366.87385,50929.58509,6437.28876,71581.43526,63565.17311,8016.26215,128712.7921,51338.77196,77374.02018,1.120457022,4.918221536,0.8227480087,13.64008094,63.05137431,14.19160126,64.0266944
4774,795282.5106,39046.93442,756235.5762,912065.1201,59088.48162,852976.6385,355616.5313,53653.63451,301962.8968,0.4548717307,1.913834429,0.693524966,25.50176479,45.85517873,25.05092825,45.79472455
4775,832429.2507,55738.1551,776691.0956,754905.6746,54536.56606,700369.1086,244946.7099,53585.02583,191361.6841,0.9666063528,3.162311241,0.7919779492,32.74343269,77.34825874,32.85786496,78.30806763
4776,816950.1638,45028.84465,771921.3191,793325.1986,52034.6558,741290.5428,300656.691,56006.17715,244650.5139,1.211229874,3.366777221,0.8988843501,31.00800064,32.38550424,31.67245297,33.39821393
4777,859492.8393,48065.14051,811427.6988,837124.8617,53623.48248,783501.3792,303520.4823,48918.1416,254602.3407,1.107772972,3.303966733,0.6042305532,53.61428774,36.57054014,53.9561844,37.62423252
4778,595307.2072,61847.83053,533459.3767,649076.5144,50394.17064,598682.3438,336815.013,46284.21114,290530.8019,2.794435296,2.046299541,0.762887873,47.59482547,93.3951798,50.17568174,94.46665054
4779,140055.2142,50708.73147,89346.48275,224374.9298,54512.85397,169862.0758,160447.2602,37644.97185,122802.2883,1.662042766,1.434683005,0.8003570231,82.31163973,32.65774691,83.76086793,33.4714568
4780,169951.9985,31819.64298,138132.3556,135913.2095,41208.81409,94704.3954,217617.7989,52736.00058,164881.7983,0.8482870351,3.472732903,0.9694692525,9.81642513,64.30195289,10.50913494,64.7915895
4781,870112.3325,46831.25526,823281.0772,618018.2217,53861.23499,564156.9867,294697.2215,43818.37677,250878.8447,1.792111365,1.90203442,0.7184205963,27.1274362,51.17194507,28.32894832,52.50161862
4782,877145.6513,50376.08857,826769.5627,795285.1325,59081.2171,736203.9154,266380.538,54611.90342,211768.6345,1.861030112,1.853632858,0.8838868084,23.8165042,25.73090757,22.25539239,24.71781182
4783,193760.2787,64318.02683,129442.2519,152504.4946,58127.47963,94377.01495,149412.8089,32092.6345,117320.1744,0.4511782562,3.253861455,0.9312329448,23.94047358,40.16990077,24.2780603,40.46922839
4784,46391.47249,57738.29437,-11346.82188,51317.38939,54561.89122,-3244.50183,103862.0091,40334.66604,63527.34308,0.9751862102,6.277564891,0.8344857296,38.38802031,10.98731609,38.93208435,11.79662595
4785,628070.4194,51013.95697,577056.4625,880289.6987,56578.1601,823711.5386,239120.1887,50497.62693,188622.5617,0.7928291281,4.720625089,0.892468847,82.67692883,4.267663109,83.45740886,4.407050868
4786,740398.7461,52725.29219,687673.4539,839130.585,44649.43472,794481.1503,323088.2997,46599.90099,276488.3987,0.1239739053,3.541548536,0.8708052931,1.931112124,35.28369524,2.055072853,35.28550268
4787,216926.015,51784.20901,165141.8059,183263.9947,34448.30989,148815.6848,214492.0053,59559.44947,154932.5559,0.6851841259,4.396305007,0.8122945578,38.60530529,82.25352327,39.27804718,82.38350647
4788,866980.9008,48889.79144,818091.1094,668097.4973,43580.9938,624516.5035,263301.5312,45704.1853,217597.3459,1.275146312,1.398759202,0.6637532139,23.69415334,71.39968334,24.9661269,71.48957989
4789,235845.0376,40492.09042,195352.9472,167526.4475,64004.59849,103521.849,217212.2513,55525.78044,161686.4708,0.9592015165,2.23120644,0.6721554406,87.35462982,7.390039307,88.23102919,7.779900443
4790,927543.0977,65917.2715,861625.8262,656794.7658,55407.60359,601387.1622,214709.151,46845.73457,167863.4164,0.2191281058,4.022063498,0.8452862855,90.57470529,53.2474572,90.5839179,53.46639156
4791,58414.26068,55470.44986,2943.810825,42508.1282,51608.60596,-9100.477764,174440.6305,51405.76812,123034.8623,1.820368197,2.313830618,0.5615730129,98.74638898,61.66111661,99.62335284,63.25632029
4792,70898.45162,64344.53296,6553.918661,41142.21612,39496.02606,1646.190065,157631.8227,64498.81443,93133.00825,2.26937884,1.838614028,0.8108186764,88.37312404,57.23944931,90.30226015,58.43465399
4793,60900.14835,63432.39978,-2532.251427,31790.31878,37013.36944,-5223.050666,178246.2302,49717.64414,128528.5861,1.104539632,3.906140004,0.7533948416,17.2751357,65.32933112,18.18686984,65.95282823
4794,791383.1345,50045.84386,741337.2907,941639.2206,46245.22472,895393.9959,352176.8309,61276.69413,290900.1367,0.6907328438,2.942548421,0.8628976519,95.70115601,3.408415888,96.3869223,3.325733041
4795,173355.6993,57441.85289,115913.8464,219735.7403,52477.02034,167258.72,202226.5833,56573.23495,145653.3484,0.4101213477,2.035380893,0.6731704697,10.39354688,8.250077261,10.70612554,8.515584515
4796,939831.5353,45463.14141,894368.3939,909623.9943,51609.39237,858014.6019,297207.6716,43427.11113,253780.5605,1.343631565,2.429955979,0.9806849711,53.13193481,78.60746454,53.37014018,79.92981245
4797,53766.75915,55292.4662,-1525.707048,37674.73757,49177.85934,-11503.12177,122766.0476,56471.81985,66294.22773,0.1297271688,2.693322099,0.9531743543,30.09701816,13.00562355,30.18407397,13.10180267
4798,840834.9424,51292.64473,789542.2977,755909.9242,56353.23928,699556.6849,314675.7009,60818.78917,253856.9118,0.4541110288,4.653739109,1,95.80494114,49.30151813,95.56300105,49.68581205
4799,64798.59602,63187.00661,1611.589416,57418.67892,61211.35795,-3792.679035,144007.9318,54494.5283,89513.40354,1.861051155,3.512929175,0.9301492152,39.06023706,43.46592198,40.77780188,42.74934507
4800,59680.94037,41599.896,18081.04437,57267.32305,45945.06093,11322.26212,169772.714,54979.0878,114793.6262,1.972781701,2.417744674,0.9362103695,1.637464836,6.315893528,1.610038359,8.288484573
4801,783931.2389,45541.76338,738389.4755,701836.2921,52207.83439,649628.4577,334416.5199,55360.256,279056.2639,1.958675275,2.573718665,1,86.69843015,48.44583957,84.75399184,48.21010988
4802,855820.4142,59340.88651,796479.5277,640270.4091,49167.15539,591103.2537,258895.033,48135.25244,210759.7805,1.127129856,4.025913666,0.6304598377,46.25544657,80.82558721,46.73510006,81.84556478
4803,45115.44663,59699.7001,-14584.25347,36957.04123,50651.95175,-13694.91052,64201.32723,55196.17184,9005.155391,1.120949974,1.594206718,0.6064606134,87.80198063,0.1789967163,88.42451914,1.111184812
4804,41181.07823,55221.90869,-14040.83046,52800.24182,58017.25143,-5217.00961,176295.5076,56052.95687,120242.5507,2.590687501,2.579917107,0.8371383886,24.76140475,2.502658112,27.10768718,1.404195322
4805,1034212.869,53261.01299,980951.8564,825119.1426,45990.83734,779128.3053,276572.1711,37957.67924,238614.4918,1.715516239,3.432020409,0.6436834977,78.85958219,21.5842256,80.57473613,21.61948048
4806,934955.9539,62323.59128,872632.3626,775039.5562,41163.38617,733876.17,204732.243,42025.81035,162706.4326,1.273562052,3.856569472,0.7611904024,14.10443977,46.41740659,14.91915094,47.39628656
4807,44592.59505,46724.12427,-2131.529222,54343.91932,55292.9423,-949.02298,217302.8659,45970.08263,171332.7832,1.251705941,1.837040796,0.6638348473,31.5408528,3.894017213,32.70178163,3.426030018
4808,778862.2862,63643.58433,715218.7019,775433.5779,53370.19963,722063.3783,247483.3446,61384.02825,186099.3163,1.443728133,1.938907942,0.7793934692,80.64168726,66.61216904,81.20682513,67.94069082
4809,199909.431,54021.16535,145888.2656,140403.8475,55684.92722,84718.92032,282426.7728,53080.80483,229345.968,0.2990285493,6.690844254,0.6067169257,71.60834512,51.07014806,71.56945549,51.36663697
4810,187356.7702,63099.1409,124257.6293,99840.11575,45937.42178,53902.69397,243497.333,56641.57497,186855.7581,2.256436426,2.052747208,1,56.11519844,33.05144917,58.36816383,33.17655828
4811,49918.55592,45267.11195,4651.443974,40391.74597,41939.44288,-1547.69691,85224.95051,53563.05783,31661.89268,2.621628096,2.622330623,0.8891633843,36.48635961,9.269740253,37.88804818,11.48518671
4812,727294.4311,58652.60886,668641.8222,863076.7323,62455.76739,800620.9649,289908.1518,49597.20239,240310.9494,3.933733425,3.033127084,0.6931768733,96.72224019,45.15748308,99.85640137,47.53472779
4813,234999.6321,47535.3422,187464.2899,158961.3154,59503.29067,99458.02473,156707.6024,41014.30168,115693.3007,0.8939036973,2.761754255,0.8280006316,31.17334428,87.42570863,30.59204797,86.74662217
4814,50076.99118,58741.59697,-8664.605793,67493.54366,47141.57838,20351.96528,106410.0525,55154.57408,51255.47847,2.070276562,5.868261364,1,38.35645498,77.61047153,40.38376948,77.19089917
4815,48875.07622,54765.46381,-5890.387588,43911.87041,52976.5109,-9064.640494,124151.7668,49047.34769,75104.41907,2.558932529,5.770610797,0.8837050541,60.61492272,76.8173578,59.68549902,79.20153633
4816,793067.675,37318.0325,755749.6425,609646.8308,57857.54113,551789.2896,297100.993,47314.01796,249786.9751,2.479086019,2.636645051,0.6076265385,57.27780979,34.08137591,57.43762299,36.55530543
4817,78809.07484,63569.95286,15239.12198,55925.87307,56698.14945,-772.2763793,212230.9198,38441.10043,173789.8194,0.5501255967,6.197383809,0.8218587081,25.02189515,17.7012834,25.5143785,17.94643299
4818,194669.2759,50134.5297,144534.7462,172999.9526,62378.64032,110621.3122,211087.6096,53251.93075,157835.6789,2.253640797,2.649820235,0.8194978307,13.44639103,18.49919915,15.68420566,18.23258604
4819,212007.5939,57296.68432,154710.9096,239199.5661,43381.0765,195818.4896,189064.4545,43304.53048,145759.924,0.7395296917,1.578775519,0.7214942325,91.06910129,62.5241989,91.62148416,63.01590748
4820,863753.4431,29971.75218,833781.6909,587947.2932,52322.17219,535625.121,222622.9027,44304.43309,178318.4696,0.0642412827,2.676201718,0.803628446,62.32829951,7.561400053,62.39210501,7.568870045
4821,31714.46719,49989.34015,-18274.87297,27128.60703,44933.16088,-17804.55385,85177.84432,44300.21947,40877.62485,0.762201003,0.8601938638,0.7426311481,5.079825476,53.21318702,5.8115586,53.42653417
4822,634920.5946,46786.59241,588134.0022,806682.5328,48492.98193,758189.5509,263943.516,48949.12501,214994.391,1.30327685,1.955504176,0.8805944853,12.76792874,78.00282062,11.48042695,78.20498311
4823,898807.3241,35977.03237,862830.2917,891423.0153,50600.60495,840822.4103,364296.1201,67826.94628,296469.1739,0.3703762733,2.594486675,0.7355313594,37.19695511,33.86576313,37.37298378,34.19163502
4824,318325.8427,61671.83009,256654.0126,152875.1839,55181.74994,97693.43391,180372.0058,47872.55657,132499.4492,0.2844801086,1.040747685,0.6912022902,37.06166805,12.13080931,36.84631216,12.3166877
4825,797573.9063,40727.14761,756846.7587,729544.8355,38566.18707,690978.6485,253412.8184,58949.95752,194462.8609,2.407137224,1.719192151,1,11.5926015,8.892786501,12.81216319,10.96811272
4826,254221.0249,59826.20463,194394.8203,134562.9745,48545.08605,86017.88849,262734.2346,48496.85267,214237.3819,0.4374716619,1.242515287,0.7120208162,58.96976638,64.19550091,59.2552165,64.52701213
4827,144389.9835,45631.79047,98758.19305,187194.7556,42261.07541,144933.6802,258344.0843,54988.80427,203355.28,2.095619301,2.166376812,0.7599613977,40.89178877,87.55455989,38.93822903,86.79612426
4828,180361.5135,48203.50072,132158.0128,155687.2592,47966.23791,107721.0212,157264.1832,45322.63951,111941.5437,0.8682507598,1.347198435,0.6703987089,67.99273392,21.63197857,68.72776907,22.09412866
4829,997540.6667,57674.44222,939866.2245,535044.6331,64027.74393,471016.8892,261444.078,54610.17391,206833.9041,1.939551968,1.834314126,0.7954407352,64.45026452,2.713906388,65.7683548,4.136755593
4830,64356.08617,62494.33885,1861.747321,54813.76268,50762.1397,4051.622983,140585.4673,57045.53654,83539.93072,0.654389208,2.465370976,0.6926858045,19.9329621,68.8681287,20.26709741,69.43078208
4831,59329.79429,60812.66531,-1482.871026,56844.71008,60515.9881,-3671.278028,132668.3172,52550.65584,80117.66138,4.20566183,2.660304594,0.8105520321,1.818428294,10.36895339,4.29132209,13.77077462
4832,201623.4436,52896.51803,148726.9256,179969.5365,52132.55387,127836.9826,175346.1746,51061.6886,124284.486,0.9789423057,3.626543545,0.810093424,56.10259034,6.01047984,56.78732116,6.710102412
4833,59752.28878,51892.45449,7859.834283,44183.35141,49479.67713,-5296.325718,153700.3191,42877.56875,110822.7504,1.899354681,2.22884297,0.876133167,87.20397643,89.08462243,88.11288252,90.75238679
4834,216047.5223,65765.02147,150282.5008,110716.6646,68979.85573,41736.80889,198804.4597,39430.49099,159373.9687,2.117018491,2.434871092,0.9292976691,56.5864803,86.35545444,58.69725503,86.51792698
4835,861321.1176,61447.8574,799873.2602,752030.0284,53580.02166,698450.0067,313475.9855,48253.57959,265222.4059,0.8740234854,6.562770435,0.6655703693,49.25784155,10.25020297,49.99570809,9.781726683
4836,1020858.273,49640.8881,971217.3846,787262.2916,67300.4084,719961.8832,270848.1442,63916.32735,206931.8168,0.8945873764,1.653958378,0.6105661162,26.21264389,46.84115733,25.32453093,46.73372388
4837,629832.3578,61328.56917,568503.7887,733868.4727,45308.38277,688560.0899,326295.2726,43862.33257,282432.94,1.377130055,1.926611118,0.7515575998,75.8301643,88.15394074,77.15670084,88.52378933
4838,27382.52714,50491.2953,-23108.76815,32247.96283,48996.44881,-16748.48598,180853.5671,51882.07651,128971.4905,1.645547411,4.812362268,0.9754415063,64.09876215,72.91517458,65.70107944,73.2898819
4839,165546.9121,58880.39424,106666.5178,208079.6699,53157.9654,154921.7045,151034.3977,46771.94702,104262.4507,0.9031716995,7.428977703,0.6965543121,33.85412679,37.77124046,34.49557958,38.40705289
4840,185072.9111,57591.96513,127480.946,133626.1655,56946.26237,76679.90312,230300.9171,59538.83416,170762.083,0.153497189,3.213446881,1,52.35767063,7.570977272,52.43715379,7.702292978
4841,204975.2802,53238.5798,151736.7005,163975.933,60780.5021,103195.4309,207939.2499,39408.68043,168530.5695,0.2321287967,5.559188808,0.8243127195,84.79071261,25.34619605,84.77752316,25.57794983
4842,201792.9045,58610.00895,143182.8956,98903.09252,54686.22776,44216.86476,179379.4937,61972.97223,117406.5215,0.2973376318,4.839470375,0.7310689607,7.161226795,79.71303266,6.957144525,79.92927349
4843,215744.9545,58240.39225,157504.5623,133943.8299,46859.47107,87084.35884,205476.6981,47495.73661,157980.9615,0.7282020325,1.886849636,0.8316617923,96.85867089,79.09883592,97.58536481,79.14567774
4844,1121251.222,69827.03151,1051424.191,823009.7024,53626.14816,769383.5543,269188.2052,50709.53077,218478.6744,1.503700636,2.760992774,0.7926187868,12.24726014,98.2417094,12.93683782,99.57797218
4845,841690.9729,41704.75636,799986.2166,731415.0844,55879.10131,675535.9831,308346.2861,40685.89955,267660.3866,1.254923558,4.761002661,0.6837729599,71.80399694,31.15572501,73.0579342,31.10598093
4846,235147.8909,50948.02501,184199.8659,214017.5017,47745.47312,166272.0286,168545.0413,47760.0069,120785.0344,1.537530487,5.115311295,0.7877642125,2.614842784,54.08103298,3.122246138,55.53242605
4847,169570.195,56733.80632,112836.3887,147114.6786,65208.07085,81906.60776,195096.0086,47740.3102,147355.6984,1.24722396,3.494406616,0.8779112764,35.29934587,13.54537757,36.2348163,14.37027919
4848,46510.62631,51846.66377,-5336.03746,60788.6654,56971.21101,3817.454389,74342.08692,52098.99889,22243.08803,2.23588681,1.806314525,0.6636266367,43.50092979,13.03499572,45.3249381,14.32812506
4849,805007.2506,57293.57946,747713.6712,821659.8896,60577.83102,761082.0586,321685.6674,62359.42383,259326.2436,0.6014117787,2.023978477,0.8375987358,17.73937978,42.28046429,17.62142467,42.87019534
4850,33647.49213,43847.19449,-10199.70236,46724.77221,47627.5177,-902.7454842,118304.1922,53913.06149,64391.13067,2.996128041,3.968746525,0.9312451765,23.41599596,49.09286524,26.37144316,48.60081332
4851,31237.90644,45140.05014,-13902.1437,43747.12158,47123.00701,-3375.885426,103546.7396,41180.34628,62366.3933,0.652424862,1.762469059,0.6467186338,74.761813,66.03208739,75.37060536,66.26667227
4852,770193.2661,58200.03545,711993.2307,728507.7154,56383.86028,672123.8552,154886.4136,32250.02766,122636.3859,1.9065391,2.586304271,0.711894682,33.66330217,73.74049988,35.33632231,74.65477277
4853,49150.82299,70834.26402,-21683.44103,39823.05699,51369.10631,-11546.04931,203154.3485,49527.43526,153626.9133,0.8412766597,1.930781008,0.9213140701,29.97051401,98.20429433,30.5374639,98.82583614
4854,1053300.394,57657.86005,995642.5342,653583.4967,50867.78482,602715.7118,306046.2051,52481.09533,253565.1098,0.4155229942,2.898724948,0.5815163894,70.75185662,12.6566691,71.00510017,12.98610356
4855,986546.4415,64943.78663,921602.6549,713706.8168,58679.09176,655027.725,257730.3118,47936.55691,209793.7548,2.846762039,2.019936171,0.6544776094,69.40417402,64.0209636,72.00061713,65.18824132
4856,979793.021,49554.61595,930238.4051,850045.9157,53580.75164,796465.164,338171.4764,54022.10269,284149.3737,2.020801365,4.642808265,0.4983192153,97.0846832,5.087403053,97.84782624,6.958566022
4857,757921.5535,55557.4861,702364.0674,887581.2641,62192.598,825388.6661,288385.714,44238.03521,244147.6788,1.17282686,2.330031791,0.8222224358,87.20130328,57.52403072,88.26335345,57.02646436
4858,55983.87393,65933.89604,-9950.022115,36638.27679,59274.82561,-22636.54882,172817.6403,53495.99464,119321.6457,1.454511078,1.610920949,0.7988456726,96.52607177,28.31334303,97.97845465,28.23468911
4859,837398.414,56796.0746,780602.3394,772545.4504,54644.78007,717900.6703,306307.1887,49180.22027,257126.9685,0.626369264,2.688379783,0.6425906516,32.49268094,32.74671177,31.87676883,32.8606886
4860,57312.38495,61586.35536,-4273.970411,46693.36938,47858.66839,-1165.29901,118494.0388,44692.57123,73801.46756,1.752205648,2.50972685,0.7598513082,33.05228119,4.263135014,34.40531531,5.376473818
4861,253731.846,52196.28114,201535.5649,170797.6165,48010.25388,122787.3627,191357.6045,56936.47499,134421.1295,0.4457576865,2.459128219,0.6859040992,28.32749478,51.688681,28.60147359,52.04029944
4862,242027.771,50523.59768,191504.1734,170180.5649,59609.36671,110571.1982,261236.0823,49786.54457,211449.5378,1.322050093,4.247017717,0.7902931266,76.61050909,31.26149586,77.80894993,31.81966788
4863,198795.2742,50446.8441,148348.4301,205370.8818,51187.45579,154183.426,259417.3232,63534.29632,195883.0269,3.881773913,3.506644011,0.6555712593,78.65567887,50.58995465,74.82839218,49.94184563
4864,30900.08801,39017.67816,-8117.590142,43517.16312,46466.89693,-2949.733811,82120.44593,44364.18603,37756.2599,1.48602006,3.491380445,0.8070392592,75.1050412,97.55745466,76.4957579,97.03384921
4865,60443.00703,64717.44134,-4274.434313,47528.33934,54638.83093,-7110.491595,182089.8092,45631.04945,136458.7597,1.125838709,2.911068447,0.4886819832,25.63087737,52.17237106,26.41581141,52.97945925
4866,63239.08268,66023.76949,-2784.686805,51550.41848,54404.20526,-2853.786777,152800.37,49006.12529,103794.2447,0.4200234944,3.992430142,0.7720363087,48.70217238,56.38677379,48.63199172,56.80089262
4867,231078.7863,39023.71766,192055.0687,209404.6026,59038.35266,150366.25,154927.5589,49196.5497,105731.0092,0.7203922329,3.500064272,0.793390685,82.51584693,63.26721718,81.89419295,62.90319616
4868,55148.97609,61695.88847,-6546.912371,64818.58186,60433.44799,4385.133872,157116.6605,57414.20065,99702.45983,1.328811174,3.884448547,0.8320651843,90.05235261,94.62483705,89.69001175,95.90329246
4869,800823.1838,41926.92812,758896.2557,693011.5889,39032.01329,653979.5757,414449.5174,58472.61583,355976.9016,1.841015074,2.916270203,0.6714626449,36.61864974,75.67483293,38.37404667,76.22973665
4870,75927.75724,62307.31948,13620.43776,57543.93201,48961.00787,8582.924141,106040.3467,42992.6108,63047.73594,0.56383746,3.676304445,0.9109807283,57.45404812,92.4485769,57.35690779,93.00398345
4871,179804.3812,38473.63917,141330.7421,152702.6418,34421.14445,118281.4973,197274.7462,46265.95475,151008.7915,1.35917543,4.172031346,0.8853007234,12.10218817,6.154560313,12.74577813,4.957417957
4872,734302.6882,61527.24879,672775.4395,605020.5232,44782.55764,560237.9656,312484.7869,41448.27357,271036.5133,1.945685875,2.476763685,0.7700750374,23.09085436,22.75375657,24.83917804,23.60760541
4873,845852.1665,47608.54669,798243.6198,613787.0096,49709.69032,564077.3193,237978.0468,44228.45773,193749.589,0.3273502351,3.801893043,0.7357541227,48.67833852,90.32473954,48.86008289,90.59700258
4874,897395.8005,55374.93093,842020.8696,551880.6054,54811.91972,497068.6857,343585.255,41810.11119,301775.1439,1.109161856,2.730610533,0.8206558139,66.75710971,14.63375597,65.92289248,13.90278289
4875,899967.8766,57593.29832,842374.5783,742426.1142,46266.90167,696159.2125,201721.7928,64460.98337,137260.8094,0.07083606879,6.268586689,0.7170823223,18.9665649,66.51701466,19.007557,66.57478486
4876,829083.4114,45336.09021,783747.3211,603963.5173,50884.61169,553078.9057,281042.4418,58990.00975,222052.4321,0.7113517497,3.383444278,0.8179071989,79.35157825,68.34001357,79.72810785,68.94354217
4877,55146.19315,55560.78651,-414.5933601,38087.47657,50067.03722,-11979.56066,86562.11747,43761.92556,42800.19191,0.7184911201,2.087746308,0.6750947113,37.37658081,55.50611939,37.04693542,54.86771247
4878,903227.9897,56348.58288,846879.4068,768746.7142,45267.93263,723478.7815,329169.3483,56897.31393,272272.0344,1.532908907,2.599010549,0.634133925,10.2247173,33.76250665,11.07294736,35.03934473
4879,44218.24381,45401.62327,-1183.379459,49727.94105,54008.87021,-4280.929157,106500.784,55748.2998,50752.48416,1.164396217,3.586976348,0.8394088349,10.98600417,5.175996437,10.00039454,4.556002719
4880,57087.8272,52558.10788,4529.719315,55854.27556,61476.77889,-5622.503333,154114.3802,53973.65973,100140.7205,0.09542661022,5.587815324,0.8165218877,89.62052788,79.1837182,89.71512157,79.19629881
4881,911944.9904,67306.53999,844638.4504,756368.6176,52950.49403,703418.1236,291389.9088,59421.8427,231968.0661,1.6516016,3.867812732,0.9225309189,20.49622945,25.72113397,21.81153723,26.72000998
4882,1239824.285,64666.09908,1175158.186,867532.9706,45498.69254,822034.278,157873.3808,53805.39856,104067.9822,3.494246383,1.773931884,0.7142366887,48.72338804,4.287533696,50.89642556,7.023893633
4883,48572.07695,43701.80005,4870.276898,33404.2731,48135.77251,-14731.49941,140127.4828,52096.48334,88030.99941,2.708443181,2.34495113,0.9138485485,9.228556662,32.75357615,11.0427497,34.76463758
4884,57004.29348,42283.12188,14721.1716,64172.48544,58037.40042,6135.085025,152120.8618,62067.19116,90053.67064,0.08125137469,2.528390476,0.7621250035,19.3087894,55.06919091,19.2958933,55.14941233
4885,44612.83018,63856.12541,-19243.29524,44926.57773,53175.2683,-8248.69057,153248.3099,56405.5655,96842.74436,2.296648532,1.893494994,0.849518966,46.52278821,55.82292907,46.93494057,58.08229289
4886,52837.50781,55662.32538,-2824.817577,41812.47022,59449.06151,-17636.59129,88526.96037,45042.42048,43484.53989,3.005238534,4.317107241,0.9310241233,54.27393219,83.15501376,54.73260192,80.18498334
4887,1006408.026,62376.3003,944031.726,591846.0927,58733.24648,533112.8463,312980.9551,37287.28448,275693.6707,0.08474573852,3.986434695,0.87161406,31.56983043,29.84887501,31.653836,29.83769892
4888,72840.79438,76419.64194,-3578.84756,35608.02973,39177.2525,-3569.222769,240065.8901,51088.45994,188977.4301,3.2336014,2.360058922,0.9559267799,5.008871451,60.21058877,8.222184957,60.57224376
4889,233773.1078,49988.70685,183784.4009,210784.4845,54350.3027,156434.1818,239063.9529,47265.05399,191798.8989,1.135504851,1.325648567,0.931442618,45.54972177,27.96875556,46.13263543,28.94322102
4890,83060.55468,58725.27721,24335.27747,47535.72801,61619.54644,-14083.81843,190124.2517,44574.84636,145549.4053,0.1618804296,5.810367089,0.7852496706,51.44474992,58.6882209,51.44916855,58.52640078
4891,876189.5405,60649.91095,815539.6295,690014.5444,61472.09999,628542.4444,298472.0127,55988.14344,242483.8693,0.9814311191,3.440422564,0.7637990973,55.06678288,99.96325132,55.97772522,100.3284788
4892,219637.0264,63749.95921,155887.0671,187437.9412,64593.3757,122844.5655,217559.9337,48720.20326,168839.7304,1.117573356,2.043026291,0.9250367264,90.85571022,73.01481825,91.41593883,72.04780526
4893,859700.9236,52754.51545,806946.4081,684853.3613,55470.21566,629383.1456,320822.9468,66769.04547,254053.9013,0.4324218349,2.393131541,0.7499212042,5.593874673,7.034249714,5.837129178,7.391763195
4894,921630.3498,64619.83324,857010.5166,688405.3756,43784.7982,644620.5774,248717.915,48141.39466,200576.5203,0.9731482145,4.835058816,0.7168207918,38.50320158,36.73619729,38.1889556,37.65721135
4895,898661.6333,62407.56592,836254.0674,970056.3221,49962.90409,920093.418,243316.3809,45456.16648,197860.2144,0.4518876538,4.794643379,0.7465966172,74.86958096,20.37433127,74.6772888,20.78326424
4896,50200.23406,41574.1104,8626.123665,45488.31699,41682.06835,3806.24864,87891.1509,42343.81005,45547.34084,1.202249268,1.69098521,0.7223488667,32.0956996,28.5990204,33.05403293,29.32496843
4897,72992.66485,56721.96669,16270.69817,43385.4986,50721.19091,-7335.692306,130036.706,54476.42732,75560.27871,0.5922875794,4.002055745,0.7350059061,40.79477362,70.26000081,40.93887872,70.83449041
4898,50627.88439,51344.59484,-716.7104429,47291.88509,58292.14288,-11000.25779,54971.16487,48432.09662,6539.068245,0.2648968996,3.004297018,0.9046188657,81.6805545,78.11451652,81.94543656,78.11732037
4899,835807.4454,53428.39858,782379.0468,946598.4437,48013.72621,898584.7175,178823.2025,35761.71401,143061.4885,1.070584075,2.228486034,0.6812821506,42.13625311,24.09580331,42.73284286,24.98475266
4900,180086.1414,67948.87394,112137.2675,146940.9145,58689.10592,88251.8086,166715.0762,47553.79609,119161.2802,0.2142351817,3.412382513,0.5792043311,94.49503688,25.98534455,94.67550716,26.100788
4901,62388.2455,51788.70281,10599.54269,51115.70115,52056.38008,-940.6789315,201009.0272,49733.93721,151275.09,1.229298573,3.109924718,0.7305796163,51.47097779,76.3949646,52.26300579,75.45482279
4902,42580.53487,43754.41111,-1173.876243,65475.62458,53248.48955,12227.13503,131507.5629,51538.18717,79969.37577,0.9765089868,4.282627804,0.7272924831,8.390384311,44.48465649,7.420147702,44.59515864
4903,192156.1611,64787.17262,127368.9885,177702.945,52465.57292,125237.3721,257243.3628,57284.05596,199959.3069,0.3412528269,7.352659151,0.8665247604,54.9389237,37.22690778,54.93643098,37.5681515
4904,54560.57428,53307.41861,1253.155669,67726.43533,57541.49684,10184.9385,137467.8796,51716.1709,85751.70872,2.460736461,2.979336684,0.7101643461,77.71347868,77.95280185,80.06033527,77.21287749
4905,271825.5807,59342.74031,212482.8404,157235.0245,39185.99929,118049.0252,243957.7886,50335.46953,193622.3191,0.5919826893,4.051476314,0.6331274981,4.052314723,60.03507,4.502229225,60.41980425
4906,157496.8136,76029.4585,81467.35508,190437.294,47827.355,142609.939,244939.925,42369.38292,202570.5421,2.061998045,4.316350178,0.6060919387,78.64543747,49.44945614,80.1887655,48.08198602
4907,190980.5412,48396.28202,142584.2592,134553.3045,48462.1529,86091.15163,336850.1366,46037.60939,290812.5272,1.656673248,2.223738566,0.8260673306,85.24359007,58.82558886,86.89996829,58.85685246
4908,80652.00197,63170.99608,17481.00589,22900.03439,39393.90501,-16493.87063,167544.8555,49569.04559,117975.8099,0.612220666,1.631851949,0.8765923106,6.9644414,7.808612935,7.539387908,8.018971335
4909,311148.6361,67133.48612,244015.15,115062.1743,51262.52355,63799.65077,170540.6302,50528.83837,120011.7918,0.2827746511,1.761652542,0.8848186043,68.19131454,96.14737724,68.05785675,96.39667731
4910,739514.8286,52322.65835,687192.1702,879655.9387,48283.89473,831372.044,276973.972,52289.65765,224684.3143,1.707819822,2.753498122,0.485805832,92.04932303,72.60753684,92.98036112,74.0392549
4911,771433.1525,54331.57368,717101.5788,667855.1609,55110.12204,612745.0389,270473.8278,40573.4507,229900.3771,0.9534523383,1.8983162,0.7738159336,83.87984122,0.3224660645,82.97632805,0.6269907929
4912,932287.7639,63720.45412,868567.3098,652740.6794,57980.58052,594760.0989,294593.8474,41082.39874,253511.4486,2.086784292,1.469711341,0.6148710419,29.41322329,63.89451789,30.8428943,65.41461969
4913,714912.2573,48569.4756,666342.7817,878858.7145,58782.6709,820076.0436,232032.3535,41676.61001,190355.7435,0.2946130239,1.897191368,0.9027601088,67.42773731,27.47955789,67.72227708,27.47298882
4914,914130.7429,48203.4324,865927.3105,621444.2267,55957.9529,565486.2738,251436.1714,47936.71124,203499.4602,2.260538957,1.833334085,0.8888952125,48.72445856,9.910546316,50.24928694,11.5793587
4915,992028.7685,54082.91235,937945.8561,737568.6878,63506.86694,674061.8209,296156.5001,49675.60671,246480.8934,0.7899105357,4.821245504,0.8605736982,17.70004569,62.07851647,18.32021783,62.56774564
4916,711908.5255,56194.38564,655714.1398,724106.1931,48861.68956,675244.5035,221784.0978,58549.8999,163234.1979,0.4869646955,2.808347238,0.728879708,84.49001123,77.41029963,84.9187896,77.6411323
4917,841225.8076,44777.04233,796448.7653,897270.0977,45045.66943,852224.4283,233376.2872,55145.16381,178231.1234,2.491372174,7.327728344,0.7775661059,74.57747042,13.25256503,76.68205571,11.91927734
4918,38464.44117,46061.90739,-7597.46622,52936.77123,53664.84886,-728.0776303,92907.1631,49643.03828,43264.12481,0.4398670529,2.437416637,0.6842540767,68.57363878,83.61563756,68.86254548,83.94732407
4919,58050.32592,53499.43158,4550.894344,57963.0752,59434.70913,-1471.633927,160620.4751,52511.37139,108109.1037,0.768593058,5.626780993,0.869929314,21.36782414,88.20113599,21.97619126,88.67084306
4920,225327.5402,45598.1254,179729.4148,115176.2599,54333.071,60843.18892,271941.7315,43927.82954,228013.9019,0.7381171783,1.548286382,0.6071651354,76.79149486,87.07473334,76.75383981,87.81188941
4921,731738.1543,64653.33614,667084.8182,735085.3041,51675.5299,683409.7742,370976.7462,52655.0298,318321.7164,0.2885650105,1.53644112,0.6549565071,3.81238747,76.70724372,4.056116853,76.86172917
4922,253348.4685,57696.60444,195651.8641,215054.1548,57888.36081,157165.794,186920.7586,40220.92566,146699.833,0.3782093137,2.309533249,0.7824428325,23.78158576,21.85928518,24.04532254,22.13036672
4923,201343.9359,64518.10867,136825.8272,140507.0526,45151.05189,95356.00069,206424.4845,52632.4239,153792.0606,1.647265269,3.981436151,1,54.50607327,51.44376433,53.69932448,50.00757518
4924,211007.2102,44048.00452,166959.2057,159066.6064,37195.00071,121871.6057,298303.3151,48939.30363,249364.0115,0.3566475659,2.780582826,0.750983724,81.80722526,2.6792285,82.0045202,2.976334869
4925,35082.88708,61198.90221,-26116.01513,37991.2552,41890.87214,-3899.61694,215300.4462,51810.42658,163490.0196,0.6307185855,3.972982298,0.8562716897,62.45526282,8.411262637,63.03413064,8.661698216
4926,57211.63071,48611.43639,8600.194321,32293.09132,57597.47759,-25304.38627,154356.2703,51452.54125,102903.729,0.3045267782,2.604276943,1,19.43311111,55.48142186,19.70489545,55.61878937
4927,1005516.521,54137.58247,951378.9385,649241.6065,52272.29796,596969.3086,244777.1084,42432.25527,202344.8531,0.9077776862,3.48888353,0.7165153476,78.83114337,12.04702102,79.26225662,12.84589628
4928,60123.18897,57181.48195,2941.70702,49521.27955,43598.15273,5923.126821,129488.5077,52558.393,76930.11473,2.425363792,2.381968613,0.8921929619,62.30191422,49.01192791,59.89440473,48.71818042
4929,314712.8375,49711.17569,265001.6619,122942.8375,59139.34796,63803.48955,236982.7294,52160.88785,184821.8416,0.494975819,2.370976092,0.7694412308,82.50133361,84.87408577,82.95467973,85.0727774
4930,65742.48464,55377.2011,10365.28353,46268.88264,51355.16988,-5086.287235,143038.992,54088.85737,88950.1346,0.6465519768,2.323309782,0.6653440841,46.54605294,45.3615309,46.95344203,45.86359025
4931,896409.9452,52293.87489,844116.0703,759590.8944,51033.92325,708556.9712,249059.2692,49866.10198,199193.1672,1.351113244,2.768199929,0.8638923613,30.59761546,50.13023734,31.72492241,50.87500982
4932,262000.3592,61376.88976,200623.4695,123741.7878,48248.17359,75493.6142,235074.4691,52798.65473,182275.8144,1.227639912,5.57381826,0.6582872469,44.78734598,80.2060555,46.00880639,80.08303431
4933,738067.6502,51029.69885,687037.9514,746063.8227,62726.35573,683337.4669,277530.4366,52633.89583,224896.5407,0.7295426894,1.817586366,0.9789701625,13.12707764,11.50749442,13.6594982,12.00625376
4934,179107.3023,57025.08811,122082.2142,138224.7231,54264.63779,83960.08527,219043.087,35841.26671,183201.8203,0.6184316091,1.417008215,0.7042781461,11.76626721,95.58504812,12.33543212,95.82693439
4935,877894.5047,63594.44165,814300.0631,697006.549,47458.56133,649547.9877,257323.5809,58232.86661,199090.7143,0.2485892734,1.725524714,0.9175475432,89.12448215,62.10422292,89.14615636,62.35186552
4936,943001.3965,47954.47961,895046.9169,791554.7211,54033.93131,737520.7898,335377.4959,52040.1397,283337.3562,1.656232004,4.991075724,0.6550098432,36.78610555,90.65028028,38.10552974,91.65139179
4937,227837.5387,57634.56861,170202.9701,234275.2038,54008.03614,180267.1677,170742.051,43841.90945,126900.1415,0.6776525839,2.378162514,0.808078392,54.9283235,33.01886289,55.30609736,33.58144616
4938,801158.0652,60491.0358,740667.0294,950241.0685,61723.74339,888517.3251,254421.5906,57713.56302,196708.0276,1.840327636,4.28446544,0.7946244642,36.82874021,86.19156737,38.48602202,86.99170663
4939,741334.286,56443.9048,684890.3812,593170.1226,49863.27095,543306.8516,293536.8978,53283.40251,240253.4953,1.657737959,2.39971121,0.8257436778,75.96590291,90.7316498,77.35943327,91.62951855
4940,47830.13878,59681.16727,-11851.02849,65059.38592,50484.6322,14574.75372,59819.14942,49214.53278,10604.61664,1.283761752,3.84816159,0.7914607148,17.59775194,42.08633732,18.39599047,43.09175241
4941,252692.4837,53710.49465,198981.989,111291.6283,52936.72457,58354.90371,194383.9947,46927.28849,147456.7062,0.7837111832,2.800993424,0.5296322388,45.31877339,81.51950022,45.85973841,82.08656289
4942,62369.96968,59058.52289,3311.446788,61964.14454,55740.90369,6223.240857,85098.04429,37362.58831,47735.45598,1.110422134,3.731166632,0.8270076137,34.46579262,60.83267653,35.50404395,61.22646772
4943,832903.0017,59405.29644,773497.7053,753876.1191,50572.44783,703303.6712,351370.4178,44820.84155,306549.5763,1.549025155,4.013767881,0.9089745559,35.7284151,70.88800714,36.8104042,71.99650996
4944,623335.1167,56145.43973,567189.677,832464.1798,53365.45811,779098.7217,197943.0069,55247.49421,142695.5127,0.4583202179,3.222149904,0.6880541774,81.2161167,6.674410234,81.08600557,7.113874131
4945,896892.0685,59614.79115,837277.2774,730028.3259,55392.21673,674636.1091,285676.9267,31038.49782,254638.4289,3.215095404,2.922236963,0.691196452,4.76749737,90.10768046,7.595156033,91.63777357
4946,48936.02762,44583.73831,4352.289304,33036.08921,43307.30115,-10271.21194,107992.0862,38035.55192,69956.53424,2.586242682,1.928547115,0.7376478565,49.85921838,92.05754717,49.83005987,94.64362547
4947,928049.621,57669.20405,870380.4169,734670.7631,52750.55359,681920.2095,286963.4259,50970.79949,235992.6264,1.150162576,3.291321178,0.5318854861,66.15696215,97.84435729,66.95541775,98.6722115
4948,665817.7406,67178.92808,598638.8125,802647.9712,60148.76545,742499.2057,267562.384,42692.79519,224869.5888,1.48265261,3.08485881,0.8060198784,97.29613655,56.94691638,98.7673034,57.13110885
4949,870131.842,59855.23424,810276.6078,460551.1724,29145.61835,431405.554,285131.7665,44769.21902,240362.5474,1.520186607,2.012014797,0.6719638562,22.00021661,98.81224422,23.49899301,98.5580069
4950,211695.8077,59241.6685,152454.1392,163670.7985,62021.96205,101648.8364,228534.9919,53775.67825,174759.3137,1.362621497,4.587251969,0.6983201162,88.71955156,80.9899923,89.85629603,80.23862731
4951,847726.4464,55386.95734,792339.4891,759359.3181,49906.23142,709453.0867,314586.7674,51215.60498,263371.1624,0.5945174716,3.625179749,0.6931066145,36.96815779,11.20172002,37.51364445,11.43814193
4952,734151.8897,48731.86586,685420.0239,522210.646,50515.10087,471695.5451,223100.5414,44839.13329,178261.4081,1.635475384,1.462972164,0.6934059886,45.2030723,63.56391074,46.10735651,64.92664688
4953,46062.1021,58383.71616,-12321.61406,36792.94873,34851.86736,1941.081368,46728.42062,57115.5179,-10387.09728,1.887092221,3.388990492,0.614156709,39.26397739,96.92815263,40.81575495,98.00197918
4954,994602.557,45311.53232,949291.0247,706608.3004,49214.54093,657393.7595,221752.1189,53360.36532,168391.7536,0.7363652365,1.735725814,0.8817740503,70.51016985,88.28183592,71.02981662,88.80356477
4955,191084.279,60130.58794,130953.6911,175349.7129,50469.44214,124880.2708,259599.4683,52584.27121,207015.197,1.348060178,2.945007667,0.8568776359,61.69012831,37.02592261,62.26880471,38.24346106
4956,688595.1771,45934.79122,642660.3859,765071.8146,54520.4851,710551.3295,304452.6638,48924.41844,255528.2453,0.2803973335,2.600080176,0.9556851088,13.47072317,23.63168513,13.55506781,23.89909613
4957,52485.72448,44981.39044,7504.334036,38209.61863,51175.60645,-12965.98782,153405.7762,60088.41381,93317.36234,1.199193992,4.192045279,1,5.348866353,0.8879141108,5.821834402,1.989897529
4958,197072.4038,61151.85147,135920.5523,129555.1296,43738.47494,85816.65464,216669.9694,52808.45887,163861.5106,1.026839721,3.845675086,0.653304381,54.90004303,42.23599354,55.13496555,43.23559907
4959,298432.5365,53469.29323,244963.2432,201876.6255,63574.55177,138302.0737,174617.2101,43339.84544,131277.3646,0.8094832858,4.257894889,0.597076422,90.65976715,16.40975023,91.41069178,16.71203385
4960,832589.9055,52619.73806,779970.1674,688816.4786,53152.57962,635663.899,369547.4963,49281.89375,320265.6025,1.298975627,1.414587021,0.6420310353,20.89082451,13.26963423,21.64008823,14.33073817
4961,886913.1081,51485.15039,835427.9577,768577.6278,49413.70633,719163.9215,349836.4918,51495.0457,298341.4461,1.403931017,2.534792971,0.7121205417,86.100589,86.82447311,87.46238066,87.16586114
4962,63979.71248,59215.07723,4764.635249,41896.96325,36719.87555,5177.087698,138339.4699,33393.25688,104946.2131,1.304758013,2.391932884,0.7888771985,4.83501964,87.25233068,6.109294207,87.53271934
4963,219014.4314,48725.92421,170288.5072,159616.2877,51038.68799,108577.5997,252085.1237,40977.34307,211107.7806,3.806401226,2.166631693,0.9091249327,43.93276156,68.50023205,46.97156851,70.79246734
4964,801652.1254,53361.49414,748290.6312,634790.8624,48894.64778,585896.2146,278888.2775,62618.65997,216269.6175,1.89959186,3.110486599,0.6563981062,2.164810366,22.11273124,3.382886223,23.57038018
4965,54019.11849,62464.55159,-8445.433104,61813.81686,59969.87244,1843.944424,104858.5181,39896.07732,64962.44082,1.403413216,3.231779874,0.9040009382,58.16832481,65.61090677,58.86956618,66.82656675
4966,52091.91103,56803.24166,-4711.33063,54838.46394,48854.08682,5984.37712,226316.5107,54731.98821,171584.5225,0.8104909527,1.741998886,0.6728756227,95.3368175,62.39278581,95.74076405,61.69013172
4967,44119.52218,52767.41668,-8647.894502,43837.82483,47232.21728,-3394.392454,73055.57493,42642.29022,30413.28471,1.940414121,3.287126714,0.9553172969,3.413582011,69.86300662,5.353280119,69.81029786
4968,1172437.139,49411.86455,1123025.275,631655.8123,64482.06865,567173.7437,278724.1028,55951.37229,222772.7305,1.209138251,4.837637445,0.7292731142,85.36620178,38.99885279,86.01918721,40.01650958
4969,43545.66785,60531.57494,-16985.90709,54116.88959,46880.82144,7236.068149,135494.4016,55777.36919,79717.03246,1.085880943,3.194309058,0.9107126821,98.15243183,83.12888445,98.67701668,84.07964633
4970,203228.7769,66996.84894,136231.928,145977.9661,54308.52666,91669.43943,198154.8739,53862.68632,144292.1875,0.9027669099,2.997795378,0.808161269,84.71213455,56.69670866,84.95524849,57.56612438
4971,795530.9931,63958.4983,731572.4948,764766.9497,54755.71295,710011.2367,309793.0185,45711.84943,264081.1691,0.5237770221,3.393476198,0.8459547031,67.00257767,4.450630664,67.20994043,3.969649319
4972,1017810.577,60679.06959,957131.5073,827404.4888,44333.81749,783070.6713,294082.737,51385.77962,242696.9574,1.715137883,2.406679232,0.6291715283,9.668192412,93.87900053,11.15298923,94.73753204
4973,277160.0625,53239.33178,223920.7307,128974.7869,39197.42468,89777.36224,274745.014,59818.68274,214926.3313,1.465788857,1.680060712,0.8871242792,24.11719697,14.10834956,22.85271269,14.8497108
4974,59226.21472,62684.87145,-3458.656732,54302.30664,61935.40714,-7633.100494,233452.4029,48354.90496,185097.498,0.1981366029,1.043563269,0.8849348222,78.98496425,34.11115527,79.1714647,34.1780559
4975,224151.5978,58689.75012,165461.8477,207368.8942,54692.79959,152676.0946,250244.0911,69696.56505,180547.526,0.2351914536,3.595594061,0.7307572639,74.77466467,1.414666543,74.88259973,1.623628362
4976,52333.6325,46987.28117,5346.351335,38918.66581,41254.77997,-2336.114165,142196.3315,50404.73155,91791.59995,1.170356737,0.9671194525,0.7171617421,41.58058759,24.13931763,42.75036682,24.17607956
4977,49120.51555,57640.59265,-8520.077101,53714.28694,57034.30911,-3320.022165,65384.11346,43160.8613,22223.25216,0.3133010689,4.565727014,0.7712120459,33.53152606,23.56006977,33.8253677,23.668765
4978,35232.40397,45429.90543,-10197.50146,45872.48073,54705.17475,-8832.694018,34237.2327,45992.26068,-11755.02798,1.464677358,1.362596439,0.7092683579,73.66284028,46.50200365,73.9168329,47.94449022
4979,44947.64884,60737.33964,-15789.6908,43902.31301,54913.87596,-11011.56295,201086.482,60831.56451,140254.9175,0.2583412463,1.289857018,0.756278027,10.09206475,82.64591586,10.30048072,82.49326271
4980,52137.99547,67090.74136,-14952.74589,51272.11479,57401.50262,-6129.387827,101108.8014,41999.00886,59109.79255,1.73020392,3.428961035,0.8179051879,19.06252157,78.50279444,19.42394082,80.19482923
4981,228356.055,59901.7302,168454.3248,89968.57738,44394.63216,45573.94523,229623.9002,49713.35608,179910.5441,1.387538194,3.993057225,0.8183688287,80.20688958,55.03852216,81.34471076,55.83264129
4982,817126.8266,54255.41034,762871.4163,576647.1686,42870.42198,533776.7466,299268.947,44563.41123,254705.5358,1.716864367,2.623942971,0.7224535954,18.15852594,96.09845555,17.89489669,97.79495868
4983,133407.3359,48563.16361,84844.1723,106847.3617,47531.59035,59315.77132,261008.9315,53834.76311,207174.1684,1.094719663,2.008154529,1,38.85505526,68.60559908,39.8315278,69.10048545
4984,64520.18119,58546.60777,5973.573412,52484.83147,44994.93235,7489.899117,115263.894,60007.12878,55256.76525,0.03459570642,1.947925048,0.5476601182,65.42081921,26.93584796,65.45230816,26.95017656
4985,803141.0167,50305.04165,752835.9751,794665.0836,53078.36482,741586.7187,273275.9794,41324.4434,231951.536,0.8843890111,1.937652428,0.8438374509,59.72710366,88.53795126,60.60855118,88.46588047
4986,54018.19396,55150.43403,-1132.240073,57025.80634,49452.78248,7573.023862,182211.6908,41737.67803,140474.0128,0.7205942159,2.655597381,0.9544018378,95.32871582,80.47221266,95.5357572,81.16242269
4987,908748.0256,45411.8305,863336.1951,842166.3324,50901.99122,791264.3412,308571.2346,46912.06121,261659.1734,0.3324563949,2.198890462,0.8527499256,17.18154669,9.982175522,17.40409555,10.22915581
4988,46977.27476,60757.17033,-13779.89557,40703.25583,49533.11707,-8829.86124,124891.5975,49126.97704,75764.62048,0.8796499902,5.648269912,0.848080635,39.32964096,15.70452487,39.77785747,16.46141724
4989,861357.4523,61105.18399,800252.2684,721517.7785,53327.75039,668190.0281,294965.4176,54056.28186,240909.1358,1.630711247,5.584917865,0.8480306881,45.20735232,54.40845172,45.36736588,56.03129331
4990,51135.31439,59240.54648,-8105.232083,56657.45136,48421.41814,8236.033217,171394.2176,48653.9987,122740.2189,1.983778966,1.054874654,0.9777691817,2.024417879,65.96562283,3.131973777,67.61143537
4991,58303.10958,47387.55294,10915.55665,60952.05115,58301.09466,2650.956492,131862.0694,47738.83809,84123.23131,0.3756190333,4.718831327,0.7769628153,60.97385765,53.08138913,61.33412408,53.18768006
4992,195246.2741,64186.85363,131059.4205,210971.9176,57532.54447,153439.3731,237397.6367,56126.9961,181270.6406,1.363622435,3.551630206,0.8072089864,17.66381062,44.03900961,18.82643851,44.75158419
4993,190872.5169,46133.02366,144739.4932,181051.8576,46889.41806,134162.4395,205131.8815,63434.26878,141697.6127,0.7585017126,2.278004984,0.9371241701,6.91030605,17.78430175,7.233337949,18.47057811
4994,120553.5031,51223.16383,69330.33929,166535.372,59329.40599,107205.966,245276.6668,55636.17335,189640.4934,0.4532361217,1.696288116,1,85.15204072,35.13955741,84.70595603,35.21975363
4995,909894.0962,55139.08054,854755.0156,761866.8327,65185.74311,696681.0895,215487.6799,42351.33603,173136.3439,0.8587069566,4.546863071,1,78.32547222,78.25592713,78.64681808,79.05224018
4996,914151.3838,45829.72788,868321.6559,742913.0784,52520.56335,690392.5151,252066.0524,49743.25507,202322.7973,0.2543666807,1.32733264,0.8816390264,61.06346805,96.55677305,61.21693153,96.75963105
4997,821002.4968,52278.58651,768723.9103,754489.2783,34987.16818,719502.1101,345333.0268,43986.36161,301346.6652,0.4953441288,3.060050509,0.9280792621,99.26020122,11.85540861,99.69882663,12.08556844
4998,538462.0379,63917.26005,474544.7779,502349.7974,65981.36363,436368.4338,308559.0048,44785.35951,263773.6453,0.5014094306,2.542403089,1,91.97937712,3.892088989,92.47772788,3.947387656
4999,986096.9896,49081.33614,937015.6534,804035.1854,56352.12601,747683.0594,296372.0884,52163.5336,244208.5548,0.3187456147,2.888287506,0.7018738101,49.94767289,30.76615171,50.06543078,31.06234733
5000,54636.50399,61139.15335,-6502.649361,67172.846,61719.72409,5453.121911,129229.6974,40520.7605,88708.93694,1.051370614,2.042402004,0.6691199184,61.14603093,63.62952831,61.9127676,64.3488996
