Unimodal_X,Unimodal_Y
641.9847384,543.1036029
484.2024381,326.3862966
620.5321002,568.7098881
507.8450537,496.8602831
369.3073419,320.7416815
346.7108718,313.2260964
417.8854197,462.4281267
546.931252,491.5334805
491.3902579,383.5578183
488.7114334,446.8536845
669.2332974,458.6635493
533.8260149,431.1421687
670.2135339,615.1670356
718.0263748,584.9022661
465.3438055,304.698673
405.1730913,308.867231
429.0468217,441.0294454
365.4312597,335.1840801
551.4617552,491.1397318
511.9603227,352.1397193
601.6758138,566.9706725
565.3267687,478.1774793
528.5823373,536.6884054
426.6999417,488.4096713
458.8833198,408.1467141
474.3273794,358.2381491
439.1025821,415.1837819
519.7054732,485.1599511
409.0587191,356.3258319
535.682211,452.5845643
414.2891598,222.7871153
477.7016964,365.6575166
511.9222708,521.8962267
361.466565,626.3689442
498.7273766,348.9599919
661.9248453,448.6037748
359.0489961,338.054248
442.8945462,493.8318322
514.4772613,462.9956237
433.452274,368.1648232
408.0117017,339.8259024
423.9222054,343.9994757
581.9310174,530.6054069
530.4749534,529.9415703
529.5579067,438.6931176
547.3191754,640.7049375
532.7756532,425.8847328
532.502861,539.4951152
497.9662177,611.2030226
416.2437703,332.4951922
382.9928308,246.2008394
477.5384044,504.4317526
553.0134851,560.6899152
401.8548675,386.3759426
481.3623372,556.6979432
513.2375995,578.9449919
329.7319289,279.1981096
481.0430486,349.5737752
540.3218397,462.9109229
573.377728,494.2350013
551.6222824,431.309461
602.5343015,524.5857953
499.3875412,357.3726498
525.096381,469.3505305
663.9418079,510.6958744
504.738148,491.8400032
535.3862572,476.5420064
376.4727308,475.0071239
396.3649907,308.4706224
451.1554406,400.1576123
539.7409059,644.6599477
560.0214401,439.2713303
575.2701403,673.4247719
490.9907076,588.0671775
619.0667429,496.4816555
621.9934597,493.0735138
472.4121274,362.7253697
639.4260503,385.3207099
414.4101072,256.2332571
424.722541,411.056012
552.7991397,605.0823124
525.6242343,286.2692976
300.7999352,302.6147607
418.2560713,287.6377281
415.8131512,367.7344824
301.6887132,385.4418182
593.8202267,441.825
531.1863722,455.8545967
519.9225223,462.8853652
419.5798254,410.9623864
497.10026,387.6223289
563.5380873,471.5421794
581.522394,453.8453811
670.7513058,648.1256854
567.7701694,340.9644162
472.3828216,464.3611081
559.0050024,427.04658
453.6610736,277.3905283
460.2259559,510.7926127
429.716647,360.603538
517.5142343,436.230985
434.98043,374.1469304
582.6042576,464.5506226
546.4032336,455.2827784
596.2039736,527.5845453
286.0219199,348.9577548
504.7152895,607.2348846
451.4211173,418.0710344
589.1615858,418.1115993
498.18675,489.2459375
667.9915711,504.9041369
524.2322299,453.3690523
354.6604492,379.1939196
492.6840909,391.2830798
376.5836841,440.0152377
404.8839957,398.9728651
522.9996545,473.7986462
502.549027,343.3232581
548.6045943,655.2668061
406.8661795,484.825651
492.7246653,477.6821776
625.618649,514.3560936
454.6219982,395.6104719
498.0808684,588.8333407
396.0657795,442.526372
506.0293105,508.4748447
275.2582277,326.5867658
476.6351408,445.2670434
599.1733877,606.1228231
584.9597417,433.0338474
566.7120142,465.9171019
536.3016964,498.3527657
486.2156504,446.2381708
749.5286894,723.9352517
631.1870375,574.1238324
574.2761156,353.5383776
524.6146028,499.1946483
549.6050144,519.1099286
501.6752661,444.7072417
421.1124117,380.1306658
449.0622459,460.2153902
528.4931745,558.0628445
505.5466018,484.6223325
680.0423093,602.1912898
631.6433152,687.388672
529.9928989,383.5339287
667.3087166,592.5781349
617.3141387,476.5236703
526.6007642,493.5956404
461.1061003,489.6115228
390.4201491,225.8198412
456.0871275,433.2122551
517.466446,539.8406891
496.5665072,421.0154766
486.3365973,462.3398243
400.3319742,349.1716217
572.6626874,479.3429246
514.1312539,455.398985
431.2119695,423.3114493
456.0679646,445.4196283
459.6993564,416.1459142
441.8917621,527.2398741
474.5688541,410.2576541
481.4849387,501.416602
623.1617697,543.3767315
518.1053581,409.9723858
489.5215583,454.0260369
410.0677304,529.3494766
532.0751914,329.1208109
651.0951121,599.4276544
585.0807381,551.0949655
567.611474,438.8731267
476.3112412,404.3799415
397.9762151,397.3541058
612.4447039,509.6147861
603.2786447,286.4093247
523.8743042,521.424196
484.6175517,550.4350398
642.5974192,524.2595202
537.6200225,459.4518344
378.4848519,464.045277
518.7886635,389.6146268
530.1399005,418.1922987
436.9493515,383.1530108
395.5860682,358.7427202
474.4078815,434.3024919
519.9623661,483.3119639
549.8931838,550.3943965
367.4283026,372.8224704
490.5565618,346.8533023
329.9367162,345.2510424
620.157479,573.4734155
489.6976285,465.2460923
333.1638663,423.2687917
472.6071757,456.73033
525.4669207,631.4393318
465.8805185,353.6258289
470.0727631,388.2005802
563.5575583,694.9463194
550.5621071,568.9831494
380.3237966,291.4335852
456.1835795,345.3494443
691.6424058,640.4247217
488.4600143,500.3735578
651.576583,583.0988347
424.8950441,392.8598614
553.8083369,412.8877685
613.074282,499.9356629
384.3085519,445.3206866
579.0396569,595.8867874
524.2189218,413.7898398
337.0965378,223.5398678
605.1961865,555.8721098
520.9412148,540.1616528
627.4340951,433.3223537
462.6812354,437.1804802
550.6655511,417.9617538
434.4394669,445.0181966
413.0080075,308.6556705
462.8781441,483.6291028
476.1059318,498.2318967
433.6037504,335.1865693
584.7777983,410.6509875
479.8524894,387.2980033
401.0252984,467.6044727
560.2459073,384.5255705
477.4659669,453.6024442
440.3446023,405.262161
406.4177706,306.4943942
297.0920462,338.0945916
628.7601308,598.4947525
421.6115816,421.154463
525.0245391,542.3438469
387.5494216,442.514679
535.3203153,592.5218999
557.9242652,498.7298239
549.6707954,534.7422714
539.7933099,472.6961527
547.4365244,469.6827612
481.0772714,460.459705
519.4510607,477.3166896
528.4928517,460.3294962
468.1720999,413.2415016
460.9582173,257.5120182
524.9829272,600.4825121
507.0482605,553.9422256
690.9712261,566.5507371
474.5734145,481.8293276
519.4939309,587.7454661
417.7688585,516.4673211
548.2611529,533.4589866
562.3656848,503.8493893
494.916712,587.1207374
456.2152521,486.4815347
557.3690881,290.4161008
306.9686442,337.7500963
630.9193477,449.9867336
410.2145298,492.899657
421.9740755,391.8001765
450.2037066,309.1590465
489.5414218,460.411009
559.8666263,547.4194984
572.2503989,534.018398
606.133851,491.5901259
522.14345,481.5583389
477.1459686,541.3550967
544.8773874,455.4921629
543.1840528,375.4389352
763.2751612,522.6918294
657.3408501,608.5414809
624.3620682,424.7448944
555.4526893,524.2642014
496.5066071,378.9015978
715.6934963,659.9899012
502.6950558,417.4167262
520.8343232,479.2774457
340.4147477,219.4948501
418.910396,463.2424746
663.7102487,563.774023
590.9526799,478.3427698
543.183238,439.5640877
425.4065241,422.2739039
372.1020343,254.6788246
380.0529164,512.0847351
389.2556945,301.5445644
537.5382525,525.1759505
705.1744076,681.7616316
449.0611145,319.2643602
566.3347754,549.641186
546.8265552,365.1226046
566.1203081,505.3964705
451.8259373,399.9276539
448.7781586,310.7672955
411.9005105,440.2422146
674.7001229,454.36374
552.5058699,511.0283661
479.8154218,403.2566071
400.7719816,384.9211303
461.3944739,521.4178443
578.3044886,512.037211
735.677615,697.729614
334.6685,324.985404
463.7957017,456.9067248
431.7258984,486.0948347
464.1373416,371.8486025
545.7964583,514.5333292
541.3110886,360.1582158
647.2028371,599.9096555
384.6566538,281.479686
455.3914425,469.4277274
490.8725121,458.5528605
515.1246934,447.3286883
748.6486222,483.1261498
520.0779396,531.2673781
463.7588674,276.3622423
636.1975446,440.3438727
690.7266566,485.6473839
561.7457119,506.1465577
343.1305556,473.5828612
457.5718767,258.1530316
685.5058306,781.6021069
476.2145021,504.9802086
400.0592568,393.2480388
239.5068328,292.6695542
504.8378501,464.0843247
655.695464,661.4235845
503.3294031,522.4198057
583.7286892,418.8623363
514.2377029,475.0309638
442.6871425,428.0747443
419.3624368,392.145556
601.4809101,621.9879418
534.136062,472.5342077
399.7236475,381.5789596
483.7926958,478.3587512
560.4167351,620.8199432
487.1815958,472.4532877
547.3598086,453.2200188
603.6037132,559.0002097
569.4327093,513.1127758
394.5680193,426.9504745
516.511113,248.4690347
450.2652475,500.5182341
380.3699397,383.3867251
492.6175669,453.504785
437.2358955,462.8604029
634.8980441,672.6011692
404.8071555,309.2416992
422.3577607,423.3318831
405.1333502,312.1104084
563.3386633,658.9768876
566.4739716,569.7117989
669.2631348,460.9372804
453.5878422,465.8999314
618.5573617,623.8241521
527.5063131,370.9468082
345.8513364,313.0411253
396.7992353,296.5904077
373.1260326,461.4645937
475.7814108,405.1506841
424.7652743,337.6816978
539.2152788,508.1548394
306.3183817,178.9609408
471.6213405,358.6104547
385.7133834,480.7857554
588.5782087,589.8391548
583.2830373,503.0506963
683.1408978,564.38351
551.4460565,499.292736
495.5800166,416.3274876
369.5702889,400.5937669
568.0112813,543.5806434
492.1129327,481.4180331
493.8131065,396.4819053
524.0441367,450.5064627
524.8794448,494.3948885
624.2165334,593.9196446
465.8312752,475.5764649
556.5647449,499.4470393
413.1510117,370.3659966
584.3888487,486.3435485
530.3857925,539.8291162
454.3561127,406.4736851
542.6916684,348.4310717
519.0977097,578.8695652
723.5198583,565.0848228
302.1788417,188.8444767
452.9517573,425.2085241
456.5054145,312.4543511
387.734072,406.1371126
613.929922,504.9752001
575.8888032,591.8424326
347.4298453,269.7726826
422.2241927,392.0514979
357.7125067,411.4642886
536.9424747,442.2736939
644.6349885,573.967419
501.6019889,600.2280368
560.8584729,375.5006541
403.2686508,364.5912948
454.5770684,404.1841795
460.0865525,451.826346
429.7265823,450.664647
543.8835135,535.6566496
428.1213909,271.427264
500.6248375,403.7282543
577.4264958,350.1676987
627.5042456,711.8974732
572.6223557,681.1422881
477.771948,531.8914275
534.6662191,298.3373015
423.8729046,325.9463232
508.6427267,497.9713086
647.2139213,398.1406368
544.9539879,558.8653579
594.7846785,690.1216587
465.2447281,640.3662264
458.5886148,473.8426209
549.383676,400.6647992
484.713994,387.4049505
447.6801102,383.2186613
541.0665472,520.5011382
395.2915295,332.7351477
679.5004634,578.5978291
437.8286429,428.2531382
602.2635427,458.0574539
466.3834553,431.4735088
599.8913709,552.8380997
490.6531838,433.0119809
614.8082066,489.4328508
446.4899015,507.7614169
451.6507485,501.3381787
560.4241557,319.7960982
415.0565912,425.9174162
385.272709,248.1439986
460.1390835,305.176004
398.1686529,386.9838441
457.0314077,412.1819796
353.9436638,351.8299579
282.3930621,342.840047
472.7355738,525.3530434
625.4861841,441.6251367
490.5596415,598.5844767
343.1709006,405.9310994
431.269106,330.9867379
483.4961632,401.5170682
499.5262671,475.2861535
715.5405926,646.0261028
492.28436,405.6740093
407.3454377,323.0678307
403.9215888,286.3447865
389.0073129,274.0664426
454.0474314,370.7896637
520.1460897,408.4102181
403.4905494,477.3700788
433.7258738,349.3402178
637.0931642,567.1661221
510.3001315,461.2723801
603.6283592,600.0491934
554.9350251,594.2741193
587.0854835,423.5873501
512.9576814,402.2330436
453.4245645,239.8247966
424.8254401,288.3849114
529.7376227,427.8589609
583.9165875,450.722999
467.9710929,409.0466178
463.4496218,470.82886
557.7150517,652.1675853
484.8431857,474.3540164
521.6292816,405.3932892
349.2119778,322.1924785
514.9593794,464.5969254
433.4270864,362.9114348
456.8426042,322.7947403
575.2119288,579.4047916
350.3986949,430.6838137
411.8154639,356.0084061
589.3236491,531.4548489
513.6238665,390.9392182
620.2276133,555.0515896
564.5097139,565.6162563
558.043809,543.7027562
529.7857628,479.8686439
622.3106021,539.9816927
482.6802601,480.7490838
561.9020471,620.9299716
442.5958048,223.5671035
433.7408308,561.2004321
490.095186,329.6375512
505.6105642,339.8311352
465.0361321,436.6841623
421.4835729,414.3864369
466.6153671,343.2272652
588.3953392,465.060281
597.2799935,641.0685147
499.968272,391.1643499
502.2197335,567.1049436
394.6331149,470.7632685
615.4989747,581.9674695
602.9225656,442.6765704
522.4428704,483.8607535
592.1041529,496.502544
551.9936926,496.2855838
495.5508386,515.6004251
571.2078298,433.1601655
460.1807332,472.5120035
574.9356334,512.418965
480.980589,488.1026708
545.5621003,523.8626423
319.3546772,259.328986
455.819407,472.5333283
535.0767654,408.3682393
372.2443035,439.1738687
500.8850739,486.2804375
591.8111178,605.3403769
454.4211873,385.7185588
350.8670312,449.9314064
611.0993305,492.3190356
574.946658,462.3977614
555.8685396,639.3399531
354.9131576,385.5443836
549.2599324,441.5934804
561.5780466,381.9831176
452.7552892,527.2902889
545.149343,464.3204579
580.7831311,421.7618074
507.4076706,545.0365534
299.8449108,171.1529948
479.9930973,332.6336111
500.0356584,441.7221212
344.5929448,360.9573465
357.2099974,395.3947926
412.1938506,417.1085547
552.0158933,563.0651227
339.9295513,263.6858851
528.4395915,473.6276211
523.4028796,585.3380651
470.812813,411.4532416
462.6697194,419.7556008
426.6971498,462.6311206
416.7099724,523.4058621
655.0323344,602.0647309
436.7533569,384.6254499
470.3597681,313.631411
654.4041549,576.4632616
547.5608057,435.7265826
758.5325765,607.9865445
513.7360847,496.2763525
451.9702486,416.5018781
472.0593031,529.3099081
588.5526753,581.6046269
544.5578123,489.1390311
465.5748105,416.7526551
442.8506582,297.9778593
570.5597123,537.4782349
380.7165772,300.3497023
560.2626223,550.3754166
494.6310649,453.6412922
352.0955043,344.5451307
544.9322685,594.8077724
558.9620625,391.8232091
547.2123763,401.4874912
533.6949875,432.0077529
506.8546961,558.1777573
437.1929063,270.5275143
537.3409212,492.0683835
447.8657092,582.2066004
526.3719815,513.6155222
394.2619196,334.5774402
370.7865341,365.4074113
479.7828685,459.7157689
464.8746705,458.0394127
498.3823504,447.9958384
669.1710074,492.5355292
547.0637179,432.3495584
486.0286733,367.0601219
510.1119632,453.2899484
568.4207078,442.7119551
643.5915151,504.1690804
574.0368635,441.5768377
517.4074506,486.2176588
691.2811234,710.0062595
522.4869075,363.5147549
621.9756216,468.9754364
485.3783057,389.277633
752.8121512,857.5298793
508.4146043,422.5110695
221.5715949,190.2203843
500.5707355,503.8160043
348.6094954,274.9086249
465.9259591,539.107748
539.4595852,313.5248259
446.9416468,405.7669823
612.9333962,639.7172832
487.2051196,449.7254755
523.4349379,358.6919515
472.8605772,388.0242928
468.4957885,398.4148135
588.7419243,441.1340585
556.1868966,462.825842
387.4367233,201.4745194
568.9753025,670.7004989
610.7100203,495.6505345
510.004731,440.7588
377.2383624,304.6328819
431.8287052,472.4419197
369.158376,528.5444399
519.2380795,424.3462145
572.6111597,529.0881268
393.4411842,451.1489554
392.0936509,282.7425131
449.3938746,342.6439385
487.0020184,471.8368397
594.9526282,528.9843298
430.6463145,394.2465785
491.4465223,561.8999607
442.8323139,570.2125331
488.3747808,425.1886854
445.101409,392.587714
585.8479519,501.5430324
499.6720922,438.3269975
516.5137428,538.4077074
554.0045652,496.6286999
541.9358804,558.6998163
562.5206987,488.3565426
573.6557711,534.0463939
473.6266881,492.4284835
334.0964443,224.5438571
323.1510692,552.5712081
513.295759,449.4989004
557.7879344,510.6061742
407.9924628,276.7610626
434.6454324,369.5808052
584.8401469,496.9648511
426.7312618,564.910743
488.7208306,465.106284
487.4061122,425.0698266
514.9835184,393.2738092
455.9399571,402.0867199
570.9479606,584.3641145
579.0969227,449.086187
490.2703533,379.1229433
597.3903826,507.2816317
638.7227843,696.9586799
524.8132051,377.8774935
441.3494788,382.6654339
499.6287894,475.5348333
329.696705,324.1742847
519.907434,474.4052518
401.0696774,306.0599435
614.1043922,365.7602576
388.8597394,362.1052294
455.874519,416.7745784
530.9985789,379.6387106
496.0507726,638.3840081
468.9736972,410.6644177
471.1046595,505.2441264
398.0734544,411.6741761
555.9548998,413.5780482
444.729176,417.4136923
503.2607658,470.9263505
548.7316325,675.4880572
426.6252351,388.7041684
569.5788109,423.3717338
495.5298414,377.5592809
676.8599671,527.4055523
485.8858097,302.5709031
592.5788428,428.8828111
470.9811024,309.0920855
564.0721174,481.2388949
307.3186465,306.8926744
530.7237532,408.867494
379.3656428,498.3835265
562.1574471,448.5932684
571.1101261,368.6918233
582.5373963,490.3138984
531.9000535,439.2218477
446.9368202,461.6493942
514.2430647,385.488542
442.5995073,417.2584362
373.8563757,344.7391704
448.5497419,503.050967
528.4235616,467.8326126
299.8754049,306.6298886
523.5828737,441.1454479
546.3719688,609.3134283
423.9398242,364.5524048
449.0618201,362.3820583
498.9981922,513.4324589
427.2632945,273.2032876
471.5471781,392.4339643
602.6454899,627.873881
432.5933178,265.2851717
401.7795852,377.3759375
607.9462275,628.9262751
594.1313516,568.9417326
520.8261209,471.7220119
648.3062085,535.8581468
538.1312783,539.7871891
470.6960815,505.9142423
605.4568997,527.6775429
397.3205535,373.2227187
599.4719505,465.0360119
339.7872305,316.5418409
561.5350942,530.4387608
444.9351424,349.1044303
404.7528922,278.7402526
498.9442946,402.2975789
474.318974,309.111356
417.5670474,312.6773136
526.9108745,457.8618043
554.5331917,458.9391303
483.6470369,486.0232045
418.8740816,350.8708027
477.8122713,379.3256721
502.5047161,498.3826548
532.392445,504.0316838
579.6413021,482.6855206
526.9769155,493.1537355
500.7337026,450.223997
428.3295429,325.6430449
516.1232007,319.1943618
559.5596086,526.6944447
505.6279898,386.1592821
407.0722043,454.1754303
444.6128829,432.9708607
425.6447166,479.5244143
437.402608,480.374691
532.0670575,418.5334189
496.9510365,417.5066709
637.0916579,586.8771174
526.4188474,480.7594896
460.4282576,386.6713992
413.4920878,399.8452515
400.4818118,229.2028943
327.6409012,341.8405924
413.6701868,357.0016676
528.1577264,400.2973146
616.5009273,575.6045936
466.1588263,409.2163101
549.8050853,387.107635
509.7119498,415.5254243
494.5108147,366.7136888
507.7475233,429.4616763
390.0896134,324.5686138
578.8131643,418.3811517
499.3310626,530.1921756
655.8180986,545.884914
379.3331517,219.8094483
535.2989488,436.6596241
480.1490002,622.3881433
391.7179956,309.7353295
536.4654167,507.4034641
664.8125238,751.9008939
533.2082937,417.7111468
430.1217283,439.6026697
442.5441247,318.51421
354.9004963,335.0073766
672.5421068,659.4663047
492.6594137,545.0112937
690.932318,579.2093245
498.6753194,501.5753731
683.3032127,439.3891838
494.8058883,549.0427631
444.5574085,398.1622763
556.2593202,544.3445514
369.1324627,402.2967162
522.9589516,380.117588
527.6973215,442.2121962
471.977082,572.9518458
459.2864939,389.773449
551.614341,594.5479899
650.5821776,535.02707
652.644184,503.2748015
473.7680409,468.1880135
442.502299,488.6482669
490.1953386,513.218198
382.3030486,273.7340848
659.7985689,426.9987829
552.0383551,570.4022148
587.066829,511.283623
368.7588669,421.5287297
576.6956493,505.6114244
448.3702443,469.4414354
514.4146138,430.4895699
510.6313586,502.30386
499.2401623,471.1300029
480.1548684,411.1148865
588.7162613,576.7722012
499.4777929,590.2377071
370.3280572,349.0151615
525.8876454,472.9212394
605.1746178,530.705407
665.75577,584.5555567
570.4067669,478.3276565
467.0199697,378.5288914
659.2404051,648.25255
528.5199678,556.4711231
588.5613392,362.1163573
465.7658859,350.4563818
304.7922998,294.2352988
338.3298965,289.5505142
316.8006238,294.8397673
554.7931581,610.5404502
500.0173508,429.8795958
460.8912573,533.4635002
528.9244496,520.6078982
478.0317947,499.3506853
429.5722706,408.6860693
522.8361976,400.1773928
332.8732769,212.5572812
503.5281488,375.2782882
461.1980625,466.5204175
657.5859498,583.9875926
583.6738195,527.1723198
612.4604755,466.9985808
713.0023337,634.2879471
729.1346216,726.8049469
469.9297177,348.1887375
547.0682528,430.4695515
408.4513836,366.7073101
542.2401974,389.4505173
424.205813,359.9938928
488.4336497,565.9346683
410.6840275,285.6770095
315.20317,176.7451931
418.0343198,459.0879152
601.1270547,584.5431877
486.8122619,433.6688137
510.1343748,530.5782668
683.6188674,709.7159279
568.6662916,438.7598324
500.6645709,563.4030767
598.1242527,488.6139849
502.5970503,488.1667515
489.2902643,501.0747953
444.3411181,515.0014243
364.4991432,333.5722772
527.6029757,524.2309265
333.4030544,216.9409743
378.3482413,257.6631472
584.7137796,559.3420029
723.6221724,580.3186454
465.3398779,462.5273214
382.1400922,235.9526335
588.6637176,687.2303217
473.680481,495.9525007
505.671772,406.4085842
410.7597252,373.1737772
646.0642867,548.6647268
396.8985491,506.5713028
458.9352481,461.3681075
465.2556222,261.6097906
526.9220453,503.6341786
453.4732358,395.6075776
372.9145996,276.5113967
474.2105167,298.3715927
524.0623858,499.2636264
435.903719,463.083867
498.2669052,384.7371562
486.0581808,336.6926078
547.4901295,390.2038893
460.3399653,436.6228011
427.3020118,413.5710468
536.9680403,475.3539731
480.9922,464.8905684
542.9634758,347.1325142
409.7660979,403.9357168
534.1884488,456.734018
387.8867828,521.0711869
446.8136531,439.9741473
572.4386057,311.1520593
630.9831822,521.8077692
519.3998801,452.2835625
543.0944003,522.0849919
625.788751,673.8708802
523.7615204,510.2255294
429.6771385,300.3116288
388.4095061,455.0633585
450.0641469,324.0214748
556.2881698,546.263938
532.947697,426.5249309
579.2233759,509.676851
434.0102899,388.9273111
649.7721281,650.5949239
459.8567506,304.2928332
600.51777,560.7916249
393.8119592,387.1189864
510.9206539,492.2745094
705.9750052,710.4845649
533.3238396,506.8349701
353.7238916,405.7987829
537.2874347,646.2960313
390.0762734,332.5001802
274.1239108,220.4697552
586.97782,517.1633806
376.7784335,314.270375
537.015471,413.6818172
608.3855117,507.1273327
510.5119061,446.1019813
508.88862,407.4831835
482.3058494,488.2143334
592.604582,543.5446685
473.5511178,477.52698
590.472132,502.0007875
490.3731822,434.0804221
564.5728159,420.0142725
458.0072173,371.107088
418.9739422,434.8266855
513.5547957,519.3329362
571.4167511,532.219015
454.1518697,395.7292559
402.8410719,294.9105344
598.3452631,637.2735438
513.6745058,471.1997744
377.1014068,302.9031457
415.008147,335.9391262
572.2925156,567.0988481
284.4014868,287.6444772
439.6009103,514.374647
489.4163098,433.0822098
363.2674422,345.9619102
467.5318923,441.2175534
654.3546626,427.9670802
566.3325618,562.583992
537.5043345,601.752951
541.7793865,398.2711984
425.9652582,416.5056809
428.7363535,460.2431091
381.4037654,421.9766242
431.9540871,367.7490977
460.9977091,495.9144208
538.5820995,538.002132
464.0626752,423.9536362
665.741676,561.3228274
549.4073741,616.3358637
614.435647,618.3189536
576.931145,597.7554882
471.3781185,448.1779161
433.0771012,360.5772321
381.8726692,474.342249
455.4481768,523.5780473
507.8960161,402.9563195
503.9835156,607.6214311
480.1728056,396.9710098
422.4426534,327.4743319
505.7355002,518.6238131
384.6800398,338.5973782
440.356257,417.944772
346.3560657,364.0740859
635.1284581,596.7830768
428.0303574,374.0795843
454.2548205,476.1124654
473.6341965,457.5087718
654.3977402,660.4797792
466.7594991,509.6623175
424.9979269,485.291743
451.2023455,283.5776284
249.5042804,392.2716267
634.043231,433.2900314
633.8923928,627.5623286
601.0350337,518.1818058
548.3401114,552.2014121
640.0551693,677.1451289
594.5248734,570.7056095
499.5792926,365.3479261
392.5587037,436.0358664
519.242346,498.9416756
558.711011,499.9129236
488.9550013,314.5591604
477.130054,471.8156983
524.9823936,605.6598195
434.3396231,337.8041608
426.2513467,442.6754611
462.1864119,444.9406224
464.4310967,487.1838694
605.6012394,449.6092703
425.9882229,428.9875901
409.9118566,250.8897262
513.4919696,435.1227215
578.5728679,449.3894066
488.9216027,454.5199021
424.6260146,415.4537071
469.868713,444.6499139
508.7011923,449.5620847
557.9222383,422.4237059
503.1211489,501.7084456
484.6330063,462.345069
373.1500974,372.7410059
571.5916329,440.0304305
530.1993579,485.6056835
448.9682889,618.2000895
527.4579204,357.18567
569.8200929,540.1738153
406.709516,318.600349
438.465078,250.8451934
571.6577525,506.639379
471.647252,471.3713019
413.1103621,505.7218891
298.9332623,299.8539759
435.8763373,427.2453078
482.8301866,524.4099099
402.0398338,325.2360965
522.6499837,370.5371618
540.8372746,495.7705424
358.7229708,209.3069123
538.8619027,532.9953092
670.9464613,556.673883
484.1332915,516.2532204
378.8382064,315.0571877
517.1759216,617.8016748
569.7428087,564.8170074
543.740798,613.5113365
407.2221872,444.417396
546.9893409,496.1679178
484.3936414,447.3570253
616.4398859,473.0726454
458.458106,478.4406285
433.4366095,264.2682321
294.1961019,177.2052096
510.7920408,513.3308401
481.4417067,509.0550875
425.2777088,444.0112484
468.2598994,555.3069895
624.5688885,536.5265055
594.7998609,496.1965097
666.1026917,697.0505719
521.928577,376.6304791
400.6246041,428.7105148
382.5989133,371.6743549
498.7181246,397.9009767
509.643765,399.5289911
447.4891118,567.9183007
556.2033436,572.1543418
545.9063827,524.4281588
352.9545807,280.3905772
453.3181638,407.9648727
472.1716985,340.4416075
598.5695032,484.7093057
516.71959,433.2429847
453.2539274,551.7383209
406.3031857,476.2470864
448.7804524,480.3572166
512.6003271,378.6548136
463.2017805,375.5340354
425.0101698,341.2056552
492.887428,382.6232503
497.8605666,456.8713219
518.4907764,540.0016896
498.6979265,379.9655976
356.1255253,400.8842931
541.7744193,359.8976017
528.0768233,438.383968
539.5268505,365.2006675
383.5509124,472.0942493
375.1179507,511.7196071
545.5406045,452.2633376
478.2510724,396.1398684
512.1770184,464.1668448
371.1159687,486.843168
619.7242492,534.1764865
439.034808,435.6573346
359.0649266,399.6334639
513.2284481,321.8932409
480.2181011,462.0725864
701.9839901,733.6255873
402.573605,421.5749067
483.196404,345.2700863
532.3125679,585.7460698
518.0206349,452.8275083
532.6772466,511.8788137
516.7663352,440.4997854
475.7190605,458.6717603
334.7583483,127.8185304
385.7622399,340.6384806
528.0164837,485.8003984
469.1623574,432.8914183
496.3853758,421.3547847
465.3743855,400.6654073
571.1771536,436.9020606
466.6270642,513.0391188
590.440542,554.8207248
509.0327299,450.7057879
640.0416911,565.7213114
520.4812918,424.0488106
471.241248,417.4394619
437.4610621,477.3786642
382.5702626,367.4503243
539.6379668,573.9911902
655.1352695,598.0459398
365.5660069,437.1041054
604.4292041,513.2955077
465.3534041,339.2006183
633.4362155,536.7800073
404.9500036,333.8114912
447.6800526,392.7969234
487.2024238,543.6795768
501.4459667,574.8045977
474.3141131,545.2436481
468.6586236,304.3439117
442.4809932,399.729647
493.0696457,336.4032281
456.1796376,458.2065259
635.1120714,636.6217471
485.4701744,499.6315048
505.8540304,407.2630518
514.2724062,560.6669137
441.4730495,277.8810758
438.6260251,451.1536558
353.9106294,356.8617541
473.2809873,472.2639403
507.8608044,379.3788312
567.044712,477.6371673
481.9774133,518.5541555
481.0191952,382.1917057
491.3240847,411.7132147
570.5037395,541.6382161
495.9953469,358.28017
527.2378901,611.6691004
363.1363739,508.3760567
618.6302276,586.8298867
552.4590502,371.5019226
452.5324734,344.9490039
630.9370168,441.1593433
609.2523681,654.070971
383.9458232,421.5809249
594.6484436,584.2584036
464.0204527,385.366379
318.4282177,242.3159708
516.9950223,616.1853859
479.9923503,457.7564474
421.7526518,432.6558355
521.4444288,491.2981171
618.4676535,438.305331
404.1251465,363.2202569
470.3353612,411.2431676
557.3516586,421.4521018
354.7542154,405.2567951
377.4590129,419.3060786
526.3719044,486.381104
408.3228109,413.9029582
521.4848063,338.2540823
493.4494024,497.8398189
365.6155857,241.8601155
499.7080648,241.2209282
535.4306634,452.9802813
579.9180193,586.0240593
564.6446243,441.7681243
509.551806,518.3413687
525.9866383,472.580272
409.3375643,323.9141407
649.7230983,554.6646516
470.2166833,312.5538334
592.6432494,674.1670676
470.4210308,326.2805097
533.9417641,431.5291932
440.6587323,384.3295916
362.6933819,428.5906238
570.8827987,525.5252807
358.4272507,431.2599205
310.4711253,311.1640281
341.2100308,358.1926655
452.4779459,465.987968
489.1409984,449.3985435
437.8402761,348.8487974
449.7004289,307.7270919
469.4901242,347.4054734
528.9459776,464.8770571
511.2553192,403.06828
436.1052004,559.6521934
375.9775294,279.1952129
489.895651,382.9140874
374.2026998,243.4120623
456.8288621,314.8016021
463.0307921,360.8944026
367.2597752,468.6831499
593.2314219,573.6398371
639.5214736,569.8763651
447.2604254,439.3649728
446.7319426,434.8300828
544.2366095,421.7496495
528.1852602,578.3329675
405.8838335,503.7333389
562.7065085,486.627032
535.355177,569.9009574
532.9520043,552.0922478
596.3503276,552.6867528
549.0063951,461.5345125
587.0537075,522.6596188
505.1204909,469.0743561
524.6471184,538.5553648
671.4806131,616.8370592
448.1658204,445.1604047
602.6467457,625.0549997
590.2197967,541.5612546
421.6866005,444.4194446
576.2494286,574.334706
586.5804462,469.5845659
406.1952068,406.9053968
606.7627557,616.3010271
463.9901566,338.4506357
533.5079149,201.9767836
564.227887,517.2203071
593.1694965,509.5537723
379.6698572,346.8957175
348.2382348,360.1493734
740.4870494,758.7875675
585.491941,567.4838244
441.962713,471.0820168
440.5074783,306.9310129
549.2355138,563.0179292
416.4672523,361.8868863
443.2243898,399.8981889
689.3942381,528.3909416
279.3579855,391.6994773
438.4582742,412.8347331
411.6346501,422.323121
336.3577601,366.8244178
623.1668178,605.2960199
511.8073899,549.2165926
603.8021088,661.0091032
464.3721238,351.2795793
498.8331745,230.7227596
438.4125757,396.0977433
518.7613723,476.6735283
649.1508701,676.1434344
452.2143377,482.4234225
410.9654869,296.0483134
295.3844683,200.0573236
504.5473672,499.9543623
438.3737805,591.2011135
551.7375072,481.3631429
586.5635684,554.4321489
682.7658738,570.8660636
553.1388186,501.1210622
561.8161104,437.2082674
439.8956885,407.0310614
344.2366469,357.6056412
522.7406046,473.3753462
492.6247206,536.1858155
632.3644634,486.6646561
457.5906619,430.7370819
513.8631192,403.6860244
611.9656051,720.4458233
574.2572072,542.0804804
455.0419402,410.5964801
607.1321105,500.0721219
534.831036,595.37034
514.5340099,483.3468135
511.0134392,331.5840667
552.7967825,424.9012421
571.2567937,622.5071819
458.2820779,411.2309026
600.3306494,653.0979717
358.2607395,219.8899974
670.9845541,633.7993382
368.0215702,315.5291354
567.4424175,522.4912942
437.635511,258.6692876
590.8818098,482.6804275
456.4656661,502.1017882
379.4256061,274.2083471
321.9558979,345.1019621
517.9005725,348.7492224
505.3095735,330.3798543
698.6702215,626.8397341
724.437506,645.1818496
380.0765119,499.91157
353.4924023,300.3614518
558.033687,442.0497789
376.2200947,462.7884715
636.9647056,617.4610945
371.3411689,352.911219
656.778227,565.3680544
459.9752813,356.1120294
428.8694031,615.5425008
386.4992347,604.7434438
502.6117498,367.9480394
446.3729326,448.216447
657.507819,635.5806855
541.2752321,517.8846258
497.4731968,441.5022093
622.8564326,596.3198016
467.3455597,407.5820699
476.8938094,550.3448942
433.636188,342.9778499
553.8949588,587.8417603
328.795433,449.186717
426.2969496,406.6396079
607.690853,517.1095464
486.3314474,420.0555382
498.0207875,483.3923045
525.7736281,512.6918235
520.078961,440.2889928
548.2248204,507.596372
419.2114586,427.1616984
460.084991,446.3177898
451.6073983,407.0493215
687.7892537,544.6500081
618.6876055,508.9734413
466.5653693,386.1165754
445.6156862,415.6526728
382.8181811,280.671647
548.1768129,570.0006552
547.1658043,469.6848598
547.6596698,484.4649721
645.2149299,576.6409143
661.5245781,560.0958772
560.4433228,550.5355777
567.2873658,467.9033227
528.8819031,471.0442949
385.3796538,314.2501503
324.4767954,382.9640209
539.0882918,583.4008777
443.4932752,613.0179092
581.4828754,515.9559995
509.3654811,377.2035839
517.7151433,512.169313
457.6235463,244.290478
364.9749393,344.5495576
414.8723338,455.6477628
570.4831315,568.71363
482.8942663,416.1340197
327.0701091,398.3216764
503.0189035,470.2260997
288.5812045,310.6860911
569.3477307,563.9331163
549.9795322,586.7937356
440.5819446,389.8196141
512.3399966,460.5446828
551.6620396,586.9189927
334.6190146,374.9260616
438.8719479,272.2563655
436.2718139,602.0392658
506.8471523,418.0944995
607.9545465,514.9788398
526.7929369,516.9636311
403.0659927,385.7081217
550.2898823,558.2029431
575.4537808,490.8427673
502.2774874,535.9713244
465.2879986,399.9070207
440.9194341,498.4169364
453.6777885,433.3717828
508.789743,372.4232257
559.4045179,398.6117621
426.431134,267.8399743
516.6167503,449.6574923
445.146846,496.9008501
561.3968252,504.2712368
594.424779,402.8641333
426.4503142,376.3524032
433.3037287,361.3413774
561.3571024,443.7728733
556.1434472,571.0394697
364.2118512,367.4667001
573.3786341,517.4854969
634.6189383,581.0694627
691.7417367,661.4862009
533.306834,427.7286636
389.4861949,302.5528481
644.4319867,571.6846353
537.9133623,583.2544116
431.5375017,516.7164086
479.8456186,466.1050307
502.0529175,437.6157266
628.6056272,505.7805279
554.2740376,527.4396714
482.6170761,425.644492
432.355048,311.6202561
590.258153,500.4758895
365.4646175,332.0109551
380.0491817,243.7067284
470.0905922,482.3418464
460.4693039,415.5995865
645.0367491,542.1263018
424.2990342,604.2513543
521.8904335,471.6910796
313.4272064,342.3295026
510.267385,422.5244183
569.90979,344.5382582
591.9433916,553.049165
505.2336694,485.5444326
440.101677,539.9825334
528.6778248,601.0998283
626.4830215,438.520538
478.1335897,452.3643343
476.7523366,407.3214719
389.3863413,418.3216182
591.9650816,573.248649
488.7755334,427.5075695
335.9610008,394.0084428
500.7948977,592.5815721
351.2454707,446.924402
517.6351415,444.680943
604.9165808,653.5392869
559.584296,559.8438424
480.2805358,428.5377987
477.4490014,450.2660477
680.1863631,562.5926889
471.0662266,427.8846102
497.191227,343.238163
556.3793647,366.1055641
512.2671487,459.8676024
596.5596255,577.1627454
550.365152,490.1467068
591.1340709,543.1118752
449.5929154,259.4431286
563.0214752,536.6928428
362.0641021,260.8574545
491.1978105,342.0310745
548.7593905,497.1580353
586.7612675,529.0381977
539.0163195,424.2105738
449.2946363,438.158303
464.4040597,423.7175222
488.2123477,356.7184446
574.8261697,602.8977406
295.517473,286.5751576
512.2851794,521.9870086
508.1308259,522.3967306
504.0720584,389.718015
572.9819456,376.9770713
497.4001409,472.8720523
190.4425691,293.148494
414.0689556,545.8115514
490.4308385,416.8652289
451.8390386,441.2721711
477.8851014,503.8778677
452.4102977,234.686969
548.1298623,477.5204698
523.5487717,419.9565213
527.5546446,519.1556951
556.2556063,442.0653761
551.269545,548.9311315
511.6055445,501.1382644
443.9203825,489.0373678
657.6891175,556.1285685
415.4876662,296.3561228
447.4433595,430.657514
288.6405809,393.1798871
415.5995274,344.2840364
600.4670825,582.4663372
573.3016832,502.1900012
614.8968152,520.5316672
388.2973448,476.8129605
644.8917122,531.0247022
530.0160972,430.4508157
435.7995257,577.0204255
517.8150735,351.671098
641.4380751,498.9410632
401.2689104,267.3363865
663.9161456,479.7641036
488.570676,336.439557
690.3056161,476.0207067
456.1863058,411.5202665
510.9887332,572.5400186
445.2749902,318.1742504
515.3027282,322.4410554
491.9242752,551.5644009
525.6322235,378.5635948
435.1666799,442.2900056
418.592077,309.9426817
536.5763826,348.2167166
515.5760709,392.1932221
637.139898,518.9948384
517.8587454,454.8123163
576.8566516,529.5723012
556.8081613,359.9744612
500.1869804,526.1442806
512.6884376,397.983501
511.5594966,448.8572543
456.0132172,514.5132858
478.0928537,250.0643595
547.8260417,356.6298389
582.6819749,490.0556079
489.217843,384.4082562
608.4137497,557.9397064
548.2587517,616.5656314
603.2064249,474.7041156
534.0301739,597.487665
614.1398758,624.3668117
669.1729301,526.9703314
478.4203146,496.7579077
388.0618739,378.7868086
615.7111627,533.696116
653.9053331,588.0076468
590.0999053,537.1497514
625.3384457,575.5580379
370.2542188,387.8767283
503.8353518,314.6987332
409.0152425,405.4544171
385.3457695,398.42645
587.0616459,521.9290101
376.8647746,402.556014
520.6850111,374.2690501
418.4807567,440.8730214
467.95667,411.2438698
412.1571855,481.5067538
341.025007,268.900297
585.4505465,476.9267347
496.1493356,508.612183
515.3627756,425.6478844
375.1397005,289.357173
435.117866,462.9670428
316.8355691,338.2038683
558.6839007,400.1338047
430.4237181,458.8248923
427.9390393,290.8681597
374.706349,436.5050892
450.5915684,458.211619
506.7225552,458.2853038
539.043423,502.3947544
359.0689661,436.636179
515.8258426,338.971787
358.2725029,366.5961396
451.3155971,525.91646
630.4998209,694.40383
500.2513972,523.2243688
435.267795,544.295602
423.7143169,281.4497013
431.0969044,322.0215397
473.4739847,595.1386619
512.7433872,314.6360065
433.533107,445.1379758
417.0120224,368.623409
544.8237245,521.2314017
564.8848736,455.9648554
540.7592188,370.1890388
632.0883582,461.666144
423.1753766,458.040602
467.8386537,393.929896
458.5192434,418.2318358
441.9636928,408.305455
446.8573348,522.2299654
554.648985,523.7953226
458.4658611,284.0000372
465.3817107,427.0316239
380.6315347,351.8752089
290.105371,280.7628961
505.8133743,566.8264507
504.1118869,471.4005387
480.7995139,380.9452151
292.4249588,279.9108638
402.5754155,312.0730986
438.9766385,338.4995655
406.9067573,369.1739469
515.0821088,360.5129472
691.0573924,701.3967862
502.5700047,442.5693563
530.1676065,490.5999678
554.0990077,493.6087441
542.7564928,518.7293977
389.8673569,424.5668521
595.5186307,610.9573094
458.3439,520.4173475
411.3002253,497.9048234
447.14492,404.9788777
653.3508493,500.8205446
632.5486886,534.5436489
460.8965375,414.6337289
520.7001411,393.8204896
370.7855721,210.0178196
469.0055335,426.0092873
484.1125223,468.8099459
323.5003467,262.992685
624.2185982,434.2650858
494.8554404,479.3409334
691.1986083,650.0892761
501.4848909,462.0499021
505.6180991,474.8425788
542.0103802,546.72533
763.9867238,602.8884179
478.0949397,493.4488774
307.1877859,248.0434742
457.4113773,429.8102005
590.5793183,515.8474502
578.0736388,525.327582
590.0264341,432.2085904
348.1261894,507.3053202
541.0305401,394.5752817
580.7943175,462.0502684
620.7773626,603.0799744
483.0831461,432.737367
524.8352038,566.1788288
550.9362301,553.7862982
477.3754059,484.7179843
547.1881337,419.4852499
480.8572933,593.3211842
555.683896,498.7900662
535.2018127,397.075647
510.564192,500.4744901
558.1013011,603.735626
351.1161691,470.6181415
630.009807,595.6228511
505.10519,529.9267424
447.6541688,465.9653644
697.80138,492.0937998
500.2521992,385.9560448
280.9963323,180.9879631
576.842163,395.8200391
465.4757327,325.5391225
728.4767053,466.7377134
512.2062883,407.2319216
524.2071621,426.0294686
488.0757705,400.2853226
481.9059672,345.0055382
559.3861351,513.7878752
499.924459,566.6217098
361.260199,389.2377183
503.5579184,346.3155805
453.3442346,355.7048906
549.1667607,591.6689669
525.9436633,374.5015082
458.5404746,422.2459126
457.9207559,484.1339759
449.6618795,647.4735901
433.9623628,531.4540412
355.0787157,344.9155368
345.4673813,338.0541284
433.9438335,207.2409271
446.8449483,395.0117402
610.0460938,594.5875272
528.0087032,448.7377209
445.2529963,344.2975373
519.9168864,363.4405229
605.888585,570.8799538
617.8710344,641.9639779
398.4197765,309.9187627
666.120553,637.5243101
460.2283641,494.6175831
539.9695737,502.9735418
410.9590282,355.9657436
513.513478,432.9192338
458.3083233,431.0430549
607.0582431,657.9301663
502.8474669,536.3785527
404.1653857,471.9911599
543.5284681,306.882499
562.3688328,586.28265
552.8005335,355.7834917
443.6689568,439.2108435
580.7775846,616.0458265
627.4874144,512.2143241
391.4389393,368.1559931
524.6947209,621.9984746
500.6118551,354.9614408
383.2954712,300.0572797
617.8677135,502.7004658
562.8788232,553.3461968
458.1595849,273.2342294
484.8083833,329.5301064
584.276116,578.6777166
477.5327722,321.3925245
633.5322922,607.2537015
596.2104497,617.2525749
594.7397797,547.7052961
489.3488049,395.8457471
445.6541406,646.3321362
582.4110285,767.713207
570.091948,476.6855364
309.1525697,292.7168775
523.8562043,386.7571186
541.6887675,493.8644589
561.601344,528.6932708
421.3738919,550.1613232
345.2744517,419.5550755
542.3972926,471.3943039
443.9020984,397.0735043
470.9757169,451.930611
383.1512714,449.0918569
474.4538398,469.0882859
477.8843328,407.8369923
655.3942625,485.9497734
343.969525,467.7987133
550.7057502,514.6459231
356.1413379,413.5771424
454.9195852,467.5928974
427.9377002,428.2766353
646.7558536,672.2858052
431.7894757,406.0757816
487.2723793,497.6802705
352.4760874,376.2424284
518.6143842,442.0942758
338.0708014,276.9355444
572.6482283,427.1993532
506.866126,405.8193817
628.1541134,617.9485319
643.5312651,538.0715513
487.1861624,534.4081694
427.0498198,351.5598874
611.4075799,544.2299608
457.1471564,460.9949525
546.3896901,551.5095119
404.0888018,315.084213
486.5515117,385.7003064
589.5244225,595.5761915
342.1905824,270.8335244
573.365047,472.6117357
539.2372296,485.4240402
534.8259266,435.9917702
431.4643009,374.7166999
451.469078,388.8849081
481.8818487,399.8068719
336.4890854,273.2568208
398.9341632,264.3548087
498.5444192,499.1260538
511.8002595,430.1678438
529.4792087,606.6012973
599.9860302,605.8797651
615.4908868,484.349221
397.9823042,404.6760931
639.7884822,631.9145875
550.8619183,596.2232994
523.0732728,486.7279933
678.3342,463.5413832
427.1051732,420.3432376
589.7530168,631.2512785
668.2081346,496.5583063
555.8553631,570.668706
494.7706471,534.466336
551.5855137,473.5634407
521.8874635,534.9899152
520.3643472,493.554545
610.604372,472.9885825
519.2223413,581.0856723
588.6482665,448.5262266
379.2794323,431.7614704
518.6083151,395.7832586
571.6523835,597.2534431
491.2688268,285.2454682
600.8253418,651.8985372
439.5116195,384.9670875
376.1907383,332.3457339
387.5957193,413.0262515
470.4461096,428.8896576
404.7521979,323.3613915
550.8575904,461.4025436
589.4837263,559.7200745
413.2599756,285.8142994
482.6247999,324.5792431
363.9985932,219.5402169
444.43644,294.1727004
484.9948731,487.6494704
413.0682552,343.1707053
476.0253385,506.6580342
440.8106397,370.3056415
403.215082,242.0277737
312.5065289,251.5786256
248.9318791,481.064499
499.0506869,306.8138213
411.5866048,311.7804668
464.9933377,533.9712131
500.3128274,494.7727586
706.1993912,669.8193852
348.3306732,409.9590023
629.8483199,767.0591
492.3580187,363.7764728
327.4806782,348.8877355
457.0170701,528.827408
634.0241548,533.4106182
566.3222689,465.1833811
355.1807649,413.0012923
527.3515955,464.8371703
579.4000664,414.1685412
428.9495472,354.4402075
479.625131,463.3167477
568.5021171,424.0409737
396.2725792,349.7809455
657.1076769,573.5489578
551.904368,513.3633264
431.7766478,324.0864721
418.3652935,311.8294898
555.8145189,455.8209904
491.6187572,446.2068891
440.1134731,474.5380927
480.4161043,583.1403167
474.625471,533.5561438
384.4749097,297.3942885
619.9371937,436.4329283
448.5450408,291.8989766
436.3425493,471.4659713
603.2162172,594.1165981
366.4997011,410.1600684
449.8279838,402.8191172
702.5000624,461.9679476
560.9267765,573.2528288
434.9711675,383.7557075
680.2847673,621.9727981
521.3091119,543.2611579
644.9259094,458.4354744
500.4930141,480.8300703
610.1221523,497.0488601
503.0968135,504.7260069
568.2573029,308.5012498
639.4302547,530.8622306
671.348773,581.4422983
419.3294143,394.9277669
476.4000198,430.2490721
485.1167237,257.3791591
507.2493478,268.299484
557.6429531,521.778607
525.1354721,424.2733822
457.1493551,487.6331885
440.7930716,525.1751325
498.6935648,606.6445249
435.6336329,564.0313633
533.5870668,537.4073165
586.119683,483.4820771
352.660388,380.0685487
468.5601139,493.9432263
554.8436008,397.441644
522.5360358,564.3703398
576.9268612,583.8347082
629.2581601,356.6921944
339.3535652,480.914809
506.6706764,479.7153968
345.5953666,371.580014
413.3276493,518.771739
419.0322157,261.3478272
482.7278859,386.8570141
434.28094,381.0058168
506.7929755,462.2652015
479.1742048,504.4303605
526.2458436,406.6524536
355.2308426,339.2932953
411.1064125,477.6769176
304.2008576,188.5284783
542.6387288,511.5031304
573.8113265,510.3863115
511.105656,450.2086369
616.3318322,607.0857237
568.0506119,473.0012817
442.5667504,450.0992429
487.9534147,411.5818892
495.5896049,580.4519369
570.6196404,541.8985049
716.5453881,556.4085939
516.6341256,403.4615919
205.9451802,340.08399
546.5476118,441.7141835
452.3505678,218.644928
761.8356462,588.9431372
511.7583718,424.2853517
621.8366449,480.0046222
528.1138274,566.7596922
451.1975903,543.7463686
550.7667775,484.8790096
356.8603239,245.8620026
344.803572,389.7211967
565.0772957,465.6095519
438.2996499,398.6289113
536.4012277,413.7778352
529.7055903,494.5420589
454.1937529,397.2110756
497.2087473,371.2319952
552.9851582,503.891592
334.7993187,465.5095802
669.4915069,797.2987926
596.7829908,529.4744864
457.151507,227.555215
464.102599,294.1723146
410.9576029,445.7697563
463.9277581,502.6466154
371.0288638,302.5821986
626.6258945,601.8323855
502.9993282,481.6904779
521.7624232,451.0629304
426.4578283,412.4035172
540.405836,411.3144099
484.7296304,454.4595139
481.9744748,509.4245079
425.5137871,239.7133447
523.159022,540.6404433
471.6106654,484.4668909
562.1475576,620.4261982
577.573969,586.0601819
489.1099977,534.7735011
392.0330993,384.6876307
656.443558,597.1040527
488.2101014,373.5483561
528.6501875,311.2042656
610.4971338,572.6990453
402.7037528,421.6095845
482.0045213,440.6024828
570.6596294,468.0582067
497.9001303,492.3841462
773.5941279,538.0938868
435.6685253,454.9063724
499.3402645,432.2688158
543.7348576,533.0539081
629.8780165,559.5797194
547.8656014,554.4926861
469.7505216,519.1587623
460.2844555,376.6489409
443.5153869,382.4292137
447.1530742,310.6754745
586.9433329,591.2567796
502.4611878,498.9662451
381.3604351,432.6796143
432.8861076,427.5924502
338.2546383,367.7362602
552.8326867,388.507518
474.833773,510.1729355
340.1162437,293.0366433
493.2007248,411.6878358
538.9093802,490.7433074
517.6772089,282.0662556
536.7202873,447.628758
383.051956,375.7495181
662.1845858,639.2756121
423.8971051,348.1868186
602.5477856,571.8500038
393.6997407,320.9882348
540.3456384,560.8887558
508.9974545,420.0993961
467.7472804,267.3850952
491.4241109,461.1926014
477.0245285,473.3254764
386.1523986,445.0888173
409.5134499,356.2957018
460.5909263,344.7454723
591.3303561,600.3367993
415.7124567,432.1921745
492.4009826,464.9176187
488.0832559,408.7723447
276.5454913,320.6883292
624.3424596,638.3562569
412.7625434,309.9148287
496.5430929,607.8745502
551.5192213,361.7626985
437.4090684,531.2074196
311.1545814,265.0659147
467.6596738,372.9344559
501.3996388,391.0749436
414.7504747,392.4817427
397.979427,460.1597037
561.9883491,359.4645807
284.4680009,388.0009258
462.6801345,430.3155813
478.2079158,381.4166514
499.4944846,472.8762504
528.7776998,422.7713013
355.6497697,410.6097433
491.2015409,401.7401941
346.6910922,484.0136279
454.9312974,342.5823452
639.4600154,651.0261419
429.0177735,469.5484864
440.81061,429.3130943
447.4102094,396.773768
728.1947227,684.1458478
529.4319047,466.7505743
561.173713,401.2384794
737.6181434,621.7376134
439.2579773,410.9653547
469.6019699,296.799476
449.9594676,451.6645129
446.9179785,453.9420687
566.8867053,595.0040424
532.5212831,396.9604954
305.0246538,350.0906477
509.5318764,457.7469988
590.3893481,542.470026
600.6480826,393.0435372
556.1278921,530.0065881
557.87261,485.0702281
571.2550204,504.0025551
372.2378073,318.641445
697.5716523,492.5014562
457.9604372,433.8434205
412.8261074,600.9846171
492.7808109,425.7291656
494.9978627,425.2892909
603.9908466,645.16739
684.813771,715.2953861
457.2670945,260.5073934
372.34455,374.4617406
593.5900552,467.7541599
374.0959807,389.4657331
420.6087386,388.738402
669.7033026,696.0406105
513.6525038,477.4827483
550.7431411,577.2413317
462.7265917,477.4608879
464.4811184,372.8355421
480.8418923,440.579171
282.6377687,274.7206582
336.5996465,312.963389
520.2663545,331.1958278
471.5759083,427.1983383
552.9723971,397.0616693
430.7711839,483.7818771
401.3227428,349.928312
542.3769926,554.706868
696.6181259,650.3973198
478.3040397,479.1666201
418.5476576,315.5680667
422.2672721,425.7946785
398.563207,335.4016282
519.0545299,492.8232146
554.8743736,533.0907468
537.8903175,556.9806776
477.1959861,597.0191085
521.5078217,505.0090787
561.9354501,524.7949954
494.7727123,582.6717045
444.2676706,392.748476
468.3817424,524.8018603
460.7151365,410.7514215
633.4530653,628.9222543
428.2669943,382.064054
574.4528018,499.613978
477.362587,284.1771012
530.678567,575.6172396
472.7067067,361.7619413
527.2476801,516.7469036
509.1840747,449.9726388
597.0811745,529.8649394
338.1348108,300.6073545
368.0446691,305.9317421
590.1586404,487.0891958
498.5674358,485.1673047
585.3892541,565.1996245
598.0850182,497.979868
530.724203,430.1128474
699.9443583,673.9568903
611.3555478,451.0744983
594.8860513,598.7180377
645.6046697,482.7345777
741.1791564,476.2475726
509.3421755,537.4085211
469.0800765,251.8296683
455.6299297,432.1906561
618.2005151,447.5104825
397.0307345,477.9262988
444.452719,454.3180393
426.380013,368.8755626
472.1725351,456.8662024
589.6656203,575.7656309
532.6457723,454.2002477
447.7379354,372.9445857
444.2294849,431.0901184
634.3701369,474.9157708
440.0973309,462.9245449
623.2765973,536.4772647
597.2391815,465.0513522
684.4556115,605.1097291
553.0540766,527.2143582
620.7382451,491.4781403
623.7251969,506.310445
634.1022381,604.3980489
507.7193581,461.2206712
440.0924695,500.2378302
615.0985845,526.6819878
475.9810853,357.4719638
550.9301702,461.7850078
586.1879619,488.1059825
607.509687,431.4520236
586.2052789,493.3992748
360.9234576,305.6820548
435.5997135,492.8395595
462.4573794,415.6197341
530.512719,280.661863
449.9492497,429.2015366
539.3242574,390.2652023
432.2842119,439.0569047
614.0810117,463.1102532
410.2492067,466.3039591
564.8487025,566.0510352
437.8572412,329.654687
604.8205551,385.5280472
521.887291,579.7806399
508.9222479,391.9601338
615.135673,516.9686006
487.8184422,299.1136483
415.376758,290.7384787
552.5913375,396.3552732
578.8546351,523.485027
446.4812076,389.7118042
633.7002895,563.3185294
428.8967008,385.6291064
285.8077819,247.36804
469.9495942,375.3878448
385.905776,367.5237881
615.8662886,469.5766146
409.4178576,451.5154176
454.8944423,433.9705791
604.7943516,486.6268909
510.4711311,539.6143048
776.2572136,545.4024213
428.8936249,414.2681776
269.3307199,287.5074394
453.2668553,381.8352157
497.4769267,499.4027647
503.8822098,450.7516572
501.9443593,534.0059105
502.7281896,594.2683219
450.8585037,433.6956406
494.0565273,346.3035255
721.7564627,637.0804412
440.742318,424.0768485
489.442237,472.6047249
582.4883756,657.5276718
480.9466493,411.698834
540.4322212,326.5143878
411.6156855,212.2135754
570.6936166,444.0485666
604.6631648,505.8715821
432.1875419,441.5752561
377.4866834,182.0065075
676.163566,571.8937045
410.3696867,340.5133076
662.1198933,541.0653591
498.0453249,455.0705971
554.2017389,538.1744573
604.9444918,722.9293775
558.2754269,614.2490616
473.2271814,631.9122204
624.4127921,529.1335081
411.4630667,488.935197
343.26479,389.4797934
376.2875897,345.4826147
547.2338601,526.1534222
469.3717872,426.6346371
317.1538701,268.2241609
452.3179232,536.4212244
631.0310483,557.7813661
560.2275475,397.8291538
515.4476004,443.7811676
523.3051703,477.2295836
523.8352555,418.388187
594.8811701,625.6655654
537.0428352,453.5745337
404.3072443,346.4301067
534.1152719,385.1570112
587.2225802,387.3895558
463.8807063,485.9421983
591.7769265,393.3924563
429.8810818,417.335199
557.5205229,419.1062289
545.7165003,457.9064099
666.7358178,570.9350113
582.2126923,427.3792723
605.0128902,622.8331868
491.2978992,394.8589459
407.7523216,311.9322043
334.6349401,282.007559
493.1710643,497.6442712
665.8119638,516.0325954
336.6218059,322.4338704
464.660777,446.7856838
530.8505828,465.5117959
525.9142088,467.1821712
466.0248954,416.3197098
515.5768014,573.6557129
422.1885574,550.5564659
498.0047663,401.2404591
413.4884029,387.2899089
409.5636219,299.3973326
669.2689289,686.4237668
521.06683,440.4323382
497.327734,341.1655125
452.8698599,542.9883347
295.2108957,207.6566496
394.7929174,412.4629033
442.7216606,403.5817751
573.3267311,402.5898977
507.2673477,460.1531612
423.1232255,506.1761263
511.5985223,470.8832201
729.2072252,656.5346995
550.170243,504.5035381
597.9865144,425.0509353
553.5568319,404.2584583
578.7043966,609.9985608
440.9414014,554.1996592
424.6275083,264.8125393
374.3307987,226.9959607
636.2926149,514.0887286
521.5125336,419.8025735
421.3044212,374.5225558
715.3673025,621.4857625
305.7236726,255.6732639
552.245416,441.3302977
538.6125451,433.4520797
405.3844426,472.4173006
591.8105686,519.2322473
519.6212775,355.4881253
436.7190813,410.4885388
370.559612,349.1131285
417.3647055,499.962381
450.868712,354.6253435
490.5351615,352.6659508
502.3456222,424.0543697
401.714229,308.6817494
423.0347059,418.440087
542.1199855,622.0570065
670.9879867,472.9629268
463.0823303,379.1845015
484.2825087,329.361936
522.2066757,552.3425273
453.6644183,379.5031635
574.4299808,641.0030159
508.4710503,422.7150463
465.3176066,287.0772109
539.5971498,563.5516244
526.9890734,421.9588583
417.0803649,287.6043756
506.8451895,530.534489
342.4438404,280.4257445
677.1474073,619.9359851
465.0420102,559.7071729
670.1067415,485.6955242
537.5135037,589.995944
541.1917841,395.8700351
580.0616483,486.6605936
689.8235978,572.0132915
327.8761251,236.8833761
554.1176472,419.8456329
501.1986784,362.9754157
337.7237418,448.780887
547.8593805,471.0283415
376.0842122,206.1321876
481.4885175,461.7791275
630.9537826,608.1204943
487.178227,378.0809153
311.0852023,261.9948715
618.3757524,573.5503839
387.7749831,242.3083237
397.3800017,500.8982354
381.2222334,292.0990058
619.5686679,578.0650193
423.5840438,438.4728617
281.0798191,186.3699312
648.9386753,625.8425157
570.7203494,445.0497646
394.838933,431.9116885
612.3861666,460.9730391
571.5606522,349.5464338
479.4682128,382.7513188
551.2019978,496.970442
448.3228474,406.7633297
592.4019955,537.7373743
471.6653204,443.9477828
468.3879683,438.9416822
632.9373051,501.5426974
551.4147721,610.5816093
565.4271868,490.9082595
502.5127207,417.8707551
428.7873438,433.7806585
440.4479982,421.9196912
417.0214086,433.3359229
621.3836067,581.87256
403.3011099,347.9542789
544.5011182,475.10808
746.9172252,641.6969519
636.0603325,577.7906722
498.9413432,504.512876
421.40269,564.3885918
431.311583,428.764689
494.9342957,380.8943148
599.6913538,639.9433424
506.5323341,471.7184696
771.449497,684.9813402
662.6172096,620.1683486
418.388988,451.7199467
469.5965179,520.9245609
512.1840688,400.6854111
444.5715786,272.0209538
245.3931613,145.1313933
496.139582,474.5002194
521.3409895,471.0303948
636.7202007,678.6782179
520.7179711,548.1670515
428.8295263,334.4195451
445.0971555,348.5223477
625.9098572,590.2901097
670.3549383,607.0057508
520.265848,562.8975475
600.6462687,507.8068973
492.8823532,580.0847
470.8241176,356.9475546
480.5275086,427.8663282
466.5350705,515.7401786
425.4602958,284.647404
341.0759756,342.2526906
560.8520884,447.5456752
515.8902573,609.3272536
476.3588801,379.9797228
576.7934118,436.4740911
544.3792031,371.2424474
417.7997973,399.0810974
460.9334326,472.8984175
486.5576003,385.8942866
444.402512,460.2476458
632.9581838,603.3505405
587.9475847,525.6861096
409.7087368,222.2934053
465.9867025,371.4316172
430.7080152,356.8654196
513.1400893,353.561238
514.7465211,564.2375207
495.2670768,467.6345912
767.0116413,525.1783623
576.6928534,632.9760431
452.2908906,528.4314278
560.9298485,672.6950105
401.5390103,323.3963719
506.5964706,480.0211138
584.4075167,455.2186522
664.7179128,621.2809981
581.8970553,600.3850727
486.8412237,465.6081586
255.6516054,255.3758261
427.9736123,392.9245769
666.3285301,523.3962305
548.9542045,531.7739011
491.692532,571.0898165
500.9483198,516.4180766
474.7951632,523.234599
357.2010559,415.0245259
510.1276701,401.0272275
510.1249199,524.7973834
539.6539942,507.424582
466.0016604,378.6737656
445.0740707,306.5862542
507.0934491,383.3511998
434.4766254,629.5617359
447.5812276,327.6608783
581.3966495,596.9209377
572.0655032,351.1327835
461.7652659,550.7092326
471.6153745,420.1178955
562.141854,579.2127847
597.418025,411.5226117
584.2657207,654.1147075
489.9323017,317.1794385
472.1103965,475.6517084
463.086106,525.3788818
497.9109263,460.5098218
610.5588751,504.2177071
418.7163325,502.1526811
401.0443795,313.4299481
516.0943799,494.8882743
608.22989,408.2016545
656.2821232,653.1610709
415.6733359,302.5248271
604.5115894,590.8383997
585.606216,392.2222692
555.8880708,514.4293992
555.3161227,433.6635408
630.9417261,547.6698371
586.9529611,585.9567104
549.4614176,437.3809532
505.8291733,310.3311136
591.6856509,430.1412919
360.4685353,293.5396349
393.7143732,265.1763143
408.2066927,357.4010824
495.7247763,452.8624047
487.1855717,461.2494111
684.0561606,589.4284749
486.5428937,549.7119646
473.4509958,448.7089233
565.9270654,599.4493019
543.5757105,310.0051943
406.6904994,372.4504026
451.7155897,462.2698432
572.6994076,490.9018658
526.6894542,563.4290966
528.8573088,366.8047489
563.3082315,576.503292
447.2430854,320.465728
438.5855871,448.2799943
513.2120005,264.3734305
445.4053011,376.2091682
420.182677,288.8969664
557.6126704,497.7158937
360.2021563,397.9143804
570.1606627,416.6506996
655.1631988,565.0503668
609.5913486,480.9052583
428.7644463,458.1215534
547.0250533,437.8606292
633.7859002,461.802429
521.6344366,609.1771015
616.1290332,501.3617733
626.457751,545.2212019
498.7916593,460.8806079
377.1247147,351.3960219
439.2641121,372.4053267
471.019754,354.7603128
526.4601626,410.2035348
549.9892371,340.9415254
529.330774,494.159816
450.5659751,276.4418727
397.8211998,279.6902632
592.3307516,489.2774579
497.4265251,333.2816128
535.5548811,435.8073328
748.8903596,712.3044981
455.5822426,360.4401069
443.9734388,475.369996
548.8979461,496.957488
624.4019799,376.2708355
515.1730625,319.0472057
576.5355962,563.5619459
520.3426303,437.0300689
525.7726942,538.7691526
634.8533136,557.3842462
518.977675,489.4183954
495.2477588,383.649562
586.30356,579.8833676
578.3482275,528.6488533
505.3336424,528.6050443
643.210207,510.9290276
624.9365973,593.9585041
773.4017199,650.9629919
456.0543618,396.5695307
399.4809474,346.4925202
618.0894187,564.291341
491.007361,414.3962496
653.3227377,773.7860964
483.9460151,411.9079103
459.2738963,414.5548836
542.9198812,379.4446625
522.7458408,490.871908
308.0422895,381.4533947
422.1932672,552.1594026
465.2619528,460.198985
521.3442148,458.3840027
424.7283417,559.0320323
597.7468277,359.6142958
387.1420058,443.6874871
466.4615676,466.6641248
450.2052274,273.7464747
477.1467491,504.2087995
439.6302579,359.1926342
454.8620125,439.7600871
462.4549217,492.7047061
401.654282,331.1341798
687.6546927,600.0823374
269.0314709,173.2291837
365.741361,387.5239362
526.2682127,525.0630551
625.6199761,519.2491472
500.266244,278.6475734
470.6199825,437.6167368
460.4386949,410.4637148
384.2408307,200.684369
609.0916436,545.5153117
732.0756779,530.4123409
548.9335697,540.707609
405.0270169,241.0144683
585.299266,499.7827098
472.8347569,387.0078771
485.419584,576.1828222
553.2253874,507.5237291
453.3532151,391.1572009
411.7642665,489.378105
551.266118,431.3021454
545.1020664,452.1707386
512.4873316,355.3587844
413.4766884,329.8922841
550.3055435,508.3714231
554.2429434,420.9263825
544.9554237,367.4159998
569.7377865,481.2294163
488.0156757,365.8356777
403.6714222,301.2649067
514.2053625,346.7408251
615.042312,548.6058431
585.9907135,487.0378714
350.2803556,358.5878886
507.2602038,467.5026478
349.458753,289.8399082
515.9405357,428.588165
453.1248766,623.0108366
608.6953667,535.525776
382.3163826,367.7998147
505.2323001,542.6806787
625.8038783,531.9091347
478.1553125,345.5153782
455.8016263,404.7513145
669.6215094,637.9493171
466.3138512,277.9934521
473.7583754,288.963806
422.5920858,439.4967925
539.8718507,474.3540753
652.3458291,747.865696
478.6436663,321.5168999
343.1791484,299.8273002
345.4463666,277.8972515
306.383549,341.6161076
548.1137218,366.2646523
466.6767991,563.2025285
407.988025,281.7236673
464.0819135,368.7025652
523.9864686,407.3747629
553.9816457,487.7843294
520.1705948,525.6574316
481.7266179,529.0223526
441.4762253,453.554778
405.9694378,270.3297707
496.5961795,544.7964452
543.3656059,586.2879143
498.7445711,393.3339627
624.1349088,421.5719215
414.5840964,554.2515851
418.2656642,293.500529
437.5244556,436.7728265
474.5554581,558.4096425
513.8914456,520.9513173
465.4251842,479.7203406
587.1613727,615.7807298
557.8319512,570.061923
485.9701845,285.8770727
447.4785355,380.5091723
619.071103,408.7016661
398.736405,438.3656421
552.7377739,594.3316043
541.2422968,341.0128214
529.0677313,448.1878739
419.4483597,325.7294611
472.4798269,388.0050462
413.3736092,284.0951883
603.4425084,765.6664981
502.980801,349.8906259
466.2524692,411.3027163
603.3093416,529.8968155
426.4615631,360.7598155
576.2485291,506.8396281
531.9169884,482.2652819
575.9072677,535.8077665
313.5703414,371.4054476
481.412817,520.1322285
537.5522252,554.964311
479.346287,526.8344818
571.7666467,589.7516035
743.3357219,724.877683
559.7462158,520.8021335
529.957893,556.4793631
445.3469615,451.7206563
453.7268326,497.0709707
548.8980335,311.8587401
476.8760128,510.3435558
401.3078394,391.8358932
524.9320113,391.6094109
501.6752563,498.2862888
536.0875031,354.7389384
370.6249792,304.8676173
300.8137131,255.8509729
457.9351179,490.8034572
486.8403722,454.116281
526.4601183,577.1756574
580.7279233,552.5613237
190.5934426,158.7776994
520.1228451,536.9533465
485.2999264,335.1270902
582.0881843,558.0012011
599.5039775,584.5003989
280.2119251,435.8882544
514.2636858,458.1569361
418.3915766,435.1362735
620.5771691,506.5113209
566.0562289,445.2560583
357.4077124,361.4486583
423.4935372,470.2298188
466.5548894,461.3842139
449.5222543,482.2419975
478.7699755,319.8152384
516.0865195,435.9871356
512.5516483,471.7499647
716.1202023,573.6670013
638.1669515,453.3914465
693.9548987,578.0099029
514.9548973,430.9608106
576.7260212,760.7432148
495.2231087,365.6769102
477.7176487,257.7890023
455.8940043,234.5320062
635.1887948,485.0151743
497.0697564,448.2687799
402.3158014,359.603025
550.9603437,493.7506981
557.2135558,418.6622384
409.8370998,465.7743256
682.5869691,595.7627769
481.7709939,394.286914
610.1422448,453.4344611
511.1192437,444.322027
440.1469261,473.8016744
405.3400419,462.8952384
529.9769853,541.3684769
497.165429,467.5778212
620.3227243,622.6968943
597.9630036,609.6907324
407.6260352,279.2056648
485.8286832,621.5027353
431.6305278,480.5871824
428.905228,372.2114602
678.0847153,542.2848471
608.6767975,556.2481596
468.7632617,470.9614057
460.3173651,346.5817878
605.5377691,523.2262673
327.5482138,313.4208313
541.0373793,496.4778802
580.6094732,572.2865974
459.1345134,307.2299622
445.3941426,377.1625945
451.2055653,501.4652533
635.9262063,614.9779542
615.6682555,461.3430848
400.0623678,438.9711725
481.8466447,391.7630868
522.537841,387.9282685
574.7281364,460.4040703
566.7985836,564.618567
487.3402047,515.633159
526.5222017,458.7024486
626.5997224,459.5809944
607.8392006,584.6038065
384.3436385,297.977822
351.150712,459.285062
395.0905094,364.5143257
558.9412112,563.3890351
338.9348212,260.3264284
546.9259296,495.3293421
300.2922411,163.5124456
507.0355609,559.5135816
640.309926,647.8398575
474.7057828,502.7314818
408.3694695,204.9587792
578.4028854,395.3634563
516.3759195,564.8316572
442.4143293,373.3817023
339.1781624,317.0543207
569.1083468,679.6470593
685.400605,613.3767847
423.1691241,440.6241717
600.9360945,499.764513
582.2173089,376.4022244
596.3005316,634.6336571
494.2782952,380.7373954
417.0871427,371.9833212
547.4612443,529.4030119
331.0767509,210.8413453
598.6476686,443.0089511
425.4512357,496.2428533
399.6357672,293.2940202
539.4561279,418.473384
530.7844487,367.556789
599.9354603,578.5474659
578.3579134,420.5139454
586.7745452,427.546629
528.760587,536.8503007
462.5385765,394.7846506
463.2654649,476.3555467
652.010723,500.9540982
462.6490334,459.1092013
564.59552,406.4483541
474.4872374,524.7109817
540.3788069,506.1038828
590.7034878,644.332019
626.9754577,508.9202828
416.6189658,382.8183555
524.8486169,494.4794749
563.1823628,506.7101174
527.3282719,324.381455
517.6291979,323.1107281
429.1238093,334.3444093
601.9429534,449.1502339
427.3230545,456.9470573
429.2275986,459.2232277
534.6093244,444.788116
557.6875291,636.1855816
647.8660336,498.6257051
360.3186927,262.8854635
477.500172,338.3796561
410.5543592,395.4145221
439.5672944,299.9285331
456.8196125,508.1372203
499.9045123,390.8233418
378.5335378,391.2698039
604.0799516,627.8925137
654.0069161,643.7591035
624.8081989,519.9223137
454.583417,557.9320525
450.3048377,406.2688696
538.990204,562.9938813
577.5014537,570.736627
480.817046,506.4508552
468.8109646,380.2809216
552.8629446,546.4231396
509.626044,450.2707849
432.2990851,439.1301617
556.8293333,403.0858305
552.6061563,383.8799724
447.8462527,357.696801
478.120663,293.6781661
558.851461,586.5073234
535.2881571,488.5557659
493.0453422,469.0539897
513.0930351,389.8684432
509.0672009,235.9814476
458.4176752,578.1245786
578.8011623,390.0108377
594.3910669,620.8272943
480.1815315,483.9627121
439.8294666,421.7620784
436.5540961,394.3502535
388.5604972,406.9476348
394.9090028,311.3873549
450.3789248,458.3068281
352.1647952,464.4255762
479.2537603,585.9456433
522.7127037,445.902497
443.3037825,353.4038032
409.9602937,358.4941135
554.4220414,434.6063817
525.169021,383.7615061
470.488241,534.8879501
469.584987,468.4344118
454.0189746,490.5768519
533.7349874,609.1758406
454.1915659,402.5617523
615.1774342,470.2125002
425.0083893,430.8771034
576.8383025,546.5932624
809.4073673,694.4479089
575.0825284,622.314853
435.0830825,436.7867453
350.522087,432.7520472
431.1997684,458.5750117
588.372558,533.1765301
580.5050524,425.0223717
560.9404947,399.3398751
505.4997479,544.9358198
395.844491,439.5569834
445.3402592,397.7436729
481.8524146,339.8766323
559.8316433,519.2664997
504.8303718,278.2951044
608.1172287,489.2255591
439.2620882,415.5462323
536.4521812,478.9920725
531.1047627,402.9559933
414.5784608,435.2890846
564.9772239,516.6143812
515.8765412,483.2047218
526.5090664,305.1061637
652.2099819,486.8501835
357.4292093,387.1018236
474.1413585,462.9566724
271.4825353,410.3384586
401.9339494,403.0999831
586.9555373,650.1099979
401.7895632,196.9167467
373.1871546,493.092829
513.9499307,393.0917086
483.9046735,516.3631697
473.8210755,500.7209095
484.1553048,405.1950306
591.4491352,530.9507168
436.3988544,306.9529566
613.3029151,505.1390146
458.6963123,431.7216151
463.5005645,385.5810014
508.5017014,453.3366018
474.2507845,499.2646873
480.7248881,455.9546449
477.202565,444.6902648
466.7449007,444.6910093
482.8846725,406.3114087
476.2529977,448.775375
476.9244939,407.6556471
567.3589854,522.2194272
508.6046143,384.8126976
633.3081477,393.277333
417.3124563,336.7264241
686.6703881,560.2719046
685.7586637,414.2806463
463.2803411,334.0357238
346.5746722,254.6120075
574.5132179,497.6933837
543.2060676,625.4238138
616.3943566,562.7519789
469.5925509,539.9143381
506.6608402,491.198978
554.8786383,469.7923531
680.1431007,645.9382038
470.8529281,391.2808628
568.3505088,414.5607684
427.1954059,420.171729
627.949888,557.7257196
489.4390974,420.8763222
522.3990823,403.8770346
473.596453,432.3665607
333.6442547,348.2460484
382.6244338,385.5978612
612.2723403,421.6444963
634.5765534,491.8835953
334.1936137,222.4093354
638.187266,559.3026076
424.5996666,333.563272
351.6311949,191.4936761
550.1525251,553.3666656
454.7862814,401.8761689
570.9148405,561.2678522
514.156361,465.9117567
473.1703068,379.8369738
460.2289564,373.4252527
697.6973548,540.1384776
502.2494583,504.0063264
370.3119297,424.9618292
372.5351146,429.5534269
652.8365601,475.8112911
405.8988774,357.4385943
450.2046317,327.1044138
533.3828964,426.713738
466.6000819,265.027807
483.0917508,411.5822657
542.785493,470.846445
576.9601732,557.1291086
435.3157333,477.464083
453.6015993,558.4279385
572.4198016,713.3870946
558.6905628,514.1188801
430.2208788,504.7596367
286.5302869,345.5037025
551.0380662,480.5682508
433.959289,447.4623535
434.5399211,440.738008
520.1971893,377.0367568
624.0157048,615.2133264
625.1671931,412.3718318
478.6193515,430.4620149
587.6650717,516.185413
378.8478038,423.9786238
567.7696544,672.1977936
476.7523114,293.6353432
576.9134438,640.0227649
427.1565253,414.3339296
495.2315124,567.5029521
278.8332499,327.3891636
449.2232939,522.4932734
476.3959935,500.3904735
509.2996445,485.3562934
474.0468205,345.4125524
609.2270889,456.554106
307.1503554,153.2664985
676.7441747,497.7610877
481.6778072,419.5121556
591.8168451,405.0519049
601.5770655,444.2510403
468.8040663,327.5488359
478.0865426,370.5996983
559.3123771,615.0684655
579.8334443,374.8675734
400.6816785,327.1572248
574.7125834,532.1636498
332.8221552,378.6084601
557.0885012,428.9471695
549.3510152,501.3130212
447.8238838,316.4524818
488.9322285,364.8303274
398.9708822,444.7170352
667.1889953,629.0052658
507.0887757,393.8426854
552.7755946,557.2430028
456.3284899,233.1160389
467.3605049,417.5199985
411.8611779,376.7751987
469.7139755,398.1315045
567.5785527,389.8723921
504.5423757,642.1224184
652.0543971,559.6413755
432.8115088,473.357161
562.5174686,550.0955435
336.504435,366.796748
402.8230372,373.6715431
559.5959801,464.1542785
552.9127192,399.0212499
505.527671,447.8104053
478.5343162,359.5951131
551.0709761,358.6847911
484.8670039,403.064173
498.411672,542.7031247
388.042172,453.7254155
488.4046663,631.9004917
485.3957542,318.5299432
772.4059107,597.6835776
428.9504289,528.5502333
280.9529453,339.1249496
412.9214294,306.6856777
496.775114,493.2248779
496.9436411,590.0536497
518.2831738,486.2391285
487.7322335,446.2705487
608.7352081,560.8060094
766.3264414,565.4132883
440.1865215,365.1623331
764.8819636,711.1202535
757.5476247,808.9095016
433.3363353,502.6635728
384.4039923,348.105654
589.5153089,481.1042093
360.1857702,285.1533404
639.0637508,482.4196168
579.0185155,431.8507834
397.1954303,396.5427884
298.340161,385.2957757
453.1990852,523.8059733
560.3000153,509.3164882
597.8690192,492.9062766
443.3590757,375.7066359
499.6443367,298.7910723
314.3785145,448.1539772
468.705514,527.678419
540.102021,354.2511146
562.5123653,385.4838369
534.2940929,377.0421327
455.9379016,383.4960383
397.9522055,358.2103056
386.4419469,192.5968783
585.7624015,477.475079
490.7030183,457.0326248
658.7806554,592.2360045
541.1503469,496.3601001
529.1021164,393.6826349
439.5095518,371.5945311
279.8311396,323.1178122
522.4653414,484.1316933
602.7420642,571.4632352
406.7427682,344.5440191
409.4504896,269.3188934
482.9396333,420.5548181
633.6243951,387.6868679
454.5183081,491.4283251
468.5678692,419.8928745
342.8254306,255.1252358
400.6162164,411.4121526
510.1315106,523.7721362
632.1915558,571.6697871
556.5998226,405.9909552
488.143508,403.6988613
459.0737569,453.1245455
568.0231306,531.714324
462.5570806,445.0482452
464.2313989,351.8708874
467.9603906,411.373021
530.6084607,495.6842477
526.5038827,488.4448934
589.9885918,611.0705187
488.3414292,390.7725802
556.1505499,557.7284929
635.7264543,506.5191281
521.3781743,478.2757496
599.0250012,491.6328571
630.7755366,558.2239554
656.009802,673.1321419
549.6693843,660.9550234
462.7644113,430.31066
361.1143469,368.0427118
376.1927329,345.9969611
556.190034,422.331835
486.8687877,289.1702047
512.2586046,431.7690644
738.4992906,737.7015208
505.9527455,500.5937351
457.607623,280.3600048
478.655621,364.0675885
294.1098543,192.74836
461.6678002,604.317886
558.1703734,533.891895
469.4583598,329.8751233
474.7639642,529.8087165
510.8056886,463.8307861
663.4578904,410.3315462
459.5540462,406.1482243
533.783846,448.9766984
423.3325268,484.1204984
544.7457072,323.5477449
630.3767291,510.9237632
684.9254718,599.361782
290.1550784,374.1629767
538.4253257,401.4422289
563.7573442,638.7944771
423.5177115,335.835004
490.2844749,292.0616102
369.8142353,318.5130988
557.1999232,468.4032048
505.4024672,341.2144158
566.240356,571.3075229
597.8598574,354.498901
444.1831057,580.6324058
524.8471067,468.2883636
453.5771972,420.2577746
354.4143002,322.8649044
574.685217,450.6836722
510.6883774,418.4988254
381.7632238,442.9593987
610.9473644,390.5318179
435.4847365,368.5162276
641.5292765,495.2153668
502.9585236,429.5704996
495.6973747,490.9789694
339.8961087,235.1744508
407.1455591,422.2099069
542.0344554,535.808603
575.9627644,639.5310995
539.0820251,466.4609505
516.0033008,393.174118
437.4343964,439.6912651
442.5066948,420.5439858
514.5725264,498.4719259
520.7337078,328.3257138
415.8490809,386.1487656
452.3499251,393.4040754
390.4051468,303.3438364
498.77058,471.3702147
492.2323915,498.8896472
402.3969013,431.8585361
417.9219169,330.0039428
434.1925382,346.7506499
477.8893143,440.4868844
399.2000981,274.7561175
613.4811576,540.6523353
314.5034043,217.1779925
543.4346543,515.0675996
469.695568,546.3165577
431.3205783,447.0194719
587.9391209,356.8429412
381.3651577,504.3879215
476.2377677,349.4754749
473.1214563,443.3312688
497.3914843,529.4815211
359.5535129,491.0170453
433.0842183,544.6630786
498.8684101,495.4533867
577.3349507,572.0790793
586.0920599,529.4809464
499.5304296,459.9369651
515.6819914,435.4741562
448.3416748,318.085692
492.1223638,455.992659
414.2272781,205.940979
416.5012681,380.7706729
397.7608458,415.2925732
473.0483086,405.6302212
426.2891349,388.8597485
473.8332941,472.4306702
617.8735212,631.5358208
575.3820534,660.2020336
544.4159275,511.6637429
398.852944,409.9194965
437.2536041,520.5032703
661.619929,477.9646312
450.8204015,318.1826196
438.4507216,351.9460936
387.9506296,288.0526786
590.5228344,517.6533799
450.9895538,389.7616316
561.5142683,598.9328171
456.0727078,657.9228405
396.0458462,452.5915125
580.4969546,368.0434161
416.7556163,436.3084685
501.4148737,364.3995218
597.8235549,552.9136162
619.9220493,619.4873182
493.8265553,453.0336418
471.8947933,293.3758413
562.4828697,569.4507522
493.4263614,357.8607304
502.8998563,452.0780653
557.0722395,510.4088952
551.918219,649.469564
516.9114083,465.6145948
504.4403235,440.8197534
436.692032,486.5779243
527.0112742,350.5779868
600.895147,507.5829555
466.2390588,328.5212442
477.006295,420.1228977
532.2090863,497.1826304
511.7095619,486.9372187
661.596318,642.7866464
350.8382146,493.9231945
575.6401327,541.333654
424.119987,335.2930193
502.068234,299.3208615
620.8491715,513.4761879
536.6176516,488.1171117
614.2514948,656.5222964
399.013879,228.9127759
668.7854869,579.9564154
701.741225,504.8276455
501.6802298,565.9755211
399.4637717,298.7165552
496.5215518,429.7784456
558.813091,347.5692668
572.3026764,515.9137842
616.4107816,581.1453376
436.6689495,539.4256669
604.4171589,471.1882714
348.5538441,292.0178819
327.6880969,398.6981562
612.4172647,527.4348185
355.6351696,374.7516848
478.3415343,545.557776
508.8294577,357.1565842
469.5841106,430.1095079
565.5724329,538.5551042
474.9363384,459.7583349
546.0287227,567.6241178
613.3816963,584.859013
566.5353834,569.6650247
575.2641004,521.8806163
449.8715784,388.9886291
478.0059918,485.5418478
416.9366285,328.3409025
428.9468879,362.414734
378.0286746,368.7926635
503.0603861,460.8721299
372.627281,349.2982398
565.4241874,483.3369678
401.3184744,397.4273907
459.8384627,385.0382495
544.7162762,468.8261511
566.3246847,372.2410491
592.0031767,497.5113521
539.0319798,566.9770274
370.1746018,108.0182601
325.9101978,376.9131711
377.1750164,320.6650247
516.6162064,478.5895052
570.2632546,424.6552428
599.9686491,460.0380921
514.345203,428.2855188
536.3256054,610.5314296
511.4115423,443.4788874
472.9019392,375.3969165
605.8041393,625.9678865
467.3063969,430.0221939
372.3796758,326.7075364
431.9552414,415.4032705
449.1624429,520.9299847
483.600292,362.9166685
481.8441247,472.4754577
700.3693161,574.5702475
514.9114442,482.4287984
439.0858213,514.1719335
447.733008,438.4850296
628.3883963,485.5258623
364.8507513,301.6321931
483.2523191,420.8511438
537.8207375,477.1042785
477.0577656,430.7288019
503.6546718,428.7834633
603.9494589,573.7654222
685.4435783,603.7293995
567.181788,338.4757867
506.6306323,541.9106837
608.0609154,603.933453
556.2757256,364.5716851
577.8899466,475.1260922
511.0199054,384.0947531
489.0078441,359.868968
395.3033684,270.4664651
541.0684936,427.8029902
584.1346408,461.9394691
580.6769014,483.483368
441.8831922,421.0131603
550.5652389,453.4097
458.0937481,499.9480648
707.9737005,563.9721225
494.9795603,680.2444345
502.7619407,442.5195685
733.7421773,699.8089
482.8456217,377.5420942
531.1602679,485.7128553
471.3449007,408.4223515
315.0031433,212.1909069
421.3576418,446.4582362
416.8202521,474.8986609
453.8265946,496.112836
634.9174576,544.4013892
398.2361809,281.9731076
367.341017,342.8500615
569.1456879,545.8310667
451.6522593,436.5632288
405.6807138,325.1408209
519.2213315,548.1998953
532.8073747,460.1103054
481.1977058,421.8915079
518.1978582,442.6141199
528.5713979,396.0685658
515.3455708,470.3055451
519.2805199,374.9948595
413.8942751,479.2601035
477.8711662,269.1010877
707.8023313,634.1217538
426.6752039,453.0858038
544.5713015,450.6300068
463.7818348,408.5033787
554.6247872,510.0190119
487.4609022,462.595404
488.708675,454.1937636
743.8176097,673.4928534
606.5828983,652.6134408
648.9182921,527.3701487
480.2794688,495.2682748
488.9161093,421.0148407
376.955817,347.8838002
443.1729142,233.7152413
625.507232,668.6068722
577.1144385,522.1102097
579.189996,468.9407774
561.0841043,588.7634022
346.7149091,320.5058435
594.8152656,542.1320949
578.2711043,484.8307012
330.6113075,403.531334
520.1945838,502.0072773
552.5780897,533.3460346
446.3319516,385.1618717
558.1530109,670.9898081
610.8325589,446.7803724
604.0203958,682.4861623
489.9600513,431.8360319
609.4917335,491.3783487
412.7484138,390.847756
511.7807251,467.7985085
460.3660679,473.744337
453.5759128,448.3260521
517.3503841,653.6348298
666.3492345,576.501822
431.9129212,379.9148051
360.5008774,427.7234652
514.8656229,449.4301842
619.002767,596.9610082
436.3252055,568.3009457
483.737911,522.1605662
368.7935986,313.4545934
430.6253362,366.583076
451.1594713,419.0050853
537.6951549,442.0168869
627.5216321,655.1494051
476.775572,396.7942103
532.3353373,445.3831778
478.1913274,533.341524
566.9389745,548.7498086
572.657565,679.2302129
552.8117764,516.5040215
470.7785109,509.0798348
553.5480414,429.5290676
456.325366,380.0274861
600.887221,509.4781693
407.0382036,452.4719991
445.7011316,237.893764
396.2414677,342.616127
517.2546543,453.2351039
550.0466739,579.572553
409.32524,342.2362429
512.6606447,415.122154
613.0686464,537.3778536
677.3182188,660.571066
468.9759048,243.3084939
524.7259897,344.5072638
396.1560402,559.6267219
367.9579407,299.1138423
468.5012986,316.4692331
451.3265304,369.2221507
524.0068769,477.5956321
457.3547132,541.8037697
520.0795774,441.3936975
505.9635169,571.4126684
591.5849614,692.4493088
499.1695178,368.6412271
495.8577008,363.8553216
616.5666329,493.7172757
557.0724485,519.8957877
518.6807007,352.7245635
351.4686441,372.9507595
522.9845705,543.1525809
545.8882324,451.8707098
458.9545876,281.8877757
528.82916,425.3642249
483.796376,549.0738171
472.3237201,458.4578637
370.41645,436.0481504
336.8065202,337.0821438
506.7200199,337.8130496
567.4934659,528.1683814
483.813553,419.6085934
532.5422389,475.982283
661.1244189,628.3043944
582.9022576,443.2646117
620.8921392,434.6469167
510.8972194,421.6417797
428.7439301,496.4958964
487.3422965,456.420868
749.5928572,660.5990315
524.1135734,467.4715709
365.6001901,353.9971354
472.6780031,395.6272592
499.4387735,424.4173091
477.6269505,419.0099284
593.514846,475.073464
358.5749535,346.3969615
400.4411186,511.5035369
394.2140802,249.1831169
538.6033762,446.551467
697.1060375,651.0898108
424.8294497,498.5056882
401.8369566,432.6897768
498.3081487,412.3701698
318.2017422,242.9855059
520.5013089,425.5358936
487.6397276,394.8803295
513.4932786,504.8376553
462.5565825,445.28139
383.5409328,384.2609518
514.8788672,445.1484089
612.7543171,601.3685099
506.602755,444.6120785
595.381435,554.1434081
527.6077249,535.8272126
324.3991987,226.1015588
544.6371167,508.7048567
478.6729055,394.6379995
545.6137725,399.6518314
452.7411644,581.3258578
542.454468,459.1824391
600.7908758,582.2089453
582.298331,472.4242843
538.9873584,548.6263099
443.5267237,438.6525553
378.4143387,411.5602435
494.5571469,504.4343538
484.0546988,489.2792746
503.825781,534.4972655
373.3551507,289.8271538
424.0591412,452.6547002
507.55171,309.0611384
583.0270443,360.5378505
533.8480602,412.4240728
460.7379601,420.8288729
446.7873345,461.911662
479.7875037,422.4062987
752.6886358,608.6478722
458.1064009,517.8981382
380.0025563,350.1645487
622.6881912,584.61503
577.834293,458.5750681
637.1726139,498.7152766
506.9746775,481.268909
598.7216453,571.0408171
400.23699,292.7430053
582.0271932,573.6128489
447.6432802,288.6487241
391.9405757,270.9428411
506.6386563,399.5845364
536.3306219,600.8050555
426.8588626,402.0937337
615.1024077,481.6346939
597.910982,545.4979093
419.1842779,406.3835776
492.7416569,237.1429393
538.7046128,420.9030937
475.2651357,461.1829021
509.2423945,409.3962055
609.7543627,732.4221003
564.839355,327.618679
487.323065,408.7140778
392.1663885,326.0072485
472.7776421,456.303127
517.4381184,464.2072979
602.0981423,509.8950675
435.6659696,465.1682333
491.9515021,427.502026
500.4708282,459.480832
516.0945535,608.3495794
522.4323298,501.6811103
498.9421962,518.159767
346.0176779,426.3878939
556.0168597,541.2755022
563.3314476,463.5275993
467.8945493,428.6597351
695.294921,547.3871996
528.2843667,525.9191579
465.9696562,390.5245668
525.4254678,448.3441224
651.5048248,539.4678727
434.6584754,361.7126498
705.0081306,549.6308562
369.2538369,540.7065287
594.2408089,393.9524773
661.3362386,502.272453
622.9063341,646.0432089
454.3589375,379.8575176
556.1815454,577.0139053
463.7492869,429.026552
423.7833266,445.8999712
522.5851355,500.1150469
512.0983268,511.7671524
401.5121411,367.996883
466.8331622,459.5820074
453.6527439,400.5901235
368.0392272,413.9146958
399.3458398,521.3101121
539.5537617,521.7858332
531.0189798,499.6027231
656.2155042,608.0981988
514.6021855,391.3697781
433.2714154,492.521382
601.141244,621.0656064
428.7832493,469.0323629
506.9810074,446.45862
532.154366,469.4430938
332.5226075,207.3484795
612.8738918,460.6223392
434.7995253,259.8599245
564.0095551,521.9299635
443.2130034,347.9750455
390.5274562,446.1928728
480.6228958,513.8597614
588.1614772,549.8093705
504.8283452,663.1512006
387.1829868,395.1587091
560.1513913,526.5642353
470.3215818,549.3391917
657.3609128,676.949939
557.0918819,622.0205096
369.2270913,405.1629523
645.6032799,555.9971737
563.3659567,403.299701
474.3633409,538.4030135
459.1069237,455.2853935
309.3002409,326.6139492
474.5532986,437.4670294
609.8612931,485.5074983
535.4549278,608.7694561
423.3421993,373.401918
467.3393014,463.1400525
536.1523587,393.7780264
435.4647672,342.2087167
372.8913121,414.9837333
589.069038,564.7375341
425.2769233,419.328404
589.2387099,516.1059515
331.6639338,270.9146932
505.104746,423.7539211
585.8552164,629.7123184
566.2258875,565.6590136
626.8773622,585.9163916
464.0461457,452.5628672
447.1619308,482.8059445
434.5900804,288.7000279
480.6563054,343.3509474
644.1823223,506.1962135
437.3720224,493.1523828
569.2853785,485.1514274
622.0000949,677.3799971
526.6295996,388.762746
325.3339997,275.5642647
432.475286,476.2773053
405.9745008,229.9974586
594.4331955,582.1271813
457.1675121,438.3937554
489.3040529,442.2988541
407.107291,348.6468829
755.2530581,566.1534681
468.4692709,381.6306176
527.3383059,386.139598
525.3778876,576.2399638
430.1946912,414.7206155
434.3750436,430.0654823
431.2581054,266.6447931
593.318549,395.5416059
500.9600638,322.5521216
366.1847381,455.8434912
529.5005046,504.306586
554.4082125,459.0910343
485.732636,408.2550153
458.8133501,283.1442849
458.9927363,557.1579035
566.1827679,484.5995634
535.8026556,510.5711257
487.0665656,325.6439664
499.8314427,534.5115134
509.2098737,551.2587585
546.3189541,466.8466911
785.9933493,682.4420735
541.9828209,428.9152104
461.2309717,644.3148394
468.802866,360.2014333
429.1061879,471.9196909
382.094702,368.3495214
626.3079311,553.8207049
683.3868665,672.0225444
554.4947685,580.4395833
359.0424178,363.4931798
583.143867,570.6961424
461.2990874,475.1958827
442.0742189,419.2252532
507.652719,354.1999007
424.6040835,443.1754241
425.5930107,430.6316374
455.2674256,534.9453146
783.6550346,599.1807161
564.8300407,631.4356495
693.3470647,534.1029535
661.5529072,483.5902725
646.0775147,515.1675583
494.133407,521.0964822
421.9437814,464.8518738
517.5455437,486.1890671
423.9037421,466.788406
524.4192858,439.840897
546.0268782,387.1637162
361.4201374,476.7515172
496.1693925,593.6857058
416.3979201,500.2764032
476.0273935,397.4570962
607.7263215,413.0546379
564.4436243,545.1297884
531.6547775,501.9839245
476.0545636,443.2240258
479.6630258,413.2869323
542.9470916,580.0208002
625.9632192,377.9515633
508.6790707,558.0326679
556.3539682,503.147183
490.1613633,329.125906
485.9007438,431.096883
513.6655087,490.0873826
463.9375372,394.5068387
404.553614,420.0532804
370.1947663,280.2908902
652.5709508,648.6366268
457.9986569,447.2048976
530.2114565,442.0208542
462.154498,389.9824582
538.153436,528.2104375
471.4382351,363.9212378
300.2635896,212.3038563
460.0959152,367.3702234
513.9270983,420.9446356
621.5533059,475.1432682
439.8918907,462.5996692
549.5398635,319.5955816
772.8259813,674.5517833
482.2545318,347.3998521
568.9742528,448.6723072
493.3449061,445.9869642
612.9307772,445.3893511
542.1198093,523.5662456
563.6675389,491.419552
551.3950324,540.3141248
359.8611395,209.2820561
507.6012747,442.6024705
530.509075,480.9688717
420.2989518,373.9674058
474.9511736,497.3141324
549.0183721,598.8512221
266.606702,348.8087983
508.1912993,435.5002179
390.9123699,397.9421144
565.8241378,568.387073
471.3729545,501.1495791
548.096121,491.3964098
353.6947369,215.2862618
629.9181946,624.2745151
520.0000846,459.6842301
472.4256455,384.8968103
456.4401428,453.5576349
633.7378943,405.5252775
502.654141,300.3065557
401.2598458,282.5660901
577.2233122,610.454622
547.7781345,319.6753578
458.8356322,397.8706062
556.6125371,522.298816
482.2229723,323.8423182
512.087698,503.2461332
508.6965526,392.6252678
414.0379582,273.6121584
630.1306073,564.6624774
565.6038491,509.1248889
506.6480609,484.5167725
540.6452098,459.7571783
661.1667076,646.5603873
542.9627235,490.2488458
554.5233966,589.9874644
505.0439949,518.8883374
543.1249654,511.8265094
490.279591,463.4184202
523.7053421,447.1159409
460.3954469,535.9854661
461.232515,370.5824268
438.1097037,431.0546854
372.074156,277.8788011
597.8284128,597.6666548
368.2406858,263.5523977
497.2343722,363.6425753
366.722988,535.0980601
482.9953516,474.4185861
563.3449442,517.4186704
606.7361363,551.0219395
333.9206328,309.6472683
565.6424145,536.1322679
553.8680992,507.2088185
511.5019158,385.8588975
505.8542088,562.2758962
538.8514605,433.2467594
632.4755556,735.7825201
473.577263,511.4886199
564.222475,472.6835096
549.7898882,546.5741087
597.5110658,418.7178062
384.4336193,317.9801581
446.6526383,484.2981826
606.4594641,357.7346966
558.6706653,479.9888236
526.3402226,291.5072806
436.6101762,377.1003778
527.5635476,514.6342577
471.0365426,444.4105606
598.9404281,576.6753336
536.8205202,447.1640185
449.6146768,289.0009582
407.2048619,332.6491775
440.0258917,519.6197257
374.5813659,489.2148711
462.8103819,434.0308405
483.5700685,420.7177699
475.3376988,389.8250619
413.6030468,339.357085
542.2472833,557.3925695
365.4779122,452.8098314
522.4513468,460.1080095
512.0535695,387.9945189
443.7210367,490.9622618
539.8519374,448.510652
397.3155214,448.0780777
416.7220071,370.3145723
576.2526857,538.1868139
507.0775385,600.0919802
530.013465,406.7914831
406.8345919,299.8442196
505.6361741,364.7077302
595.6178223,509.805888
562.7199938,579.0902797
418.1224887,579.8131604
610.9125703,640.3755782
350.0048106,471.3015946
459.3400191,406.3634547
348.3024713,379.5967597
408.4078647,186.3100369
442.5012183,282.1315104
482.0186824,358.8158074
501.7814124,558.323198
614.6265844,614.3994331
614.493335,588.3467925
456.8448115,380.5985341
652.6908369,491.172061
553.3554352,519.0056071
202.8738193,273.8102674
441.4955336,452.2550231
602.8136311,416.4187959
667.1453516,696.9563358
482.919444,468.2194136
617.0137743,617.8005871
444.8742632,223.955912
426.5887523,384.5709945
447.3860391,406.9740022
401.1056292,295.8211532
449.1267948,395.5749579
519.3186584,436.2240928
514.7305459,337.4071152
342.1071253,202.7721332
518.9311465,363.081788
226.4288097,286.7881533
567.2804344,662.2639821
524.1890041,457.2969762
372.2021128,284.9345631
592.4755118,531.0803063
391.4437609,190.4171932
495.3716012,484.9844793
583.1745334,543.1323622
422.7406023,426.2551497
679.2073433,532.992609
586.7528009,463.6199544
546.8641544,512.7251469
549.6516381,503.0364129
442.1894906,348.0981164
453.9594741,380.2563261
542.196223,534.1191411
267.1546138,187.5497828
684.5744807,477.6529236
328.0276254,339.1047496
616.6188274,567.6799564
470.8659712,407.019029
679.8949103,546.8034378
435.9777381,321.9232546
477.7675563,542.7884163
487.920306,254.393345
411.7442469,318.065315
558.7143202,475.8411584
487.5991201,478.2823973
358.0826323,390.3771423
541.5255324,389.895424
645.7067931,421.1956189
556.9337554,428.7046969
414.8923399,414.8064621
462.5299318,351.5474288
591.0096062,700.9116758
376.5927569,464.350471
356.1476738,342.039623
555.9267126,387.4007667
472.5219068,405.6469542
628.8818103,589.8632266
545.8450971,499.5664379
396.8979358,305.8127261
400.2971981,351.2838818
559.6389145,581.0534681
669.8812717,440.2660122
614.4317462,517.4878003
615.1135821,576.5569029
498.8059856,476.4022618
552.9149465,549.1007927
479.0862953,567.0028528
623.3467744,429.8515832
530.1920922,477.1478318
476.8318424,394.7711593
423.585424,361.9232489
421.5304147,372.9270344
561.5557318,371.5730106
675.326438,707.3003511
494.7553541,493.3609997
610.9539051,721.5332773
522.5459082,431.7548435
342.3385361,384.3051726
576.4751444,448.8642784
457.6693724,376.7475545
477.5316906,389.1620379
558.1774331,503.6507134
544.3426452,557.5239134
560.0947233,519.0982408
538.0556003,623.35199
506.5901741,353.3019646
397.1336012,217.7395299
451.8619479,365.6803434
528.3410317,500.4411634
446.6276533,331.4907069
468.4533054,458.3709864
616.5000644,582.2370435
594.1716368,563.9340791
729.9831128,507.6643171
437.7795189,379.7498255
608.6648218,534.4753261
437.2127459,311.9928976
483.3550721,508.5486101
514.9599354,405.3148592
476.8474987,441.9504146
489.2321085,424.261595
592.7878683,737.4155751
582.79671,568.9246443
382.1252591,426.749726
433.7899042,417.9258045
547.6635241,493.0417956
422.2441387,417.0809207
424.1676599,348.39461
324.3698535,371.5996212
422.2294378,287.8110043
415.0305608,384.017001
616.7795839,459.1800901
531.8604341,484.2585434
480.7231693,520.7540497
471.1737166,472.8839022
377.5686027,497.0225111
533.5403417,461.1574963
640.1512687,629.4335504
488.2007152,304.1680059
571.15035,448.9653879
374.2488271,364.18124
562.6462203,317.5456393
528.0420687,429.1093863
426.2092912,360.039808
432.5315517,446.0278706
484.8589091,334.5586432
555.2369069,449.8429993
549.5586882,419.3094259
459.0090598,474.950405
393.4573034,247.5068223
664.9974549,509.0770836
475.897361,321.8333683
540.6103672,566.2530007
536.0272699,557.3422223
524.4051423,538.2416395
451.1028992,437.8520417
603.9528372,626.9995558
400.6754008,456.4853218
282.1044576,335.2665323
384.0649532,372.0993023
434.0605751,441.2922238
499.5723044,360.8762789
503.9249161,349.6041978
616.5593642,602.5479518
534.2777061,586.1768111
369.6042888,408.32009
528.5210309,381.2093856
416.7434771,487.6124403
373.8432675,329.2054657
496.5033861,402.0450908
585.8361606,602.7114983
520.2555719,428.2430993
444.8755771,413.9797521
500.225672,445.8662863
456.0114669,482.3568487
478.292531,534.4422073
534.9300037,551.9200782
418.7403742,465.1728473
544.6107708,481.5413673
525.623224,594.9337523
466.6367882,375.366628
336.5832662,259.6717876
569.0538337,549.5649003
610.6861653,654.856846
449.0685849,329.4917918
498.0605586,553.8203516
471.7434235,448.8457512
604.0457923,553.5356747
449.4003174,395.2810822
521.4688731,593.6675589
537.9298773,452.8439797
538.4081887,616.8590825
534.7371304,525.6264067
541.4852498,489.8461762
493.9988238,490.4872864
444.3207017,348.4451309
540.1303258,454.4729012
492.3470672,386.735659
451.2876277,419.3046141
640.9530237,574.1313461
449.8561055,319.3258253
518.7255289,253.4218152
607.6425161,651.1390472
410.4607955,513.1258552
467.9459395,402.4895701
381.5874255,340.8993909
419.3350047,346.3614591
570.1822444,471.0686209
646.8006959,681.1968425
507.0268298,364.3296739
371.1655674,382.0751826
455.1466245,562.8792899
502.6933926,400.2941282
424.424713,416.8598071
540.4022392,547.1113171
471.7422932,482.2676354
410.4984967,333.6189921
562.6426811,389.4954642
604.8580805,531.1383076
517.7293275,486.6815112
553.4672749,638.6783317
379.9059687,330.5405995
636.012061,617.4315996
686.5107664,535.7721062
366.3747011,345.1259772
408.8074642,379.4772473
530.8490635,329.3565332
478.0436252,366.9499211
577.5370623,514.0639198
466.5228323,461.1765497
513.1468972,449.3729616
510.062224,356.2996543
470.1130368,304.2419063
435.5235432,460.0515137
554.8238566,276.8511377
630.256024,465.6790457
547.8973936,446.352327
319.1567498,412.7179443
468.9086179,462.1802712
103.1901207,107.4737134
573.2624064,681.729703
582.9545674,494.8656263
487.5434606,363.7822407
451.7749323,387.6471149
457.3253841,401.0440676
513.5687692,449.5300613
514.2251745,520.1026769
467.3187285,305.0553597
470.2993949,283.3754107
473.9268901,453.3272348
474.7453701,427.8241386
593.0688176,447.0247367
570.6980372,416.4864272
415.8531905,344.8105689
540.241009,379.4247718
451.7450234,600.8633152
396.8808011,414.4538108
484.1149142,292.408179
619.3956555,535.0559516
324.6515114,400.5841983
519.3177018,560.8536199
492.8125539,405.5263014
586.6389109,668.4815705
579.2550397,373.316461
549.7821307,461.9554725
497.0385668,491.6658413
560.0816881,550.9494029
367.7553437,418.5983142
619.3958757,438.9566318
616.0066288,584.5985191
618.7068095,592.7852297
361.9199005,417.2697803
595.0154511,467.1255889
482.2824272,421.2046889
690.5235035,633.1103648
467.8760746,484.1340396
606.9950822,504.7916098
560.4096774,398.6561384
484.3249769,357.1930548
536.1375416,452.5453983
350.3990457,299.865786
511.6894009,469.797054
527.4482145,458.8651108
543.8511821,459.9758969
442.9372273,451.8920429
302.3017101,403.3029159
491.2206702,435.261771
405.27391,274.3603685
428.8108293,536.1987655
327.5163659,351.6470631
488.6389048,394.9848843
720.1534018,664.1016648
459.1094017,414.6741279
427.3637934,256.2654896
436.2584766,335.9203953
446.2826636,333.2568768
515.6311268,499.2670678
551.0149931,541.4919896
387.9977325,185.8576132
314.2029329,412.08229
387.7476178,435.7274071
548.5589427,535.721945
631.4379448,487.7309431
583.3671214,505.1607001
406.3041956,384.4841374
468.7720486,454.6881894
673.0282311,473.3045768
285.0050499,305.7981147
406.0004795,410.0751359
447.8425889,346.636379
410.6489008,378.3046521
481.8858861,512.0977035
504.7112388,374.2698785
445.3360952,360.957168
419.5538011,460.7255203
397.7570445,430.8027246
337.0209124,245.3900873
663.881601,608.1014124
383.9792633,231.7999176
398.4195186,448.3534171
408.1033645,396.3003877
508.8074864,466.1757352
528.6480779,268.8891183
530.9183845,565.0385297
495.3138474,445.4325192
427.4020921,306.2766154
355.8023141,403.2679828
523.0662486,560.3505254
502.5738993,492.6361665
565.6694636,492.7216862
445.3313749,369.4560191
433.2151965,417.4546566
381.0227819,283.6719091
447.5410328,429.8264746
477.3513331,444.2326853
471.7329048,386.7270693
597.8476564,629.6482691
406.0019113,362.1764114
395.6809675,356.4031704
399.6271749,473.7716034
549.5274367,550.1830166
427.8362658,305.738903
447.2559725,339.2631669
435.9661784,459.9654184
589.5953805,454.9870283
434.3090091,285.7337506
510.9284541,499.3514369
524.9759318,480.2628061
599.0498002,463.7111322
519.5608724,554.389426
571.3884464,522.9446547
562.4042376,503.5715145
540.0229694,483.9846065
545.9797622,532.5138046
445.7339095,632.7892043
430.4936986,439.5670444
617.9715349,303.4312152
613.5219583,569.5078696
495.4767011,552.8029902
443.0658723,463.4144593
418.7777291,401.1774455
492.187452,615.0243502
227.1284051,323.4107569
372.6945479,224.7828795
644.6602287,533.3041875
689.4663665,583.1482066
533.0356803,482.1864618
574.4553837,505.6503418
507.9239375,488.4825667
593.324461,467.6222452
588.1887272,527.3329768
450.2002775,628.1691095
440.9756114,412.3607784
569.3460259,493.7466416
467.1711785,428.9125333
416.2393264,387.7683422
301.9223833,331.8563962
236.2151385,304.4308026
621.1725937,444.7121168
381.2697389,457.703103
515.7452379,549.5602407
520.568017,493.5895433
541.804262,555.060439
387.1701318,263.5681973
428.7734512,491.0257229
513.7188809,426.6367146
587.6716532,498.091544
389.3999582,382.0485993
483.3001122,463.7728975
439.9234751,313.8216953
511.0533607,330.5488596
698.4299184,520.7075572
531.7284466,544.9253822
535.0060118,270.8189169
334.4131812,306.7352864
524.0797607,445.6157124
632.4124514,595.1638012
549.8147299,343.3673436
616.8548092,539.3891778
226.7922604,290.9447614
540.3122324,536.3497542
568.8263994,478.5558125
422.6930497,491.7652745
486.1231452,548.8389494
582.3031513,542.9952713
270.1880496,262.9832214
326.7964146,289.0709901
554.8434165,434.6445187
505.7773002,468.3314506
618.2143987,471.0471591
541.2255939,442.7053991
612.8466257,396.2600436
401.3137177,411.0053477
594.54615,514.9962476
621.0353105,665.4350272
656.5769356,522.7571715
388.5118098,380.4790749
512.409461,423.1084211
529.6796878,446.8682926
646.6895544,390.6671379
499.2666571,527.9934766
451.6070073,500.1827146
570.7615714,596.0138715
436.6521433,406.265092
559.6956572,464.0183115
604.29797,440.1313486
665.8370828,575.0452753
482.1977109,343.9763086
429.0283111,437.3503057
416.271867,455.3065717
598.886307,635.5681714
375.4885711,418.6614299
443.8675435,470.8605533
494.3274414,443.512616
470.2102755,343.0410372
421.8472202,438.6437828
480.5561741,337.8488451
400.9897779,400.2643763
492.7040311,528.0268522
497.5230647,673.4843964
571.7636641,407.3722435
468.6670527,481.3169525
540.6526338,453.8864433
545.6584364,371.6986933
497.04479,436.4203926
465.1379804,446.6278303
671.724724,540.4819143
435.2653966,510.0500905
639.820161,613.8817109
592.5404787,507.3919548
525.7934961,545.4228508
556.8966118,468.2051737
584.6116595,510.956298
629.5772267,611.1459265
449.5574963,294.1958137
578.9279352,525.0816184
525.467705,426.9799509
484.8180321,459.4613281
489.6914559,427.7670238
416.3409312,341.7380819
652.8627717,511.7966127
427.6134242,423.3946108
431.4837964,534.3124737
508.3477761,474.5392206
352.9085786,273.3942498
512.7327724,353.9661844
548.5212041,468.2555581
405.5389237,289.4986892
480.5436663,392.5319209
531.4671077,490.2369487
685.7434987,606.310734
607.589912,477.5118073
637.8847562,446.9961742
573.4666362,649.4482956
507.5325559,449.3405325
366.111988,324.0974
441.9779874,486.774194
559.6686726,601.7674128
490.4288871,498.451732
682.5478086,511.6890154
542.255691,406.6190296
510.5076938,564.0509571
477.8172587,372.6517421
601.6975438,522.4685505
512.9249569,517.9149096
566.9912167,449.7760584
516.1487224,547.9723579
473.8151489,551.3183573
368.2389427,381.8998131
390.4085264,405.2566922
563.6349979,510.0838671
362.2294946,418.0505543
557.4756478,282.0238541
616.5660035,566.8290334
429.3503209,366.0081712
500.380553,481.2904116
396.739904,451.5351686
488.3773248,482.6426737
437.9378127,384.6605045
416.5854852,244.0493206
519.6390687,331.4051393
368.4258625,265.7139044
536.7449172,442.0307226
564.2977786,406.1250106
381.2581551,412.0926234
619.41477,470.3030574
561.9447001,527.2712389
607.3942771,795.9998332
551.6037912,484.7558605
569.8250032,575.2736942
639.5040914,516.9116848
340.6970121,411.1589728
488.9895957,417.464838
536.4133316,347.5221441
512.6557277,553.5571607
553.5212186,397.9092558
386.9037194,330.0704112
424.8530994,306.8257223
497.1538533,519.1135396
492.6382165,527.729662
528.3986121,525.300152
434.766149,393.1362141
673.0092187,680.0776915
543.215987,551.150673
499.8160078,555.9313737
540.4062179,565.5208303
666.7345758,618.1674414
456.1641996,376.1850017
493.8250988,385.3960047
534.6106551,564.348161
375.9286964,408.7904307
542.5172908,471.8819129
384.0974209,357.5795654
520.4028621,469.3851831
423.784278,521.65038
485.247904,485.5534787
433.4981944,416.2125529
534.1581948,504.5964125
544.2165736,431.8949782
452.7099713,386.4520122
463.7357606,364.51555
447.5748933,353.4717209
325.1128254,289.7847275
405.6730932,490.7757867
621.6593775,418.318863
433.6226358,432.8749834
529.2109166,529.7820078
474.5446369,407.4324561
637.9273273,529.3202906
691.7303338,511.5915648
398.1851869,363.7576763
424.6172912,509.7432496
405.7547403,327.9505617
467.4412871,454.2260269
554.640723,490.1497042
442.6938594,442.4438506
625.5852215,508.7436423
488.9299558,523.373252
590.5896309,632.8371615
545.75876,586.4323232
616.6125677,505.1306603
492.2005532,470.7728211
417.3896309,486.332627
407.5241222,417.5258451
509.7810395,514.944578
473.6166222,519.6404377
610.2599767,459.7896614
517.1925311,406.0906627
515.7886904,494.6202863
510.3816381,451.6437401
448.297041,459.9604382
638.331883,531.4581492
555.4829109,363.9583077
439.9775644,282.2990767
486.1232554,392.4555911
426.5078679,270.6480702
551.911139,381.0642811
520.8001298,429.4029915
315.0583291,313.8909429
508.4682816,430.8913029
333.2186646,382.0362281
586.5089743,392.1234103
496.3115004,319.8559864
472.9779365,499.7747429
439.595184,190.2781337
475.2068605,536.0511135
460.778834,407.7206743
537.0715237,415.9977823
469.1341208,401.9893854
502.1595046,353.1101376
390.3222608,470.9421342
569.4395833,593.5520459
541.4411284,574.6449804
638.9467304,484.1406766
399.2760889,337.148956
374.8813532,332.9346516
549.1048565,299.2135743
635.1465973,511.0606827
445.7007489,359.2865063
440.2562614,406.3242591
394.7371671,320.1185618
683.9781766,520.6740932
514.0254899,462.2347702
584.5428956,553.7129818
692.1737587,544.0743829
615.0955614,526.2542101
718.2930027,464.6833167
699.7888338,651.0425419
404.2556632,329.2660283
519.2466034,386.6775142
533.9828524,401.8826479
426.0407556,442.0765778
416.5012392,374.4087494
639.3302597,745.7258852
558.3998253,739.3186333
437.1375281,356.0260793
611.4989858,380.5131159
454.1845854,455.4196532
493.9799888,371.4210351
487.2005275,424.0497299
434.6596384,427.8855864
301.7881127,344.1409492
589.8378619,402.0247176
448.8478479,407.5004929
398.4773898,381.2206503
604.525255,589.1994987
639.1223499,539.2074414
443.0337481,498.6990009
655.0140237,503.4757181
527.1604816,612.0487
560.1021325,519.5006561
393.601456,384.5445659
490.5538238,412.4675184
467.6804759,502.0532468
542.0713368,515.8482049
675.6821806,670.2607436
644.3816088,579.6232585
599.8786947,481.3821957
463.7231662,349.8039177
471.3601604,479.7798163
454.5057759,274.7591619
452.7616995,352.9744709
653.8852229,547.6896662
428.1517353,368.5688539
272.1669827,355.7046134
627.4241039,435.6877516
509.1481862,623.7195667
491.8358689,400.8909621
540.2620024,306.7286574
636.551386,609.1885969
672.1129566,556.1444086
514.4195604,436.0788915
710.0991702,437.1734302
382.015494,428.1031803
539.2456847,472.670549
557.2001898,449.8275555
410.7191585,534.3911584
541.0489498,609.0219827
495.5620515,352.7439163
524.1269794,396.0427143
458.8415391,354.732151
526.3835829,416.1125385
576.9582251,462.8429937
489.5804994,414.644075
476.4404157,322.2154708
536.3170162,329.6652047
598.4819556,456.388408
477.2885009,465.4700095
562.9461311,505.259654
522.7052713,464.7644801
553.8239541,408.3162945
567.0812837,472.7405056
665.5021338,584.553112
447.8243467,520.6773342
576.1339915,569.3717597
560.2565883,505.5022139
721.9206083,495.9822646
398.9216958,344.1809997
474.7715667,486.9919987
464.407195,422.7880089
456.6670736,399.8476487
636.6640914,519.6123594
443.2731176,328.3221791
563.4467355,522.7985924
500.9816694,334.4448371
361.3501206,503.529865
590.6088071,421.2117004
388.1144799,318.5757835
597.5407192,523.4802156
569.3491989,536.1991496
305.2025199,413.2838372
403.498252,354.5107162
471.8012994,418.9467587
429.1630671,421.755271
500.3740295,368.192361
501.657827,573.2966798
518.5967182,288.8976651
410.8524532,421.2581331
448.8445971,474.6312077
494.8652948,419.7756491
618.2904991,657.2005754
762.2332677,549.961666
536.6605891,328.6903831
599.1732358,416.9416267
605.4546501,429.1082704
567.3050856,457.3541126
463.1618465,472.77376
477.8249787,488.999037
489.0783556,368.7997177
439.376726,289.4375796
665.2503932,670.8257687
438.6835824,425.5267958
390.1128683,367.6146425
492.2675424,429.0724235
367.7075149,533.8722896
474.4246107,476.2463483
481.3336835,365.3171982
485.5792907,415.7754721
555.9149341,506.21905
594.7273004,592.0009946
549.3092877,587.0666052
472.036966,388.3207751
562.0585026,490.4365417
561.9835533,460.5627578
597.1872208,457.6655704
656.9962018,525.9007096
385.8671174,313.5297097
488.3886506,354.5090786
563.0183672,461.3897071
443.1787491,461.7883221
559.1925731,520.1070198
462.3536469,385.5903034
307.525576,385.1919743
506.8927541,365.9904641
608.2605198,581.0265238
500.585588,536.855383
521.0230699,234.7010101
557.6790508,322.7505778
493.8356897,379.0143333
531.7113642,459.3851648
478.6942615,483.5619732
482.3441928,452.8208889
465.1684387,619.4760307
594.0421397,559.6398014
606.2962211,534.8532498
524.5616449,440.9708539
482.8997825,347.347725
438.3026456,433.0560161
643.6894383,613.736988
452.5374627,339.613118
508.4908322,393.5353628
571.8235862,434.6087809
460.8020621,401.1869939
538.8625942,395.9409333
440.8283798,431.7984715
343.2310713,380.9468637
608.3375279,557.8271457
557.1727347,352.6162547
471.6011712,371.6395149
428.1310326,583.6999282
455.9073492,501.2272404
573.7433406,434.0459352
596.798139,578.9337513
563.4021227,555.9605314
356.8427924,447.6205466
452.8639466,504.2887789
638.9022877,329.3973603
408.7392228,282.0226197
423.8112483,506.8665123
492.1705367,463.040588
300.744584,257.5253781
523.7542246,335.5155419
343.9789947,496.7727339
463.7333103,500.5272984
634.5215283,405.6120604
502.5523094,351.9801213
468.9391211,294.7553615
502.5384431,404.808134
459.1737152,514.5551421
587.6441362,460.9333924
590.1493675,379.3762015
393.6457138,381.6456186
440.4973157,372.4855435
302.8309993,327.8278595
379.9411402,353.2871783
386.5899686,363.8926428
422.4312127,333.7979744
641.1309043,483.8407402
509.8637319,419.8152927
560.6589163,378.9692012
412.1628619,384.7364098
516.8599607,436.0618515
555.2803697,571.324309
431.5737019,421.025395
495.6315443,489.1752562
564.115826,445.5919325
674.5955084,558.1341916
503.5385884,510.4547172
420.466738,393.773824
359.234802,421.0724486
483.4545247,414.8908565
597.2641246,531.3552264
384.9778496,382.1995005
705.5280981,686.6269589
532.8396625,543.6570627
455.2077089,480.3195265
477.2232719,388.6748172
732.1723145,549.1439398
696.5352302,734.8729685
549.755355,538.9385267
279.5247369,177.6839597
459.9353527,334.4783313
616.2288233,517.6688965
540.3147301,518.9570379
641.5125491,604.983244
642.4717522,491.5031974
438.0173241,430.2422474
443.6610822,402.048014
413.9619527,300.7551119
474.4024329,580.0285811
478.8986936,331.649806
267.5221317,307.4038048
534.946206,390.5117064
404.7869438,474.5486129
606.1731535,638.352026
523.6736995,443.8690821
589.1019561,366.3170345
581.2905969,458.767616
477.5481218,386.0609791
496.8023756,509.7806495
525.006894,423.3219949
398.8922595,379.3545401
550.9129435,434.9845775
427.9201329,395.1643962
665.9288157,559.9497941
432.629125,541.878183
602.010825,540.7394563
365.4606339,354.7467965
322.4648512,285.002882
390.7367671,349.1011323
541.0033089,489.6872673
614.0675753,579.6869231
434.6291751,382.8426273
544.4882139,526.1112347
475.810227,461.658059
525.3127248,382.6369383
509.6717709,386.7480359
509.8380521,562.1273459
516.6339505,473.5097811
727.7921783,725.6267262
408.7256568,283.0873017
522.2659716,474.6824849
395.8895759,328.5594242
512.4317808,489.397461
529.4693488,397.4659002
505.9782596,504.2549845
634.2791972,564.8259533
504.1757852,391.8919416
498.1599237,495.141272
495.0701678,504.7962305
433.5163675,283.6204751
513.2141201,348.1524493
475.7000779,282.6365058
581.0318538,416.6160541
486.987888,562.1538216
594.966308,532.712259
504.6958072,582.1331572
294.2872996,288.8359297
603.5025293,352.5132336
565.9516525,602.8187027
390.0793781,345.9299918
467.1384919,485.3552661
366.7564959,416.9752289
681.3567942,629.8495675
521.1339552,537.856271
454.5892731,474.30886
573.2459349,599.280724
523.336106,500.2644091
491.4653993,510.4650538
653.985715,586.2218617
566.6285656,599.0115993
480.5840548,499.4674935
336.8286083,384.9080626
390.5460395,325.4350341
455.2451541,440.6718106
346.7709842,410.558443
471.0257897,355.1487917
569.5844567,510.88492
453.0364604,418.6079867
470.1839671,408.109826
354.4392286,189.5016838
507.5946317,413.3390729
387.9088389,375.9740458
548.6940446,493.5494843
601.0537586,632.0539436
610.9528272,490.652618
455.0915782,356.2461541
467.6814528,408.2787255
449.6186836,485.7267846
738.1444344,625.0184644
406.7270551,361.7135297
549.6855243,438.0478915
527.886018,357.8136498
445.714081,552.1882201
641.2210276,628.820582
506.886043,536.5256049
602.5057952,530.6032568
519.9400687,479.8724128
547.5294539,411.6130576
417.5507045,366.5455446
556.0716537,482.7429615
500.1726252,564.44022
468.9826612,449.8887939
501.2873182,520.3687785
320.945659,266.3508639
580.5569477,600.8395219
527.7002429,641.8423365
515.1873248,579.3225213
451.0801928,401.5053991
602.1084144,387.8193061
496.1851801,292.2474896
433.092078,421.842022
550.0677713,447.4358368
499.0584798,434.5575935
511.1574047,318.7512005
679.4175736,648.9903165
446.2243595,460.7370168
452.3066892,499.8339351
458.5472833,395.2284593
436.2949675,406.6601043
552.0053348,545.5838076
426.3344782,371.5139636
530.3402583,419.0515896
548.9898718,460.9888096
484.1303814,371.0081305
546.8297121,352.1065748
330.3638588,344.6262463
329.2661211,283.8348548
497.2299424,440.1881031
459.1207512,532.1345327
400.369358,380.043184
588.2744895,503.4531912
424.5429792,353.5351067
571.6574434,450.4363084
429.4155285,497.5808386
474.6501522,551.706948
596.5526758,481.1458572
365.9447238,272.562974
341.1094576,263.9749967
456.094134,472.5578995
319.9789281,323.6776602
302.622372,326.5900773
438.9602777,336.9070609
536.2194588,381.3923478
472.7236409,378.5601438
550.9021883,503.6094456
541.0367251,506.3230238
494.282295,537.2486445
402.075666,495.9672223
419.9300637,355.2313683
467.5152286,366.9874535
530.3629298,563.2970573
349.6361032,192.9418316
649.4284946,635.3111976
454.139236,418.843247
491.0291061,244.8353991
477.0945813,351.0387729
727.5016235,463.9907131
603.1929649,420.111259
612.8880128,671.9807082
592.0499525,508.6827586
627.4901742,555.2797178
445.7660898,325.4582666
492.4365716,290.1684242
561.8640346,518.6508552
605.899501,429.4404177
414.6207382,343.1201451
473.2084471,442.5153265
455.0052197,417.5300308
523.2784668,457.4150681
510.7492088,397.7903566
746.3633147,601.8331218
546.5110024,562.9213057
522.2486979,537.0864675
414.7871828,453.4170711
602.0088331,533.0134915
471.9753492,460.5246349
540.7100024,565.8952711
524.6067093,464.8945212
613.3951426,532.4997721
555.6201559,488.5844797
588.4859801,466.6394202
524.6802492,510.6155978
428.890703,407.141257
558.9266119,657.838731
582.7616188,670.3637091
379.0990587,530.7310685
490.0157348,460.0973539
322.4641314,376.3111696
499.567309,562.2171347
422.9891177,398.5223683
433.1863972,366.7893264
369.8234672,291.7966172
389.1595067,272.0572367
488.2775703,438.2581018
451.6628227,485.7469983
560.9266013,403.5113938
581.969229,346.5363004
569.3798328,428.774801
379.3868868,317.7553796
476.0006844,287.9775168
404.5677428,348.7419183
538.1168225,451.3217472
555.9286995,485.7545476
587.9819711,444.7576101
633.3822663,598.9054725
406.54425,393.6101674
632.217975,565.371355
469.6073849,546.7981721
537.7950009,446.9453678
477.90513,479.2969256
377.1629577,367.2813457
356.2624276,307.5873294
718.404923,741.2767302
746.7694852,573.8237895
587.9846958,495.8076305
563.0140033,619.3853848
435.2633921,444.4264603
589.6952525,624.9093756
537.3481586,275.471048
384.2649451,413.0675492
607.2951912,539.6856023
429.5746901,476.4243617
372.5631993,334.5764691
436.1387382,446.4753406
430.9994773,563.3489188
410.4707547,344.0272421
506.0572615,462.5055562
534.2108725,507.7708618
400.7704854,223.459792
405.5824711,326.8473887
531.332464,591.29068
665.5350409,692.4627763
411.8384466,517.3664808
503.3490838,604.9343519
575.291691,572.0864729
432.3266576,334.368316
552.3520319,519.3459975
501.6818228,543.2162583
721.4721476,645.9816075
521.275868,540.9628998
637.342072,493.2367063
680.4242854,546.1527755
448.7929944,556.5664514
578.7223896,658.8931222
539.9861335,361.5161721
720.6852974,723.1499429
482.2061301,363.5218478
537.0361555,420.6475443
363.3746854,279.8217328
414.9110144,476.3944039
324.2893998,249.9557078
511.8587445,446.3184843
545.7381312,510.105773
565.3861569,484.7642801
499.7735043,406.3334438
595.9171427,517.2490383
494.4571331,326.9033143
575.5352495,530.580174
507.4300959,419.5773191
451.1372142,420.4502839
526.7913209,563.6049891
442.8440474,389.1079374
665.036038,473.1506139
533.5976828,506.1358415
471.4163948,431.6951477
448.9586901,310.314731
590.9965763,428.3235509
337.9700773,252.0824124
559.6162989,525.4269475
704.2561911,499.5036356
498.3794977,416.8974871
445.189477,402.3306077
500.5211464,260.4367333
354.7709946,327.1094287
526.2862529,465.1123342
541.0820044,412.4320827
346.3949645,352.7710295
386.2725173,234.0152556
639.0161213,556.6941836
501.0320794,506.0265073
519.5218696,619.0786012
657.7367977,577.9284416
573.9524518,525.5534478
590.142183,463.048994
629.3871288,624.8467647
448.3089086,376.1302557
652.483348,551.0865718
550.813106,544.3929015
557.5543112,527.439181
409.5856386,331.0370855
536.472358,461.308195
452.0278436,355.6773064
491.9376699,412.9965144
571.2334106,425.5099991
367.4079789,273.9978129
509.3836055,305.0114844
525.9027136,590.6324562
409.5881873,234.1415189
370.9071716,415.2163491
625.3909181,428.9063441
449.1923523,463.5375198
467.558957,459.9107755
394.7458496,202.4203589
524.4026235,351.0202362
571.7685935,494.3054641
534.7087122,389.3052566
580.1364023,557.9134386
437.4758694,498.7512705
497.7262778,426.3098724
611.0098966,522.4676196
528.4582796,395.3568966
531.0295626,550.3613592
599.4638521,628.3938258
480.0373032,407.1411055
397.1455733,452.7061363
536.188642,351.2540769
479.0126471,483.3268266
563.3358052,492.0638718
709.2829268,564.7701196
462.1195037,336.8475379
622.6550062,413.6200121
686.9877264,635.414524
523.9852777,296.7383693
484.6739145,416.9380392
532.6672512,559.6256799
484.1829412,360.2098699
402.9882844,382.3893832
584.0347087,459.6916347
600.9710003,608.1583662
493.8198938,610.2190199
411.6368913,329.6032524
493.4983022,331.0555633
569.2607999,573.0042807
557.9524348,494.3813693
430.333206,305.5248137
349.1680634,331.2477344
623.723549,590.5024018
466.9529692,557.7601015
482.1479596,549.4791749
344.7626493,152.960512
359.3719398,321.8530263
507.3478189,574.5695648
500.207431,439.4965027
516.2070213,482.3650887
497.3501297,556.4153211
478.8488689,330.9058126
361.4898043,384.8750098
526.1058667,417.0443672
689.5375843,673.7983737
617.2985909,682.1952883
562.4055773,495.4312951
323.4941873,270.537055
304.4633687,304.3294542
554.1232694,453.5057635
530.8796696,445.6216673
474.6692629,322.638707
474.8669617,390.8129723
410.6118324,355.9641796
405.5904271,318.3930528
548.9549809,561.0553659
644.1386287,638.8429291
370.0254899,462.809952
433.3726784,473.6871072
502.5624059,301.1756193
580.7512672,475.6287559
559.4901738,481.5530716
469.0202175,462.6205979
510.0314879,384.5789977
608.4121437,499.746619
539.5338024,158.3093404
348.1142813,345.5978703
603.7542162,517.9270561
596.1365474,642.5220499
434.5828247,308.6823972
371.9995481,370.6912298
444.0890985,365.0787481
549.6457442,410.6311686
528.8384957,465.5520776
512.4125722,389.439698
459.8003483,334.8578921
546.3477635,416.759144
429.4448782,284.3449711
417.8304402,327.5997022
559.5237045,524.6067592
552.2696216,448.397346
436.0019398,517.0656858
472.3296537,517.9846325
478.4197306,528.6056585
497.1653946,442.2948646
517.6874754,628.741095
443.9692858,436.4397484
390.1671725,317.7226372
454.2055681,380.3752581
695.2488235,635.2253787
632.6365795,574.9752097
615.1090691,544.6824843
598.707224,616.4321771
437.0058441,335.9829437
539.2243175,464.6388173
448.4456619,504.7073903
477.4222943,646.9697397
534.7117597,366.0469623
501.1848659,515.1889309
502.9003566,267.4816238
453.3820972,415.915056
406.6048731,262.285232
483.5883516,441.6101423
489.2438524,429.8657291
520.1873277,485.676124
505.5820186,413.0537503
456.1707639,496.2979269
544.8512282,447.4782366
442.130887,349.9957286
525.2051439,444.7665866
324.7539484,191.3697172
511.2905614,393.5091238
597.5765016,396.9204493
485.1281045,421.8422425
561.876522,616.0549753
595.4219231,422.7960304
731.5364823,690.7002555
637.6201293,590.3850584
369.1572138,465.4755513
614.4977387,577.3978057
576.9692218,514.8504266
666.1904401,685.4734376
441.6178559,524.8892346
370.359101,413.6394838
563.1436306,500.5630468
624.8724549,527.2523536
566.0614156,518.3664941
569.6691491,377.5139947
397.6320997,490.1566172
569.5571278,557.3178187
540.0075822,547.590093
598.2137399,492.3550052
668.70992,537.0790487
380.3662158,341.655304
363.5855048,450.8807029
566.1428731,432.4382155
560.0424856,554.4760773
506.5512052,539.8191641
488.2465298,646.5698798
485.1547467,517.4261596
402.4282224,373.6936203
419.236204,365.1543041
393.8893853,263.7053082
506.5514845,496.5381174
657.4321329,718.8709668
544.4988963,462.100865
444.8007767,349.0075849
524.2248044,438.840105
445.118068,522.6766988
461.2076021,418.1069333
461.149874,625.6843975
486.8946462,452.1955274
423.8640095,438.0813891
569.1885585,603.4674476
483.5715083,357.8046133
462.1413246,423.9400612
518.0012907,528.3325218
583.9407421,494.7976398
478.3893697,448.8935375
605.4106359,687.7082827
582.627387,528.9818154
401.2733449,513.7990056
377.7866819,467.7892482
530.4518638,442.2366933
379.5837666,384.7677875
433.6568233,419.1639917
377.4195704,434.3135204
578.9499858,534.2872371
626.8144077,510.2562631
446.9171482,404.7186932
493.8363356,621.2281479
623.2612398,544.4452827
602.7434613,457.6256734
509.2770147,436.4194445
633.9685956,626.3924722
434.9106689,401.4325473
570.3115734,555.4282715
491.9976824,458.9742702
504.3460746,592.1769132
422.0705675,460.5977267
659.88043,532.2744016
472.7492666,290.4253297
541.9989068,362.5625494
499.0498302,398.8598242
318.0139783,345.9854495
635.7616596,528.6672043
516.0081656,589.3595476
513.0562724,388.1165599
421.5546791,337.1009811
444.5561799,417.3522277
582.6140082,586.3217453
601.6055556,624.7652008
424.0805126,333.4181168
427.3768683,433.8045645
442.4551923,388.8936263
462.8702973,303.9574622
367.3900373,310.1484359
532.7131675,485.0562644
583.18563,430.67543
318.4461611,382.7160716
553.5908357,443.7497726
542.9678628,480.6114205
479.6029269,484.5898922
471.6686379,421.2130099
596.7618404,448.9683772
474.1495291,469.4967488
338.8865313,419.55753
467.5644441,450.6683764
357.4885476,302.5576975
446.7194529,233.4944722
315.0961088,208.6641936
505.9681676,396.3162698
459.6649071,325.554869
533.8495111,703.4679053
359.0850645,371.5537463
528.3261407,464.1507259
512.540982,395.5221934
359.8283807,324.5337645
481.6416119,392.6986649
702.4267311,622.9532601
516.1223932,362.8312593
490.3005693,526.2942521
548.9712428,397.7862638
485.9005566,457.2857773
531.1603152,620.0802578
459.9253646,354.5028789
387.3654774,413.2917114
355.6343564,303.9769183
475.5409823,409.1026252
479.8892312,471.4524015
542.9539372,445.8646125
518.4602757,390.9102252
401.0463663,348.2003119
513.1315695,371.2494653
534.6971471,485.6028141
378.1869943,313.2466765
431.077007,254.7749701
512.7611794,539.2748483
461.7536066,521.4103572
449.1094208,383.4667097
488.7504383,507.0975254
579.8338776,538.6237931
580.2203124,594.7731868
403.0018259,423.8966606
456.0672584,410.3234569
673.400084,557.6886583
462.5527618,449.5628224
467.4842967,451.5254033
537.7317471,458.0808697
510.1679035,469.7198229
680.9102853,419.9022612
480.2963135,491.6602245
606.4112241,601.5700459
452.6347663,451.9036923
553.108151,512.3273961
620.8139414,566.9170249
525.2840042,507.6352035
277.3470896,146.1064498
400.6696427,338.0804375
535.3656042,484.959003
421.5271872,478.2783809
406.7542842,285.1785159
503.3122193,505.3470176
510.6810548,436.278374
385.3549474,400.1210888
450.7054461,430.4408057
489.2466177,516.0553245
571.4342213,461.3401446
475.860393,463.394603
531.6843827,436.9361736
522.8439946,502.5210286
496.0904183,491.8845784
429.2660519,515.2241163
503.2284784,503.5728218
689.2157066,548.1310302
488.2002964,477.4529491
454.3766611,366.54411
491.6911101,508.7913008
720.6618854,689.5000474
553.2869596,569.9225978
702.2650109,701.4013734
591.0286445,366.985067
355.7525888,483.2381578
614.6405769,635.2601867
564.8423319,498.6709379
489.8528701,515.9725761
579.2425859,397.2956968
505.1160471,384.8047308
468.766183,474.7785615
379.9643309,486.9154665
619.4358096,503.8913801
505.4087056,433.4556176
334.3218703,341.7722219
463.9070692,405.0518003
406.7768726,565.9381252
624.9921349,607.6307014
562.9095122,554.2287832
443.4686041,455.894537
586.5746764,528.094638
359.8234397,357.5315777
341.6674786,219.2362672
469.1946897,442.2141476
563.6089346,626.9253886
538.9882781,504.8917693
437.5047239,395.1954857
559.2388022,410.3557405
559.379086,493.3200927
559.3110996,680.9018551
511.9754458,459.2555302
489.6697514,474.6203628
577.5816767,540.4208396
500.0789427,453.1374301
484.5873288,538.3634253
604.1396722,540.2511289
315.989034,337.6900253
404.9596087,394.7954278
439.9298585,510.6144296
469.4840858,406.3287098
428.186304,490.4561753
613.1814702,486.8563669
391.2696065,428.8673795
635.35073,483.4257313
389.0153391,295.4815711
574.0584869,536.7832032
483.7348308,221.6290367
343.2293483,388.8520486
587.0994015,435.8333437
446.084445,319.2663576
519.3159283,447.9626419
367.4935253,252.7706081
367.9961573,296.993605
615.0384443,431.0968251
576.6942644,503.9104617
580.3128222,526.3248999
472.2573281,474.0435128
580.2301118,656.4854176
564.2139383,546.1092632
407.8562843,439.84628
441.7963828,341.2713089
582.3593326,434.0432165
451.2252294,409.5567207
627.2060429,603.0449702
597.5406843,468.3468715
415.8088418,521.0661106
510.8504176,424.9033848
432.3845987,413.6194841
585.4103899,423.7544923
468.7280109,458.9162686
514.2051118,456.903828
457.5504302,418.2950962
548.09553,443.3181633
514.2572452,465.1669326
365.578007,238.9883753
441.0321499,400.8379803
408.8018736,388.1310729
385.2601935,259.1113204
554.0852112,519.8109701
630.2641648,527.478387
636.0985317,589.2546753
492.0539094,535.6663612
497.5959831,556.4702622
502.9879798,509.7487894
680.8913597,587.2132549
332.0175651,364.1579928
404.5785431,389.6368753
659.5848626,656.8273388
586.5868293,535.1465053
456.6003414,458.6843024
572.8559941,526.2642125
527.0466114,507.6267631
440.5788119,443.866394
463.1965674,380.7212149
530.0908754,471.3873348
547.0422136,598.1447861
434.9927595,343.2894361
498.2594138,325.5987605
633.5950702,621.5833235
524.8469552,513.8941846
431.3080264,408.5504001
625.8157156,661.993291
530.4667832,447.0722164
476.1653971,571.3455347
404.7959878,287.8453838
437.8080388,480.8592983
590.8827373,461.4940055
669.9784985,465.774622
415.1085585,363.9415663
405.357158,499.31812
498.7997359,530.1728373
480.1725413,462.9281522
450.383303,553.2301727
418.5788699,524.8711538
524.608152,529.8240793
638.6107524,560.7609801
507.5507793,345.6702262
321.710285,295.4730674
618.4063915,531.9005138
344.8253519,237.9366351
493.3641653,423.0999599
421.173151,423.6545943
552.6444894,487.098796
526.4519672,397.5140047
433.7995458,441.8137164
479.5528072,410.8523352
525.5109074,427.4012309
368.2578239,317.3664039
652.912811,419.5857214
422.6279728,520.2713902
421.6542758,440.8289262
475.3645084,485.7220845
614.9558193,416.3169905
441.2599955,404.8493519
263.1740106,376.7483207
486.5673751,594.6087081
483.2262452,336.9772373
505.9651594,473.5362935
683.7590047,484.9709554
395.1353852,293.6094095
564.3365554,521.4487422
538.5609839,526.4620941
583.4685752,553.8403027
263.4584855,338.0146219
684.8335044,525.0241018
528.5726993,550.2204859
394.4762377,470.2851707
696.8163656,505.0320862
402.0613536,470.1812791
608.7289276,583.2478665
460.4532591,411.9788808
521.3616067,423.9282573
366.5641703,308.8731919
484.1930512,417.6756684
453.8107577,364.2277873
452.4946511,424.6743975
561.2762759,693.0854327
418.5086416,430.5173085
610.1048125,664.2198683
455.4862428,363.571203
405.6329202,418.8792968
512.1582521,406.7431536
352.723757,336.7913327
719.8495942,527.5856579
527.9764472,269.8736204
554.3315715,416.6132688
616.7484598,605.7222026
383.0265618,487.3987537
627.9465426,669.7412701
493.6688323,521.0614284
553.041833,596.986355
456.9499392,571.2849298
483.9562867,568.6892393
560.7616149,574.2031548
573.7314145,395.4706675
555.4938294,368.8396149
530.6316911,523.0004879
637.8613887,671.3577807
572.7649986,458.0436898
513.4902906,426.0801106
576.2845231,527.2848108
581.0598165,570.4516502
504.714829,484.2199637
460.2403035,409.3319521
576.0827499,513.7976278
470.0987886,380.739135
438.4157015,414.7635116
324.7596186,315.8460754
477.0256144,416.9373934
534.9215726,578.5145504
588.1557923,510.2068114
230.3059847,222.9819871
687.8478041,564.6242333
560.6937313,563.5741105
571.4676361,358.2047375
476.031881,318.3534024
563.9917181,482.9520171
508.1888639,359.9203819
433.5376389,392.6049867
420.1263827,319.5258112
693.9459688,610.4138374
474.011256,462.7605662
586.3251672,535.0554844
710.513524,602.7163435
429.0604445,429.554341
372.7147717,357.3597719
712.2474281,526.6898331
426.3489144,454.6084201
404.2392321,288.808505
372.1314806,280.7480475
598.6273794,660.3962608
577.8754936,498.1100338
429.6167514,421.9529704
498.9549079,556.2232432
653.4482914,523.6893935
434.3342373,383.1497101
438.4086029,358.3528088
590.8699578,580.0235528
344.9585624,261.9454826
462.4902578,500.1175269
469.9119388,416.7029586
663.3330679,535.8908095
510.9013724,540.2129514
418.9636082,312.3947125
311.4132238,223.7054495
604.0565912,608.5482956
472.2659713,420.4143683
426.75566,437.6663476
513.9494652,424.2238315
589.488513,517.6981131
478.9878483,480.0912291
513.689345,600.2032305
368.5471783,426.4159077
580.6866549,477.156547
473.2916332,346.3982414
520.4212034,415.1576209
593.1557838,546.9710505
490.3814729,327.4140864
510.233845,439.6586641
469.457397,561.0327476
542.4276494,369.6653159
513.5003996,313.0353857
717.064781,627.7218696
319.5145748,201.6482422
487.8625304,472.4660381
654.9091672,496.0095793
570.5119283,435.7759022
412.1537873,416.3743423
300.7161233,396.1732848
326.5349232,426.6493437
376.7306882,292.7912146
570.1156529,556.7134933
584.2264029,541.2220138
524.2397774,409.6533225
557.4890187,400.1178135
557.6494525,535.6446198
462.3055235,429.1048045
475.794117,470.3717915
340.2827421,267.3038684
583.5060905,548.8412001
534.4553933,470.7758714
676.6344235,634.1278102
513.6515357,389.6269283
582.1708573,354.7474345
539.1891312,674.6957954
336.1804443,250.5058533
496.6021635,432.5765692
432.0045982,289.5612601
437.7016046,408.4890411
378.3273289,493.0972194
514.2130525,300.3714564
407.5897431,382.5634081
468.4930629,519.6721137
394.3917403,494.4306078
368.4496452,374.6037622
484.0264701,263.6716065
359.3073084,344.938459
413.196684,296.6843766
494.8739487,495.4367227
636.6180342,494.6647484
517.547584,449.6640101
515.752356,375.4463097
506.7244394,599.7815374
403.7147667,396.3646593
571.8760442,491.0146864
380.5994996,453.5452465
587.185537,399.7188136
474.5993359,460.8968241
511.2692098,489.5907181
444.7130505,375.8994448
510.2436057,509.7928018
454.7688427,563.0271115
541.713528,439.577192
500.9258314,550.4749894
659.2129533,554.0531998
524.3048472,523.2979464
539.8233015,566.2295558
570.90726,491.6074469
578.937107,536.3455545
567.0126647,632.3405123
648.4502519,603.51677
370.9476039,335.3387651
452.5961398,379.657344
631.0337294,669.9845931
535.7850847,388.8347202
553.9562356,361.7591974
480.0325761,336.6500627
429.7428119,469.8382925
509.9261657,462.958937
613.630496,624.5390068
438.8616555,538.2467068
417.6662355,421.1856261
620.6760105,615.791548
337.1963408,299.6777605
524.995576,476.0031801
541.4466507,452.5069615
458.4918058,385.4100859
456.9974281,487.7912269
414.306173,186.3064439
468.5399682,515.7025104
632.3466937,558.3638043
536.8944251,491.6640577
327.0333485,195.6936455
541.7063015,508.8446581
669.6380344,666.7370984
442.3130928,411.6403851
433.7166718,368.3079989
412.8072593,305.2190247
529.279409,520.0413746
511.2507402,307.8112825
564.3569758,577.5508357
307.989609,367.9675325
473.1801434,500.4478985
570.8538727,488.7533567
538.2215773,494.3546594
577.1589961,500.4516083
520.3116848,495.0404916
550.6517585,403.0866121
575.1983086,453.2183998
605.327262,632.0971115
467.1993671,339.5400119
427.1429565,463.510601
474.1519746,401.2778564
387.4496658,356.5912779
487.2392067,559.4483857
385.0037088,402.4957694
446.089126,325.3580537
458.35544,449.6326415
418.3550718,322.9441205
477.8831083,341.9931446
573.8409762,541.763144
532.59055,522.1351715
600.0290278,566.4487022
416.9911306,338.2910214
564.7645074,594.694597
526.9198854,433.7254105
411.795804,417.679964
571.1898021,449.0004376
466.0701057,479.499868
612.5973912,609.4852498
481.9607141,325.8275024
440.8717571,486.4049672
558.574445,580.5221457
520.6503645,437.3991087
524.5874348,394.5486778
594.6707188,482.892066
672.1501177,497.6895622
389.8452878,387.1094878
567.5654207,435.948201
613.6824461,562.7324346
437.9025913,296.21124
630.3715999,533.2433078
560.6449193,508.6400444
408.9663471,248.4054315
493.8845501,399.2729056
500.2989334,390.9630095
472.54663,494.5566547
421.460781,358.1960331
487.2258746,428.4784851
524.1120728,478.621351
552.6255525,473.942062
598.4186714,594.0306586
600.6005006,594.4441102
616.6949762,478.7890186
465.3573751,527.6521594
563.7745646,477.3909091
419.5680574,360.8892843
415.0568273,205.5461957
455.1713384,437.5181182
622.0894415,509.6168945
416.4111751,375.9130689
497.6963541,422.0257504
513.2239366,468.9135396
373.30281,438.2305504
472.9610704,439.8120409
502.4372718,504.8647141
535.162105,682.0183696
456.8966235,391.5767032
643.0401364,664.2726559
580.4137593,547.7671731
516.7829156,384.572954
530.3411482,466.5263543
544.8756178,529.1684288
615.2810879,524.4741469
653.7283191,506.86833
453.6945176,523.7258978
378.5066136,467.2666286
558.4689295,566.0903116
530.1668407,548.0897719
371.3573312,335.4565649
528.3948152,412.4983794
379.4606298,338.6552513
481.1734142,382.390225
572.7162459,483.5680574
551.6098127,342.9193768
453.1825984,481.0196448
569.9477203,585.3964359
658.2745173,515.3066132
529.143085,578.3542759
485.3352229,408.2499397
557.3678467,746.1001961
561.02173,471.3213273
445.8353705,435.1088704
457.471686,423.2955796
467.5758396,411.3946891
490.2498231,382.9067594
463.5994388,419.8906096
393.1672664,417.5516217
491.130347,611.6776957
463.6033795,601.154731
477.4247619,366.4233971
495.2829707,526.6444305
304.6993947,352.8802148
458.0262288,375.6321221
525.8262911,627.6621648
496.3415323,489.511233
442.2124349,330.2540654
410.5229258,286.1904322
713.9265427,548.5872364
447.3457504,392.9014801
615.3706191,451.3473305
408.1522315,346.1601885
412.7169947,372.588632
407.2918029,396.0883534
539.1642524,403.2722422
565.9283036,431.0104415
418.3337081,458.5265382
501.0860918,385.0587765
392.2017484,345.3178991
488.5706959,569.3237233
460.2117477,548.0571118
570.2945952,510.5276275
453.7563515,327.2103207
438.1652877,448.8078898
677.0154078,551.3006636
453.5050361,335.9295759
554.7008612,457.2280204
400.7279526,253.2891751
675.1782821,536.2161286
597.112066,404.4214788
603.2872247,349.3017949
413.7591685,311.6896325
497.1101521,465.26173
626.3080488,611.3084898
375.0726806,373.2179562
508.3826364,579.9151584
612.7201268,592.2425221
495.5052367,323.4351053
486.4008641,464.7612571
506.750228,521.1590662
586.3209589,433.2585438
536.7149956,362.4903868
463.1943881,410.0011731
602.7060665,431.8101589
356.2989149,524.7760739
598.3588078,647.1742336
406.6756318,246.764142
535.4048194,377.4621942
433.6958377,399.3181241
600.7249757,476.8432959
460.0762746,504.4398532
501.1668516,362.9216565
517.1935325,450.0320194
441.177618,384.0713913
561.2087757,424.7457897
495.0551994,404.1656893
467.3515574,408.4994548
438.2663205,344.9817527
497.9862289,482.2105832
440.262268,444.8560785
667.7319988,609.2554352
600.0683095,533.6007968
526.5724667,347.2025044
581.0845557,437.6954769
445.8078959,440.8202649
491.8679756,397.6436049
501.6352729,459.1928711
565.1045425,570.2891365
459.4223897,475.6499466
581.1639875,485.6421201
780.2626336,741.8690301
623.033524,448.2447993
567.8651529,486.675164
534.2065227,437.9712748
491.9334437,468.8231405
621.3750423,614.6823561
441.3442084,387.3593614
500.4460547,435.9716681
500.4267148,409.0313133
595.493606,584.8380321
560.5018523,498.4285051
394.0651,396.750403
301.7603599,292.8574559
626.6213819,540.9935044
533.3512113,372.2673511
452.2057181,435.1453038
388.8250671,414.9793028
514.891486,357.7857391
691.4241053,522.1853077
418.2989046,307.5750166
463.9814645,448.3100669
481.786594,507.7475288
387.5175949,352.3940354
428.7742074,448.6376233
498.6656315,451.6448458
510.3973098,341.9176036
598.0420894,466.2613697
365.2377439,447.8599068
630.8301313,646.3894214
407.2915806,252.8301362
526.3595052,353.0155631
515.6365839,381.5224991
304.7761347,235.8908395
487.1771367,587.5601189
556.9819126,562.0519142
394.4789923,472.4721934
604.8511083,436.4479815
502.3085857,547.8414148
522.0408775,533.2314361
415.9681897,445.9975661
561.6378386,380.4727933
384.8736384,430.9099118
560.6229612,364.6585173
494.1080906,331.9664814
463.9999193,556.2908217
330.7709871,307.6275504
516.9065057,459.7240904
570.2824211,566.7632174
465.8542454,421.9394502
400.9105012,265.4203656
529.3200841,510.3476385
453.8688322,426.8900978
546.6131043,503.2208105
569.6645352,564.239572
369.5468856,196.556999
393.098232,370.781928
576.0788877,513.6214254
432.2417654,302.6058125
575.0014516,584.3748971
591.7878825,553.6718109
559.2005215,445.5594604
474.9599089,524.4483149
396.7424064,457.1422003
529.3114707,462.085242
560.4366594,522.9111821
647.5610935,497.4766152
515.3313816,503.3572608
508.4573281,388.9790849
394.4705091,433.0410676
410.887611,398.5968445
532.0406186,444.7835468
518.9240056,614.2752835
491.0078161,535.3249601
365.7058486,288.7496561
371.9365973,359.823375
373.049493,399.2217653
529.7550105,479.6458672
584.7851216,556.4491303
455.7339528,327.0135888
402.3290905,311.2525832
575.532248,499.490961
665.3391598,602.6030875
620.8406851,650.5390854
323.0400866,279.4359218
617.2436459,549.0302756
477.4961103,371.5261457
594.7381082,489.1985476
649.2963055,454.1058238
586.6179227,543.1061002
487.3388975,460.4645647
473.9708563,574.5790343
364.6464377,479.5127059
453.6972748,354.0015225
490.4254842,476.7200347
692.2802067,659.1327554
609.8049768,461.0919305
439.9108372,506.8085453
295.1908648,325.6958529
596.4696118,468.6370538
435.1797468,420.2743537
566.9725764,445.816743
591.8562527,646.4099589
405.9639958,313.4790727
389.1474732,371.8361376
582.6655763,391.5943686
456.0537928,481.1494492
404.1636831,301.3898203
658.4239877,404.6540812
593.4133706,465.2306867
557.7457953,522.7697332
487.9534666,340.3498718
484.5309892,524.8614271
559.5028009,455.5361259
393.739697,429.2215426
507.6479862,248.6080258
444.6558331,353.5903851
480.229675,438.3025953
544.1798742,551.9292158
595.1737593,587.8478616
509.3513774,402.5969818
462.9214801,362.091434
372.6840711,236.5280553
680.5666427,513.5678277
643.5544742,467.8383569
430.2751957,518.6913097
437.8568229,455.1001357
482.4210834,410.7376121
475.555506,325.7267293
647.6152506,463.5089715
510.5408443,399.4558691
647.930204,639.7927563
394.9248318,254.5342177
435.8945335,390.4085071
518.4426415,508.3519038
395.8404247,250.1282102
480.8548666,448.6610803
477.8324494,305.7343421
546.8254347,553.7246033
510.2305504,397.2692518
280.6662149,271.7542777
392.3274887,405.3392701
452.2027781,331.0067302
581.0058262,720.9747861
440.9018225,430.6250447
520.9402624,393.8069659
529.7750629,480.3497366
335.0055263,304.5407706
457.0807203,364.1563835
448.9284367,510.7544366
602.4746376,470.8688961
410.4035419,326.7644472
436.7177111,364.4061934
471.6370853,654.2686278
396.4636188,419.757948
578.7786213,413.4057476
547.6654566,532.4930029
568.6271164,549.7602807
588.2166179,551.1187707
462.1628943,498.3976934
540.9870998,455.6196389
294.1333449,221.7727746
660.1287001,702.3962791
518.157681,410.5342492
466.6626458,425.2782189
465.2510861,576.379011
462.2358006,476.5733906
486.5445771,379.2177792
457.8061231,240.6139904
596.3209911,538.8456256
423.0479445,278.126541
495.7489862,564.250002
458.5403745,295.9307818
526.0799864,457.7472263
497.0737987,399.3620229
592.8601577,536.4385635
537.0910387,404.0179101
540.2707437,434.5568259
384.5478417,332.6813082
481.0160111,410.3688443
533.176717,474.2550632
597.6530123,536.3365028
433.8467226,371.482982
399.6589963,410.7329239
515.3489329,559.9150231
517.6272307,374.5216928
399.8920843,497.4655126
292.4010917,407.1235663
530.2411207,420.4760813
576.5655267,444.2762613
557.7012993,575.1830161
579.0080024,411.7043972
543.2109167,448.7382987
383.2176737,343.6600507
540.1701708,404.8271559
529.0876731,444.2832857
672.6516792,498.0926719
443.6537752,381.8022908
564.0853211,611.9944585
644.0133733,619.8203262
512.7686327,369.8435296
603.1396859,530.9853878
531.3713343,580.5296782
536.018616,513.1115669
496.3581398,403.8504823
483.5700414,408.8193894
411.2395816,414.6118115
590.5691504,472.4817841
524.2198444,454.7129782
488.9359315,446.7196455
516.5972158,436.8891901
426.2115353,310.0939535
373.7649483,341.7368451
363.0249063,359.2940982
512.2275349,469.3548424
555.1940145,491.7206381
553.8588702,675.475284
338.8779064,493.9216133
504.3890193,420.8276758
484.7992367,319.4043581
505.4668274,462.7656666
625.9731866,626.5929644
475.8648854,495.9172584
547.6675835,430.7652703
572.6417591,450.0138107
613.5844453,477.9974001
454.8124596,419.5033579
633.8570138,600.814781
579.7215729,532.776938
443.2892743,385.5566567
521.6223492,602.9275976
668.0923409,573.3597338
639.485457,479.0770395
499.2440774,508.0865925
447.9247109,378.0628869
536.3546074,539.5007424
554.6511929,512.1646198
475.1479689,665.0249588
515.7068196,476.3607378
580.9332593,636.1199561
532.8700972,415.0259606
338.203713,341.5994485
545.3149589,351.3454021
527.5542181,506.1651272
502.56285,573.7406785
443.9672682,396.2190788
646.0051748,666.4361677
641.4427317,438.8697291
559.3878968,568.4871149
489.9283101,445.823107
569.799563,454.9850706
379.6497242,323.2290041
596.6048111,535.4170814
488.2363653,521.2073325
362.2970497,289.9968705
568.7021222,488.5282819
577.4010196,597.8046875
515.7685011,548.4938889
460.7589963,447.7017817
492.1049098,433.1263062
498.2690441,405.5672918
360.9142442,394.3855803
387.0949511,400.8229369
537.1353383,479.2832423
282.1836664,421.365702
543.0593968,564.264038
315.2304264,236.2986029
716.2795234,645.0551724
473.1082326,497.4985048
568.5063189,431.1297641
614.018375,484.5998187
571.5541187,587.0490769
364.2240426,305.3153452
642.8278623,500.6030436
367.2245557,291.6874821
571.4870714,545.2118992
399.0617232,285.3323263
559.1438861,399.1087569
442.1983608,474.0693422
446.7809656,404.4297939
452.6465589,347.3208059
535.911512,512.5259876
530.3482532,505.1019004
392.7578143,397.4073513
517.9155243,555.6787514
491.5765454,394.9590049
619.0217418,587.0388784
556.7050851,523.3410934
411.2167418,352.4450782
360.4945085,375.5450773
522.9883384,525.4321543
407.9085108,329.7937673
554.4158521,638.440967
486.5056866,431.5927462
397.0812712,329.8649119
471.7978533,449.1708619
512.5147359,517.7065206
420.2677855,506.3721477
606.8839351,624.1271101
538.6256475,553.8334911
464.6485871,494.793777
449.5989548,403.2988465
534.8200309,623.5527017
392.913952,198.948087
463.8309594,300.6262888
533.3486868,532.3374937
434.9816091,446.5533348
470.7382003,418.0619604
562.8398473,508.3399836
702.1097471,582.6954533
636.9157363,621.6735232
307.456426,282.0019648
561.0973623,255.6060262
634.5743681,574.7887777
443.6116782,470.5278785
477.5754997,647.9808326
515.4198837,453.3480588
454.7999868,481.2305768
385.6946084,406.3238018
435.4370034,480.8068484
593.2798173,514.5319106
432.7289671,431.844148
627.6644979,496.9002011
714.0589347,509.0238465
377.6024382,468.5297785
458.991747,433.7686093
419.8036016,399.4192373
585.7998033,417.3577625
552.1368195,474.3975204
495.7420757,633.6695855
529.3979787,414.5988784
538.449622,468.7428152
552.4769281,375.2707849
481.0165214,420.2261218
560.5010056,541.4669602
442.8472297,427.0533508
524.1505254,522.5413592
488.2441449,481.0418086
438.2204623,502.0892671
444.5215734,311.6037472
552.9910893,457.6087879
421.1147372,451.8525499
356.212474,270.4602055
477.000347,474.6963078
482.7247279,480.9247655
543.5860038,432.2286979
510.5665642,514.4560236
649.1166197,388.138966
608.699171,500.3393575
479.6415886,317.7698712
514.650783,546.8261326
606.8265892,504.0149232
491.1941965,261.1626223
366.4776526,410.6874304
402.268811,289.0325883
434.6979989,491.5590137
574.8291361,413.4219512
580.071275,452.403733
613.5206724,471.8232502
378.2706218,272.0284078
454.2920597,553.260493
401.2741506,341.1618435
471.0385459,351.2056054
528.7781159,534.0749716
514.5425371,342.3412069
405.1147789,342.816465
746.5252081,534.399967
601.0827561,682.6472898
435.5767562,379.726625
495.7228305,589.292552
512.333217,511.5400815
372.7995793,345.9283636
375.1032987,307.3503083
368.4626401,326.8488255
521.5730401,550.6555498
559.9282454,387.267769
398.4011076,418.8554417
516.3115773,564.1493653
545.1917011,594.6438231
459.927294,306.6755138
521.1623359,566.9034302
280.0692052,293.1219936
630.0641926,546.688319
346.9540001,373.1892646
509.2712139,388.6375743
523.2518025,368.7228072
466.0131906,514.4620209
515.4211917,437.0688099
688.2275945,522.9735867
488.4202029,454.6307257
585.5764612,530.1690623
511.5003966,612.1695373
565.8747903,474.4598961
514.8240355,423.6083904
512.410695,389.4397042
586.0082997,509.4367519
546.1003508,534.1236185
617.058327,675.1031765
544.0825224,447.8957987
602.5425722,438.3880766
407.6099268,388.3100154
389.3673793,338.1880904
618.31591,545.7356831
573.0749442,534.0117904
462.7058166,437.2284061
457.9041461,328.9047741
339.4423268,232.0925845
504.8044882,380.775612
513.1851318,589.8919586
517.2688596,419.1162184
643.7451438,578.3417183
561.7651323,482.1233874
527.8113506,348.3100042
462.1867619,444.1667808
438.0649195,303.0612335
485.308649,409.3822734
393.7383725,398.4342537
439.1165126,611.6066347
571.2468264,436.9929591
461.4881427,514.4192245
441.4600481,219.5423125
432.8021589,428.2961128
483.5137968,460.3080123
460.7088472,347.9972274
326.7833507,432.3658943
551.5372511,533.4884601
366.1560936,266.1189587
348.4333333,301.7803229
512.3273281,426.3293699
603.3142924,529.4793449
396.0294021,357.726894
464.4614178,494.3991699
476.885914,481.8268588
513.0016259,529.0530248
466.6389229,461.2773062
519.7152985,425.4539281
481.0452859,369.1932428
653.210815,528.3584752
578.2154411,415.2209457
436.1216396,320.0109839
659.9214112,498.389964
420.9955524,331.0704484
502.4374717,422.082203
472.3282536,453.7244687
480.0181777,468.3655209
504.2570589,348.463348
494.1169225,241.4267871
516.7699953,370.3219078
546.8300168,576.6983551
415.3897985,327.2709027
425.2586044,475.9843262
318.6133308,157.3588445
469.4257508,321.7871518
388.7499529,299.1212317
435.9006525,470.0178738
365.9251256,210.9872407
307.8603169,276.6636377
380.9168763,288.3975845
