EventIndex,Class,Doublet,Dead,CD3Positive,TCellState
0,gran,0,0,0,none
1,gran,0,0,0,none
2,lymph,0,0,1,CD4
3,gran,0,0,0,none
4,gran,0,0,0,none
5,lymph,0,1,1,CD8
6,gran,0,0,0,none
7,lymph,0,0,1,CD4
8,gran,0,0,0,none
9,mono,0,0,0,none
10,lymph,0,0,1,DP
11,lymph,0,0,1,CD8
12,lymph,0,0,1,CD8
13,lymph,0,0,0,none
14,debris,0,0,0,none
15,lymph,0,0,1,CD4
16,mono,0,0,0,none
17,mono,0,0,0,none
18,lymph,0,0,0,none
19,mono,0,0,0,none
20,gran,1,0,0,none
21,lymph,0,0,1,CD8
22,gran,0,0,0,none
23,mono,0,0,0,none
24,lymph,1,0,1,CD4
25,lymph,0,0,0,none
26,lymph,0,0,0,none
27,lymph,0,0,1,CD4
28,lymph,0,0,1,CD8
29,gran,0,0,0,none
30,lymph,0,0,1,CD8
31,gran,0,0,0,none
32,lymph,0,0,1,CD8
33,lymph,0,0,1,CD4
34,lymph,0,0,1,CD4
35,debris,0,0,0,none
36,lymph,0,0,0,none
37,debris,0,0,0,none
38,lymph,0,0,1,CD4
39,lymph,1,0,1,CD8
40,lymph,0,0,0,none
41,mono,0,0,0,none
42,gran,0,0,0,none
43,gran,0,0,0,none
44,lymph,0,0,0,none
45,lymph,0,0,1,CD4
46,lymph,0,0,1,CD8
47,lymph,1,0,1,CD4
48,lymph,0,0,1,CD4
49,lymph,0,0,0,none
50,lymph,0,0,1,CD4
51,lymph,0,0,1,CD8
52,debris,0,0,0,none
53,lymph,0,0,1,CD4
54,lymph,0,0,1,CD4
55,gran,0,0,0,none
56,gran,0,0,0,none
57,mono,0,0,0,none
58,gran,0,0,0,none
59,lymph,0,0,1,CD8
60,debris,0,0,0,none
61,lymph,0,0,1,CD4
62,lymph,0,0,1,CD4
63,lymph,0,0,1,CD4
64,mono,0,0,0,none
65,lymph,0,0,0,none
66,lymph,0,0,1,CD4
67,mono,0,0,0,none
68,mono,0,0,0,none
69,lymph,0,0,1,CD4
70,debris,0,0,0,none
71,lymph,1,0,1,CD4
72,lymph,0,0,1,CD4
73,lymph,0,0,1,CD8
74,lymph,1,0,0,none
75,mono,0,0,0,none
76,lymph,0,0,0,none
77,lymph,0,0,0,none
78,gran,0,0,0,none
79,lymph,0,0,0,none
80,lymph,0,0,1,CD4
81,debris,0,0,0,none
82,lymph,0,0,1,CD8
83,lymph,0,0,1,CD4
84,lymph,0,1,1,CD8
85,mono,0,0,0,none
86,mono,0,0,0,none
87,lymph,0,0,1,CD8
88,lymph,0,0,1,CD4
89,lymph,0,0,1,CD4
90,lymph,0,0,1,CD4
91,debris,0,0,0,none
92,lymph,0,0,1,CD8
93,gran,0,0,0,none
94,gran,1,0,0,none
95,lymph,0,0,1,CD4
96,lymph,0,0,1,CD4
97,lymph,0,0,1,CD4
98,gran,0,0,0,none
99,lymph,0,0,1,CD8
100,lymph,0,1,1,DP
101,debris,0,0,0,none
102,mono,0,0,0,none
103,debris,0,0,0,none
104,lymph,0,0,1,CD4
105,lymph,0,0,0,none
106,lymph,0,0,1,CD8
107,lymph,0,0,1,CD4
108,lymph,0,0,0,none
109,mono,0,0,0,none
110,lymph,0,0,1,CD4
111,mono,0,0,0,none
112,lymph,1,0,1,CD4
113,debris,0,0,0,none
114,lymph,0,1,0,none
115,lymph,0,0,1,CD4
116,lymph,0,0,0,none
117,debris,0,0,0,none
118,debris,0,0,0,none
119,gran,0,0,0,none
120,debris,0,0,0,none
121,lymph,0,1,1,CD4
122,lymph,0,0,0,none
123,gran,1,0,0,none
124,lymph,0,0,1,CD8
125,lymph,0,0,0,none
126,lymph,0,0,1,DP
127,mono,0,0,0,none
128,lymph,0,0,1,CD4
129,lymph,1,0,1,CD8
130,debris,0,0,0,none
131,lymph,0,0,1,CD8
132,lymph,0,0,0,none
133,lymph,0,0,1,CD4
134,mono,0,0,0,none
135,gran,1,0,0,none
136,mono,1,0,0,none
137,lymph,0,0,1,CD4
138,lymph,0,0,0,none
139,lymph,1,0,0,none
140,lymph,0,0,1,CD8
141,gran,0,0,0,none
142,lymph,0,0,0,none
143,lymph,0,0,1,CD8
144,lymph,0,0,0,none
145,debris,0,0,0,none
146,debris,0,0,0,none
147,lymph,0,0,1,CD8
148,lymph,0,0,1,CD4
149,lymph,0,0,0,none
150,mono,0,0,0,none
151,debris,0,0,0,none
152,lymph,1,0,1,DP
153,debris,0,0,0,none
154,gran,0,0,0,none
155,lymph,0,0,1,CD8
156,mono,0,0,0,none
157,lymph,0,0,1,CD4
158,gran,0,0,0,none
159,gran,0,0,0,none
160,gran,0,0,0,none
161,lymph,0,0,1,CD4
162,debris,0,0,0,none
163,gran,0,0,0,none
164,lymph,0,1,0,none
165,lymph,0,0,1,CD8
166,lymph,0,1,1,CD4
167,gran,0,0,0,none
168,lymph,0,0,1,CD8
169,lymph,0,0,1,CD4
170,mono,0,0,0,none
171,lymph,0,0,1,CD8
172,lymph,0,0,1,CD4
173,lymph,0,0,1,DP
174,lymph,0,0,1,CD4
175,debris,0,0,0,none
176,lymph,0,0,1,CD8
177,lymph,0,0,1,CD4
178,lymph,0,0,1,CD8
179,mono,1,0,0,none
180,lymph,0,0,0,none
181,lymph,0,0,1,CD8
182,debris,0,0,0,none
183,lymph,0,0,1,CD4
184,debris,0,0,0,none
185,lymph,0,0,0,none
186,lymph,0,0,1,CD8
187,mono,0,0,0,none
188,gran,0,0,0,none
189,lymph,0,0,0,none
190,lymph,0,1,0,none
191,gran,0,0,0,none
192,mono,1,0,0,none
193,lymph,0,0,1,CD4
194,lymph,0,0,1,CD4
195,lymph,0,0,1,DP
196,lymph,0,0,1,CD4
197,lymph,0,0,1,CD4
198,lymph,0,0,0,none
199,mono,0,0,0,none
200,mono,0,0,0,none
201,lymph,0,1,1,CD8
202,gran,0,0,0,none
203,lymph,0,1,0,none
204,lymph,0,0,0,none
205,lymph,0,0,1,CD4
206,lymph,0,0,1,CD4
207,lymph,0,0,1,CD8
208,lymph,0,0,0,none
209,gran,0,0,0,none
210,lymph,0,0,1,CD4
211,gran,0,0,0,none
212,lymph,0,0,1,CD4
213,debris,0,0,0,none
214,gran,0,0,0,none
215,lymph,0,0,1,CD4
216,lymph,0,0,1,CD4
217,gran,0,0,0,none
218,lymph,1,0,1,CD4
219,mono,0,0,0,none
220,lymph,1,0,1,CD4
221,lymph,0,0,1,CD4
222,gran,0,0,0,none
223,lymph,0,0,0,none
224,gran,0,0,0,none
225,lymph,0,0,1,CD8
226,lymph,0,1,1,DN
227,lymph,0,0,1,CD4
228,debris,0,0,0,none
229,lymph,0,0,0,none
230,gran,0,0,0,none
231,mono,0,0,0,none
232,lymph,0,0,0,none
233,gran,0,0,0,none
234,lymph,0,0,0,none
235,lymph,0,1,1,CD4
236,lymph,0,0,1,CD4
237,lymph,0,0,0,none
238,gran,0,0,0,none
239,gran,0,0,0,none
240,lymph,0,0,1,CD8
241,lymph,0,0,1,CD4
242,mono,0,0,0,none
243,mono,0,0,0,none
244,lymph,0,0,0,none
245,lymph,0,0,1,CD4
246,gran,0,0,0,none
247,lymph,0,0,1,CD4
248,gran,1,0,0,none
249,lymph,1,0,1,CD4
250,lymph,0,0,1,CD8
251,lymph,0,0,0,none
252,gran,0,0,0,none
253,debris,0,0,0,none
254,lymph,0,0,1,CD4
255,gran,0,0,0,none
256,gran,0,0,0,none
257,gran,0,0,0,none
258,lymph,0,0,1,DP
259,gran,0,0,0,none
260,lymph,0,0,0,none
261,lymph,0,1,1,CD8
262,gran,0,0,0,none
263,lymph,0,0,1,CD4
264,lymph,0,0,1,CD4
265,lymph,0,0,1,CD4
266,lymph,0,0,1,CD8
267,lymph,0,0,0,none
268,lymph,0,0,1,CD4
269,gran,0,0,0,none
270,lymph,0,0,1,CD8
271,mono,0,0,0,none
272,lymph,0,0,1,CD4
273,lymph,0,0,0,none
274,lymph,0,0,1,CD4
275,lymph,0,0,1,CD4
276,gran,0,0,0,none
277,lymph,0,0,0,none
278,debris,0,0,0,none
279,lymph,0,0,1,CD8
280,lymph,0,0,1,CD4
281,gran,0,1,0,none
282,gran,0,0,0,none
283,lymph,0,0,1,CD4
284,lymph,0,0,0,none
285,lymph,1,1,1,CD8
286,lymph,0,0,1,CD8
287,lymph,0,0,1,CD4
288,lymph,0,0,0,none
289,mono,0,0,0,none
290,lymph,0,0,1,CD8
291,debris,0,0,0,none
292,mono,0,0,0,none
293,lymph,0,0,1,CD8
294,gran,0,0,0,none
295,gran,1,0,0,none
296,lymph,0,0,1,CD8
297,gran,0,0,0,none
298,lymph,0,0,0,none
299,lymph,0,0,1,CD4
300,gran,0,0,0,none
301,lymph,0,0,0,none
302,lymph,1,0,1,CD4
303,lymph,0,0,1,CD4
304,lymph,0,0,1,CD8
305,lymph,0,0,1,CD4
306,gran,0,0,0,none
307,gran,0,0,0,none
308,gran,1,0,0,none
309,debris,0,0,0,none
310,gran,0,0,0,none
311,lymph,0,0,1,CD8
312,lymph,0,0,1,CD4
313,mono,0,0,0,none
314,lymph,0,0,1,CD4
315,lymph,0,0,0,none
316,lymph,0,0,1,CD8
317,lymph,0,0,1,DP
318,mono,0,0,0,none
319,mono,0,0,0,none
320,lymph,0,0,1,CD8
321,gran,0,0,0,none
322,gran,0,0,0,none
323,gran,0,0,0,none
324,lymph,0,0,1,CD4
325,lymph,0,0,1,CD4
326,lymph,0,0,1,CD8
327,lymph,0,0,0,none
328,mono,1,0,0,none
329,lymph,0,0,0,none
330,gran,0,0,0,none
331,lymph,0,0,1,DN
332,gran,0,0,0,none
333,mono,0,0,0,none
334,lymph,1,0,1,CD8
335,lymph,0,0,1,CD4
336,lymph,0,0,1,CD8
337,lymph,0,0,1,CD8
338,lymph,0,0,1,CD4
339,lymph,0,0,1,CD8
340,lymph,0,0,1,CD4
341,lymph,0,0,0,none
342,lymph,0,0,1,CD4
343,mono,0,0,0,none
344,lymph,0,0,0,none
345,mono,0,0,0,none
346,lymph,0,0,1,CD4
347,lymph,0,0,1,DP
348,lymph,0,0,1,DP
349,lymph,0,0,1,CD8
350,lymph,0,0,0,none
351,lymph,0,0,1,CD8
352,debris,0,0,0,none
353,lymph,0,0,0,none
354,gran,0,0,0,none
355,lymph,0,0,0,none
356,lymph,0,0,1,CD4
357,lymph,0,0,1,CD8
358,lymph,0,0,1,CD4
359,lymph,0,0,1,CD8
360,debris,0,0,0,none
361,gran,0,0,0,none
362,lymph,0,1,0,none
363,gran,0,0,0,none
364,lymph,0,0,0,none
365,gran,1,0,0,none
366,lymph,0,0,1,DN
367,lymph,0,0,1,CD4
368,lymph,0,0,0,none
369,lymph,1,0,1,CD8
370,lymph,0,0,1,CD4
371,debris,0,0,0,none
372,gran,0,0,0,none
373,lymph,0,1,1,CD4
374,lymph,0,0,0,none
375,debris,0,0,0,none
376,mono,0,0,0,none
377,lymph,0,0,1,CD4
378,lymph,0,0,1,CD4
379,mono,0,0,0,none
380,debris,0,0,0,none
381,lymph,0,0,1,CD4
382,lymph,0,0,1,CD4
383,gran,0,0,0,none
384,gran,0,0,0,none
385,lymph,0,0,1,CD8
386,lymph,0,0,1,CD4
387,lymph,0,0,0,none
388,lymph,0,0,1,CD4
389,gran,1,0,0,none
390,lymph,0,0,0,none
391,lymph,0,0,0,none
392,gran,0,0,0,none
393,lymph,0,0,1,CD4
394,gran,0,0,0,none
395,lymph,1,0,1,CD8
396,gran,0,0,0,none
397,lymph,0,0,0,none
398,lymph,0,0,1,CD4
399,lymph,0,0,1,CD4
400,lymph,0,1,1,CD4
401,lymph,0,0,1,CD8
402,lymph,0,0,1,CD4
403,debris,0,0,0,none
404,gran,0,0,0,none
405,gran,0,0,0,none
406,gran,0,0,0,none
407,lymph,0,0,1,CD4
408,gran,0,0,0,none
409,lymph,0,0,1,CD4
410,debris,0,0,0,none
411,debris,0,0,0,none
412,lymph,0,0,1,CD8
413,lymph,0,0,1,CD4
414,debris,0,0,0,none
415,lymph,0,0,1,CD8
416,lymph,0,0,0,none
417,debris,0,0,0,none
418,gran,0,0,0,none
419,gran,0,0,0,none
420,lymph,0,0,1,CD8
421,lymph,0,0,1,CD8
422,lymph,0,0,1,CD8
423,mono,0,0,0,none
424,lymph,0,1,1,CD8
425,gran,0,1,0,none
426,lymph,0,0,1,CD8
427,lymph,0,0,1,CD4
428,lymph,0,0,1,CD8
429,lymph,0,0,1,CD4
430,lymph,0,0,1,DP
431,lymph,0,0,1,CD4
432,gran,0,0,0,none
433,lymph,1,0,0,none
434,mono,0,0,0,none
435,lymph,1,0,1,DN
436,lymph,0,0,1,CD4
437,gran,0,0,0,none
438,lymph,0,0,1,CD4
439,debris,0,0,0,none
440,lymph,0,0,1,CD4
441,lymph,0,0,1,CD4
442,lymph,0,0,0,none
443,mono,0,0,0,none
444,lymph,1,0,1,CD4
445,lymph,0,0,1,CD4
446,debris,0,0,0,none
447,lymph,0,0,1,CD8
448,debris,0,0,0,none
449,lymph,0,0,1,CD4
450,lymph,0,0,1,CD8
451,gran,0,0,0,none
452,lymph,0,0,1,CD4
453,lymph,0,0,1,CD4
454,lymph,0,0,1,CD4
455,lymph,0,1,1,DN
456,lymph,0,0,0,none
457,lymph,0,0,1,CD4
458,lymph,0,0,1,CD4
459,debris,0,0,0,none
460,mono,0,0,0,none
461,debris,0,0,0,none
462,lymph,0,0,0,none
463,lymph,0,0,1,CD4
464,lymph,0,0,0,none
465,lymph,0,0,0,none
466,lymph,0,0,1,DN
467,lymph,0,0,1,CD8
468,gran,0,0,0,none
469,gran,0,0,0,none
470,lymph,0,0,1,CD8
471,lymph,0,0,1,CD4
472,lymph,0,0,1,CD8
473,debris,0,0,0,none
474,lymph,0,0,1,CD8
475,lymph,0,0,0,none
476,lymph,0,0,1,CD4
477,lymph,1,0,0,none
478,lymph,0,0,1,CD8
479,lymph,0,0,1,CD4
480,mono,0,0,0,none
481,mono,0,0,0,none
482,mono,0,0,0,none
483,lymph,0,0,1,CD8
484,lymph,0,0,1,CD4
485,lymph,0,0,1,CD4
486,debris,0,0,0,none
487,lymph,0,0,1,CD8
488,gran,0,1,0,none
489,gran,0,0,0,none
490,debris,0,0,0,none
491,lymph,0,0,0,none
492,lymph,0,0,0,none
493,lymph,0,0,1,CD4
494,lymph,0,0,1,CD8
495,lymph,0,0,0,none
496,gran,0,1,0,none
497,gran,0,0,0,none
498,mono,1,0,0,none
499,lymph,0,0,0,none
500,lymph,0,0,1,CD8
501,debris,0,0,0,none
502,gran,0,0,0,none
503,mono,0,0,0,none
504,lymph,0,1,1,CD8
505,lymph,0,0,1,CD8
506,lymph,0,0,0,none
507,gran,0,0,0,none
508,lymph,0,0,1,DN
509,mono,0,0,0,none
510,lymph,0,0,1,CD8
511,lymph,0,0,0,none
512,gran,0,0,0,none
513,lymph,0,0,0,none
514,lymph,0,0,0,none
515,lymph,0,0,1,CD4
516,gran,0,0,0,none
517,mono,0,0,0,none
518,lymph,0,0,0,none
519,lymph,1,0,1,CD8
520,lymph,0,0,1,CD4
521,lymph,0,0,1,CD4
522,lymph,0,0,1,CD8
523,gran,0,0,0,none
524,lymph,1,0,0,none
525,lymph,0,0,1,CD4
526,mono,0,0,0,none
527,lymph,0,0,1,CD4
528,lymph,0,0,1,CD4
529,lymph,0,0,1,CD4
530,debris,0,0,0,none
531,lymph,1,0,1,CD4
532,lymph,0,0,1,DP
533,lymph,0,0,1,CD4
534,mono,0,0,0,none
535,lymph,0,0,1,CD4
536,debris,0,0,0,none
537,gran,0,0,0,none
538,lymph,0,0,0,none
539,lymph,0,0,1,CD8
540,gran,0,0,0,none
541,gran,0,0,0,none
542,lymph,0,0,1,CD8
543,mono,0,0,0,none
544,gran,0,0,0,none
545,gran,0,0,0,none
546,mono,0,0,0,none
547,lymph,0,0,0,none
548,lymph,0,0,0,none
549,gran,0,1,0,none
550,lymph,0,0,0,none
551,lymph,0,0,1,CD4
552,gran,0,0,0,none
553,lymph,0,0,0,none
554,lymph,0,0,1,DN
555,lymph,0,0,1,DP
556,mono,0,0,0,none
557,lymph,0,0,1,CD4
558,mono,0,0,0,none
559,lymph,1,0,1,CD8
560,lymph,0,0,1,CD4
561,lymph,0,0,1,CD4
562,lymph,0,0,0,none
563,gran,0,0,0,none
564,mono,0,0,0,none
565,debris,0,0,0,none
566,lymph,0,0,0,none
567,gran,0,0,0,none
568,lymph,0,0,0,none
569,lymph,0,0,1,CD8
570,lymph,0,0,1,CD8
571,mono,0,0,0,none
572,lymph,0,0,1,CD4
573,debris,0,0,0,none
574,gran,0,0,0,none
575,mono,1,0,0,none
576,lymph,0,0,0,none
577,lymph,0,0,0,none
578,mono,0,0,0,none
579,mono,0,0,0,none
580,lymph,1,0,1,CD8
581,gran,0,0,0,none
582,debris,0,0,0,none
583,lymph,0,0,1,CD4
584,gran,0,1,0,none
585,debris,0,0,0,none
586,lymph,0,0,1,CD4
587,lymph,0,0,0,none
588,lymph,0,0,1,CD8
589,lymph,0,0,0,none
590,mono,0,0,0,none
591,lymph,0,0,1,CD4
592,lymph,0,0,1,CD8
593,lymph,0,0,1,DN
594,gran,0,0,0,none
595,lymph,0,0,0,none
596,lymph,0,0,1,CD8
597,gran,0,0,0,none
598,debris,0,0,0,none
599,debris,0,0,0,none
600,lymph,0,0,0,none
601,lymph,0,0,1,CD4
602,lymph,0,0,0,none
603,lymph,0,0,1,CD8
604,lymph,0,0,1,CD8
605,lymph,0,0,0,none
606,lymph,0,0,0,none
607,lymph,0,0,1,CD8
608,gran,0,0,0,none
609,lymph,0,0,1,CD4
610,lymph,0,0,1,CD4
611,lymph,0,0,1,CD4
612,mono,0,0,0,none
613,debris,0,0,0,none
614,lymph,0,0,1,CD8
615,lymph,0,0,0,none
616,gran,0,0,0,none
617,gran,1,0,0,none
618,lymph,0,0,1,CD4
619,lymph,0,0,1,CD4
620,gran,0,0,0,none
621,gran,0,0,0,none
622,lymph,0,0,1,CD4
623,gran,0,0,0,none
624,lymph,0,0,1,CD4
625,lymph,0,0,1,CD4
626,lymph,0,0,1,CD4
627,gran,0,0,0,none
628,lymph,0,0,1,CD8
629,mono,0,0,0,none
630,debris,0,0,0,none
631,debris,0,0,0,none
632,gran,0,0,0,none
633,gran,0,0,0,none
634,lymph,0,0,0,none
635,lymph,0,0,0,none
636,gran,0,0,0,none
637,lymph,0,0,1,CD8
638,lymph,0,0,1,CD8
639,lymph,0,0,1,CD4
640,gran,0,0,0,none
641,lymph,0,0,1,DP
642,mono,0,0,0,none
643,lymph,0,0,1,CD8
644,debris,0,0,0,none
645,lymph,0,0,1,CD4
646,lymph,0,0,1,CD8
647,gran,0,0,0,none
648,lymph,0,0,1,CD4
649,lymph,0,0,1,CD4
650,lymph,0,0,0,none
651,lymph,0,0,1,CD4
652,gran,0,0,0,none
653,lymph,0,0,1,CD8
654,lymph,0,0,1,CD4
655,lymph,0,0,1,CD4
656,debris,0,0,0,none
657,lymph,0,0,0,none
658,gran,0,0,0,none
659,mono,0,1,0,none
660,gran,0,0,0,none
661,lymph,0,0,0,none
662,debris,0,0,0,none
663,gran,0,0,0,none
664,debris,0,0,0,none
665,lymph,0,0,0,none
666,lymph,1,0,1,CD8
667,lymph,0,0,1,CD4
668,lymph,0,1,0,none
669,lymph,0,0,0,none
670,lymph,0,0,0,none
671,mono,0,0,0,none
672,mono,1,0,0,none
673,mono,0,0,0,none
674,lymph,0,0,1,CD4
675,lymph,0,0,1,CD4
676,gran,0,0,0,none
677,lymph,1,0,1,DN
678,lymph,0,0,1,CD4
679,debris,0,0,0,none
680,lymph,0,0,1,CD8
681,lymph,0,0,1,CD4
682,lymph,0,0,0,none
683,mono,0,0,0,none
684,gran,0,0,0,none
685,debris,0,0,0,none
686,lymph,1,0,0,none
687,gran,0,0,0,none
688,gran,0,0,0,none
689,mono,0,1,0,none
690,lymph,0,0,1,CD4
691,lymph,0,0,1,CD4
692,debris,0,0,0,none
693,lymph,0,0,0,none
694,lymph,0,0,1,CD4
695,lymph,0,0,1,CD8
696,lymph,0,0,1,CD8
697,lymph,0,0,1,CD4
698,lymph,0,0,1,CD4
699,lymph,0,0,1,CD4
700,mono,0,0,0,none
701,gran,0,0,0,none
702,gran,0,0,0,none
703,lymph,0,0,0,none
704,mono,0,0,0,none
705,lymph,0,0,1,CD4
706,lymph,0,0,0,none
707,lymph,0,0,1,CD4
708,lymph,1,0,1,CD8
709,lymph,0,0,1,CD8
710,lymph,0,0,1,CD8
711,lymph,0,0,1,CD8
712,lymph,0,0,0,none
713,lymph,0,0,1,CD4
714,lymph,0,0,1,CD4
715,lymph,0,0,1,DP
716,lymph,0,0,1,CD8
717,lymph,0,0,1,DP
718,lymph,0,0,1,CD4
719,mono,0,0,0,none
720,lymph,0,0,1,CD4
721,lymph,0,0,1,CD4
722,lymph,0,0,1,CD8
723,lymph,0,0,1,CD8
724,lymph,0,0,1,DN
725,gran,0,0,0,none
726,debris,0,0,0,none
727,lymph,0,0,1,CD4
728,lymph,0,0,1,CD8
729,gran,0,0,0,none
730,lymph,0,1,1,CD4
731,gran,0,0,0,none
732,gran,0,0,0,none
733,lymph,0,0,1,CD8
734,lymph,0,0,1,CD8
735,lymph,0,0,0,none
736,debris,0,0,0,none
737,lymph,0,0,1,CD8
738,gran,0,0,0,none
739,gran,0,1,0,none
740,lymph,0,0,1,CD8
741,debris,0,0,0,none
742,debris,0,0,0,none
743,lymph,0,0,0,none
744,lymph,0,0,0,none
745,lymph,0,0,1,CD4
746,lymph,0,0,1,CD8
747,lymph,0,0,1,CD4
748,lymph,1,0,1,DN
749,mono,0,0,0,none
750,lymph,0,1,1,CD4
751,lymph,1,0,1,CD4
752,debris,0,0,0,none
753,lymph,0,0,1,CD4
754,lymph,0,0,1,CD4
755,lymph,1,0,0,none
756,lymph,0,0,0,none
757,debris,0,0,0,none
758,lymph,0,0,1,CD4
759,lymph,0,0,0,none
760,debris,0,0,0,none
761,gran,1,0,0,none
762,gran,0,0,0,none
763,lymph,0,0,1,DN
764,lymph,1,0,1,DP
765,lymph,0,0,1,CD4
766,gran,1,0,0,none
767,lymph,0,0,1,CD4
768,mono,0,0,0,none
769,lymph,0,0,1,CD4
770,gran,0,0,0,none
771,lymph,0,0,1,CD4
772,mono,0,0,0,none
773,mono,0,0,0,none
774,mono,0,0,0,none
775,lymph,1,0,0,none
776,lymph,0,0,1,CD4
777,lymph,0,0,1,CD4
778,lymph,0,0,0,none
779,gran,0,0,0,none
780,gran,0,0,0,none
781,debris,0,0,0,none
782,lymph,1,0,1,CD8
783,debris,0,0,0,none
784,lymph,0,0,1,CD4
785,debris,0,0,0,none
786,mono,0,1,0,none
787,debris,0,0,0,none
788,lymph,0,0,0,none
789,lymph,0,0,0,none
790,mono,0,0,0,none
791,lymph,0,0,0,none
792,lymph,0,0,1,CD4
793,mono,0,0,0,none
794,lymph,0,0,1,CD4
795,lymph,0,0,1,CD4
796,mono,0,0,0,none
797,lymph,0,0,1,CD8
798,lymph,0,0,0,none
799,debris,0,0,0,none
800,lymph,1,0,1,CD8
801,lymph,0,0,0,none
802,debris,0,0,0,none
803,lymph,0,0,1,DN
804,lymph,0,1,0,none
805,lymph,1,0,1,CD4
806,gran,0,0,0,none
807,debris,0,0,0,none
808,mono,0,0,0,none
809,lymph,1,0,1,CD4
810,mono,0,0,0,none
811,gran,0,0,0,none
812,gran,0,0,0,none
813,gran,0,0,0,none
814,mono,0,0,0,none
815,lymph,0,0,1,CD8
816,lymph,0,0,1,CD4
817,lymph,0,0,1,CD8
818,lymph,0,0,1,CD4
819,lymph,0,1,1,CD8
820,gran,0,0,0,none
821,lymph,0,0,1,CD8
822,gran,0,0,0,none
823,lymph,0,0,0,none
824,mono,0,0,0,none
825,lymph,0,0,1,CD4
826,lymph,0,0,0,none
827,lymph,0,0,1,CD8
828,lymph,0,0,1,CD4
829,debris,0,0,0,none
830,lymph,0,0,0,none
831,lymph,0,0,0,none
832,lymph,0,0,1,CD4
833,lymph,0,0,1,CD8
834,lymph,0,0,1,CD8
835,lymph,0,0,1,DN
836,gran,0,0,0,none
837,lymph,0,0,1,CD8
838,lymph,0,0,1,CD4
839,lymph,0,0,1,DN
840,lymph,1,0,1,CD4
841,lymph,0,0,0,none
842,lymph,0,0,1,CD4
843,lymph,0,0,1,CD4
844,lymph,0,0,1,CD8
845,lymph,0,0,0,none
846,lymph,0,0,1,CD4
847,lymph,0,0,1,CD4
848,mono,0,0,0,none
849,debris,0,0,0,none
850,lymph,0,0,1,CD8
851,lymph,0,0,0,none
852,gran,0,0,0,none
853,gran,0,0,0,none
854,gran,0,0,0,none
855,mono,0,0,0,none
856,lymph,0,1,0,none
857,lymph,0,0,0,none
858,lymph,0,0,1,CD4
859,gran,0,0,0,none
860,lymph,0,0,1,CD4
861,gran,0,0,0,none
862,lymph,0,0,1,CD4
863,lymph,0,0,1,CD8
864,mono,0,0,0,none
865,lymph,0,0,0,none
866,gran,0,0,0,none
867,lymph,0,0,0,none
868,lymph,0,0,1,CD4
869,gran,1,0,0,none
870,debris,0,0,0,none
871,lymph,0,0,0,none
872,lymph,0,0,0,none
873,gran,0,0,0,none
874,gran,0,0,0,none
875,debris,0,0,0,none
876,lymph,0,0,1,CD4
877,lymph,0,0,1,CD8
878,lymph,0,0,1,CD4
879,lymph,0,0,1,CD8
880,lymph,0,0,1,CD4
881,gran,0,0,0,none
882,lymph,0,0,0,none
883,lymph,0,0,1,CD4
884,mono,0,0,0,none
885,gran,0,0,0,none
886,lymph,0,0,0,none
887,gran,0,1,0,none
888,lymph,0,0,1,CD8
889,debris,0,0,0,none
890,lymph,0,0,0,none
891,lymph,0,0,1,CD4
892,lymph,0,0,1,CD4
893,lymph,0,0,1,CD8
894,gran,0,0,0,none
895,lymph,0,0,1,CD4
896,debris,0,0,0,none
897,gran,0,0,0,none
898,lymph,0,0,1,CD8
899,lymph,0,0,0,none
900,debris,0,0,0,none
901,gran,0,0,0,none
902,lymph,0,0,1,CD8
903,gran,0,0,0,none
904,lymph,0,0,0,none
905,lymph,0,0,0,none
906,lymph,0,0,1,CD4
907,gran,0,0,0,none
908,lymph,0,0,0,none
909,gran,0,0,0,none
910,lymph,0,0,0,none
911,gran,0,0,0,none
912,mono,0,0,0,none
913,lymph,0,0,0,none
914,lymph,0,0,1,CD4
915,gran,0,0,0,none
916,mono,0,0,0,none
917,lymph,1,0,1,CD4
918,gran,1,0,0,none
919,lymph,0,0,0,none
920,mono,0,0,0,none
921,mono,0,0,0,none
922,lymph,0,0,1,CD4
923,gran,0,1,0,none
924,mono,0,0,0,none
925,lymph,0,0,1,CD4
926,lymph,1,0,0,none
927,mono,0,0,0,none
928,gran,0,0,0,none
929,lymph,0,0,1,CD4
930,gran,0,0,0,none
931,lymph,0,0,0,none
932,lymph,0,0,1,CD8
933,gran,0,0,0,none
934,mono,0,0,0,none
935,lymph,0,0,1,CD8
936,lymph,0,0,0,none
937,lymph,0,0,1,CD8
938,lymph,0,0,1,DN
939,debris,0,0,0,none
940,lymph,1,0,1,CD8
941,mono,0,0,0,none
942,lymph,0,0,1,CD4
943,lymph,0,0,1,CD8
944,gran,0,0,0,none
945,lymph,0,0,1,CD8
946,lymph,0,0,1,CD4
947,lymph,0,0,1,CD8
948,lymph,0,0,0,none
949,lymph,0,0,1,CD4
950,debris,0,0,0,none
951,lymph,0,0,0,none
952,lymph,0,0,1,CD8
953,lymph,0,0,1,CD8
954,lymph,0,0,1,CD4
955,lymph,0,0,0,none
956,mono,0,0,0,none
957,lymph,0,0,1,CD8
958,debris,0,0,0,none
959,debris,0,0,0,none
960,lymph,0,0,1,CD8
961,lymph,0,0,1,CD8
962,debris,0,0,0,none
963,lymph,1,0,1,CD4
964,gran,0,0,0,none
965,debris,0,0,0,none
966,lymph,0,0,0,none
967,gran,0,0,0,none
968,lymph,0,0,1,CD4
969,gran,0,0,0,none
970,gran,0,0,0,none
971,lymph,1,0,1,DN
972,lymph,1,0,1,CD8
973,gran,0,0,0,none
974,lymph,0,0,1,CD8
975,lymph,0,0,1,CD4
976,lymph,0,1,1,CD4
977,lymph,0,0,1,CD4
978,gran,0,0,0,none
979,lymph,1,0,1,CD8
980,gran,1,0,0,none
981,lymph,0,0,1,CD8
982,gran,0,0,0,none
983,lymph,0,0,1,DN
984,lymph,0,0,1,CD4
985,lymph,0,0,1,CD4
986,debris,0,0,0,none
987,lymph,0,0,1,CD4
988,lymph,0,0,1,CD4
989,debris,0,0,0,none
990,lymph,0,0,1,DN
991,lymph,0,0,1,CD4
992,gran,0,0,0,none
993,mono,0,0,0,none
994,debris,0,0,0,none
995,lymph,1,0,1,CD8
996,lymph,1,0,1,CD4
997,lymph,0,0,1,CD8
998,lymph,1,0,1,CD4
999,gran,0,0,0,none
1000,lymph,0,0,1,CD4
1001,debris,0,0,0,none
1002,mono,0,0,0,none
1003,lymph,0,0,0,none
1004,lymph,0,0,1,CD8
1005,lymph,0,0,0,none
1006,gran,0,0,0,none
1007,lymph,0,0,1,CD4
1008,lymph,0,0,0,none
1009,gran,0,0,0,none
1010,lymph,0,0,1,CD4
1011,lymph,0,1,1,CD8
1012,gran,0,0,0,none
1013,gran,0,0,0,none
1014,lymph,0,0,0,none
1015,mono,0,0,0,none
1016,lymph,0,0,0,none
1017,lymph,0,0,1,CD8
1018,lymph,0,0,1,CD4
1019,lymph,0,0,1,CD8
1020,lymph,0,0,0,none
1021,lymph,0,0,1,CD8
1022,lymph,0,0,1,CD4
1023,lymph,0,0,1,CD4
1024,debris,0,0,0,none
1025,lymph,0,0,1,CD4
1026,gran,0,1,0,none
1027,mono,0,0,0,none
1028,gran,0,0,0,none
1029,lymph,1,0,0,none
1030,lymph,0,0,0,none
1031,lymph,0,0,1,CD4
1032,lymph,0,0,1,CD4
1033,mono,0,0,0,none
1034,gran,0,1,0,none
1035,lymph,0,0,0,none
1036,lymph,0,0,1,CD8
1037,gran,0,0,0,none
1038,lymph,0,0,1,CD8
1039,gran,0,0,0,none
1040,mono,1,0,0,none
1041,lymph,0,0,1,DN
1042,lymph,0,0,1,DN
1043,gran,0,0,0,none
1044,lymph,0,0,1,CD4
1045,gran,0,0,0,none
1046,gran,0,0,0,none
1047,lymph,0,0,1,DP
1048,gran,0,0,0,none
1049,debris,0,0,0,none
1050,lymph,0,0,0,none
1051,mono,0,0,0,none
1052,lymph,0,0,1,CD4
1053,lymph,0,0,1,CD8
1054,lymph,0,0,1,CD4
1055,lymph,0,0,0,none
1056,debris,0,0,0,none
1057,lymph,0,0,1,CD8
1058,lymph,0,0,1,CD8
1059,lymph,0,0,1,CD4
1060,lymph,0,0,1,CD8
1061,lymph,0,0,0,none
1062,lymph,0,0,1,CD4
1063,mono,0,0,0,none
1064,lymph,0,0,1,DN
1065,debris,0,0,0,none
1066,lymph,1,0,1,CD8
1067,gran,0,0,0,none
1068,lymph,0,0,0,none
1069,lymph,0,0,0,none
1070,lymph,0,0,1,CD4
1071,gran,0,0,0,none
1072,mono,0,0,0,none
1073,lymph,0,0,1,CD4
1074,gran,0,0,0,none
1075,mono,0,0,0,none
1076,lymph,0,0,0,none
1077,gran,0,0,0,none
1078,lymph,0,0,1,DN
1079,debris,0,0,0,none
1080,lymph,0,0,1,CD8
1081,lymph,0,0,1,CD4
1082,mono,0,0,0,none
1083,lymph,1,0,1,CD4
1084,lymph,0,0,1,CD8
1085,lymph,0,0,1,CD8
1086,debris,0,0,0,none
1087,mono,0,1,0,none
1088,lymph,0,0,1,DN
1089,lymph,0,0,1,CD8
1090,gran,0,0,0,none
1091,lymph,0,0,0,none
1092,debris,0,0,0,none
1093,debris,0,0,0,none
1094,lymph,0,0,1,CD4
1095,gran,0,0,0,none
1096,lymph,0,0,1,CD8
1097,lymph,0,0,0,none
1098,lymph,0,0,1,CD8
1099,lymph,0,1,1,CD4
1100,lymph,0,0,0,none
1101,gran,0,0,0,none
1102,lymph,0,0,0,none
1103,mono,0,0,0,none
1104,mono,0,0,0,none
1105,gran,1,0,0,none
1106,lymph,0,0,1,CD4
1107,debris,0,0,0,none
1108,lymph,0,0,1,CD4
1109,lymph,0,0,1,CD8
1110,mono,0,0,0,none
1111,mono,0,0,0,none
1112,lymph,0,0,1,CD4
1113,lymph,0,0,1,DN
1114,lymph,0,0,1,CD4
1115,lymph,0,0,1,CD8
1116,lymph,0,0,1,CD8
1117,gran,0,0,0,none
1118,lymph,0,0,0,none
1119,lymph,0,0,1,CD4
1120,gran,0,0,0,none
1121,lymph,0,0,0,none
1122,gran,0,0,0,none
1123,lymph,0,0,1,CD4
1124,lymph,0,0,1,CD8
1125,mono,0,0,0,none
1126,lymph,0,0,0,none
1127,lymph,0,0,1,CD4
1128,lymph,1,0,1,DN
1129,gran,0,0,0,none
1130,mono,1,0,0,none
1131,lymph,0,0,1,CD4
1132,debris,0,0,0,none
1133,lymph,0,0,1,CD4
1134,mono,0,0,0,none
1135,lymph,0,0,1,CD8
1136,debris,0,0,0,none
1137,lymph,0,0,1,CD4
1138,lymph,0,0,1,CD8
1139,lymph,0,0,1,CD4
1140,lymph,0,1,1,CD8
1141,lymph,0,0,1,CD4
1142,gran,0,0,0,none
1143,debris,0,0,0,none
1144,mono,0,0,0,none
1145,lymph,0,0,0,none
1146,lymph,0,0,0,none
1147,lymph,0,0,1,CD4
1148,lymph,0,0,1,CD4
1149,gran,0,0,0,none
1150,lymph,0,0,1,DP
1151,lymph,0,0,1,CD8
1152,lymph,0,0,0,none
1153,gran,0,0,0,none
1154,gran,0,0,0,none
1155,lymph,0,0,1,CD8
1156,lymph,0,0,1,CD4
1157,gran,0,0,0,none
1158,gran,0,0,0,none
1159,lymph,0,0,0,none
1160,lymph,0,0,1,CD8
1161,lymph,0,0,0,none
1162,lymph,0,0,1,CD4
1163,debris,0,0,0,none
1164,lymph,0,0,1,CD4
1165,lymph,0,0,0,none
1166,debris,0,0,0,none
1167,lymph,0,1,1,DN
1168,debris,0,0,0,none
1169,lymph,0,0,0,none
1170,debris,0,0,0,none
1171,lymph,0,0,0,none
1172,lymph,0,0,1,CD8
1173,gran,0,0,0,none
1174,lymph,0,0,1,CD4
1175,gran,1,0,0,none
1176,lymph,0,0,1,CD8
1177,lymph,0,0,1,CD4
1178,lymph,0,0,0,none
1179,gran,0,0,0,none
1180,gran,0,0,0,none
1181,debris,0,0,0,none
1182,lymph,0,0,0,none
1183,lymph,0,0,0,none
1184,lymph,0,0,1,CD4
1185,lymph,0,0,1,DN
1186,gran,0,0,0,none
1187,lymph,0,0,0,none
1188,lymph,1,0,0,none
1189,gran,0,0,0,none
1190,lymph,0,0,1,CD8
1191,lymph,0,0,0,none
1192,lymph,0,0,1,CD4
1193,gran,0,0,0,none
1194,debris,0,0,0,none
1195,lymph,0,0,1,CD4
1196,gran,0,0,0,none
1197,gran,0,0,0,none
1198,lymph,0,0,1,CD4
1199,lymph,0,0,1,CD4
1200,lymph,0,0,0,none
1201,gran,0,0,0,none
1202,lymph,0,0,1,CD4
1203,gran,0,0,0,none
1204,gran,0,0,0,none
1205,mono,0,0,0,none
1206,debris,0,0,0,none
1207,debris,0,0,0,none
1208,gran,0,0,0,none
1209,lymph,0,0,1,CD4
1210,lymph,0,0,1,CD8
1211,mono,0,0,0,none
1212,gran,0,0,0,none
1213,lymph,0,0,1,CD4
1214,gran,0,0,0,none
1215,gran,1,0,0,none
1216,gran,0,0,0,none
1217,gran,0,0,0,none
1218,debris,0,0,0,none
1219,debris,0,0,0,none
1220,mono,0,0,0,none
1221,mono,0,0,0,none
1222,lymph,0,0,1,CD4
1223,lymph,1,0,0,none
1224,gran,0,0,0,none
1225,lymph,1,0,1,CD4
1226,mono,0,0,0,none
1227,lymph,0,0,0,none
1228,lymph,0,0,0,none
1229,lymph,1,0,1,DN
1230,lymph,0,0,1,CD8
1231,lymph,0,0,0,none
1232,mono,0,0,0,none
1233,debris,0,0,0,none
1234,lymph,0,0,1,CD4
1235,gran,0,0,0,none
1236,mono,1,0,0,none
1237,lymph,1,0,1,CD8
1238,lymph,0,0,1,CD8
1239,debris,0,0,0,none
1240,mono,1,0,0,none
1241,lymph,0,0,1,CD4
1242,debris,0,0,0,none
1243,lymph,1,0,1,CD8
1244,gran,0,0,0,none
1245,lymph,0,0,1,CD4
1246,gran,1,0,0,none
1247,lymph,0,0,1,CD4
1248,debris,0,0,0,none
1249,lymph,0,0,1,CD8
1250,lymph,1,0,0,none
1251,lymph,0,0,0,none
1252,lymph,0,0,1,CD8
1253,gran,0,0,0,none
1254,gran,0,0,0,none
1255,lymph,0,0,1,DN
1256,gran,0,0,0,none
1257,mono,0,0,0,none
1258,mono,0,0,0,none
1259,lymph,0,0,1,CD8
1260,lymph,0,0,1,CD4
1261,gran,0,0,0,none
1262,debris,0,0,0,none
1263,gran,0,0,0,none
1264,debris,0,0,0,none
1265,lymph,0,0,1,CD8
1266,lymph,0,0,1,CD4
1267,mono,0,0,0,none
1268,lymph,0,0,1,CD8
1269,lymph,0,0,1,CD8
1270,debris,0,0,0,none
1271,lymph,0,0,0,none
1272,gran,0,0,0,none
1273,mono,0,0,0,none
1274,gran,0,0,0,none
1275,gran,0,0,0,none
1276,lymph,0,0,1,CD8
1277,lymph,0,0,1,CD4
1278,lymph,0,0,1,CD8
1279,mono,0,0,0,none
1280,gran,0,1,0,none
1281,debris,0,0,0,none
1282,lymph,0,0,0,none
1283,lymph,0,0,0,none
1284,lymph,0,0,1,CD8
1285,lymph,0,0,0,none
1286,lymph,0,0,1,CD8
1287,lymph,0,0,1,CD8
1288,lymph,0,0,0,none
1289,debris,0,0,0,none
1290,lymph,0,0,1,CD8
1291,lymph,0,0,1,CD8
1292,lymph,0,0,1,CD8
1293,lymph,0,0,1,CD4
1294,debris,0,0,0,none
1295,gran,0,0,0,none
1296,debris,0,0,0,none
1297,lymph,1,0,1,CD8
1298,lymph,1,0,0,none
1299,lymph,0,0,1,CD8
1300,lymph,0,0,0,none
1301,gran,0,0,0,none
1302,gran,0,0,0,none
1303,gran,0,0,0,none
1304,lymph,0,0,1,CD4
1305,gran,0,0,0,none
1306,debris,0,0,0,none
1307,debris,0,0,0,none
1308,lymph,0,0,1,CD4
1309,lymph,0,0,1,CD4
1310,lymph,0,0,1,DP
1311,gran,0,0,0,none
1312,mono,0,0,0,none
1313,debris,0,0,0,none
1314,lymph,0,0,0,none
1315,debris,0,0,0,none
1316,lymph,0,1,1,CD4
1317,lymph,0,1,1,CD8
1318,gran,0,0,0,none
1319,lymph,0,1,1,CD4
1320,gran,0,0,0,none
1321,debris,0,0,0,none
1322,lymph,0,0,1,CD4
1323,lymph,0,0,1,CD4
1324,lymph,0,1,0,none
1325,lymph,0,0,1,CD4
1326,lymph,0,0,1,CD4
1327,lymph,0,0,1,CD4
1328,lymph,0,0,1,DP
1329,lymph,0,0,1,CD8
1330,lymph,0,0,1,CD4
1331,mono,0,0,0,none
1332,lymph,0,0,1,CD8
1333,lymph,0,0,0,none
1334,lymph,1,0,1,CD4
1335,lymph,0,0,0,none
1336,gran,0,0,0,none
1337,lymph,0,0,1,CD8
1338,lymph,0,0,0,none
1339,debris,0,0,0,none
1340,lymph,0,0,1,CD4
1341,gran,0,0,0,none
1342,lymph,0,0,1,CD4
1343,lymph,0,0,1,CD8
1344,gran,0,0,0,none
1345,lymph,1,0,1,DP
1346,lymph,0,0,1,CD4
1347,lymph,1,0,1,CD4
1348,lymph,0,0,1,CD4
1349,lymph,0,0,1,CD8
1350,debris,0,0,0,none
1351,lymph,0,0,1,DP
1352,lymph,0,0,1,CD4
1353,lymph,0,0,1,CD4
1354,lymph,0,0,1,CD8
1355,lymph,0,0,1,CD4
1356,mono,0,1,0,none
1357,mono,0,0,0,none
1358,gran,0,0,0,none
1359,mono,0,0,0,none
1360,lymph,0,0,1,CD4
1361,lymph,0,0,1,CD8
1362,lymph,0,0,1,CD8
1363,lymph,0,0,1,CD4
1364,lymph,0,0,1,CD4
1365,lymph,0,1,1,CD4
1366,lymph,0,0,1,CD8
1367,lymph,0,0,1,DN
1368,lymph,0,0,1,DP
1369,lymph,0,0,1,CD4
1370,lymph,0,0,0,none
1371,lymph,0,0,1,CD8
1372,mono,0,0,0,none
1373,mono,0,0,0,none
1374,lymph,0,0,1,CD4
1375,lymph,0,0,1,DN
1376,mono,0,0,0,none
1377,lymph,0,0,1,CD4
1378,lymph,0,0,0,none
1379,lymph,0,0,1,CD4
1380,gran,0,0,0,none
1381,mono,0,0,0,none
1382,lymph,0,0,0,none
1383,debris,0,0,0,none
1384,lymph,0,0,1,CD4
1385,lymph,0,0,0,none
1386,debris,0,0,0,none
1387,lymph,0,0,1,CD8
1388,lymph,0,0,1,CD4
1389,gran,0,0,0,none
1390,lymph,0,1,1,CD8
1391,lymph,0,0,1,CD4
1392,lymph,1,0,1,DN
1393,gran,0,0,0,none
1394,gran,0,0,0,none
1395,lymph,0,1,0,none
1396,gran,0,0,0,none
1397,lymph,0,0,1,CD8
1398,debris,0,0,0,none
1399,lymph,0,0,1,CD4
1400,lymph,0,0,0,none
1401,lymph,0,0,1,CD4
1402,lymph,0,0,1,CD8
1403,lymph,0,0,1,CD8
1404,lymph,0,0,1,CD4
1405,lymph,0,0,1,CD4
1406,gran,0,0,0,none
1407,lymph,0,0,1,CD8
1408,lymph,0,0,1,CD4
1409,lymph,0,0,1,CD4
1410,mono,0,0,0,none
1411,debris,0,0,0,none
1412,gran,1,0,0,none
1413,lymph,0,0,1,DP
1414,mono,0,0,0,none
1415,lymph,0,0,0,none
1416,gran,0,0,0,none
1417,debris,0,0,0,none
1418,mono,0,0,0,none
1419,lymph,0,0,1,CD8
1420,mono,0,0,0,none
1421,lymph,0,0,1,CD4
1422,lymph,0,0,1,CD4
1423,lymph,0,0,1,CD8
1424,debris,0,0,0,none
1425,lymph,0,0,1,CD8
1426,lymph,0,0,1,CD4
1427,mono,0,0,0,none
1428,gran,0,0,0,none
1429,debris,0,0,0,none
1430,lymph,0,0,1,DN
1431,lymph,0,0,1,CD4
1432,lymph,0,0,1,CD4
1433,lymph,0,0,1,DN
1434,lymph,0,0,1,CD4
1435,lymph,0,0,1,CD8
1436,debris,0,0,0,none
1437,lymph,0,0,1,CD4
1438,debris,0,0,0,none
1439,mono,0,0,0,none
1440,gran,0,0,0,none
1441,lymph,0,0,1,CD4
1442,mono,0,0,0,none
1443,lymph,0,0,0,none
1444,debris,0,0,0,none
1445,lymph,0,0,1,CD4
1446,debris,0,0,0,none
1447,gran,0,0,0,none
1448,gran,0,0,0,none
1449,lymph,0,0,1,CD8
1450,lymph,0,0,1,CD4
1451,lymph,0,0,1,CD4
1452,gran,0,0,0,none
1453,mono,0,0,0,none
1454,gran,0,0,0,none
1455,gran,0,0,0,none
1456,debris,0,0,0,none
1457,lymph,0,0,1,CD4
1458,gran,0,0,0,none
1459,mono,0,0,0,none
1460,mono,0,0,0,none
1461,gran,0,0,0,none
1462,mono,0,0,0,none
1463,mono,1,0,0,none
1464,lymph,0,0,1,DN
1465,lymph,0,0,1,CD8
1466,mono,0,0,0,none
1467,lymph,0,0,0,none
1468,lymph,0,0,1,CD4
1469,lymph,0,0,1,CD4
1470,lymph,0,0,0,none
1471,debris,0,0,0,none
1472,debris,0,0,0,none
1473,lymph,0,0,1,CD4
1474,gran,0,0,0,none
1475,lymph,0,0,1,CD4
1476,mono,0,0,0,none
1477,lymph,0,0,1,CD4
1478,gran,0,0,0,none
1479,gran,0,0,0,none
1480,lymph,0,0,0,none
1481,lymph,0,0,1,CD4
1482,lymph,1,0,0,none
1483,mono,0,0,0,none
1484,gran,0,0,0,none
1485,lymph,0,0,1,CD4
1486,gran,0,0,0,none
1487,debris,0,0,0,none
1488,lymph,0,0,0,none
1489,lymph,0,0,1,CD8
1490,lymph,0,0,1,CD8
1491,lymph,0,0,1,DN
1492,gran,0,1,0,none
1493,lymph,1,0,1,CD4
1494,lymph,0,0,1,CD4
1495,lymph,0,0,1,CD8
1496,lymph,0,0,1,CD8
1497,lymph,0,0,1,CD4
1498,lymph,0,0,1,CD4
1499,lymph,0,0,0,none
1500,lymph,0,0,1,CD4
1501,lymph,0,0,1,CD4
1502,lymph,0,0,1,CD4
1503,lymph,0,1,1,CD4
1504,lymph,0,0,0,none
1505,debris,0,0,0,none
1506,lymph,0,0,1,CD4
1507,lymph,0,0,0,none
1508,lymph,0,0,1,CD4
1509,gran,0,0,0,none
1510,lymph,0,0,1,CD8
1511,debris,0,0,0,none
1512,lymph,0,0,1,CD4
1513,lymph,0,0,1,CD8
1514,lymph,0,0,0,none
1515,debris,0,0,0,none
1516,lymph,0,0,1,CD4
1517,lymph,0,0,1,CD4
1518,lymph,0,0,0,none
1519,lymph,0,0,1,DN
1520,lymph,0,0,1,CD4
1521,lymph,1,0,1,CD8
1522,lymph,0,0,1,CD4
1523,lymph,0,0,1,CD4
1524,gran,0,0,0,none
1525,lymph,0,0,1,DN
1526,lymph,0,0,1,DP
1527,lymph,1,0,1,CD4
1528,gran,0,0,0,none
1529,mono,0,0,0,none
1530,mono,0,0,0,none
1531,lymph,0,0,1,CD4
1532,debris,0,0,0,none
1533,lymph,0,0,1,CD8
1534,lymph,0,0,1,CD4
1535,lymph,0,0,1,CD8
1536,gran,0,0,0,none
1537,lymph,0,0,1,CD4
1538,debris,0,0,0,none
1539,lymph,0,0,1,CD4
1540,debris,0,0,0,none
1541,lymph,0,0,0,none
1542,gran,0,0,0,none
1543,lymph,0,0,1,CD4
1544,gran,0,0,0,none
1545,lymph,0,0,1,CD4
1546,lymph,0,0,1,CD4
1547,mono,0,0,0,none
1548,lymph,0,0,0,none
1549,mono,0,0,0,none
1550,lymph,0,0,1,CD4
1551,lymph,0,0,1,CD4
1552,debris,0,0,0,none
1553,lymph,0,0,0,none
1554,debris,0,0,0,none
1555,debris,0,0,0,none
1556,gran,0,0,0,none
1557,lymph,0,0,0,none
1558,lymph,0,0,1,DN
1559,gran,0,1,0,none
1560,mono,0,0,0,none
1561,lymph,0,0,1,CD4
1562,lymph,0,0,1,CD8
1563,lymph,0,0,0,none
1564,lymph,0,0,1,CD8
1565,lymph,0,0,1,CD4
1566,lymph,0,0,1,CD8
1567,debris,0,0,0,none
1568,debris,0,0,0,none
1569,gran,0,0,0,none
1570,lymph,0,0,1,CD4
1571,debris,0,0,0,none
1572,lymph,1,0,1,CD4
1573,mono,1,0,0,none
1574,lymph,0,0,1,CD4
1575,lymph,0,0,0,none
1576,debris,0,0,0,none
1577,lymph,0,0,1,CD4
1578,lymph,0,0,0,none
1579,lymph,0,0,1,DP
1580,lymph,0,0,0,none
1581,lymph,0,0,1,CD4
1582,lymph,0,0,1,CD8
1583,mono,0,0,0,none
1584,debris,0,0,0,none
1585,lymph,0,0,1,CD8
1586,lymph,0,0,1,CD8
1587,lymph,0,0,1,CD8
1588,lymph,0,0,1,DN
1589,lymph,0,0,0,none
1590,lymph,1,0,1,CD4
1591,lymph,1,0,1,CD8
1592,mono,0,0,0,none
1593,debris,0,0,0,none
1594,debris,0,0,0,none
1595,lymph,0,0,0,none
1596,lymph,0,0,1,CD8
1597,lymph,0,0,1,DN
1598,debris,0,0,0,none
1599,lymph,0,0,0,none
1600,lymph,0,0,1,CD8
1601,debris,0,0,0,none
1602,lymph,0,0,0,none
1603,gran,0,0,0,none
1604,mono,0,0,0,none
1605,lymph,0,0,1,CD4
1606,gran,0,0,0,none
1607,lymph,0,1,1,CD4
1608,gran,0,0,0,none
1609,lymph,0,0,0,none
1610,debris,0,0,0,none
1611,lymph,0,0,1,CD8
1612,lymph,0,0,1,CD8
1613,lymph,0,0,0,none
1614,lymph,0,0,0,none
1615,lymph,0,0,1,DN
1616,lymph,0,0,1,CD8
1617,lymph,0,0,0,none
1618,lymph,0,0,1,CD8
1619,lymph,0,0,1,CD8
1620,mono,0,0,0,none
1621,lymph,0,0,1,DN
1622,gran,0,0,0,none
1623,lymph,0,0,0,none
1624,lymph,0,0,1,CD4
1625,lymph,0,1,0,none
1626,gran,0,0,0,none
1627,lymph,0,0,1,CD4
1628,mono,0,0,0,none
1629,lymph,0,0,1,CD4
1630,lymph,0,0,0,none
1631,debris,0,0,0,none
1632,lymph,0,0,1,CD8
1633,gran,1,0,0,none
1634,lymph,0,0,1,CD4
1635,lymph,0,1,1,CD4
1636,lymph,0,0,1,CD8
1637,debris,0,0,0,none
1638,lymph,0,0,1,CD4
1639,lymph,0,0,0,none
1640,debris,0,0,0,none
1641,debris,0,0,0,none
1642,lymph,0,0,1,CD8
1643,lymph,0,0,1,CD8
1644,lymph,0,0,1,CD4
1645,lymph,0,0,1,CD8
1646,mono,0,0,0,none
1647,debris,0,0,0,none
1648,gran,0,0,0,none
1649,lymph,0,0,1,CD8
1650,gran,0,0,0,none
1651,debris,0,0,0,none
1652,lymph,0,0,1,CD8
1653,lymph,0,0,0,none
1654,lymph,0,0,1,CD8
1655,gran,0,0,0,none
1656,lymph,0,0,0,none
1657,lymph,0,0,1,DN
1658,gran,0,0,0,none
1659,lymph,0,0,1,CD4
1660,mono,0,0,0,none
1661,mono,0,0,0,none
1662,lymph,0,0,0,none
1663,gran,0,1,0,none
1664,lymph,0,0,1,CD8
1665,lymph,0,0,1,CD8
1666,debris,0,0,0,none
1667,mono,0,0,0,none
1668,lymph,0,1,1,CD4
1669,debris,0,0,0,none
1670,lymph,0,0,1,CD8
1671,lymph,0,0,1,CD4
1672,debris,0,0,0,none
1673,lymph,0,0,1,CD4
1674,lymph,0,0,1,CD4
1675,lymph,0,0,1,CD8
1676,lymph,0,0,1,CD4
1677,mono,0,0,0,none
1678,gran,0,0,0,none
1679,lymph,0,0,1,CD4
1680,lymph,0,0,1,CD4
1681,lymph,0,0,1,CD8
1682,debris,0,0,0,none
1683,lymph,0,0,1,CD4
1684,lymph,0,0,1,CD8
1685,lymph,0,0,1,CD4
1686,debris,0,0,0,none
1687,lymph,0,0,1,CD8
1688,lymph,0,0,1,CD8
1689,mono,0,0,0,none
1690,gran,0,0,0,none
1691,lymph,0,0,1,CD8
1692,lymph,0,0,1,DP
1693,lymph,0,0,0,none
1694,lymph,0,0,1,CD4
1695,gran,0,0,0,none
1696,gran,0,0,0,none
1697,lymph,0,0,0,none
1698,gran,0,0,0,none
1699,debris,0,0,0,none
1700,gran,1,0,0,none
1701,lymph,0,0,1,CD4
1702,lymph,0,0,1,CD8
1703,gran,1,0,0,none
1704,mono,0,0,0,none
1705,debris,0,0,0,none
1706,lymph,0,0,1,CD4
1707,lymph,0,0,1,CD4
1708,gran,0,0,0,none
1709,lymph,0,0,0,none
1710,debris,0,0,0,none
1711,debris,0,0,0,none
1712,lymph,0,0,0,none
1713,debris,0,0,0,none
1714,lymph,0,0,1,CD4
1715,lymph,0,0,1,CD8
1716,lymph,0,0,1,DN
1717,debris,0,0,0,none
1718,gran,1,0,0,none
1719,gran,0,0,0,none
1720,lymph,1,0,1,CD4
1721,mono,0,0,0,none
1722,gran,0,0,0,none
1723,gran,0,0,0,none
1724,lymph,0,0,1,CD4
1725,lymph,0,0,0,none
1726,mono,0,0,0,none
1727,mono,0,0,0,none
1728,lymph,0,0,1,CD4
1729,lymph,0,0,1,DN
1730,lymph,0,0,1,CD8
1731,lymph,0,0,1,CD8
1732,lymph,0,0,0,none
1733,mono,0,0,0,none
1734,lymph,0,0,1,CD4
1735,lymph,1,0,1,DN
1736,lymph,0,0,1,CD8
1737,lymph,1,0,1,CD8
1738,gran,0,0,0,none
1739,lymph,0,0,1,CD8
1740,debris,0,0,0,none
1741,lymph,0,1,1,DN
1742,gran,0,0,0,none
1743,lymph,0,0,1,CD8
1744,lymph,0,0,1,CD4
1745,lymph,0,0,1,CD4
1746,mono,0,0,0,none
1747,debris,0,0,0,none
1748,gran,0,0,0,none
1749,lymph,0,0,1,CD4
1750,lymph,0,0,1,CD8
1751,lymph,0,0,1,CD4
1752,gran,0,0,0,none
1753,lymph,0,0,1,CD4
1754,debris,0,0,0,none
1755,lymph,0,0,0,none
1756,lymph,1,1,1,CD8
1757,lymph,0,0,0,none
1758,gran,0,0,0,none
1759,lymph,0,0,1,CD4
1760,lymph,0,0,1,CD4
1761,lymph,1,0,1,DN
1762,lymph,0,0,1,CD4
1763,lymph,0,0,1,CD8
1764,lymph,0,0,1,CD4
1765,debris,0,0,0,none
1766,lymph,0,0,1,CD4
1767,gran,0,0,0,none
1768,lymph,0,0,1,CD4
1769,debris,0,0,0,none
1770,lymph,0,0,1,CD4
1771,mono,0,0,0,none
1772,lymph,0,0,1,CD4
1773,lymph,0,0,1,CD4
1774,lymph,0,0,0,none
1775,lymph,0,0,1,CD4
1776,lymph,0,0,1,CD4
1777,debris,0,0,0,none
1778,lymph,0,0,1,DN
1779,lymph,0,0,1,CD4
1780,gran,0,0,0,none
1781,lymph,0,0,0,none
1782,lymph,0,0,1,CD4
1783,debris,0,0,0,none
1784,lymph,0,0,1,CD4
1785,mono,0,0,0,none
1786,mono,0,0,0,none
1787,lymph,0,0,1,CD8
1788,debris,0,0,0,none
1789,lymph,0,0,1,CD8
1790,lymph,0,0,1,CD4
1791,gran,0,0,0,none
1792,lymph,0,0,1,CD8
1793,lymph,0,0,0,none
1794,lymph,0,0,1,CD4
1795,gran,0,0,0,none
1796,gran,0,0,0,none
1797,lymph,0,0,1,CD8
1798,lymph,0,0,1,CD4
1799,lymph,0,0,1,CD8
1800,lymph,0,0,0,none
1801,lymph,0,0,1,CD4
1802,lymph,0,0,1,CD4
1803,lymph,0,0,0,none
1804,lymph,0,0,1,CD8
1805,lymph,0,0,1,CD4
1806,gran,0,0,0,none
1807,debris,0,0,0,none
1808,gran,0,0,0,none
1809,lymph,0,0,0,none
1810,lymph,1,0,1,CD4
1811,lymph,0,0,1,CD4
1812,lymph,0,0,0,none
1813,debris,0,0,0,none
1814,lymph,0,0,1,CD8
1815,debris,0,0,0,none
1816,lymph,0,0,1,CD4
1817,debris,0,0,0,none
1818,lymph,0,0,1,CD8
1819,lymph,0,0,0,none
1820,lymph,0,0,1,CD8
1821,gran,0,0,0,none
1822,debris,0,0,0,none
1823,debris,0,0,0,none
1824,mono,0,0,0,none
1825,gran,0,0,0,none
1826,gran,0,0,0,none
1827,gran,0,0,0,none
1828,gran,0,0,0,none
1829,gran,0,0,0,none
1830,mono,0,0,0,none
1831,gran,0,0,0,none
1832,mono,0,0,0,none
1833,lymph,0,0,0,none
1834,lymph,0,0,1,CD4
1835,lymph,0,0,1,CD4
1836,gran,0,0,0,none
1837,gran,0,0,0,none
1838,debris,0,0,0,none
1839,mono,0,0,0,none
1840,lymph,0,0,1,CD8
1841,gran,1,0,0,none
1842,lymph,0,0,1,CD8
1843,debris,0,0,0,none
1844,lymph,1,0,1,CD4
1845,lymph,0,0,1,CD8
1846,lymph,0,0,1,CD4
1847,mono,0,0,0,none
1848,lymph,0,0,1,CD8
1849,mono,0,0,0,none
1850,lymph,0,0,1,CD4
1851,lymph,0,0,0,none
1852,lymph,0,0,1,CD8
1853,debris,0,0,0,none
1854,lymph,0,0,1,CD4
1855,lymph,0,0,1,CD8
1856,gran,0,0,0,none
1857,gran,0,0,0,none
1858,lymph,0,0,0,none
1859,lymph,0,0,1,DP
1860,mono,0,0,0,none
1861,gran,0,0,0,none
1862,lymph,0,0,1,CD4
1863,mono,0,0,0,none
1864,mono,0,0,0,none
1865,mono,0,0,0,none
1866,lymph,0,0,1,CD8
1867,lymph,0,0,1,CD4
1868,lymph,0,0,1,CD4
1869,lymph,0,0,0,none
1870,gran,1,0,0,none
1871,lymph,0,0,1,DN
1872,lymph,0,0,1,DN
1873,gran,0,0,0,none
1874,gran,0,0,0,none
1875,lymph,0,0,1,CD4
1876,lymph,0,0,1,CD4
1877,debris,0,0,0,none
1878,lymph,0,0,1,CD8
1879,lymph,0,0,1,CD8
1880,lymph,0,0,1,CD4
1881,mono,0,0,0,none
1882,lymph,0,0,1,CD4
1883,lymph,0,0,0,none
1884,lymph,0,0,1,CD4
1885,debris,0,0,0,none
1886,lymph,0,0,1,CD8
1887,debris,0,0,0,none
1888,lymph,0,0,1,CD8
1889,debris,0,0,0,none
1890,gran,0,0,0,none
1891,lymph,0,0,1,DN
1892,lymph,0,0,1,CD8
1893,gran,0,0,0,none
1894,lymph,0,0,1,CD8
1895,lymph,0,0,1,CD4
1896,lymph,0,0,1,CD8
1897,lymph,0,0,0,none
1898,lymph,0,1,1,CD4
1899,lymph,1,0,0,none
1900,lymph,0,0,1,DN
1901,debris,0,0,0,none
1902,mono,0,0,0,none
1903,gran,0,0,0,none
1904,gran,0,0,0,none
1905,lymph,0,0,1,CD8
1906,lymph,0,0,1,CD4
1907,lymph,0,0,0,none
1908,lymph,0,0,1,CD4
1909,gran,0,1,0,none
1910,lymph,0,0,1,CD4
1911,lymph,0,0,1,CD8
1912,lymph,0,0,1,CD8
1913,lymph,0,0,1,CD8
1914,lymph,0,0,1,CD4
1915,lymph,0,0,1,CD4
1916,mono,0,0,0,none
1917,lymph,0,0,1,CD4
1918,lymph,0,0,1,DN
1919,gran,0,0,0,none
1920,lymph,0,0,1,CD8
1921,lymph,0,0,1,DN
1922,lymph,0,0,0,none
1923,lymph,0,0,0,none
1924,lymph,0,0,0,none
1925,lymph,0,0,1,CD8
1926,lymph,0,0,0,none
1927,lymph,0,0,1,CD4
1928,lymph,0,0,0,none
1929,lymph,0,0,0,none
1930,lymph,0,0,1,CD8
1931,lymph,0,0,1,CD4
1932,mono,0,0,0,none
1933,lymph,0,1,1,CD4
1934,lymph,0,0,1,CD4
1935,lymph,0,0,1,CD8
1936,gran,0,1,0,none
1937,lymph,0,0,1,CD4
1938,debris,0,0,0,none
1939,gran,0,0,0,none
1940,lymph,0,0,0,none
1941,lymph,0,0,1,CD4
1942,lymph,0,0,1,CD4
1943,mono,1,0,0,none
1944,lymph,0,0,0,none
1945,lymph,0,0,1,CD4
1946,lymph,0,0,0,none
1947,lymph,0,0,0,none
1948,lymph,0,0,1,CD4
1949,lymph,0,0,1,CD4
1950,lymph,0,0,0,none
1951,lymph,0,0,1,CD4
1952,mono,0,0,0,none
1953,lymph,0,1,1,CD8
1954,lymph,0,0,1,CD8
1955,lymph,0,0,1,CD4
1956,lymph,0,0,1,CD4
1957,lymph,0,0,1,CD8
1958,gran,0,0,0,none
1959,lymph,0,0,1,CD4
1960,lymph,0,0,1,CD4
1961,gran,0,0,0,none
1962,lymph,0,0,1,CD8
1963,mono,1,0,0,none
1964,lymph,0,0,1,CD8
1965,lymph,0,0,1,CD4
1966,mono,0,0,0,none
1967,lymph,0,1,1,CD8
1968,gran,0,0,0,none
1969,gran,0,1,0,none
1970,mono,0,0,0,none
1971,debris,0,0,0,none
1972,lymph,0,0,1,CD4
1973,mono,0,0,0,none
1974,lymph,1,0,1,CD4
1975,mono,0,0,0,none
1976,mono,0,0,0,none
1977,lymph,0,0,0,none
1978,gran,0,0,0,none
1979,gran,0,0,0,none
1980,mono,0,0,0,none
1981,debris,0,0,0,none
1982,lymph,0,0,1,DN
1983,lymph,1,0,0,none
1984,lymph,0,0,1,CD4
1985,mono,0,0,0,none
1986,debris,0,0,0,none
1987,lymph,0,0,1,CD8
1988,mono,0,0,0,none
1989,gran,0,0,0,none
1990,mono,0,0,0,none
1991,lymph,0,0,1,DN
1992,lymph,0,0,0,none
1993,lymph,0,0,0,none
1994,gran,0,0,0,none
1995,lymph,0,0,1,CD8
1996,gran,0,0,0,none
1997,lymph,0,0,1,CD4
1998,lymph,0,0,0,none
1999,lymph,0,0,1,DN
2000,lymph,0,0,1,CD4
2001,lymph,0,0,1,CD4
2002,debris,0,0,0,none
2003,lymph,0,0,0,none
2004,lymph,0,0,1,CD4
2005,lymph,0,0,1,CD4
2006,mono,0,0,0,none
2007,lymph,0,0,0,none
2008,mono,0,0,0,none
2009,gran,0,0,0,none
2010,lymph,0,0,1,CD4
2011,lymph,1,0,1,CD8
2012,lymph,0,0,1,CD4
2013,mono,0,0,0,none
2014,lymph,0,0,1,CD8
2015,debris,0,0,0,none
2016,lymph,0,0,1,CD4
2017,lymph,0,0,0,none
2018,lymph,0,0,1,CD4
2019,mono,0,0,0,none
2020,lymph,0,0,1,CD8
2021,lymph,0,0,1,CD4
2022,debris,0,0,0,none
2023,lymph,0,0,1,CD4
2024,lymph,0,0,1,CD4
2025,lymph,0,0,0,none
2026,lymph,0,0,0,none
2027,gran,0,0,0,none
2028,gran,0,0,0,none
2029,mono,0,0,0,none
2030,debris,0,0,0,none
2031,mono,0,0,0,none
2032,lymph,0,1,1,CD4
2033,lymph,0,0,1,CD8
2034,gran,0,0,0,none
2035,gran,0,0,0,none
2036,lymph,0,0,1,CD8
2037,lymph,0,0,1,DP
2038,lymph,0,0,1,CD4
2039,gran,0,0,0,none
2040,lymph,0,0,1,CD4
2041,gran,0,0,0,none
2042,lymph,0,0,1,CD4
2043,lymph,0,0,0,none
2044,debris,0,0,0,none
2045,lymph,0,0,0,none
2046,lymph,0,0,1,CD4
2047,lymph,0,0,1,CD4
2048,gran,0,0,0,none
2049,lymph,0,0,1,CD8
2050,mono,0,0,0,none
2051,gran,0,0,0,none
2052,lymph,0,0,1,CD4
2053,debris,0,0,0,none
2054,lymph,0,0,1,DP
2055,gran,0,0,0,none
2056,gran,0,0,0,none
2057,gran,0,0,0,none
2058,lymph,0,0,1,CD4
2059,gran,0,0,0,none
2060,lymph,0,0,1,CD8
2061,lymph,0,0,1,CD4
2062,mono,0,0,0,none
2063,lymph,0,0,1,CD4
2064,lymph,0,0,1,CD4
2065,debris,0,0,0,none
2066,lymph,0,0,1,CD8
2067,debris,0,0,0,none
2068,debris,0,0,0,none
2069,mono,0,0,0,none
2070,lymph,0,0,0,none
2071,lymph,0,0,0,none
2072,gran,0,0,0,none
2073,debris,0,0,0,none
2074,gran,0,0,0,none
2075,lymph,0,0,1,CD8
2076,lymph,0,0,1,CD8
2077,gran,0,0,0,none
2078,lymph,0,0,0,none
2079,mono,0,0,0,none
2080,lymph,0,0,0,none
2081,lymph,0,0,1,DN
2082,debris,0,0,0,none
2083,lymph,0,0,1,CD4
2084,lymph,0,0,1,CD4
2085,lymph,0,0,1,CD4
2086,gran,0,0,0,none
2087,lymph,0,0,0,none
2088,lymph,0,0,0,none
2089,gran,0,0,0,none
2090,debris,0,0,0,none
2091,mono,0,0,0,none
2092,gran,0,0,0,none
2093,lymph,0,0,1,CD4
2094,lymph,0,0,1,DN
2095,lymph,0,0,1,CD4
2096,lymph,0,0,1,CD8
2097,lymph,0,0,1,CD8
2098,mono,0,0,0,none
2099,lymph,0,0,0,none
2100,lymph,0,0,1,CD4
2101,lymph,0,0,0,none
2102,lymph,0,0,1,CD4
2103,lymph,0,0,1,CD4
2104,lymph,0,0,1,CD4
2105,debris,0,0,0,none
2106,lymph,0,0,1,CD4
2107,lymph,0,0,0,none
2108,lymph,0,0,1,DP
2109,mono,0,0,0,none
2110,gran,1,0,0,none
2111,lymph,0,0,1,CD8
2112,lymph,1,0,1,CD4
2113,gran,0,0,0,none
2114,lymph,0,0,1,CD4
2115,lymph,1,0,1,CD4
2116,lymph,0,0,1,CD4
2117,lymph,0,0,0,none
2118,lymph,0,0,0,none
2119,mono,0,0,0,none
2120,debris,0,0,0,none
2121,debris,0,0,0,none
2122,mono,0,0,0,none
2123,gran,0,0,0,none
2124,lymph,0,0,1,DN
2125,gran,0,0,0,none
2126,gran,0,0,0,none
2127,lymph,0,0,1,CD4
2128,mono,0,1,0,none
2129,lymph,0,0,1,CD4
2130,gran,0,0,0,none
2131,lymph,0,0,1,DN
2132,lymph,0,0,1,CD8
2133,lymph,0,0,1,CD4
2134,lymph,0,0,1,CD8
2135,lymph,0,0,1,CD8
2136,lymph,0,0,0,none
2137,lymph,0,0,0,none
2138,lymph,0,0,0,none
2139,lymph,0,0,0,none
2140,mono,0,0,0,none
2141,lymph,0,0,0,none
2142,lymph,0,0,1,CD4
2143,lymph,0,0,0,none
2144,gran,0,0,0,none
2145,gran,0,0,0,none
2146,lymph,0,0,1,CD4
2147,debris,0,0,0,none
2148,lymph,1,0,0,none
2149,mono,0,0,0,none
2150,lymph,0,0,1,CD4
2151,debris,0,0,0,none
2152,mono,0,0,0,none
2153,lymph,0,0,1,CD4
2154,lymph,1,0,1,CD4
2155,debris,0,0,0,none
2156,lymph,0,0,1,CD4
2157,lymph,0,0,1,CD4
2158,mono,0,0,0,none
2159,lymph,0,0,1,CD4
2160,debris,0,0,0,none
2161,debris,0,0,0,none
2162,lymph,0,0,1,CD4
2163,debris,0,0,0,none
2164,gran,0,0,0,none
2165,lymph,0,0,1,CD8
2166,gran,0,0,0,none
2167,lymph,0,0,1,CD4
2168,debris,0,0,0,none
2169,lymph,1,0,1,CD4
2170,lymph,0,0,0,none
2171,debris,0,0,0,none
2172,gran,0,1,0,none
2173,lymph,0,0,1,CD8
2174,lymph,0,0,1,DN
2175,gran,0,0,0,none
2176,lymph,0,0,1,DN
2177,lymph,0,0,0,none
2178,lymph,0,0,1,CD4
2179,lymph,0,0,1,CD4
2180,lymph,0,0,1,CD4
2181,mono,0,0,0,none
2182,gran,0,0,0,none
2183,lymph,0,0,0,none
2184,lymph,0,0,1,CD4
2185,gran,0,0,0,none
2186,gran,0,0,0,none
2187,mono,0,0,0,none
2188,lymph,0,0,1,CD8
2189,debris,0,0,0,none
2190,gran,0,0,0,none
2191,gran,0,0,0,none
2192,lymph,0,0,0,none
2193,lymph,0,0,1,CD4
2194,lymph,1,0,0,none
2195,lymph,0,0,1,DN
2196,lymph,1,1,1,CD8
2197,mono,0,0,0,none
2198,lymph,0,0,0,none
2199,gran,0,0,0,none
2200,mono,0,0,0,none
2201,lymph,0,0,1,CD4
2202,lymph,0,0,0,none
2203,gran,0,0,0,none
2204,lymph,0,0,1,CD4
2205,lymph,0,0,1,CD8
2206,lymph,0,0,1,CD4
2207,lymph,0,0,1,CD8
2208,lymph,0,0,0,none
2209,lymph,0,0,0,none
2210,lymph,0,1,0,none
2211,lymph,0,0,0,none
2212,gran,0,1,0,none
2213,gran,0,0,0,none
2214,lymph,0,0,0,none
2215,lymph,0,0,1,CD8
2216,gran,0,0,0,none
2217,debris,0,0,0,none
2218,gran,0,0,0,none
2219,gran,0,0,0,none
2220,mono,0,0,0,none
2221,gran,0,0,0,none
2222,lymph,0,0,1,CD4
2223,lymph,0,0,1,CD4
2224,lymph,0,0,0,none
2225,lymph,0,0,0,none
2226,lymph,0,0,1,CD8
2227,lymph,0,0,1,DN
2228,gran,0,0,0,none
2229,debris,0,0,0,none
2230,lymph,0,0,1,CD8
2231,lymph,0,0,1,CD4
2232,gran,0,0,0,none
2233,gran,0,0,0,none
2234,mono,0,0,0,none
2235,mono,0,0,0,none
2236,lymph,0,1,1,CD4
2237,mono,1,0,0,none
2238,lymph,0,0,1,CD8
2239,lymph,0,0,1,DN
2240,lymph,0,1,0,none
2241,lymph,0,0,0,none
2242,debris,0,0,0,none
2243,gran,0,0,0,none
2244,lymph,1,0,0,none
2245,lymph,0,0,0,none
2246,gran,0,0,0,none
2247,lymph,0,0,1,CD4
2248,lymph,0,0,1,DN
2249,lymph,0,0,1,CD4
2250,lymph,1,0,1,CD4
2251,lymph,0,0,0,none
2252,lymph,0,0,0,none
2253,gran,0,0,0,none
2254,lymph,0,0,1,CD4
2255,lymph,1,0,1,CD4
2256,lymph,0,0,1,CD4
2257,mono,0,0,0,none
2258,debris,0,0,0,none
2259,mono,1,0,0,none
2260,gran,0,0,0,none
2261,lymph,0,0,0,none
2262,lymph,0,0,1,CD4
2263,gran,0,0,0,none
2264,debris,0,0,0,none
2265,lymph,0,0,1,CD8
2266,mono,0,1,0,none
2267,mono,0,0,0,none
2268,lymph,0,0,1,CD4
2269,lymph,0,0,1,CD8
2270,lymph,0,0,1,CD4
2271,mono,1,0,0,none
2272,gran,0,0,0,none
2273,debris,0,0,0,none
2274,lymph,0,0,1,CD8
2275,mono,0,0,0,none
2276,lymph,0,0,1,CD8
2277,debris,0,0,0,none
2278,lymph,0,0,1,CD8
2279,lymph,0,0,1,CD4
2280,lymph,0,1,1,CD8
2281,lymph,0,0,0,none
2282,lymph,0,0,0,none
2283,lymph,0,0,1,CD4
2284,lymph,0,0,1,CD4
2285,lymph,0,0,1,CD8
2286,lymph,0,0,1,DN
2287,lymph,0,0,1,CD4
2288,lymph,0,0,0,none
2289,lymph,0,0,1,CD8
2290,lymph,0,0,0,none
2291,lymph,0,0,0,none
2292,lymph,0,0,1,CD8
2293,debris,0,0,0,none
2294,mono,0,0,0,none
2295,mono,0,0,0,none
2296,lymph,0,0,1,CD4
2297,debris,0,0,0,none
2298,gran,0,0,0,none
2299,gran,0,0,0,none
2300,lymph,0,0,0,none
2301,gran,0,0,0,none
2302,gran,0,0,0,none
2303,lymph,0,1,1,CD4
2304,debris,0,0,0,none
2305,mono,0,0,0,none
2306,lymph,0,0,1,CD4
2307,debris,0,0,0,none
2308,debris,0,0,0,none
2309,lymph,0,0,1,CD8
2310,lymph,0,0,1,CD8
2311,lymph,0,0,0,none
2312,lymph,0,0,1,CD8
2313,mono,0,0,0,none
2314,lymph,0,0,0,none
2315,mono,0,1,0,none
2316,gran,0,0,0,none
2317,lymph,0,0,1,CD8
2318,mono,0,0,0,none
2319,lymph,0,0,0,none
2320,gran,0,0,0,none
2321,lymph,0,0,1,CD4
2322,gran,0,0,0,none
2323,lymph,0,0,0,none
2324,lymph,0,0,1,CD4
2325,lymph,0,0,0,none
2326,gran,0,0,0,none
2327,gran,0,0,0,none
2328,lymph,0,0,1,CD8
2329,debris,0,0,0,none
2330,debris,0,0,0,none
2331,lymph,1,0,1,CD8
2332,lymph,0,0,1,CD4
2333,lymph,0,0,1,CD8
2334,lymph,0,0,1,CD4
2335,debris,0,0,0,none
2336,lymph,0,0,1,CD4
2337,mono,0,0,0,none
2338,lymph,0,0,1,CD4
2339,lymph,0,0,1,CD4
2340,lymph,0,0,1,CD4
2341,lymph,0,1,0,none
2342,mono,0,1,0,none
2343,lymph,0,0,1,CD4
2344,lymph,1,0,0,none
2345,debris,0,0,0,none
2346,gran,0,0,0,none
2347,lymph,0,0,1,CD8
2348,debris,0,0,0,none
2349,lymph,0,0,0,none
2350,mono,0,0,0,none
2351,lymph,0,0,0,none
2352,lymph,0,0,1,CD8
2353,debris,0,0,0,none
2354,lymph,0,0,0,none
2355,lymph,0,0,1,CD4
2356,lymph,0,1,1,CD8
2357,lymph,0,0,0,none
2358,debris,0,0,0,none
2359,gran,0,0,0,none
2360,lymph,0,0,1,CD4
2361,lymph,0,0,1,CD4
2362,lymph,0,0,0,none
2363,lymph,0,0,1,CD4
2364,gran,0,0,0,none
2365,lymph,0,0,1,CD4
2366,lymph,0,1,0,none
2367,lymph,0,0,0,none
2368,lymph,0,0,1,CD4
2369,mono,0,0,0,none
2370,lymph,0,0,0,none
2371,gran,0,0,0,none
2372,gran,0,0,0,none
2373,lymph,0,0,1,CD4
2374,lymph,0,0,0,none
2375,lymph,0,0,1,CD8
2376,mono,0,0,0,none
2377,gran,0,0,0,none
2378,lymph,0,0,1,CD4
2379,lymph,0,0,0,none
2380,gran,0,0,0,none
2381,gran,1,0,0,none
2382,lymph,0,0,1,CD4
2383,lymph,0,0,1,CD4
2384,lymph,0,0,1,CD4
2385,gran,1,0,0,none
2386,mono,0,0,0,none
2387,lymph,0,0,1,CD4
2388,gran,0,0,0,none
2389,lymph,0,0,0,none
2390,mono,0,0,0,none
2391,lymph,0,0,1,CD4
2392,lymph,0,0,1,CD4
2393,lymph,0,0,0,none
2394,lymph,0,0,1,CD8
2395,lymph,0,0,1,CD4
2396,lymph,0,0,0,none
2397,lymph,1,1,1,CD4
2398,lymph,1,0,1,CD8
2399,lymph,0,0,1,CD8
2400,lymph,0,1,1,CD4
2401,debris,0,0,0,none
2402,lymph,0,0,1,CD4
2403,lymph,0,0,0,none
2404,lymph,0,0,1,DP
2405,mono,0,0,0,none
2406,gran,0,0,0,none
2407,lymph,0,0,1,CD4
2408,debris,0,0,0,none
2409,mono,0,0,0,none
2410,lymph,1,0,1,CD8
2411,lymph,0,0,1,CD4
2412,gran,0,0,0,none
2413,lymph,0,0,1,CD4
2414,gran,0,0,0,none
2415,lymph,0,0,1,CD4
2416,gran,1,0,0,none
2417,mono,1,0,0,none
2418,gran,0,0,0,none
2419,gran,0,0,0,none
2420,lymph,0,0,1,CD4
2421,lymph,0,0,1,CD4
2422,mono,0,0,0,none
2423,lymph,0,1,1,CD4
2424,debris,0,0,0,none
2425,lymph,0,0,0,none
2426,mono,0,0,0,none
2427,lymph,0,0,1,CD4
2428,mono,0,0,0,none
2429,lymph,0,0,0,none
2430,lymph,0,0,1,CD4
2431,debris,0,0,0,none
2432,lymph,0,0,0,none
2433,lymph,0,0,0,none
2434,lymph,0,0,1,CD8
2435,lymph,0,0,1,CD4
2436,lymph,0,0,0,none
2437,lymph,0,0,1,CD4
2438,lymph,0,1,0,none
2439,mono,0,0,0,none
2440,lymph,0,0,1,CD8
2441,mono,0,0,0,none
2442,lymph,0,0,1,CD8
2443,mono,0,0,0,none
2444,lymph,1,0,1,CD4
2445,lymph,0,0,1,CD4
2446,lymph,0,0,1,DN
2447,lymph,0,0,0,none
2448,lymph,0,0,0,none
2449,lymph,0,0,1,CD8
2450,lymph,0,0,0,none
2451,lymph,0,0,1,CD4
2452,lymph,0,0,1,CD4
2453,lymph,0,0,0,none
2454,lymph,0,0,1,CD4
2455,lymph,0,0,0,none
2456,gran,0,0,0,none
2457,debris,0,0,0,none
2458,mono,1,0,0,none
2459,mono,0,0,0,none
2460,lymph,0,0,0,none
2461,lymph,0,0,1,CD4
2462,lymph,0,0,0,none
2463,debris,0,0,0,none
2464,lymph,0,0,1,CD4
2465,lymph,1,0,0,none
2466,mono,0,0,0,none
2467,lymph,0,0,1,DN
2468,lymph,0,0,1,CD4
2469,lymph,0,0,1,CD4
2470,debris,0,0,0,none
2471,lymph,1,0,0,none
2472,lymph,0,0,1,CD4
2473,debris,0,0,0,none
2474,lymph,0,0,1,CD4
2475,mono,0,0,0,none
2476,debris,0,0,0,none
2477,lymph,0,0,1,CD4
2478,gran,0,0,0,none
2479,gran,0,0,0,none
2480,lymph,0,0,1,CD4
2481,gran,0,0,0,none
2482,lymph,0,0,1,CD4
2483,lymph,0,0,1,CD4
2484,mono,0,0,0,none
2485,lymph,0,0,1,CD4
2486,lymph,0,0,1,DN
2487,lymph,0,0,1,CD4
2488,gran,0,0,0,none
2489,lymph,0,1,1,CD8
2490,lymph,0,0,1,CD4
2491,lymph,0,0,1,CD8
2492,lymph,0,0,0,none
2493,lymph,0,0,1,CD4
2494,gran,0,0,0,none
2495,mono,0,0,0,none
2496,lymph,0,0,1,CD4
2497,debris,0,0,0,none
2498,lymph,0,0,0,none
2499,gran,0,0,0,none
2500,lymph,0,0,1,CD4
2501,mono,0,0,0,none
2502,lymph,0,0,0,none
2503,lymph,0,0,1,CD4
2504,lymph,0,0,1,CD8
2505,lymph,0,0,1,CD4
2506,gran,0,0,0,none
2507,debris,0,0,0,none
2508,lymph,0,0,0,none
2509,lymph,0,0,1,CD4
2510,lymph,0,0,1,CD8
2511,lymph,0,0,0,none
2512,gran,0,0,0,none
2513,gran,0,0,0,none
2514,lymph,0,0,1,CD4
2515,lymph,0,0,0,none
2516,gran,0,0,0,none
2517,lymph,0,0,1,CD4
2518,lymph,0,1,0,none
2519,lymph,0,0,1,CD4
2520,mono,0,0,0,none
2521,gran,0,0,0,none
2522,lymph,0,0,1,CD4
2523,gran,0,0,0,none
2524,lymph,0,0,1,CD4
2525,lymph,0,0,1,CD4
2526,lymph,0,0,1,CD8
2527,lymph,0,0,0,none
2528,lymph,0,0,0,none
2529,lymph,0,0,1,DN
2530,debris,0,0,0,none
2531,gran,0,0,0,none
2532,debris,0,0,0,none
2533,lymph,0,0,1,CD8
2534,lymph,0,0,1,CD4
2535,lymph,1,0,1,CD8
2536,lymph,1,0,1,CD8
2537,gran,0,0,0,none
2538,lymph,0,0,1,CD4
2539,gran,0,0,0,none
2540,mono,0,0,0,none
2541,lymph,0,0,1,CD8
2542,lymph,0,0,0,none
2543,gran,0,0,0,none
2544,gran,0,0,0,none
2545,lymph,0,1,1,CD4
2546,mono,0,0,0,none
2547,gran,0,0,0,none
2548,lymph,0,0,0,none
2549,lymph,0,0,1,CD4
2550,lymph,0,0,1,CD8
2551,lymph,1,0,1,DN
2552,lymph,0,0,1,CD4
2553,lymph,0,0,1,CD8
2554,lymph,0,0,0,none
2555,lymph,0,0,1,CD8
2556,lymph,0,0,1,CD4
2557,mono,0,0,0,none
2558,lymph,0,0,0,none
2559,gran,0,0,0,none
2560,mono,0,0,0,none
2561,lymph,0,0,0,none
2562,debris,0,0,0,none
2563,lymph,0,0,1,CD4
2564,lymph,1,0,1,CD4
2565,gran,0,0,0,none
2566,lymph,0,0,1,CD8
2567,lymph,0,0,1,CD4
2568,lymph,0,0,0,none
2569,lymph,0,0,1,CD8
2570,lymph,0,0,0,none
2571,gran,0,0,0,none
2572,gran,0,0,0,none
2573,lymph,0,0,1,CD8
2574,debris,0,0,0,none
2575,lymph,0,0,1,DN
2576,lymph,0,0,0,none
2577,gran,0,0,0,none
2578,mono,0,0,0,none
2579,gran,0,0,0,none
2580,gran,0,0,0,none
2581,lymph,0,1,1,CD4
2582,mono,0,0,0,none
2583,lymph,0,0,1,DN
2584,lymph,0,0,1,CD8
2585,lymph,0,0,1,CD4
2586,lymph,0,0,1,CD8
2587,mono,0,0,0,none
2588,debris,0,0,0,none
2589,lymph,0,0,1,CD8
2590,gran,0,0,0,none
2591,lymph,0,0,0,none
2592,lymph,0,0,1,CD4
2593,lymph,0,0,0,none
2594,lymph,0,0,1,CD4
2595,lymph,0,0,1,CD4
2596,lymph,0,0,1,CD8
2597,lymph,0,0,1,DN
2598,lymph,0,0,0,none
2599,lymph,1,0,1,CD8
2600,mono,0,1,0,none
2601,gran,0,0,0,none
2602,lymph,0,0,1,CD8
2603,debris,0,0,0,none
2604,debris,0,0,0,none
2605,lymph,0,0,1,CD8
2606,mono,0,0,0,none
2607,gran,0,0,0,none
2608,lymph,0,0,1,CD4
2609,lymph,0,0,1,CD4
2610,lymph,0,0,1,CD4
2611,debris,0,0,0,none
2612,lymph,0,0,1,CD4
2613,lymph,0,0,1,DN
2614,lymph,0,0,1,CD8
2615,lymph,0,0,1,CD8
2616,lymph,0,0,1,CD8
2617,lymph,0,0,1,DN
2618,gran,1,0,0,none
2619,gran,0,0,0,none
2620,lymph,0,0,1,CD4
2621,lymph,0,0,0,none
2622,gran,0,0,0,none
2623,mono,0,0,0,none
2624,mono,0,1,0,none
2625,debris,0,0,0,none
2626,debris,0,0,0,none
2627,mono,0,0,0,none
2628,lymph,0,0,1,CD8
2629,lymph,0,1,1,CD8
2630,gran,0,0,0,none
2631,lymph,0,0,1,CD8
2632,lymph,0,0,1,CD4
2633,lymph,0,0,1,CD8
2634,lymph,0,0,1,CD8
2635,mono,0,0,0,none
2636,gran,0,0,0,none
2637,lymph,0,0,1,CD4
2638,lymph,0,0,1,CD4
2639,mono,0,0,0,none
2640,lymph,0,0,1,CD4
2641,lymph,0,0,1,CD8
2642,mono,0,0,0,none
2643,lymph,0,0,1,CD4
2644,mono,0,0,0,none
2645,lymph,0,0,1,CD8
2646,lymph,0,0,1,CD4
2647,gran,0,0,0,none
2648,lymph,0,0,0,none
2649,gran,0,0,0,none
2650,lymph,0,0,1,CD4
2651,lymph,0,0,1,CD4
2652,lymph,0,0,1,CD4
2653,lymph,0,0,1,CD8
2654,mono,0,0,0,none
2655,mono,0,0,0,none
2656,lymph,0,0,1,CD4
2657,lymph,0,0,1,DN
2658,lymph,0,0,1,CD4
2659,lymph,0,0,0,none
2660,mono,0,0,0,none
2661,lymph,0,0,1,CD8
2662,lymph,0,0,1,CD4
2663,mono,0,0,0,none
2664,gran,1,0,0,none
2665,debris,0,0,0,none
2666,mono,0,0,0,none
2667,lymph,0,0,0,none
2668,mono,0,0,0,none
2669,lymph,0,0,0,none
2670,lymph,0,0,0,none
2671,lymph,0,0,1,CD4
2672,mono,0,0,0,none
2673,gran,0,0,0,none
2674,debris,0,0,0,none
2675,lymph,0,0,1,CD4
2676,debris,0,0,0,none
2677,lymph,0,0,1,CD4
2678,lymph,0,0,1,CD8
2679,debris,0,0,0,none
2680,gran,0,0,0,none
2681,lymph,0,0,0,none
2682,lymph,0,0,1,CD4
2683,lymph,0,0,1,DN
2684,lymph,0,0,0,none
2685,gran,0,0,0,none
2686,lymph,0,0,0,none
2687,gran,0,0,0,none
2688,lymph,0,0,1,DN
2689,lymph,0,0,1,CD8
2690,mono,0,0,0,none
2691,lymph,0,0,1,CD8
2692,lymph,0,0,1,CD4
2693,mono,0,0,0,none
2694,lymph,0,0,1,CD4
2695,lymph,0,0,1,CD4
2696,gran,0,0,0,none
2697,lymph,0,0,0,none
2698,lymph,1,0,1,CD4
2699,mono,0,0,0,none
2700,lymph,0,0,1,CD4
2701,lymph,0,0,1,CD8
2702,lymph,0,0,1,CD4
2703,lymph,0,0,1,CD4
2704,lymph,0,0,1,CD4
2705,lymph,0,0,1,CD8
2706,lymph,0,0,1,CD4
2707,lymph,0,0,1,DN
2708,lymph,0,0,1,CD8
2709,lymph,0,0,1,CD4
2710,lymph,0,0,1,CD8
2711,lymph,0,0,0,none
2712,lymph,0,0,1,CD4
2713,gran,0,0,0,none
2714,debris,0,0,0,none
2715,gran,0,0,0,none
2716,mono,0,0,0,none
2717,gran,0,0,0,none
2718,lymph,0,0,1,CD4
2719,gran,1,0,0,none
2720,lymph,0,0,0,none
2721,lymph,0,0,1,CD8
2722,lymph,0,0,1,CD8
2723,lymph,0,0,1,CD4
2724,mono,0,0,0,none
2725,lymph,0,0,1,CD4
2726,gran,0,0,0,none
2727,mono,0,0,0,none
2728,lymph,0,0,1,CD8
2729,lymph,0,0,1,CD4
2730,gran,0,0,0,none
2731,lymph,0,0,1,CD4
2732,lymph,0,0,1,CD4
2733,lymph,0,0,0,none
2734,gran,0,0,0,none
2735,lymph,0,0,1,CD8
2736,lymph,0,0,0,none
2737,lymph,0,0,1,CD8
2738,mono,0,0,0,none
2739,mono,0,0,0,none
2740,lymph,1,0,0,none
2741,lymph,0,0,0,none
2742,gran,0,0,0,none
2743,lymph,0,0,1,CD4
2744,lymph,0,0,1,CD8
2745,lymph,0,0,0,none
2746,mono,0,0,0,none
2747,gran,0,0,0,none
2748,lymph,0,0,1,CD8
2749,debris,0,0,0,none
2750,debris,0,0,0,none
2751,lymph,0,0,1,CD8
2752,lymph,0,0,0,none
2753,lymph,0,0,1,CD8
2754,gran,0,0,0,none
2755,gran,0,0,0,none
2756,lymph,0,0,0,none
2757,lymph,0,1,0,none
2758,lymph,0,0,1,CD4
2759,lymph,0,0,1,CD4
2760,lymph,0,0,1,CD8
2761,lymph,0,0,1,DN
2762,lymph,0,0,1,CD4
2763,lymph,0,0,1,CD4
2764,lymph,0,0,1,CD4
2765,lymph,0,0,1,CD8
2766,lymph,0,0,1,CD8
2767,lymph,0,0,1,CD4
2768,gran,0,0,0,none
2769,mono,0,0,0,none
2770,gran,0,0,0,none
2771,debris,0,0,0,none
2772,gran,0,0,0,none
2773,gran,0,0,0,none
2774,lymph,0,0,0,none
2775,lymph,0,0,1,CD4
2776,lymph,0,0,0,none
2777,lymph,0,0,1,CD4
2778,lymph,0,0,1,CD8
2779,debris,0,0,0,none
2780,lymph,0,0,1,CD4
2781,lymph,0,0,1,CD4
2782,lymph,0,0,1,CD8
2783,lymph,0,0,0,none
2784,lymph,0,0,1,CD8
2785,lymph,0,0,1,CD4
2786,lymph,0,0,0,none
2787,gran,0,0,0,none
2788,debris,0,0,0,none
2789,lymph,0,0,0,none
2790,mono,0,0,0,none
2791,lymph,0,0,1,CD8
2792,lymph,0,0,1,CD8
2793,lymph,1,0,1,CD8
2794,mono,0,0,0,none
2795,lymph,0,0,1,CD4
2796,lymph,0,0,1,CD4
2797,gran,0,0,0,none
2798,lymph,0,0,1,DN
2799,lymph,0,0,1,CD4
2800,lymph,0,0,1,CD8
2801,lymph,0,0,1,CD8
2802,lymph,0,0,0,none
2803,lymph,0,0,1,CD4
2804,lymph,0,0,1,CD4
2805,lymph,0,0,1,CD8
2806,mono,0,0,0,none
2807,mono,0,0,0,none
2808,mono,0,0,0,none
2809,lymph,0,0,0,none
2810,lymph,0,0,1,CD8
2811,gran,0,0,0,none
2812,lymph,0,0,1,DN
2813,lymph,0,0,0,none
2814,lymph,0,0,1,DN
2815,gran,0,0,0,none
2816,lymph,0,0,1,CD8
2817,lymph,0,0,0,none
2818,lymph,0,1,1,CD8
2819,lymph,0,0,1,CD4
2820,mono,0,0,0,none
2821,lymph,0,0,1,CD8
2822,lymph,0,0,1,CD4
2823,lymph,0,0,0,none
2824,lymph,0,0,1,CD4
2825,lymph,1,0,1,CD4
2826,mono,0,0,0,none
2827,gran,0,0,0,none
2828,lymph,0,0,1,CD4
2829,gran,0,0,0,none
2830,mono,0,0,0,none
2831,gran,0,0,0,none
2832,gran,1,0,0,none
2833,lymph,0,0,1,DP
2834,lymph,0,0,1,DP
2835,gran,0,0,0,none
2836,lymph,0,0,1,CD4
2837,lymph,0,0,0,none
2838,lymph,0,0,1,DN
2839,lymph,0,0,1,CD4
2840,gran,1,0,0,none
2841,lymph,0,0,0,none
2842,lymph,0,0,0,none
2843,gran,0,0,0,none
2844,lymph,1,0,1,CD4
2845,lymph,0,0,1,CD4
2846,lymph,1,0,1,CD8
2847,lymph,0,0,1,CD4
2848,lymph,0,0,1,CD4
2849,lymph,0,0,1,CD4
2850,lymph,0,0,0,none
2851,gran,0,0,0,none
2852,lymph,0,0,1,CD4
2853,lymph,0,0,1,CD4
2854,mono,0,0,0,none
2855,lymph,0,1,1,CD8
2856,lymph,0,0,1,CD4
2857,debris,0,0,0,none
2858,lymph,0,0,1,CD8
2859,lymph,0,0,0,none
2860,gran,1,0,0,none
2861,lymph,0,0,0,none
2862,lymph,1,0,0,none
2863,lymph,0,0,0,none
2864,lymph,0,0,1,CD4
2865,lymph,0,0,1,CD4
2866,lymph,0,0,1,CD4
2867,lymph,1,0,1,CD8
2868,gran,0,0,0,none
2869,gran,0,0,0,none
2870,lymph,0,0,1,CD8
2871,lymph,0,0,1,CD4
2872,debris,0,0,0,none
2873,lymph,1,0,1,CD4
2874,lymph,0,0,1,CD4
2875,lymph,0,0,1,CD4
2876,lymph,0,0,1,CD4
2877,gran,0,0,0,none
2878,lymph,0,0,0,none
2879,lymph,0,0,0,none
2880,lymph,0,0,1,CD4
2881,lymph,0,0,1,CD8
2882,lymph,1,0,1,DN
2883,mono,0,0,0,none
2884,lymph,0,0,1,CD8
2885,mono,0,0,0,none
2886,mono,1,0,0,none
2887,debris,0,0,0,none
2888,lymph,0,0,1,CD4
2889,lymph,0,0,1,CD4
2890,lymph,0,0,1,CD8
2891,gran,0,0,0,none
2892,lymph,0,0,0,none
2893,lymph,0,0,0,none
2894,lymph,0,0,0,none
2895,debris,0,0,0,none
2896,lymph,0,0,1,CD4
2897,lymph,0,0,1,CD8
2898,gran,0,0,0,none
2899,gran,0,0,0,none
2900,lymph,0,0,1,CD4
2901,debris,0,0,0,none
2902,lymph,0,0,1,CD4
2903,lymph,0,0,0,none
2904,lymph,0,0,1,CD4
2905,mono,0,0,0,none
2906,gran,0,0,0,none
2907,debris,0,0,0,none
2908,lymph,0,0,1,CD4
2909,lymph,0,0,0,none
2910,gran,0,0,0,none
2911,lymph,0,0,0,none
2912,lymph,0,0,0,none
2913,gran,0,0,0,none
2914,mono,0,0,0,none
2915,mono,0,0,0,none
2916,gran,0,0,0,none
2917,lymph,0,0,0,none
2918,debris,0,0,0,none
2919,lymph,0,0,1,CD8
2920,lymph,0,0,1,CD4
2921,lymph,0,0,1,CD4
2922,gran,0,0,0,none
2923,debris,0,0,0,none
2924,debris,0,0,0,none
2925,debris,0,0,0,none
2926,lymph,0,0,1,CD4
2927,lymph,0,0,1,CD8
2928,lymph,0,0,0,none
2929,lymph,0,0,1,CD4
2930,gran,0,0,0,none
2931,debris,0,0,0,none
2932,lymph,1,0,1,CD4
2933,lymph,0,0,1,CD8
2934,lymph,0,0,0,none
2935,debris,0,0,0,none
2936,lymph,0,1,1,CD4
2937,lymph,0,0,1,CD4
2938,lymph,1,0,1,CD4
2939,lymph,0,0,1,CD4
2940,lymph,0,0,1,DN
2941,lymph,0,0,1,CD4
2942,lymph,0,0,0,none
2943,lymph,0,0,0,none
2944,lymph,0,0,1,CD8
2945,debris,0,0,0,none
2946,mono,0,0,0,none
2947,gran,0,0,0,none
2948,lymph,0,0,1,CD8
2949,lymph,0,0,1,CD8
2950,mono,0,0,0,none
2951,mono,0,0,0,none
2952,debris,0,0,0,none
2953,lymph,0,0,1,CD8
2954,lymph,0,0,1,CD8
2955,lymph,0,0,1,CD4
2956,mono,1,0,0,none
2957,lymph,0,0,1,CD8
2958,lymph,0,0,1,CD8
2959,gran,0,0,0,none
2960,mono,0,0,0,none
2961,lymph,0,1,1,DN
2962,lymph,0,0,1,CD8
2963,mono,0,0,0,none
2964,lymph,0,0,1,DN
2965,mono,0,0,0,none
2966,gran,0,0,0,none
2967,gran,0,0,0,none
2968,lymph,0,0,1,CD8
2969,lymph,0,0,0,none
2970,mono,0,0,0,none
2971,debris,0,0,0,none
2972,lymph,0,0,0,none
2973,lymph,0,0,1,CD4
2974,gran,0,0,0,none
2975,debris,0,0,0,none
2976,lymph,0,0,1,CD8
2977,lymph,0,0,1,CD8
2978,gran,0,0,0,none
2979,gran,0,0,0,none
2980,debris,0,0,0,none
2981,lymph,0,0,0,none
2982,mono,0,0,0,none
2983,lymph,0,0,1,CD4
2984,lymph,0,0,1,CD4
2985,lymph,0,0,0,none
2986,lymph,0,0,1,CD4
2987,lymph,0,0,1,CD4
2988,lymph,0,1,0,none
2989,lymph,0,0,1,DP
2990,lymph,0,0,1,CD8
2991,lymph,0,0,1,CD4
2992,gran,0,0,0,none
2993,mono,0,0,0,none
2994,lymph,0,0,1,CD4
2995,lymph,0,0,1,CD8
2996,lymph,0,0,1,CD4
2997,debris,0,0,0,none
2998,lymph,0,0,0,none
2999,lymph,0,0,1,CD4
3000,gran,0,0,0,none
3001,lymph,1,0,1,CD8
3002,lymph,0,0,1,CD4
3003,debris,0,0,0,none
3004,debris,0,0,0,none
3005,lymph,0,1,1,CD8
3006,debris,0,0,0,none
3007,debris,0,0,0,none
3008,lymph,0,0,1,DN
3009,lymph,1,0,1,CD8
3010,lymph,0,0,1,CD8
3011,mono,0,0,0,none
3012,gran,0,0,0,none
3013,lymph,1,0,1,CD4
3014,lymph,1,0,1,CD4
3015,lymph,0,0,1,DN
3016,lymph,0,1,1,CD4
3017,mono,0,0,0,none
3018,gran,0,0,0,none
3019,mono,0,0,0,none
3020,lymph,0,0,1,DN
3021,lymph,0,0,1,CD4
3022,lymph,0,0,1,CD8
3023,lymph,0,0,1,CD4
3024,lymph,0,0,1,DP
3025,lymph,0,0,0,none
3026,gran,0,0,0,none
3027,gran,0,0,0,none
3028,debris,0,0,0,none
3029,gran,0,0,0,none
3030,gran,0,0,0,none
3031,mono,0,0,0,none
3032,lymph,0,0,1,CD8
3033,lymph,0,0,1,CD4
3034,lymph,0,0,0,none
3035,lymph,0,0,0,none
3036,lymph,0,0,0,none
3037,mono,0,0,0,none
3038,lymph,0,0,1,DN
3039,lymph,0,0,0,none
3040,lymph,0,0,1,CD8
3041,mono,0,0,0,none
3042,lymph,0,0,1,CD8
3043,debris,0,0,0,none
3044,lymph,0,0,1,CD4
3045,debris,0,0,0,none
3046,mono,0,0,0,none
3047,debris,0,0,0,none
3048,lymph,0,0,1,CD4
3049,lymph,0,0,1,DP
3050,mono,0,0,0,none
3051,gran,0,0,0,none
3052,debris,0,0,0,none
3053,mono,0,0,0,none
3054,lymph,0,0,1,CD4
3055,lymph,0,0,0,none
3056,lymph,0,0,1,CD4
3057,gran,0,0,0,none
3058,lymph,0,0,1,CD4
3059,lymph,0,0,1,CD8
3060,debris,0,0,0,none
3061,lymph,0,0,1,CD8
3062,gran,0,0,0,none
3063,gran,0,0,0,none
3064,lymph,0,0,1,CD8
3065,lymph,0,0,1,CD4
3066,gran,0,0,0,none
3067,lymph,0,0,1,CD8
3068,lymph,0,0,1,CD8
3069,lymph,0,0,1,CD8
3070,lymph,0,0,1,CD4
3071,lymph,0,0,0,none
3072,lymph,0,0,1,CD8
3073,debris,0,0,0,none
3074,gran,1,0,0,none
3075,lymph,0,0,1,CD4
3076,gran,0,0,0,none
3077,lymph,1,0,1,CD4
3078,lymph,0,0,1,CD8
3079,lymph,0,0,1,CD4
3080,gran,1,0,0,none
3081,mono,0,0,0,none
3082,lymph,0,0,0,none
3083,gran,0,0,0,none
3084,lymph,0,0,1,CD8
3085,lymph,0,0,1,DP
3086,lymph,0,0,1,CD4
3087,lymph,0,0,1,CD8
3088,debris,0,0,0,none
3089,gran,1,0,0,none
3090,lymph,0,0,1,CD4
3091,lymph,0,0,1,CD4
3092,lymph,0,0,1,CD8
3093,gran,0,0,0,none
3094,mono,0,0,0,none
3095,lymph,0,0,1,CD4
3096,lymph,0,0,1,CD4
3097,lymph,0,0,1,DN
3098,lymph,0,0,1,CD4
3099,lymph,0,0,1,CD8
3100,debris,0,0,0,none
3101,gran,0,0,0,none
3102,lymph,0,0,1,CD8
3103,debris,0,0,0,none
3104,lymph,0,0,1,DN
3105,lymph,0,0,1,CD4
3106,lymph,0,0,1,CD4
3107,debris,0,0,0,none
3108,mono,0,0,0,none
3109,lymph,0,0,0,none
3110,mono,0,0,0,none
3111,lymph,0,0,1,CD4
3112,gran,0,0,0,none
3113,debris,0,0,0,none
3114,lymph,0,0,1,CD4
3115,lymph,0,0,1,CD4
3116,lymph,0,0,0,none
3117,lymph,0,0,1,CD8
3118,lymph,0,0,1,CD4
3119,lymph,0,0,0,none
3120,mono,1,0,0,none
3121,gran,0,0,0,none
3122,lymph,1,0,1,CD8
3123,lymph,0,0,1,CD8
3124,mono,0,0,0,none
3125,lymph,0,0,1,CD4
3126,lymph,0,0,1,CD4
3127,gran,0,0,0,none
3128,lymph,0,0,1,CD4
3129,mono,0,0,0,none
3130,lymph,0,0,1,CD4
3131,gran,0,0,0,none
3132,lymph,0,0,1,CD4
3133,lymph,0,0,0,none
3134,mono,0,0,0,none
3135,lymph,0,0,1,CD4
3136,gran,1,0,0,none
3137,lymph,0,1,1,CD4
3138,lymph,1,0,1,CD8
3139,gran,0,0,0,none
3140,lymph,0,0,0,none
3141,lymph,1,0,1,DN
3142,lymph,0,0,1,CD4
3143,gran,0,1,0,none
3144,lymph,0,0,1,DN
3145,lymph,0,0,1,DN
3146,debris,0,0,0,none
3147,lymph,0,0,1,CD8
3148,mono,0,0,0,none
3149,mono,1,0,0,none
3150,lymph,0,0,0,none
3151,lymph,0,0,1,CD8
3152,gran,0,0,0,none
3153,debris,0,0,0,none
3154,gran,0,0,0,none
3155,mono,1,0,0,none
3156,gran,0,0,0,none
3157,gran,0,0,0,none
3158,lymph,0,0,0,none
3159,lymph,0,0,0,none
3160,mono,0,1,0,none
3161,lymph,0,0,0,none
3162,lymph,0,1,1,CD4
3163,gran,0,0,0,none
3164,mono,0,0,0,none
3165,mono,0,0,0,none
3166,lymph,1,0,1,CD4
3167,gran,0,0,0,none
3168,lymph,0,0,0,none
3169,mono,0,0,0,none
3170,lymph,0,0,1,CD8
3171,lymph,1,0,1,CD4
3172,debris,0,0,0,none
3173,gran,0,0,0,none
3174,mono,0,0,0,none
3175,debris,0,0,0,none
3176,gran,0,0,0,none
3177,lymph,0,0,1,CD8
3178,debris,0,0,0,none
3179,lymph,0,0,1,DN
3180,lymph,0,0,1,CD8
3181,lymph,0,0,1,CD8
3182,gran,0,0,0,none
3183,lymph,0,0,1,CD4
3184,lymph,0,0,1,CD4
3185,lymph,1,0,1,CD4
3186,lymph,0,0,1,CD4
3187,lymph,0,0,0,none
3188,lymph,0,0,1,CD4
3189,lymph,0,0,1,CD4
3190,gran,0,0,0,none
3191,lymph,0,0,1,CD4
3192,gran,0,0,0,none
3193,debris,0,0,0,none
3194,mono,0,0,0,none
3195,lymph,0,0,1,DN
3196,lymph,0,0,1,CD8
3197,mono,0,0,0,none
3198,lymph,0,0,0,none
3199,lymph,0,0,1,CD8
3200,debris,0,0,0,none
3201,lymph,0,0,0,none
3202,lymph,0,0,0,none
3203,gran,0,0,0,none
3204,lymph,0,0,1,CD8
3205,gran,0,0,0,none
3206,lymph,1,0,1,CD4
3207,lymph,0,0,0,none
3208,gran,0,0,0,none
3209,lymph,1,0,0,none
3210,lymph,0,0,0,none
3211,lymph,0,1,1,CD4
3212,lymph,0,0,1,CD8
3213,mono,0,0,0,none
3214,lymph,0,0,1,CD8
3215,debris,0,0,0,none
3216,lymph,1,0,0,none
3217,lymph,0,0,1,CD8
3218,lymph,0,0,1,CD8
3219,lymph,0,0,1,CD8
3220,gran,0,0,0,none
3221,lymph,1,0,1,CD8
3222,gran,0,0,0,none
3223,lymph,0,0,1,CD4
3224,lymph,0,0,1,CD4
3225,lymph,1,0,0,none
3226,lymph,0,0,1,DN
3227,gran,0,0,0,none
3228,lymph,0,0,1,DN
3229,mono,0,0,0,none
3230,gran,0,0,0,none
3231,gran,0,0,0,none
3232,lymph,0,0,1,CD8
3233,lymph,0,1,1,CD4
3234,mono,0,1,0,none
3235,lymph,0,0,0,none
3236,lymph,0,0,1,CD8
3237,lymph,1,0,0,none
3238,lymph,0,1,0,none
3239,lymph,0,0,1,CD8
3240,gran,0,0,0,none
3241,lymph,0,0,1,DN
3242,lymph,0,0,1,CD4
3243,debris,0,0,0,none
3244,lymph,0,1,1,CD4
3245,lymph,0,0,1,CD8
3246,lymph,0,0,0,none
3247,mono,1,0,0,none
3248,debris,0,0,0,none
3249,mono,0,0,0,none
3250,lymph,0,0,1,CD8
3251,gran,0,0,0,none
3252,lymph,0,0,1,CD4
3253,lymph,0,0,1,CD8
3254,debris,0,0,0,none
3255,lymph,0,0,1,CD4
3256,mono,0,0,0,none
3257,lymph,0,0,1,CD4
3258,lymph,0,0,1,CD4
3259,lymph,0,0,1,CD8
3260,lymph,0,0,0,none
3261,mono,0,0,0,none
3262,gran,0,0,0,none
3263,debris,0,0,0,none
3264,debris,0,0,0,none
3265,lymph,0,0,0,none
3266,lymph,0,0,1,CD8
3267,debris,0,0,0,none
3268,lymph,0,0,0,none
3269,gran,1,0,0,none
3270,lymph,0,1,1,CD8
3271,lymph,0,0,1,CD8
3272,lymph,0,0,1,CD8
3273,lymph,0,1,1,DN
3274,lymph,0,0,1,CD4
3275,gran,0,1,0,none
3276,lymph,0,0,1,CD8
3277,lymph,0,0,1,CD4
3278,lymph,0,0,1,CD8
3279,lymph,0,1,1,CD8
3280,lymph,0,0,1,DP
3281,lymph,0,0,1,CD4
3282,lymph,0,0,0,none
3283,lymph,0,0,0,none
3284,mono,0,0,0,none
3285,lymph,0,0,1,CD4
3286,lymph,0,0,1,CD4
3287,lymph,0,0,1,CD4
3288,gran,0,0,0,none
3289,mono,0,0,0,none
3290,lymph,0,0,0,none
3291,mono,0,0,0,none
3292,debris,0,0,0,none
3293,debris,0,0,0,none
3294,gran,0,0,0,none
3295,gran,0,0,0,none
3296,lymph,0,0,1,CD4
3297,mono,0,0,0,none
3298,lymph,1,0,1,CD4
3299,lymph,0,0,0,none
3300,lymph,0,0,1,CD4
3301,lymph,0,0,1,DN
3302,lymph,0,0,1,CD8
3303,mono,0,0,0,none
3304,lymph,0,0,1,CD4
3305,lymph,0,0,1,CD8
3306,gran,0,0,0,none
3307,gran,0,0,0,none
3308,lymph,0,0,1,CD8
3309,mono,0,0,0,none
3310,mono,0,0,0,none
3311,gran,0,0,0,none
3312,lymph,0,0,0,none
3313,mono,0,0,0,none
3314,lymph,0,0,1,CD8
3315,lymph,0,0,1,CD4
3316,debris,0,0,0,none
3317,lymph,0,0,1,CD4
3318,lymph,0,0,1,CD8
3319,lymph,0,0,0,none
3320,gran,0,0,0,none
3321,lymph,0,0,1,CD4
3322,mono,0,1,0,none
3323,lymph,0,0,1,CD4
3324,mono,0,0,0,none
3325,lymph,0,0,1,CD8
3326,mono,0,0,0,none
3327,lymph,0,1,1,CD4
3328,gran,0,0,0,none
3329,debris,0,0,0,none
3330,lymph,0,0,1,CD8
3331,gran,0,0,0,none
3332,mono,0,0,0,none
3333,lymph,0,0,1,CD4
3334,mono,0,0,0,none
3335,gran,0,0,0,none
3336,lymph,0,0,0,none
3337,lymph,0,0,1,CD4
3338,lymph,0,0,1,CD4
3339,gran,0,0,0,none
3340,mono,0,0,0,none
3341,lymph,0,0,0,none
3342,debris,0,0,0,none
3343,debris,0,0,0,none
3344,lymph,0,0,1,CD4
3345,lymph,0,0,1,CD8
3346,lymph,0,0,1,CD4
3347,lymph,0,0,1,DN
3348,lymph,0,0,1,CD8
3349,lymph,0,0,0,none
3350,lymph,0,0,0,none
3351,debris,0,0,0,none
3352,mono,0,0,0,none
3353,gran,0,0,0,none
3354,lymph,0,0,1,DP
3355,lymph,0,0,0,none
3356,gran,0,0,0,none
3357,lymph,0,0,0,none
3358,gran,0,0,0,none
3359,debris,0,0,0,none
3360,lymph,0,0,1,CD4
3361,lymph,0,0,1,CD4
3362,lymph,0,0,1,CD8
3363,debris,0,0,0,none
3364,gran,0,0,0,none
3365,lymph,0,0,1,CD4
3366,lymph,0,0,1,CD8
3367,lymph,0,0,1,CD4
3368,lymph,0,0,0,none
3369,lymph,0,0,1,CD4
3370,lymph,0,0,0,none
3371,debris,0,0,0,none
3372,debris,0,0,0,none
3373,gran,0,0,0,none
3374,mono,0,0,0,none
3375,gran,0,0,0,none
3376,debris,0,0,0,none
3377,mono,0,0,0,none
3378,lymph,0,0,1,CD4
3379,lymph,0,0,0,none
3380,lymph,0,0,1,CD4
3381,lymph,0,0,1,CD4
3382,lymph,0,1,1,CD8
3383,mono,0,0,0,none
3384,lymph,0,0,1,CD4
3385,debris,0,0,0,none
3386,lymph,0,0,1,CD8
3387,lymph,0,0,1,CD4
3388,mono,0,0,0,none
3389,mono,0,0,0,none
3390,lymph,0,0,1,CD4
3391,mono,0,0,0,none
3392,lymph,0,0,1,CD4
3393,lymph,0,0,1,CD4
3394,mono,0,0,0,none
3395,lymph,0,0,0,none
3396,lymph,0,0,1,CD8
3397,lymph,0,0,0,none
3398,gran,0,0,0,none
3399,debris,0,0,0,none
3400,lymph,1,0,1,CD4
3401,mono,0,0,0,none
3402,lymph,0,0,0,none
3403,lymph,1,0,1,CD8
3404,lymph,0,0,1,CD4
3405,debris,0,0,0,none
3406,lymph,0,0,1,DP
3407,lymph,0,0,0,none
3408,lymph,0,0,0,none
3409,lymph,0,0,0,none
3410,gran,0,0,0,none
3411,mono,0,0,0,none
3412,debris,0,0,0,none
3413,lymph,0,0,1,CD8
3414,gran,0,0,0,none
3415,debris,0,0,0,none
3416,lymph,0,0,0,none
3417,lymph,0,0,1,CD4
3418,lymph,1,0,1,CD8
3419,lymph,0,0,0,none
3420,lymph,0,0,0,none
3421,lymph,0,0,0,none
3422,gran,0,0,0,none
3423,lymph,0,0,1,DP
3424,mono,0,0,0,none
3425,mono,0,0,0,none
3426,lymph,0,0,0,none
3427,lymph,0,0,1,CD4
3428,mono,0,0,0,none
3429,lymph,0,1,0,none
3430,lymph,0,0,1,CD4
3431,gran,0,0,0,none
3432,mono,0,0,0,none
3433,lymph,0,0,0,none
3434,lymph,0,0,1,CD4
3435,debris,0,0,0,none
3436,lymph,0,0,1,CD4
3437,lymph,0,0,0,none
3438,gran,0,0,0,none
3439,lymph,0,0,0,none
3440,mono,0,0,0,none
3441,lymph,0,0,1,CD4
3442,lymph,0,0,1,CD4
3443,lymph,0,0,1,CD4
3444,mono,0,0,0,none
3445,mono,0,0,0,none
3446,lymph,0,0,1,CD4
3447,lymph,0,0,1,CD8
3448,debris,0,0,0,none
3449,lymph,0,0,1,CD4
3450,lymph,0,0,1,CD4
3451,lymph,0,0,1,CD4
3452,lymph,0,0,1,CD8
3453,lymph,0,0,0,none
3454,lymph,0,0,1,CD8
3455,lymph,0,1,1,CD4
3456,lymph,0,0,1,CD4
3457,lymph,0,0,1,CD4
3458,lymph,0,0,0,none
3459,debris,0,0,0,none
3460,mono,0,0,0,none
3461,mono,0,0,0,none
3462,lymph,0,0,0,none
3463,gran,0,0,0,none
3464,debris,0,0,0,none
3465,debris,0,0,0,none
3466,lymph,0,0,1,CD4
3467,gran,0,0,0,none
3468,debris,0,0,0,none
3469,lymph,0,0,1,CD4
3470,mono,0,0,0,none
3471,debris,0,0,0,none
3472,mono,0,0,0,none
3473,lymph,0,0,0,none
3474,lymph,0,0,0,none
3475,lymph,0,0,1,CD4
3476,lymph,0,0,0,none
3477,lymph,0,0,1,CD8
3478,lymph,0,0,1,CD4
3479,debris,0,0,0,none
3480,lymph,0,1,1,CD4
3481,lymph,0,0,1,CD4
3482,lymph,0,0,1,CD8
3483,mono,0,1,0,none
3484,gran,0,0,0,none
3485,gran,0,0,0,none
3486,debris,0,0,0,none
3487,mono,0,0,0,none
3488,lymph,0,0,1,CD4
3489,lymph,0,0,1,CD4
3490,lymph,0,0,1,CD8
3491,lymph,0,0,1,CD8
3492,gran,0,0,0,none
3493,mono,0,0,0,none
3494,lymph,0,0,1,DN
3495,lymph,0,0,1,CD4
3496,lymph,0,0,1,CD4
3497,lymph,0,0,1,CD8
3498,gran,0,0,0,none
3499,lymph,0,0,1,CD8
3500,mono,0,0,0,none
3501,debris,0,0,0,none
3502,mono,0,0,0,none
3503,lymph,0,0,1,DN
3504,debris,0,0,0,none
3505,lymph,0,0,0,none
3506,lymph,0,0,1,CD8
3507,lymph,0,0,0,none
3508,mono,0,0,0,none
3509,lymph,0,0,1,CD4
3510,mono,0,0,0,none
3511,gran,0,0,0,none
3512,gran,0,0,0,none
3513,gran,1,0,0,none
3514,lymph,0,0,1,CD4
3515,gran,0,0,0,none
3516,gran,0,0,0,none
3517,lymph,0,0,1,CD8
3518,lymph,1,0,1,DN
3519,debris,0,0,0,none
3520,gran,0,0,0,none
3521,gran,0,0,0,none
3522,lymph,0,0,1,DN
3523,debris,0,0,0,none
3524,lymph,0,0,0,none
3525,lymph,0,0,1,CD4
3526,lymph,0,0,1,CD4
3527,debris,0,0,0,none
3528,mono,0,0,0,none
3529,lymph,0,0,0,none
3530,lymph,0,0,1,CD8
3531,mono,0,0,0,none
3532,mono,0,0,0,none
3533,lymph,0,0,1,CD4
3534,debris,0,0,0,none
3535,lymph,0,1,0,none
3536,lymph,0,0,1,CD8
3537,gran,0,0,0,none
3538,gran,0,0,0,none
3539,lymph,0,0,0,none
3540,gran,0,0,0,none
3541,mono,0,0,0,none
3542,lymph,0,0,0,none
3543,gran,0,0,0,none
3544,lymph,0,0,1,CD8
3545,lymph,0,1,0,none
3546,debris,0,0,0,none
3547,gran,0,0,0,none
3548,lymph,1,0,0,none
3549,debris,0,0,0,none
3550,lymph,0,0,1,CD4
3551,lymph,0,0,1,CD4
3552,mono,0,0,0,none
3553,lymph,0,0,1,CD4
3554,lymph,0,0,1,CD4
3555,gran,0,0,0,none
3556,lymph,0,0,1,CD8
3557,lymph,0,0,0,none
3558,lymph,1,0,1,CD4
3559,lymph,0,0,1,CD4
3560,gran,0,0,0,none
3561,lymph,0,0,1,CD4
3562,lymph,0,0,1,CD4
3563,lymph,0,0,0,none
3564,lymph,0,0,1,CD8
3565,lymph,1,0,1,CD4
3566,mono,0,1,0,none
3567,lymph,0,0,1,CD4
3568,gran,0,0,0,none
3569,lymph,0,0,1,CD4
3570,lymph,0,0,0,none
3571,lymph,0,0,1,CD4
3572,lymph,1,0,0,none
3573,debris,0,0,0,none
3574,lymph,0,0,1,CD8
3575,lymph,0,0,1,DP
3576,lymph,1,0,1,CD4
3577,lymph,0,0,0,none
3578,mono,0,0,0,none
3579,lymph,0,0,1,CD8
3580,mono,0,0,0,none
3581,lymph,0,0,1,CD4
3582,mono,0,0,0,none
3583,lymph,0,0,1,CD4
3584,lymph,0,0,0,none
3585,debris,0,0,0,none
3586,lymph,0,0,1,CD8
3587,lymph,0,0,1,CD4
3588,gran,0,0,0,none
3589,lymph,0,0,1,CD4
3590,mono,0,0,0,none
3591,mono,0,0,0,none
3592,gran,0,0,0,none
3593,lymph,0,0,1,CD4
3594,gran,0,0,0,none
3595,mono,0,0,0,none
3596,lymph,0,0,1,CD8
3597,lymph,0,0,1,CD4
3598,lymph,0,0,1,CD4
3599,debris,0,0,0,none
3600,lymph,1,0,0,none
3601,lymph,0,0,1,CD8
3602,lymph,0,0,0,none
3603,lymph,0,0,1,CD4
3604,lymph,0,0,1,CD4
3605,gran,0,0,0,none
3606,mono,0,0,0,none
3607,debris,0,0,0,none
3608,lymph,0,0,1,DP
3609,lymph,0,1,0,none
3610,lymph,0,0,1,DN
3611,lymph,0,0,0,none
3612,lymph,0,0,1,CD4
3613,lymph,0,0,1,DN
3614,lymph,0,0,1,CD4
3615,lymph,0,0,1,CD8
3616,lymph,0,0,0,none
3617,mono,0,0,0,none
3618,gran,0,0,0,none
3619,lymph,0,0,1,CD4
3620,lymph,1,0,1,CD4
3621,debris,0,0,0,none
3622,lymph,0,0,0,none
3623,mono,1,0,0,none
3624,lymph,0,0,1,CD4
3625,lymph,0,0,0,none
3626,lymph,0,0,0,none
3627,gran,0,0,0,none
3628,lymph,0,0,1,CD4
3629,lymph,0,0,0,none
3630,mono,0,0,0,none
3631,lymph,0,0,1,CD8
3632,lymph,0,0,1,CD8
3633,lymph,0,0,0,none
3634,lymph,0,0,1,CD8
3635,lymph,0,0,0,none
3636,lymph,0,0,0,none
3637,lymph,0,0,1,CD4
3638,lymph,0,0,0,none
3639,lymph,0,0,1,CD4
3640,lymph,0,0,0,none
3641,gran,0,0,0,none
3642,lymph,0,0,1,CD8
3643,lymph,0,0,1,DN
3644,debris,0,0,0,none
3645,mono,0,0,0,none
3646,lymph,0,0,0,none
3647,gran,0,1,0,none
3648,gran,0,0,0,none
3649,gran,0,0,0,none
3650,gran,0,0,0,none
3651,mono,0,0,0,none
3652,lymph,0,0,1,CD4
3653,lymph,0,0,1,CD8
3654,lymph,0,0,0,none
3655,mono,0,1,0,none
3656,lymph,0,0,1,CD8
3657,lymph,0,0,1,CD4
3658,mono,0,0,0,none
3659,gran,0,0,0,none
3660,debris,0,0,0,none
3661,lymph,0,0,0,none
3662,lymph,0,0,1,CD4
3663,lymph,0,0,1,CD8
3664,lymph,0,0,0,none
3665,lymph,1,0,1,CD4
3666,lymph,0,0,1,CD4
3667,debris,0,0,0,none
3668,lymph,0,0,1,CD4
3669,lymph,0,0,0,none
3670,mono,0,0,0,none
3671,mono,1,0,0,none
3672,lymph,0,0,1,CD8
3673,gran,0,0,0,none
3674,lymph,0,0,1,CD4
3675,lymph,0,0,1,DN
3676,lymph,0,0,1,CD4
3677,gran,0,0,0,none
3678,lymph,0,0,1,CD8
3679,lymph,0,0,0,none
3680,lymph,0,0,1,CD4
3681,lymph,0,0,1,CD8
3682,lymph,0,0,1,CD8
3683,lymph,0,0,0,none
3684,gran,0,0,0,none
3685,lymph,0,0,0,none
3686,mono,0,0,0,none
3687,lymph,0,0,1,CD8
3688,lymph,0,0,0,none
3689,gran,0,0,0,none
3690,lymph,0,0,1,CD8
3691,lymph,0,0,0,none
3692,lymph,0,0,0,none
3693,debris,0,0,0,none
3694,lymph,0,0,0,none
3695,gran,0,0,0,none
3696,lymph,0,0,1,CD4
3697,mono,0,0,0,none
3698,lymph,0,0,1,CD4
3699,lymph,0,0,0,none
3700,lymph,0,0,1,DN
3701,mono,0,0,0,none
3702,lymph,0,0,0,none
3703,lymph,0,0,1,CD8
3704,gran,0,0,0,none
3705,lymph,0,0,1,CD8
3706,mono,0,0,0,none
3707,gran,0,0,0,none
3708,lymph,1,0,1,CD8
3709,lymph,1,0,1,CD4
3710,lymph,0,0,1,CD4
3711,debris,0,0,0,none
3712,lymph,0,0,1,CD8
3713,gran,0,0,0,none
3714,lymph,0,0,1,CD4
3715,mono,0,0,0,none
3716,gran,0,1,0,none
3717,lymph,0,0,1,CD4
3718,gran,0,0,0,none
3719,lymph,0,0,0,none
3720,lymph,0,0,1,CD4
3721,lymph,0,0,0,none
3722,lymph,0,0,1,CD8
3723,lymph,0,0,0,none
3724,lymph,0,0,1,CD8
3725,mono,0,0,0,none
3726,lymph,0,0,1,CD4
3727,gran,0,0,0,none
3728,gran,0,0,0,none
3729,lymph,0,0,1,CD8
3730,lymph,0,0,1,CD4
3731,mono,0,0,0,none
3732,debris,0,0,0,none
3733,lymph,0,0,0,none
3734,lymph,0,0,0,none
3735,lymph,0,0,1,CD8
3736,lymph,0,0,1,CD8
3737,lymph,0,0,1,CD8
3738,lymph,0,0,1,CD4
3739,gran,0,0,0,none
3740,gran,0,0,0,none
3741,lymph,0,0,1,CD8
3742,lymph,0,0,1,CD4
3743,mono,0,0,0,none
3744,lymph,1,0,0,none
3745,lymph,0,0,1,CD8
3746,mono,0,0,0,none
3747,gran,0,0,0,none
3748,lymph,0,0,0,none
3749,lymph,0,0,1,CD4
3750,lymph,0,0,1,CD4
3751,lymph,0,0,1,CD8
3752,debris,0,0,0,none
3753,mono,0,0,0,none
3754,lymph,0,0,0,none
3755,lymph,0,0,1,CD4
3756,debris,0,0,0,none
3757,lymph,0,0,1,CD4
3758,lymph,0,1,1,DP
3759,lymph,0,0,0,none
3760,debris,0,0,0,none
3761,lymph,0,0,0,none
3762,lymph,0,0,1,CD4
3763,lymph,0,0,1,CD4
3764,mono,0,0,0,none
3765,mono,0,0,0,none
3766,lymph,1,0,1,CD4
3767,mono,0,0,0,none
3768,lymph,1,0,1,CD8
3769,mono,1,0,0,none
3770,debris,0,0,0,none
3771,lymph,0,0,0,none
3772,gran,0,0,0,none
3773,lymph,0,0,1,CD8
3774,lymph,0,0,1,CD4
3775,gran,0,0,0,none
3776,lymph,0,0,1,CD8
3777,lymph,0,0,1,CD8
3778,lymph,0,0,0,none
3779,lymph,0,0,0,none
3780,lymph,0,0,0,none
3781,lymph,0,0,1,CD8
3782,lymph,0,0,1,CD4
3783,mono,0,0,0,none
3784,lymph,0,0,0,none
3785,lymph,0,0,1,CD4
3786,lymph,0,0,1,CD4
3787,lymph,0,0,0,none
3788,lymph,0,0,1,CD8
3789,lymph,0,0,1,CD8
3790,lymph,0,0,1,CD4
3791,lymph,0,0,1,CD8
3792,lymph,0,0,1,CD8
3793,lymph,0,0,1,CD4
3794,lymph,0,0,1,CD4
3795,mono,0,0,0,none
3796,lymph,0,1,0,none
3797,lymph,0,0,1,CD4
3798,mono,0,1,0,none
3799,lymph,0,0,0,none
3800,lymph,0,0,1,CD4
3801,lymph,0,0,0,none
3802,debris,0,0,0,none
3803,gran,0,0,0,none
3804,mono,0,0,0,none
3805,lymph,0,0,1,CD8
3806,lymph,1,0,1,CD4
3807,lymph,0,0,1,CD4
3808,mono,0,0,0,none
3809,lymph,0,0,1,CD4
3810,lymph,0,0,1,DN
3811,lymph,0,0,1,CD4
3812,lymph,0,0,1,DN
3813,mono,0,0,0,none
3814,lymph,0,0,1,CD4
3815,debris,0,0,0,none
3816,mono,0,0,0,none
3817,lymph,0,0,1,CD4
3818,lymph,0,0,1,CD8
3819,lymph,0,1,1,CD4
3820,gran,0,0,0,none
3821,lymph,0,0,0,none
3822,lymph,0,0,0,none
3823,lymph,0,0,1,CD4
3824,lymph,0,0,1,CD4
3825,mono,0,0,0,none
3826,gran,0,0,0,none
3827,mono,0,0,0,none
3828,lymph,0,0,1,CD4
3829,lymph,0,0,1,CD4
3830,lymph,0,0,0,none
3831,mono,0,0,0,none
3832,lymph,0,0,1,CD4
3833,gran,0,0,0,none
3834,gran,0,1,0,none
3835,mono,0,0,0,none
3836,lymph,0,0,1,CD4
3837,gran,0,0,0,none
3838,lymph,0,0,1,CD8
3839,lymph,0,0,0,none
3840,gran,0,0,0,none
3841,lymph,0,0,0,none
3842,mono,0,0,0,none
3843,lymph,0,0,1,CD4
3844,lymph,0,0,0,none
3845,lymph,0,0,1,CD4
3846,lymph,0,0,1,CD4
3847,mono,0,1,0,none
3848,debris,0,0,0,none
3849,lymph,0,1,1,CD8
3850,debris,0,0,0,none
3851,lymph,0,0,1,CD4
3852,lymph,1,0,1,CD8
3853,lymph,0,0,0,none
3854,mono,0,0,0,none
3855,lymph,0,0,0,none
3856,lymph,0,0,0,none
3857,lymph,0,0,1,CD8
3858,lymph,0,0,0,none
3859,lymph,0,0,1,CD4
3860,gran,0,0,0,none
3861,lymph,0,0,1,DN
3862,lymph,1,0,1,CD8
3863,mono,0,0,0,none
3864,lymph,0,0,1,CD8
3865,lymph,1,0,1,CD4
3866,lymph,0,0,0,none
3867,mono,0,0,0,none
3868,lymph,0,0,1,CD4
3869,gran,1,0,0,none
3870,debris,0,0,0,none
3871,lymph,0,0,1,DN
3872,mono,0,0,0,none
3873,lymph,0,0,1,CD4
3874,gran,0,0,0,none
3875,lymph,0,0,1,CD4
3876,debris,0,0,0,none
3877,lymph,0,0,1,CD4
3878,lymph,0,1,1,CD4
3879,lymph,0,0,1,CD4
3880,lymph,0,0,1,DN
3881,gran,0,0,0,none
3882,lymph,0,1,0,none
3883,lymph,0,0,1,CD8
3884,lymph,0,0,1,CD8
3885,gran,1,0,0,none
3886,mono,0,0,0,none
3887,lymph,0,0,0,none
3888,gran,0,0,0,none
3889,mono,0,0,0,none
3890,lymph,0,0,0,none
3891,lymph,0,0,1,CD4
3892,lymph,0,1,1,CD8
3893,lymph,0,0,1,CD8
3894,lymph,0,0,1,CD8
3895,debris,0,0,0,none
3896,lymph,0,0,0,none
3897,lymph,0,0,1,DN
3898,lymph,0,0,1,DN
3899,lymph,0,0,1,CD4
3900,lymph,0,0,1,DP
3901,lymph,0,0,1,DN
3902,lymph,0,0,1,CD4
3903,debris,0,0,0,none
3904,gran,0,0,0,none
3905,lymph,0,0,1,CD4
3906,lymph,0,0,0,none
3907,lymph,0,0,1,CD4
3908,lymph,0,0,1,CD8
3909,lymph,0,0,1,CD4
3910,lymph,0,0,1,CD4
3911,mono,0,0,0,none
3912,gran,0,0,0,none
3913,gran,0,1,0,none
3914,gran,0,1,0,none
3915,lymph,0,0,1,CD4
3916,lymph,0,0,0,none
3917,lymph,0,0,1,CD8
3918,debris,0,0,0,none
3919,mono,0,0,0,none
3920,mono,0,0,0,none
3921,lymph,0,0,1,CD4
3922,mono,0,0,0,none
3923,lymph,0,0,0,none
3924,lymph,0,0,1,CD4
3925,lymph,1,0,1,CD4
3926,gran,0,0,0,none
3927,lymph,0,0,1,DP
3928,debris,0,0,0,none
3929,mono,0,0,0,none
3930,lymph,0,0,1,CD4
3931,mono,0,0,0,none
3932,gran,0,0,0,none
3933,lymph,1,0,1,CD4
3934,lymph,0,0,1,CD8
3935,gran,0,0,0,none
3936,lymph,0,0,0,none
3937,gran,0,0,0,none
3938,lymph,0,0,0,none
3939,lymph,0,0,1,CD8
3940,debris,0,0,0,none
3941,lymph,0,0,1,CD8
3942,mono,0,0,0,none
3943,mono,0,0,0,none
3944,gran,0,0,0,none
3945,mono,0,0,0,none
3946,gran,0,0,0,none
3947,gran,0,0,0,none
3948,lymph,0,0,1,CD4
3949,lymph,0,0,1,CD4
3950,lymph,0,0,1,CD8
3951,gran,0,0,0,none
3952,mono,0,0,0,none
3953,gran,0,0,0,none
3954,lymph,0,0,1,CD4
3955,lymph,0,0,1,CD4
3956,lymph,0,0,1,CD4
3957,mono,0,0,0,none
3958,mono,0,0,0,none
3959,lymph,0,0,0,none
3960,gran,0,0,0,none
3961,gran,0,0,0,none
3962,mono,0,0,0,none
3963,mono,0,0,0,none
3964,lymph,0,0,1,CD8
3965,mono,1,0,0,none
3966,lymph,0,1,1,CD4
3967,gran,0,0,0,none
3968,lymph,0,0,1,CD4
3969,gran,0,0,0,none
3970,lymph,0,0,1,CD4
3971,lymph,1,0,1,CD4
3972,lymph,0,0,0,none
3973,debris,0,0,0,none
3974,debris,0,0,0,none
3975,mono,0,0,0,none
3976,gran,0,0,0,none
3977,lymph,0,0,1,CD4
3978,debris,0,0,0,none
3979,lymph,0,0,1,DN
3980,lymph,0,1,0,none
3981,gran,0,0,0,none
3982,debris,0,0,0,none
3983,lymph,0,0,1,CD4
3984,lymph,0,0,0,none
3985,lymph,0,0,0,none
3986,gran,0,0,0,none
3987,lymph,0,0,1,CD8
3988,lymph,0,0,1,CD4
3989,lymph,0,0,0,none
3990,lymph,0,0,1,CD4
3991,gran,0,0,0,none
3992,debris,0,0,0,none
3993,lymph,0,0,1,CD4
3994,lymph,0,0,1,CD8
3995,gran,0,0,0,none
3996,lymph,0,0,1,CD8
3997,mono,0,0,0,none
3998,debris,0,0,0,none
3999,gran,0,0,0,none
4000,lymph,0,0,1,DN
4001,lymph,0,0,1,CD4
4002,lymph,0,0,1,CD4
4003,gran,0,0,0,none
4004,lymph,0,0,1,CD4
4005,gran,1,0,0,none
4006,lymph,0,0,1,CD4
4007,lymph,0,0,0,none
4008,lymph,0,0,1,DN
4009,lymph,0,0,1,CD8
4010,lymph,0,0,0,none
4011,gran,0,0,0,none
4012,lymph,0,0,1,CD4
4013,gran,0,0,0,none
4014,lymph,0,0,1,CD8
4015,lymph,0,0,1,CD8
4016,lymph,0,0,1,CD4
4017,gran,0,0,0,none
4018,gran,0,0,0,none
4019,gran,1,0,0,none
4020,gran,0,0,0,none
4021,lymph,0,0,1,CD4
4022,lymph,0,0,1,DN
4023,lymph,0,0,1,CD4
4024,gran,0,0,0,none
4025,lymph,1,0,0,none
4026,gran,0,0,0,none
4027,lymph,0,0,1,CD4
4028,mono,0,1,0,none
4029,lymph,1,0,1,CD8
4030,lymph,0,0,1,DP
4031,lymph,0,0,1,CD4
4032,lymph,1,0,1,CD8
4033,lymph,0,0,1,CD4
4034,lymph,0,0,1,CD8
4035,lymph,0,0,1,CD8
4036,lymph,0,0,1,CD4
4037,gran,0,0,0,none
4038,lymph,0,0,1,CD4
4039,lymph,0,0,1,CD4
4040,lymph,0,0,1,CD4
4041,lymph,0,1,1,DN
4042,lymph,0,0,1,CD4
4043,lymph,1,0,1,CD8
4044,lymph,0,0,1,CD8
4045,lymph,0,0,1,CD4
4046,mono,0,0,0,none
4047,gran,0,0,0,none
4048,gran,0,0,0,none
4049,mono,0,0,0,none
4050,lymph,0,0,1,CD4
4051,lymph,1,0,1,CD4
4052,lymph,0,0,1,CD8
4053,gran,0,0,0,none
4054,lymph,1,0,1,CD8
4055,lymph,0,0,0,none
4056,gran,0,0,0,none
4057,lymph,0,0,0,none
4058,mono,0,0,0,none
4059,lymph,0,0,1,CD8
4060,debris,0,0,0,none
4061,lymph,1,0,1,CD4
4062,lymph,0,0,1,CD4
4063,lymph,0,0,0,none
4064,debris,0,0,0,none
4065,gran,0,0,0,none
4066,lymph,1,0,1,CD4
4067,mono,0,0,0,none
4068,gran,0,0,0,none
4069,lymph,0,0,1,CD8
4070,lymph,0,0,1,CD8
4071,lymph,0,0,1,CD4
4072,lymph,0,0,1,CD4
4073,lymph,0,0,1,CD4
4074,mono,0,0,0,none
4075,lymph,0,0,1,CD4
4076,debris,0,0,0,none
4077,lymph,0,0,1,CD4
4078,lymph,0,0,1,CD4
4079,mono,0,0,0,none
4080,lymph,0,0,1,CD4
4081,mono,1,0,0,none
4082,lymph,0,0,1,CD8
4083,mono,0,0,0,none
4084,gran,0,0,0,none
4085,debris,0,0,0,none
4086,lymph,0,0,1,CD8
4087,lymph,0,1,0,none
4088,lymph,0,0,1,CD8
4089,debris,0,0,0,none
4090,lymph,0,0,1,CD4
4091,mono,0,0,0,none
4092,gran,0,0,0,none
4093,lymph,0,1,1,CD4
4094,lymph,0,0,1,CD4
4095,lymph,0,0,0,none
4096,lymph,0,0,0,none
4097,lymph,1,0,1,CD4
4098,gran,0,0,0,none
4099,lymph,0,0,0,none
4100,gran,0,0,0,none
4101,debris,0,0,0,none
4102,lymph,1,1,1,CD4
4103,lymph,0,0,1,CD8
4104,gran,0,0,0,none
4105,lymph,0,0,1,CD8
4106,gran,0,0,0,none
4107,gran,0,0,0,none
4108,lymph,0,0,0,none
4109,lymph,0,0,1,CD4
4110,lymph,0,0,1,CD8
4111,lymph,0,0,1,DN
4112,lymph,0,1,1,CD4
4113,lymph,0,1,1,CD8
4114,lymph,0,0,1,CD8
4115,lymph,0,0,1,CD4
4116,debris,0,0,0,none
4117,lymph,0,0,1,CD8
4118,mono,0,0,0,none
4119,lymph,0,0,1,DP
4120,gran,0,0,0,none
4121,gran,0,0,0,none
4122,gran,1,0,0,none
4123,lymph,0,0,1,CD4
4124,lymph,0,0,0,none
4125,lymph,0,0,1,CD4
4126,lymph,0,0,1,CD8
4127,debris,0,0,0,none
4128,debris,0,0,0,none
4129,gran,0,0,0,none
4130,lymph,0,1,0,none
4131,lymph,0,0,0,none
4132,mono,0,0,0,none
4133,lymph,0,0,1,CD8
4134,mono,0,1,0,none
4135,lymph,0,0,1,CD8
4136,lymph,0,0,1,CD4
4137,lymph,0,0,1,CD8
4138,gran,0,0,0,none
4139,lymph,0,0,1,CD4
4140,lymph,0,1,0,none
4141,gran,0,0,0,none
4142,lymph,0,0,1,CD4
4143,mono,0,0,0,none
4144,lymph,0,0,0,none
4145,lymph,0,0,0,none
4146,lymph,0,0,1,CD4
4147,mono,0,0,0,none
4148,lymph,0,1,0,none
4149,lymph,0,0,1,CD8
4150,lymph,0,0,1,CD8
4151,gran,0,1,0,none
4152,lymph,0,0,1,CD8
4153,lymph,0,0,0,none
4154,lymph,0,0,1,DP
4155,lymph,1,0,1,DP
4156,lymph,1,0,1,CD8
4157,lymph,0,0,1,DP
4158,gran,0,0,0,none
4159,lymph,0,0,1,CD4
4160,lymph,0,0,1,CD4
4161,lymph,0,0,0,none
4162,lymph,0,0,0,none
4163,gran,0,0,0,none
4164,lymph,0,0,0,none
4165,lymph,0,0,1,DN
4166,lymph,0,0,0,none
4167,gran,0,0,0,none
4168,lymph,0,0,0,none
4169,lymph,0,0,1,CD8
4170,lymph,0,0,0,none
4171,lymph,0,0,1,CD4
4172,lymph,0,0,1,CD8
4173,lymph,0,0,1,CD8
4174,gran,0,0,0,none
4175,gran,0,0,0,none
4176,lymph,1,0,0,none
4177,lymph,0,0,1,CD4
4178,lymph,0,0,1,CD4
4179,lymph,0,1,1,CD8
4180,mono,0,0,0,none
4181,lymph,0,0,1,CD8
4182,lymph,0,0,1,CD8
4183,lymph,0,1,1,CD8
4184,lymph,0,0,0,none
4185,gran,0,0,0,none
4186,debris,0,0,0,none
4187,lymph,0,0,1,CD4
4188,gran,0,0,0,none
4189,debris,0,0,0,none
4190,gran,0,0,0,none
4191,gran,1,0,0,none
4192,gran,0,0,0,none
4193,mono,0,0,0,none
4194,lymph,0,0,1,CD8
4195,lymph,0,0,1,CD4
4196,mono,0,0,0,none
4197,lymph,0,0,0,none
4198,mono,0,0,0,none
4199,lymph,0,0,0,none
4200,lymph,0,0,1,CD4
4201,lymph,0,0,1,CD4
4202,debris,0,0,0,none
4203,gran,0,0,0,none
4204,lymph,0,0,0,none
4205,lymph,0,0,1,CD8
4206,lymph,0,0,1,CD4
4207,lymph,0,0,1,CD4
4208,lymph,0,0,1,CD4
4209,lymph,0,0,1,CD4
4210,lymph,0,0,1,CD8
4211,lymph,0,0,1,CD4
4212,lymph,0,0,0,none
4213,lymph,0,1,1,CD4
4214,gran,0,0,0,none
4215,gran,0,0,0,none
4216,lymph,0,0,1,CD4
4217,lymph,0,0,1,CD8
4218,lymph,0,0,1,CD8
4219,lymph,0,0,1,CD4
4220,gran,0,0,0,none
4221,gran,0,0,0,none
4222,gran,0,0,0,none
4223,mono,0,0,0,none
4224,lymph,0,0,1,CD8
4225,gran,0,0,0,none
4226,debris,0,0,0,none
4227,lymph,0,0,1,CD8
4228,lymph,0,1,0,none
4229,mono,0,0,0,none
4230,mono,0,0,0,none
4231,lymph,0,0,1,CD4
4232,debris,0,0,0,none
4233,gran,0,0,0,none
4234,lymph,0,0,0,none
4235,lymph,0,0,1,CD4
4236,debris,0,0,0,none
4237,lymph,0,0,1,DP
4238,debris,0,0,0,none
4239,lymph,0,0,1,CD4
4240,lymph,0,0,1,CD4
4241,lymph,0,0,1,CD4
4242,lymph,0,0,0,none
4243,lymph,0,0,1,CD4
4244,lymph,0,0,0,none
4245,lymph,0,0,1,CD8
4246,mono,0,0,0,none
4247,lymph,1,0,0,none
4248,lymph,0,0,1,DN
4249,lymph,0,0,1,CD8
4250,lymph,0,0,0,none
4251,gran,0,0,0,none
4252,lymph,1,0,1,CD4
4253,mono,0,0,0,none
4254,lymph,0,0,1,CD8
4255,mono,0,0,0,none
4256,lymph,0,1,0,none
4257,lymph,0,0,0,none
4258,lymph,1,0,1,CD8
4259,mono,0,0,0,none
4260,mono,0,0,0,none
4261,lymph,0,0,1,CD4
4262,lymph,0,0,0,none
4263,lymph,0,0,1,CD8
4264,lymph,0,0,1,CD8
4265,lymph,0,0,1,CD8
4266,lymph,0,0,0,none
4267,gran,1,0,0,none
4268,debris,0,0,0,none
4269,lymph,0,0,1,CD8
4270,lymph,0,0,0,none
4271,lymph,0,0,1,CD4
4272,debris,0,0,0,none
4273,lymph,0,0,1,DN
4274,lymph,0,0,1,CD8
4275,gran,0,0,0,none
4276,lymph,0,0,0,none
4277,lymph,0,0,1,CD4
4278,gran,0,0,0,none
4279,debris,0,0,0,none
4280,lymph,0,0,1,CD8
4281,lymph,1,0,0,none
4282,lymph,0,0,1,CD8
4283,lymph,0,0,1,CD4
4284,lymph,0,0,1,DN
4285,lymph,0,0,1,CD8
4286,lymph,0,0,1,CD8
4287,mono,0,0,0,none
4288,debris,0,0,0,none
4289,lymph,0,0,0,none
4290,lymph,0,0,1,CD4
4291,gran,0,0,0,none
4292,lymph,0,0,1,CD8
4293,lymph,0,0,1,CD4
4294,lymph,0,0,1,CD4
4295,lymph,0,0,0,none
4296,lymph,0,0,1,CD4
4297,lymph,1,0,0,none
4298,lymph,0,0,1,CD8
4299,mono,0,0,0,none
4300,gran,0,0,0,none
4301,lymph,0,0,1,CD8
4302,mono,0,0,0,none
4303,lymph,0,0,0,none
4304,lymph,0,0,1,CD4
4305,lymph,0,0,1,DN
4306,lymph,0,0,1,CD4
4307,gran,0,0,0,none
4308,lymph,0,0,1,DN
4309,debris,0,0,0,none
4310,lymph,0,0,1,DP
4311,lymph,0,0,1,CD4
4312,debris,0,0,0,none
4313,lymph,0,0,1,CD8
4314,gran,0,0,0,none
4315,lymph,0,0,0,none
4316,lymph,0,0,1,CD4
4317,debris,0,0,0,none
4318,lymph,0,0,1,CD8
4319,lymph,0,0,0,none
4320,gran,0,0,0,none
4321,lymph,0,0,1,CD4
4322,lymph,0,0,1,CD4
4323,lymph,0,0,0,none
4324,debris,0,0,0,none
4325,lymph,0,0,1,CD4
4326,lymph,0,0,1,CD8
4327,gran,0,0,0,none
4328,lymph,0,0,1,CD8
4329,gran,0,0,0,none
4330,debris,0,0,0,none
4331,debris,0,0,0,none
4332,lymph,0,0,1,CD4
4333,lymph,0,1,0,none
4334,lymph,0,0,1,CD4
4335,debris,0,0,0,none
4336,debris,0,0,0,none
4337,mono,0,0,0,none
4338,lymph,0,0,1,CD8
4339,lymph,0,0,1,CD8
4340,lymph,0,0,1,CD4
4341,lymph,0,0,1,DN
4342,lymph,0,0,1,CD4
4343,mono,0,0,0,none
4344,lymph,0,0,1,CD4
4345,debris,0,0,0,none
4346,lymph,0,0,1,CD4
4347,lymph,0,0,1,DN
4348,lymph,0,0,0,none
4349,lymph,0,0,1,CD4
4350,lymph,0,0,1,CD8
4351,lymph,0,0,0,none
4352,gran,0,0,0,none
4353,gran,0,0,0,none
4354,lymph,0,0,1,CD8
4355,lymph,0,0,1,CD8
4356,gran,0,0,0,none
4357,mono,0,0,0,none
4358,debris,0,0,0,none
4359,lymph,0,0,1,CD8
4360,lymph,0,0,1,CD8
4361,lymph,0,0,1,DP
4362,gran,0,0,0,none
4363,lymph,0,0,0,none
4364,gran,0,0,0,none
4365,gran,0,0,0,none
4366,debris,0,0,0,none
4367,lymph,0,0,1,CD4
4368,gran,0,0,0,none
4369,lymph,0,0,1,CD4
4370,lymph,0,0,0,none
4371,debris,0,0,0,none
4372,gran,0,0,0,none
4373,lymph,0,0,1,DN
4374,gran,0,0,0,none
4375,lymph,0,0,1,CD4
4376,debris,0,0,0,none
4377,lymph,0,0,1,CD4
4378,lymph,0,0,1,CD8
4379,debris,0,0,0,none
4380,lymph,0,0,1,CD4
4381,debris,0,0,0,none
4382,debris,0,0,0,none
4383,gran,0,0,0,none
4384,mono,0,0,0,none
4385,mono,0,0,0,none
4386,lymph,0,0,1,CD4
4387,lymph,0,0,1,CD4
4388,lymph,0,0,0,none
4389,mono,0,0,0,none
4390,mono,0,0,0,none
4391,lymph,0,0,0,none
4392,lymph,0,0,1,CD4
4393,gran,0,0,0,none
4394,lymph,1,0,1,CD4
4395,gran,0,0,0,none
4396,debris,0,0,0,none
4397,gran,0,0,0,none
4398,gran,0,0,0,none
4399,lymph,0,0,1,CD4
4400,lymph,1,0,1,CD4
4401,lymph,0,0,1,CD4
4402,lymph,0,0,1,CD4
4403,lymph,0,0,1,CD4
4404,lymph,0,0,1,DP
4405,debris,0,0,0,none
4406,lymph,0,0,1,CD4
4407,lymph,0,0,0,none
4408,lymph,0,0,1,CD4
4409,lymph,0,0,1,CD4
4410,lymph,0,0,1,DN
4411,lymph,0,0,1,CD8
4412,lymph,0,0,1,CD4
4413,gran,0,0,0,none
4414,gran,0,0,0,none
4415,lymph,0,0,1,CD4
4416,lymph,0,0,1,CD4
4417,debris,0,0,0,none
4418,lymph,0,0,1,DP
4419,lymph,0,0,1,CD4
4420,lymph,1,0,1,CD8
4421,gran,0,0,0,none
4422,lymph,0,0,1,CD4
4423,lymph,0,0,1,CD8
4424,lymph,0,0,1,CD8
4425,lymph,0,0,0,none
4426,lymph,0,0,1,CD8
4427,mono,0,0,0,none
4428,lymph,0,0,0,none
4429,lymph,0,0,0,none
4430,debris,0,0,0,none
4431,lymph,0,0,0,none
4432,lymph,0,0,1,CD8
4433,lymph,0,0,0,none
4434,lymph,1,0,1,DP
4435,gran,0,0,0,none
4436,debris,0,0,0,none
4437,lymph,0,0,1,CD8
4438,mono,0,0,0,none
4439,gran,0,0,0,none
4440,lymph,0,0,1,CD8
4441,lymph,0,0,0,none
4442,mono,0,0,0,none
4443,lymph,0,0,1,DN
4444,lymph,0,0,0,none
4445,mono,1,0,0,none
4446,lymph,0,0,1,CD4
4447,gran,0,0,0,none
4448,mono,0,0,0,none
4449,lymph,0,0,1,CD8
4450,gran,0,0,0,none
4451,lymph,0,0,1,DP
4452,debris,0,0,0,none
4453,lymph,0,0,1,CD4
4454,lymph,0,0,1,CD8
4455,gran,0,0,0,none
4456,lymph,1,0,1,CD8
4457,lymph,0,0,1,CD8
4458,lymph,0,0,0,none
4459,gran,0,0,0,none
4460,lymph,0,0,0,none
4461,lymph,0,0,1,CD8
4462,debris,0,0,0,none
4463,gran,0,0,0,none
4464,lymph,0,0,1,CD8
4465,gran,0,0,0,none
4466,lymph,0,0,0,none
4467,mono,0,0,0,none
4468,lymph,0,0,1,CD8
4469,debris,0,0,0,none
4470,lymph,0,0,1,CD4
4471,lymph,0,0,1,DN
4472,mono,0,0,0,none
4473,gran,0,0,0,none
4474,lymph,0,0,1,DN
4475,gran,0,0,0,none
4476,gran,0,0,0,none
4477,lymph,0,0,0,none
4478,mono,0,1,0,none
4479,lymph,0,0,1,CD4
4480,gran,0,0,0,none
4481,debris,0,0,0,none
4482,lymph,0,0,0,none
4483,debris,0,0,0,none
4484,lymph,0,0,1,CD4
4485,gran,0,0,0,none
4486,lymph,0,0,1,CD4
4487,mono,0,0,0,none
4488,mono,0,0,0,none
4489,mono,0,0,0,none
4490,gran,0,0,0,none
4491,mono,0,0,0,none
4492,lymph,0,0,0,none
4493,lymph,0,0,1,CD8
4494,gran,0,0,0,none
4495,lymph,0,0,1,CD4
4496,lymph,0,0,1,DP
4497,debris,0,0,0,none
4498,lymph,0,0,1,CD8
4499,mono,0,0,0,none
4500,lymph,0,0,0,none
4501,gran,0,0,0,none
4502,lymph,0,0,0,none
4503,debris,0,0,0,none
4504,lymph,0,0,0,none
4505,mono,0,0,0,none
4506,lymph,0,0,0,none
4507,lymph,0,0,1,CD4
4508,lymph,0,0,0,none
4509,debris,0,0,0,none
4510,debris,0,0,0,none
4511,lymph,0,0,0,none
4512,lymph,0,0,1,CD4
4513,mono,0,0,0,none
4514,lymph,0,0,1,CD8
4515,debris,0,0,0,none
4516,lymph,0,0,1,CD4
4517,lymph,0,0,0,none
4518,lymph,0,0,1,DP
4519,lymph,0,0,1,CD4
4520,lymph,1,0,1,CD4
4521,gran,0,0,0,none
4522,gran,0,0,0,none
4523,gran,0,0,0,none
4524,lymph,0,0,1,CD4
4525,lymph,0,0,1,CD8
4526,lymph,0,0,1,CD4
4527,gran,0,0,0,none
4528,debris,0,0,0,none
4529,lymph,0,0,1,CD8
4530,lymph,0,0,1,CD8
4531,lymph,1,0,1,CD4
4532,lymph,0,0,0,none
4533,mono,0,0,0,none
4534,lymph,0,0,1,DP
4535,gran,0,0,0,none
4536,gran,0,0,0,none
4537,lymph,0,0,0,none
4538,lymph,0,0,1,CD4
4539,lymph,1,0,1,DP
4540,mono,1,0,0,none
4541,lymph,0,0,1,CD4
4542,lymph,0,0,1,CD8
4543,lymph,0,0,1,CD4
4544,mono,0,0,0,none
4545,mono,0,0,0,none
4546,lymph,0,0,1,CD8
4547,gran,0,0,0,none
4548,lymph,0,0,1,DN
4549,lymph,0,0,0,none
4550,lymph,0,0,0,none
4551,mono,0,0,0,none
4552,gran,0,0,0,none
4553,lymph,0,0,1,CD4
4554,lymph,0,0,1,DN
4555,gran,0,0,0,none
4556,mono,0,0,0,none
4557,lymph,0,0,0,none
4558,lymph,0,0,1,CD8
4559,lymph,0,0,0,none
4560,lymph,0,0,0,none
4561,lymph,0,0,0,none
4562,lymph,0,0,1,CD4
4563,debris,0,0,0,none
4564,lymph,0,0,1,CD4
4565,mono,0,0,0,none
4566,lymph,0,0,1,CD4
4567,lymph,0,0,0,none
4568,lymph,0,0,1,DN
4569,lymph,0,0,1,DP
4570,debris,0,0,0,none
4571,gran,0,0,0,none
4572,lymph,0,0,1,DN
4573,mono,0,0,0,none
4574,mono,0,0,0,none
4575,debris,0,0,0,none
4576,lymph,0,0,1,DN
4577,lymph,0,0,1,CD8
4578,lymph,0,0,1,DN
4579,lymph,0,0,0,none
4580,lymph,0,0,0,none
4581,lymph,0,0,0,none
4582,lymph,0,0,0,none
4583,lymph,0,0,1,DN
4584,lymph,0,0,1,CD4
4585,lymph,0,0,1,CD8
4586,lymph,0,0,1,DN
4587,lymph,0,0,1,CD4
4588,gran,0,0,0,none
4589,lymph,0,1,1,DP
4590,lymph,0,0,1,CD8
4591,gran,0,0,0,none
4592,lymph,0,1,1,CD4
4593,debris,0,0,0,none
4594,lymph,0,0,1,CD4
4595,lymph,0,0,1,CD4
4596,lymph,0,0,1,DN
4597,lymph,0,0,1,CD4
4598,lymph,0,0,1,CD8
4599,lymph,0,0,1,CD4
4600,lymph,0,1,1,CD4
4601,lymph,0,0,1,CD4
4602,gran,0,0,0,none
4603,lymph,0,0,1,CD4
4604,lymph,0,0,1,CD8
4605,lymph,0,0,1,CD4
4606,gran,1,0,0,none
4607,lymph,0,0,1,CD4
4608,mono,0,0,0,none
4609,lymph,0,0,1,CD4
4610,debris,0,0,0,none
4611,gran,0,0,0,none
4612,gran,0,0,0,none
4613,lymph,0,0,1,CD4
4614,lymph,0,0,1,CD4
4615,lymph,0,0,1,CD8
4616,debris,0,0,0,none
4617,lymph,0,0,1,CD8
4618,gran,0,0,0,none
4619,lymph,1,0,1,CD4
4620,lymph,0,0,1,CD4
4621,gran,0,0,0,none
4622,lymph,0,0,1,CD4
4623,debris,0,0,0,none
4624,debris,0,0,0,none
4625,mono,0,0,0,none
4626,gran,0,0,0,none
4627,lymph,0,0,1,CD4
4628,lymph,1,0,1,CD4
4629,mono,0,0,0,none
4630,lymph,0,0,0,none
4631,lymph,0,0,1,CD4
4632,lymph,0,0,1,CD4
4633,lymph,0,0,1,CD4
4634,lymph,0,0,0,none
4635,debris,0,0,0,none
4636,gran,0,0,0,none
4637,gran,0,0,0,none
4638,lymph,0,0,1,CD8
4639,lymph,0,0,0,none
4640,lymph,0,0,1,CD4
4641,gran,0,0,0,none
4642,lymph,0,0,1,CD4
4643,lymph,0,0,1,DN
4644,lymph,0,0,1,CD8
4645,mono,0,0,0,none
4646,mono,0,0,0,none
4647,lymph,0,0,0,none
4648,lymph,0,0,1,CD4
4649,lymph,0,1,1,CD4
4650,lymph,0,0,0,none
4651,lymph,0,0,0,none
4652,lymph,0,0,1,CD8
4653,lymph,0,0,1,CD8
4654,gran,0,0,0,none
4655,lymph,0,0,1,CD4
4656,gran,0,0,0,none
4657,debris,0,0,0,none
4658,lymph,0,0,1,CD4
4659,lymph,0,0,1,CD4
4660,gran,0,0,0,none
4661,mono,0,0,0,none
4662,gran,0,0,0,none
4663,lymph,0,0,1,CD4
4664,mono,0,0,0,none
4665,lymph,1,0,1,CD4
4666,lymph,1,0,0,none
4667,lymph,0,0,1,CD4
4668,gran,0,0,0,none
4669,lymph,0,0,1,CD4
4670,lymph,0,0,1,CD8
4671,gran,0,1,0,none
4672,lymph,0,0,1,CD8
4673,lymph,0,0,0,none
4674,lymph,0,0,1,CD4
4675,lymph,0,0,1,CD4
4676,lymph,0,0,0,none
4677,lymph,0,0,1,CD8
4678,lymph,0,0,1,CD8
4679,lymph,0,0,1,CD4
4680,lymph,0,0,1,CD8
4681,gran,0,1,0,none
4682,lymph,0,0,1,CD4
4683,debris,0,0,0,none
4684,lymph,0,0,0,none
4685,lymph,0,0,1,CD4
4686,lymph,0,0,0,none
4687,mono,0,0,0,none
4688,gran,0,0,0,none
4689,lymph,0,0,1,CD4
4690,lymph,0,0,1,CD8
4691,lymph,0,0,1,CD4
4692,lymph,1,0,0,none
4693,lymph,0,0,1,CD4
4694,debris,0,0,0,none
4695,lymph,0,0,1,CD4
4696,debris,0,0,0,none
4697,lymph,0,0,1,CD4
4698,lymph,0,0,1,CD8
4699,lymph,0,0,1,CD4
4700,debris,0,0,0,none
4701,gran,0,0,0,none
4702,lymph,0,0,1,CD4
4703,lymph,0,0,0,none
4704,gran,0,0,0,none
4705,lymph,0,0,0,none
4706,mono,1,0,0,none
4707,gran,0,0,0,none
4708,lymph,0,0,1,CD8
4709,lymph,0,0,1,CD4
4710,lymph,0,0,1,CD8
4711,lymph,0,0,1,CD8
4712,lymph,0,0,1,CD4
4713,mono,0,0,0,none
4714,lymph,0,0,1,CD8
4715,lymph,0,0,1,CD4
4716,lymph,0,0,1,CD4
4717,lymph,0,0,1,CD4
4718,gran,0,0,0,none
4719,lymph,0,0,1,CD4
4720,mono,0,0,0,none
4721,debris,0,0,0,none
4722,lymph,0,0,1,DP
4723,gran,0,1,0,none
4724,lymph,0,0,1,DN
4725,gran,0,0,0,none
4726,lymph,0,0,1,CD4
4727,lymph,0,0,0,none
4728,lymph,0,0,1,CD8
4729,mono,0,0,0,none
4730,lymph,0,0,1,DP
4731,gran,0,0,0,none
4732,lymph,1,0,1,CD4
4733,lymph,0,0,1,CD4
4734,lymph,0,0,1,CD8
4735,lymph,0,0,1,CD8
4736,mono,1,0,0,none
4737,lymph,0,0,1,CD8
4738,lymph,0,0,1,CD8
4739,gran,0,0,0,none
4740,lymph,0,0,1,CD8
4741,mono,0,0,0,none
4742,lymph,0,0,1,DP
4743,debris,0,0,0,none
4744,lymph,0,0,1,DN
4745,lymph,0,0,0,none
4746,gran,0,0,0,none
4747,lymph,0,0,0,none
4748,lymph,0,0,1,CD8
4749,lymph,0,0,1,DN
4750,lymph,0,0,1,CD4
4751,debris,0,0,0,none
4752,lymph,0,0,1,CD8
4753,lymph,0,0,0,none
4754,gran,0,0,0,none
4755,lymph,0,0,1,CD4
4756,lymph,0,0,0,none
4757,debris,0,0,0,none
4758,mono,0,0,0,none
4759,mono,0,1,0,none
4760,lymph,0,0,1,CD8
4761,mono,0,0,0,none
4762,lymph,0,0,1,DN
4763,lymph,0,0,1,CD4
4764,lymph,0,0,1,CD8
4765,debris,0,0,0,none
4766,debris,0,0,0,none
4767,debris,0,0,0,none
4768,lymph,1,0,1,CD4
4769,lymph,0,0,1,CD8
4770,lymph,0,0,1,CD4
4771,lymph,0,0,0,none
4772,lymph,0,0,1,CD4
4773,lymph,0,0,0,none
4774,lymph,0,0,1,CD4
4775,lymph,0,0,0,none
4776,lymph,0,0,1,CD8
4777,gran,0,0,0,none
4778,gran,0,0,0,none
4779,gran,0,0,0,none
4780,mono,0,0,0,none
4781,lymph,0,0,1,CD4
4782,lymph,0,0,0,none
4783,mono,0,0,0,none
4784,lymph,0,0,1,CD8
4785,lymph,0,0,0,none
4786,mono,0,0,0,none
4787,mono,0,0,0,none
4788,lymph,0,0,1,CD4
4789,gran,0,0,0,none
4790,lymph,0,0,0,none
4791,gran,0,0,0,none
4792,mono,0,0,0,none
4793,mono,0,0,0,none
4794,lymph,0,0,1,CD8
4795,lymph,0,0,0,none
4796,lymph,0,0,0,none
4797,debris,0,0,0,none
4798,debris,0,0,0,none
4799,lymph,0,0,1,CD4
4800,lymph,0,0,1,CD4
4801,lymph,0,0,1,CD8
4802,debris,0,0,0,none
4803,lymph,0,0,1,CD4
4804,lymph,0,0,1,CD8
4805,debris,0,0,0,none
4806,lymph,0,0,1,DN
4807,gran,0,0,0,none
4808,mono,0,0,0,none
4809,lymph,0,0,1,CD4
4810,lymph,0,0,1,CD4
4811,lymph,0,0,1,DN
4812,lymph,0,0,0,none
4813,lymph,1,0,0,none
4814,lymph,0,0,1,CD4
4815,lymph,0,0,1,CD4
4816,lymph,0,0,1,CD8
4817,lymph,0,0,1,CD4
4818,lymph,0,0,1,CD8
4819,gran,0,0,0,none
4820,lymph,0,0,1,CD4
4821,lymph,0,0,1,CD4
4822,lymph,0,0,0,none
4823,gran,0,0,0,none
4824,lymph,0,0,1,CD4
4825,gran,0,0,0,none
4826,gran,1,0,0,none
4827,lymph,0,0,1,DN
4828,debris,0,0,0,none
4829,lymph,0,0,1,CD8
4830,mono,0,0,0,none
4831,lymph,0,0,1,CD8
4832,lymph,0,0,1,CD8
4833,lymph,0,0,1,CD8
4834,lymph,0,0,1,CD8
4835,gran,1,0,0,none
4836,lymph,0,0,1,CD4
4837,lymph,0,1,0,none
4838,lymph,0,0,1,CD8
4839,lymph,0,0,0,none
4840,gran,0,0,0,none
4841,lymph,0,0,0,none
4842,lymph,0,0,1,CD4
4843,lymph,0,0,1,CD4
4844,debris,0,0,0,none
4845,gran,0,0,0,none
4846,lymph,0,0,1,DP
4847,lymph,0,0,1,CD4
4848,lymph,0,0,1,CD4
4849,lymph,0,0,1,CD8
4850,debris,0,0,0,none
4851,lymph,0,0,1,CD4
4852,lymph,0,0,1,CD4
4853,lymph,0,0,1,CD4
4854,lymph,0,0,0,none
4855,gran,0,0,0,none
4856,mono,0,0,0,none
4857,gran,1,0,0,none
4858,gran,1,0,0,none
4859,lymph,0,0,1,CD4
4860,lymph,0,1,0,none
4861,lymph,0,0,1,CD4
4862,lymph,0,0,1,CD4
4863,lymph,0,0,1,CD4
4864,lymph,0,0,1,CD4
4865,debris,0,0,0,none
4866,lymph,0,0,1,CD4
4867,lymph,0,0,0,none
4868,lymph,0,0,0,none
4869,lymph,0,0,1,CD8
4870,gran,0,0,0,none
4871,lymph,1,0,0,none
4872,debris,0,0,0,none
4873,lymph,0,0,0,none
4874,lymph,0,0,0,none
4875,lymph,0,0,1,CD8
4876,mono,0,0,0,none
4877,mono,0,0,0,none
4878,lymph,0,0,1,CD4
4879,lymph,0,0,1,CD4
4880,gran,0,0,0,none
4881,lymph,0,0,1,CD4
4882,gran,0,0,0,none
4883,debris,0,0,0,none
4884,gran,0,0,0,none
4885,lymph,0,0,1,CD4
4886,lymph,0,0,1,CD8
4887,lymph,0,0,0,none
4888,lymph,0,0,1,CD4
4889,lymph,0,0,1,CD4
4890,gran,0,0,0,none
4891,lymph,0,0,0,none
4892,lymph,0,0,1,CD8
4893,gran,0,0,0,none
4894,lymph,0,0,1,DN
4895,lymph,0,0,1,CD8
4896,lymph,0,0,0,none
4897,lymph,0,0,1,CD4
4898,lymph,0,0,1,DN
4899,gran,0,0,0,none
4900,debris,0,0,0,none
4901,lymph,0,1,1,CD4
4902,mono,0,0,0,none
4903,lymph,0,0,1,CD4
4904,lymph,0,0,1,CD8
4905,lymph,0,0,1,CD8
4906,gran,0,0,0,none
4907,gran,0,0,0,none
4908,lymph,0,0,1,DN
4909,mono,0,0,0,none
4910,lymph,0,0,1,CD4
4911,lymph,0,0,1,DN
4912,mono,0,0,0,none
4913,lymph,1,0,1,DN
4914,lymph,0,0,0,none
4915,gran,0,0,0,none
4916,lymph,0,0,1,CD8
4917,mono,0,0,0,none
4918,debris,0,0,0,none
4919,gran,0,0,0,none
4920,mono,1,0,0,none
4921,lymph,0,0,1,CD8
4922,lymph,0,0,1,CD8
4923,lymph,0,0,1,CD4
4924,debris,0,0,0,none
4925,lymph,0,0,1,CD4
4926,lymph,0,0,1,CD4
4927,mono,0,0,0,none
4928,lymph,0,0,1,CD4
4929,lymph,0,0,1,CD4
4930,lymph,0,0,0,none
4931,lymph,0,0,0,none
4932,lymph,0,0,1,CD8
4933,lymph,0,0,0,none
4934,gran,1,0,0,none
4935,lymph,0,0,1,CD4
4936,lymph,0,0,1,CD4
4937,gran,0,0,0,none
4938,lymph,0,0,1,CD4
4939,lymph,0,0,1,CD8
4940,lymph,0,0,0,none
4941,lymph,0,0,1,CD8
4942,lymph,0,0,1,CD4
4943,mono,0,0,0,none
4944,lymph,0,0,1,DP
4945,lymph,0,0,0,none
4946,gran,0,0,0,none
4947,lymph,0,0,1,CD4
4948,lymph,0,0,0,none
4949,lymph,0,0,1,CD4
4950,debris,0,0,0,none
4951,mono,0,0,0,none
4952,lymph,0,0,1,CD4
4953,mono,0,0,0,none
4954,lymph,1,0,1,CD4
4955,gran,0,0,0,none
4956,lymph,0,0,1,DN
4957,lymph,0,0,1,CD4
4958,lymph,0,0,1,CD4
4959,gran,0,0,0,none
4960,lymph,0,0,1,CD4
4961,debris,0,0,0,none
4962,debris,0,0,0,none
4963,lymph,0,0,1,CD4
4964,mono,0,0,0,none
4965,lymph,1,0,1,CD4
4966,gran,0,0,0,none
4967,lymph,1,0,0,none
4968,gran,0,0,0,none
4969,mono,1,0,0,none
4970,gran,0,0,0,none
4971,lymph,0,0,1,DN
4972,lymph,0,0,0,none
4973,lymph,0,0,1,CD4
4974,lymph,0,0,0,none
4975,lymph,0,0,1,CD4
4976,lymph,0,0,1,CD4
4977,debris,0,0,0,none
4978,lymph,0,0,1,CD4
4979,lymph,0,0,1,CD8
4980,lymph,0,0,1,CD4
4981,mono,0,0,0,none
4982,lymph,0,0,1,CD4
4983,gran,1,0,0,none
4984,lymph,0,0,1,CD4
4985,gran,0,0,0,none
4986,lymph,0,0,1,CD4
4987,lymph,1,0,1,CD4
4988,lymph,0,0,1,DN
4989,lymph,0,0,1,CD4
4990,lymph,0,0,1,DP
4991,lymph,0,0,1,CD4
4992,gran,0,0,0,none
4993,debris,0,0,0,none
4994,lymph,0,0,1,CD4
4995,mono,0,0,0,none
4996,lymph,0,0,0,none
4997,mono,0,0,0,none
4998,gran,0,0,0,none
4999,debris,0,0,0,none
5000,lymph,0,0,1,CD4
5001,debris,0,0,0,none
5002,lymph,0,0,1,CD8
5003,lymph,0,0,0,none
5004,gran,0,0,0,none
5005,lymph,0,0,1,CD8
5006,mono,0,0,0,none
5007,lymph,0,0,1,CD4
5008,lymph,0,0,1,CD8
5009,lymph,0,0,1,CD4
5010,lymph,0,0,0,none
5011,lymph,0,0,1,CD4
5012,lymph,0,0,1,CD4
5013,lymph,0,0,1,CD4
5014,lymph,0,0,1,CD8
5015,lymph,0,0,0,none
5016,debris,0,0,0,none
5017,gran,0,0,0,none
5018,lymph,0,0,0,none
5019,debris,0,0,0,none
5020,lymph,0,0,1,CD8
5021,mono,0,0,0,none
5022,lymph,0,0,0,none
5023,gran,0,0,0,none
5024,gran,0,0,0,none
5025,lymph,0,0,1,CD4
5026,mono,0,0,0,none
5027,lymph,0,0,1,CD4
5028,debris,0,0,0,none
5029,lymph,0,0,1,CD8
5030,debris,0,0,0,none
5031,gran,1,0,0,none
5032,lymph,0,0,1,CD4
5033,lymph,0,0,1,CD8
5034,lymph,0,0,1,CD4
5035,gran,0,0,0,none
5036,mono,0,0,0,none
5037,mono,0,0,0,none
5038,lymph,0,0,1,CD4
5039,mono,0,0,0,none
5040,gran,0,0,0,none
5041,lymph,0,0,0,none
5042,debris,0,0,0,none
5043,lymph,0,0,0,none
5044,lymph,0,0,1,CD8
5045,lymph,0,0,1,CD8
5046,lymph,0,0,1,DN
5047,lymph,0,0,1,CD4
5048,lymph,0,0,1,CD4
5049,lymph,0,0,1,CD4
5050,mono,0,1,0,none
5051,lymph,0,0,1,CD8
5052,lymph,0,0,1,CD8
5053,lymph,0,0,1,CD4
5054,lymph,0,0,1,CD4
5055,gran,0,0,0,none
5056,lymph,0,1,1,CD4
5057,mono,0,1,0,none
5058,lymph,0,0,0,none
5059,lymph,0,0,1,CD8
5060,debris,0,0,0,none
5061,lymph,0,0,0,none
5062,gran,0,0,0,none
5063,gran,0,0,0,none
5064,lymph,0,0,1,CD8
5065,lymph,0,0,1,CD4
5066,lymph,0,0,1,CD8
5067,lymph,0,0,1,CD8
5068,mono,0,0,0,none
5069,mono,0,0,0,none
5070,gran,0,0,0,none
5071,lymph,0,0,1,DP
5072,mono,0,0,0,none
5073,lymph,1,0,1,CD8
5074,gran,0,0,0,none
5075,lymph,0,0,1,CD8
5076,gran,0,0,0,none
5077,debris,0,0,0,none
5078,lymph,0,0,1,CD4
5079,lymph,0,0,1,CD8
5080,lymph,0,0,1,CD4
5081,lymph,0,0,1,CD8
5082,gran,0,0,0,none
5083,lymph,0,0,1,CD8
5084,lymph,0,0,1,CD4
5085,lymph,0,0,0,none
5086,mono,0,0,0,none
5087,lymph,0,1,0,none
5088,lymph,0,0,1,CD4
5089,lymph,0,0,0,none
5090,gran,0,1,0,none
5091,debris,0,0,0,none
5092,lymph,0,0,0,none
5093,lymph,0,0,1,CD8
5094,lymph,0,0,1,CD4
5095,lymph,0,0,1,CD4
5096,lymph,0,0,1,CD8
5097,lymph,0,0,1,CD4
5098,gran,0,0,0,none
5099,lymph,0,0,1,DN
5100,lymph,0,0,1,CD8
5101,lymph,0,0,1,CD4
5102,lymph,0,0,0,none
5103,lymph,1,0,1,CD8
5104,lymph,0,0,1,CD8
5105,lymph,0,0,1,CD4
5106,mono,1,0,0,none
5107,gran,0,0,0,none
5108,lymph,0,1,0,none
5109,lymph,0,0,1,CD8
5110,gran,0,0,0,none
5111,lymph,0,0,1,CD4
5112,gran,0,0,0,none
5113,lymph,0,0,1,CD4
5114,gran,0,0,0,none
5115,lymph,0,0,1,CD4
5116,gran,0,0,0,none
5117,lymph,0,0,0,none
5118,lymph,0,0,1,CD4
5119,gran,0,0,0,none
5120,lymph,1,0,1,DN
5121,lymph,0,0,1,DN
5122,debris,0,0,0,none
5123,mono,0,0,0,none
5124,gran,1,0,0,none
5125,lymph,0,0,1,CD4
5126,lymph,0,0,1,CD8
5127,lymph,0,0,0,none
5128,debris,0,0,0,none
5129,lymph,1,0,1,CD4
5130,mono,1,0,0,none
5131,lymph,0,0,0,none
5132,lymph,0,0,1,CD4
5133,gran,0,0,0,none
5134,mono,0,0,0,none
5135,lymph,0,0,1,CD4
5136,mono,0,0,0,none
5137,lymph,0,0,1,CD8
5138,lymph,1,0,1,CD8
5139,lymph,0,0,1,CD8
5140,gran,0,0,0,none
5141,debris,0,0,0,none
5142,lymph,0,0,1,CD4
5143,debris,0,0,0,none
5144,gran,0,0,0,none
5145,lymph,0,0,1,CD8
5146,debris,0,0,0,none
5147,lymph,0,0,1,CD8
5148,gran,0,0,0,none
5149,lymph,0,0,1,CD4
5150,lymph,0,0,1,CD4
5151,lymph,0,0,1,DN
5152,lymph,0,0,0,none
5153,lymph,0,0,0,none
5154,lymph,0,1,0,none
5155,gran,1,0,0,none
5156,gran,0,0,0,none
5157,lymph,0,0,1,CD4
5158,lymph,0,0,1,DP
5159,lymph,0,0,1,DN
5160,debris,0,0,0,none
5161,lymph,0,0,1,CD8
5162,lymph,0,0,1,CD8
5163,gran,0,0,0,none
5164,lymph,0,1,1,CD8
5165,lymph,0,0,0,none
5166,gran,0,0,0,none
5167,lymph,1,0,1,CD4
5168,lymph,0,0,0,none
5169,lymph,0,0,0,none
5170,debris,0,0,0,none
5171,lymph,0,0,1,CD8
5172,lymph,0,0,1,CD4
5173,lymph,0,0,1,CD4
5174,lymph,0,0,0,none
5175,mono,1,0,0,none
5176,gran,0,0,0,none
5177,lymph,1,0,0,none
5178,lymph,0,0,1,CD4
5179,gran,0,0,0,none
5180,lymph,0,0,1,CD8
5181,lymph,0,0,0,none
5182,lymph,0,0,1,CD4
5183,mono,0,0,0,none
5184,lymph,0,0,1,CD4
5185,lymph,0,0,1,CD4
5186,gran,0,0,0,none
5187,mono,0,0,0,none
5188,debris,0,0,0,none
5189,lymph,0,0,1,CD8
5190,gran,0,0,0,none
5191,lymph,0,0,0,none
5192,lymph,0,0,1,CD4
5193,gran,0,0,0,none
5194,lymph,0,0,1,DN
5195,lymph,0,0,1,CD4
5196,lymph,0,0,1,CD4
5197,lymph,0,0,0,none
5198,mono,0,0,0,none
5199,lymph,1,0,1,CD4
5200,debris,0,0,0,none
5201,lymph,0,0,1,DN
5202,debris,0,0,0,none
5203,lymph,0,0,1,CD8
5204,lymph,0,0,0,none
5205,gran,0,0,0,none
5206,gran,0,0,0,none
5207,mono,0,0,0,none
5208,lymph,1,0,1,CD4
5209,lymph,0,0,0,none
5210,lymph,0,0,0,none
5211,lymph,0,0,1,CD4
5212,debris,0,0,0,none
5213,mono,0,0,0,none
5214,gran,0,1,0,none
5215,gran,0,0,0,none
5216,gran,0,0,0,none
5217,gran,0,0,0,none
5218,lymph,0,0,1,CD4
5219,lymph,0,0,1,CD8
5220,lymph,0,0,1,CD8
5221,lymph,0,0,1,CD8
5222,lymph,0,0,1,CD4
5223,lymph,1,0,1,CD8
5224,lymph,0,0,1,CD4
5225,mono,0,0,0,none
5226,mono,0,0,0,none
5227,gran,0,0,0,none
5228,gran,0,0,0,none
5229,gran,0,0,0,none
5230,lymph,0,1,1,CD4
5231,mono,0,0,0,none
5232,lymph,0,0,1,CD8
5233,lymph,0,0,1,CD4
5234,lymph,0,0,0,none
5235,mono,1,0,0,none
5236,debris,0,0,0,none
5237,mono,0,0,0,none
5238,lymph,0,0,1,CD8
5239,lymph,0,0,0,none
5240,lymph,0,0,1,CD4
5241,gran,1,0,0,none
5242,gran,0,0,0,none
5243,lymph,0,0,1,CD4
5244,lymph,0,0,1,CD8
5245,lymph,0,0,0,none
5246,lymph,0,0,0,none
5247,lymph,0,0,1,CD4
5248,lymph,0,0,1,DN
5249,lymph,0,0,1,DN
5250,lymph,0,0,1,DN
5251,lymph,0,0,1,CD4
5252,lymph,0,0,1,DN
5253,lymph,0,0,1,CD4
5254,mono,0,0,0,none
5255,debris,0,0,0,none
5256,lymph,0,0,1,CD4
5257,lymph,0,0,1,CD4
5258,lymph,0,0,1,CD4
5259,lymph,0,0,1,CD4
5260,lymph,0,0,0,none
5261,mono,0,0,0,none
5262,gran,0,0,0,none
5263,lymph,0,0,1,DP
5264,mono,0,0,0,none
5265,gran,0,0,0,none
5266,mono,0,0,0,none
5267,lymph,0,0,1,CD4
5268,lymph,1,0,1,CD4
5269,lymph,0,0,1,CD4
5270,mono,0,0,0,none
5271,lymph,0,0,1,CD4
5272,lymph,0,0,0,none
5273,lymph,0,0,0,none
5274,lymph,0,0,1,CD8
5275,lymph,0,0,1,CD4
5276,mono,0,0,0,none
5277,lymph,0,0,1,DN
5278,lymph,0,0,1,CD4
5279,lymph,0,0,1,CD8
5280,lymph,0,0,0,none
5281,mono,0,0,0,none
5282,lymph,0,0,1,CD4
5283,lymph,0,0,1,CD4
5284,lymph,0,0,1,CD4
5285,lymph,1,0,1,CD4
5286,gran,0,0,0,none
5287,gran,0,0,0,none
5288,mono,0,0,0,none
5289,lymph,0,0,1,CD4
5290,debris,0,0,0,none
5291,gran,0,0,0,none
5292,debris,0,0,0,none
5293,lymph,0,0,1,CD4
5294,lymph,0,0,1,CD8
5295,debris,0,0,0,none
5296,mono,0,0,0,none
5297,debris,0,0,0,none
5298,gran,0,0,0,none
5299,mono,0,0,0,none
5300,lymph,0,0,1,CD4
5301,gran,0,0,0,none
5302,lymph,0,0,1,CD4
5303,lymph,0,0,1,CD4
5304,mono,0,0,0,none
5305,lymph,0,0,0,none
5306,gran,0,0,0,none
5307,lymph,0,0,0,none
5308,debris,0,0,0,none
5309,gran,0,0,0,none
5310,lymph,0,0,1,CD8
5311,lymph,0,0,0,none
5312,lymph,0,0,1,CD8
5313,lymph,0,0,1,CD4
5314,debris,0,0,0,none
5315,lymph,0,0,1,CD4
5316,mono,0,0,0,none
5317,lymph,0,0,1,CD8
5318,lymph,0,0,1,CD8
5319,lymph,0,0,1,CD8
5320,lymph,0,1,1,CD4
5321,gran,0,0,0,none
5322,lymph,0,0,0,none
5323,gran,0,0,0,none
5324,lymph,0,0,1,CD4
5325,lymph,0,1,0,none
5326,lymph,0,0,1,CD8
5327,gran,0,0,0,none
5328,gran,0,0,0,none
5329,mono,0,0,0,none
5330,mono,0,0,0,none
5331,gran,0,0,0,none
5332,lymph,0,0,1,CD4
5333,lymph,0,0,1,CD8
5334,gran,0,0,0,none
5335,mono,0,0,0,none
5336,debris,0,0,0,none
5337,lymph,0,0,0,none
5338,lymph,0,0,1,CD8
5339,mono,0,0,0,none
5340,lymph,0,0,1,CD4
5341,lymph,1,0,0,none
5342,debris,0,0,0,none
5343,gran,0,0,0,none
5344,debris,0,0,0,none
5345,gran,0,0,0,none
5346,lymph,0,0,1,CD4
5347,gran,0,0,0,none
5348,lymph,0,0,0,none
5349,debris,0,0,0,none
5350,debris,0,0,0,none
5351,gran,0,0,0,none
5352,lymph,1,0,1,CD4
5353,debris,0,0,0,none
5354,lymph,0,0,1,CD8
5355,lymph,0,0,0,none
5356,lymph,0,0,0,none
5357,debris,0,0,0,none
5358,debris,0,0,0,none
5359,debris,0,0,0,none
5360,mono,0,1,0,none
5361,lymph,0,0,1,CD4
5362,lymph,0,0,1,CD4
5363,debris,0,0,0,none
5364,lymph,0,0,1,CD8
5365,lymph,0,0,1,DN
5366,lymph,0,0,1,CD8
5367,debris,0,0,0,none
5368,lymph,0,0,1,CD8
5369,debris,0,0,0,none
5370,lymph,0,0,1,CD8
5371,gran,0,0,0,none
5372,lymph,0,0,1,CD8
5373,lymph,0,0,1,CD8
5374,mono,0,0,0,none
5375,lymph,0,0,1,CD4
5376,mono,0,0,0,none
5377,lymph,0,0,1,CD8
5378,mono,0,0,0,none
5379,lymph,0,0,1,CD4
5380,lymph,0,0,1,CD4
5381,lymph,0,0,1,CD4
5382,lymph,0,0,0,none
5383,lymph,0,0,1,CD4
5384,lymph,0,0,1,DN
5385,lymph,0,0,1,CD8
5386,gran,0,0,0,none
5387,gran,0,0,0,none
5388,lymph,0,0,1,DN
5389,lymph,0,0,1,CD8
5390,gran,0,0,0,none
5391,lymph,0,0,1,CD8
5392,lymph,0,0,1,CD8
5393,lymph,0,0,1,CD4
5394,gran,1,0,0,none
5395,lymph,0,0,1,CD4
5396,lymph,0,0,1,CD8
5397,debris,0,0,0,none
5398,lymph,0,0,1,CD8
5399,lymph,0,0,1,CD4
5400,lymph,0,0,0,none
5401,mono,0,0,0,none
5402,lymph,0,1,0,none
5403,lymph,0,0,1,CD4
5404,lymph,0,0,0,none
5405,debris,0,0,0,none
5406,lymph,0,0,0,none
5407,lymph,0,0,1,DP
5408,gran,0,1,0,none
5409,lymph,0,0,1,CD4
5410,lymph,0,0,1,CD4
5411,lymph,0,0,1,CD4
5412,mono,0,0,0,none
5413,lymph,0,0,0,none
5414,lymph,0,0,0,none
5415,gran,0,0,0,none
5416,gran,0,0,0,none
5417,lymph,0,0,1,CD4
5418,lymph,0,0,1,CD4
5419,lymph,0,0,1,CD8
5420,gran,1,0,0,none
5421,gran,0,1,0,none
5422,debris,0,0,0,none
5423,mono,0,0,0,none
5424,lymph,0,0,1,CD8
5425,gran,0,0,0,none
5426,lymph,0,0,0,none
5427,lymph,0,0,1,CD4
5428,mono,0,0,0,none
5429,gran,0,0,0,none
5430,lymph,0,0,1,CD4
5431,lymph,0,1,0,none
5432,mono,0,1,0,none
5433,gran,0,0,0,none
5434,mono,0,0,0,none
5435,debris,0,0,0,none
5436,lymph,0,0,1,CD4
5437,lymph,1,0,1,CD4
5438,lymph,0,0,1,CD4
5439,gran,0,0,0,none
5440,gran,0,0,0,none
5441,lymph,0,0,0,none
5442,lymph,0,0,1,CD8
5443,lymph,0,0,1,CD8
5444,lymph,0,1,0,none
5445,debris,0,0,0,none
5446,lymph,0,0,1,CD4
5447,debris,0,0,0,none
5448,lymph,0,0,1,CD4
5449,debris,0,0,0,none
5450,gran,0,1,0,none
5451,lymph,0,0,1,CD4
5452,lymph,0,0,1,CD4
5453,lymph,0,0,1,CD4
5454,gran,0,0,0,none
5455,lymph,0,0,1,CD8
5456,lymph,0,0,0,none
5457,lymph,0,0,1,CD8
5458,lymph,0,0,1,CD4
5459,lymph,0,0,1,CD4
5460,gran,0,0,0,none
5461,lymph,0,0,0,none
5462,lymph,1,0,1,CD8
5463,gran,0,1,0,none
5464,lymph,0,0,1,CD8
5465,lymph,0,0,0,none
5466,lymph,0,0,1,CD4
5467,lymph,0,0,1,CD8
5468,lymph,0,0,1,CD8
5469,lymph,0,0,1,CD4
5470,lymph,0,0,1,CD4
5471,lymph,0,0,0,none
5472,gran,0,0,0,none
5473,gran,0,0,0,none
5474,lymph,0,0,1,CD8
5475,lymph,0,0,1,CD4
5476,lymph,1,0,0,none
5477,lymph,0,0,1,CD4
5478,debris,0,0,0,none
5479,gran,0,0,0,none
5480,lymph,0,0,1,CD4
5481,lymph,0,0,0,none
5482,lymph,0,0,0,none
5483,debris,0,0,0,none
5484,lymph,0,0,0,none
5485,gran,0,0,0,none
5486,lymph,0,0,1,CD8
5487,mono,0,0,0,none
5488,lymph,0,0,0,none
5489,lymph,0,0,0,none
5490,debris,0,0,0,none
5491,mono,0,0,0,none
5492,lymph,0,0,1,CD4
5493,debris,0,0,0,none
5494,lymph,0,0,1,CD8
5495,lymph,1,0,1,CD4
5496,gran,0,0,0,none
5497,mono,0,0,0,none
5498,lymph,0,1,1,CD8
5499,lymph,0,0,1,CD4
5500,lymph,0,0,1,CD4
5501,lymph,0,0,1,CD8
5502,lymph,0,0,1,CD8
5503,debris,0,0,0,none
5504,lymph,0,0,0,none
5505,debris,0,0,0,none
5506,mono,0,0,0,none
5507,mono,0,0,0,none
5508,gran,0,0,0,none
5509,lymph,0,0,0,none
5510,lymph,1,0,1,CD4
5511,lymph,0,0,1,CD8
5512,gran,0,0,0,none
5513,lymph,0,0,1,CD8
5514,lymph,0,0,1,CD4
5515,mono,0,0,0,none
5516,lymph,0,0,0,none
5517,gran,0,0,0,none
5518,mono,1,0,0,none
5519,lymph,0,0,1,CD4
5520,mono,0,0,0,none
5521,debris,0,0,0,none
5522,lymph,0,0,1,CD8
5523,debris,0,0,0,none
5524,gran,0,0,0,none
5525,lymph,0,0,1,CD8
5526,lymph,0,0,1,CD8
5527,lymph,0,0,1,CD8
5528,lymph,0,0,1,CD4
5529,lymph,0,0,0,none
5530,gran,0,0,0,none
5531,lymph,0,0,1,CD4
5532,lymph,0,0,1,CD8
5533,lymph,0,0,1,CD8
5534,mono,0,0,0,none
5535,lymph,0,0,1,CD4
5536,mono,0,0,0,none
5537,lymph,0,0,0,none
5538,lymph,0,0,1,CD4
5539,lymph,1,0,1,CD4
5540,lymph,0,0,1,CD8
5541,mono,0,0,0,none
5542,lymph,1,0,0,none
5543,debris,0,0,0,none
5544,lymph,0,0,0,none
5545,lymph,0,0,1,CD8
5546,mono,0,0,0,none
5547,lymph,0,0,1,CD8
5548,lymph,0,0,1,CD4
5549,gran,0,0,0,none
5550,mono,0,0,0,none
5551,lymph,0,0,1,CD8
5552,gran,0,0,0,none
5553,lymph,0,0,1,CD8
5554,gran,0,0,0,none
5555,debris,0,0,0,none
5556,lymph,0,0,1,CD8
5557,gran,0,0,0,none
5558,gran,0,0,0,none
5559,lymph,0,0,0,none
5560,gran,0,0,0,none
5561,lymph,0,0,1,CD4
5562,lymph,0,0,1,CD4
5563,lymph,0,0,0,none
5564,lymph,0,0,1,CD8
5565,lymph,0,0,1,CD4
5566,gran,0,0,0,none
5567,lymph,0,0,1,CD4
5568,gran,0,0,0,none
5569,gran,0,0,0,none
5570,lymph,0,0,1,CD4
5571,lymph,0,0,1,CD8
5572,mono,0,0,0,none
5573,lymph,0,0,1,CD8
5574,debris,0,0,0,none
5575,lymph,0,0,0,none
5576,lymph,0,0,1,CD4
5577,mono,0,0,0,none
5578,mono,0,0,0,none
5579,lymph,0,0,0,none
5580,lymph,0,0,0,none
5581,gran,0,0,0,none
5582,lymph,0,0,1,CD4
5583,gran,0,0,0,none
5584,mono,0,0,0,none
5585,gran,0,0,0,none
5586,lymph,0,0,1,CD8
5587,debris,0,0,0,none
5588,lymph,0,0,0,none
5589,lymph,0,0,1,CD4
5590,lymph,0,0,1,CD4
5591,gran,0,0,0,none
5592,lymph,0,0,1,CD4
5593,lymph,0,0,1,CD8
5594,lymph,0,0,1,CD4
5595,lymph,0,0,0,none
5596,lymph,0,0,1,CD4
5597,lymph,0,0,0,none
5598,gran,0,0,0,none
5599,mono,0,0,0,none
5600,lymph,0,0,1,CD8
5601,lymph,0,0,1,CD8
5602,debris,0,0,0,none
5603,mono,0,0,0,none
5604,lymph,0,0,0,none
5605,lymph,0,0,0,none
5606,mono,1,0,0,none
5607,gran,0,0,0,none
5608,lymph,0,0,1,CD4
5609,lymph,0,0,1,CD8
5610,lymph,0,0,0,none
5611,lymph,0,0,1,CD8
5612,lymph,0,0,1,CD8
5613,lymph,0,0,0,none
5614,lymph,0,0,1,CD4
5615,lymph,0,0,0,none
5616,lymph,0,0,1,CD4
5617,lymph,0,0,1,CD4
5618,lymph,0,0,1,CD4
5619,gran,0,0,0,none
5620,lymph,0,0,1,CD8
5621,lymph,0,0,0,none
5622,lymph,0,0,1,CD4
5623,lymph,0,0,1,DN
5624,lymph,0,0,1,CD8
5625,mono,0,0,0,none
5626,mono,0,0,0,none
5627,gran,0,0,0,none
5628,lymph,0,0,0,none
5629,lymph,0,0,1,CD4
5630,debris,0,0,0,none
5631,debris,0,0,0,none
5632,lymph,0,0,1,CD4
5633,debris,0,0,0,none
5634,lymph,1,0,1,CD4
5635,gran,0,0,0,none
5636,lymph,0,0,1,CD8
5637,lymph,0,0,1,CD8
5638,lymph,0,0,1,CD4
5639,mono,0,0,0,none
5640,lymph,0,0,1,CD8
5641,gran,0,0,0,none
5642,debris,0,0,0,none
5643,lymph,0,0,1,CD4
5644,gran,0,0,0,none
5645,lymph,0,0,0,none
5646,lymph,0,0,0,none
5647,debris,0,0,0,none
5648,lymph,0,0,1,CD4
5649,lymph,0,0,1,CD4
5650,debris,0,0,0,none
5651,gran,0,0,0,none
5652,lymph,0,0,1,CD4
5653,lymph,0,0,1,CD4
5654,gran,0,1,0,none
5655,gran,0,0,0,none
5656,gran,0,0,0,none
5657,lymph,0,0,1,CD4
5658,debris,0,0,0,none
5659,mono,0,0,0,none
5660,lymph,0,0,0,none
5661,lymph,0,0,0,none
5662,gran,0,0,0,none
5663,lymph,0,0,1,CD8
5664,lymph,0,0,0,none
5665,lymph,0,0,1,CD4
5666,lymph,0,0,1,CD4
5667,lymph,0,0,0,none
5668,lymph,0,0,1,CD4
5669,lymph,0,0,0,none
5670,debris,0,0,0,none
5671,mono,0,0,0,none
5672,lymph,0,0,1,DP
5673,lymph,1,0,1,CD8
5674,lymph,0,0,0,none
5675,lymph,0,0,1,CD4
5676,gran,0,0,0,none
5677,mono,0,0,0,none
5678,lymph,0,0,1,CD4
5679,debris,0,0,0,none
5680,lymph,0,0,1,CD4
5681,gran,0,0,0,none
5682,gran,0,0,0,none
5683,lymph,1,0,1,CD8
5684,debris,0,0,0,none
5685,lymph,0,1,1,CD4
5686,lymph,1,0,0,none
5687,lymph,0,0,1,CD4
5688,mono,0,0,0,none
5689,lymph,0,0,0,none
5690,lymph,1,0,1,CD4
5691,lymph,0,0,0,none
5692,lymph,0,0,0,none
5693,gran,0,0,0,none
5694,gran,0,0,0,none
5695,lymph,0,0,1,CD4
5696,lymph,0,0,1,CD4
5697,lymph,0,0,1,CD4
5698,lymph,0,0,1,CD4
5699,lymph,0,0,0,none
5700,lymph,0,0,0,none
5701,debris,0,0,0,none
5702,mono,0,0,0,none
5703,debris,0,0,0,none
5704,mono,0,0,0,none
5705,lymph,0,0,0,none
5706,lymph,0,0,1,CD8
5707,gran,0,0,0,none
5708,gran,0,0,0,none
5709,lymph,0,0,1,CD8
5710,gran,0,0,0,none
5711,debris,0,0,0,none
5712,lymph,0,0,0,none
5713,gran,0,0,0,none
5714,lymph,0,0,0,none
5715,gran,0,0,0,none
5716,lymph,0,0,0,none
5717,mono,0,0,0,none
5718,lymph,0,0,0,none
5719,gran,0,0,0,none
5720,mono,0,0,0,none
5721,lymph,1,1,1,CD4
5722,gran,0,0,0,none
5723,gran,0,0,0,none
5724,lymph,0,0,0,none
5725,gran,0,0,0,none
5726,gran,0,0,0,none
5727,lymph,0,0,1,CD8
5728,lymph,0,0,1,CD4
5729,gran,0,1,0,none
5730,gran,0,0,0,none
5731,debris,0,0,0,none
5732,gran,0,0,0,none
5733,mono,0,0,0,none
5734,lymph,0,0,1,CD8
5735,gran,0,0,0,none
5736,lymph,0,0,1,CD8
5737,lymph,0,0,1,CD4
5738,lymph,0,0,1,DN
5739,lymph,0,0,1,CD4
5740,lymph,0,0,1,DN
5741,mono,0,0,0,none
5742,lymph,0,0,1,CD8
5743,lymph,0,0,1,CD4
5744,mono,0,0,0,none
5745,debris,0,0,0,none
5746,lymph,0,0,1,CD8
5747,debris,0,0,0,none
5748,lymph,1,0,1,CD8
5749,debris,0,0,0,none
5750,lymph,0,0,1,CD8
5751,lymph,0,0,1,CD8
5752,gran,0,0,0,none
5753,lymph,0,1,1,DN
5754,debris,0,0,0,none
5755,lymph,0,0,1,CD4
5756,gran,0,0,0,none
5757,lymph,0,0,0,none
5758,debris,0,0,0,none
5759,lymph,0,0,1,CD4
5760,debris,0,0,0,none
5761,lymph,0,0,0,none
5762,debris,0,0,0,none
5763,gran,0,0,0,none
5764,debris,0,0,0,none
5765,lymph,0,0,1,CD8
5766,debris,0,0,0,none
5767,debris,0,0,0,none
5768,lymph,0,0,1,CD8
5769,lymph,0,0,1,CD4
5770,lymph,0,0,0,none
5771,lymph,0,0,0,none
5772,debris,0,0,0,none
5773,debris,0,0,0,none
5774,lymph,0,0,0,none
5775,lymph,0,0,1,CD4
5776,lymph,0,0,1,CD8
5777,lymph,0,0,1,CD8
5778,lymph,0,0,1,CD4
5779,mono,0,0,0,none
5780,debris,0,0,0,none
5781,gran,0,0,0,none
5782,lymph,0,0,1,DN
5783,gran,0,0,0,none
5784,debris,0,0,0,none
5785,lymph,0,1,1,CD8
5786,lymph,1,0,1,CD4
5787,lymph,0,0,1,CD4
5788,mono,0,0,0,none
5789,lymph,0,0,0,none
5790,mono,0,0,0,none
5791,debris,0,0,0,none
5792,lymph,0,0,1,CD4
5793,lymph,0,1,1,CD8
5794,lymph,0,0,1,CD8
5795,lymph,0,0,1,CD4
5796,lymph,0,0,0,none
5797,lymph,0,0,0,none
5798,lymph,1,0,1,CD8
5799,debris,0,0,0,none
5800,lymph,0,0,1,CD4
5801,lymph,0,1,1,CD8
5802,lymph,0,0,0,none
5803,debris,0,0,0,none
5804,lymph,0,0,1,CD4
5805,lymph,0,0,1,CD4
5806,debris,0,0,0,none
5807,lymph,0,0,0,none
5808,gran,0,0,0,none
5809,lymph,0,0,1,CD8
5810,lymph,0,0,1,CD4
5811,lymph,0,0,1,DN
5812,lymph,0,0,1,CD4
5813,lymph,0,0,1,CD8
5814,mono,0,0,0,none
5815,lymph,0,0,1,CD8
5816,lymph,0,0,1,CD4
5817,lymph,0,0,1,CD8
5818,debris,0,0,0,none
5819,lymph,0,0,1,DN
5820,mono,0,0,0,none
5821,lymph,0,0,0,none
5822,gran,0,0,0,none
5823,lymph,0,0,1,CD8
5824,lymph,0,0,1,CD4
5825,lymph,0,0,1,DP
5826,gran,0,0,0,none
5827,lymph,0,0,1,CD4
5828,lymph,0,0,1,CD4
5829,debris,0,0,0,none
5830,mono,0,0,0,none
5831,lymph,0,0,1,CD4
5832,lymph,0,0,0,none
5833,lymph,0,0,0,none
5834,gran,0,0,0,none
5835,mono,0,0,0,none
5836,lymph,0,0,1,CD4
5837,mono,0,0,0,none
5838,lymph,0,0,1,CD4
5839,mono,0,0,0,none
5840,gran,0,0,0,none
5841,lymph,0,0,1,CD8
5842,gran,0,0,0,none
5843,lymph,0,0,0,none
5844,lymph,0,0,1,CD8
5845,lymph,0,0,1,CD8
5846,lymph,0,0,1,CD4
5847,lymph,0,0,1,CD4
5848,lymph,0,0,1,CD8
5849,lymph,0,0,1,CD4
5850,lymph,0,0,1,CD8
5851,gran,0,0,0,none
5852,lymph,0,0,0,none
5853,gran,0,0,0,none
5854,lymph,1,0,1,CD4
5855,gran,0,0,0,none
5856,lymph,1,0,0,none
5857,lymph,1,0,1,CD4
5858,gran,0,0,0,none
5859,gran,0,0,0,none
5860,lymph,0,0,1,CD4
5861,gran,1,0,0,none
5862,lymph,0,0,1,CD4
5863,lymph,0,0,1,CD8
5864,mono,0,0,0,none
5865,lymph,0,0,1,CD8
5866,lymph,0,0,0,none
5867,lymph,0,0,0,none
5868,lymph,0,0,0,none
5869,lymph,0,0,1,CD4
5870,lymph,1,0,1,CD4
5871,lymph,0,0,1,CD4
5872,debris,0,0,0,none
5873,gran,0,0,0,none
5874,lymph,0,0,1,CD4
5875,lymph,0,0,0,none
5876,lymph,0,0,0,none
5877,lymph,0,0,1,CD8
5878,debris,0,0,0,none
5879,lymph,0,0,0,none
5880,lymph,0,0,1,CD4
5881,mono,1,0,0,none
5882,gran,0,0,0,none
5883,lymph,0,0,0,none
5884,lymph,0,0,1,CD8
5885,mono,0,0,0,none
5886,lymph,0,1,1,CD4
5887,lymph,1,1,1,CD4
5888,gran,0,0,0,none
5889,lymph,0,0,1,DN
5890,lymph,0,0,1,CD4
5891,lymph,0,1,1,CD4
5892,gran,0,0,0,none
5893,lymph,0,0,1,CD4
5894,mono,0,0,0,none
5895,lymph,0,0,1,CD8
5896,lymph,1,0,1,CD4
5897,lymph,0,0,1,CD4
5898,lymph,0,0,0,none
5899,lymph,0,0,1,CD4
5900,lymph,0,0,0,none
5901,gran,0,0,0,none
5902,lymph,0,0,0,none
5903,mono,0,0,0,none
5904,mono,0,1,0,none
5905,lymph,0,0,1,CD4
5906,lymph,0,0,1,CD4
5907,gran,0,0,0,none
5908,lymph,0,0,1,DP
5909,lymph,0,0,1,CD4
5910,gran,0,0,0,none
5911,mono,0,0,0,none
5912,lymph,0,0,1,CD4
5913,debris,0,0,0,none
5914,lymph,0,0,0,none
5915,lymph,0,0,1,CD8
5916,lymph,0,0,1,CD4
5917,mono,0,0,0,none
5918,lymph,0,0,1,CD8
5919,lymph,0,0,1,CD8
5920,mono,0,0,0,none
5921,mono,0,0,0,none
5922,mono,0,0,0,none
5923,lymph,0,0,1,CD8
5924,debris,0,0,0,none
5925,lymph,0,0,1,CD8
5926,lymph,0,0,1,CD4
5927,debris,0,0,0,none
5928,lymph,0,0,1,CD8
5929,debris,0,0,0,none
5930,lymph,0,0,1,CD4
5931,lymph,0,0,1,CD8
5932,mono,0,0,0,none
5933,lymph,1,0,1,CD8
5934,mono,0,0,0,none
5935,debris,0,0,0,none
5936,mono,0,0,0,none
5937,gran,0,0,0,none
5938,mono,0,0,0,none
5939,lymph,0,0,0,none
5940,lymph,0,0,0,none
5941,mono,0,0,0,none
5942,gran,0,0,0,none
5943,lymph,0,0,1,CD4
5944,lymph,0,0,0,none
5945,lymph,0,0,1,CD8
5946,gran,0,0,0,none
5947,debris,0,0,0,none
5948,lymph,0,0,1,CD8
5949,lymph,0,0,1,CD4
5950,lymph,0,0,1,CD4
5951,lymph,0,0,1,DN
5952,gran,0,0,0,none
5953,gran,0,0,0,none
5954,mono,0,0,0,none
5955,mono,0,0,0,none
5956,lymph,0,0,1,CD4
5957,lymph,0,0,0,none
5958,debris,0,0,0,none
5959,debris,0,0,0,none
5960,lymph,0,0,1,CD8
5961,gran,0,0,0,none
5962,lymph,0,0,1,CD8
5963,lymph,0,0,1,CD8
5964,lymph,0,0,0,none
5965,lymph,0,0,1,CD4
5966,mono,0,0,0,none
5967,lymph,0,0,1,CD8
5968,gran,0,0,0,none
5969,gran,0,0,0,none
5970,lymph,0,0,1,CD4
5971,mono,0,0,0,none
5972,mono,0,0,0,none
5973,lymph,0,0,1,CD8
5974,gran,0,0,0,none
5975,lymph,0,0,1,CD8
5976,lymph,0,1,1,CD4
5977,lymph,0,0,0,none
5978,lymph,0,0,1,CD8
5979,lymph,1,0,1,CD4
5980,lymph,0,0,1,DN
5981,debris,0,0,0,none
5982,lymph,0,0,1,CD4
5983,lymph,0,0,1,CD4
5984,lymph,0,0,0,none
5985,mono,0,0,0,none
5986,lymph,0,0,1,CD4
5987,debris,0,0,0,none
5988,gran,0,0,0,none
5989,lymph,1,0,1,CD8
5990,lymph,0,0,1,DN
5991,gran,0,0,0,none
5992,lymph,0,0,1,CD4
5993,mono,0,0,0,none
5994,gran,1,0,0,none
5995,lymph,0,0,1,CD4
5996,lymph,0,0,1,CD8
5997,lymph,0,1,0,none
5998,lymph,0,0,1,CD4
5999,lymph,0,0,1,CD8
6000,debris,0,0,0,none
6001,gran,1,0,0,none
6002,gran,0,0,0,none
6003,lymph,0,0,0,none
6004,lymph,0,0,1,CD8
6005,lymph,0,0,0,none
6006,lymph,0,0,0,none
6007,lymph,0,0,1,CD4
6008,debris,0,0,0,none
6009,mono,1,0,0,none
6010,lymph,0,0,1,CD4
6011,gran,0,0,0,none
6012,gran,0,1,0,none
6013,lymph,0,0,1,CD4
6014,lymph,0,0,1,CD8
6015,mono,0,0,0,none
6016,lymph,0,0,1,CD8
6017,lymph,0,0,1,CD8
6018,gran,0,0,0,none
6019,lymph,0,0,1,CD8
6020,lymph,0,0,1,CD8
6021,lymph,0,0,1,CD4
6022,lymph,0,0,1,CD4
6023,mono,0,1,0,none
6024,mono,0,0,0,none
6025,gran,1,0,0,none
6026,lymph,0,0,1,CD8
6027,mono,0,0,0,none
6028,mono,0,0,0,none
6029,mono,0,0,0,none
6030,lymph,0,0,0,none
6031,lymph,0,0,1,CD4
6032,mono,0,0,0,none
6033,debris,0,0,0,none
6034,lymph,0,0,1,CD4
6035,gran,0,0,0,none
6036,mono,0,0,0,none
6037,lymph,0,0,1,CD8
6038,lymph,0,0,1,CD4
6039,gran,0,0,0,none
6040,lymph,0,0,1,CD4
6041,gran,0,0,0,none
6042,lymph,0,0,1,CD4
6043,lymph,0,0,1,CD8
6044,lymph,0,1,1,CD4
6045,gran,0,0,0,none
6046,gran,0,0,0,none
6047,lymph,0,0,1,CD4
6048,debris,0,0,0,none
6049,lymph,0,0,1,CD4
6050,lymph,0,0,1,CD8
6051,lymph,0,0,1,CD4
6052,lymph,0,0,1,DN
6053,gran,0,0,0,none
6054,lymph,0,0,1,DN
6055,gran,1,0,0,none
6056,lymph,0,1,1,DN
6057,lymph,0,0,0,none
6058,mono,0,0,0,none
6059,lymph,0,0,0,none
6060,lymph,0,0,1,CD8
6061,lymph,0,0,1,CD4
6062,lymph,0,0,1,CD4
6063,lymph,1,0,1,DN
6064,gran,0,0,0,none
6065,lymph,1,0,1,CD4
6066,lymph,0,0,1,DP
6067,lymph,0,0,0,none
6068,lymph,0,1,0,none
6069,lymph,0,0,1,DP
6070,lymph,0,0,1,CD4
6071,lymph,0,0,1,CD4
6072,lymph,0,0,0,none
6073,lymph,0,0,1,CD8
6074,debris,0,0,0,none
6075,lymph,0,0,1,CD4
6076,gran,0,0,0,none
6077,gran,0,0,0,none
6078,mono,0,0,0,none
6079,lymph,0,0,1,DN
6080,mono,0,0,0,none
6081,gran,0,0,0,none
6082,lymph,0,0,1,CD4
6083,lymph,0,0,0,none
6084,lymph,0,0,0,none
6085,lymph,0,0,1,CD4
6086,gran,1,0,0,none
6087,debris,0,0,0,none
6088,lymph,0,0,1,CD8
6089,lymph,0,0,1,CD8
6090,lymph,0,0,1,CD4
6091,gran,0,0,0,none
6092,lymph,0,0,0,none
6093,debris,0,0,0,none
6094,lymph,0,0,1,CD4
6095,gran,0,0,0,none
6096,lymph,0,0,1,CD8
6097,debris,0,0,0,none
6098,lymph,0,0,1,CD4
6099,gran,0,0,0,none
6100,lymph,0,0,1,CD8
6101,mono,0,0,0,none
6102,gran,0,0,0,none
6103,lymph,0,1,1,CD4
6104,lymph,0,0,1,CD4
6105,lymph,0,0,1,CD8
6106,lymph,0,0,1,CD4
6107,lymph,0,0,1,CD4
6108,gran,0,0,0,none
6109,lymph,0,0,1,CD8
6110,gran,0,0,0,none
6111,lymph,1,0,1,CD8
6112,lymph,0,0,0,none
6113,lymph,0,0,1,CD8
6114,lymph,0,0,0,none
6115,lymph,0,0,1,DN
6116,lymph,0,0,1,CD4
6117,lymph,0,0,1,CD4
6118,mono,1,0,0,none
6119,mono,0,0,0,none
6120,lymph,0,0,1,CD8
6121,lymph,0,0,1,CD4
6122,lymph,0,1,1,CD8
6123,gran,0,0,0,none
6124,gran,1,0,0,none
6125,mono,0,0,0,none
6126,lymph,0,0,1,CD8
6127,lymph,0,0,1,CD8
6128,gran,0,0,0,none
6129,lymph,1,1,1,CD4
6130,lymph,0,0,1,CD4
6131,lymph,0,0,1,CD8
6132,lymph,0,0,0,none
6133,lymph,0,0,1,CD4
6134,gran,0,0,0,none
6135,gran,0,0,0,none
6136,gran,0,0,0,none
6137,lymph,0,0,1,CD4
6138,lymph,0,0,1,CD4
6139,lymph,0,0,0,none
6140,lymph,0,0,1,CD8
6141,gran,1,0,0,none
6142,lymph,0,0,1,CD4
6143,lymph,0,0,1,CD4
6144,lymph,0,0,0,none
6145,lymph,0,0,1,CD4
6146,lymph,0,0,1,DP
6147,mono,0,1,0,none
6148,lymph,0,0,1,CD4
6149,lymph,0,0,0,none
6150,lymph,0,0,1,CD4
6151,debris,0,0,0,none
6152,debris,0,0,0,none
6153,gran,0,0,0,none
6154,gran,0,0,0,none
6155,lymph,0,0,0,none
6156,lymph,0,0,1,CD4
6157,lymph,0,0,1,CD4
6158,lymph,0,0,1,CD8
6159,lymph,0,0,0,none
6160,gran,0,0,0,none
6161,gran,0,0,0,none
6162,lymph,1,0,1,CD4
6163,gran,0,0,0,none
6164,lymph,0,0,1,CD4
6165,mono,0,0,0,none
6166,lymph,0,0,1,CD4
6167,debris,0,0,0,none
6168,lymph,0,0,0,none
6169,lymph,0,0,1,CD4
6170,lymph,1,0,1,CD4
6171,debris,0,0,0,none
6172,lymph,0,0,1,CD4
6173,mono,0,0,0,none
6174,lymph,0,0,1,CD4
6175,mono,0,0,0,none
6176,lymph,0,0,1,CD4
6177,lymph,0,0,1,CD4
6178,gran,0,0,0,none
6179,lymph,0,0,1,CD4
6180,lymph,0,0,1,CD8
6181,mono,0,0,0,none
6182,mono,0,0,0,none
6183,gran,1,0,0,none
6184,lymph,0,0,1,CD8
6185,mono,0,0,0,none
6186,gran,0,0,0,none
6187,mono,0,0,0,none
6188,lymph,0,1,0,none
6189,mono,0,0,0,none
6190,lymph,0,0,0,none
6191,mono,0,0,0,none
6192,lymph,0,0,1,CD4
6193,lymph,0,0,1,CD4
6194,gran,0,0,0,none
6195,lymph,0,0,1,CD8
6196,gran,0,0,0,none
6197,lymph,0,0,1,CD8
6198,lymph,0,0,1,CD4
6199,mono,0,0,0,none
6200,lymph,0,0,1,DN
6201,lymph,0,0,1,CD4
6202,lymph,0,0,0,none
6203,lymph,0,0,1,CD4
6204,lymph,0,0,1,CD4
6205,lymph,0,0,1,DN
6206,lymph,0,0,0,none
6207,lymph,0,0,0,none
6208,lymph,0,0,1,CD4
6209,lymph,0,0,1,CD8
6210,mono,0,0,0,none
6211,gran,0,0,0,none
6212,lymph,0,0,1,CD4
6213,lymph,0,0,0,none
6214,debris,0,0,0,none
6215,lymph,0,0,1,DN
6216,lymph,0,0,1,CD4
6217,lymph,1,0,1,CD4
6218,lymph,0,0,1,CD8
6219,gran,0,0,0,none
6220,gran,0,0,0,none
6221,lymph,0,0,1,CD4
6222,lymph,0,0,1,DN
6223,lymph,0,0,1,CD4
6224,mono,0,0,0,none
6225,lymph,0,0,1,CD4
6226,lymph,0,0,0,none
6227,lymph,0,0,1,CD4
6228,mono,0,0,0,none
6229,debris,0,0,0,none
6230,lymph,0,0,0,none
6231,lymph,0,0,0,none
6232,lymph,0,0,1,CD8
6233,lymph,0,0,1,CD8
6234,mono,0,0,0,none
6235,lymph,0,0,1,DN
6236,lymph,0,0,1,CD8
6237,lymph,0,0,1,CD4
6238,lymph,0,0,1,CD8
6239,lymph,0,0,0,none
6240,lymph,1,0,1,CD8
6241,mono,0,0,0,none
6242,lymph,0,0,0,none
6243,lymph,1,0,1,CD8
6244,lymph,0,0,1,DN
6245,lymph,0,0,1,CD4
6246,debris,0,0,0,none
6247,gran,1,0,0,none
6248,lymph,0,0,0,none
6249,mono,0,0,0,none
6250,debris,0,0,0,none
6251,debris,0,0,0,none
6252,debris,0,0,0,none
6253,debris,0,0,0,none
6254,debris,0,0,0,none
6255,lymph,0,0,1,CD8
6256,lymph,0,0,1,DN
6257,lymph,0,0,1,CD4
6258,lymph,0,0,0,none
6259,lymph,0,0,1,DN
6260,lymph,0,0,0,none
6261,lymph,0,0,1,CD8
6262,lymph,0,0,1,DN
6263,mono,0,0,0,none
6264,lymph,0,0,1,CD4
6265,gran,0,0,0,none
6266,lymph,0,0,1,CD4
6267,lymph,0,0,1,CD4
6268,lymph,0,0,0,none
6269,mono,0,0,0,none
6270,lymph,0,0,0,none
6271,lymph,0,0,1,CD4
6272,lymph,0,0,1,CD4
6273,lymph,0,0,0,none
6274,gran,0,0,0,none
6275,gran,0,0,0,none
6276,lymph,0,0,1,CD8
6277,lymph,0,0,1,CD8
6278,gran,0,1,0,none
6279,debris,0,0,0,none
6280,lymph,0,0,1,CD8
6281,lymph,0,0,1,CD4
6282,lymph,0,0,1,CD8
6283,lymph,0,0,0,none
6284,gran,0,0,0,none
6285,lymph,0,0,1,CD4
6286,lymph,0,0,1,CD4
6287,mono,0,0,0,none
6288,gran,0,0,0,none
6289,lymph,0,0,1,CD4
6290,gran,0,0,0,none
6291,lymph,0,0,1,CD8
6292,mono,0,0,0,none
6293,debris,0,0,0,none
6294,lymph,0,0,1,CD4
6295,gran,0,0,0,none
6296,lymph,0,0,0,none
6297,gran,0,0,0,none
6298,lymph,0,0,1,CD4
6299,lymph,0,0,1,CD4
6300,lymph,0,0,1,CD4
6301,lymph,0,0,0,none
6302,lymph,0,0,1,CD8
6303,lymph,1,0,1,CD4
6304,gran,0,0,0,none
6305,lymph,0,0,1,CD4
6306,lymph,0,0,1,CD8
6307,lymph,0,0,0,none
6308,gran,0,0,0,none
6309,lymph,0,0,1,CD4
6310,lymph,0,0,0,none
6311,lymph,0,0,1,DP
6312,lymph,0,0,1,CD4
6313,lymph,0,0,1,DP
6314,debris,0,0,0,none
6315,gran,0,0,0,none
6316,gran,0,0,0,none
6317,lymph,0,1,0,none
6318,debris,0,0,0,none
6319,lymph,1,0,1,CD8
6320,lymph,0,0,1,CD4
6321,lymph,0,0,1,CD4
6322,lymph,0,0,1,CD4
6323,mono,1,0,0,none
6324,lymph,0,0,1,CD8
6325,lymph,0,0,1,CD8
6326,lymph,0,0,1,CD8
6327,lymph,0,0,1,CD8
6328,lymph,0,0,1,CD4
6329,lymph,0,0,0,none
6330,gran,0,1,0,none
6331,gran,0,0,0,none
6332,lymph,0,0,1,CD8
6333,debris,0,0,0,none
6334,gran,0,0,0,none
6335,mono,0,0,0,none
6336,gran,1,0,0,none
6337,lymph,0,0,1,DN
6338,lymph,0,0,1,CD4
6339,gran,0,0,0,none
6340,lymph,0,0,1,DN
6341,lymph,0,0,0,none
6342,gran,0,0,0,none
6343,debris,0,0,0,none
6344,gran,0,0,0,none
6345,lymph,0,1,1,CD4
6346,lymph,1,0,0,none
6347,lymph,0,1,1,CD4
6348,lymph,0,0,1,CD4
6349,gran,0,0,0,none
6350,lymph,0,0,1,CD4
6351,lymph,0,0,0,none
6352,lymph,0,0,1,CD8
6353,debris,0,0,0,none
6354,lymph,0,1,0,none
6355,lymph,1,0,1,CD4
6356,lymph,0,0,1,CD8
6357,lymph,0,0,1,CD8
6358,gran,0,0,0,none
6359,lymph,0,0,1,CD4
6360,lymph,0,0,1,CD4
6361,mono,0,1,0,none
6362,lymph,0,0,0,none
6363,lymph,0,0,0,none
6364,debris,0,0,0,none
6365,debris,0,0,0,none
6366,mono,0,0,0,none
6367,mono,0,0,0,none
6368,lymph,0,1,1,CD8
6369,lymph,0,0,1,CD8
6370,gran,0,0,0,none
6371,gran,0,0,0,none
6372,lymph,0,0,1,DN
6373,lymph,0,0,1,CD8
6374,lymph,0,0,0,none
6375,lymph,0,0,0,none
6376,lymph,0,0,1,CD8
6377,lymph,0,0,1,CD8
6378,debris,0,0,0,none
6379,debris,0,0,0,none
6380,lymph,0,0,0,none
6381,lymph,0,0,0,none
6382,lymph,0,0,1,CD4
6383,gran,0,0,0,none
6384,lymph,0,0,1,CD4
6385,lymph,0,0,0,none
6386,lymph,0,0,1,CD4
6387,lymph,0,0,1,CD8
6388,lymph,0,0,1,DN
6389,gran,0,0,0,none
6390,lymph,0,0,0,none
6391,lymph,0,0,1,CD4
6392,lymph,1,0,0,none
6393,lymph,0,0,1,CD4
6394,lymph,1,0,1,DP
6395,mono,0,0,0,none
6396,lymph,0,0,0,none
6397,debris,0,0,0,none
6398,lymph,0,0,1,DN
6399,debris,0,0,0,none
6400,lymph,0,0,0,none
6401,gran,1,0,0,none
6402,lymph,0,0,0,none
6403,lymph,0,0,1,CD4
6404,lymph,0,1,1,CD8
6405,lymph,0,1,0,none
6406,debris,0,0,0,none
6407,lymph,0,0,1,CD8
6408,mono,0,0,0,none
6409,mono,0,0,0,none
6410,lymph,0,0,0,none
6411,lymph,1,0,1,CD8
6412,lymph,0,0,0,none
6413,lymph,0,0,0,none
6414,mono,0,0,0,none
6415,gran,0,0,0,none
6416,gran,0,0,0,none
6417,lymph,0,0,1,CD4
6418,lymph,0,0,1,CD8
6419,gran,0,0,0,none
6420,lymph,0,0,1,DP
6421,debris,0,0,0,none
6422,mono,0,0,0,none
6423,lymph,0,0,1,DN
6424,gran,0,0,0,none
6425,gran,0,0,0,none
6426,lymph,0,0,1,CD4
6427,mono,0,0,0,none
6428,lymph,0,0,1,CD8
6429,debris,0,0,0,none
6430,gran,0,0,0,none
6431,lymph,0,0,1,CD4
6432,lymph,0,0,1,DN
6433,mono,0,0,0,none
6434,lymph,0,0,0,none
6435,lymph,0,0,1,CD8
6436,debris,0,0,0,none
6437,lymph,0,0,1,CD4
6438,lymph,0,0,1,DN
6439,debris,0,0,0,none
6440,lymph,0,0,1,CD4
6441,mono,0,0,0,none
6442,lymph,0,0,1,CD8
6443,mono,0,0,0,none
6444,gran,0,0,0,none
6445,lymph,0,0,0,none
6446,gran,0,0,0,none
6447,lymph,0,0,0,none
6448,debris,0,0,0,none
6449,mono,0,0,0,none
6450,mono,0,0,0,none
6451,lymph,0,0,1,CD8
6452,gran,0,0,0,none
6453,lymph,0,0,1,CD4
6454,debris,0,0,0,none
6455,gran,0,0,0,none
6456,gran,1,0,0,none
6457,lymph,0,0,1,CD4
6458,lymph,0,0,0,none
6459,mono,0,0,0,none
6460,gran,0,0,0,none
6461,gran,0,0,0,none
6462,lymph,0,0,1,DN
6463,mono,1,0,0,none
6464,mono,0,0,0,none
6465,lymph,0,0,1,CD4
6466,lymph,0,1,1,CD4
6467,lymph,0,0,1,CD4
6468,lymph,0,0,1,CD8
6469,lymph,0,0,1,CD4
6470,lymph,0,0,1,CD4
6471,lymph,0,0,0,none
6472,lymph,0,0,1,CD4
6473,lymph,0,0,1,CD4
6474,lymph,0,0,0,none
6475,lymph,1,0,1,CD4
6476,lymph,0,0,1,CD4
6477,debris,0,0,0,none
6478,lymph,0,0,1,CD4
6479,gran,0,0,0,none
6480,debris,0,0,0,none
6481,mono,0,0,0,none
6482,lymph,0,0,1,CD4
6483,lymph,0,0,1,CD8
6484,lymph,0,0,1,CD4
6485,lymph,1,0,1,DN
6486,lymph,0,0,1,CD4
6487,debris,0,0,0,none
6488,lymph,0,0,0,none
6489,lymph,0,0,1,CD8
6490,gran,1,0,0,none
6491,mono,0,0,0,none
6492,gran,0,0,0,none
6493,lymph,0,0,0,none
6494,lymph,0,0,0,none
6495,gran,0,0,0,none
6496,lymph,0,0,1,DN
6497,lymph,0,0,1,CD8
6498,lymph,0,1,1,CD8
6499,lymph,0,0,1,CD8
6500,gran,0,0,0,none
6501,lymph,0,0,1,CD4
6502,gran,0,0,0,none
6503,lymph,0,1,1,CD4
6504,lymph,0,0,1,CD4
6505,lymph,0,0,0,none
6506,lymph,0,0,1,CD4
6507,lymph,0,0,1,CD4
6508,lymph,0,0,0,none
6509,mono,0,0,0,none
6510,debris,0,0,0,none
6511,lymph,0,0,0,none
6512,lymph,0,0,0,none
6513,debris,0,0,0,none
6514,debris,0,0,0,none
6515,lymph,0,0,1,CD4
6516,lymph,0,0,0,none
6517,mono,0,0,0,none
6518,lymph,0,0,0,none
6519,lymph,0,0,1,CD8
6520,lymph,0,0,1,CD8
6521,debris,0,0,0,none
6522,lymph,0,1,1,CD4
6523,lymph,0,0,0,none
6524,lymph,0,0,0,none
6525,lymph,0,0,1,CD4
6526,lymph,0,0,1,CD8
6527,lymph,0,0,0,none
6528,lymph,0,0,0,none
6529,gran,0,0,0,none
6530,debris,0,0,0,none
6531,mono,0,0,0,none
6532,lymph,0,0,1,CD4
6533,lymph,0,0,0,none
6534,mono,0,0,0,none
6535,mono,1,0,0,none
6536,debris,0,0,0,none
6537,lymph,0,0,1,DN
6538,lymph,0,0,1,CD8
6539,gran,0,0,0,none
6540,lymph,0,0,1,CD4
6541,lymph,1,1,0,none
6542,gran,0,0,0,none
6543,gran,0,0,0,none
6544,mono,0,0,0,none
6545,lymph,0,0,1,CD8
6546,lymph,0,0,1,CD4
6547,lymph,0,0,0,none
6548,gran,0,0,0,none
6549,lymph,0,0,1,CD4
6550,mono,0,0,0,none
6551,lymph,0,0,1,CD4
6552,gran,0,0,0,none
6553,lymph,0,0,1,CD4
6554,gran,0,0,0,none
6555,mono,1,0,0,none
6556,gran,0,0,0,none
6557,lymph,1,1,0,none
6558,lymph,0,1,1,CD4
6559,lymph,0,1,0,none
6560,gran,0,0,0,none
6561,lymph,1,0,0,none
6562,lymph,1,0,0,none
6563,lymph,0,0,0,none
6564,lymph,0,0,0,none
6565,mono,0,0,0,none
6566,lymph,0,0,1,CD4
6567,lymph,0,0,0,none
6568,gran,0,0,0,none
6569,lymph,0,0,0,none
6570,debris,0,0,0,none
6571,debris,0,0,0,none
6572,lymph,0,0,1,CD4
6573,lymph,0,0,1,CD8
6574,lymph,0,0,1,CD4
6575,debris,0,0,0,none
6576,lymph,0,0,1,CD4
6577,lymph,0,0,1,CD4
6578,gran,0,0,0,none
6579,debris,0,0,0,none
6580,gran,0,0,0,none
6581,lymph,0,0,1,CD4
6582,gran,0,0,0,none
6583,lymph,0,0,1,CD4
6584,debris,0,0,0,none
6585,lymph,0,0,1,DN
6586,lymph,0,1,0,none
6587,lymph,0,0,1,CD8
6588,lymph,0,0,1,DN
6589,lymph,0,0,0,none
6590,lymph,0,0,0,none
6591,lymph,0,0,1,CD8
6592,lymph,0,0,1,CD4
6593,lymph,0,0,0,none
6594,mono,0,0,0,none
6595,lymph,0,0,0,none
6596,lymph,0,0,1,CD4
6597,lymph,0,0,0,none
6598,gran,0,0,0,none
6599,lymph,0,0,1,CD8
6600,lymph,0,0,1,CD4
6601,mono,0,0,0,none
6602,lymph,0,0,1,CD4
6603,debris,0,0,0,none
6604,lymph,0,0,1,CD4
6605,lymph,1,0,1,CD8
6606,lymph,0,0,1,DN
6607,lymph,0,0,1,CD4
6608,debris,0,0,0,none
6609,lymph,0,0,1,CD4
6610,debris,0,0,0,none
6611,gran,0,0,0,none
6612,lymph,0,0,1,CD4
6613,gran,0,0,0,none
6614,gran,0,0,0,none
6615,mono,0,0,0,none
6616,lymph,0,0,1,CD8
6617,lymph,0,0,1,CD4
6618,debris,0,0,0,none
6619,lymph,0,0,1,CD4
6620,gran,0,0,0,none
6621,lymph,0,0,1,CD4
6622,lymph,0,0,0,none
6623,gran,0,0,0,none
6624,mono,0,0,0,none
6625,gran,0,0,0,none
6626,lymph,0,0,1,CD4
6627,lymph,0,0,1,DN
6628,lymph,0,0,1,CD4
6629,gran,0,0,0,none
6630,debris,0,0,0,none
6631,mono,0,0,0,none
6632,lymph,0,0,1,CD4
6633,mono,0,0,0,none
6634,gran,0,0,0,none
6635,gran,0,0,0,none
6636,lymph,0,0,1,CD4
6637,lymph,0,1,0,none
6638,lymph,0,0,1,CD4
6639,debris,0,0,0,none
6640,lymph,0,0,1,CD8
6641,mono,1,0,0,none
6642,lymph,0,0,1,CD4
6643,gran,0,0,0,none
6644,mono,0,0,0,none
6645,gran,0,0,0,none
6646,lymph,0,0,1,DP
6647,gran,1,0,0,none
6648,lymph,0,0,0,none
6649,mono,0,0,0,none
6650,lymph,0,0,1,CD8
6651,lymph,0,0,0,none
6652,lymph,0,0,1,CD8
6653,mono,0,0,0,none
6654,lymph,1,0,1,CD8
6655,lymph,0,0,1,CD8
6656,lymph,0,1,1,CD8
6657,lymph,0,0,1,CD4
6658,debris,0,0,0,none
6659,lymph,0,0,0,none
6660,lymph,0,0,1,CD4
6661,lymph,1,0,0,none
6662,lymph,0,0,0,none
6663,lymph,0,1,1,CD4
6664,lymph,0,0,0,none
6665,debris,0,0,0,none
6666,lymph,0,0,1,CD8
6667,gran,0,0,0,none
6668,gran,0,0,0,none
6669,lymph,1,0,0,none
6670,lymph,0,0,0,none
6671,gran,0,0,0,none
6672,lymph,0,0,1,CD4
6673,mono,0,0,0,none
6674,lymph,0,0,1,CD4
6675,gran,0,0,0,none
6676,gran,0,0,0,none
6677,lymph,0,0,1,CD8
6678,lymph,0,0,1,CD8
6679,lymph,0,0,1,CD4
6680,lymph,0,1,1,CD4
6681,lymph,0,0,1,CD4
6682,lymph,0,0,0,none
6683,lymph,0,0,0,none
6684,gran,0,0,0,none
6685,lymph,1,0,1,CD8
6686,lymph,1,0,1,DN
6687,lymph,0,0,0,none
6688,debris,0,0,0,none
6689,lymph,0,0,1,CD8
6690,lymph,0,0,1,CD4
6691,gran,0,0,0,none
6692,debris,0,0,0,none
6693,gran,0,0,0,none
6694,lymph,0,0,1,DP
6695,lymph,0,0,0,none
6696,lymph,0,0,1,CD8
6697,mono,0,0,0,none
6698,lymph,0,0,1,CD4
6699,lymph,0,0,1,CD4
6700,lymph,0,0,1,CD4
6701,lymph,0,0,1,CD8
6702,gran,0,0,0,none
6703,gran,0,0,0,none
6704,mono,0,0,0,none
6705,lymph,0,0,1,CD4
6706,lymph,0,0,0,none
6707,gran,0,1,0,none
6708,lymph,1,0,1,CD4
6709,mono,0,0,0,none
6710,lymph,1,0,1,CD8
6711,lymph,1,0,0,none
6712,lymph,0,0,1,CD8
6713,debris,0,0,0,none
6714,gran,0,0,0,none
6715,debris,0,0,0,none
6716,mono,0,0,0,none
6717,lymph,1,0,1,DN
6718,lymph,0,0,1,CD8
6719,gran,0,0,0,none
6720,debris,0,0,0,none
6721,lymph,0,0,0,none
6722,gran,0,0,0,none
6723,lymph,1,0,0,none
6724,gran,1,0,0,none
6725,lymph,0,0,1,DN
6726,gran,0,0,0,none
6727,lymph,0,0,1,CD4
6728,mono,0,0,0,none
6729,lymph,0,0,1,CD4
6730,gran,1,0,0,none
6731,gran,0,0,0,none
6732,debris,0,0,0,none
6733,lymph,0,0,1,DN
6734,gran,0,0,0,none
6735,gran,0,0,0,none
6736,lymph,0,0,1,DN
6737,lymph,0,0,1,CD4
6738,lymph,1,0,1,DN
6739,debris,0,0,0,none
6740,mono,0,0,0,none
6741,debris,0,0,0,none
6742,lymph,0,0,0,none
6743,gran,0,0,0,none
6744,lymph,0,0,0,none
6745,lymph,0,0,1,DN
6746,debris,0,0,0,none
6747,lymph,0,0,0,none
6748,lymph,1,0,0,none
6749,lymph,0,0,0,none
6750,mono,0,0,0,none
6751,mono,0,0,0,none
6752,lymph,0,0,1,CD8
6753,lymph,0,0,1,CD4
6754,lymph,0,0,1,DN
6755,lymph,0,0,0,none
6756,lymph,0,0,1,CD8
6757,gran,0,1,0,none
6758,debris,0,0,0,none
6759,lymph,0,0,0,none
6760,mono,0,0,0,none
6761,lymph,0,0,1,CD8
6762,gran,0,0,0,none
6763,mono,0,0,0,none
6764,lymph,0,0,1,DN
6765,lymph,0,0,1,CD8
6766,lymph,0,0,0,none
6767,debris,0,0,0,none
6768,lymph,0,1,1,CD4
6769,debris,0,0,0,none
6770,lymph,0,0,0,none
6771,gran,0,0,0,none
6772,gran,0,0,0,none
6773,debris,0,0,0,none
6774,lymph,0,0,1,CD4
6775,lymph,0,0,1,CD4
6776,lymph,1,0,0,none
6777,lymph,0,0,1,CD4
6778,lymph,0,0,1,CD8
6779,mono,0,0,0,none
6780,gran,0,0,0,none
6781,lymph,0,0,1,CD8
6782,lymph,0,0,1,CD4
6783,lymph,0,0,1,CD4
6784,lymph,0,0,0,none
6785,lymph,1,0,1,CD8
6786,debris,0,0,0,none
6787,lymph,1,0,0,none
6788,lymph,0,0,0,none
6789,gran,0,0,0,none
6790,gran,0,0,0,none
6791,lymph,0,0,1,DN
6792,mono,0,0,0,none
6793,lymph,0,0,0,none
6794,lymph,0,0,0,none
6795,lymph,0,0,1,CD8
6796,lymph,0,1,1,CD4
6797,lymph,0,0,1,CD4
6798,lymph,0,0,0,none
6799,lymph,0,0,0,none
6800,lymph,0,0,1,CD4
6801,lymph,0,0,1,CD4
6802,gran,0,0,0,none
6803,lymph,0,0,1,CD4
6804,lymph,0,0,1,CD8
6805,lymph,0,0,0,none
6806,mono,0,0,0,none
6807,lymph,0,0,0,none
6808,gran,0,0,0,none
6809,lymph,0,0,1,CD4
6810,lymph,0,0,0,none
6811,lymph,0,0,1,CD8
6812,gran,0,0,0,none
6813,mono,0,0,0,none
6814,debris,0,0,0,none
6815,gran,0,0,0,none
6816,mono,0,0,0,none
6817,gran,0,0,0,none
6818,lymph,0,0,0,none
6819,gran,0,0,0,none
6820,lymph,0,0,0,none
6821,lymph,0,0,1,CD4
6822,lymph,0,0,1,CD4
6823,gran,0,0,0,none
6824,lymph,0,0,1,CD8
6825,lymph,0,0,0,none
6826,lymph,0,0,0,none
6827,mono,0,0,0,none
6828,lymph,0,0,0,none
6829,lymph,0,0,0,none
6830,gran,0,0,0,none
6831,lymph,0,0,1,CD8
6832,lymph,0,0,1,CD4
6833,lymph,1,0,1,DN
6834,lymph,0,0,1,CD4
6835,lymph,0,0,1,CD8
6836,debris,0,0,0,none
6837,debris,0,0,0,none
6838,debris,0,0,0,none
6839,gran,0,0,0,none
6840,lymph,0,0,0,none
6841,gran,0,0,0,none
6842,gran,0,0,0,none
6843,lymph,0,0,0,none
6844,lymph,0,0,1,CD4
6845,lymph,0,0,1,CD4
6846,lymph,0,0,1,CD8
6847,gran,0,0,0,none
6848,lymph,0,0,1,CD4
6849,lymph,1,0,1,CD4
6850,mono,0,1,0,none
6851,lymph,0,0,0,none
6852,mono,1,0,0,none
6853,gran,0,0,0,none
6854,lymph,0,0,0,none
6855,gran,1,0,0,none
6856,lymph,0,0,1,CD8
6857,lymph,0,0,1,CD4
6858,lymph,0,0,1,CD4
6859,lymph,0,0,0,none
6860,lymph,0,0,1,CD4
6861,lymph,0,0,1,CD8
6862,gran,0,0,0,none
6863,lymph,0,0,1,CD8
6864,lymph,0,0,1,CD8
6865,lymph,1,1,1,CD4
6866,gran,0,1,0,none
6867,lymph,0,0,1,CD4
6868,lymph,0,0,1,CD4
6869,lymph,0,1,1,CD4
6870,lymph,0,0,1,CD4
6871,mono,0,0,0,none
6872,lymph,0,0,1,CD4
6873,lymph,0,0,1,CD8
6874,mono,0,0,0,none
6875,lymph,0,0,1,CD4
6876,lymph,0,0,1,CD8
6877,mono,0,0,0,none
6878,lymph,0,0,0,none
6879,mono,0,1,0,none
6880,gran,0,0,0,none
6881,gran,0,0,0,none
6882,lymph,0,0,1,CD4
6883,lymph,0,0,0,none
6884,lymph,0,0,1,CD4
6885,gran,0,0,0,none
6886,mono,0,0,0,none
6887,lymph,0,1,1,DP
6888,gran,0,0,0,none
6889,lymph,0,0,0,none
6890,lymph,0,0,0,none
6891,lymph,0,0,1,CD4
6892,lymph,0,0,1,CD4
6893,lymph,0,0,1,CD4
6894,debris,0,0,0,none
6895,lymph,0,0,0,none
6896,debris,0,0,0,none
6897,lymph,0,0,0,none
6898,debris,0,0,0,none
6899,lymph,0,0,0,none
6900,lymph,0,0,1,CD4
6901,gran,0,0,0,none
6902,gran,0,0,0,none
6903,lymph,0,0,1,CD4
6904,debris,0,0,0,none
6905,lymph,0,0,0,none
6906,lymph,0,0,1,CD8
6907,gran,1,0,0,none
6908,gran,0,0,0,none
6909,lymph,0,0,1,CD8
6910,lymph,0,0,1,CD4
6911,lymph,0,0,0,none
6912,debris,0,0,0,none
6913,lymph,0,0,0,none
6914,gran,0,0,0,none
6915,lymph,0,0,1,CD8
6916,lymph,0,0,1,CD4
6917,mono,0,0,0,none
6918,lymph,0,0,1,CD8
6919,lymph,0,0,1,CD8
6920,lymph,0,0,0,none
6921,lymph,0,0,1,CD4
6922,gran,0,0,0,none
6923,lymph,0,0,1,CD4
6924,gran,0,0,0,none
6925,lymph,0,0,1,CD4
6926,lymph,0,0,1,DN
6927,lymph,0,0,1,CD8
6928,debris,0,0,0,none
6929,lymph,0,0,1,CD4
6930,lymph,0,0,1,CD8
6931,mono,0,0,0,none
6932,lymph,0,0,1,CD4
6933,gran,0,0,0,none
6934,lymph,0,0,0,none
6935,lymph,0,0,0,none
6936,mono,0,0,0,none
6937,lymph,0,0,1,CD4
6938,mono,0,0,0,none
6939,lymph,0,0,1,CD8
6940,lymph,0,0,1,DP
6941,lymph,0,0,1,CD4
6942,lymph,0,0,1,CD8
6943,lymph,0,0,1,CD8
6944,lymph,0,1,1,CD4
6945,mono,0,0,0,none
6946,gran,0,0,0,none
6947,lymph,0,0,1,DN
6948,lymph,1,0,1,CD4
6949,mono,0,0,0,none
6950,lymph,0,0,0,none
6951,debris,0,0,0,none
6952,mono,1,0,0,none
6953,lymph,0,0,1,CD4
6954,debris,0,0,0,none
6955,debris,0,0,0,none
6956,debris,0,0,0,none
6957,lymph,0,0,1,DN
6958,debris,0,0,0,none
6959,lymph,0,0,0,none
6960,lymph,0,0,1,CD4
6961,lymph,0,0,1,CD4
6962,lymph,0,0,1,CD4
6963,lymph,0,0,1,DN
6964,lymph,0,0,1,CD8
6965,lymph,0,0,1,CD8
6966,lymph,0,0,1,CD8
6967,lymph,0,0,1,CD8
6968,lymph,0,0,0,none
6969,debris,0,0,0,none
6970,mono,0,0,0,none
6971,mono,0,0,0,none
6972,lymph,0,0,1,DN
6973,mono,0,0,0,none
6974,gran,0,0,0,none
6975,debris,0,0,0,none
6976,lymph,0,0,1,CD4
6977,debris,0,0,0,none
6978,mono,0,0,0,none
6979,lymph,0,0,1,CD4
6980,lymph,0,0,1,CD8
6981,debris,0,0,0,none
6982,lymph,0,0,1,CD4
6983,lymph,0,0,1,CD8
6984,lymph,0,0,1,DN
6985,lymph,0,0,1,CD8
6986,lymph,0,0,0,none
6987,lymph,0,0,0,none
6988,lymph,0,0,1,DN
6989,debris,0,0,0,none
6990,lymph,0,0,1,CD8
6991,gran,0,0,0,none
6992,lymph,0,0,1,CD8
6993,lymph,1,0,1,CD8
6994,mono,0,0,0,none
6995,lymph,0,0,1,CD4
6996,gran,0,0,0,none
6997,lymph,0,0,1,CD8
6998,lymph,0,0,1,CD8
6999,lymph,0,0,0,none
7000,lymph,1,0,1,DP
7001,lymph,0,0,1,CD8
7002,debris,0,0,0,none
7003,debris,0,0,0,none
7004,lymph,0,0,0,none
7005,gran,0,0,0,none
7006,lymph,0,0,0,none
7007,lymph,0,0,1,CD8
7008,gran,0,0,0,none
7009,mono,0,0,0,none
7010,lymph,0,0,1,CD4
7011,lymph,0,0,1,CD4
7012,lymph,0,0,0,none
7013,lymph,0,0,1,CD4
7014,mono,0,0,0,none
7015,mono,0,0,0,none
7016,debris,0,0,0,none
7017,lymph,0,0,1,CD8
7018,lymph,1,0,1,DN
7019,lymph,0,0,1,CD4
7020,debris,0,0,0,none
7021,lymph,0,0,1,CD4
7022,lymph,0,0,1,CD8
7023,lymph,0,0,0,none
7024,gran,0,0,0,none
7025,debris,0,0,0,none
7026,lymph,0,0,1,CD4
7027,lymph,0,0,0,none
7028,mono,0,0,0,none
7029,gran,0,0,0,none
7030,mono,0,0,0,none
7031,lymph,0,0,1,CD4
7032,debris,0,0,0,none
7033,gran,0,0,0,none
7034,gran,0,0,0,none
7035,lymph,0,0,1,CD8
7036,gran,0,0,0,none
7037,lymph,0,0,1,CD8
7038,lymph,0,0,1,CD8
7039,lymph,0,0,0,none
7040,lymph,0,0,0,none
7041,lymph,0,0,1,CD4
7042,lymph,0,0,1,CD4
7043,lymph,0,0,1,CD4
7044,lymph,0,0,1,CD4
7045,gran,0,0,0,none
7046,lymph,0,0,0,none
7047,mono,0,0,0,none
7048,debris,0,0,0,none
7049,gran,0,0,0,none
7050,gran,0,0,0,none
7051,lymph,0,0,1,CD4
7052,lymph,0,0,1,CD4
7053,lymph,0,0,1,CD4
7054,debris,0,0,0,none
7055,lymph,0,0,1,CD4
7056,lymph,0,0,0,none
7057,lymph,0,0,1,CD8
7058,lymph,0,0,1,CD4
7059,lymph,0,0,1,CD4
7060,lymph,0,0,1,CD8
7061,lymph,0,0,1,CD4
7062,lymph,0,0,0,none
7063,lymph,0,1,1,CD4
7064,lymph,0,1,1,CD4
7065,lymph,0,0,1,CD4
7066,debris,0,0,0,none
7067,mono,0,0,0,none
7068,lymph,0,0,0,none
7069,lymph,0,0,1,CD4
7070,lymph,0,0,1,CD4
7071,lymph,0,0,1,CD8
7072,lymph,0,0,0,none
7073,gran,0,0,0,none
7074,gran,0,0,0,none
7075,mono,0,0,0,none
7076,lymph,0,0,1,CD4
7077,gran,1,0,0,none
7078,lymph,0,0,0,none
7079,gran,0,1,0,none
7080,lymph,0,0,1,CD4
7081,debris,0,0,0,none
7082,gran,0,0,0,none
7083,gran,0,0,0,none
7084,lymph,0,0,1,CD8
7085,lymph,0,0,1,CD8
7086,lymph,0,0,0,none
7087,lymph,0,0,0,none
7088,lymph,0,0,1,CD8
7089,lymph,0,0,1,CD4
7090,lymph,0,0,0,none
7091,mono,0,0,0,none
7092,gran,0,0,0,none
7093,lymph,0,0,1,CD4
7094,gran,0,0,0,none
7095,lymph,0,0,0,none
7096,debris,0,0,0,none
7097,debris,0,0,0,none
7098,lymph,0,0,1,CD8
7099,lymph,0,0,1,CD8
7100,debris,0,0,0,none
7101,debris,0,0,0,none
7102,lymph,0,1,0,none
7103,mono,1,0,0,none
7104,lymph,0,0,0,none
7105,lymph,0,0,0,none
7106,lymph,1,0,1,CD4
7107,gran,0,0,0,none
7108,gran,0,0,0,none
7109,lymph,0,0,0,none
7110,lymph,0,0,1,CD8
7111,debris,0,0,0,none
7112,lymph,0,0,1,CD4
7113,lymph,0,1,1,CD4
7114,debris,0,0,0,none
7115,debris,0,0,0,none
7116,mono,0,0,0,none
7117,lymph,0,0,0,none
7118,lymph,0,0,1,DN
7119,lymph,0,0,1,CD8
7120,debris,0,0,0,none
7121,lymph,0,0,0,none
7122,lymph,0,0,1,CD4
7123,lymph,0,0,1,CD8
7124,lymph,0,0,1,CD8
7125,lymph,0,0,1,CD4
7126,mono,0,0,0,none
7127,lymph,0,0,1,DN
7128,lymph,0,0,1,CD4
7129,lymph,0,0,1,CD8
7130,mono,0,0,0,none
7131,gran,0,0,0,none
7132,gran,1,1,0,none
7133,lymph,0,1,1,CD4
7134,gran,0,0,0,none
7135,mono,0,0,0,none
7136,debris,0,0,0,none
7137,gran,0,0,0,none
7138,lymph,0,0,0,none
7139,lymph,1,0,0,none
7140,lymph,0,0,1,CD4
7141,debris,0,0,0,none
7142,lymph,0,0,0,none
7143,lymph,0,0,1,CD4
7144,gran,0,0,0,none
7145,lymph,0,0,1,CD4
7146,debris,0,0,0,none
7147,debris,0,0,0,none
7148,gran,0,0,0,none
7149,gran,0,1,0,none
7150,lymph,0,0,1,CD4
7151,lymph,0,1,1,CD4
7152,gran,0,0,0,none
7153,lymph,0,0,1,CD4
7154,lymph,0,0,1,CD8
7155,lymph,0,0,1,CD4
7156,lymph,1,0,1,CD4
7157,lymph,0,0,1,CD4
7158,debris,0,0,0,none
7159,debris,0,0,0,none
7160,lymph,0,0,1,CD4
7161,gran,0,0,0,none
7162,lymph,0,1,0,none
7163,lymph,0,0,0,none
7164,mono,0,0,0,none
7165,mono,0,0,0,none
7166,gran,0,1,0,none
7167,lymph,0,0,1,CD4
7168,lymph,0,0,1,CD8
7169,lymph,0,0,1,DP
7170,lymph,0,0,1,CD4
7171,lymph,0,0,1,CD4
7172,lymph,0,0,1,CD4
7173,lymph,0,0,1,CD4
7174,debris,0,0,0,none
7175,lymph,0,0,0,none
7176,lymph,0,0,1,CD4
7177,mono,1,0,0,none
7178,lymph,0,0,1,CD4
7179,gran,0,0,0,none
7180,lymph,0,0,0,none
7181,mono,0,0,0,none
7182,lymph,0,0,0,none
7183,mono,1,0,0,none
7184,gran,0,0,0,none
7185,mono,0,0,0,none
7186,debris,0,0,0,none
7187,mono,0,0,0,none
7188,lymph,1,0,0,none
7189,lymph,0,0,1,DN
7190,lymph,0,0,1,CD8
7191,lymph,0,0,0,none
7192,lymph,0,0,1,CD8
7193,lymph,0,0,1,CD8
7194,lymph,0,0,1,DP
7195,gran,0,0,0,none
7196,lymph,0,0,1,CD8
7197,debris,0,0,0,none
7198,lymph,0,1,1,CD8
7199,lymph,0,0,1,CD8
7200,lymph,0,1,1,CD8
7201,mono,0,0,0,none
7202,lymph,0,0,1,CD4
7203,debris,0,0,0,none
7204,lymph,1,0,1,CD8
7205,debris,0,0,0,none
7206,gran,0,0,0,none
7207,lymph,0,0,0,none
7208,lymph,0,0,1,CD4
7209,lymph,0,0,1,CD8
7210,gran,0,0,0,none
7211,mono,0,0,0,none
7212,lymph,0,0,1,CD4
7213,gran,0,0,0,none
7214,lymph,0,0,0,none
7215,lymph,0,1,1,CD4
7216,mono,0,0,0,none
7217,lymph,0,0,0,none
7218,lymph,0,0,0,none
7219,lymph,0,0,1,CD8
7220,debris,0,0,0,none
7221,debris,0,0,0,none
7222,mono,0,0,0,none
7223,gran,0,0,0,none
7224,lymph,0,0,1,DP
7225,debris,0,0,0,none
7226,lymph,0,0,1,CD4
7227,gran,0,0,0,none
7228,gran,0,0,0,none
7229,lymph,0,0,1,CD8
7230,mono,0,0,0,none
7231,gran,0,0,0,none
7232,lymph,0,0,0,none
7233,lymph,0,0,1,CD4
7234,lymph,0,0,0,none
7235,lymph,0,0,0,none
7236,lymph,0,0,0,none
7237,mono,0,0,0,none
7238,lymph,0,0,1,CD4
7239,gran,0,0,0,none
7240,mono,0,0,0,none
7241,lymph,0,0,1,CD8
7242,lymph,0,0,1,DN
7243,gran,0,0,0,none
7244,lymph,0,0,0,none
7245,debris,0,0,0,none
7246,gran,0,0,0,none
7247,mono,1,0,0,none
7248,lymph,0,0,1,CD4
7249,lymph,0,0,1,CD8
7250,lymph,0,0,1,CD4
7251,lymph,0,0,1,CD4
7252,mono,0,0,0,none
7253,lymph,0,0,1,CD4
7254,lymph,0,0,1,CD4
7255,lymph,0,0,0,none
7256,lymph,0,0,1,CD8
7257,debris,0,0,0,none
7258,mono,0,0,0,none
7259,debris,0,0,0,none
7260,mono,0,0,0,none
7261,mono,0,0,0,none
7262,gran,0,0,0,none
7263,gran,0,0,0,none
7264,lymph,0,0,1,CD4
7265,lymph,0,0,0,none
7266,lymph,0,0,1,CD4
7267,mono,0,0,0,none
7268,lymph,0,0,0,none
7269,debris,0,0,0,none
7270,lymph,0,0,1,CD4
7271,mono,1,0,0,none
7272,lymph,0,0,1,CD4
7273,gran,0,1,0,none
7274,lymph,0,0,0,none
7275,lymph,0,0,1,CD4
7276,lymph,0,0,0,none
7277,gran,0,0,0,none
7278,lymph,0,1,1,DN
7279,lymph,0,0,1,CD4
7280,debris,0,0,0,none
7281,gran,0,0,0,none
7282,lymph,0,0,1,CD4
7283,lymph,0,0,0,none
7284,gran,0,0,0,none
7285,lymph,0,0,1,CD4
7286,lymph,0,0,1,CD4
7287,lymph,0,0,1,CD8
7288,debris,0,0,0,none
7289,lymph,0,0,1,CD4
7290,lymph,0,0,1,CD8
7291,debris,0,0,0,none
7292,lymph,0,0,1,CD8
7293,mono,0,0,0,none
7294,lymph,0,0,1,CD8
7295,lymph,0,0,1,CD4
7296,lymph,0,0,1,CD8
7297,lymph,0,0,1,DN
7298,debris,0,0,0,none
7299,lymph,0,0,1,CD4
7300,lymph,0,0,1,CD8
7301,lymph,0,0,1,CD8
7302,lymph,0,0,1,CD8
7303,lymph,0,0,1,CD4
7304,gran,0,0,0,none
7305,lymph,0,0,1,CD4
7306,mono,0,0,0,none
7307,gran,0,0,0,none
7308,gran,0,0,0,none
7309,debris,0,0,0,none
7310,lymph,0,1,1,CD4
7311,lymph,0,0,1,CD8
7312,lymph,0,0,1,CD4
7313,lymph,0,0,0,none
7314,mono,0,0,0,none
7315,mono,0,1,0,none
7316,lymph,0,0,1,CD4
7317,debris,0,0,0,none
7318,gran,0,0,0,none
7319,lymph,0,0,1,CD8
7320,gran,0,0,0,none
7321,lymph,1,0,1,CD4
7322,lymph,1,0,1,CD8
7323,gran,0,0,0,none
7324,lymph,0,0,1,CD4
7325,lymph,0,0,0,none
7326,lymph,0,0,0,none
7327,gran,0,0,0,none
7328,lymph,0,0,0,none
7329,lymph,1,0,1,CD4
7330,mono,0,0,0,none
7331,lymph,0,0,1,CD4
7332,debris,0,0,0,none
7333,lymph,1,0,1,CD8
7334,lymph,1,0,1,CD4
7335,gran,0,0,0,none
7336,lymph,0,0,0,none
7337,lymph,0,0,0,none
7338,debris,0,0,0,none
7339,debris,0,0,0,none
7340,lymph,0,0,1,CD8
7341,lymph,0,0,0,none
7342,gran,0,0,0,none
7343,lymph,0,0,1,CD4
7344,lymph,0,0,0,none
7345,lymph,0,0,1,DP
7346,gran,0,0,0,none
7347,gran,0,0,0,none
7348,lymph,0,0,1,DN
7349,lymph,0,0,0,none
7350,lymph,1,0,0,none
7351,lymph,0,0,0,none
7352,gran,0,0,0,none
7353,mono,0,0,0,none
7354,lymph,0,0,1,CD4
7355,lymph,0,0,1,CD4
7356,debris,0,0,0,none
7357,lymph,0,0,1,CD4
7358,lymph,0,0,1,CD4
7359,lymph,0,0,1,CD8
7360,lymph,0,1,1,CD8
7361,mono,0,0,0,none
7362,lymph,1,0,1,DP
7363,lymph,0,0,0,none
7364,gran,0,0,0,none
7365,lymph,0,0,1,CD4
7366,mono,0,0,0,none
7367,lymph,0,0,1,CD8
7368,lymph,0,0,1,CD8
7369,lymph,0,0,1,CD4
7370,lymph,1,0,0,none
7371,lymph,0,0,0,none
7372,gran,0,0,0,none
7373,debris,0,0,0,none
7374,lymph,0,0,1,CD4
7375,lymph,0,1,0,none
7376,lymph,0,0,1,CD4
7377,debris,0,0,0,none
7378,lymph,0,0,1,CD8
7379,lymph,0,0,1,CD4
7380,lymph,0,0,1,CD8
7381,mono,0,0,0,none
7382,mono,0,0,0,none
7383,debris,0,0,0,none
7384,lymph,0,0,1,CD8
7385,lymph,0,0,1,CD4
7386,lymph,0,0,1,CD4
7387,debris,0,0,0,none
7388,lymph,0,0,1,CD4
7389,mono,0,0,0,none
7390,lymph,0,0,1,CD8
7391,gran,0,0,0,none
7392,gran,0,0,0,none
7393,lymph,0,1,1,CD8
7394,mono,1,0,0,none
7395,lymph,0,0,0,none
7396,debris,0,0,0,none
7397,lymph,0,0,1,CD4
7398,lymph,0,0,0,none
7399,lymph,0,0,1,CD8
7400,lymph,0,0,1,CD4
7401,lymph,0,0,1,CD8
7402,lymph,0,1,1,DN
7403,lymph,0,0,1,CD8
7404,lymph,0,0,1,CD8
7405,lymph,0,1,0,none
7406,lymph,0,1,1,CD4
7407,lymph,0,0,1,CD8
7408,lymph,0,0,1,CD8
7409,lymph,0,0,1,CD4
7410,lymph,0,0,1,CD8
7411,lymph,0,0,1,CD8
7412,lymph,0,0,0,none
7413,gran,0,1,0,none
7414,lymph,0,0,1,CD4
7415,lymph,0,0,1,DN
7416,lymph,1,0,0,none
7417,lymph,0,0,1,CD8
7418,gran,0,0,0,none
7419,lymph,1,0,0,none
7420,lymph,0,0,0,none
7421,lymph,1,0,0,none
7422,lymph,0,0,1,CD4
7423,debris,0,0,0,none
7424,lymph,0,0,0,none
7425,lymph,1,0,0,none
7426,gran,0,0,0,none
7427,gran,1,0,0,none
7428,lymph,0,0,1,CD8
7429,lymph,1,0,1,CD4
7430,lymph,0,0,0,none
7431,lymph,0,0,1,CD8
7432,lymph,0,0,0,none
7433,debris,0,0,0,none
7434,lymph,0,0,0,none
7435,lymph,0,0,1,CD4
7436,lymph,0,0,1,CD4
7437,lymph,0,0,0,none
7438,lymph,0,0,0,none
7439,lymph,0,0,0,none
7440,debris,0,0,0,none
7441,mono,0,0,0,none
7442,gran,0,0,0,none
7443,lymph,0,0,1,DN
7444,gran,0,0,0,none
7445,lymph,0,0,0,none
7446,lymph,0,0,1,CD4
7447,gran,0,0,0,none
7448,mono,0,1,0,none
7449,lymph,0,0,1,CD4
7450,gran,1,0,0,none
7451,lymph,0,0,0,none
7452,debris,0,0,0,none
7453,lymph,0,0,1,CD8
7454,lymph,0,0,1,CD4
7455,lymph,0,0,1,CD4
7456,lymph,0,0,1,CD4
7457,lymph,0,0,0,none
7458,lymph,0,0,1,CD4
7459,mono,0,0,0,none
7460,debris,0,0,0,none
7461,lymph,0,1,0,none
7462,mono,0,0,0,none
7463,lymph,0,0,1,CD4
7464,lymph,1,0,1,CD8
7465,gran,0,1,0,none
7466,lymph,0,0,1,CD8
7467,lymph,0,1,1,CD8
7468,lymph,0,0,1,CD8
7469,lymph,0,0,1,CD4
7470,gran,0,0,0,none
7471,lymph,0,1,0,none
7472,debris,0,0,0,none
7473,lymph,0,0,1,CD4
7474,lymph,0,0,1,CD4
7475,lymph,0,0,1,CD4
7476,lymph,0,0,0,none
7477,gran,0,0,0,none
7478,lymph,0,0,1,CD4
7479,lymph,0,0,1,DN
7480,lymph,0,0,0,none
7481,lymph,0,0,1,CD8
7482,lymph,0,0,1,CD4
7483,debris,0,0,0,none
7484,mono,0,0,0,none
7485,gran,0,0,0,none
7486,debris,0,0,0,none
7487,lymph,0,0,1,CD4
7488,gran,0,0,0,none
7489,gran,0,0,0,none
7490,mono,1,0,0,none
7491,lymph,0,0,1,DN
7492,lymph,0,0,1,CD4
7493,debris,0,0,0,none
7494,gran,0,0,0,none
7495,lymph,1,0,0,none
7496,lymph,0,0,1,CD4
7497,lymph,0,0,1,CD4
7498,gran,0,0,0,none
7499,debris,0,0,0,none
7500,lymph,0,0,0,none
7501,gran,1,0,0,none
7502,lymph,1,0,1,DN
7503,lymph,0,0,1,DN
7504,lymph,0,0,1,DN
7505,lymph,0,0,1,CD4
7506,lymph,0,0,1,CD8
7507,lymph,0,0,1,DN
7508,debris,0,0,0,none
7509,lymph,0,0,1,CD8
7510,lymph,0,0,1,CD4
7511,debris,0,0,0,none
7512,lymph,0,0,0,none
7513,lymph,0,0,1,CD8
7514,gran,0,0,0,none
7515,lymph,1,0,0,none
7516,mono,0,0,0,none
7517,gran,0,0,0,none
7518,gran,0,0,0,none
7519,lymph,0,0,0,none
7520,mono,0,0,0,none
7521,debris,0,0,0,none
7522,lymph,0,0,1,CD4
7523,gran,0,0,0,none
7524,lymph,0,0,0,none
7525,lymph,0,0,1,CD8
7526,debris,0,0,0,none
7527,lymph,0,0,1,CD4
7528,lymph,0,0,1,DN
7529,lymph,0,0,1,CD4
7530,lymph,0,0,1,CD4
7531,lymph,1,0,1,DP
7532,gran,0,0,0,none
7533,lymph,0,0,0,none
7534,lymph,1,0,0,none
7535,lymph,0,0,0,none
7536,lymph,0,0,1,CD8
7537,gran,0,0,0,none
7538,lymph,0,0,1,CD8
7539,lymph,0,0,1,CD8
7540,lymph,0,0,1,CD4
7541,lymph,0,0,1,CD4
7542,lymph,0,0,0,none
7543,lymph,0,0,0,none
7544,lymph,1,0,1,CD8
7545,mono,0,0,0,none
7546,gran,0,0,0,none
7547,debris,0,0,0,none
7548,mono,0,0,0,none
7549,lymph,0,0,1,CD4
7550,mono,1,0,0,none
7551,lymph,0,0,1,CD4
7552,lymph,0,1,1,CD4
7553,debris,0,0,0,none
7554,lymph,0,0,1,DN
7555,debris,0,0,0,none
7556,lymph,0,0,0,none
7557,gran,0,0,0,none
7558,gran,0,0,0,none
7559,lymph,0,0,1,CD4
7560,debris,0,0,0,none
7561,gran,1,0,0,none
7562,lymph,0,0,1,DN
7563,gran,0,0,0,none
7564,lymph,0,0,1,CD8
7565,mono,0,0,0,none
7566,lymph,0,0,0,none
7567,lymph,0,0,1,CD8
7568,lymph,0,0,1,DN
7569,gran,0,0,0,none
7570,lymph,0,0,0,none
7571,debris,0,0,0,none
7572,gran,0,1,0,none
7573,lymph,0,0,1,CD8
7574,lymph,0,0,1,CD8
7575,lymph,0,0,0,none
7576,mono,0,0,0,none
7577,mono,0,0,0,none
7578,lymph,0,0,0,none
7579,gran,0,0,0,none
7580,debris,0,0,0,none
7581,gran,0,0,0,none
7582,lymph,0,0,1,CD4
7583,lymph,0,0,1,CD8
7584,lymph,0,0,1,CD4
7585,lymph,0,0,1,CD8
7586,gran,0,0,0,none
7587,mono,0,0,0,none
7588,gran,0,0,0,none
7589,gran,0,0,0,none
7590,lymph,0,0,1,CD4
7591,lymph,0,0,1,CD4
7592,lymph,0,0,0,none
7593,mono,0,0,0,none
7594,debris,0,0,0,none
7595,lymph,0,0,1,CD4
7596,gran,0,0,0,none
7597,lymph,0,1,1,CD4
7598,lymph,0,1,1,CD8
7599,lymph,0,0,0,none
7600,debris,0,0,0,none
7601,lymph,0,0,1,DN
7602,lymph,0,0,1,CD4
7603,mono,0,0,0,none
7604,lymph,0,0,1,CD8
7605,gran,0,0,0,none
7606,lymph,0,0,1,CD8
7607,lymph,0,0,1,CD4
7608,lymph,0,0,1,DN
7609,lymph,0,0,1,CD4
7610,gran,0,0,0,none
7611,mono,0,0,0,none
7612,mono,0,0,0,none
7613,mono,0,0,0,none
7614,lymph,0,0,0,none
7615,lymph,0,0,1,CD8
7616,lymph,0,0,1,CD8
7617,mono,0,0,0,none
7618,lymph,0,0,1,CD8
7619,lymph,0,0,0,none
7620,lymph,0,0,1,CD8
7621,lymph,0,0,0,none
7622,lymph,0,0,1,CD8
7623,lymph,0,0,1,CD4
7624,lymph,0,1,1,CD4
7625,lymph,0,0,1,CD4
7626,lymph,0,1,1,CD4
7627,lymph,0,0,1,CD4
7628,gran,0,0,0,none
7629,gran,0,0,0,none
7630,lymph,0,0,0,none
7631,lymph,1,0,1,CD4
7632,lymph,0,0,0,none
7633,lymph,0,0,1,CD8
7634,mono,0,0,0,none
7635,mono,1,0,0,none
7636,mono,0,0,0,none
7637,lymph,0,0,1,CD8
7638,lymph,0,1,1,CD4
7639,mono,0,0,0,none
7640,lymph,0,0,1,CD4
7641,gran,0,0,0,none
7642,lymph,0,0,1,DN
7643,lymph,0,0,1,CD4
7644,lymph,0,0,1,CD4
7645,mono,0,0,0,none
7646,lymph,0,0,1,CD4
7647,lymph,0,0,0,none
7648,mono,0,0,0,none
7649,mono,0,0,0,none
7650,lymph,0,0,1,CD8
7651,lymph,0,0,1,DP
7652,lymph,0,0,1,CD4
7653,debris,0,0,0,none
7654,lymph,0,0,1,CD4
7655,lymph,0,1,0,none
7656,lymph,0,0,1,CD4
7657,lymph,0,0,1,CD4
7658,lymph,0,0,1,CD8
7659,lymph,0,0,0,none
7660,lymph,0,0,0,none
7661,lymph,1,0,1,CD4
7662,lymph,0,0,1,CD8
7663,gran,0,0,0,none
7664,gran,0,0,0,none
7665,mono,0,0,0,none
7666,mono,0,0,0,none
7667,gran,0,0,0,none
7668,gran,0,0,0,none
7669,lymph,0,0,1,CD4
7670,lymph,0,0,0,none
7671,debris,0,0,0,none
7672,lymph,0,0,1,CD4
7673,lymph,0,0,1,CD4
7674,lymph,1,1,1,CD4
7675,lymph,0,0,1,CD4
7676,gran,0,0,0,none
7677,lymph,0,0,0,none
7678,lymph,1,0,1,CD4
7679,mono,0,0,0,none
7680,lymph,0,0,1,CD4
7681,debris,0,0,0,none
7682,lymph,0,0,1,DN
7683,lymph,0,0,1,DN
7684,lymph,0,0,0,none
7685,lymph,0,0,1,CD4
7686,mono,0,0,0,none
7687,gran,0,0,0,none
7688,debris,0,0,0,none
7689,lymph,0,0,1,CD8
7690,lymph,0,0,1,CD4
7691,gran,0,0,0,none
7692,gran,1,0,0,none
7693,lymph,0,0,0,none
7694,lymph,0,0,0,none
7695,lymph,0,0,1,CD8
7696,lymph,0,0,1,CD4
7697,gran,0,0,0,none
7698,lymph,0,0,1,CD4
7699,mono,0,0,0,none
7700,debris,0,0,0,none
7701,debris,0,0,0,none
7702,gran,0,0,0,none
7703,lymph,0,0,1,CD8
7704,lymph,0,0,0,none
7705,lymph,0,0,0,none
7706,lymph,0,0,1,CD4
7707,debris,0,0,0,none
7708,lymph,0,0,0,none
7709,lymph,0,0,1,CD8
7710,lymph,0,0,1,CD8
7711,lymph,0,0,0,none
7712,lymph,0,0,1,CD4
7713,lymph,0,0,1,CD8
7714,lymph,0,1,1,DN
7715,gran,0,0,0,none
7716,lymph,0,0,0,none
7717,lymph,0,0,1,CD4
7718,gran,0,0,0,none
7719,lymph,0,0,0,none
7720,debris,0,0,0,none
7721,lymph,0,0,1,CD4
7722,lymph,0,0,0,none
7723,mono,0,0,0,none
7724,lymph,1,0,0,none
7725,lymph,0,0,1,CD4
7726,lymph,0,0,1,CD4
7727,lymph,0,0,1,CD8
7728,mono,0,0,0,none
7729,gran,0,0,0,none
7730,lymph,0,0,1,CD8
7731,mono,0,0,0,none
7732,lymph,0,1,0,none
7733,lymph,0,0,0,none
7734,debris,0,0,0,none
7735,mono,0,0,0,none
7736,mono,0,0,0,none
7737,lymph,0,0,1,CD8
7738,debris,0,0,0,none
7739,lymph,0,0,1,CD8
7740,gran,0,0,0,none
7741,debris,0,0,0,none
7742,lymph,0,0,0,none
7743,lymph,0,0,0,none
7744,lymph,0,0,1,CD4
7745,lymph,0,1,0,none
7746,gran,0,0,0,none
7747,lymph,0,0,1,DN
7748,lymph,0,0,1,CD4
7749,lymph,0,0,1,CD4
7750,debris,0,0,0,none
7751,mono,1,0,0,none
7752,lymph,0,0,1,CD4
7753,lymph,1,0,1,DN
7754,lymph,0,0,1,CD4
7755,lymph,1,0,0,none
7756,lymph,0,0,1,CD4
7757,gran,0,0,0,none
7758,mono,0,0,0,none
7759,mono,0,1,0,none
7760,gran,0,0,0,none
7761,lymph,0,0,1,CD4
7762,lymph,0,0,0,none
7763,lymph,0,0,1,CD8
7764,mono,1,0,0,none
7765,lymph,0,1,1,CD8
7766,lymph,0,0,1,CD8
7767,gran,0,0,0,none
7768,lymph,0,0,0,none
7769,lymph,0,0,1,CD4
7770,gran,0,0,0,none
7771,gran,0,0,0,none
7772,mono,0,0,0,none
7773,lymph,0,0,1,CD4
7774,lymph,0,0,1,CD8
7775,gran,0,0,0,none
7776,mono,0,0,0,none
7777,gran,1,0,0,none
7778,lymph,0,1,0,none
7779,debris,0,0,0,none
7780,gran,0,0,0,none
7781,gran,0,0,0,none
7782,lymph,0,0,0,none
7783,lymph,0,0,1,CD8
7784,lymph,0,1,1,CD4
7785,mono,0,0,0,none
7786,gran,0,0,0,none
7787,lymph,0,0,1,DP
7788,gran,0,0,0,none
7789,debris,0,0,0,none
7790,gran,0,0,0,none
7791,lymph,0,0,0,none
7792,lymph,0,0,0,none
7793,mono,0,0,0,none
7794,gran,1,0,0,none
7795,gran,0,0,0,none
7796,lymph,1,0,1,CD8
7797,lymph,0,0,1,CD8
7798,lymph,0,0,1,CD8
7799,lymph,0,0,1,CD4
7800,gran,0,0,0,none
7801,lymph,0,0,0,none
7802,mono,0,0,0,none
7803,lymph,0,0,1,CD4
7804,lymph,0,0,0,none
7805,gran,0,1,0,none
7806,debris,0,0,0,none
7807,gran,0,0,0,none
7808,lymph,0,0,1,CD4
7809,gran,0,0,0,none
7810,lymph,0,0,1,CD4
7811,lymph,0,0,0,none
7812,lymph,0,0,1,CD8
7813,lymph,0,0,1,CD4
7814,lymph,0,0,1,CD8
7815,debris,0,0,0,none
7816,lymph,0,0,1,CD4
7817,lymph,0,0,0,none
7818,lymph,0,0,0,none
7819,lymph,0,0,1,CD8
7820,lymph,0,0,1,CD4
7821,lymph,0,0,0,none
7822,mono,0,0,0,none
7823,debris,0,0,0,none
7824,lymph,0,0,1,CD4
7825,gran,0,0,0,none
7826,mono,0,0,0,none
7827,gran,0,0,0,none
7828,lymph,0,0,1,CD4
7829,lymph,0,0,1,CD4
7830,gran,0,0,0,none
7831,lymph,1,0,1,CD4
7832,lymph,0,0,1,CD8
7833,lymph,0,0,1,CD4
7834,lymph,0,0,1,CD4
7835,mono,1,0,0,none
7836,debris,0,0,0,none
7837,mono,0,0,0,none
7838,gran,0,0,0,none
7839,lymph,0,0,1,CD8
7840,lymph,1,0,0,none
7841,gran,0,0,0,none
7842,gran,0,0,0,none
7843,lymph,1,0,0,none
7844,mono,0,0,0,none
7845,mono,0,0,0,none
7846,lymph,0,0,1,CD4
7847,debris,0,0,0,none
7848,mono,0,0,0,none
7849,mono,0,0,0,none
7850,lymph,0,0,0,none
7851,lymph,0,0,1,CD8
7852,debris,0,0,0,none
7853,mono,1,0,0,none
7854,lymph,0,0,1,CD4
7855,debris,0,0,0,none
7856,lymph,0,0,1,CD4
7857,debris,0,0,0,none
7858,lymph,0,0,1,CD8
7859,lymph,0,0,1,CD8
7860,lymph,0,0,0,none
7861,lymph,0,0,1,CD8
7862,gran,0,0,0,none
7863,lymph,0,0,0,none
7864,lymph,1,0,1,DN
7865,gran,0,0,0,none
7866,debris,0,0,0,none
7867,lymph,0,0,0,none
7868,lymph,0,0,1,CD4
7869,mono,0,0,0,none
7870,debris,0,0,0,none
7871,lymph,0,0,1,CD4
7872,mono,0,0,0,none
7873,gran,0,0,0,none
7874,gran,0,1,0,none
7875,lymph,0,1,0,none
7876,lymph,0,0,1,CD8
7877,lymph,0,0,1,CD8
7878,lymph,0,0,1,CD4
7879,gran,1,0,0,none
7880,mono,0,0,0,none
7881,lymph,0,0,0,none
7882,mono,0,0,0,none
7883,lymph,0,0,1,CD8
7884,lymph,0,0,1,CD8
7885,gran,0,0,0,none
7886,lymph,0,0,0,none
7887,gran,0,0,0,none
7888,lymph,0,0,1,CD8
7889,mono,0,0,0,none
7890,mono,0,0,0,none
7891,mono,0,0,0,none
7892,lymph,0,0,1,CD4
7893,mono,0,1,0,none
7894,mono,0,0,0,none
7895,lymph,0,0,1,CD4
7896,lymph,0,0,1,CD8
7897,lymph,1,0,0,none
7898,lymph,0,0,0,none
7899,debris,0,0,0,none
7900,lymph,0,0,0,none
7901,lymph,0,0,0,none
7902,debris,0,0,0,none
7903,gran,0,0,0,none
7904,mono,0,0,0,none
7905,lymph,0,0,1,CD8
7906,lymph,0,0,1,CD8
7907,lymph,0,0,1,CD8
7908,debris,0,0,0,none
7909,lymph,0,0,1,CD4
7910,gran,0,0,0,none
7911,lymph,0,0,0,none
7912,mono,0,0,0,none
7913,gran,0,0,0,none
7914,gran,0,0,0,none
7915,lymph,1,0,1,CD4
7916,debris,0,0,0,none
7917,gran,0,0,0,none
7918,debris,0,0,0,none
7919,lymph,0,0,1,CD8
7920,lymph,0,0,1,CD8
7921,lymph,0,0,1,CD4
7922,lymph,0,0,1,CD8
7923,lymph,0,0,1,CD8
7924,lymph,0,0,1,CD4
7925,gran,0,0,0,none
7926,mono,0,0,0,none
7927,mono,1,0,0,none
7928,mono,1,0,0,none
7929,gran,1,0,0,none
7930,lymph,0,0,1,CD4
7931,lymph,0,0,1,CD8
7932,mono,0,0,0,none
7933,lymph,0,0,1,CD4
7934,mono,0,0,0,none
7935,gran,0,0,0,none
7936,lymph,0,0,1,CD4
7937,lymph,0,1,1,CD8
7938,mono,0,0,0,none
7939,lymph,1,0,1,CD4
7940,lymph,0,0,1,CD8
7941,lymph,0,0,1,CD8
7942,gran,0,0,0,none
7943,gran,0,0,0,none
7944,gran,0,0,0,none
7945,debris,0,0,0,none
7946,lymph,1,0,0,none
7947,debris,0,0,0,none
7948,lymph,0,0,1,CD8
7949,gran,0,0,0,none
7950,lymph,0,0,0,none
7951,gran,0,0,0,none
7952,gran,0,0,0,none
7953,gran,0,0,0,none
7954,lymph,0,0,1,CD4
7955,lymph,0,0,1,DN
7956,lymph,0,0,0,none
7957,lymph,0,0,0,none
7958,mono,0,0,0,none
7959,lymph,0,0,0,none
7960,lymph,0,0,1,CD4
7961,gran,0,0,0,none
7962,debris,0,0,0,none
7963,gran,0,0,0,none
7964,lymph,0,0,0,none
7965,lymph,0,0,1,CD4
7966,mono,0,0,0,none
7967,mono,0,0,0,none
7968,lymph,0,0,1,CD4
7969,lymph,0,0,1,CD4
7970,lymph,0,0,1,CD8
7971,lymph,0,0,1,CD8
7972,lymph,0,0,1,CD8
7973,lymph,0,0,1,CD4
7974,gran,0,0,0,none
7975,lymph,0,1,0,none
7976,lymph,0,0,1,CD8
7977,gran,0,0,0,none
7978,lymph,0,0,1,CD4
7979,gran,0,1,0,none
7980,lymph,0,0,1,CD8
7981,gran,0,0,0,none
7982,gran,0,0,0,none
7983,lymph,1,0,1,CD4
7984,lymph,0,0,1,DN
7985,lymph,0,0,0,none
7986,debris,0,0,0,none
7987,gran,0,0,0,none
7988,mono,0,0,0,none
7989,mono,0,0,0,none
7990,gran,0,0,0,none
7991,lymph,0,0,1,DN
7992,lymph,0,0,1,CD8
7993,lymph,0,0,1,CD4
7994,lymph,0,0,1,CD8
7995,debris,0,0,0,none
7996,lymph,0,0,1,CD4
7997,lymph,0,0,0,none
7998,lymph,0,0,0,none
7999,lymph,0,1,0,none
8000,gran,0,0,0,none
8001,mono,0,0,0,none
8002,lymph,0,0,1,CD4
8003,lymph,0,0,1,CD8
8004,gran,1,0,0,none
8005,lymph,0,0,1,CD8
8006,lymph,0,0,0,none
8007,lymph,0,0,1,CD8
8008,lymph,0,0,0,none
8009,lymph,0,0,0,none
8010,lymph,1,0,1,CD4
8011,gran,0,0,0,none
8012,lymph,0,1,0,none
8013,gran,0,0,0,none
8014,lymph,0,0,1,CD4
8015,lymph,0,0,1,CD8
8016,lymph,0,0,1,CD4
8017,mono,0,0,0,none
8018,debris,0,0,0,none
8019,gran,1,0,0,none
8020,lymph,0,0,0,none
8021,lymph,0,0,1,CD4
8022,lymph,0,0,0,none
8023,lymph,0,0,0,none
8024,lymph,0,0,0,none
8025,mono,0,0,0,none
8026,mono,0,0,0,none
8027,lymph,0,0,0,none
8028,lymph,0,1,1,CD4
8029,lymph,0,0,1,CD4
8030,lymph,0,0,1,DN
8031,gran,0,0,0,none
8032,mono,0,0,0,none
8033,lymph,0,0,1,CD4
8034,lymph,0,1,0,none
8035,gran,0,0,0,none
8036,mono,0,0,0,none
8037,lymph,0,0,1,CD4
8038,lymph,0,0,1,CD4
8039,gran,1,0,0,none
8040,gran,0,0,0,none
8041,gran,0,0,0,none
8042,lymph,0,0,1,CD8
8043,gran,0,0,0,none
8044,debris,0,0,0,none
8045,lymph,0,0,1,CD4
8046,mono,0,0,0,none
8047,lymph,0,0,1,CD4
8048,lymph,0,0,1,CD4
8049,lymph,0,0,1,CD8
8050,debris,0,0,0,none
8051,gran,0,0,0,none
8052,mono,0,0,0,none
8053,debris,0,0,0,none
8054,lymph,0,1,1,CD8
8055,lymph,0,0,1,CD8
8056,gran,0,0,0,none
8057,lymph,0,0,0,none
8058,debris,0,0,0,none
8059,gran,0,0,0,none
8060,lymph,0,1,1,CD8
8061,lymph,0,0,1,CD4
8062,lymph,0,0,1,CD4
8063,mono,0,0,0,none
8064,lymph,0,0,1,CD4
8065,mono,0,0,0,none
8066,lymph,0,0,1,CD4
8067,gran,0,0,0,none
8068,lymph,0,0,0,none
8069,debris,0,0,0,none
8070,lymph,0,0,1,CD4
8071,gran,0,0,0,none
8072,lymph,0,0,1,DN
8073,gran,0,0,0,none
8074,mono,0,0,0,none
8075,debris,0,0,0,none
8076,lymph,0,0,1,CD8
8077,mono,0,0,0,none
8078,lymph,0,0,1,CD4
8079,lymph,0,0,0,none
8080,lymph,0,0,1,CD4
8081,lymph,0,0,1,CD8
8082,gran,0,0,0,none
8083,mono,0,0,0,none
8084,lymph,0,0,1,CD8
8085,lymph,0,0,1,CD8
8086,lymph,0,0,0,none
8087,gran,0,0,0,none
8088,gran,0,0,0,none
8089,debris,0,0,0,none
8090,lymph,0,0,1,CD4
8091,lymph,0,0,1,CD8
8092,gran,0,0,0,none
8093,lymph,0,0,0,none
8094,lymph,0,0,0,none
8095,mono,0,0,0,none
8096,lymph,0,0,1,CD4
8097,lymph,0,0,1,CD4
8098,lymph,0,0,0,none
8099,lymph,0,0,0,none
8100,mono,0,0,0,none
8101,lymph,0,0,0,none
8102,lymph,0,0,1,CD8
8103,mono,0,0,0,none
8104,lymph,0,0,1,CD4
8105,debris,0,0,0,none
8106,debris,0,0,0,none
8107,lymph,1,0,0,none
8108,gran,0,0,0,none
8109,debris,0,0,0,none
8110,gran,0,0,0,none
8111,lymph,0,0,1,CD4
8112,lymph,0,0,1,CD4
8113,lymph,0,0,1,CD4
8114,gran,0,0,0,none
8115,lymph,0,0,1,CD8
8116,lymph,0,0,0,none
8117,debris,0,0,0,none
8118,lymph,0,0,1,CD4
8119,gran,0,0,0,none
8120,lymph,0,0,1,CD4
8121,mono,0,0,0,none
8122,debris,0,0,0,none
8123,gran,0,0,0,none
8124,mono,0,0,0,none
8125,lymph,0,0,0,none
8126,gran,0,0,0,none
8127,lymph,0,0,1,CD8
8128,lymph,0,0,0,none
8129,lymph,0,0,1,CD4
8130,lymph,0,0,1,CD4
8131,gran,0,0,0,none
8132,gran,1,0,0,none
8133,lymph,0,0,0,none
8134,lymph,0,0,0,none
8135,debris,0,0,0,none
8136,lymph,0,0,0,none
8137,gran,0,0,0,none
8138,lymph,0,0,0,none
8139,lymph,0,0,1,CD4
8140,debris,0,0,0,none
8141,lymph,0,0,0,none
8142,gran,0,0,0,none
8143,lymph,0,0,0,none
8144,lymph,0,0,0,none
8145,lymph,0,0,1,DN
8146,debris,0,0,0,none
8147,debris,0,0,0,none
8148,lymph,0,0,1,CD4
8149,gran,0,0,0,none
8150,lymph,0,1,0,none
8151,lymph,0,0,1,CD8
8152,lymph,1,0,1,CD4
8153,lymph,0,0,1,CD8
8154,lymph,0,0,1,CD8
8155,debris,0,0,0,none
8156,debris,0,0,0,none
8157,lymph,0,0,1,CD4
8158,mono,0,0,0,none
8159,gran,0,0,0,none
8160,debris,0,0,0,none
8161,gran,0,0,0,none
8162,mono,0,1,0,none
8163,lymph,0,0,1,DN
8164,gran,0,0,0,none
8165,mono,0,0,0,none
8166,debris,0,0,0,none
8167,lymph,0,0,1,DN
8168,lymph,0,0,1,CD8
8169,lymph,0,0,0,none
8170,mono,0,0,0,none
8171,mono,0,0,0,none
8172,lymph,0,0,0,none
8173,mono,0,0,0,none
8174,lymph,0,0,1,DN
8175,lymph,0,0,1,CD4
8176,lymph,0,0,0,none
8177,lymph,0,0,1,CD4
8178,lymph,0,0,1,CD8
8179,lymph,0,0,1,DP
8180,lymph,0,0,1,CD4
8181,lymph,0,0,1,CD8
8182,mono,0,0,0,none
8183,gran,0,0,0,none
8184,gran,0,0,0,none
8185,debris,0,0,0,none
8186,gran,0,1,0,none
8187,lymph,0,0,1,CD4
8188,lymph,0,0,1,CD4
8189,lymph,0,0,0,none
8190,mono,0,0,0,none
8191,debris,0,0,0,none
8192,gran,0,0,0,none
8193,mono,0,0,0,none
8194,debris,0,0,0,none
8195,lymph,0,0,1,CD4
8196,lymph,0,0,1,CD4
8197,lymph,0,0,0,none
8198,lymph,0,0,1,CD8
8199,debris,0,0,0,none
8200,lymph,0,0,1,DN
8201,lymph,0,0,1,CD4
8202,lymph,0,1,1,CD8
8203,lymph,0,0,1,CD8
8204,lymph,0,0,0,none
8205,lymph,0,0,1,CD8
8206,lymph,0,0,1,CD8
8207,lymph,0,0,1,CD4
8208,mono,0,0,0,none
8209,debris,0,0,0,none
8210,mono,0,0,0,none
8211,lymph,1,0,0,none
8212,lymph,0,0,0,none
8213,lymph,1,0,1,CD4
8214,mono,0,0,0,none
8215,lymph,0,0,1,CD4
8216,debris,0,0,0,none
8217,lymph,0,0,1,CD4
8218,lymph,0,0,1,CD4
8219,debris,0,0,0,none
8220,lymph,0,0,1,CD8
8221,gran,0,0,0,none
8222,mono,0,0,0,none
8223,debris,0,0,0,none
8224,lymph,0,0,1,DN
8225,debris,0,0,0,none
8226,mono,0,0,0,none
8227,debris,0,0,0,none
8228,lymph,0,0,1,CD4
8229,mono,1,0,0,none
8230,lymph,1,0,1,CD4
8231,lymph,0,0,1,CD8
8232,lymph,0,0,0,none
8233,lymph,0,0,1,CD8
8234,mono,0,0,0,none
8235,gran,0,0,0,none
8236,lymph,0,0,0,none
8237,gran,0,0,0,none
8238,lymph,0,0,1,CD8
8239,lymph,0,0,1,CD4
8240,gran,0,0,0,none
8241,gran,0,0,0,none
8242,lymph,0,0,0,none
8243,lymph,0,0,0,none
8244,lymph,0,0,0,none
8245,lymph,0,0,1,CD4
8246,debris,0,0,0,none
8247,lymph,0,1,1,CD8
8248,debris,0,0,0,none
8249,debris,0,0,0,none
8250,lymph,0,0,0,none
8251,lymph,0,0,1,DP
8252,lymph,0,0,1,CD8
8253,lymph,0,0,1,CD4
8254,lymph,0,0,1,CD8
8255,debris,0,0,0,none
8256,lymph,0,0,1,CD4
8257,debris,0,0,0,none
8258,lymph,0,0,0,none
8259,mono,0,0,0,none
8260,gran,0,0,0,none
8261,debris,0,0,0,none
8262,lymph,0,0,1,CD4
8263,gran,0,0,0,none
8264,gran,0,0,0,none
8265,lymph,0,0,1,CD8
8266,gran,0,0,0,none
8267,mono,0,0,0,none
8268,gran,0,0,0,none
8269,lymph,0,0,1,CD8
8270,mono,0,0,0,none
8271,lymph,0,0,1,CD4
8272,mono,0,0,0,none
8273,lymph,0,0,1,CD4
8274,lymph,0,0,1,CD8
8275,lymph,0,0,1,CD8
8276,lymph,0,0,1,CD4
8277,lymph,0,0,1,CD8
8278,lymph,0,0,1,CD4
8279,gran,0,0,0,none
8280,lymph,1,0,1,DP
8281,gran,0,0,0,none
8282,gran,0,1,0,none
8283,lymph,0,1,1,CD4
8284,lymph,0,0,1,CD4
8285,mono,0,0,0,none
8286,lymph,0,0,0,none
8287,lymph,0,0,1,CD4
8288,gran,0,1,0,none
8289,mono,0,0,0,none
8290,lymph,0,0,0,none
8291,gran,0,0,0,none
8292,gran,0,0,0,none
8293,gran,0,0,0,none
8294,mono,0,0,0,none
8295,lymph,0,0,1,CD4
8296,debris,0,0,0,none
8297,lymph,0,0,1,CD8
8298,mono,0,0,0,none
8299,lymph,0,0,1,CD8
8300,lymph,0,0,0,none
8301,lymph,0,0,1,CD8
8302,gran,0,0,0,none
8303,gran,0,0,0,none
8304,lymph,0,0,1,CD8
8305,lymph,0,0,1,CD4
8306,lymph,0,0,0,none
8307,lymph,0,0,0,none
8308,lymph,0,0,0,none
8309,lymph,0,0,1,CD8
8310,gran,0,0,0,none
8311,lymph,0,0,0,none
8312,lymph,0,0,1,CD8
8313,lymph,0,0,1,CD4
8314,lymph,0,0,1,CD4
8315,debris,0,0,0,none
8316,lymph,0,0,0,none
8317,mono,1,0,0,none
8318,debris,0,0,0,none
8319,mono,0,0,0,none
8320,mono,0,0,0,none
8321,lymph,0,0,1,CD4
8322,lymph,0,0,1,CD8
8323,mono,0,0,0,none
8324,lymph,0,0,1,CD4
8325,debris,0,0,0,none
8326,mono,0,0,0,none
8327,debris,0,0,0,none
8328,lymph,0,0,0,none
8329,lymph,1,0,0,none
8330,lymph,0,0,1,CD4
8331,lymph,0,0,1,DN
8332,mono,0,0,0,none
8333,lymph,0,0,1,CD4
8334,lymph,0,0,1,CD4
8335,lymph,1,0,1,CD4
8336,lymph,1,0,0,none
8337,lymph,0,0,1,CD4
8338,lymph,0,0,1,CD8
8339,gran,0,0,0,none
8340,lymph,0,0,1,CD4
8341,lymph,1,0,1,CD4
8342,lymph,0,0,0,none
8343,mono,0,0,0,none
8344,debris,0,0,0,none
8345,gran,0,0,0,none
8346,lymph,0,0,1,CD8
8347,lymph,0,0,1,CD4
8348,lymph,0,0,1,CD8
8349,lymph,0,0,1,CD8
8350,lymph,0,0,1,DN
8351,debris,0,0,0,none
8352,lymph,0,0,0,none
8353,lymph,0,0,1,CD8
8354,debris,0,0,0,none
8355,lymph,0,0,0,none
8356,lymph,1,0,1,CD4
8357,lymph,0,0,1,CD8
8358,gran,0,0,0,none
8359,lymph,1,0,1,CD8
8360,lymph,0,0,1,CD4
8361,lymph,0,0,0,none
8362,mono,0,1,0,none
8363,gran,0,0,0,none
8364,gran,0,0,0,none
8365,lymph,0,0,1,CD8
8366,lymph,0,0,1,CD8
8367,lymph,0,0,1,CD8
8368,lymph,0,0,1,CD8
8369,lymph,0,0,0,none
8370,lymph,0,0,0,none
8371,debris,0,0,0,none
8372,lymph,0,0,1,CD4
8373,gran,0,0,0,none
8374,lymph,0,0,1,DN
8375,lymph,0,0,1,CD8
8376,lymph,0,0,0,none
8377,lymph,0,0,0,none
8378,lymph,0,0,1,CD8
8379,lymph,0,0,1,CD4
8380,lymph,0,0,0,none
8381,lymph,0,0,1,CD4
8382,lymph,1,0,0,none
8383,lymph,0,0,1,CD4
8384,gran,0,0,0,none
8385,lymph,0,0,1,CD4
8386,mono,0,0,0,none
8387,mono,0,0,0,none
8388,lymph,0,0,0,none
8389,mono,0,0,0,none
8390,lymph,0,1,1,CD4
8391,lymph,0,1,1,CD4
8392,lymph,1,0,0,none
8393,lymph,0,0,1,CD8
8394,gran,0,0,0,none
8395,lymph,0,0,0,none
8396,lymph,0,0,1,CD8
8397,lymph,0,0,1,CD8
8398,lymph,0,0,1,CD4
8399,debris,0,0,0,none
8400,lymph,0,0,1,CD4
8401,mono,0,0,0,none
8402,lymph,0,0,1,CD8
8403,lymph,0,0,1,CD4
8404,mono,0,0,0,none
8405,gran,0,0,0,none
8406,mono,1,0,0,none
8407,lymph,0,0,1,CD4
8408,lymph,0,1,0,none
8409,mono,0,0,0,none
8410,gran,1,0,0,none
8411,lymph,0,0,1,CD4
8412,lymph,0,0,1,CD4
8413,gran,0,0,0,none
8414,lymph,0,0,0,none
8415,lymph,0,0,1,CD4
8416,lymph,0,1,1,CD8
8417,lymph,0,0,1,CD8
8418,debris,0,0,0,none
8419,debris,0,0,0,none
8420,lymph,0,0,1,CD4
8421,gran,0,0,0,none
8422,lymph,0,0,0,none
8423,mono,0,0,0,none
8424,lymph,0,0,1,CD4
8425,lymph,0,0,1,CD4
8426,lymph,0,0,1,CD4
8427,lymph,0,0,0,none
8428,lymph,0,0,0,none
8429,lymph,0,0,1,CD4
8430,lymph,0,0,0,none
8431,lymph,0,0,1,CD4
8432,lymph,0,0,1,CD8
8433,gran,1,0,0,none
8434,lymph,0,0,1,CD4
8435,mono,0,0,0,none
8436,gran,0,0,0,none
8437,lymph,0,0,1,CD4
8438,lymph,1,0,1,DP
8439,lymph,0,0,1,CD8
8440,lymph,0,0,1,CD8
8441,lymph,0,0,1,CD4
8442,mono,0,0,0,none
8443,mono,0,0,0,none
8444,lymph,0,0,0,none
8445,lymph,1,0,1,CD4
8446,lymph,0,0,1,CD8
8447,gran,1,0,0,none
8448,gran,0,0,0,none
8449,mono,0,0,0,none
8450,lymph,0,0,1,CD8
8451,lymph,0,0,1,CD8
8452,lymph,0,0,1,CD4
8453,lymph,0,0,0,none
8454,gran,0,0,0,none
8455,lymph,0,1,0,none
8456,lymph,0,0,0,none
8457,debris,0,0,0,none
8458,lymph,0,0,0,none
8459,mono,0,0,0,none
8460,lymph,0,0,1,CD8
8461,lymph,0,0,0,none
8462,lymph,0,0,1,CD4
8463,mono,0,0,0,none
8464,debris,0,0,0,none
8465,lymph,0,0,1,CD8
8466,lymph,0,1,1,CD4
8467,gran,0,1,0,none
8468,mono,0,0,0,none
8469,gran,0,0,0,none
8470,lymph,0,0,1,CD8
8471,lymph,1,0,0,none
8472,lymph,1,0,1,CD8
8473,lymph,0,0,1,CD8
8474,lymph,0,0,1,CD8
8475,debris,0,0,0,none
8476,gran,0,0,0,none
8477,lymph,0,0,1,CD4
8478,lymph,0,0,0,none
8479,lymph,0,0,1,CD8
8480,lymph,0,0,1,CD4
8481,lymph,0,0,1,CD4
8482,gran,0,0,0,none
8483,lymph,0,0,1,CD4
8484,lymph,0,0,0,none
8485,gran,0,0,0,none
8486,lymph,0,0,1,CD4
8487,mono,0,0,0,none
8488,lymph,0,0,1,CD4
8489,lymph,0,0,1,DP
8490,lymph,0,0,1,CD4
8491,lymph,0,0,1,CD8
8492,lymph,0,0,1,CD4
8493,lymph,0,0,1,CD4
8494,lymph,0,0,0,none
8495,lymph,0,0,0,none
8496,lymph,0,0,1,CD8
8497,lymph,0,0,1,CD4
8498,lymph,0,0,1,CD4
8499,debris,0,0,0,none
8500,lymph,0,0,0,none
8501,mono,0,0,0,none
8502,lymph,0,0,1,CD4
8503,mono,0,0,0,none
8504,debris,0,0,0,none
8505,lymph,0,0,1,CD4
8506,gran,0,1,0,none
8507,lymph,0,0,0,none
8508,gran,0,0,0,none
8509,lymph,0,0,1,DP
8510,debris,0,0,0,none
8511,mono,0,0,0,none
8512,debris,0,0,0,none
8513,gran,0,0,0,none
8514,debris,0,0,0,none
8515,lymph,0,0,1,CD8
8516,lymph,0,0,1,CD8
8517,lymph,0,0,0,none
8518,lymph,0,0,1,DN
8519,gran,1,0,0,none
8520,mono,0,0,0,none
8521,debris,0,0,0,none
8522,lymph,0,0,1,CD8
8523,lymph,0,0,1,CD8
8524,lymph,0,0,1,CD4
8525,gran,0,1,0,none
8526,lymph,0,0,1,CD4
8527,lymph,0,0,1,CD8
8528,lymph,0,0,1,CD4
8529,gran,0,0,0,none
8530,debris,0,0,0,none
8531,mono,0,0,0,none
8532,mono,0,0,0,none
8533,lymph,0,0,1,CD8
8534,lymph,0,0,1,CD4
8535,lymph,1,0,0,none
8536,gran,0,0,0,none
8537,lymph,0,1,1,CD8
8538,lymph,0,0,1,DP
8539,lymph,0,0,1,CD4
8540,gran,0,0,0,none
8541,lymph,0,0,0,none
8542,gran,0,1,0,none
8543,lymph,0,0,1,CD4
8544,gran,0,0,0,none
8545,mono,0,0,0,none
8546,lymph,0,0,1,CD4
8547,debris,0,0,0,none
8548,lymph,0,0,1,CD4
8549,lymph,0,0,0,none
8550,lymph,1,0,0,none
8551,lymph,1,0,1,CD8
8552,lymph,0,1,1,CD4
8553,gran,0,0,0,none
8554,lymph,0,0,1,CD8
8555,lymph,0,0,1,CD8
8556,lymph,0,0,1,CD8
8557,lymph,0,0,1,CD4
8558,mono,0,0,0,none
8559,mono,1,0,0,none
8560,lymph,0,0,1,CD4
8561,debris,0,0,0,none
8562,lymph,0,0,1,CD4
8563,debris,0,0,0,none
8564,gran,1,0,0,none
8565,mono,0,1,0,none
8566,lymph,0,0,1,CD8
8567,debris,0,0,0,none
8568,gran,0,0,0,none
8569,lymph,0,0,1,CD4
8570,lymph,0,0,1,CD4
8571,mono,0,0,0,none
8572,lymph,0,0,1,CD8
8573,lymph,0,0,1,CD4
8574,mono,0,0,0,none
8575,gran,0,0,0,none
8576,debris,0,0,0,none
8577,lymph,0,0,1,CD8
8578,lymph,0,0,1,CD4
8579,gran,0,0,0,none
8580,lymph,0,0,1,CD8
8581,lymph,0,0,1,DP
8582,lymph,0,0,1,CD8
8583,gran,0,0,0,none
8584,gran,0,0,0,none
8585,gran,0,0,0,none
8586,lymph,0,0,0,none
8587,lymph,0,0,1,CD4
8588,debris,0,0,0,none
8589,gran,0,0,0,none
8590,gran,0,0,0,none
8591,lymph,0,0,1,CD4
8592,gran,0,0,0,none
8593,lymph,0,0,1,CD4
8594,lymph,0,1,1,CD4
8595,lymph,0,0,1,CD8
8596,lymph,0,0,1,CD8
8597,debris,0,0,0,none
8598,lymph,0,0,1,CD4
8599,lymph,0,0,0,none
8600,gran,0,0,0,none
8601,gran,0,0,0,none
8602,lymph,0,0,1,CD8
8603,lymph,0,0,0,none
8604,mono,0,0,0,none
8605,lymph,0,0,1,DN
8606,lymph,0,0,1,CD4
8607,mono,0,1,0,none
8608,debris,0,0,0,none
8609,mono,1,0,0,none
8610,lymph,0,0,1,CD4
8611,mono,0,0,0,none
8612,lymph,0,0,1,CD8
8613,mono,0,0,0,none
8614,lymph,0,0,0,none
8615,lymph,0,0,0,none
8616,lymph,0,0,1,CD4
8617,mono,0,0,0,none
8618,lymph,0,1,1,CD4
8619,mono,0,0,0,none
8620,lymph,0,0,1,CD4
8621,lymph,0,0,1,CD4
8622,debris,0,0,0,none
8623,lymph,0,0,1,CD8
8624,mono,0,0,0,none
8625,gran,0,0,0,none
8626,debris,0,0,0,none
8627,lymph,0,0,1,CD4
8628,debris,0,0,0,none
8629,debris,0,0,0,none
8630,lymph,1,0,0,none
8631,lymph,0,0,1,CD4
8632,lymph,0,0,1,CD8
8633,lymph,0,0,1,CD4
8634,lymph,0,0,1,CD4
8635,lymph,0,0,1,CD8
8636,lymph,0,0,0,none
8637,lymph,0,0,1,CD4
8638,lymph,0,0,1,CD4
8639,debris,0,0,0,none
8640,lymph,0,0,1,DN
8641,lymph,0,1,1,CD8
8642,mono,0,0,0,none
8643,lymph,0,0,1,CD4
8644,mono,0,0,0,none
8645,gran,0,0,0,none
8646,lymph,0,0,1,CD8
8647,gran,0,0,0,none
8648,gran,0,0,0,none
8649,lymph,0,0,1,CD8
8650,gran,0,0,0,none
8651,lymph,0,0,1,DN
8652,lymph,0,1,1,CD4
8653,lymph,0,0,1,CD4
8654,debris,0,0,0,none
8655,lymph,0,0,1,CD8
8656,lymph,1,0,0,none
8657,lymph,0,0,1,CD4
8658,gran,0,0,0,none
8659,gran,0,0,0,none
8660,lymph,0,0,1,CD4
8661,debris,0,0,0,none
8662,debris,0,0,0,none
8663,lymph,0,1,1,CD4
8664,mono,0,0,0,none
8665,gran,0,0,0,none
8666,lymph,0,0,1,CD4
8667,lymph,0,0,0,none
8668,lymph,0,0,0,none
8669,debris,0,0,0,none
8670,lymph,0,0,1,CD4
8671,lymph,0,0,1,CD8
8672,lymph,0,0,1,CD8
8673,lymph,0,0,0,none
8674,lymph,0,0,1,CD8
8675,gran,0,0,0,none
8676,lymph,0,0,1,CD4
8677,lymph,0,0,1,CD8
8678,debris,0,0,0,none
8679,lymph,1,0,0,none
8680,debris,0,0,0,none
8681,gran,1,0,0,none
8682,lymph,0,0,1,CD4
8683,mono,0,0,0,none
8684,lymph,0,0,1,CD8
8685,gran,0,0,0,none
8686,mono,0,0,0,none
8687,debris,0,0,0,none
8688,lymph,1,0,1,CD4
8689,lymph,0,0,1,CD4
8690,mono,0,0,0,none
8691,lymph,0,0,1,CD4
8692,lymph,0,0,1,DN
8693,lymph,0,0,1,DN
8694,gran,0,0,0,none
8695,gran,1,0,0,none
8696,lymph,0,1,1,DN
8697,lymph,0,0,1,CD4
8698,lymph,0,1,1,CD4
8699,lymph,0,0,1,CD4
8700,mono,0,0,0,none
8701,lymph,0,0,0,none
8702,lymph,0,0,1,CD4
8703,lymph,0,0,1,CD4
8704,debris,0,0,0,none
8705,lymph,0,0,1,CD4
8706,lymph,0,0,0,none
8707,lymph,0,0,1,CD8
8708,lymph,0,0,1,CD8
8709,lymph,0,0,0,none
8710,lymph,0,0,1,CD8
8711,gran,1,0,0,none
8712,lymph,0,0,1,DP
8713,debris,0,0,0,none
8714,lymph,0,0,1,DN
8715,gran,0,0,0,none
8716,gran,0,0,0,none
8717,lymph,0,1,1,CD8
8718,gran,1,0,0,none
8719,debris,0,0,0,none
8720,lymph,0,1,1,CD4
8721,lymph,0,0,1,CD4
8722,lymph,0,0,1,CD4
8723,lymph,0,0,1,CD8
8724,mono,0,0,0,none
8725,gran,0,1,0,none
8726,gran,0,0,0,none
8727,lymph,0,0,0,none
8728,lymph,0,0,1,CD8
8729,lymph,0,0,1,DN
8730,lymph,0,0,1,CD8
8731,lymph,0,0,1,CD8
8732,mono,0,0,0,none
8733,lymph,0,0,1,CD8
8734,lymph,0,0,1,CD4
8735,lymph,0,1,1,CD4
8736,lymph,0,0,1,CD4
8737,gran,0,0,0,none
8738,gran,0,0,0,none
8739,gran,0,0,0,none
8740,debris,0,0,0,none
8741,lymph,0,0,1,CD8
8742,gran,0,0,0,none
8743,gran,0,0,0,none
8744,lymph,0,0,1,CD4
8745,lymph,0,1,1,CD4
8746,lymph,1,0,1,CD8
8747,lymph,1,0,0,none
8748,gran,0,0,0,none
8749,lymph,0,0,1,DN
8750,debris,0,0,0,none
8751,lymph,0,0,1,CD4
8752,lymph,0,0,1,CD4
8753,gran,0,0,0,none
8754,lymph,0,0,1,DN
8755,mono,0,0,0,none
8756,gran,0,0,0,none
8757,lymph,0,0,0,none
8758,lymph,0,0,1,CD8
8759,lymph,0,0,1,CD4
8760,lymph,0,0,1,CD8
8761,lymph,0,0,1,CD8
8762,lymph,0,0,0,none
8763,mono,0,0,0,none
8764,lymph,0,0,1,CD4
8765,lymph,0,0,0,none
8766,lymph,0,0,1,CD4
8767,mono,0,0,0,none
8768,lymph,0,0,1,CD4
8769,lymph,0,0,1,DP
8770,lymph,0,0,1,DN
8771,gran,0,0,0,none
8772,mono,1,0,0,none
8773,mono,0,0,0,none
8774,mono,0,0,0,none
8775,lymph,0,0,1,CD8
8776,gran,0,0,0,none
8777,lymph,0,0,1,CD4
8778,gran,0,0,0,none
8779,lymph,0,0,1,CD8
8780,mono,0,0,0,none
8781,lymph,0,0,1,CD4
8782,debris,0,0,0,none
8783,lymph,0,0,1,CD4
8784,debris,0,0,0,none
8785,lymph,0,0,0,none
8786,debris,0,0,0,none
8787,gran,0,0,0,none
8788,lymph,0,0,1,DP
8789,debris,0,0,0,none
8790,lymph,1,0,0,none
8791,lymph,0,0,1,CD4
8792,debris,0,0,0,none
8793,lymph,0,0,1,CD4
8794,gran,1,0,0,none
8795,gran,0,0,0,none
8796,lymph,0,0,1,CD8
8797,gran,0,0,0,none
8798,lymph,0,1,1,CD8
8799,lymph,0,0,1,CD4
8800,lymph,0,0,1,CD4
8801,lymph,0,0,0,none
8802,mono,0,0,0,none
8803,lymph,0,0,0,none
8804,lymph,0,0,0,none
8805,lymph,0,0,1,CD8
8806,lymph,0,0,1,CD4
8807,gran,0,0,0,none
8808,lymph,0,0,1,CD4
8809,mono,0,0,0,none
8810,lymph,0,0,1,CD8
8811,lymph,0,0,1,CD4
8812,mono,0,0,0,none
8813,lymph,0,0,1,CD4
8814,mono,0,0,0,none
8815,debris,0,0,0,none
8816,mono,0,0,0,none
8817,lymph,0,0,0,none
8818,lymph,0,0,1,CD8
8819,debris,0,0,0,none
8820,lymph,0,0,1,CD8
8821,debris,0,0,0,none
8822,lymph,0,0,1,CD4
8823,mono,0,0,0,none
8824,lymph,1,0,1,CD8
8825,mono,0,0,0,none
8826,mono,0,0,0,none
8827,gran,0,0,0,none
8828,debris,0,0,0,none
8829,lymph,0,0,1,DP
8830,lymph,0,0,1,CD4
8831,mono,0,0,0,none
8832,gran,0,0,0,none
8833,lymph,0,0,1,CD8
8834,gran,0,0,0,none
8835,lymph,0,0,1,CD4
8836,mono,0,0,0,none
8837,lymph,0,0,1,CD4
8838,lymph,0,0,1,CD4
8839,lymph,0,1,1,DN
8840,lymph,0,0,1,CD4
8841,lymph,0,0,1,DN
8842,lymph,0,0,1,CD4
8843,gran,0,0,0,none
8844,lymph,0,1,1,CD8
8845,lymph,0,0,1,CD8
8846,lymph,0,0,0,none
8847,lymph,0,0,0,none
8848,lymph,0,0,0,none
8849,debris,0,0,0,none
8850,lymph,0,0,1,CD8
8851,mono,0,0,0,none
8852,lymph,0,0,1,CD8
8853,lymph,0,0,1,CD4
8854,lymph,0,0,0,none
8855,gran,0,0,0,none
8856,lymph,0,0,1,CD4
8857,lymph,0,0,1,CD4
8858,lymph,0,0,1,CD4
8859,lymph,0,0,1,CD8
8860,debris,0,0,0,none
8861,lymph,0,0,1,CD8
8862,lymph,0,1,1,CD8
8863,mono,0,0,0,none
8864,lymph,0,0,1,CD4
8865,debris,0,0,0,none
8866,lymph,0,0,0,none
8867,lymph,0,0,1,CD4
8868,lymph,0,0,1,CD4
8869,mono,0,0,0,none
8870,gran,0,1,0,none
8871,lymph,0,0,1,CD8
8872,lymph,0,0,1,CD4
8873,gran,0,0,0,none
8874,debris,0,0,0,none
8875,debris,0,0,0,none
8876,lymph,0,1,0,none
8877,lymph,0,0,0,none
8878,lymph,0,0,0,none
8879,lymph,0,0,1,CD4
8880,lymph,0,0,1,CD8
8881,lymph,0,0,1,CD8
8882,gran,0,0,0,none
8883,lymph,0,0,1,CD4
8884,lymph,0,0,1,CD8
8885,lymph,0,0,0,none
8886,lymph,0,0,1,CD8
8887,gran,0,0,0,none
8888,lymph,0,0,1,CD4
8889,lymph,0,0,1,CD8
8890,gran,0,0,0,none
8891,mono,0,0,0,none
8892,lymph,0,0,1,CD8
8893,lymph,0,0,0,none
8894,lymph,0,0,0,none
8895,gran,0,0,0,none
8896,lymph,0,0,1,CD4
8897,lymph,0,0,1,CD4
8898,debris,0,0,0,none
8899,lymph,0,0,1,CD4
8900,gran,0,0,0,none
8901,mono,0,0,0,none
8902,lymph,0,0,1,CD8
8903,lymph,0,0,1,CD8
8904,lymph,0,0,1,CD8
8905,lymph,0,0,0,none
8906,gran,1,0,0,none
8907,lymph,0,0,1,CD8
8908,debris,0,0,0,none
8909,lymph,0,0,1,CD8
8910,lymph,0,0,1,CD4
8911,debris,0,0,0,none
8912,lymph,0,0,1,DP
8913,lymph,0,0,0,none
8914,mono,1,0,0,none
8915,lymph,0,0,0,none
8916,lymph,0,1,1,CD4
8917,lymph,0,0,0,none
8918,lymph,0,0,1,CD4
8919,mono,0,0,0,none
8920,gran,0,0,0,none
8921,lymph,0,1,1,CD8
8922,debris,0,0,0,none
8923,gran,0,0,0,none
8924,mono,0,0,0,none
8925,lymph,0,0,0,none
8926,lymph,0,0,1,CD4
8927,lymph,0,1,0,none
8928,lymph,0,0,1,CD8
8929,gran,0,0,0,none
8930,lymph,0,0,1,CD4
8931,lymph,0,0,1,CD4
8932,lymph,0,0,0,none
8933,lymph,0,0,1,CD4
8934,lymph,0,0,1,CD8
8935,lymph,0,0,0,none
8936,gran,0,0,0,none
8937,lymph,0,0,1,CD8
8938,lymph,0,0,0,none
8939,lymph,0,0,1,DP
8940,mono,0,0,0,none
8941,gran,0,0,0,none
8942,lymph,0,0,1,CD8
8943,debris,0,0,0,none
8944,debris,0,0,0,none
8945,lymph,0,0,0,none
8946,debris,0,0,0,none
8947,lymph,1,0,1,CD8
8948,lymph,0,0,1,CD8
8949,debris,0,0,0,none
8950,gran,0,0,0,none
8951,lymph,1,0,1,CD8
8952,lymph,0,0,1,CD8
8953,debris,0,0,0,none
8954,lymph,0,0,1,CD4
8955,lymph,1,0,1,CD8
8956,debris,0,0,0,none
8957,mono,0,0,0,none
8958,mono,0,0,0,none
8959,lymph,0,0,1,CD8
8960,lymph,0,1,1,CD4
8961,lymph,0,0,0,none
8962,lymph,0,0,1,DP
8963,lymph,0,0,0,none
8964,debris,0,0,0,none
8965,lymph,0,0,1,CD4
8966,lymph,0,0,1,CD4
8967,lymph,0,0,1,DP
8968,debris,0,0,0,none
8969,debris,0,0,0,none
8970,mono,0,0,0,none
8971,lymph,1,0,1,CD8
8972,lymph,0,0,1,CD4
8973,lymph,1,0,1,CD8
8974,gran,0,0,0,none
8975,lymph,0,0,1,CD8
8976,lymph,0,0,1,CD4
8977,lymph,0,0,1,CD8
8978,lymph,0,0,1,CD8
8979,lymph,0,0,1,CD8
8980,lymph,0,0,1,CD4
8981,lymph,0,0,0,none
8982,lymph,0,1,1,CD8
8983,gran,0,0,0,none
8984,lymph,0,0,0,none
8985,lymph,0,0,1,CD4
8986,gran,0,0,0,none
8987,gran,0,0,0,none
8988,lymph,0,0,1,CD4
8989,gran,0,0,0,none
8990,gran,0,0,0,none
8991,lymph,0,0,0,none
8992,mono,0,0,0,none
8993,lymph,0,0,1,CD4
8994,gran,0,1,0,none
8995,lymph,0,0,1,CD4
8996,lymph,0,0,1,DN
8997,lymph,0,0,1,CD8
8998,lymph,0,0,1,CD4
8999,lymph,0,0,0,none
9000,mono,0,0,0,none
9001,lymph,0,0,1,CD8
9002,gran,0,0,0,none
9003,mono,0,0,0,none
9004,lymph,0,0,1,DP
9005,debris,0,0,0,none
9006,gran,0,0,0,none
9007,lymph,0,0,1,CD8
9008,gran,0,0,0,none
9009,debris,0,0,0,none
9010,lymph,0,0,1,CD4
9011,lymph,0,0,1,CD4
9012,gran,0,0,0,none
9013,lymph,0,0,1,CD8
9014,lymph,0,0,1,CD8
9015,mono,0,0,0,none
9016,debris,0,0,0,none
9017,lymph,0,0,0,none
9018,lymph,0,0,1,DP
9019,lymph,0,0,1,CD4
9020,lymph,1,0,1,CD4
9021,mono,0,0,0,none
9022,lymph,0,0,1,CD4
9023,lymph,0,0,1,CD4
9024,gran,0,0,0,none
9025,lymph,0,0,0,none
9026,gran,0,0,0,none
9027,lymph,0,0,1,CD4
9028,lymph,0,1,0,none
9029,mono,0,0,0,none
9030,lymph,0,0,0,none
9031,lymph,0,0,1,CD8
9032,gran,0,0,0,none
9033,gran,0,0,0,none
9034,lymph,0,0,1,CD4
9035,lymph,0,0,1,CD8
9036,lymph,0,0,1,CD4
9037,lymph,0,0,1,CD4
9038,mono,0,0,0,none
9039,lymph,0,0,1,CD8
9040,mono,0,0,0,none
9041,lymph,0,0,0,none
9042,lymph,0,0,0,none
9043,gran,0,0,0,none
9044,lymph,0,1,1,CD8
9045,lymph,0,0,0,none
9046,mono,0,0,0,none
9047,lymph,0,0,1,DN
9048,lymph,0,0,1,DN
9049,lymph,0,0,1,CD4
9050,lymph,0,0,1,CD8
9051,gran,0,0,0,none
9052,lymph,1,1,1,CD4
9053,lymph,0,0,1,CD4
9054,lymph,0,0,1,CD8
9055,debris,0,0,0,none
9056,gran,1,0,0,none
9057,gran,0,0,0,none
9058,mono,0,0,0,none
9059,lymph,0,1,0,none
9060,lymph,0,0,1,CD4
9061,gran,0,0,0,none
9062,lymph,0,0,1,CD4
9063,lymph,0,0,1,CD4
9064,lymph,0,0,1,CD8
9065,lymph,0,0,0,none
9066,lymph,0,0,0,none
9067,lymph,1,0,0,none
9068,lymph,0,0,1,DN
9069,lymph,0,0,1,CD4
9070,lymph,1,0,1,CD8
9071,gran,1,0,0,none
9072,lymph,0,0,1,CD4
9073,lymph,0,0,0,none
9074,debris,0,0,0,none
9075,lymph,0,0,1,CD4
9076,mono,0,0,0,none
9077,lymph,0,0,1,CD8
9078,lymph,0,0,1,CD4
9079,mono,0,0,0,none
9080,mono,0,0,0,none
9081,lymph,1,0,1,CD4
9082,gran,0,0,0,none
9083,gran,0,0,0,none
9084,lymph,0,0,1,CD8
9085,debris,0,0,0,none
9086,lymph,0,0,0,none
9087,lymph,0,0,1,CD8
9088,lymph,0,0,0,none
9089,gran,0,0,0,none
9090,gran,0,0,0,none
9091,lymph,0,0,1,CD4
9092,lymph,0,0,0,none
9093,lymph,0,0,1,CD4
9094,lymph,0,0,0,none
9095,lymph,0,0,1,DP
9096,lymph,0,0,0,none
9097,lymph,0,0,0,none
9098,lymph,0,0,1,CD4
9099,gran,0,0,0,none
9100,lymph,1,0,1,CD4
9101,lymph,0,0,0,none
9102,gran,0,0,0,none
9103,gran,0,0,0,none
9104,lymph,0,0,1,CD4
9105,lymph,0,0,1,CD4
9106,mono,0,0,0,none
9107,lymph,0,0,1,CD4
9108,debris,0,0,0,none
9109,gran,0,0,0,none
9110,lymph,0,0,1,CD8
9111,debris,0,0,0,none
9112,lymph,0,0,1,CD8
9113,gran,0,0,0,none
9114,lymph,0,0,1,CD4
9115,lymph,0,0,1,CD8
9116,debris,0,0,0,none
9117,gran,0,0,0,none
9118,lymph,0,0,1,CD4
9119,lymph,0,0,1,CD4
9120,lymph,0,0,1,CD8
9121,gran,0,0,0,none
9122,lymph,0,0,1,CD4
9123,lymph,0,0,1,CD8
9124,gran,0,0,0,none
9125,gran,0,0,0,none
9126,debris,0,0,0,none
9127,lymph,1,0,0,none
9128,lymph,0,0,1,CD8
9129,lymph,0,1,0,none
9130,lymph,0,0,1,CD8
9131,lymph,0,0,1,CD8
9132,mono,1,0,0,none
9133,lymph,0,0,1,CD4
9134,debris,0,0,0,none
9135,lymph,0,0,1,CD4
9136,lymph,0,0,1,CD4
9137,mono,1,0,0,none
9138,lymph,0,0,1,CD4
9139,lymph,0,0,0,none
9140,lymph,0,0,1,CD8
9141,lymph,0,0,0,none
9142,gran,1,0,0,none
9143,lymph,0,0,1,CD8
9144,gran,0,0,0,none
9145,gran,0,0,0,none
9146,debris,0,0,0,none
9147,lymph,0,0,0,none
9148,mono,1,0,0,none
9149,debris,0,0,0,none
9150,lymph,0,0,1,CD4
9151,debris,0,0,0,none
9152,mono,0,0,0,none
9153,gran,0,0,0,none
9154,lymph,0,0,1,CD4
9155,mono,0,0,0,none
9156,lymph,0,0,1,DN
9157,lymph,0,0,0,none
9158,lymph,0,0,1,CD4
9159,lymph,1,0,1,CD4
9160,lymph,0,0,1,CD4
9161,debris,0,0,0,none
9162,lymph,0,0,1,CD8
9163,lymph,0,1,1,CD4
9164,mono,0,0,0,none
9165,lymph,0,0,1,CD4
9166,lymph,0,1,0,none
9167,debris,0,0,0,none
9168,lymph,0,0,1,DN
9169,lymph,0,0,0,none
9170,lymph,0,0,0,none
9171,lymph,0,0,1,CD4
9172,mono,0,0,0,none
9173,debris,0,0,0,none
9174,debris,0,0,0,none
9175,lymph,0,0,1,DN
9176,debris,0,0,0,none
9177,mono,0,0,0,none
9178,lymph,0,0,0,none
9179,lymph,0,0,1,CD8
9180,mono,0,0,0,none
9181,debris,0,0,0,none
9182,lymph,0,0,1,CD8
9183,lymph,0,0,1,CD4
9184,gran,0,0,0,none
9185,lymph,1,0,1,CD4
9186,lymph,0,0,1,CD4
9187,gran,0,0,0,none
9188,lymph,0,0,0,none
9189,debris,0,0,0,none
9190,debris,0,0,0,none
9191,debris,0,0,0,none
9192,gran,0,0,0,none
9193,debris,0,0,0,none
9194,lymph,0,0,1,CD8
9195,mono,0,0,0,none
9196,lymph,0,0,1,CD8
9197,lymph,0,0,1,CD4
9198,lymph,0,0,1,CD4
9199,lymph,0,0,0,none
9200,lymph,0,0,0,none
9201,lymph,0,0,1,CD8
9202,lymph,0,0,1,DN
9203,lymph,0,0,1,CD8
9204,lymph,0,0,1,CD8
9205,lymph,0,0,0,none
9206,gran,0,0,0,none
9207,gran,0,0,0,none
9208,debris,0,0,0,none
9209,lymph,0,0,1,CD4
9210,lymph,0,0,1,CD8
9211,debris,0,0,0,none
9212,debris,0,0,0,none
9213,gran,0,0,0,none
9214,lymph,0,0,1,CD4
9215,lymph,0,0,1,DN
9216,lymph,0,0,0,none
9217,lymph,1,0,0,none
9218,lymph,0,0,0,none
9219,lymph,0,0,1,CD4
9220,lymph,0,0,1,CD4
9221,lymph,0,0,0,none
9222,lymph,0,0,1,CD8
9223,lymph,0,0,1,CD4
9224,debris,0,0,0,none
9225,gran,0,0,0,none
9226,debris,0,0,0,none
9227,gran,0,0,0,none
9228,gran,0,0,0,none
9229,lymph,0,0,0,none
9230,debris,0,0,0,none
9231,lymph,0,0,1,CD4
9232,gran,0,0,0,none
9233,gran,0,0,0,none
9234,gran,0,0,0,none
9235,gran,0,0,0,none
9236,lymph,0,0,0,none
9237,gran,1,0,0,none
9238,gran,0,1,0,none
9239,lymph,0,0,0,none
9240,lymph,0,0,1,CD8
9241,lymph,0,0,1,CD8
9242,lymph,0,0,0,none
9243,lymph,0,0,0,none
9244,mono,0,0,0,none
9245,lymph,0,0,0,none
9246,lymph,0,0,0,none
9247,lymph,0,0,1,DN
9248,lymph,0,0,1,CD4
9249,mono,0,0,0,none
9250,lymph,0,0,1,CD4
9251,lymph,0,0,1,CD4
9252,lymph,0,0,1,CD8
9253,lymph,0,0,1,CD8
9254,mono,0,0,0,none
9255,lymph,0,0,1,CD4
9256,lymph,0,0,1,CD4
9257,mono,0,0,0,none
9258,lymph,0,0,1,CD4
9259,lymph,0,0,1,CD4
9260,gran,0,0,0,none
9261,gran,0,0,0,none
9262,lymph,0,0,0,none
9263,lymph,0,0,1,DP
9264,lymph,0,0,0,none
9265,mono,0,0,0,none
9266,lymph,0,0,1,CD4
9267,lymph,0,0,1,CD8
9268,gran,0,1,0,none
9269,lymph,0,0,1,CD4
9270,mono,0,0,0,none
9271,lymph,0,0,1,CD8
9272,gran,0,0,0,none
9273,debris,0,0,0,none
9274,gran,0,0,0,none
9275,gran,0,0,0,none
9276,gran,0,0,0,none
9277,debris,0,0,0,none
9278,lymph,0,0,1,CD4
9279,lymph,0,0,1,CD8
9280,debris,0,0,0,none
9281,gran,0,0,0,none
9282,lymph,0,0,1,CD8
9283,lymph,0,1,1,CD4
9284,debris,0,0,0,none
9285,lymph,0,0,0,none
9286,lymph,0,0,0,none
9287,gran,0,0,0,none
9288,lymph,0,0,0,none
9289,lymph,0,0,1,CD8
9290,debris,0,0,0,none
9291,gran,0,0,0,none
9292,lymph,0,0,0,none
9293,mono,0,0,0,none
9294,lymph,0,0,0,none
9295,lymph,0,0,1,CD4
9296,lymph,0,0,1,CD4
9297,lymph,0,0,0,none
9298,lymph,0,0,1,CD4
9299,lymph,0,0,1,CD4
9300,lymph,0,1,1,CD4
9301,mono,0,0,0,none
9302,gran,0,0,0,none
9303,debris,0,0,0,none
9304,mono,0,0,0,none
9305,lymph,0,0,1,CD4
9306,lymph,0,0,1,CD4
9307,debris,0,0,0,none
9308,lymph,0,0,1,CD8
9309,mono,1,0,0,none
9310,lymph,0,0,0,none
9311,gran,0,0,0,none
9312,gran,0,0,0,none
9313,mono,0,0,0,none
9314,lymph,0,0,1,CD4
9315,lymph,0,0,0,none
9316,lymph,0,0,0,none
9317,lymph,0,0,1,CD8
9318,lymph,0,0,0,none
9319,lymph,0,0,1,CD4
9320,gran,0,0,0,none
9321,mono,0,0,0,none
9322,lymph,0,0,1,CD4
9323,gran,1,0,0,none
9324,gran,0,0,0,none
9325,gran,0,0,0,none
9326,gran,0,0,0,none
9327,lymph,0,0,1,CD8
9328,lymph,0,0,1,CD4
9329,lymph,0,0,1,CD4
9330,lymph,0,0,1,DN
9331,lymph,0,0,1,CD8
9332,gran,0,0,0,none
9333,lymph,0,0,1,CD4
9334,lymph,1,0,0,none
9335,lymph,0,0,1,CD4
9336,lymph,0,0,1,DN
9337,lymph,0,0,1,DN
9338,mono,0,0,0,none
9339,lymph,0,1,1,DN
9340,lymph,0,0,1,CD4
9341,lymph,0,0,0,none
9342,lymph,0,0,1,CD4
9343,lymph,0,0,1,CD8
9344,lymph,0,0,1,DN
9345,lymph,0,0,0,none
9346,debris,0,0,0,none
9347,lymph,0,0,1,CD8
9348,lymph,0,0,1,CD8
9349,lymph,0,1,1,CD4
9350,gran,0,0,0,none
9351,lymph,0,0,1,CD8
9352,lymph,0,0,0,none
9353,gran,0,0,0,none
9354,lymph,0,0,0,none
9355,lymph,0,0,1,CD8
9356,gran,0,0,0,none
9357,lymph,0,0,1,CD4
9358,lymph,0,0,0,none
9359,lymph,0,0,1,CD4
9360,gran,0,0,0,none
9361,lymph,1,0,0,none
9362,lymph,1,0,0,none
9363,gran,1,0,0,none
9364,mono,0,0,0,none
9365,lymph,0,0,1,DN
9366,lymph,1,0,1,DN
9367,mono,0,0,0,none
9368,lymph,0,0,1,CD8
9369,lymph,0,0,1,CD4
9370,lymph,0,0,0,none
9371,lymph,0,0,0,none
9372,gran,0,0,0,none
9373,lymph,0,0,1,CD8
9374,lymph,0,0,1,CD4
9375,debris,0,0,0,none
9376,lymph,0,0,1,CD4
9377,debris,0,0,0,none
9378,gran,0,0,0,none
9379,mono,0,0,0,none
9380,lymph,0,0,1,CD4
9381,lymph,0,0,1,CD8
9382,gran,0,0,0,none
9383,lymph,0,0,1,CD8
9384,mono,0,0,0,none
9385,lymph,0,0,1,CD8
9386,lymph,0,0,1,CD4
9387,lymph,0,0,0,none
9388,mono,0,0,0,none
9389,mono,1,0,0,none
9390,lymph,0,0,1,CD8
9391,lymph,0,0,0,none
9392,lymph,0,0,1,CD4
9393,lymph,0,0,0,none
9394,mono,0,0,0,none
9395,gran,0,0,0,none
9396,lymph,0,0,1,CD4
9397,lymph,0,0,1,CD4
9398,lymph,0,0,1,CD8
9399,gran,0,0,0,none
9400,gran,1,0,0,none
9401,gran,0,0,0,none
9402,debris,0,0,0,none
9403,gran,0,0,0,none
9404,lymph,0,0,1,CD4
9405,lymph,0,1,1,CD4
9406,gran,0,0,0,none
9407,debris,0,0,0,none
9408,lymph,0,0,1,CD8
9409,debris,0,0,0,none
9410,gran,0,0,0,none
9411,gran,0,0,0,none
9412,lymph,0,0,1,CD8
9413,debris,0,0,0,none
9414,gran,0,0,0,none
9415,lymph,0,0,1,CD4
9416,lymph,0,0,1,CD4
9417,debris,0,0,0,none
9418,mono,0,0,0,none
9419,mono,0,0,0,none
9420,lymph,0,0,0,none
9421,lymph,0,0,1,CD8
9422,lymph,0,0,1,DN
9423,lymph,0,0,1,CD4
9424,lymph,0,0,1,CD4
9425,gran,0,0,0,none
9426,lymph,0,0,1,CD4
9427,lymph,1,0,1,CD4
9428,lymph,0,0,0,none
9429,debris,0,0,0,none
9430,mono,0,0,0,none
9431,lymph,0,0,0,none
9432,gran,0,0,0,none
9433,gran,0,0,0,none
9434,gran,0,0,0,none
9435,lymph,0,0,1,CD4
9436,mono,0,0,0,none
9437,debris,0,0,0,none
9438,lymph,0,0,1,CD8
9439,lymph,0,0,1,CD4
9440,lymph,0,0,1,CD8
9441,debris,0,0,0,none
9442,mono,0,0,0,none
9443,mono,0,0,0,none
9444,lymph,0,0,1,CD4
9445,lymph,0,0,1,CD4
9446,mono,0,0,0,none
9447,mono,0,0,0,none
9448,gran,0,0,0,none
9449,gran,0,0,0,none
9450,lymph,0,0,1,CD4
9451,debris,0,0,0,none
9452,lymph,1,0,0,none
9453,gran,0,0,0,none
9454,debris,0,0,0,none
9455,debris,0,0,0,none
9456,mono,0,0,0,none
9457,lymph,0,0,1,CD4
9458,lymph,0,0,1,CD8
9459,debris,0,0,0,none
9460,gran,0,0,0,none
9461,lymph,0,0,0,none
9462,lymph,1,0,1,CD4
9463,lymph,0,0,0,none
9464,gran,0,0,0,none
9465,lymph,0,0,1,CD8
9466,lymph,0,0,0,none
9467,lymph,0,0,1,CD8
9468,mono,0,0,0,none
9469,lymph,0,0,1,CD4
9470,gran,0,0,0,none
9471,lymph,0,0,1,CD4
9472,gran,0,0,0,none
9473,lymph,1,0,1,DP
9474,debris,0,0,0,none
9475,mono,0,0,0,none
9476,debris,0,0,0,none
9477,mono,0,0,0,none
9478,gran,0,0,0,none
9479,lymph,0,0,1,CD8
9480,lymph,0,0,0,none
9481,lymph,0,0,1,CD8
9482,mono,0,0,0,none
9483,gran,0,0,0,none
9484,lymph,0,0,1,DN
9485,lymph,0,0,1,CD4
9486,lymph,0,0,0,none
9487,debris,0,0,0,none
9488,lymph,0,0,1,CD8
9489,gran,0,0,0,none
9490,lymph,0,1,1,CD8
9491,debris,0,0,0,none
9492,lymph,0,0,0,none
9493,lymph,0,0,1,CD4
9494,debris,0,0,0,none
9495,lymph,0,0,1,DP
9496,gran,0,0,0,none
9497,lymph,0,0,0,none
9498,lymph,0,0,1,DP
9499,mono,1,0,0,none
9500,lymph,0,0,1,DN
9501,lymph,0,0,1,CD8
9502,lymph,0,0,1,CD8
9503,lymph,0,0,1,DN
9504,lymph,0,0,1,CD4
9505,lymph,0,0,0,none
9506,lymph,0,0,1,CD8
9507,lymph,0,0,1,CD8
9508,lymph,0,0,1,CD4
9509,lymph,0,0,1,CD8
9510,gran,1,0,0,none
9511,lymph,0,0,1,CD4
9512,lymph,0,0,1,CD8
9513,lymph,0,0,1,CD4
9514,lymph,0,0,1,CD8
9515,lymph,0,0,0,none
9516,mono,0,0,0,none
9517,gran,0,0,0,none
9518,lymph,0,0,1,CD4
9519,debris,0,0,0,none
9520,lymph,0,0,1,CD8
9521,lymph,0,0,1,CD4
9522,lymph,1,0,1,CD8
9523,lymph,0,0,1,CD4
9524,gran,0,0,0,none
9525,lymph,0,1,0,none
9526,lymph,0,0,1,CD8
9527,lymph,0,0,0,none
9528,gran,0,0,0,none
9529,mono,0,0,0,none
9530,debris,0,0,0,none
9531,lymph,0,1,0,none
9532,gran,0,0,0,none
9533,gran,0,0,0,none
9534,debris,0,0,0,none
9535,lymph,0,0,1,CD4
9536,mono,0,0,0,none
9537,gran,0,0,0,none
9538,lymph,0,0,1,CD8
9539,lymph,0,0,1,CD8
9540,lymph,0,0,1,CD4
9541,mono,0,0,0,none
9542,lymph,0,0,1,CD4
9543,lymph,0,0,1,CD8
9544,debris,0,0,0,none
9545,mono,0,0,0,none
9546,lymph,0,0,1,CD8
9547,lymph,0,0,1,CD8
9548,lymph,0,0,1,CD4
9549,lymph,0,0,1,CD4
9550,debris,0,0,0,none
9551,lymph,0,0,0,none
9552,gran,0,0,0,none
9553,lymph,0,0,1,DN
9554,lymph,0,0,1,CD8
9555,lymph,0,0,1,CD8
9556,lymph,0,0,0,none
9557,lymph,0,1,0,none
9558,lymph,0,0,0,none
9559,lymph,0,0,0,none
9560,lymph,0,0,1,CD8
9561,mono,0,0,0,none
9562,lymph,0,0,1,CD8
9563,lymph,0,0,0,none
9564,lymph,0,0,0,none
9565,gran,0,0,0,none
9566,mono,0,0,0,none
9567,mono,0,0,0,none
9568,mono,0,0,0,none
9569,gran,0,0,0,none
9570,gran,0,0,0,none
9571,debris,0,0,0,none
9572,mono,0,0,0,none
9573,lymph,0,0,0,none
9574,mono,0,0,0,none
9575,lymph,0,0,1,CD4
9576,lymph,0,0,0,none
9577,mono,0,0,0,none
9578,lymph,0,0,1,CD8
9579,lymph,0,0,1,CD4
9580,lymph,0,0,1,CD8
9581,lymph,0,0,0,none
9582,gran,0,0,0,none
9583,lymph,0,0,1,CD8
9584,mono,0,0,0,none
9585,lymph,0,0,1,CD8
9586,mono,0,0,0,none
9587,lymph,0,0,0,none
9588,lymph,0,0,1,CD4
9589,lymph,0,0,0,none
9590,lymph,0,0,1,CD4
9591,lymph,0,0,1,CD4
9592,gran,0,0,0,none
9593,mono,0,0,0,none
9594,lymph,0,0,1,DN
9595,lymph,0,0,1,CD8
9596,lymph,0,0,1,CD8
9597,gran,1,0,0,none
9598,gran,0,0,0,none
9599,lymph,0,0,1,CD8
9600,mono,0,0,0,none
9601,gran,0,0,0,none
9602,debris,0,0,0,none
9603,lymph,0,1,1,CD8
9604,gran,0,0,0,none
9605,lymph,1,0,1,CD4
9606,debris,0,0,0,none
9607,debris,0,0,0,none
9608,debris,0,0,0,none
9609,debris,0,0,0,none
9610,lymph,0,0,1,CD4
9611,gran,0,0,0,none
9612,lymph,0,0,1,CD4
9613,lymph,0,0,0,none
9614,lymph,0,0,1,CD4
9615,lymph,0,0,0,none
9616,gran,0,0,0,none
9617,gran,0,0,0,none
9618,lymph,0,0,0,none
9619,lymph,0,0,1,CD4
9620,lymph,0,0,1,DN
9621,gran,0,0,0,none
9622,gran,0,1,0,none
9623,lymph,0,0,0,none
9624,lymph,0,0,1,DN
9625,lymph,0,0,0,none
9626,lymph,0,0,1,CD4
9627,lymph,1,0,0,none
9628,lymph,0,0,1,CD8
9629,lymph,1,0,1,CD8
9630,lymph,0,0,1,CD4
9631,lymph,0,0,1,CD4
9632,gran,0,0,0,none
9633,lymph,0,0,0,none
9634,lymph,0,0,1,CD8
9635,mono,0,0,0,none
9636,lymph,0,0,1,CD4
9637,lymph,0,0,1,CD8
9638,lymph,0,0,1,CD8
9639,mono,0,0,0,none
9640,lymph,0,0,1,CD4
9641,debris,0,0,0,none
9642,lymph,0,0,1,CD4
9643,gran,0,0,0,none
9644,lymph,0,0,1,CD4
9645,debris,0,0,0,none
9646,lymph,0,0,0,none
9647,mono,0,1,0,none
9648,gran,0,0,0,none
9649,gran,0,0,0,none
9650,lymph,0,0,0,none
9651,lymph,0,0,0,none
9652,mono,0,0,0,none
9653,mono,0,0,0,none
9654,gran,0,0,0,none
9655,mono,0,0,0,none
9656,lymph,1,1,1,CD4
9657,lymph,0,0,1,CD8
9658,lymph,0,0,1,CD4
9659,lymph,0,0,0,none
9660,lymph,0,0,1,CD4
9661,lymph,0,0,0,none
9662,gran,0,1,0,none
9663,gran,0,0,0,none
9664,lymph,0,0,1,CD4
9665,lymph,0,0,1,DN
9666,lymph,0,0,1,CD4
9667,lymph,0,0,1,CD4
9668,lymph,0,1,0,none
9669,debris,0,0,0,none
9670,lymph,0,0,1,CD4
9671,lymph,0,0,1,CD4
9672,lymph,0,0,1,DP
9673,lymph,0,0,1,CD4
9674,lymph,0,0,1,DN
9675,gran,0,0,0,none
9676,lymph,0,0,0,none
9677,lymph,0,0,0,none
9678,lymph,0,0,1,CD4
9679,gran,0,0,0,none
9680,lymph,0,0,0,none
9681,lymph,0,0,1,CD4
9682,mono,0,0,0,none
9683,debris,0,0,0,none
9684,lymph,0,0,0,none
9685,lymph,0,0,1,DN
9686,lymph,0,0,1,CD8
9687,debris,0,0,0,none
9688,lymph,0,0,0,none
9689,gran,0,0,0,none
9690,debris,0,0,0,none
9691,lymph,0,0,1,CD4
9692,gran,0,0,0,none
9693,gran,0,0,0,none
9694,lymph,0,0,1,CD4
9695,gran,1,0,0,none
9696,lymph,0,0,0,none
9697,debris,0,0,0,none
9698,mono,0,0,0,none
9699,lymph,0,0,1,CD4
9700,debris,0,0,0,none
9701,lymph,0,1,0,none
9702,lymph,0,0,1,CD8
9703,lymph,0,0,1,CD8
9704,lymph,0,0,1,CD4
9705,lymph,0,0,1,CD8
9706,debris,0,0,0,none
9707,gran,0,0,0,none
9708,gran,0,0,0,none
9709,gran,0,0,0,none
9710,lymph,0,0,0,none
9711,gran,1,0,0,none
9712,lymph,0,0,1,DN
9713,mono,0,0,0,none
9714,lymph,0,0,1,CD8
9715,lymph,0,0,1,CD4
9716,debris,0,0,0,none
9717,mono,0,0,0,none
9718,lymph,0,0,1,CD4
9719,lymph,0,0,0,none
9720,lymph,0,0,0,none
9721,lymph,1,0,1,CD4
9722,lymph,0,0,1,CD4
9723,lymph,0,1,1,CD8
9724,lymph,0,0,1,DN
9725,lymph,0,0,1,CD4
9726,mono,0,0,0,none
9727,lymph,0,0,1,CD4
9728,mono,0,0,0,none
9729,lymph,0,0,1,CD8
9730,lymph,0,1,1,CD4
9731,gran,0,0,0,none
9732,gran,0,0,0,none
9733,lymph,0,0,1,DN
9734,gran,0,0,0,none
9735,gran,0,0,0,none
9736,lymph,0,0,1,CD4
9737,lymph,0,0,1,CD4
9738,lymph,0,0,1,CD8
9739,mono,0,0,0,none
9740,gran,0,0,0,none
9741,lymph,0,0,1,CD4
9742,gran,0,0,0,none
9743,lymph,0,0,1,CD4
9744,lymph,0,0,0,none
9745,mono,0,0,0,none
9746,debris,0,0,0,none
9747,mono,0,0,0,none
9748,lymph,0,0,1,CD4
9749,lymph,0,0,1,CD8
9750,lymph,0,0,1,CD8
9751,lymph,0,0,1,DN
9752,gran,0,0,0,none
9753,lymph,0,0,1,CD4
9754,lymph,0,0,0,none
9755,debris,0,0,0,none
9756,mono,0,0,0,none
9757,lymph,0,0,1,CD4
9758,gran,0,0,0,none
9759,mono,0,0,0,none
9760,mono,0,0,0,none
9761,lymph,0,0,1,CD8
9762,lymph,0,1,1,CD8
9763,lymph,0,0,1,CD4
9764,lymph,0,0,0,none
9765,gran,1,0,0,none
9766,debris,0,0,0,none
9767,lymph,0,0,1,CD4
9768,lymph,0,0,1,CD8
9769,lymph,0,0,1,CD8
9770,lymph,0,0,1,CD4
9771,mono,0,0,0,none
9772,lymph,0,0,1,CD4
9773,mono,0,0,0,none
9774,lymph,0,0,1,DN
9775,gran,0,0,0,none
9776,debris,0,0,0,none
9777,lymph,0,0,1,CD8
9778,lymph,0,0,1,CD4
9779,gran,0,0,0,none
9780,lymph,1,0,1,DN
9781,lymph,0,0,1,CD8
9782,debris,0,0,0,none
9783,lymph,0,0,1,DN
9784,mono,0,0,0,none
9785,gran,0,0,0,none
9786,lymph,0,0,1,CD4
9787,lymph,0,0,1,CD4
9788,lymph,0,0,1,CD8
9789,lymph,0,0,0,none
9790,lymph,0,0,1,CD4
9791,lymph,1,0,0,none
9792,lymph,0,0,1,CD8
9793,lymph,0,0,1,CD4
9794,lymph,0,0,1,CD8
9795,lymph,0,1,1,CD8
9796,lymph,0,0,1,CD8
9797,lymph,0,0,1,CD4
9798,debris,0,0,0,none
9799,lymph,0,0,1,CD8
9800,gran,0,1,0,none
9801,lymph,1,1,1,CD4
9802,gran,0,0,0,none
9803,mono,0,0,0,none
9804,mono,0,0,0,none
9805,lymph,0,0,1,CD8
9806,lymph,0,0,1,DP
9807,lymph,0,0,0,none
9808,lymph,0,0,1,CD8
9809,mono,0,0,0,none
9810,mono,0,0,0,none
9811,debris,0,0,0,none
9812,lymph,0,0,0,none
9813,gran,0,0,0,none
9814,lymph,0,0,0,none
9815,lymph,0,0,0,none
9816,lymph,0,0,0,none
9817,lymph,0,0,1,CD8
9818,gran,0,0,0,none
9819,lymph,0,0,0,none
9820,gran,0,0,0,none
9821,lymph,0,0,1,CD4
9822,debris,0,0,0,none
9823,mono,0,0,0,none
9824,lymph,0,0,1,CD8
9825,lymph,0,0,0,none
9826,mono,0,1,0,none
9827,lymph,0,0,0,none
9828,lymph,0,0,0,none
9829,debris,0,0,0,none
9830,lymph,0,0,1,CD4
9831,lymph,0,0,1,CD8
9832,lymph,0,0,1,CD4
9833,debris,0,0,0,none
9834,lymph,0,0,1,CD4
9835,lymph,0,0,1,CD8
9836,lymph,0,0,1,CD4
9837,lymph,0,0,1,CD4
9838,lymph,0,0,1,CD8
9839,debris,0,0,0,none
9840,gran,0,0,0,none
9841,lymph,0,0,1,CD8
9842,lymph,0,0,1,CD4
9843,gran,0,0,0,none
9844,mono,0,0,0,none
9845,gran,0,0,0,none
9846,debris,0,0,0,none
9847,mono,0,0,0,none
9848,mono,0,0,0,none
9849,gran,0,0,0,none
9850,lymph,0,0,0,none
9851,lymph,0,0,1,CD4
9852,debris,0,0,0,none
9853,lymph,0,0,0,none
9854,gran,0,0,0,none
9855,gran,0,0,0,none
9856,gran,0,0,0,none
9857,lymph,0,0,1,CD4
9858,mono,0,0,0,none
9859,gran,0,0,0,none
9860,lymph,0,0,1,CD4
9861,debris,0,0,0,none
9862,lymph,0,0,1,CD4
9863,lymph,0,0,1,CD4
9864,lymph,0,0,0,none
9865,gran,0,0,0,none
9866,debris,0,0,0,none
9867,gran,0,0,0,none
9868,lymph,0,0,1,CD4
9869,lymph,0,0,0,none
9870,debris,0,0,0,none
9871,lymph,0,0,1,CD8
9872,lymph,0,0,1,CD8
9873,lymph,0,0,1,CD8
9874,mono,0,0,0,none
9875,gran,0,0,0,none
9876,lymph,0,0,1,CD4
9877,lymph,0,0,1,CD8
9878,debris,0,0,0,none
9879,lymph,0,0,0,none
9880,lymph,0,0,0,none
9881,gran,0,0,0,none
9882,lymph,0,0,1,CD4
9883,lymph,0,0,1,CD4
9884,mono,0,0,0,none
9885,lymph,0,0,1,CD8
9886,lymph,0,0,1,CD8
9887,gran,0,0,0,none
9888,gran,0,0,0,none
9889,gran,0,0,0,none
9890,gran,0,0,0,none
9891,lymph,0,0,1,CD4
9892,gran,0,0,0,none
9893,lymph,1,0,1,CD4
9894,lymph,0,0,0,none
9895,lymph,1,0,1,CD4
9896,debris,0,0,0,none
9897,lymph,0,0,0,none
9898,lymph,0,0,1,CD8
9899,lymph,0,0,1,CD4
9900,lymph,1,0,1,CD8
9901,lymph,0,0,1,CD4
9902,lymph,0,0,1,CD4
9903,mono,0,0,0,none
9904,lymph,0,0,1,CD4
9905,lymph,0,0,1,CD4
9906,lymph,0,0,1,CD4
9907,lymph,0,0,0,none
9908,lymph,1,0,1,CD4
9909,gran,0,0,0,none
9910,lymph,0,1,0,none
9911,gran,0,0,0,none
9912,lymph,0,0,1,CD4
9913,gran,0,0,0,none
9914,lymph,0,0,1,CD4
9915,lymph,0,0,0,none
9916,lymph,0,0,1,CD4
9917,gran,0,0,0,none
9918,lymph,0,0,1,CD4
9919,debris,0,0,0,none
9920,lymph,0,1,1,CD8
9921,lymph,0,0,1,CD4
9922,lymph,0,0,1,CD4
9923,lymph,0,0,0,none
9924,lymph,0,0,0,none
9925,gran,0,0,0,none
9926,debris,0,0,0,none
9927,lymph,0,0,1,CD8
9928,lymph,0,0,0,none
9929,lymph,0,0,0,none
9930,lymph,1,0,1,CD4
9931,gran,0,0,0,none
9932,gran,0,0,0,none
9933,lymph,0,0,0,none
9934,gran,0,0,0,none
9935,mono,0,0,0,none
9936,lymph,0,0,0,none
9937,gran,0,0,0,none
9938,lymph,0,0,1,CD4
9939,lymph,0,0,1,CD8
9940,mono,0,0,0,none
9941,lymph,0,0,1,CD4
9942,debris,0,0,0,none
9943,lymph,0,0,0,none
9944,lymph,0,0,0,none
9945,lymph,0,0,1,CD8
9946,lymph,0,0,1,CD4
9947,lymph,1,1,1,CD4
9948,debris,0,0,0,none
9949,debris,0,0,0,none
9950,lymph,0,0,1,CD4
9951,mono,0,0,0,none
9952,gran,0,0,0,none
9953,mono,0,0,0,none
9954,gran,0,0,0,none
9955,lymph,0,0,1,CD4
9956,gran,0,0,0,none
9957,gran,0,0,0,none
9958,gran,0,0,0,none
9959,gran,0,0,0,none
9960,gran,0,0,0,none
9961,debris,0,0,0,none
9962,lymph,0,0,0,none
9963,lymph,0,0,0,none
9964,lymph,1,0,0,none
9965,lymph,0,0,0,none
9966,debris,0,0,0,none
9967,debris,0,0,0,none
9968,lymph,0,0,0,none
9969,debris,0,0,0,none
9970,debris,0,0,0,none
9971,gran,0,0,0,none
9972,debris,0,0,0,none
9973,gran,0,0,0,none
9974,lymph,0,1,1,CD4
9975,mono,0,0,0,none
9976,lymph,0,0,1,CD4
9977,lymph,0,0,1,CD4
9978,lymph,0,0,1,CD8
9979,gran,0,0,0,none
9980,gran,0,0,0,none
9981,gran,0,0,0,none
9982,gran,0,0,0,none
9983,lymph,0,0,0,none
9984,lymph,0,1,1,CD4
9985,lymph,0,0,1,CD8
9986,debris,0,0,0,none
9987,debris,0,0,0,none
9988,gran,0,1,0,none
9989,lymph,0,1,1,CD4
9990,gran,0,0,0,none
9991,lymph,0,0,1,CD8
9992,lymph,0,0,1,CD4
9993,lymph,0,0,1,CD8
9994,lymph,0,1,1,DP
9995,lymph,0,0,0,none
9996,mono,0,0,0,none
9997,lymph,0,0,0,none
9998,lymph,0,0,1,CD4
9999,lymph,0,0,0,none
10000,lymph,0,0,1,DN
10001,mono,0,0,0,none
10002,lymph,0,0,1,CD8
10003,lymph,0,0,0,none
10004,lymph,0,0,0,none
10005,lymph,0,0,1,DN
10006,lymph,0,0,0,none
10007,lymph,1,0,1,CD4
10008,debris,0,0,0,none
10009,lymph,0,0,1,CD8
10010,lymph,0,0,1,CD8
10011,mono,0,0,0,none
10012,lymph,0,0,1,CD4
10013,gran,0,1,0,none
10014,lymph,0,0,0,none
10015,lymph,0,0,0,none
10016,lymph,0,0,1,CD4
10017,gran,0,0,0,none
10018,lymph,0,0,1,CD8
10019,lymph,0,0,0,none
10020,debris,0,0,0,none
10021,gran,1,0,0,none
10022,lymph,0,0,1,CD4
10023,lymph,0,0,0,none
10024,mono,0,0,0,none
10025,gran,0,0,0,none
10026,mono,0,0,0,none
10027,lymph,0,0,0,none
10028,lymph,0,0,1,CD4
10029,lymph,0,0,0,none
10030,lymph,0,0,1,CD4
10031,lymph,0,0,1,DN
10032,lymph,1,0,1,CD4
10033,lymph,0,0,1,CD8
10034,gran,0,0,0,none
10035,debris,0,0,0,none
10036,gran,0,0,0,none
10037,lymph,0,0,1,CD4
10038,lymph,0,0,0,none
10039,debris,0,0,0,none
10040,gran,0,0,0,none
10041,lymph,0,0,0,none
10042,lymph,0,0,1,CD8
10043,mono,0,0,0,none
10044,lymph,0,0,1,CD4
10045,lymph,0,0,0,none
10046,lymph,0,0,0,none
10047,lymph,1,0,1,CD4
10048,lymph,0,0,1,CD4
10049,lymph,0,0,1,DN
10050,mono,0,0,0,none
10051,lymph,0,0,1,CD8
10052,mono,0,0,0,none
10053,lymph,0,1,1,CD4
10054,gran,0,0,0,none
10055,mono,0,0,0,none
10056,gran,0,0,0,none
10057,lymph,0,0,1,CD8
10058,lymph,0,0,1,CD4
10059,mono,0,0,0,none
10060,lymph,0,0,1,CD8
10061,lymph,0,0,1,CD4
10062,lymph,0,0,1,CD8
10063,lymph,0,0,1,CD8
10064,debris,0,0,0,none
10065,lymph,0,0,1,CD4
10066,gran,1,0,0,none
10067,lymph,0,0,0,none
10068,lymph,0,0,1,CD4
10069,lymph,0,0,1,CD8
10070,lymph,0,0,1,CD4
10071,gran,0,0,0,none
10072,lymph,0,0,0,none
10073,lymph,0,0,1,CD4
10074,gran,0,0,0,none
10075,lymph,0,0,0,none
10076,lymph,0,0,0,none
10077,lymph,1,0,0,none
10078,lymph,0,0,1,CD8
10079,lymph,0,0,1,CD4
10080,mono,0,1,0,none
10081,gran,0,0,0,none
10082,lymph,0,0,1,CD4
10083,lymph,0,0,1,CD4
10084,gran,0,0,0,none
10085,gran,0,0,0,none
10086,lymph,0,0,0,none
10087,lymph,0,0,1,CD4
10088,lymph,0,0,1,CD8
10089,lymph,0,0,0,none
10090,mono,0,0,0,none
10091,lymph,0,0,0,none
10092,gran,0,0,0,none
10093,lymph,0,0,0,none
10094,lymph,0,0,1,DN
10095,lymph,0,0,1,CD4
10096,lymph,0,0,0,none
10097,lymph,0,0,1,CD4
10098,gran,0,0,0,none
10099,gran,0,0,0,none
10100,mono,0,0,0,none
10101,gran,0,0,0,none
10102,gran,0,0,0,none
10103,lymph,0,0,1,CD4
10104,lymph,0,0,1,CD8
10105,gran,0,0,0,none
10106,lymph,0,0,0,none
10107,lymph,0,0,1,CD8
10108,lymph,0,0,1,DN
10109,mono,0,0,0,none
10110,lymph,0,0,1,CD8
10111,lymph,0,0,1,DN
10112,debris,0,0,0,none
10113,lymph,0,0,1,CD4
10114,lymph,0,0,1,CD4
10115,lymph,0,0,1,CD8
10116,lymph,0,0,0,none
10117,lymph,0,0,1,CD8
10118,debris,0,0,0,none
10119,lymph,0,0,1,CD4
10120,mono,0,1,0,none
10121,lymph,0,0,1,CD4
10122,lymph,0,0,1,CD4
10123,lymph,0,0,1,CD4
10124,lymph,0,0,1,CD4
10125,mono,0,0,0,none
10126,lymph,0,0,1,DN
10127,debris,0,0,0,none
10128,lymph,0,0,1,CD4
10129,lymph,0,0,1,CD8
10130,debris,0,0,0,none
10131,lymph,0,0,0,none
10132,lymph,0,0,1,CD4
10133,lymph,0,0,1,CD8
10134,debris,0,0,0,none
10135,mono,0,0,0,none
10136,lymph,0,1,1,CD4
10137,lymph,0,0,0,none
10138,lymph,0,0,1,DP
10139,mono,0,0,0,none
10140,lymph,0,0,1,CD4
10141,lymph,0,0,1,CD8
10142,lymph,1,0,0,none
10143,lymph,0,0,1,CD8
10144,mono,0,0,0,none
10145,lymph,0,0,1,CD4
10146,gran,0,1,0,none
10147,lymph,0,0,1,DN
10148,debris,0,0,0,none
10149,lymph,0,0,0,none
10150,lymph,0,0,1,CD4
10151,lymph,0,0,1,CD4
10152,lymph,0,0,1,CD4
10153,lymph,0,0,0,none
10154,lymph,0,0,1,CD8
10155,lymph,0,1,0,none
10156,lymph,0,0,1,CD4
10157,lymph,0,0,1,CD8
10158,lymph,0,0,1,CD4
10159,lymph,0,0,0,none
10160,lymph,0,0,1,CD8
10161,lymph,0,0,1,CD4
10162,lymph,0,0,1,DN
10163,mono,0,0,0,none
10164,gran,0,0,0,none
10165,lymph,0,0,1,CD4
10166,lymph,0,0,1,CD8
10167,gran,0,0,0,none
10168,debris,0,0,0,none
10169,lymph,0,0,1,CD4
10170,lymph,0,0,0,none
10171,lymph,0,0,0,none
10172,mono,0,0,0,none
10173,lymph,0,0,1,CD8
10174,lymph,0,0,0,none
10175,lymph,0,0,0,none
10176,lymph,0,0,1,CD8
10177,mono,0,0,0,none
10178,lymph,0,0,0,none
10179,lymph,0,0,1,CD8
10180,debris,0,0,0,none
10181,debris,0,0,0,none
10182,mono,1,0,0,none
10183,debris,0,0,0,none
10184,lymph,0,0,0,none
10185,lymph,0,0,1,CD4
10186,gran,0,0,0,none
10187,lymph,0,0,1,CD8
10188,lymph,0,0,1,CD4
10189,lymph,0,0,1,CD4
10190,lymph,0,0,1,CD4
10191,lymph,0,0,1,CD8
10192,gran,0,0,0,none
10193,lymph,0,0,0,none
10194,lymph,0,0,0,none
10195,mono,0,0,0,none
10196,lymph,0,0,1,CD8
10197,mono,0,0,0,none
10198,lymph,0,0,1,CD4
10199,mono,0,0,0,none
10200,mono,0,0,0,none
10201,lymph,0,0,1,CD4
10202,lymph,0,0,1,CD8
10203,lymph,0,0,1,CD8
10204,lymph,0,0,0,none
10205,lymph,0,0,1,CD4
10206,gran,0,0,0,none
10207,lymph,0,0,1,CD4
10208,debris,0,0,0,none
10209,lymph,0,1,0,none
10210,lymph,0,0,1,CD8
10211,lymph,1,1,0,none
10212,gran,0,0,0,none
10213,lymph,0,0,1,CD4
10214,gran,0,0,0,none
10215,lymph,0,0,1,DN
10216,lymph,0,0,1,CD4
10217,lymph,0,0,1,CD4
10218,gran,0,0,0,none
10219,lymph,0,0,1,CD4
10220,lymph,0,0,1,DP
10221,mono,0,0,0,none
10222,mono,0,0,0,none
10223,gran,0,0,0,none
10224,gran,0,0,0,none
10225,gran,0,0,0,none
10226,lymph,0,0,1,DN
10227,gran,1,0,0,none
10228,lymph,0,0,1,CD4
10229,lymph,0,0,1,CD4
10230,gran,0,0,0,none
10231,lymph,0,0,1,CD8
10232,gran,1,0,0,none
10233,lymph,0,0,1,CD4
10234,gran,0,0,0,none
10235,lymph,0,0,0,none
10236,lymph,0,0,1,CD4
10237,lymph,0,0,1,CD8
10238,lymph,0,1,0,none
10239,lymph,0,0,1,CD8
10240,debris,0,0,0,none
10241,lymph,0,0,0,none
10242,mono,0,0,0,none
10243,gran,0,0,0,none
10244,lymph,0,0,1,CD8
10245,lymph,0,0,0,none
10246,gran,0,0,0,none
10247,gran,0,0,0,none
10248,gran,0,0,0,none
10249,lymph,0,0,0,none
10250,lymph,0,0,0,none
10251,lymph,0,0,1,CD4
10252,gran,0,0,0,none
10253,lymph,0,0,1,CD4
10254,lymph,0,0,1,CD4
10255,lymph,0,0,1,CD8
10256,lymph,1,0,1,CD4
10257,lymph,0,0,0,none
10258,lymph,0,0,0,none
10259,lymph,0,1,1,CD8
10260,lymph,1,0,1,DN
10261,lymph,0,0,0,none
10262,lymph,0,0,1,CD4
10263,mono,0,0,0,none
10264,lymph,0,0,0,none
10265,gran,0,0,0,none
10266,gran,0,0,0,none
10267,lymph,1,0,1,CD4
10268,lymph,0,0,1,CD4
10269,gran,0,0,0,none
10270,lymph,0,0,1,CD4
10271,lymph,0,0,1,CD8
10272,lymph,0,0,1,CD4
10273,lymph,0,0,1,CD8
10274,gran,0,0,0,none
10275,lymph,0,0,1,CD8
10276,lymph,0,0,1,CD8
10277,mono,0,0,0,none
10278,mono,0,0,0,none
10279,lymph,0,0,0,none
10280,lymph,0,0,1,CD8
10281,debris,0,0,0,none
10282,lymph,0,0,0,none
10283,lymph,0,0,1,CD8
10284,lymph,0,0,0,none
10285,mono,0,0,0,none
10286,lymph,0,0,1,CD4
10287,gran,0,0,0,none
10288,lymph,0,0,1,CD4
10289,gran,0,0,0,none
10290,gran,0,0,0,none
10291,debris,0,0,0,none
10292,mono,0,0,0,none
10293,lymph,0,0,1,CD4
10294,lymph,0,0,0,none
10295,gran,0,1,0,none
10296,lymph,0,0,1,CD4
10297,gran,0,0,0,none
10298,gran,0,0,0,none
10299,lymph,0,0,1,DN
10300,gran,0,0,0,none
10301,gran,0,0,0,none
10302,lymph,0,0,1,CD4
10303,gran,0,0,0,none
10304,gran,0,0,0,none
10305,lymph,0,0,1,CD4
10306,lymph,0,0,1,CD8
10307,lymph,0,0,1,DN
10308,debris,0,0,0,none
10309,gran,0,0,0,none
10310,lymph,0,0,0,none
10311,gran,0,0,0,none
10312,mono,0,0,0,none
10313,lymph,0,0,1,CD4
10314,lymph,0,0,0,none
10315,mono,1,0,0,none
10316,lymph,0,0,0,none
10317,lymph,0,0,0,none
10318,lymph,1,0,0,none
10319,lymph,0,0,1,CD8
10320,lymph,0,0,1,CD8
10321,lymph,0,0,0,none
10322,gran,0,0,0,none
10323,mono,0,0,0,none
10324,lymph,0,0,1,CD8
10325,gran,0,0,0,none
10326,debris,0,0,0,none
10327,lymph,0,0,1,CD8
10328,lymph,0,0,1,CD4
10329,gran,0,0,0,none
10330,lymph,0,0,1,CD4
10331,lymph,0,0,0,none
10332,gran,0,0,0,none
10333,lymph,0,0,1,CD4
10334,lymph,0,0,1,CD4
10335,gran,0,0,0,none
10336,lymph,0,0,1,CD8
10337,lymph,0,0,1,CD4
10338,lymph,0,0,1,CD8
10339,lymph,0,0,1,CD4
10340,lymph,0,0,1,CD8
10341,lymph,0,1,1,DN
10342,lymph,0,0,1,CD4
10343,gran,0,0,0,none
10344,lymph,0,0,1,CD8
10345,lymph,0,0,0,none
10346,lymph,1,0,1,CD4
10347,mono,0,0,0,none
10348,lymph,1,0,1,CD4
10349,gran,0,0,0,none
10350,lymph,0,0,1,CD8
10351,lymph,0,0,1,CD4
10352,lymph,0,0,1,CD8
10353,lymph,0,0,1,CD4
10354,lymph,0,0,0,none
10355,mono,0,0,0,none
10356,lymph,0,0,1,CD8
10357,lymph,0,0,1,CD4
10358,lymph,0,0,1,CD4
10359,gran,0,0,0,none
10360,lymph,0,0,0,none
10361,gran,0,0,0,none
10362,lymph,0,0,0,none
10363,lymph,0,0,1,CD8
10364,lymph,0,0,0,none
10365,mono,0,1,0,none
10366,gran,1,0,0,none
10367,lymph,0,1,1,CD4
10368,lymph,0,0,0,none
10369,gran,0,0,0,none
10370,lymph,0,0,0,none
10371,debris,0,0,0,none
10372,lymph,0,0,1,CD8
10373,gran,1,0,0,none
10374,lymph,0,0,1,CD8
10375,lymph,0,0,0,none
10376,mono,0,0,0,none
10377,lymph,0,1,1,CD4
10378,gran,0,0,0,none
10379,lymph,0,0,1,CD4
10380,lymph,0,0,0,none
10381,lymph,0,0,1,CD4
10382,lymph,0,1,1,CD8
10383,lymph,0,0,1,CD4
10384,lymph,0,0,1,CD4
10385,lymph,0,0,1,CD4
10386,mono,0,0,0,none
10387,lymph,0,0,1,CD4
10388,lymph,0,0,1,CD4
10389,mono,0,0,0,none
10390,lymph,0,0,1,CD4
10391,mono,0,0,0,none
10392,lymph,0,0,1,CD4
10393,lymph,0,0,1,CD4
10394,debris,0,0,0,none
10395,mono,0,0,0,none
10396,lymph,0,0,1,CD4
10397,gran,0,0,0,none
10398,lymph,0,0,1,CD8
10399,gran,0,0,0,none
10400,mono,0,0,0,none
10401,gran,0,0,0,none
10402,mono,0,0,0,none
10403,lymph,0,0,1,CD4
10404,mono,0,0,0,none
10405,mono,0,0,0,none
10406,mono,0,0,0,none
10407,debris,0,0,0,none
10408,debris,0,0,0,none
10409,mono,0,0,0,none
10410,lymph,1,0,1,CD4
10411,gran,0,0,0,none
10412,lymph,0,0,0,none
10413,debris,0,0,0,none
10414,gran,0,0,0,none
10415,gran,0,0,0,none
10416,mono,0,0,0,none
10417,lymph,0,0,1,CD4
10418,lymph,0,0,0,none
10419,lymph,0,0,1,DN
10420,lymph,0,0,1,CD8
10421,lymph,0,0,0,none
10422,gran,1,0,0,none
10423,lymph,0,0,1,CD8
10424,lymph,0,0,1,CD4
10425,lymph,0,0,1,DP
10426,lymph,0,0,1,CD8
10427,gran,0,0,0,none
10428,lymph,0,0,1,CD4
10429,lymph,0,0,1,CD4
10430,lymph,0,0,1,CD4
10431,lymph,0,0,1,DN
10432,lymph,0,0,1,DP
10433,lymph,1,0,0,none
10434,lymph,0,0,1,CD4
10435,lymph,0,0,1,DP
10436,lymph,0,0,1,CD8
10437,gran,0,0,0,none
10438,mono,0,0,0,none
10439,mono,0,0,0,none
10440,lymph,0,0,1,DN
10441,lymph,0,0,1,CD8
10442,lymph,0,0,1,CD8
10443,lymph,0,0,0,none
10444,lymph,0,0,1,CD8
10445,mono,0,0,0,none
10446,lymph,0,0,0,none
10447,lymph,0,0,1,CD4
10448,lymph,0,0,0,none
10449,lymph,0,0,1,CD4
10450,lymph,0,0,0,none
10451,mono,0,0,0,none
10452,lymph,0,0,1,CD8
10453,lymph,0,0,1,CD8
10454,lymph,0,0,0,none
10455,gran,0,0,0,none
10456,lymph,0,0,1,CD8
10457,lymph,0,0,1,CD8
10458,lymph,0,0,1,CD4
10459,lymph,0,0,1,CD4
10460,debris,0,0,0,none
10461,lymph,0,0,1,CD4
10462,mono,0,0,0,none
10463,lymph,0,0,1,CD4
10464,lymph,0,0,1,DN
10465,lymph,0,0,0,none
10466,lymph,0,0,0,none
10467,lymph,0,0,1,CD4
10468,lymph,0,0,0,none
10469,mono,0,0,0,none
10470,gran,0,0,0,none
10471,lymph,0,0,1,CD4
10472,debris,0,0,0,none
10473,lymph,0,0,1,CD4
10474,lymph,0,0,1,CD8
10475,lymph,0,0,0,none
10476,lymph,0,0,1,CD8
10477,gran,1,0,0,none
10478,lymph,0,0,1,CD4
10479,lymph,0,0,1,CD4
10480,gran,0,0,0,none
10481,gran,0,0,0,none
10482,mono,0,0,0,none
10483,lymph,0,0,0,none
10484,lymph,0,0,1,CD8
10485,mono,0,0,0,none
10486,debris,0,0,0,none
10487,lymph,0,0,1,CD4
10488,lymph,0,0,0,none
10489,lymph,0,0,0,none
10490,lymph,0,0,1,CD4
10491,debris,0,0,0,none
10492,mono,0,0,0,none
10493,lymph,0,0,1,CD4
10494,lymph,0,0,1,CD4
10495,gran,0,0,0,none
10496,lymph,0,0,0,none
10497,lymph,0,0,0,none
10498,mono,0,0,0,none
10499,gran,0,0,0,none
10500,debris,0,0,0,none
10501,lymph,0,0,1,CD8
10502,gran,0,0,0,none
10503,lymph,0,0,1,CD4
10504,lymph,0,0,1,CD4
10505,lymph,0,0,1,CD8
10506,lymph,0,0,1,CD8
10507,gran,0,0,0,none
10508,lymph,0,0,1,CD4
10509,lymph,0,0,1,CD4
10510,debris,0,0,0,none
10511,lymph,0,0,0,none
10512,debris,0,0,0,none
10513,lymph,0,0,1,CD4
10514,lymph,0,0,1,CD4
10515,lymph,0,0,1,CD4
10516,mono,0,0,0,none
10517,lymph,0,0,1,CD4
10518,lymph,0,0,0,none
10519,lymph,0,0,1,CD8
10520,mono,0,0,0,none
10521,lymph,0,0,0,none
10522,debris,0,0,0,none
10523,lymph,0,0,0,none
10524,lymph,0,0,1,CD4
10525,lymph,0,0,1,CD4
10526,debris,0,0,0,none
10527,lymph,0,0,1,CD8
10528,lymph,0,0,1,CD8
10529,lymph,1,0,1,DP
10530,lymph,0,0,1,CD4
10531,lymph,0,0,1,CD4
10532,mono,1,0,0,none
10533,lymph,0,1,1,CD8
10534,lymph,0,0,1,CD4
10535,mono,0,0,0,none
10536,gran,0,0,0,none
10537,lymph,0,0,1,CD8
10538,lymph,0,0,1,CD8
10539,lymph,0,0,0,none
10540,lymph,1,0,1,CD4
10541,lymph,0,0,0,none
10542,lymph,0,0,1,CD4
10543,lymph,0,0,1,CD4
10544,lymph,0,0,1,CD8
10545,mono,1,0,0,none
10546,mono,0,0,0,none
10547,lymph,0,0,1,CD8
10548,lymph,0,0,1,CD4
10549,lymph,0,0,1,DN
10550,lymph,0,0,1,CD4
10551,debris,0,0,0,none
10552,lymph,0,1,0,none
10553,lymph,0,0,1,CD4
10554,lymph,0,1,1,CD4
10555,lymph,0,0,1,CD8
10556,debris,0,0,0,none
10557,mono,0,0,0,none
10558,lymph,0,0,1,CD4
10559,lymph,0,0,1,CD4
10560,lymph,0,0,1,DN
10561,gran,0,0,0,none
10562,lymph,0,0,1,CD4
10563,lymph,0,0,1,CD4
10564,lymph,0,0,0,none
10565,debris,0,0,0,none
10566,lymph,0,0,0,none
10567,gran,0,0,0,none
10568,lymph,0,0,1,CD4
10569,lymph,0,0,1,CD4
10570,debris,0,0,0,none
10571,lymph,1,0,1,CD4
10572,lymph,1,0,1,CD4
10573,gran,0,0,0,none
10574,lymph,0,0,1,DN
10575,lymph,0,0,1,CD4
10576,lymph,0,0,1,CD8
10577,mono,0,0,0,none
10578,lymph,0,0,0,none
10579,lymph,0,0,0,none
10580,lymph,0,0,1,CD4
10581,lymph,0,0,1,CD4
10582,lymph,0,0,1,CD4
10583,gran,0,0,0,none
10584,gran,1,0,0,none
10585,debris,0,0,0,none
10586,lymph,0,0,0,none
10587,lymph,0,0,1,DN
10588,lymph,0,0,1,CD8
10589,mono,0,1,0,none
10590,lymph,0,0,1,CD8
10591,lymph,0,0,0,none
10592,lymph,0,0,1,CD8
10593,lymph,0,0,1,CD4
10594,debris,0,0,0,none
10595,lymph,0,0,1,CD4
10596,lymph,0,0,1,CD4
10597,lymph,0,0,1,CD4
10598,mono,0,0,0,none
10599,mono,0,0,0,none
10600,lymph,0,0,1,CD4
10601,lymph,0,0,1,CD8
10602,lymph,0,0,1,CD8
10603,gran,0,0,0,none
10604,lymph,0,0,0,none
10605,gran,0,0,0,none
10606,debris,0,0,0,none
10607,lymph,0,0,1,DN
10608,lymph,0,0,1,DN
10609,debris,0,0,0,none
10610,gran,0,0,0,none
10611,gran,0,0,0,none
10612,gran,0,0,0,none
10613,lymph,0,0,0,none
10614,lymph,0,0,1,CD4
10615,lymph,0,0,1,CD8
10616,lymph,0,0,0,none
10617,lymph,0,0,1,CD8
10618,lymph,0,0,0,none
10619,lymph,0,0,1,CD8
10620,lymph,0,0,1,DN
10621,lymph,0,0,1,CD4
10622,lymph,0,0,0,none
10623,debris,0,0,0,none
10624,lymph,0,0,1,CD4
10625,lymph,0,0,1,CD8
10626,lymph,0,0,1,CD4
10627,lymph,0,0,1,CD8
10628,lymph,0,0,1,CD4
10629,gran,0,0,0,none
10630,lymph,0,0,1,CD4
10631,lymph,0,0,1,CD8
10632,lymph,0,0,1,CD8
10633,lymph,0,0,0,none
10634,lymph,1,0,1,CD4
10635,gran,0,0,0,none
10636,gran,0,0,0,none
10637,debris,0,0,0,none
10638,lymph,0,0,1,CD4
10639,lymph,1,0,1,CD4
10640,lymph,0,0,0,none
10641,lymph,1,0,0,none
10642,gran,0,0,0,none
10643,lymph,0,0,0,none
10644,gran,0,0,0,none
10645,lymph,0,0,1,CD8
10646,gran,0,0,0,none
10647,lymph,0,0,0,none
10648,gran,0,0,0,none
10649,lymph,0,0,0,none
10650,debris,0,0,0,none
10651,lymph,1,0,1,CD4
10652,gran,0,0,0,none
10653,gran,0,0,0,none
10654,gran,0,1,0,none
10655,gran,0,0,0,none
10656,lymph,0,0,0,none
10657,lymph,0,0,1,CD4
10658,lymph,0,0,1,CD4
10659,debris,0,0,0,none
10660,lymph,0,0,0,none
10661,debris,0,0,0,none
10662,lymph,0,0,1,DN
10663,lymph,0,0,1,CD4
10664,lymph,0,0,0,none
10665,debris,0,0,0,none
10666,debris,0,0,0,none
10667,gran,0,0,0,none
10668,lymph,0,0,1,CD8
10669,gran,0,0,0,none
10670,debris,0,0,0,none
10671,debris,0,0,0,none
10672,lymph,0,0,1,CD4
10673,debris,0,0,0,none
10674,debris,0,0,0,none
10675,debris,0,0,0,none
10676,mono,0,0,0,none
10677,lymph,0,1,1,DN
10678,lymph,0,0,1,CD4
10679,lymph,0,0,1,CD4
10680,gran,0,0,0,none
10681,debris,0,0,0,none
10682,lymph,0,0,1,CD4
10683,gran,0,0,0,none
10684,lymph,0,0,1,CD4
10685,lymph,0,1,0,none
10686,lymph,0,0,1,CD8
10687,lymph,0,0,1,CD4
10688,lymph,0,0,1,CD4
10689,lymph,0,0,1,CD4
10690,mono,0,0,0,none
10691,debris,0,0,0,none
10692,debris,0,0,0,none
10693,debris,0,0,0,none
10694,gran,0,0,0,none
10695,lymph,0,0,0,none
10696,lymph,0,0,1,CD8
10697,lymph,0,0,1,CD4
10698,lymph,0,0,1,CD8
10699,lymph,0,0,0,none
10700,lymph,0,0,1,CD8
10701,mono,0,0,0,none
10702,lymph,0,0,1,CD8
10703,mono,0,0,0,none
10704,debris,0,0,0,none
10705,lymph,0,0,0,none
10706,lymph,0,0,1,CD4
10707,lymph,0,0,1,CD8
10708,lymph,0,0,1,CD4
10709,lymph,0,0,1,CD8
10710,lymph,0,0,1,CD8
10711,debris,0,0,0,none
10712,lymph,0,0,1,CD4
10713,gran,0,0,0,none
10714,gran,0,0,0,none
10715,debris,0,0,0,none
10716,lymph,0,0,1,CD4
10717,gran,0,0,0,none
10718,lymph,0,0,1,CD4
10719,lymph,0,0,1,DN
10720,lymph,0,0,1,CD4
10721,lymph,0,0,1,CD4
10722,lymph,0,0,1,CD8
10723,lymph,0,0,1,CD4
10724,lymph,0,0,1,CD8
10725,mono,0,0,0,none
10726,lymph,0,0,1,CD4
10727,debris,0,0,0,none
10728,lymph,0,0,0,none
10729,mono,0,0,0,none
10730,lymph,0,0,1,CD4
10731,mono,0,0,0,none
10732,debris,0,0,0,none
10733,lymph,0,0,1,DN
10734,mono,1,0,0,none
10735,lymph,0,0,1,CD4
10736,debris,0,0,0,none
10737,mono,0,0,0,none
10738,gran,0,0,0,none
10739,lymph,0,0,1,CD4
10740,gran,0,0,0,none
10741,lymph,0,0,1,CD8
10742,mono,0,0,0,none
10743,gran,0,0,0,none
10744,lymph,0,0,1,CD4
10745,lymph,0,0,1,CD8
10746,lymph,0,0,0,none
10747,mono,0,0,0,none
10748,mono,0,0,0,none
10749,lymph,0,0,1,CD4
10750,lymph,0,0,1,CD8
10751,lymph,1,0,1,CD8
10752,lymph,0,0,0,none
10753,mono,0,0,0,none
10754,lymph,0,0,0,none
10755,lymph,0,0,1,CD8
10756,lymph,0,0,1,CD4
10757,lymph,0,1,1,CD4
10758,lymph,0,0,1,CD4
10759,lymph,0,0,1,CD4
10760,debris,0,0,0,none
10761,gran,0,0,0,none
10762,mono,1,0,0,none
10763,lymph,0,0,1,CD4
10764,mono,0,0,0,none
10765,lymph,0,0,1,CD4
10766,lymph,0,0,1,CD4
10767,debris,0,0,0,none
10768,lymph,1,0,1,DP
10769,lymph,0,0,1,CD4
10770,gran,1,0,0,none
10771,gran,0,0,0,none
10772,lymph,0,0,1,CD4
10773,lymph,0,0,1,CD4
10774,lymph,0,0,1,CD4
10775,mono,0,0,0,none
10776,gran,0,0,0,none
10777,lymph,0,0,1,CD4
10778,lymph,0,0,1,CD4
10779,mono,0,0,0,none
10780,gran,0,0,0,none
10781,gran,0,0,0,none
10782,gran,0,0,0,none
10783,lymph,0,0,1,CD8
10784,lymph,0,0,0,none
10785,gran,0,1,0,none
10786,lymph,0,0,1,CD8
10787,gran,0,0,0,none
10788,lymph,0,0,0,none
10789,lymph,0,0,1,CD8
10790,lymph,0,0,0,none
10791,lymph,0,0,1,CD4
10792,lymph,0,0,1,CD4
10793,lymph,0,0,0,none
10794,mono,0,0,0,none
10795,gran,0,0,0,none
10796,lymph,0,0,1,CD8
10797,lymph,1,0,1,CD4
10798,lymph,0,0,1,CD8
10799,gran,0,0,0,none
10800,debris,0,0,0,none
10801,lymph,0,0,1,DP
10802,lymph,0,0,1,CD4
10803,lymph,0,0,0,none
10804,mono,0,0,0,none
10805,lymph,0,0,1,CD4
10806,lymph,0,0,0,none
10807,gran,0,0,0,none
10808,debris,0,0,0,none
10809,gran,1,0,0,none
10810,mono,0,0,0,none
10811,lymph,0,0,0,none
10812,debris,0,0,0,none
10813,gran,0,0,0,none
10814,lymph,0,0,1,CD8
10815,debris,0,0,0,none
10816,lymph,0,0,1,CD4
10817,lymph,0,0,0,none
10818,lymph,0,0,0,none
10819,gran,0,0,0,none
10820,gran,0,0,0,none
10821,lymph,0,0,1,CD4
10822,mono,0,0,0,none
10823,mono,0,0,0,none
10824,lymph,0,0,1,CD4
10825,lymph,0,0,1,CD4
10826,lymph,0,0,1,CD8
10827,lymph,0,0,0,none
10828,lymph,0,0,1,CD4
10829,lymph,0,0,1,CD4
10830,lymph,0,0,0,none
10831,lymph,0,0,0,none
10832,lymph,0,0,1,CD8
10833,lymph,0,0,1,DN
10834,gran,0,0,0,none
10835,gran,0,0,0,none
10836,gran,0,0,0,none
10837,lymph,0,0,1,CD8
10838,gran,0,0,0,none
10839,lymph,0,0,0,none
10840,gran,0,0,0,none
10841,lymph,0,0,0,none
10842,lymph,0,0,0,none
10843,lymph,0,0,1,CD4
10844,gran,0,0,0,none
10845,lymph,0,0,1,CD4
10846,mono,0,0,0,none
10847,gran,0,0,0,none
10848,mono,0,0,0,none
10849,lymph,0,0,1,CD4
10850,lymph,0,0,1,DN
10851,lymph,0,0,1,CD8
10852,mono,0,0,0,none
10853,lymph,0,0,0,none
10854,lymph,0,0,0,none
10855,lymph,0,0,1,CD4
10856,lymph,0,0,1,CD4
10857,lymph,0,0,1,CD8
10858,lymph,0,0,0,none
10859,gran,0,0,0,none
10860,mono,0,0,0,none
10861,mono,0,0,0,none
10862,gran,0,0,0,none
10863,lymph,0,0,0,none
10864,lymph,0,0,1,CD8
10865,lymph,0,0,1,CD8
10866,mono,0,0,0,none
10867,lymph,0,0,1,CD8
10868,lymph,1,0,1,CD8
10869,lymph,0,0,1,CD4
10870,lymph,0,0,1,DP
10871,gran,1,0,0,none
10872,debris,0,0,0,none
10873,mono,0,0,0,none
10874,lymph,1,0,0,none
10875,lymph,0,0,1,CD8
10876,gran,0,0,0,none
10877,debris,0,0,0,none
10878,gran,0,0,0,none
10879,gran,0,0,0,none
10880,debris,0,0,0,none
10881,lymph,0,0,1,CD8
10882,lymph,0,0,1,CD8
10883,lymph,0,0,0,none
10884,lymph,0,1,1,CD8
10885,gran,0,0,0,none
10886,lymph,0,0,1,CD4
10887,lymph,0,0,1,CD8
10888,gran,0,0,0,none
10889,lymph,1,0,0,none
10890,mono,0,0,0,none
10891,lymph,0,0,1,CD8
10892,lymph,0,0,0,none
10893,lymph,0,0,1,CD4
10894,mono,0,0,0,none
10895,lymph,0,0,1,CD4
10896,mono,0,0,0,none
10897,mono,0,0,0,none
10898,lymph,1,0,1,CD8
10899,lymph,0,0,1,CD4
10900,lymph,0,0,1,CD4
10901,lymph,0,0,1,CD4
10902,lymph,0,0,1,CD4
10903,debris,0,0,0,none
10904,gran,0,0,0,none
10905,lymph,0,0,1,CD8
10906,lymph,0,0,1,CD4
10907,lymph,0,0,0,none
10908,debris,0,0,0,none
10909,lymph,0,0,1,CD4
10910,lymph,0,0,1,CD8
10911,mono,1,0,0,none
10912,lymph,0,0,1,CD4
10913,lymph,0,0,1,CD4
10914,mono,0,0,0,none
10915,lymph,0,0,1,CD8
10916,lymph,1,0,1,CD4
10917,mono,0,0,0,none
10918,debris,0,0,0,none
10919,gran,0,0,0,none
10920,gran,0,0,0,none
10921,debris,0,0,0,none
10922,lymph,0,0,1,CD8
10923,gran,0,0,0,none
10924,lymph,0,0,1,CD4
10925,mono,0,0,0,none
10926,debris,0,0,0,none
10927,mono,0,0,0,none
10928,mono,0,0,0,none
10929,mono,0,0,0,none
10930,debris,0,0,0,none
10931,lymph,0,1,1,CD8
10932,lymph,0,0,1,CD8
10933,lymph,0,0,1,CD4
10934,lymph,0,0,1,DP
10935,mono,0,0,0,none
10936,lymph,0,0,1,CD4
10937,lymph,0,1,0,none
10938,lymph,0,0,1,CD8
10939,lymph,0,0,0,none
10940,lymph,0,0,1,CD4
10941,debris,0,0,0,none
10942,lymph,0,0,0,none
10943,lymph,0,0,1,DN
10944,gran,1,0,0,none
10945,gran,1,0,0,none
10946,gran,0,0,0,none
10947,lymph,0,0,0,none
10948,mono,0,0,0,none
10949,lymph,0,0,1,CD8
10950,debris,0,0,0,none
10951,lymph,0,0,1,CD4
10952,gran,0,0,0,none
10953,lymph,0,0,1,DP
10954,lymph,0,0,1,DP
10955,gran,0,0,0,none
10956,debris,0,0,0,none
10957,lymph,0,0,0,none
10958,lymph,0,1,1,CD4
10959,gran,0,0,0,none
10960,lymph,0,0,0,none
10961,gran,0,0,0,none
10962,gran,0,0,0,none
10963,debris,0,0,0,none
10964,debris,0,0,0,none
10965,mono,0,0,0,none
10966,debris,0,0,0,none
10967,lymph,0,0,0,none
10968,lymph,0,0,0,none
10969,lymph,0,0,1,CD8
10970,lymph,1,0,1,CD4
10971,gran,0,0,0,none
10972,lymph,0,0,0,none
10973,lymph,0,0,1,CD4
10974,lymph,0,0,1,CD4
10975,lymph,0,0,1,CD4
10976,debris,0,0,0,none
10977,debris,0,0,0,none
10978,lymph,0,0,1,CD4
10979,lymph,0,0,1,CD8
10980,lymph,0,0,1,CD8
10981,lymph,0,0,1,CD4
10982,gran,0,0,0,none
10983,gran,0,0,0,none
10984,mono,1,0,0,none
10985,lymph,0,0,0,none
10986,lymph,0,0,0,none
10987,gran,0,0,0,none
10988,lymph,0,1,0,none
10989,lymph,0,0,1,CD8
10990,lymph,0,1,1,CD4
10991,debris,0,0,0,none
10992,gran,0,1,0,none
10993,debris,0,0,0,none
10994,lymph,0,0,1,CD8
10995,mono,0,0,0,none
10996,mono,0,0,0,none
10997,debris,0,0,0,none
10998,gran,0,0,0,none
10999,mono,0,0,0,none
11000,lymph,0,0,1,CD4
11001,debris,0,0,0,none
11002,lymph,1,0,1,CD4
11003,debris,0,0,0,none
11004,lymph,0,1,1,CD8
11005,lymph,0,0,1,CD8
11006,lymph,0,0,0,none
11007,gran,0,0,0,none
11008,lymph,0,0,1,CD4
11009,lymph,0,0,1,CD8
11010,gran,0,0,0,none
11011,lymph,0,0,1,CD8
11012,lymph,0,0,1,CD4
11013,lymph,0,0,0,none
11014,lymph,0,0,1,CD4
11015,lymph,0,0,1,CD4
11016,lymph,0,0,1,DN
11017,lymph,0,0,0,none
11018,lymph,0,0,1,DN
11019,lymph,0,0,0,none
11020,gran,0,0,0,none
11021,lymph,0,0,0,none
11022,gran,0,1,0,none
11023,lymph,0,0,1,CD8
11024,mono,0,0,0,none
11025,gran,0,0,0,none
11026,lymph,1,1,0,none
11027,lymph,0,0,1,CD8
11028,lymph,0,0,0,none
11029,lymph,0,0,1,CD4
11030,lymph,0,0,1,DN
11031,lymph,0,0,1,CD4
11032,debris,0,0,0,none
11033,gran,0,0,0,none
11034,mono,0,0,0,none
11035,lymph,0,0,1,CD4
11036,gran,0,0,0,none
11037,lymph,0,0,0,none
11038,lymph,0,0,1,CD8
11039,debris,0,0,0,none
11040,lymph,0,1,1,CD4
11041,debris,0,0,0,none
11042,debris,0,0,0,none
11043,lymph,0,0,1,CD4
11044,gran,0,0,0,none
11045,mono,0,0,0,none
11046,lymph,1,0,1,CD8
11047,lymph,0,0,1,CD4
11048,lymph,0,0,1,CD4
11049,lymph,0,0,1,CD4
11050,mono,0,0,0,none
11051,lymph,0,0,0,none
11052,debris,0,0,0,none
11053,lymph,0,0,1,CD4
11054,lymph,0,0,0,none
11055,gran,0,0,0,none
11056,mono,0,0,0,none
11057,mono,0,0,0,none
11058,gran,0,0,0,none
11059,lymph,0,0,1,CD4
11060,lymph,0,0,1,CD8
11061,lymph,0,0,1,CD4
11062,lymph,0,0,1,CD4
11063,lymph,0,0,1,CD4
11064,lymph,0,0,1,CD4
11065,gran,0,0,0,none
11066,lymph,0,0,1,CD4
11067,mono,0,0,0,none
11068,lymph,0,0,0,none
11069,debris,0,0,0,none
11070,lymph,0,0,1,CD4
11071,lymph,0,0,0,none
11072,lymph,0,0,0,none
11073,lymph,0,0,1,CD4
11074,gran,1,1,0,none
11075,gran,0,0,0,none
11076,lymph,0,0,1,CD4
11077,lymph,0,0,1,CD4
11078,lymph,0,0,1,CD8
11079,lymph,0,0,1,CD4
11080,lymph,0,0,1,CD4
11081,lymph,0,0,1,CD8
11082,lymph,0,0,1,CD4
11083,lymph,0,0,1,CD4
11084,gran,0,0,0,none
11085,lymph,0,0,1,CD4
11086,gran,0,0,0,none
11087,lymph,0,0,0,none
11088,lymph,0,0,1,CD4
11089,gran,0,0,0,none
11090,lymph,0,0,1,CD4
11091,mono,0,0,0,none
11092,lymph,0,0,0,none
11093,lymph,1,0,1,DN
11094,debris,0,0,0,none
11095,lymph,0,0,1,CD4
11096,gran,0,0,0,none
11097,lymph,1,0,1,CD8
11098,debris,0,0,0,none
11099,lymph,0,0,1,CD8
11100,lymph,0,0,1,CD4
11101,lymph,0,0,1,CD4
11102,lymph,0,0,1,DN
11103,lymph,0,0,1,CD4
11104,lymph,0,0,1,CD8
11105,gran,0,0,0,none
11106,debris,0,0,0,none
11107,gran,0,0,0,none
11108,lymph,0,0,1,CD4
11109,lymph,0,0,1,DP
11110,lymph,0,0,1,CD4
11111,lymph,0,0,1,CD8
11112,lymph,0,1,1,CD4
11113,debris,0,0,0,none
11114,lymph,0,0,1,CD8
11115,lymph,0,0,0,none
11116,debris,0,0,0,none
11117,lymph,0,0,1,CD4
11118,mono,0,0,0,none
11119,gran,0,0,0,none
11120,lymph,0,0,1,CD8
11121,gran,0,0,0,none
11122,lymph,0,0,1,CD4
11123,gran,1,0,0,none
11124,lymph,0,1,0,none
11125,debris,0,0,0,none
11126,lymph,0,0,0,none
11127,gran,0,0,0,none
11128,lymph,0,0,1,DP
11129,gran,0,0,0,none
11130,gran,0,0,0,none
11131,debris,0,0,0,none
11132,mono,0,0,0,none
11133,gran,0,0,0,none
11134,lymph,0,0,1,CD8
11135,mono,0,0,0,none
11136,debris,0,0,0,none
11137,gran,0,0,0,none
11138,lymph,0,0,1,CD8
11139,lymph,0,0,1,DN
11140,lymph,0,0,1,CD4
11141,mono,0,0,0,none
11142,lymph,0,0,0,none
11143,lymph,0,0,1,CD4
11144,lymph,1,0,1,CD8
11145,mono,0,0,0,none
11146,gran,0,0,0,none
11147,mono,0,0,0,none
11148,lymph,1,0,1,CD4
11149,gran,0,0,0,none
11150,gran,1,1,0,none
11151,lymph,0,0,1,CD4
11152,gran,0,0,0,none
11153,debris,0,0,0,none
11154,lymph,0,1,1,CD4
11155,gran,0,0,0,none
11156,lymph,0,0,1,CD4
11157,debris,0,0,0,none
11158,lymph,1,0,1,CD4
11159,debris,0,0,0,none
11160,lymph,0,0,1,DN
11161,lymph,0,0,1,CD4
11162,lymph,0,0,1,CD4
11163,lymph,0,0,0,none
11164,lymph,0,0,1,CD4
11165,gran,0,0,0,none
11166,gran,0,0,0,none
11167,gran,0,0,0,none
11168,lymph,0,0,0,none
11169,lymph,1,0,0,none
11170,lymph,0,0,1,DN
11171,lymph,0,0,1,CD8
11172,lymph,0,0,0,none
11173,lymph,1,0,1,CD4
11174,gran,0,1,0,none
11175,lymph,0,0,1,CD4
11176,gran,0,0,0,none
11177,lymph,0,0,1,CD4
11178,lymph,0,0,0,none
11179,mono,0,0,0,none
11180,lymph,0,0,1,CD4
11181,lymph,0,0,1,CD8
11182,gran,0,0,0,none
11183,lymph,0,0,1,DN
11184,lymph,0,0,1,CD4
11185,lymph,0,0,1,CD4
11186,lymph,0,0,0,none
11187,lymph,0,0,1,CD4
11188,lymph,0,0,0,none
11189,lymph,0,0,1,CD4
11190,lymph,0,0,0,none
11191,gran,0,0,0,none
11192,lymph,0,0,1,CD4
11193,lymph,0,1,1,CD8
11194,lymph,0,0,1,CD8
11195,gran,0,0,0,none
11196,debris,0,0,0,none
11197,lymph,0,0,1,CD4
11198,lymph,0,0,1,CD4
11199,gran,0,0,0,none
11200,mono,1,0,0,none
11201,lymph,0,0,1,CD4
11202,lymph,1,0,1,DN
11203,mono,0,0,0,none
11204,lymph,0,0,1,CD4
11205,lymph,0,0,1,CD8
11206,lymph,0,0,1,CD8
11207,gran,0,0,0,none
11208,lymph,0,0,1,CD8
11209,lymph,0,0,1,DN
11210,lymph,0,0,1,DN
11211,mono,0,0,0,none
11212,debris,0,0,0,none
11213,lymph,0,0,1,CD8
11214,gran,0,0,0,none
11215,gran,0,0,0,none
11216,debris,0,0,0,none
11217,mono,1,0,0,none
11218,gran,0,0,0,none
11219,gran,0,0,0,none
11220,gran,1,0,0,none
11221,lymph,0,0,1,CD8
11222,lymph,0,0,0,none
11223,lymph,0,0,1,CD4
11224,gran,0,0,0,none
11225,lymph,0,0,0,none
11226,lymph,0,0,0,none
11227,lymph,0,0,1,CD8
11228,gran,0,0,0,none
11229,mono,0,0,0,none
11230,lymph,0,0,0,none
11231,debris,0,0,0,none
11232,lymph,0,0,1,CD4
11233,lymph,0,0,1,CD4
11234,lymph,0,0,0,none
11235,lymph,0,0,1,CD4
11236,lymph,0,0,1,DN
11237,lymph,0,0,1,CD4
11238,lymph,0,0,0,none
11239,debris,0,0,0,none
11240,lymph,0,0,1,CD4
11241,lymph,1,0,0,none
11242,lymph,0,0,0,none
11243,lymph,0,0,1,CD4
11244,gran,0,0,0,none
11245,lymph,0,0,1,DN
11246,lymph,0,0,1,CD4
11247,lymph,0,0,1,CD4
11248,lymph,0,0,1,CD8
11249,gran,0,0,0,none
11250,debris,0,0,0,none
11251,gran,0,0,0,none
11252,gran,0,0,0,none
11253,lymph,1,0,1,CD8
11254,debris,0,0,0,none
11255,lymph,0,0,1,DN
11256,lymph,0,0,0,none
11257,lymph,0,0,1,CD4
11258,lymph,0,0,1,CD4
11259,mono,1,0,0,none
11260,lymph,0,0,0,none
11261,lymph,0,0,1,CD8
11262,gran,0,0,0,none
11263,lymph,0,0,0,none
11264,debris,0,0,0,none
11265,gran,0,0,0,none
11266,lymph,0,0,1,CD4
11267,debris,0,0,0,none
11268,lymph,0,0,1,CD4
11269,gran,0,0,0,none
11270,debris,0,0,0,none
11271,lymph,0,0,1,CD4
11272,lymph,0,0,1,CD4
11273,lymph,0,0,1,CD4
11274,lymph,0,0,1,DN
11275,debris,0,0,0,none
11276,lymph,0,0,1,CD4
11277,lymph,0,0,1,CD8
11278,mono,0,0,0,none
11279,lymph,0,0,1,CD4
11280,debris,0,0,0,none
11281,gran,0,0,0,none
11282,mono,0,0,0,none
11283,debris,0,0,0,none
11284,lymph,0,0,1,CD4
11285,lymph,0,0,1,CD8
11286,lymph,0,0,1,CD4
11287,mono,0,0,0,none
11288,lymph,0,0,0,none
11289,lymph,1,0,0,none
11290,debris,0,0,0,none
11291,lymph,0,0,1,CD8
11292,lymph,1,0,1,DP
11293,lymph,0,0,1,CD4
11294,lymph,0,0,1,CD4
11295,lymph,0,0,1,CD4
11296,gran,0,0,0,none
11297,debris,0,0,0,none
11298,gran,0,0,0,none
11299,gran,0,0,0,none
11300,mono,0,0,0,none
11301,lymph,0,0,1,CD8
11302,lymph,0,0,1,CD4
11303,lymph,0,0,0,none
11304,lymph,0,0,1,CD4
11305,lymph,0,0,1,CD8
11306,gran,0,0,0,none
11307,debris,0,0,0,none
11308,lymph,0,0,1,CD4
11309,lymph,0,0,0,none
11310,lymph,0,0,1,CD4
11311,debris,0,0,0,none
11312,lymph,0,0,1,CD8
11313,lymph,1,0,1,CD4
11314,gran,0,0,0,none
11315,debris,0,0,0,none
11316,gran,0,0,0,none
11317,lymph,0,0,0,none
11318,lymph,0,0,1,CD4
11319,lymph,0,0,1,CD4
11320,lymph,0,0,1,CD8
11321,lymph,0,0,1,CD8
11322,lymph,0,0,0,none
11323,gran,0,0,0,none
11324,lymph,0,0,0,none
11325,lymph,1,0,0,none
11326,lymph,0,0,1,CD4
11327,lymph,0,1,1,CD8
11328,lymph,0,0,0,none
11329,mono,0,0,0,none
11330,lymph,0,0,0,none
11331,lymph,0,0,1,CD4
11332,lymph,0,1,0,none
11333,gran,0,0,0,none
11334,lymph,0,0,1,CD4
11335,lymph,0,1,1,CD4
11336,lymph,0,0,1,CD4
11337,lymph,0,0,1,CD4
11338,lymph,0,0,1,CD8
11339,gran,0,0,0,none
11340,lymph,0,0,1,CD8
11341,mono,0,0,0,none
11342,lymph,0,0,0,none
11343,gran,0,0,0,none
11344,lymph,0,0,1,CD4
11345,debris,0,0,0,none
11346,lymph,0,0,1,CD4
11347,lymph,0,0,1,DN
11348,gran,0,0,0,none
11349,lymph,0,0,0,none
11350,lymph,0,0,1,CD8
11351,mono,0,0,0,none
11352,lymph,0,0,0,none
11353,lymph,0,0,0,none
11354,lymph,0,0,1,CD4
11355,debris,0,0,0,none
11356,lymph,0,0,1,CD4
11357,mono,0,0,0,none
11358,lymph,0,0,0,none
11359,gran,0,0,0,none
11360,gran,0,0,0,none
11361,lymph,0,0,0,none
11362,gran,0,1,0,none
11363,lymph,0,0,1,DN
11364,gran,0,0,0,none
11365,debris,0,0,0,none
11366,mono,0,1,0,none
11367,mono,0,0,0,none
11368,lymph,0,0,1,CD4
11369,debris,0,0,0,none
11370,gran,0,0,0,none
11371,gran,0,0,0,none
11372,lymph,0,0,1,CD4
11373,mono,0,0,0,none
11374,debris,0,0,0,none
11375,gran,0,0,0,none
11376,lymph,0,0,1,CD4
11377,lymph,0,0,0,none
11378,mono,0,0,0,none
11379,lymph,0,0,1,CD8
11380,lymph,0,0,0,none
11381,lymph,0,0,1,CD8
11382,mono,0,0,0,none
11383,lymph,0,1,0,none
11384,lymph,0,0,1,CD4
11385,mono,0,0,0,none
11386,lymph,0,0,1,CD8
11387,lymph,0,0,1,CD4
11388,lymph,0,0,1,CD4
11389,lymph,1,0,1,DN
11390,lymph,0,0,0,none
11391,lymph,0,0,1,CD4
11392,gran,0,0,0,none
11393,debris,0,0,0,none
11394,mono,0,0,0,none
11395,debris,0,0,0,none
11396,lymph,0,1,1,CD4
11397,lymph,0,0,1,CD4
11398,lymph,1,0,1,CD4
11399,lymph,0,0,0,none
11400,debris,0,0,0,none
11401,mono,0,0,0,none
11402,lymph,0,0,1,CD8
11403,lymph,0,0,1,CD4
11404,lymph,0,0,0,none
11405,lymph,1,0,1,CD4
11406,lymph,0,0,1,CD8
11407,lymph,0,0,1,CD4
11408,mono,0,0,0,none
11409,lymph,0,0,1,CD8
11410,mono,0,0,0,none
11411,debris,0,0,0,none
11412,lymph,0,0,1,CD4
11413,lymph,1,0,1,CD4
11414,debris,0,0,0,none
11415,gran,0,0,0,none
11416,lymph,0,0,1,CD4
11417,mono,0,0,0,none
11418,lymph,0,0,1,CD8
11419,lymph,0,0,1,CD4
11420,lymph,0,1,0,none
11421,lymph,1,0,1,CD4
11422,gran,0,0,0,none
11423,lymph,0,0,1,DN
11424,debris,0,0,0,none
11425,mono,0,0,0,none
11426,gran,0,0,0,none
11427,gran,0,0,0,none
11428,lymph,0,0,1,CD4
11429,mono,0,0,0,none
11430,debris,0,0,0,none
11431,lymph,0,0,1,CD4
11432,gran,0,0,0,none
11433,lymph,0,0,1,CD4
11434,mono,0,0,0,none
11435,lymph,1,1,0,none
11436,lymph,0,0,0,none
11437,mono,0,0,0,none
11438,lymph,0,0,1,CD8
11439,gran,0,0,0,none
11440,gran,0,0,0,none
11441,lymph,0,0,0,none
11442,debris,0,0,0,none
11443,lymph,0,0,1,CD4
11444,mono,0,0,0,none
11445,lymph,0,0,1,CD4
11446,lymph,1,0,1,CD4
11447,mono,0,0,0,none
11448,gran,0,0,0,none
11449,lymph,0,0,1,CD4
11450,lymph,0,0,0,none
11451,lymph,0,0,1,CD4
11452,gran,0,0,0,none
11453,lymph,0,0,1,CD8
11454,lymph,0,0,0,none
11455,lymph,0,0,1,CD8
11456,mono,0,0,0,none
11457,lymph,0,0,1,DN
11458,gran,0,0,0,none
11459,lymph,0,0,0,none
11460,lymph,0,0,1,DP
11461,mono,0,1,0,none
11462,mono,0,0,0,none
11463,debris,0,0,0,none
11464,lymph,0,0,1,CD8
11465,lymph,0,0,1,CD8
11466,lymph,0,0,1,CD4
11467,debris,0,0,0,none
11468,lymph,0,0,1,CD8
11469,gran,0,0,0,none
11470,lymph,0,0,1,CD4
11471,lymph,0,0,1,DN
11472,lymph,0,0,0,none
11473,debris,0,0,0,none
11474,lymph,0,0,0,none
11475,lymph,1,0,1,CD4
11476,lymph,0,0,1,CD4
11477,lymph,1,0,1,CD8
11478,gran,0,0,0,none
11479,lymph,0,0,1,CD4
11480,gran,0,0,0,none
11481,mono,0,0,0,none
11482,mono,0,0,0,none
11483,mono,0,0,0,none
11484,debris,0,0,0,none
11485,mono,0,0,0,none
11486,lymph,0,0,1,CD8
11487,lymph,0,0,1,CD4
11488,gran,0,0,0,none
11489,gran,0,0,0,none
11490,gran,0,0,0,none
11491,debris,0,0,0,none
11492,lymph,0,0,1,DN
11493,lymph,0,0,0,none
11494,gran,0,0,0,none
11495,gran,0,0,0,none
11496,lymph,0,0,1,CD8
11497,lymph,0,0,1,CD8
11498,gran,0,0,0,none
11499,gran,0,0,0,none
11500,lymph,1,0,1,CD4
11501,lymph,0,0,0,none
11502,gran,0,0,0,none
11503,lymph,0,0,1,CD4
11504,mono,0,0,0,none
11505,gran,0,0,0,none
11506,lymph,0,0,1,CD4
11507,lymph,0,0,1,CD4
11508,gran,0,0,0,none
11509,mono,0,0,0,none
11510,lymph,0,0,1,CD4
11511,gran,0,0,0,none
11512,mono,1,0,0,none
11513,lymph,0,0,1,DN
11514,lymph,0,0,0,none
11515,lymph,0,0,1,CD8
11516,lymph,0,0,1,CD4
11517,lymph,0,0,0,none
11518,lymph,0,0,1,CD4
11519,debris,0,0,0,none
11520,debris,0,0,0,none
11521,lymph,0,0,1,CD8
11522,mono,0,0,0,none
11523,lymph,0,0,1,CD4
11524,lymph,0,0,1,CD8
11525,mono,0,0,0,none
11526,gran,0,0,0,none
11527,debris,0,0,0,none
11528,gran,0,0,0,none
11529,lymph,0,0,1,CD8
11530,lymph,0,0,1,CD8
11531,debris,0,0,0,none
11532,lymph,0,0,1,DN
11533,gran,0,0,0,none
11534,debris,0,0,0,none
11535,debris,0,0,0,none
11536,lymph,0,0,0,none
11537,lymph,0,0,0,none
11538,lymph,0,0,1,CD4
11539,lymph,0,0,1,CD4
11540,lymph,0,0,1,CD8
11541,gran,0,0,0,none
11542,debris,0,0,0,none
11543,lymph,0,0,0,none
11544,lymph,0,0,0,none
11545,debris,0,0,0,none
11546,gran,0,0,0,none
11547,lymph,0,0,1,CD4
11548,gran,0,0,0,none
11549,mono,0,0,0,none
11550,lymph,0,0,1,CD8
11551,mono,0,0,0,none
11552,debris,0,0,0,none
11553,lymph,0,0,1,CD4
11554,lymph,0,0,1,CD8
11555,debris,0,0,0,none
11556,gran,0,0,0,none
11557,lymph,0,0,0,none
11558,lymph,0,0,1,CD4
11559,lymph,0,0,1,CD8
11560,lymph,0,0,1,CD8
11561,lymph,0,0,0,none
11562,lymph,0,0,1,CD4
11563,lymph,0,0,0,none
11564,gran,0,0,0,none
11565,lymph,0,0,0,none
11566,lymph,0,0,1,CD8
11567,lymph,0,0,1,CD8
11568,lymph,1,0,1,CD8
11569,lymph,0,0,0,none
11570,mono,0,0,0,none
11571,mono,0,0,0,none
11572,lymph,0,0,1,CD8
11573,debris,0,0,0,none
11574,lymph,0,0,1,CD4
11575,lymph,0,0,1,CD4
11576,lymph,1,1,0,none
11577,debris,0,0,0,none
11578,lymph,0,0,0,none
11579,mono,0,0,0,none
11580,lymph,0,0,1,CD4
11581,lymph,0,0,1,DN
11582,debris,0,0,0,none
11583,debris,0,0,0,none
11584,debris,0,0,0,none
11585,lymph,0,0,1,CD8
11586,gran,0,0,0,none
11587,gran,0,0,0,none
11588,gran,0,0,0,none
11589,lymph,0,0,0,none
11590,debris,0,0,0,none
11591,lymph,0,0,1,CD8
11592,lymph,0,0,1,CD4
11593,lymph,0,0,1,CD8
11594,lymph,0,0,1,CD4
11595,lymph,0,0,1,CD8
11596,lymph,0,0,1,CD8
11597,debris,0,0,0,none
11598,lymph,0,0,1,CD8
11599,lymph,0,0,0,none
11600,lymph,0,0,1,CD4
11601,lymph,0,0,0,none
11602,lymph,0,0,0,none
11603,lymph,0,0,1,CD4
11604,lymph,0,0,1,CD4
11605,lymph,0,0,0,none
11606,mono,0,0,0,none
11607,lymph,0,0,1,CD4
11608,lymph,0,0,1,CD8
11609,lymph,0,0,0,none
11610,lymph,0,0,1,DP
11611,lymph,0,0,1,CD4
11612,mono,0,0,0,none
11613,lymph,0,0,0,none
11614,lymph,0,0,0,none
11615,lymph,0,0,1,CD8
11616,lymph,0,0,0,none
11617,mono,0,0,0,none
11618,lymph,1,0,1,DN
11619,lymph,0,0,1,CD8
11620,lymph,0,0,1,CD4
11621,gran,0,0,0,none
11622,gran,0,1,0,none
11623,lymph,0,0,0,none
11624,gran,0,1,0,none
11625,lymph,0,0,1,CD4
11626,lymph,0,0,1,CD8
11627,gran,0,0,0,none
11628,gran,0,0,0,none
11629,debris,0,0,0,none
11630,debris,0,0,0,none
11631,lymph,0,0,1,CD4
11632,gran,1,1,0,none
11633,lymph,0,0,0,none
11634,gran,0,0,0,none
11635,lymph,0,0,1,CD8
11636,mono,0,0,0,none
11637,lymph,1,0,1,CD8
11638,lymph,0,0,0,none
11639,gran,0,0,0,none
11640,gran,0,0,0,none
11641,lymph,0,0,1,CD4
11642,mono,0,0,0,none
11643,gran,0,0,0,none
11644,gran,0,0,0,none
11645,lymph,0,0,1,CD8
11646,lymph,0,0,1,CD4
11647,lymph,0,0,1,DN
11648,debris,0,0,0,none
11649,gran,0,0,0,none
11650,lymph,0,0,0,none
11651,debris,0,0,0,none
11652,lymph,0,0,1,CD4
11653,lymph,0,0,1,DP
11654,mono,0,0,0,none
11655,lymph,0,0,0,none
11656,lymph,1,0,0,none
11657,lymph,0,0,1,CD4
11658,lymph,0,1,1,CD8
11659,lymph,0,0,1,CD4
11660,debris,0,0,0,none
11661,gran,0,0,0,none
11662,lymph,0,0,0,none
11663,lymph,0,0,1,CD8
11664,lymph,0,0,1,CD4
11665,gran,0,0,0,none
11666,mono,0,0,0,none
11667,lymph,0,0,1,CD8
11668,gran,0,0,0,none
11669,debris,0,0,0,none
11670,lymph,0,0,1,DP
11671,debris,0,0,0,none
11672,lymph,0,0,1,CD4
11673,lymph,0,0,0,none
11674,lymph,0,0,1,CD4
11675,lymph,0,1,0,none
11676,lymph,0,0,1,CD4
11677,mono,0,0,0,none
11678,gran,0,0,0,none
11679,lymph,0,0,1,CD4
11680,mono,0,0,0,none
11681,lymph,0,0,1,CD4
11682,lymph,0,0,1,DP
11683,lymph,0,0,1,DN
11684,lymph,0,0,1,CD4
11685,lymph,0,0,0,none
11686,lymph,0,0,1,CD8
11687,debris,0,0,0,none
11688,lymph,0,0,1,CD4
11689,lymph,0,0,1,CD4
11690,gran,0,0,0,none
11691,lymph,0,0,1,CD4
11692,lymph,1,0,0,none
11693,lymph,0,0,0,none
11694,lymph,0,0,1,CD8
11695,lymph,0,0,1,CD8
11696,lymph,0,0,1,CD4
11697,gran,0,0,0,none
11698,mono,0,0,0,none
11699,lymph,0,0,1,CD8
11700,lymph,0,0,1,CD8
11701,gran,0,0,0,none
11702,lymph,0,0,0,none
11703,gran,0,0,0,none
11704,gran,0,0,0,none
11705,lymph,0,0,1,CD8
11706,mono,0,0,0,none
11707,lymph,0,0,1,DN
11708,lymph,0,0,1,CD4
11709,lymph,0,0,1,CD8
11710,debris,0,0,0,none
11711,mono,0,0,0,none
11712,debris,0,0,0,none
11713,lymph,1,0,0,none
11714,lymph,0,0,1,CD4
11715,lymph,0,0,0,none
11716,lymph,1,0,1,CD4
11717,lymph,1,0,1,CD8
11718,gran,0,0,0,none
11719,mono,0,1,0,none
11720,gran,0,0,0,none
11721,debris,0,0,0,none
11722,debris,0,0,0,none
11723,mono,1,0,0,none
11724,mono,0,0,0,none
11725,mono,0,0,0,none
11726,mono,0,0,0,none
11727,lymph,0,0,1,CD8
11728,mono,0,0,0,none
11729,lymph,0,0,1,CD4
11730,lymph,0,0,1,CD8
11731,lymph,0,0,1,CD4
11732,lymph,0,0,0,none
11733,lymph,0,0,1,CD8
11734,gran,0,0,0,none
11735,gran,0,0,0,none
11736,lymph,1,0,1,DP
11737,debris,0,0,0,none
11738,lymph,0,0,0,none
11739,lymph,1,0,1,CD4
11740,lymph,0,0,1,CD8
11741,lymph,0,0,0,none
11742,lymph,1,0,1,DP
11743,lymph,0,0,1,CD4
11744,gran,1,1,0,none
11745,gran,0,0,0,none
11746,lymph,0,0,1,CD8
11747,gran,0,0,0,none
11748,lymph,0,0,0,none
11749,gran,1,0,0,none
11750,lymph,0,0,0,none
11751,lymph,0,0,1,CD4
11752,mono,0,0,0,none
11753,lymph,0,0,1,CD4
11754,lymph,0,0,1,CD8
11755,debris,0,0,0,none
11756,lymph,0,0,0,none
11757,debris,0,0,0,none
11758,lymph,0,0,1,CD8
11759,gran,0,0,0,none
11760,lymph,0,0,1,DP
11761,mono,1,0,0,none
11762,lymph,0,0,1,CD4
11763,lymph,0,0,1,CD4
11764,lymph,0,1,1,DN
11765,lymph,0,0,1,CD8
11766,lymph,0,0,1,CD8
11767,gran,0,0,0,none
11768,lymph,0,0,0,none
11769,lymph,0,0,0,none
11770,lymph,0,0,1,CD4
11771,lymph,0,0,1,CD8
11772,lymph,0,0,1,DN
11773,lymph,0,1,0,none
11774,lymph,0,0,0,none
11775,lymph,0,0,1,CD8
11776,lymph,1,0,1,CD8
11777,mono,0,0,0,none
11778,lymph,0,0,0,none
11779,lymph,0,0,1,CD4
11780,lymph,0,1,1,CD4
11781,mono,0,0,0,none
11782,gran,0,0,0,none
11783,gran,0,0,0,none
11784,debris,0,0,0,none
11785,debris,0,0,0,none
11786,lymph,0,0,0,none
11787,lymph,0,0,1,CD4
11788,lymph,0,0,1,CD4
11789,lymph,0,0,1,CD8
11790,lymph,0,0,0,none
11791,lymph,0,0,1,CD4
11792,lymph,0,0,1,DN
11793,gran,0,0,0,none
11794,lymph,0,0,0,none
11795,lymph,0,0,1,CD4
11796,debris,0,0,0,none
11797,gran,0,0,0,none
11798,lymph,0,0,1,CD8
11799,gran,0,0,0,none
11800,lymph,0,0,1,CD8
11801,lymph,0,0,1,CD4
11802,lymph,0,0,1,DN
11803,debris,0,0,0,none
11804,debris,0,0,0,none
11805,gran,0,0,0,none
11806,gran,0,0,0,none
11807,gran,0,0,0,none
11808,mono,0,0,0,none
11809,lymph,0,0,1,CD4
11810,lymph,0,0,1,CD4
11811,lymph,1,0,1,CD8
11812,mono,0,0,0,none
11813,lymph,0,0,1,CD4
11814,lymph,0,0,1,CD8
11815,mono,0,0,0,none
11816,lymph,0,0,1,CD4
11817,lymph,0,0,1,CD4
11818,gran,0,0,0,none
11819,mono,0,0,0,none
11820,lymph,0,0,0,none
11821,lymph,0,0,1,CD4
11822,lymph,0,0,1,CD4
11823,mono,0,0,0,none
11824,lymph,0,0,1,CD8
11825,lymph,0,0,0,none
11826,debris,0,0,0,none
11827,debris,0,0,0,none
11828,lymph,0,0,1,CD4
11829,lymph,0,0,1,CD8
11830,lymph,0,0,1,DN
11831,gran,0,0,0,none
11832,gran,0,0,0,none
11833,lymph,1,0,0,none
11834,lymph,1,0,1,CD8
11835,lymph,0,0,1,CD8
11836,lymph,0,0,1,CD4
11837,lymph,0,0,1,CD4
11838,lymph,0,0,1,CD8
11839,debris,0,0,0,none
11840,lymph,0,0,1,CD4
11841,debris,0,0,0,none
11842,gran,0,0,0,none
11843,lymph,0,0,0,none
11844,lymph,0,0,1,CD8
11845,lymph,0,0,1,CD4
11846,gran,0,0,0,none
11847,mono,0,0,0,none
11848,lymph,0,1,0,none
11849,lymph,0,0,1,CD8
11850,mono,0,0,0,none
11851,lymph,0,0,0,none
11852,lymph,0,0,0,none
11853,lymph,0,0,1,CD4
11854,lymph,0,0,0,none
11855,mono,0,0,0,none
11856,lymph,0,0,0,none
11857,lymph,0,0,0,none
11858,lymph,0,0,1,CD4
11859,lymph,0,0,1,CD4
11860,lymph,0,0,1,CD4
11861,lymph,0,0,1,CD8
11862,gran,0,0,0,none
11863,lymph,0,0,0,none
11864,mono,0,0,0,none
11865,lymph,0,0,0,none
11866,mono,0,0,0,none
11867,gran,0,0,0,none
11868,lymph,0,0,1,CD4
11869,lymph,0,0,0,none
11870,gran,1,0,0,none
11871,gran,0,0,0,none
11872,mono,0,0,0,none
11873,lymph,0,0,0,none
11874,lymph,0,0,1,CD8
11875,debris,0,0,0,none
11876,lymph,0,0,1,DN
11877,lymph,0,0,1,DN
11878,lymph,0,0,1,CD4
11879,lymph,0,0,1,CD8
11880,debris,0,0,0,none
11881,lymph,0,0,1,CD4
11882,lymph,0,0,0,none
11883,gran,0,0,0,none
11884,lymph,0,0,1,CD8
11885,debris,0,0,0,none
11886,debris,0,0,0,none
11887,lymph,1,0,0,none
11888,gran,0,0,0,none
11889,lymph,0,0,1,CD8
11890,gran,0,0,0,none
11891,gran,1,0,0,none
11892,lymph,0,0,1,CD4
11893,lymph,0,0,1,CD4
11894,lymph,0,0,1,CD8
11895,gran,0,0,0,none
11896,lymph,0,0,1,CD4
11897,lymph,0,0,1,CD4
11898,mono,0,0,0,none
11899,gran,0,0,0,none
11900,mono,0,0,0,none
11901,gran,0,0,0,none
11902,debris,0,0,0,none
11903,mono,1,0,0,none
11904,mono,0,0,0,none
11905,lymph,0,0,1,CD4
11906,lymph,1,0,1,CD4
11907,lymph,0,0,0,none
11908,gran,0,0,0,none
11909,debris,0,0,0,none
11910,lymph,1,0,0,none
11911,lymph,1,1,1,CD8
11912,lymph,0,0,1,CD4
11913,lymph,0,0,1,CD4
11914,mono,1,0,0,none
11915,debris,0,0,0,none
11916,lymph,0,0,1,CD8
11917,lymph,0,0,0,none
11918,gran,0,0,0,none
11919,lymph,0,0,0,none
11920,gran,0,0,0,none
11921,lymph,0,0,1,CD4
11922,lymph,0,0,1,CD4
11923,lymph,1,0,1,CD4
11924,gran,0,0,0,none
11925,lymph,0,0,1,CD4
11926,lymph,0,0,1,CD8
11927,mono,0,0,0,none
11928,debris,0,0,0,none
11929,lymph,0,0,1,CD8
11930,debris,0,0,0,none
11931,lymph,0,0,1,CD4
11932,lymph,0,0,1,CD4
11933,lymph,0,0,1,DP
11934,lymph,0,0,1,CD4
11935,gran,1,0,0,none
11936,lymph,0,0,1,CD4
11937,lymph,0,0,0,none
11938,gran,0,0,0,none
11939,lymph,0,0,0,none
11940,debris,0,0,0,none
11941,lymph,0,0,1,CD4
11942,debris,0,0,0,none
11943,lymph,0,0,1,DN
11944,lymph,0,0,1,CD4
11945,mono,0,0,0,none
11946,lymph,0,0,0,none
11947,mono,0,0,0,none
11948,lymph,0,0,1,CD4
11949,lymph,0,0,1,CD4
11950,lymph,0,0,1,CD8
11951,lymph,0,0,0,none
11952,lymph,0,0,0,none
11953,lymph,0,0,1,CD8
11954,lymph,0,0,0,none
11955,lymph,0,0,1,CD4
11956,gran,0,1,0,none
11957,lymph,0,0,1,CD8
11958,lymph,0,0,1,CD8
11959,mono,0,0,0,none
11960,debris,0,0,0,none
11961,lymph,0,0,0,none
11962,lymph,0,0,1,CD4
11963,lymph,0,0,1,DN
11964,debris,0,0,0,none
11965,lymph,0,0,0,none
11966,lymph,1,0,1,CD4
11967,lymph,0,0,1,CD4
11968,lymph,0,0,1,CD4
11969,gran,0,0,0,none
11970,gran,0,0,0,none
11971,lymph,0,0,0,none
11972,lymph,0,0,1,CD8
11973,lymph,0,0,1,CD8
11974,gran,0,0,0,none
11975,debris,0,0,0,none
11976,lymph,0,0,1,CD4
11977,mono,0,0,0,none
11978,lymph,0,0,0,none
11979,gran,1,0,0,none
11980,gran,0,0,0,none
11981,debris,0,0,0,none
11982,lymph,0,0,0,none
11983,lymph,0,0,0,none
11984,lymph,0,0,1,CD4
11985,lymph,0,0,1,DN
11986,lymph,0,0,1,CD8
11987,lymph,0,0,1,CD4
11988,gran,0,0,0,none
11989,debris,0,0,0,none
11990,gran,0,0,0,none
11991,mono,0,0,0,none
11992,lymph,0,0,1,CD4
11993,lymph,0,0,0,none
11994,debris,0,0,0,none
11995,gran,1,0,0,none
11996,gran,0,1,0,none
11997,lymph,0,0,1,CD4
11998,lymph,0,0,1,CD8
11999,lymph,0,0,1,DP
