EventIndex,Class,Doublet,Dead,CD3Positive,TCellState
0,mono,0,0,0,none
1,lymph,0,0,1,CD8
2,lymph,0,0,1,CD4
3,gran,0,0,0,none
4,lymph,0,0,1,CD8
5,debris,0,0,0,none
6,gran,0,0,0,none
7,gran,0,0,0,none
8,debris,0,0,0,none
9,lymph,0,0,1,CD8
10,gran,0,0,0,none
11,gran,0,0,0,none
12,gran,0,0,0,none
13,debris,0,0,0,none
14,lymph,0,0,1,CD4
15,gran,0,0,0,none
16,gran,0,0,0,none
17,lymph,0,0,0,none
18,gran,0,0,0,none
19,mono,0,0,0,none
20,lymph,0,0,1,CD8
21,lymph,1,0,1,CD4
22,lymph,0,0,1,CD4
23,lymph,0,0,1,CD8
24,lymph,1,0,0,none
25,lymph,0,0,0,none
26,lymph,0,0,1,CD4
27,debris,0,0,0,none
28,lymph,0,0,1,CD4
29,gran,0,1,0,none
30,gran,1,0,0,none
31,lymph,0,0,1,CD8
32,lymph,0,0,1,CD8
33,lymph,0,0,0,none
34,gran,0,0,0,none
35,lymph,0,0,1,DP
36,lymph,0,0,1,CD8
37,lymph,0,0,1,CD8
38,lymph,0,0,0,none
39,gran,0,0,0,none
40,lymph,0,0,1,CD4
41,debris,0,0,0,none
42,gran,0,0,0,none
43,gran,0,0,0,none
44,lymph,0,1,0,none
45,lymph,1,1,1,CD4
46,lymph,0,0,0,none
47,lymph,0,0,1,CD4
48,gran,0,0,0,none
49,lymph,0,1,0,none
50,lymph,0,0,1,CD4
51,gran,0,0,0,none
52,lymph,0,0,0,none
53,lymph,1,0,0,none
54,lymph,0,0,1,CD8
55,lymph,0,0,0,none
56,mono,0,0,0,none
57,lymph,0,0,0,none
58,gran,0,0,0,none
59,mono,0,0,0,none
60,mono,0,0,0,none
61,lymph,0,0,1,CD8
62,lymph,0,1,0,none
63,lymph,0,1,0,none
64,gran,0,1,0,none
65,lymph,0,0,1,CD8
66,mono,0,0,0,none
67,mono,0,0,0,none
68,lymph,0,0,0,none
69,gran,0,0,0,none
70,mono,0,0,0,none
71,debris,0,0,0,none
72,lymph,0,0,1,CD8
73,lymph,0,0,1,CD8
74,gran,0,0,0,none
75,lymph,0,0,0,none
76,lymph,0,0,1,DN
77,gran,0,0,0,none
78,lymph,0,0,1,DP
79,gran,0,0,0,none
80,lymph,0,0,0,none
81,lymph,0,0,1,CD8
82,gran,0,0,0,none
83,lymph,0,0,1,CD4
84,lymph,0,0,0,none
85,lymph,0,0,0,none
86,lymph,0,0,0,none
87,gran,0,0,0,none
88,lymph,0,0,0,none
89,mono,0,0,0,none
90,lymph,0,0,0,none
91,gran,0,0,0,none
92,lymph,0,0,1,CD4
93,debris,0,0,0,none
94,lymph,0,0,1,CD4
95,lymph,0,0,0,none
96,lymph,0,0,1,CD4
97,gran,0,0,0,none
98,lymph,0,0,0,none
99,debris,0,0,0,none
100,mono,0,1,0,none
101,mono,0,0,0,none
102,gran,0,0,0,none
103,debris,0,0,0,none
104,gran,0,0,0,none
105,mono,1,0,0,none
106,lymph,0,0,0,none
107,lymph,0,0,1,CD8
108,lymph,1,0,1,CD8
109,gran,0,0,0,none
110,lymph,0,0,1,CD4
111,gran,0,0,0,none
112,gran,0,0,0,none
113,mono,0,0,0,none
114,lymph,0,0,1,CD4
115,lymph,0,0,0,none
116,lymph,0,0,0,none
117,debris,0,0,0,none
118,lymph,0,0,0,none
119,mono,0,0,0,none
120,gran,0,0,0,none
121,gran,0,0,0,none
122,lymph,0,0,0,none
123,debris,0,0,0,none
124,mono,0,0,0,none
125,lymph,0,0,1,CD4
126,lymph,0,0,1,CD4
127,debris,0,0,0,none
128,lymph,0,0,0,none
129,lymph,0,0,1,CD4
130,lymph,0,0,1,CD4
131,lymph,0,0,1,CD8
132,lymph,0,0,1,CD4
133,lymph,0,0,1,CD4
134,lymph,0,0,1,CD4
135,lymph,0,0,0,none
136,lymph,0,0,0,none
137,mono,0,0,0,none
138,lymph,0,0,1,CD8
139,lymph,0,0,1,CD4
140,lymph,0,0,1,CD8
141,lymph,0,0,1,CD4
142,mono,0,0,0,none
143,mono,0,1,0,none
144,lymph,0,0,1,CD4
145,lymph,0,0,1,CD8
146,lymph,0,0,1,DN
147,debris,0,0,0,none
148,gran,0,0,0,none
149,lymph,0,0,1,CD4
150,lymph,1,0,0,none
151,debris,0,0,0,none
152,lymph,0,0,0,none
153,gran,0,0,0,none
154,lymph,0,0,1,CD8
155,lymph,0,0,1,CD4
156,mono,0,0,0,none
157,gran,0,0,0,none
158,mono,0,0,0,none
159,debris,0,0,0,none
160,debris,0,0,0,none
161,gran,0,0,0,none
162,lymph,0,0,1,DP
163,debris,0,0,0,none
164,lymph,0,0,1,CD4
165,mono,0,1,0,none
166,lymph,0,0,0,none
167,lymph,0,0,1,CD8
168,lymph,0,0,1,CD4
169,mono,0,0,0,none
170,lymph,0,0,1,CD4
171,debris,0,0,0,none
172,gran,0,1,0,none
173,mono,0,0,0,none
174,mono,0,0,0,none
175,lymph,0,0,1,CD8
176,lymph,0,0,1,CD4
177,lymph,0,0,1,CD8
178,lymph,0,0,1,CD4
179,gran,0,0,0,none
180,lymph,0,0,1,CD4
181,lymph,0,0,1,CD8
182,gran,0,0,0,none
183,gran,0,0,0,none
184,lymph,0,0,0,none
185,lymph,0,0,1,CD4
186,lymph,0,0,1,DN
187,lymph,0,0,0,none
188,mono,0,0,0,none
189,debris,0,0,0,none
190,lymph,0,0,0,none
191,mono,0,0,0,none
192,lymph,0,0,1,CD8
193,lymph,0,0,0,none
194,debris,0,0,0,none
195,lymph,0,0,0,none
196,gran,0,0,0,none
197,lymph,0,0,1,CD8
198,lymph,0,0,1,CD4
199,mono,0,0,0,none
200,gran,0,0,0,none
201,mono,0,0,0,none
202,debris,0,0,0,none
203,gran,0,0,0,none
204,lymph,0,0,0,none
205,mono,0,0,0,none
206,lymph,0,0,1,CD8
207,lymph,0,0,0,none
208,gran,0,0,0,none
209,mono,0,0,0,none
210,mono,1,1,0,none
211,lymph,0,0,0,none
212,mono,0,0,0,none
213,lymph,0,0,0,none
214,lymph,0,0,0,none
215,lymph,0,0,1,CD4
216,debris,0,0,0,none
217,gran,0,0,0,none
218,mono,0,1,0,none
219,lymph,0,0,1,CD4
220,lymph,0,0,1,CD8
221,lymph,0,0,0,none
222,lymph,1,0,0,none
223,lymph,0,0,1,DP
224,mono,0,0,0,none
225,lymph,0,0,1,CD4
226,gran,0,0,0,none
227,mono,0,0,0,none
228,lymph,0,0,0,none
229,lymph,0,0,0,none
230,lymph,0,0,1,CD4
231,lymph,0,0,1,CD4
232,gran,1,0,0,none
233,lymph,0,0,0,none
234,lymph,0,0,1,CD4
235,lymph,0,0,1,CD8
236,mono,0,0,0,none
237,gran,0,0,0,none
238,lymph,0,0,0,none
239,lymph,1,0,1,CD4
240,lymph,0,0,1,CD8
241,debris,0,0,0,none
242,debris,0,0,0,none
243,lymph,1,0,0,none
244,lymph,0,0,1,CD4
245,debris,0,0,0,none
246,lymph,0,0,1,CD4
247,lymph,0,0,1,CD8
248,lymph,0,0,0,none
249,debris,0,0,0,none
250,lymph,0,0,1,CD8
251,mono,0,0,0,none
252,lymph,0,0,1,CD4
253,lymph,0,1,1,CD4
254,gran,0,0,0,none
255,lymph,0,0,0,none
256,lymph,0,0,1,CD4
257,mono,0,0,0,none
258,mono,0,1,0,none
259,lymph,0,0,0,none
260,lymph,0,0,1,CD4
261,mono,0,0,0,none
262,gran,0,0,0,none
263,lymph,0,0,0,none
264,lymph,1,0,1,CD4
265,lymph,0,0,0,none
266,lymph,0,0,0,none
267,lymph,0,0,1,CD8
268,gran,0,0,0,none
269,debris,0,0,0,none
270,lymph,0,0,0,none
271,mono,0,0,0,none
272,gran,0,0,0,none
273,lymph,0,1,1,CD4
274,lymph,0,0,1,CD4
275,lymph,0,0,0,none
276,mono,0,0,0,none
277,lymph,0,0,1,CD4
278,lymph,0,0,0,none
279,lymph,0,0,0,none
280,lymph,0,1,1,CD8
281,lymph,0,0,1,CD8
282,lymph,0,0,0,none
283,lymph,0,0,0,none
284,lymph,0,0,1,CD8
285,debris,0,0,0,none
286,lymph,1,0,1,CD4
287,lymph,0,1,1,CD4
288,lymph,0,0,1,CD8
289,mono,0,0,0,none
290,lymph,0,0,1,CD4
291,gran,0,0,0,none
292,gran,1,0,0,none
293,lymph,0,0,1,CD8
294,lymph,0,0,1,CD8
295,lymph,0,0,1,CD4
296,gran,0,0,0,none
297,debris,0,0,0,none
298,gran,0,0,0,none
299,gran,0,1,0,none
300,lymph,0,0,1,CD4
301,lymph,0,0,1,CD8
302,gran,0,0,0,none
303,lymph,0,0,0,none
304,lymph,0,0,0,none
305,lymph,0,0,0,none
306,lymph,0,0,0,none
307,debris,0,0,0,none
308,lymph,0,0,1,CD8
309,gran,0,0,0,none
310,lymph,0,0,1,CD4
311,lymph,0,0,1,CD8
312,lymph,0,0,0,none
313,lymph,0,0,0,none
314,debris,0,0,0,none
315,lymph,0,0,1,CD8
316,debris,0,0,0,none
317,mono,0,0,0,none
318,lymph,0,0,1,CD8
319,gran,0,0,0,none
320,debris,0,0,0,none
321,lymph,0,0,1,CD4
322,mono,0,0,0,none
323,lymph,0,0,1,CD8
324,lymph,0,0,1,CD4
325,gran,0,0,0,none
326,gran,0,0,0,none
327,lymph,0,0,1,CD4
328,lymph,0,0,1,CD8
329,lymph,1,0,1,CD8
330,lymph,0,0,1,DN
331,debris,0,0,0,none
332,lymph,0,0,0,none
333,mono,0,0,0,none
334,lymph,0,0,1,CD4
335,lymph,0,0,1,CD8
336,lymph,0,0,1,CD4
337,lymph,0,0,1,CD4
338,gran,0,0,0,none
339,gran,0,0,0,none
340,debris,0,0,0,none
341,lymph,0,1,1,CD8
342,gran,0,0,0,none
343,lymph,0,0,1,CD4
344,lymph,0,0,1,CD8
345,mono,0,0,0,none
346,lymph,0,0,1,CD8
347,lymph,0,0,0,none
348,mono,0,0,0,none
349,gran,1,0,0,none
350,mono,0,0,0,none
351,gran,0,0,0,none
352,mono,0,0,0,none
353,lymph,0,0,1,CD4
354,debris,0,0,0,none
355,gran,1,0,0,none
356,lymph,0,0,1,DN
357,debris,0,0,0,none
358,lymph,0,0,1,CD8
359,lymph,0,0,1,CD4
360,lymph,0,0,1,CD4
361,lymph,0,0,0,none
362,debris,0,0,0,none
363,gran,0,0,0,none
364,lymph,0,0,1,CD4
365,lymph,0,0,0,none
366,lymph,0,0,1,CD8
367,lymph,0,0,1,CD8
368,lymph,0,0,0,none
369,mono,1,1,0,none
370,mono,0,0,0,none
371,lymph,0,0,1,DP
372,lymph,0,0,1,CD4
373,lymph,0,0,0,none
374,mono,0,0,0,none
375,gran,0,0,0,none
376,lymph,0,0,1,CD4
377,lymph,0,0,1,CD4
378,debris,0,0,0,none
379,lymph,0,0,0,none
380,lymph,0,0,1,CD4
381,lymph,0,0,0,none
382,lymph,0,0,1,CD8
383,lymph,0,0,1,DN
384,lymph,0,0,1,CD8
385,lymph,0,0,0,none
386,lymph,1,0,1,CD8
387,mono,0,1,0,none
388,lymph,0,0,1,CD8
389,debris,0,0,0,none
390,lymph,0,0,1,CD8
391,lymph,0,0,0,none
392,lymph,0,0,1,CD4
393,lymph,0,0,1,CD4
394,lymph,0,0,0,none
395,lymph,0,0,0,none
396,lymph,0,0,1,DN
397,lymph,0,0,0,none
398,gran,1,0,0,none
399,lymph,0,1,1,CD8
400,lymph,0,1,1,CD4
401,debris,0,0,0,none
402,gran,0,0,0,none
403,gran,1,1,0,none
404,mono,0,0,0,none
405,lymph,0,0,1,CD4
406,lymph,0,0,0,none
407,lymph,0,0,0,none
408,lymph,0,0,1,CD8
409,lymph,0,0,1,CD4
410,lymph,0,0,1,CD8
411,lymph,0,0,1,CD4
412,lymph,1,0,1,CD4
413,lymph,0,0,1,CD8
414,debris,0,0,0,none
415,lymph,0,0,1,CD8
416,lymph,0,0,1,CD4
417,lymph,0,0,0,none
418,mono,0,0,0,none
419,gran,1,0,0,none
420,gran,0,0,0,none
421,lymph,0,0,1,CD8
422,mono,0,0,0,none
423,lymph,0,0,0,none
424,debris,0,0,0,none
425,lymph,0,0,1,CD8
426,mono,0,0,0,none
427,gran,0,0,0,none
428,lymph,0,0,1,CD4
429,lymph,1,0,0,none
430,gran,0,0,0,none
431,lymph,0,0,1,CD4
432,lymph,0,0,1,CD4
433,mono,0,0,0,none
434,lymph,0,0,1,CD8
435,lymph,0,0,1,CD4
436,lymph,0,0,1,DP
437,lymph,0,0,1,CD4
438,mono,0,0,0,none
439,lymph,0,0,1,DN
440,lymph,0,0,1,CD4
441,debris,0,0,0,none
442,debris,0,0,0,none
443,gran,0,0,0,none
444,lymph,0,0,1,CD8
445,lymph,0,0,0,none
446,lymph,0,0,0,none
447,lymph,0,0,1,CD4
448,gran,0,0,0,none
449,lymph,0,0,1,CD4
450,lymph,0,0,1,DP
451,lymph,0,0,1,CD4
452,debris,0,0,0,none
453,lymph,0,0,0,none
454,lymph,0,0,0,none
455,lymph,0,0,1,CD4
456,mono,0,0,0,none
457,lymph,0,0,1,CD8
458,lymph,0,0,1,CD4
459,lymph,0,0,0,none
460,gran,0,0,0,none
461,lymph,0,0,1,DN
462,gran,0,1,0,none
463,gran,0,0,0,none
464,mono,0,0,0,none
465,lymph,0,0,0,none
466,debris,0,0,0,none
467,lymph,0,1,0,none
468,gran,0,1,0,none
469,lymph,0,0,1,CD8
470,lymph,0,0,1,CD4
471,gran,0,0,0,none
472,debris,0,0,0,none
473,mono,0,0,0,none
474,lymph,0,0,1,CD8
475,lymph,0,0,1,CD8
476,lymph,0,0,1,CD4
477,gran,0,0,0,none
478,lymph,0,0,1,CD4
479,lymph,1,0,1,CD8
480,lymph,0,0,1,CD4
481,gran,0,0,0,none
482,lymph,0,0,1,CD8
483,gran,0,0,0,none
484,lymph,1,0,0,none
485,lymph,0,0,1,CD8
486,lymph,0,1,0,none
487,lymph,0,0,0,none
488,gran,1,0,0,none
489,lymph,0,0,1,CD4
490,lymph,0,0,1,CD4
491,mono,0,0,0,none
492,lymph,0,0,1,CD8
493,lymph,0,0,1,CD8
494,lymph,0,0,1,DN
495,lymph,0,0,1,DN
496,lymph,0,0,1,DN
497,lymph,0,0,1,CD4
498,lymph,0,0,1,CD8
499,debris,0,0,0,none
500,lymph,0,0,0,none
501,lymph,0,0,1,CD8
502,lymph,1,0,0,none
503,lymph,0,0,1,CD8
504,lymph,0,0,1,CD8
505,gran,0,0,0,none
506,mono,0,0,0,none
507,lymph,0,0,1,CD4
508,lymph,0,0,0,none
509,lymph,1,0,0,none
510,lymph,0,0,1,CD4
511,lymph,0,0,1,CD8
512,gran,0,0,0,none
513,mono,0,0,0,none
514,lymph,0,0,1,DN
515,mono,0,0,0,none
516,lymph,0,0,0,none
517,lymph,0,0,1,CD8
518,lymph,0,0,1,CD4
519,lymph,0,0,1,CD8
520,mono,0,0,0,none
521,lymph,0,0,1,CD8
522,gran,0,0,0,none
523,mono,0,0,0,none
524,lymph,0,0,1,CD4
525,lymph,0,0,1,CD8
526,debris,0,0,0,none
527,lymph,0,1,0,none
528,debris,0,0,0,none
529,gran,0,0,0,none
530,debris,0,0,0,none
531,lymph,0,0,1,CD4
532,lymph,0,0,0,none
533,lymph,0,0,0,none
534,lymph,0,0,0,none
535,debris,0,0,0,none
536,lymph,0,0,1,CD4
537,gran,0,0,0,none
538,gran,0,0,0,none
539,lymph,0,0,1,CD8
540,lymph,0,0,1,DP
541,lymph,0,0,1,CD8
542,lymph,0,1,0,none
543,lymph,1,0,1,CD4
544,lymph,1,0,0,none
545,gran,0,0,0,none
546,lymph,0,0,0,none
547,lymph,0,0,1,CD8
548,lymph,0,0,1,CD4
549,debris,0,0,0,none
550,lymph,0,0,1,CD8
551,lymph,0,0,0,none
552,lymph,0,0,1,CD4
553,mono,0,0,0,none
554,lymph,0,0,1,CD4
555,lymph,0,0,1,CD8
556,gran,0,0,0,none
557,debris,0,0,0,none
558,lymph,0,0,1,CD8
559,lymph,1,0,0,none
560,lymph,0,0,1,CD4
561,lymph,0,0,1,CD4
562,lymph,0,0,0,none
563,lymph,0,0,1,DN
564,lymph,0,0,0,none
565,lymph,0,0,0,none
566,lymph,0,0,0,none
567,lymph,0,0,1,CD8
568,mono,0,0,0,none
569,debris,0,0,0,none
570,lymph,0,0,1,CD4
571,gran,0,0,0,none
572,debris,0,0,0,none
573,lymph,0,0,1,CD8
574,lymph,0,0,1,CD8
575,lymph,0,0,1,CD4
576,lymph,0,0,1,CD4
577,lymph,0,0,1,CD8
578,debris,0,0,0,none
579,lymph,0,1,1,CD8
580,mono,0,0,0,none
581,debris,0,0,0,none
582,mono,0,0,0,none
583,lymph,0,0,0,none
584,mono,0,0,0,none
585,lymph,0,0,1,CD8
586,debris,0,0,0,none
587,gran,1,0,0,none
588,lymph,0,0,1,DN
589,gran,0,0,0,none
590,gran,0,0,0,none
591,debris,0,0,0,none
592,debris,0,0,0,none
593,debris,0,0,0,none
594,gran,0,0,0,none
595,debris,0,0,0,none
596,lymph,0,0,1,CD8
597,lymph,0,0,1,DP
598,lymph,0,0,1,CD4
599,lymph,0,0,0,none
600,lymph,0,0,1,CD4
601,debris,0,0,0,none
602,lymph,0,0,1,CD4
603,lymph,0,0,1,DN
604,lymph,0,0,1,CD4
605,lymph,0,0,1,CD4
606,lymph,0,0,0,none
607,lymph,0,0,1,DN
608,lymph,0,0,0,none
609,lymph,0,0,0,none
610,lymph,0,0,1,CD8
611,lymph,0,0,1,CD8
612,lymph,0,0,1,CD8
613,lymph,0,0,1,CD8
614,gran,0,0,0,none
615,gran,0,0,0,none
616,lymph,0,0,1,CD4
617,lymph,1,0,1,CD8
618,mono,0,0,0,none
619,gran,0,0,0,none
620,gran,0,0,0,none
621,lymph,0,0,1,CD4
622,lymph,0,0,1,CD8
623,mono,0,0,0,none
624,gran,0,0,0,none
625,debris,0,0,0,none
626,lymph,0,0,1,CD4
627,debris,0,0,0,none
628,lymph,0,0,1,CD8
629,lymph,0,0,1,DN
630,lymph,0,0,1,CD4
631,lymph,0,0,0,none
632,gran,0,0,0,none
633,lymph,0,0,1,CD8
634,debris,0,0,0,none
635,lymph,0,1,0,none
636,lymph,0,0,0,none
637,lymph,0,0,1,CD8
638,mono,0,0,0,none
639,mono,0,0,0,none
640,lymph,0,0,0,none
641,lymph,0,0,1,DN
642,mono,0,0,0,none
643,lymph,1,0,1,CD4
644,mono,0,0,0,none
645,gran,0,0,0,none
646,lymph,0,0,1,CD8
647,lymph,0,0,1,CD8
648,debris,0,0,0,none
649,mono,0,0,0,none
650,debris,0,0,0,none
651,lymph,0,0,1,DN
652,lymph,0,0,1,CD4
653,gran,1,0,0,none
654,lymph,0,0,1,CD4
655,debris,0,0,0,none
656,debris,0,0,0,none
657,lymph,0,0,0,none
658,lymph,0,0,1,CD4
659,gran,0,0,0,none
660,mono,0,0,0,none
661,mono,0,0,0,none
662,mono,0,0,0,none
663,mono,0,0,0,none
664,mono,0,0,0,none
665,lymph,0,0,1,CD8
666,debris,0,0,0,none
667,debris,0,0,0,none
668,gran,0,0,0,none
669,debris,0,0,0,none
670,lymph,0,0,1,CD4
671,lymph,0,1,1,CD4
672,gran,0,0,0,none
673,debris,0,0,0,none
674,lymph,0,0,1,CD4
675,mono,0,0,0,none
676,lymph,0,0,1,CD8
677,lymph,0,0,1,CD4
678,lymph,0,0,1,CD4
679,lymph,0,0,1,CD8
680,lymph,0,0,0,none
681,lymph,0,0,1,CD8
682,lymph,0,0,1,CD4
683,gran,0,0,0,none
684,mono,0,0,0,none
685,lymph,1,0,0,none
686,lymph,0,0,1,CD8
687,lymph,0,0,1,CD4
688,lymph,0,0,1,CD4
689,gran,0,0,0,none
690,lymph,0,0,1,CD4
691,lymph,0,0,0,none
692,lymph,0,0,0,none
693,gran,0,0,0,none
694,lymph,0,0,1,DN
695,lymph,0,0,1,DN
696,lymph,0,0,1,CD4
697,debris,0,0,0,none
698,lymph,1,0,1,CD4
699,lymph,0,0,1,CD4
700,lymph,0,0,1,CD8
701,lymph,0,1,1,CD4
702,gran,0,0,0,none
703,lymph,0,0,1,CD4
704,debris,0,0,0,none
705,lymph,1,0,1,CD4
706,lymph,0,0,1,CD8
707,lymph,1,0,1,CD8
708,lymph,0,0,1,DN
709,lymph,0,0,0,none
710,lymph,0,0,1,CD4
711,lymph,0,0,1,CD8
712,lymph,0,0,1,DN
713,gran,0,0,0,none
714,lymph,0,0,1,CD8
715,mono,0,0,0,none
716,gran,0,0,0,none
717,lymph,1,0,1,CD4
718,lymph,0,0,1,CD8
719,mono,0,0,0,none
720,lymph,0,0,1,CD4
721,lymph,0,0,0,none
722,lymph,0,0,1,CD8
723,lymph,0,0,0,none
724,lymph,0,0,1,CD8
725,lymph,0,0,0,none
726,lymph,0,0,1,CD4
727,gran,0,0,0,none
728,lymph,0,0,0,none
729,mono,0,0,0,none
730,debris,0,0,0,none
731,lymph,0,0,1,CD4
732,lymph,0,0,1,CD8
733,lymph,0,0,0,none
734,lymph,0,0,1,CD4
735,lymph,0,0,1,CD8
736,gran,0,0,0,none
737,lymph,0,0,1,DN
738,gran,0,0,0,none
739,lymph,0,0,0,none
740,lymph,0,0,1,CD8
741,lymph,1,0,0,none
742,mono,0,0,0,none
743,gran,0,0,0,none
744,lymph,0,0,1,CD8
745,lymph,0,0,1,CD4
746,lymph,0,0,0,none
747,gran,0,1,0,none
748,lymph,0,0,0,none
749,gran,0,0,0,none
750,lymph,0,0,1,CD4
751,lymph,0,0,0,none
752,gran,0,0,0,none
753,lymph,0,0,1,CD4
754,gran,0,0,0,none
755,gran,0,0,0,none
756,mono,0,0,0,none
757,mono,0,0,0,none
758,gran,0,0,0,none
759,gran,0,0,0,none
760,debris,0,0,0,none
761,lymph,0,0,1,CD4
762,lymph,0,0,1,DN
763,lymph,0,0,0,none
764,lymph,0,0,0,none
765,lymph,0,0,1,CD8
766,gran,0,0,0,none
767,mono,0,0,0,none
768,debris,0,0,0,none
769,mono,0,0,0,none
770,lymph,0,0,0,none
771,lymph,0,0,0,none
772,gran,0,1,0,none
773,lymph,0,0,1,DP
774,lymph,0,0,1,CD4
775,lymph,0,0,0,none
776,lymph,0,0,1,CD4
777,lymph,0,0,1,CD4
778,gran,0,0,0,none
779,lymph,0,0,1,CD8
780,lymph,0,0,1,CD4
781,lymph,0,0,1,CD4
782,lymph,0,0,0,none
783,debris,0,0,0,none
784,lymph,0,0,1,CD8
785,lymph,0,0,1,CD8
786,lymph,0,0,1,CD8
787,gran,1,0,0,none
788,mono,0,0,0,none
789,gran,0,0,0,none
790,lymph,0,0,0,none
791,lymph,0,0,1,CD8
792,lymph,0,0,0,none
793,lymph,0,0,1,CD8
794,lymph,0,0,0,none
795,debris,0,0,0,none
796,gran,0,0,0,none
797,mono,0,0,0,none
798,lymph,0,0,0,none
799,lymph,0,0,1,CD4
800,lymph,0,0,1,CD8
801,lymph,0,0,0,none
802,lymph,0,0,1,CD8
803,debris,0,0,0,none
804,lymph,0,0,1,CD4
805,debris,0,0,0,none
806,lymph,0,0,1,CD4
807,gran,0,0,0,none
808,debris,0,0,0,none
809,lymph,0,0,1,CD4
810,lymph,0,0,1,CD4
811,lymph,0,0,1,CD4
812,lymph,0,1,1,CD4
813,debris,0,0,0,none
814,lymph,0,1,1,CD8
815,lymph,0,0,1,CD8
816,lymph,0,0,0,none
817,lymph,0,0,1,CD8
818,lymph,0,0,0,none
819,gran,0,0,0,none
820,debris,0,0,0,none
821,gran,0,0,0,none
822,lymph,0,0,0,none
823,lymph,0,0,1,CD4
824,mono,0,0,0,none
825,lymph,0,1,1,CD4
826,lymph,0,0,1,CD8
827,mono,0,0,0,none
828,gran,0,0,0,none
829,lymph,1,0,0,none
830,lymph,1,0,0,none
831,debris,0,0,0,none
832,lymph,0,0,1,CD8
833,gran,0,0,0,none
834,debris,0,0,0,none
835,lymph,0,0,0,none
836,mono,0,0,0,none
837,lymph,1,0,1,CD8
838,gran,0,0,0,none
839,debris,0,0,0,none
840,gran,0,0,0,none
841,lymph,0,0,1,CD8
842,lymph,0,0,0,none
843,lymph,0,0,1,CD4
844,gran,0,0,0,none
845,mono,1,0,0,none
846,lymph,0,0,0,none
847,gran,0,0,0,none
848,lymph,0,0,0,none
849,lymph,0,0,1,CD4
850,lymph,0,0,1,CD8
851,lymph,0,1,0,none
852,gran,1,0,0,none
853,lymph,0,0,1,CD4
854,lymph,0,1,0,none
855,lymph,0,0,1,CD8
856,debris,0,0,0,none
857,lymph,0,0,1,DP
858,lymph,0,0,1,CD8
859,lymph,0,0,1,CD4
860,lymph,0,0,0,none
861,lymph,0,0,1,CD4
862,gran,0,0,0,none
863,lymph,0,0,0,none
864,lymph,1,0,1,CD4
865,gran,0,0,0,none
866,lymph,0,0,0,none
867,lymph,0,0,1,CD4
868,lymph,0,0,1,CD8
869,lymph,0,0,1,CD4
870,mono,0,0,0,none
871,lymph,0,0,0,none
872,lymph,0,1,1,CD4
873,lymph,0,1,1,CD4
874,lymph,0,0,0,none
875,debris,0,0,0,none
876,lymph,0,0,1,CD8
877,gran,0,0,0,none
878,lymph,0,1,1,CD4
879,lymph,0,0,1,CD4
880,mono,0,0,0,none
881,lymph,0,0,0,none
882,lymph,0,0,1,DN
883,lymph,0,0,1,CD8
884,lymph,0,0,0,none
885,lymph,0,0,1,CD8
886,lymph,0,0,1,CD8
887,lymph,0,0,1,CD8
888,gran,0,0,0,none
889,lymph,0,0,1,CD8
890,gran,1,0,0,none
891,lymph,0,1,1,CD8
892,lymph,0,0,1,CD8
893,mono,0,0,0,none
894,lymph,0,0,0,none
895,lymph,0,0,0,none
896,gran,0,0,0,none
897,lymph,0,0,1,CD4
898,lymph,0,0,1,CD8
899,lymph,0,0,0,none
900,debris,0,0,0,none
901,lymph,0,0,0,none
902,lymph,0,0,1,CD8
903,gran,0,1,0,none
904,mono,0,0,0,none
905,lymph,1,1,1,CD4
906,gran,0,0,0,none
907,lymph,0,0,0,none
908,lymph,0,0,1,CD4
909,debris,0,0,0,none
910,lymph,0,0,1,CD4
911,lymph,0,0,1,CD8
912,lymph,0,0,1,CD8
913,lymph,0,0,0,none
914,gran,0,0,0,none
915,lymph,0,0,1,CD4
916,lymph,0,0,1,CD4
917,lymph,0,0,1,CD8
918,gran,0,0,0,none
919,lymph,0,0,0,none
920,gran,0,0,0,none
921,lymph,0,0,1,CD8
922,lymph,0,0,1,DN
923,gran,0,0,0,none
924,lymph,1,0,1,CD4
925,gran,0,0,0,none
926,debris,0,0,0,none
927,debris,0,0,0,none
928,lymph,0,0,0,none
929,lymph,0,0,0,none
930,lymph,0,0,0,none
931,debris,0,0,0,none
932,lymph,0,0,1,CD8
933,lymph,0,0,0,none
934,mono,0,0,0,none
935,debris,0,0,0,none
936,lymph,0,0,0,none
937,gran,0,0,0,none
938,lymph,0,0,1,DN
939,gran,0,0,0,none
940,mono,0,0,0,none
941,mono,0,0,0,none
942,lymph,0,0,1,CD8
943,mono,0,0,0,none
944,lymph,0,0,1,CD4
945,lymph,0,0,1,CD4
946,gran,0,0,0,none
947,mono,0,1,0,none
948,lymph,0,0,0,none
949,lymph,0,0,0,none
950,gran,0,0,0,none
951,lymph,0,0,0,none
952,debris,0,0,0,none
953,debris,0,0,0,none
954,gran,0,0,0,none
955,gran,0,1,0,none
956,lymph,0,0,1,CD4
957,mono,0,0,0,none
958,lymph,0,0,0,none
959,mono,0,0,0,none
960,lymph,0,0,1,CD8
961,mono,0,0,0,none
962,lymph,0,0,1,CD8
963,lymph,1,0,1,CD8
964,mono,0,0,0,none
965,debris,0,0,0,none
966,lymph,0,0,1,CD8
967,lymph,1,1,1,CD4
968,lymph,0,0,1,CD8
969,debris,0,0,0,none
970,lymph,1,0,1,CD4
971,lymph,0,0,1,CD8
972,lymph,0,0,0,none
973,gran,0,1,0,none
974,lymph,0,1,0,none
975,lymph,0,0,1,CD4
976,lymph,0,0,0,none
977,lymph,0,1,0,none
978,lymph,0,0,0,none
979,lymph,0,0,1,CD8
980,lymph,0,1,1,CD8
981,lymph,1,0,0,none
982,lymph,0,0,1,CD4
983,lymph,0,0,0,none
984,mono,0,0,0,none
985,mono,0,0,0,none
986,lymph,0,0,1,CD4
987,mono,0,0,0,none
988,mono,0,0,0,none
989,lymph,0,0,1,CD4
990,lymph,0,0,1,CD8
991,mono,0,0,0,none
992,lymph,0,0,0,none
993,gran,0,0,0,none
994,gran,0,0,0,none
995,lymph,0,0,1,CD4
996,lymph,0,0,1,CD4
997,debris,0,0,0,none
998,lymph,0,0,0,none
999,gran,0,0,0,none
1000,lymph,0,0,1,CD4
1001,lymph,0,0,1,DN
1002,debris,0,0,0,none
1003,lymph,0,0,1,CD8
1004,gran,0,0,0,none
1005,lymph,0,0,1,CD4
1006,mono,0,0,0,none
1007,gran,0,0,0,none
1008,lymph,0,0,1,CD4
1009,lymph,0,0,0,none
1010,gran,0,0,0,none
1011,lymph,0,0,1,CD4
1012,debris,0,0,0,none
1013,lymph,0,0,1,CD8
1014,gran,0,0,0,none
1015,mono,0,0,0,none
1016,lymph,0,0,1,CD4
1017,lymph,0,0,1,CD8
1018,lymph,0,0,1,CD8
1019,lymph,0,0,1,CD8
1020,lymph,0,0,0,none
1021,lymph,0,0,0,none
1022,mono,0,0,0,none
1023,lymph,0,0,1,CD4
1024,lymph,0,0,1,CD8
1025,lymph,0,0,1,CD8
1026,gran,0,0,0,none
1027,lymph,0,0,1,CD4
1028,mono,1,0,0,none
1029,lymph,0,0,1,CD8
1030,gran,0,0,0,none
1031,lymph,0,0,1,CD4
1032,mono,0,1,0,none
1033,lymph,0,0,1,DN
1034,debris,0,0,0,none
1035,lymph,0,0,1,CD8
1036,mono,0,0,0,none
1037,lymph,1,0,1,CD4
1038,gran,0,0,0,none
1039,gran,0,0,0,none
1040,gran,0,0,0,none
1041,debris,0,0,0,none
1042,lymph,0,0,1,CD8
1043,mono,0,0,0,none
1044,mono,0,0,0,none
1045,gran,1,0,0,none
1046,lymph,0,0,1,DP
1047,debris,0,0,0,none
1048,lymph,0,0,1,CD8
1049,mono,0,0,0,none
1050,debris,0,0,0,none
1051,lymph,0,0,0,none
1052,gran,0,0,0,none
1053,lymph,0,0,1,CD4
1054,lymph,1,0,0,none
1055,lymph,0,0,0,none
1056,lymph,0,0,1,CD8
1057,lymph,1,0,1,CD8
1058,lymph,0,0,1,DN
1059,lymph,0,0,1,CD4
1060,mono,0,0,0,none
1061,gran,0,0,0,none
1062,lymph,0,0,0,none
1063,lymph,0,0,1,DP
1064,gran,1,0,0,none
1065,lymph,1,1,1,CD8
1066,debris,0,0,0,none
1067,gran,0,0,0,none
1068,gran,0,0,0,none
1069,lymph,0,0,0,none
1070,lymph,0,0,0,none
1071,mono,1,1,0,none
1072,lymph,0,0,1,CD4
1073,lymph,0,0,0,none
1074,lymph,0,0,1,CD8
1075,lymph,0,0,0,none
1076,mono,0,0,0,none
1077,lymph,0,0,0,none
1078,gran,0,0,0,none
1079,lymph,0,0,1,CD4
1080,lymph,0,0,0,none
1081,lymph,0,0,1,DN
1082,debris,0,0,0,none
1083,lymph,0,1,0,none
1084,gran,0,0,0,none
1085,gran,0,0,0,none
1086,lymph,0,0,0,none
1087,lymph,0,0,1,CD8
1088,lymph,0,0,0,none
1089,mono,0,0,0,none
1090,gran,0,0,0,none
1091,lymph,0,0,1,CD8
1092,lymph,0,1,1,CD8
1093,lymph,0,0,1,CD8
1094,lymph,0,0,0,none
1095,lymph,0,1,1,CD4
1096,lymph,0,0,0,none
1097,debris,0,0,0,none
1098,lymph,0,0,1,CD4
1099,debris,0,0,0,none
1100,lymph,0,0,0,none
1101,lymph,0,0,0,none
1102,lymph,0,0,1,CD4
1103,lymph,0,1,1,CD4
1104,lymph,0,0,1,DP
1105,lymph,0,0,1,CD4
1106,lymph,0,0,0,none
1107,lymph,0,0,1,CD4
1108,gran,0,0,0,none
1109,lymph,0,0,1,CD4
1110,mono,0,0,0,none
1111,gran,0,0,0,none
1112,lymph,0,0,0,none
1113,lymph,0,0,1,CD4
1114,lymph,0,0,1,CD4
1115,lymph,0,0,0,none
1116,debris,0,0,0,none
1117,gran,0,0,0,none
1118,gran,0,0,0,none
1119,lymph,0,0,1,CD8
1120,gran,0,0,0,none
1121,gran,0,0,0,none
1122,lymph,0,0,1,CD8
1123,lymph,0,0,1,CD4
1124,lymph,0,0,0,none
1125,lymph,0,0,1,CD8
1126,lymph,0,0,1,CD8
1127,lymph,0,0,1,CD8
1128,mono,0,0,0,none
1129,mono,0,0,0,none
1130,gran,0,0,0,none
1131,lymph,0,0,1,CD4
1132,gran,0,0,0,none
1133,lymph,0,1,0,none
1134,mono,0,0,0,none
1135,debris,0,0,0,none
1136,gran,0,0,0,none
1137,mono,0,0,0,none
1138,lymph,0,0,1,CD4
1139,lymph,0,0,1,CD4
1140,lymph,0,1,1,CD8
1141,mono,0,0,0,none
1142,lymph,0,0,0,none
1143,lymph,0,0,1,CD8
1144,debris,0,0,0,none
1145,lymph,1,0,1,CD8
1146,lymph,0,0,1,CD4
1147,lymph,0,0,1,CD4
1148,lymph,0,1,1,CD4
1149,lymph,0,0,1,CD8
1150,lymph,0,0,1,CD4
1151,gran,0,0,0,none
1152,lymph,0,0,0,none
1153,mono,0,0,0,none
1154,lymph,0,0,1,CD8
1155,lymph,0,0,1,CD8
1156,gran,0,0,0,none
1157,lymph,0,0,1,CD4
1158,lymph,0,0,0,none
1159,gran,0,0,0,none
1160,mono,0,0,0,none
1161,gran,0,0,0,none
1162,gran,0,0,0,none
1163,lymph,0,0,1,CD8
1164,lymph,0,0,1,CD8
1165,lymph,0,0,1,CD4
1166,lymph,1,0,0,none
1167,lymph,0,0,1,DP
1168,lymph,1,0,1,DN
1169,lymph,0,0,1,CD8
1170,lymph,0,0,1,CD4
1171,mono,0,0,0,none
1172,lymph,0,0,1,CD4
1173,mono,0,0,0,none
1174,mono,0,0,0,none
1175,lymph,0,0,1,CD4
1176,lymph,0,0,1,CD4
1177,lymph,0,0,0,none
1178,gran,0,0,0,none
1179,debris,0,0,0,none
1180,debris,0,0,0,none
1181,lymph,0,0,1,CD4
1182,lymph,0,0,1,CD8
1183,mono,0,0,0,none
1184,debris,0,0,0,none
1185,lymph,0,0,1,CD8
1186,lymph,0,0,1,DP
1187,lymph,0,0,1,CD4
1188,lymph,0,1,1,CD4
1189,gran,0,1,0,none
1190,lymph,0,0,1,DN
1191,lymph,1,0,0,none
1192,lymph,0,0,1,DN
1193,debris,0,0,0,none
1194,gran,0,0,0,none
1195,lymph,0,0,1,CD4
1196,mono,0,0,0,none
1197,lymph,0,0,1,CD8
1198,mono,0,0,0,none
1199,lymph,0,0,0,none
1200,mono,0,0,0,none
1201,lymph,0,1,1,CD4
1202,lymph,0,0,0,none
1203,lymph,0,0,0,none
1204,lymph,1,1,0,none
1205,lymph,0,0,1,CD4
1206,lymph,0,0,1,CD4
1207,lymph,0,0,0,none
1208,lymph,0,0,0,none
1209,lymph,0,0,0,none
1210,lymph,0,0,0,none
1211,lymph,0,0,1,CD8
1212,lymph,0,0,0,none
1213,lymph,0,0,1,CD8
1214,gran,0,0,0,none
1215,gran,0,1,0,none
1216,lymph,1,0,1,DN
1217,lymph,0,0,1,CD8
1218,lymph,0,0,1,CD8
1219,gran,0,1,0,none
1220,debris,0,0,0,none
1221,lymph,0,0,1,CD4
1222,lymph,0,1,0,none
1223,lymph,0,0,1,CD4
1224,lymph,1,0,1,CD4
1225,lymph,1,0,1,CD4
1226,mono,0,0,0,none
1227,mono,0,0,0,none
1228,gran,0,0,0,none
1229,lymph,0,0,1,CD4
1230,lymph,1,0,1,CD8
1231,lymph,0,0,0,none
1232,lymph,0,0,1,CD8
1233,gran,0,1,0,none
1234,lymph,0,0,1,DN
1235,debris,0,0,0,none
1236,gran,0,0,0,none
1237,lymph,0,0,1,CD8
1238,debris,0,0,0,none
1239,lymph,0,0,1,CD8
1240,lymph,0,0,1,CD4
1241,debris,0,0,0,none
1242,lymph,0,1,1,DN
1243,lymph,0,1,1,CD8
1244,gran,0,0,0,none
1245,gran,0,0,0,none
1246,debris,0,0,0,none
1247,lymph,0,0,1,CD4
1248,lymph,0,0,0,none
1249,lymph,0,0,1,DN
1250,lymph,0,0,1,CD8
1251,lymph,0,0,0,none
1252,gran,0,0,0,none
1253,debris,0,0,0,none
1254,lymph,0,0,1,CD8
1255,lymph,0,0,0,none
1256,lymph,0,1,1,CD4
1257,gran,0,0,0,none
1258,lymph,0,0,1,CD4
1259,lymph,0,0,1,CD4
1260,gran,0,0,0,none
1261,gran,1,0,0,none
1262,lymph,0,0,0,none
1263,lymph,0,1,1,CD4
1264,debris,0,0,0,none
1265,lymph,0,0,0,none
1266,lymph,1,0,1,CD8
1267,gran,0,0,0,none
1268,lymph,0,0,1,CD4
1269,mono,0,0,0,none
1270,lymph,0,0,1,CD8
1271,lymph,0,0,1,CD4
1272,mono,0,0,0,none
1273,mono,0,0,0,none
1274,lymph,0,0,1,DN
1275,lymph,0,0,1,CD4
1276,debris,0,0,0,none
1277,mono,0,0,0,none
1278,lymph,0,0,1,CD4
1279,debris,0,0,0,none
1280,lymph,0,0,1,CD4
1281,lymph,0,0,1,CD4
1282,lymph,0,0,1,CD8
1283,lymph,0,0,1,CD4
1284,lymph,0,0,1,CD4
1285,lymph,0,0,0,none
1286,lymph,0,0,0,none
1287,gran,0,0,0,none
1288,lymph,0,0,1,CD8
1289,lymph,0,0,1,CD8
1290,lymph,0,1,1,CD8
1291,lymph,0,0,1,CD4
1292,lymph,0,0,0,none
1293,lymph,0,0,1,CD8
1294,mono,0,0,0,none
1295,lymph,0,0,0,none
1296,lymph,1,0,1,CD4
1297,mono,0,0,0,none
1298,lymph,0,0,0,none
1299,lymph,0,0,1,DN
1300,gran,0,0,0,none
1301,lymph,0,0,1,CD4
1302,lymph,0,0,0,none
1303,gran,0,0,0,none
1304,gran,0,0,0,none
1305,mono,0,0,0,none
1306,gran,0,0,0,none
1307,lymph,0,0,1,CD8
1308,debris,0,0,0,none
1309,gran,0,0,0,none
1310,lymph,0,0,1,CD4
1311,lymph,0,1,1,CD8
1312,lymph,0,0,1,CD8
1313,lymph,0,0,1,CD8
1314,lymph,0,0,0,none
1315,gran,0,0,0,none
1316,lymph,0,0,0,none
1317,gran,0,0,0,none
1318,gran,0,0,0,none
1319,lymph,0,0,0,none
1320,lymph,0,0,1,CD4
1321,lymph,0,0,1,CD4
1322,lymph,0,0,1,CD4
1323,lymph,0,0,0,none
1324,lymph,0,0,1,CD8
1325,mono,0,0,0,none
1326,lymph,0,1,1,CD4
1327,lymph,0,0,0,none
1328,lymph,0,0,0,none
1329,debris,0,0,0,none
1330,lymph,0,0,1,CD4
1331,lymph,0,0,1,CD4
1332,debris,0,0,0,none
1333,mono,0,0,0,none
1334,mono,0,0,0,none
1335,lymph,0,0,1,CD8
1336,lymph,0,0,0,none
1337,lymph,0,0,1,CD4
1338,lymph,0,0,0,none
1339,lymph,0,0,1,CD4
1340,debris,0,0,0,none
1341,gran,0,0,0,none
1342,mono,0,0,0,none
1343,debris,0,0,0,none
1344,gran,0,0,0,none
1345,gran,0,0,0,none
1346,lymph,0,0,1,CD8
1347,lymph,0,0,1,DP
1348,lymph,0,0,1,CD4
1349,lymph,0,0,1,DN
1350,mono,0,0,0,none
1351,lymph,0,0,1,CD8
1352,debris,0,0,0,none
1353,lymph,0,0,1,CD4
1354,lymph,0,0,1,CD4
1355,lymph,0,0,1,CD8
1356,mono,0,1,0,none
1357,mono,0,0,0,none
1358,lymph,0,0,0,none
1359,lymph,1,1,1,CD8
1360,lymph,0,0,1,CD8
1361,gran,0,0,0,none
1362,lymph,0,0,1,CD4
1363,lymph,0,0,0,none
1364,lymph,0,0,1,CD4
1365,mono,0,0,0,none
1366,lymph,0,0,1,DP
1367,lymph,0,0,0,none
1368,mono,0,0,0,none
1369,gran,0,0,0,none
1370,lymph,0,0,1,DN
1371,gran,0,1,0,none
1372,lymph,0,0,1,DN
1373,lymph,0,1,0,none
1374,gran,0,0,0,none
1375,mono,0,0,0,none
1376,gran,0,0,0,none
1377,lymph,0,0,0,none
1378,gran,0,0,0,none
1379,debris,0,0,0,none
1380,lymph,0,0,1,CD4
1381,lymph,0,0,0,none
1382,lymph,0,0,1,CD4
1383,lymph,0,0,1,CD8
1384,mono,0,0,0,none
1385,lymph,0,0,0,none
1386,lymph,0,0,1,DN
1387,gran,0,0,0,none
1388,debris,0,0,0,none
1389,debris,0,0,0,none
1390,lymph,0,0,1,CD4
1391,lymph,0,0,1,CD4
1392,debris,0,0,0,none
1393,lymph,0,0,1,CD8
1394,lymph,1,0,1,CD4
1395,lymph,0,0,0,none
1396,lymph,0,0,1,CD4
1397,gran,0,0,0,none
1398,gran,0,0,0,none
1399,gran,0,0,0,none
1400,lymph,0,1,0,none
1401,lymph,0,1,1,CD4
1402,gran,0,0,0,none
1403,lymph,0,0,0,none
1404,lymph,0,0,1,CD4
1405,gran,0,0,0,none
1406,mono,0,1,0,none
1407,debris,0,0,0,none
1408,lymph,0,0,1,CD4
1409,lymph,0,1,0,none
1410,lymph,0,0,0,none
1411,lymph,0,0,1,CD8
1412,gran,0,0,0,none
1413,lymph,0,0,0,none
1414,lymph,0,0,1,CD8
1415,lymph,0,0,1,CD4
1416,mono,0,0,0,none
1417,lymph,0,0,0,none
1418,mono,0,0,0,none
1419,gran,0,0,0,none
1420,lymph,0,0,1,CD4
1421,lymph,0,0,1,CD8
1422,debris,0,0,0,none
1423,lymph,0,0,1,CD4
1424,lymph,0,0,1,CD4
1425,lymph,0,0,1,CD4
1426,lymph,0,0,1,DN
1427,mono,0,0,0,none
1428,mono,0,0,0,none
1429,lymph,0,0,0,none
1430,gran,0,0,0,none
1431,gran,0,0,0,none
1432,lymph,0,0,0,none
1433,lymph,0,0,1,CD8
1434,lymph,0,0,1,CD8
1435,mono,0,0,0,none
1436,lymph,0,0,1,CD4
1437,gran,0,0,0,none
1438,lymph,0,0,0,none
1439,debris,0,0,0,none
1440,lymph,0,0,1,CD8
1441,lymph,0,0,0,none
1442,lymph,0,0,1,CD8
1443,debris,0,0,0,none
1444,gran,0,0,0,none
1445,debris,0,0,0,none
1446,lymph,0,0,0,none
1447,lymph,0,0,1,CD4
1448,mono,0,0,0,none
1449,lymph,0,0,1,CD4
1450,mono,0,0,0,none
1451,lymph,0,0,0,none
1452,lymph,0,0,0,none
1453,lymph,0,0,0,none
1454,lymph,0,0,1,DN
1455,lymph,0,0,1,CD4
1456,lymph,0,0,1,CD4
1457,lymph,1,0,1,CD4
1458,gran,0,0,0,none
1459,lymph,0,0,1,CD4
1460,lymph,0,0,0,none
1461,lymph,0,0,0,none
1462,lymph,0,1,1,CD8
1463,mono,0,0,0,none
1464,lymph,0,0,0,none
1465,lymph,0,0,1,CD8
1466,gran,0,1,0,none
1467,gran,0,0,0,none
1468,lymph,0,1,1,DP
1469,lymph,0,0,0,none
1470,gran,0,0,0,none
1471,lymph,0,0,0,none
1472,lymph,0,0,1,DP
1473,lymph,1,0,1,CD4
1474,mono,0,0,0,none
1475,lymph,0,0,0,none
1476,lymph,0,0,1,CD4
1477,lymph,0,0,1,CD4
1478,lymph,0,0,1,DN
1479,lymph,0,0,1,CD4
1480,debris,0,0,0,none
1481,mono,0,1,0,none
1482,lymph,0,0,1,CD4
1483,gran,0,0,0,none
1484,debris,0,0,0,none
1485,lymph,0,0,1,CD8
1486,gran,0,0,0,none
1487,gran,0,0,0,none
1488,lymph,0,0,1,CD4
1489,lymph,0,0,0,none
1490,mono,0,0,0,none
1491,lymph,0,0,0,none
1492,lymph,0,0,1,CD4
1493,debris,0,0,0,none
1494,lymph,0,1,0,none
1495,lymph,1,0,1,CD8
1496,lymph,0,0,0,none
1497,lymph,0,0,1,DN
1498,lymph,0,0,1,CD4
1499,lymph,0,0,1,CD8
1500,lymph,0,0,0,none
1501,lymph,1,0,1,CD4
1502,lymph,0,0,1,DN
1503,lymph,0,0,1,CD4
1504,mono,0,0,0,none
1505,lymph,0,1,1,DN
1506,lymph,0,0,1,CD4
1507,gran,0,1,0,none
1508,lymph,0,0,1,CD8
1509,lymph,0,0,1,CD4
1510,debris,0,0,0,none
1511,lymph,0,0,0,none
1512,lymph,0,0,1,CD4
1513,lymph,0,0,0,none
1514,lymph,0,0,0,none
1515,lymph,0,0,0,none
1516,gran,0,0,0,none
1517,lymph,0,0,1,CD4
1518,lymph,0,0,0,none
1519,lymph,0,1,1,CD4
1520,mono,0,0,0,none
1521,lymph,0,0,1,CD8
1522,lymph,0,0,1,CD8
1523,gran,0,0,0,none
1524,lymph,0,0,0,none
1525,gran,0,0,0,none
1526,gran,0,0,0,none
1527,lymph,0,0,1,CD8
1528,mono,0,0,0,none
1529,debris,0,0,0,none
1530,gran,0,0,0,none
1531,lymph,1,0,1,CD4
1532,debris,0,0,0,none
1533,debris,0,0,0,none
1534,debris,0,0,0,none
1535,lymph,0,0,0,none
1536,gran,0,0,0,none
1537,lymph,0,1,1,DP
1538,mono,0,0,0,none
1539,lymph,0,0,1,CD4
1540,lymph,1,0,0,none
1541,lymph,0,0,1,CD4
1542,gran,0,0,0,none
1543,lymph,0,0,1,CD8
1544,gran,0,0,0,none
1545,gran,0,1,0,none
1546,lymph,1,0,1,CD4
1547,mono,0,0,0,none
1548,gran,0,0,0,none
1549,lymph,0,1,1,CD8
1550,gran,0,0,0,none
1551,debris,0,0,0,none
1552,lymph,0,0,1,CD8
1553,lymph,0,0,1,CD4
1554,debris,0,0,0,none
1555,lymph,0,0,1,DN
1556,debris,0,0,0,none
1557,lymph,0,0,0,none
1558,lymph,0,0,0,none
1559,lymph,0,0,1,CD8
1560,mono,0,0,0,none
1561,lymph,0,0,1,CD4
1562,lymph,0,0,1,CD4
1563,lymph,0,0,0,none
1564,lymph,0,0,1,CD8
1565,lymph,0,0,1,CD8
1566,lymph,0,0,1,CD8
1567,lymph,0,0,1,CD4
1568,lymph,0,0,0,none
1569,gran,0,0,0,none
1570,gran,0,0,0,none
1571,lymph,0,0,1,CD4
1572,lymph,0,0,1,CD4
1573,lymph,0,0,1,CD4
1574,mono,0,0,0,none
1575,lymph,0,0,0,none
1576,lymph,0,0,1,CD4
1577,lymph,0,0,0,none
1578,debris,0,0,0,none
1579,lymph,0,0,1,CD4
1580,lymph,1,0,0,none
1581,mono,0,0,0,none
1582,lymph,0,0,0,none
1583,lymph,1,0,0,none
1584,lymph,0,0,1,CD4
1585,gran,0,0,0,none
1586,lymph,0,0,1,CD4
1587,lymph,0,0,1,CD4
1588,debris,0,0,0,none
1589,lymph,0,0,1,CD4
1590,lymph,0,0,0,none
1591,debris,0,0,0,none
1592,lymph,1,0,0,none
1593,lymph,0,0,1,DN
1594,gran,0,0,0,none
1595,lymph,0,0,1,CD8
1596,lymph,0,0,1,DN
1597,lymph,0,0,1,CD4
1598,lymph,0,0,1,CD8
1599,lymph,0,0,0,none
1600,lymph,0,0,1,CD4
1601,lymph,0,0,1,CD4
1602,gran,0,0,0,none
1603,lymph,0,0,1,CD8
1604,lymph,0,0,1,CD4
1605,lymph,0,1,1,CD4
1606,lymph,0,0,0,none
1607,debris,0,0,0,none
1608,gran,1,0,0,none
1609,mono,0,1,0,none
1610,lymph,0,0,1,CD8
1611,lymph,0,0,0,none
1612,lymph,0,0,1,CD8
1613,mono,0,0,0,none
1614,lymph,0,0,0,none
1615,lymph,0,0,1,CD4
1616,debris,0,0,0,none
1617,lymph,0,0,1,CD8
1618,lymph,0,0,0,none
1619,lymph,0,0,0,none
1620,gran,0,0,0,none
1621,debris,0,0,0,none
1622,gran,0,0,0,none
1623,lymph,0,0,1,CD4
1624,gran,0,0,0,none
1625,lymph,0,0,1,CD8
1626,gran,0,0,0,none
1627,lymph,0,0,1,CD4
1628,gran,0,0,0,none
1629,mono,1,0,0,none
1630,mono,0,0,0,none
1631,lymph,0,0,0,none
1632,gran,1,0,0,none
1633,lymph,0,1,1,CD8
1634,gran,0,0,0,none
1635,lymph,0,0,1,CD4
1636,lymph,0,0,1,CD4
1637,lymph,0,0,1,CD8
1638,lymph,0,0,0,none
1639,mono,0,0,0,none
1640,lymph,0,0,1,CD8
1641,gran,0,0,0,none
1642,mono,0,0,0,none
1643,mono,0,0,0,none
1644,debris,0,0,0,none
1645,lymph,0,0,1,CD8
1646,gran,0,1,0,none
1647,lymph,0,0,1,CD4
1648,mono,0,0,0,none
1649,lymph,0,0,0,none
1650,mono,0,0,0,none
1651,lymph,0,0,1,DN
1652,lymph,0,0,1,DP
1653,debris,0,0,0,none
1654,lymph,0,0,1,CD4
1655,lymph,0,0,1,CD8
1656,lymph,0,0,0,none
1657,lymph,0,0,1,CD8
1658,gran,0,0,0,none
1659,lymph,0,0,1,CD4
1660,lymph,0,0,1,CD8
1661,debris,0,0,0,none
1662,debris,0,0,0,none
1663,lymph,0,0,1,CD8
1664,mono,0,0,0,none
1665,mono,0,0,0,none
1666,lymph,0,1,1,DP
1667,lymph,0,0,0,none
1668,lymph,0,0,1,CD4
1669,gran,0,0,0,none
1670,gran,0,0,0,none
1671,lymph,0,0,0,none
1672,lymph,0,0,0,none
1673,debris,0,0,0,none
1674,gran,0,0,0,none
1675,debris,0,0,0,none
1676,debris,0,0,0,none
1677,mono,0,0,0,none
1678,lymph,0,0,0,none
1679,lymph,0,0,1,DN
1680,lymph,0,0,1,CD4
1681,lymph,0,0,0,none
1682,lymph,1,0,1,CD4
1683,debris,0,0,0,none
1684,gran,0,1,0,none
1685,lymph,0,0,1,CD8
1686,lymph,0,0,1,CD8
1687,mono,0,0,0,none
1688,debris,0,0,0,none
1689,gran,0,1,0,none
1690,gran,0,0,0,none
1691,lymph,1,0,1,CD8
1692,mono,0,0,0,none
1693,lymph,1,0,1,CD4
1694,lymph,0,1,1,CD8
1695,gran,0,0,0,none
1696,lymph,0,0,0,none
1697,lymph,0,0,0,none
1698,lymph,0,0,1,CD4
1699,lymph,0,0,1,CD8
1700,lymph,0,0,1,CD4
1701,lymph,0,0,0,none
1702,gran,0,0,0,none
1703,gran,0,0,0,none
1704,lymph,0,0,0,none
1705,lymph,0,0,1,CD4
1706,debris,0,0,0,none
1707,lymph,0,1,1,CD4
1708,lymph,0,0,0,none
1709,lymph,1,0,1,CD4
1710,lymph,0,0,1,CD4
1711,lymph,0,0,0,none
1712,lymph,0,0,1,CD8
1713,lymph,0,0,1,CD4
1714,lymph,0,0,1,CD8
1715,lymph,0,0,1,CD4
1716,lymph,1,0,1,DP
1717,lymph,0,0,0,none
1718,debris,0,0,0,none
1719,lymph,0,0,1,CD8
1720,lymph,0,0,1,CD4
1721,lymph,0,0,1,CD8
1722,lymph,0,0,1,CD4
1723,lymph,0,0,1,CD4
1724,lymph,0,0,0,none
1725,gran,0,0,0,none
1726,lymph,0,0,1,CD4
1727,debris,0,0,0,none
1728,lymph,0,0,0,none
1729,gran,1,0,0,none
1730,gran,0,0,0,none
1731,gran,0,0,0,none
1732,mono,0,0,0,none
1733,lymph,0,0,0,none
1734,debris,0,0,0,none
1735,lymph,0,0,1,CD8
1736,gran,0,0,0,none
1737,lymph,0,0,0,none
1738,lymph,0,0,0,none
1739,lymph,0,0,1,CD4
1740,lymph,0,0,0,none
1741,gran,0,0,0,none
1742,debris,0,0,0,none
1743,lymph,0,0,1,CD4
1744,mono,0,0,0,none
1745,gran,0,1,0,none
1746,lymph,0,1,1,CD8
1747,lymph,0,0,0,none
1748,lymph,0,0,1,CD8
1749,debris,0,0,0,none
1750,lymph,0,0,0,none
1751,gran,0,0,0,none
1752,gran,0,0,0,none
1753,lymph,0,0,1,CD4
1754,gran,0,0,0,none
1755,gran,0,0,0,none
1756,gran,0,0,0,none
1757,lymph,0,0,0,none
1758,gran,0,0,0,none
1759,mono,0,0,0,none
1760,lymph,0,0,1,CD8
1761,debris,0,0,0,none
1762,lymph,0,0,1,DP
1763,lymph,0,0,1,CD4
1764,lymph,0,0,1,DN
1765,lymph,0,0,1,CD4
1766,mono,0,0,0,none
1767,debris,0,0,0,none
1768,lymph,0,0,1,CD4
1769,gran,0,0,0,none
1770,mono,0,0,0,none
1771,lymph,0,0,1,CD4
1772,gran,0,0,0,none
1773,lymph,0,0,0,none
1774,lymph,0,0,0,none
1775,gran,0,1,0,none
1776,lymph,0,0,1,CD8
1777,lymph,0,0,1,CD8
1778,debris,0,0,0,none
1779,gran,0,0,0,none
1780,lymph,0,0,1,CD4
1781,lymph,0,0,0,none
1782,mono,0,0,0,none
1783,mono,0,0,0,none
1784,lymph,1,0,1,CD4
1785,lymph,0,0,0,none
1786,lymph,0,0,1,CD4
1787,lymph,0,0,1,CD4
1788,lymph,0,0,0,none
1789,gran,0,0,0,none
1790,lymph,0,1,1,CD4
1791,gran,0,0,0,none
1792,gran,0,0,0,none
1793,mono,0,0,0,none
1794,lymph,0,0,1,CD4
1795,gran,0,1,0,none
1796,lymph,0,1,1,DN
1797,lymph,0,0,1,CD4
1798,gran,0,0,0,none
1799,lymph,0,0,0,none
1800,gran,0,0,0,none
1801,mono,0,0,0,none
1802,lymph,0,0,1,CD8
1803,lymph,0,0,0,none
1804,mono,0,0,0,none
1805,lymph,0,0,1,DN
1806,gran,0,0,0,none
1807,lymph,0,0,0,none
1808,lymph,0,0,0,none
1809,gran,0,0,0,none
1810,lymph,0,0,1,CD4
1811,gran,0,0,0,none
1812,lymph,0,0,1,CD4
1813,lymph,0,0,0,none
1814,mono,0,0,0,none
1815,lymph,0,1,0,none
1816,mono,0,1,0,none
1817,lymph,0,0,1,CD8
1818,mono,0,0,0,none
1819,gran,0,0,0,none
1820,lymph,0,0,1,CD8
1821,lymph,0,0,1,CD8
1822,lymph,0,0,1,CD8
1823,gran,0,0,0,none
1824,lymph,0,0,1,CD4
1825,lymph,1,0,1,CD4
1826,gran,0,0,0,none
1827,lymph,0,0,1,DP
1828,gran,0,0,0,none
1829,gran,0,1,0,none
1830,mono,0,0,0,none
1831,mono,1,0,0,none
1832,debris,0,0,0,none
1833,lymph,0,0,0,none
1834,lymph,0,1,1,CD8
1835,lymph,0,0,1,CD4
1836,lymph,0,0,0,none
1837,lymph,0,1,1,CD4
1838,gran,0,0,0,none
1839,debris,0,0,0,none
1840,lymph,0,0,1,DP
1841,lymph,0,0,0,none
1842,gran,0,0,0,none
1843,gran,0,0,0,none
1844,lymph,0,0,1,CD8
1845,lymph,0,0,1,CD4
1846,gran,0,0,0,none
1847,mono,0,0,0,none
1848,gran,0,0,0,none
1849,lymph,0,0,1,CD4
1850,debris,0,0,0,none
1851,lymph,0,1,0,none
1852,debris,0,0,0,none
1853,gran,0,0,0,none
1854,lymph,1,0,1,CD4
1855,lymph,0,1,1,CD8
1856,mono,0,0,0,none
1857,lymph,0,0,1,CD4
1858,lymph,0,0,0,none
1859,lymph,0,0,1,CD8
1860,gran,0,0,0,none
1861,lymph,0,0,0,none
1862,debris,0,0,0,none
1863,gran,1,0,0,none
1864,gran,0,0,0,none
1865,lymph,0,0,0,none
1866,gran,1,0,0,none
1867,lymph,0,0,1,DN
1868,lymph,0,0,0,none
1869,lymph,0,0,0,none
1870,mono,0,0,0,none
1871,lymph,0,0,1,CD4
1872,lymph,0,0,1,CD8
1873,lymph,0,0,0,none
1874,lymph,0,0,1,CD4
1875,lymph,0,0,0,none
1876,gran,0,1,0,none
1877,mono,0,0,0,none
1878,lymph,0,0,0,none
1879,lymph,0,0,0,none
1880,debris,0,0,0,none
1881,debris,0,0,0,none
1882,gran,0,0,0,none
1883,gran,0,0,0,none
1884,lymph,0,0,0,none
1885,lymph,1,1,1,CD4
1886,gran,0,0,0,none
1887,mono,0,0,0,none
1888,lymph,0,0,1,CD4
1889,lymph,0,0,1,CD4
1890,lymph,0,0,0,none
1891,debris,0,0,0,none
1892,lymph,0,0,1,CD8
1893,lymph,1,1,0,none
1894,mono,0,0,0,none
1895,gran,0,0,0,none
1896,lymph,0,0,0,none
1897,lymph,0,0,1,CD8
1898,mono,0,0,0,none
1899,gran,1,0,0,none
1900,lymph,0,0,1,CD8
1901,lymph,0,0,0,none
1902,lymph,1,0,1,DN
1903,lymph,0,0,1,CD4
1904,lymph,0,0,1,CD4
1905,lymph,0,0,1,CD8
1906,gran,0,0,0,none
1907,lymph,0,0,1,CD4
1908,lymph,0,0,1,CD4
1909,mono,0,0,0,none
1910,mono,1,0,0,none
1911,lymph,0,0,1,CD4
1912,mono,0,0,0,none
1913,debris,0,0,0,none
1914,debris,0,0,0,none
1915,lymph,0,0,1,CD4
1916,lymph,0,0,1,CD4
1917,lymph,0,0,1,CD8
1918,lymph,0,0,1,CD4
1919,lymph,0,0,1,CD8
1920,lymph,0,0,0,none
1921,mono,0,1,0,none
1922,mono,0,0,0,none
1923,lymph,1,0,1,CD8
1924,lymph,0,0,0,none
1925,lymph,0,0,1,CD4
1926,gran,0,1,0,none
1927,lymph,0,0,1,CD8
1928,lymph,0,0,0,none
1929,lymph,0,0,1,DN
1930,lymph,0,0,0,none
1931,lymph,0,0,1,CD4
1932,lymph,0,0,0,none
1933,lymph,0,0,1,CD4
1934,debris,0,0,0,none
1935,debris,0,0,0,none
1936,lymph,0,0,1,CD4
1937,lymph,0,0,1,CD8
1938,lymph,0,0,0,none
1939,lymph,1,0,1,CD8
1940,lymph,0,0,0,none
1941,gran,0,0,0,none
1942,mono,0,0,0,none
1943,gran,0,0,0,none
1944,gran,0,0,0,none
1945,lymph,0,0,0,none
1946,debris,0,0,0,none
1947,gran,0,0,0,none
1948,lymph,0,0,1,CD4
1949,mono,0,0,0,none
1950,lymph,0,0,1,CD4
1951,gran,0,0,0,none
1952,lymph,0,0,0,none
1953,gran,0,0,0,none
1954,gran,0,0,0,none
1955,mono,0,0,0,none
1956,lymph,0,0,1,CD8
1957,debris,0,0,0,none
1958,gran,0,0,0,none
1959,debris,0,0,0,none
1960,lymph,0,0,1,CD8
1961,debris,0,0,0,none
1962,gran,0,0,0,none
1963,lymph,0,0,1,DP
1964,debris,0,0,0,none
1965,lymph,0,1,0,none
1966,debris,0,0,0,none
1967,gran,0,0,0,none
1968,gran,0,0,0,none
1969,lymph,0,0,0,none
1970,lymph,0,0,0,none
1971,lymph,1,0,0,none
1972,lymph,1,0,1,CD4
1973,gran,0,0,0,none
1974,lymph,0,0,1,DP
1975,debris,0,0,0,none
1976,mono,0,0,0,none
1977,debris,0,0,0,none
1978,gran,1,1,0,none
1979,gran,0,1,0,none
1980,mono,0,0,0,none
1981,lymph,0,0,1,CD4
1982,lymph,0,0,1,CD8
1983,lymph,0,0,0,none
1984,lymph,0,0,1,CD8
1985,lymph,0,0,1,CD4
1986,lymph,0,0,1,CD4
1987,lymph,0,0,1,CD8
1988,gran,0,0,0,none
1989,mono,0,0,0,none
1990,lymph,0,0,1,CD4
1991,lymph,0,0,0,none
1992,lymph,0,0,1,CD4
1993,lymph,0,0,0,none
1994,lymph,0,0,0,none
1995,debris,0,0,0,none
1996,debris,0,0,0,none
1997,mono,0,0,0,none
1998,gran,0,0,0,none
1999,lymph,0,0,0,none
2000,mono,0,0,0,none
2001,lymph,0,0,1,CD8
2002,lymph,0,0,0,none
2003,mono,0,0,0,none
2004,mono,0,0,0,none
2005,lymph,0,0,1,CD8
2006,lymph,0,0,1,CD8
2007,lymph,0,0,0,none
2008,lymph,0,0,1,CD8
2009,lymph,0,0,1,CD4
2010,gran,0,0,0,none
2011,debris,0,0,0,none
2012,lymph,0,0,1,CD4
2013,lymph,1,0,0,none
2014,debris,0,0,0,none
2015,gran,0,0,0,none
2016,lymph,0,0,0,none
2017,mono,0,0,0,none
2018,lymph,0,0,1,CD4
2019,lymph,0,0,1,CD8
2020,gran,0,0,0,none
2021,lymph,0,0,1,CD8
2022,gran,0,0,0,none
2023,lymph,0,0,1,CD4
2024,mono,1,0,0,none
2025,lymph,0,0,0,none
2026,mono,0,0,0,none
2027,gran,0,0,0,none
2028,lymph,0,0,1,CD4
2029,debris,0,0,0,none
2030,lymph,0,0,0,none
2031,lymph,0,0,1,CD8
2032,lymph,0,0,0,none
2033,lymph,0,0,1,CD8
2034,lymph,0,1,1,DP
2035,debris,0,0,0,none
2036,lymph,0,0,1,CD8
2037,gran,0,0,0,none
2038,mono,0,1,0,none
2039,debris,0,0,0,none
2040,lymph,0,0,0,none
2041,lymph,0,0,0,none
2042,lymph,0,0,1,CD4
2043,lymph,0,0,1,CD8
2044,lymph,0,0,0,none
2045,mono,0,1,0,none
2046,debris,0,0,0,none
2047,lymph,1,0,0,none
2048,gran,0,0,0,none
2049,lymph,0,0,1,DN
2050,lymph,0,0,1,CD4
2051,lymph,0,0,1,CD4
2052,lymph,1,0,1,CD8
2053,lymph,0,0,1,CD8
2054,lymph,0,0,1,CD8
2055,lymph,0,0,1,CD4
2056,lymph,0,0,1,CD8
2057,debris,0,0,0,none
2058,gran,0,0,0,none
2059,debris,0,0,0,none
2060,lymph,0,0,0,none
2061,lymph,0,0,0,none
2062,mono,0,1,0,none
2063,gran,0,0,0,none
2064,lymph,0,0,1,CD8
2065,lymph,0,0,1,CD8
2066,lymph,0,1,1,CD4
2067,gran,0,0,0,none
2068,lymph,0,0,1,CD8
2069,lymph,0,0,1,CD8
2070,mono,1,1,0,none
2071,lymph,0,0,1,CD8
2072,lymph,0,0,1,CD4
2073,lymph,1,0,1,CD4
2074,gran,0,0,0,none
2075,lymph,0,1,1,CD4
2076,gran,0,0,0,none
2077,gran,0,0,0,none
2078,lymph,0,0,0,none
2079,mono,0,0,0,none
2080,lymph,0,0,1,CD8
2081,lymph,0,0,1,DN
2082,lymph,0,0,1,CD8
2083,lymph,0,0,1,CD8
2084,mono,0,0,0,none
2085,lymph,0,0,1,CD4
2086,lymph,0,0,0,none
2087,lymph,0,0,1,CD8
2088,gran,0,0,0,none
2089,debris,0,0,0,none
2090,debris,0,0,0,none
2091,gran,0,0,0,none
2092,debris,0,0,0,none
2093,lymph,0,0,1,DN
2094,lymph,0,0,1,CD4
2095,lymph,0,0,1,CD8
2096,gran,0,0,0,none
2097,lymph,0,1,0,none
2098,mono,0,0,0,none
2099,lymph,0,0,0,none
2100,lymph,0,0,0,none
2101,lymph,0,0,0,none
2102,lymph,0,0,1,CD8
2103,lymph,0,0,1,CD8
2104,gran,0,0,0,none
2105,lymph,0,0,0,none
2106,gran,0,0,0,none
2107,mono,0,0,0,none
2108,lymph,0,0,1,DN
2109,debris,0,0,0,none
2110,lymph,0,0,1,DN
2111,lymph,0,0,1,CD8
2112,gran,0,0,0,none
2113,lymph,0,0,1,DN
2114,mono,0,0,0,none
2115,mono,0,0,0,none
2116,gran,0,0,0,none
2117,lymph,0,0,1,CD4
2118,gran,0,0,0,none
2119,lymph,0,0,1,CD4
2120,gran,0,0,0,none
2121,debris,0,0,0,none
2122,lymph,1,0,1,DN
2123,debris,0,0,0,none
2124,mono,0,0,0,none
2125,mono,0,0,0,none
2126,gran,0,0,0,none
2127,lymph,0,0,1,CD4
2128,lymph,0,0,1,CD8
2129,gran,0,0,0,none
2130,lymph,0,0,1,CD4
2131,debris,0,0,0,none
2132,gran,0,0,0,none
2133,lymph,0,0,1,DN
2134,lymph,0,0,1,CD8
2135,gran,0,0,0,none
2136,gran,0,0,0,none
2137,mono,0,0,0,none
2138,mono,0,0,0,none
2139,lymph,0,0,1,CD8
2140,lymph,0,0,1,CD4
2141,mono,0,0,0,none
2142,lymph,0,1,1,CD4
2143,lymph,0,0,0,none
2144,lymph,0,0,1,CD4
2145,lymph,0,0,1,CD4
2146,lymph,0,0,1,CD4
2147,lymph,0,0,1,CD4
2148,debris,0,0,0,none
2149,lymph,0,0,1,DN
2150,lymph,0,0,1,CD4
2151,lymph,0,0,1,CD4
2152,gran,0,0,0,none
2153,lymph,0,0,0,none
2154,mono,0,0,0,none
2155,lymph,0,0,0,none
2156,lymph,0,0,1,DN
2157,lymph,0,0,1,CD8
2158,lymph,0,0,1,CD4
2159,mono,0,0,0,none
2160,lymph,1,0,1,CD4
2161,lymph,0,0,0,none
2162,lymph,0,0,1,CD4
2163,gran,0,0,0,none
2164,mono,0,0,0,none
2165,gran,1,0,0,none
2166,gran,0,0,0,none
2167,mono,0,0,0,none
2168,lymph,0,0,1,CD8
2169,gran,0,0,0,none
2170,lymph,0,0,0,none
2171,mono,0,0,0,none
2172,lymph,0,0,1,CD4
2173,lymph,1,0,0,none
2174,debris,0,0,0,none
2175,lymph,0,0,1,CD8
2176,lymph,0,1,1,CD8
2177,lymph,0,0,0,none
2178,lymph,0,0,1,CD8
2179,lymph,0,0,1,CD4
2180,gran,0,0,0,none
2181,debris,0,0,0,none
2182,debris,0,0,0,none
2183,gran,0,0,0,none
2184,lymph,0,0,1,CD4
2185,lymph,0,0,1,DN
2186,gran,0,0,0,none
2187,debris,0,0,0,none
2188,lymph,0,0,1,CD4
2189,lymph,0,0,1,DN
2190,gran,0,0,0,none
2191,lymph,0,0,0,none
2192,lymph,0,0,0,none
2193,lymph,0,0,1,CD8
2194,gran,0,0,0,none
2195,lymph,0,0,1,CD4
2196,lymph,0,0,1,CD8
2197,lymph,0,0,1,CD8
2198,lymph,0,1,0,none
2199,lymph,0,0,1,CD4
2200,lymph,0,0,0,none
2201,debris,0,0,0,none
2202,lymph,0,0,0,none
2203,lymph,0,0,0,none
2204,debris,0,0,0,none
2205,debris,0,0,0,none
2206,lymph,0,0,1,CD8
2207,debris,0,0,0,none
2208,mono,0,0,0,none
2209,lymph,0,0,1,CD4
2210,lymph,0,0,1,CD8
2211,lymph,0,0,0,none
2212,lymph,0,0,1,CD8
2213,mono,0,0,0,none
2214,lymph,0,0,0,none
2215,lymph,0,0,1,CD8
2216,mono,0,0,0,none
2217,lymph,0,0,0,none
2218,mono,0,1,0,none
2219,mono,0,0,0,none
2220,lymph,0,0,1,CD8
2221,lymph,0,0,1,CD8
2222,lymph,0,0,1,CD4
2223,lymph,0,0,1,DN
2224,lymph,0,0,1,CD4
2225,mono,0,0,0,none
2226,lymph,0,0,1,CD8
2227,lymph,1,0,0,none
2228,gran,0,0,0,none
2229,lymph,0,1,1,CD8
2230,lymph,0,0,1,CD4
2231,mono,0,0,0,none
2232,lymph,0,0,0,none
2233,mono,0,0,0,none
2234,mono,0,0,0,none
2235,lymph,0,1,0,none
2236,lymph,0,0,1,CD4
2237,debris,0,0,0,none
2238,lymph,0,0,1,DN
2239,lymph,0,0,1,CD8
2240,debris,0,0,0,none
2241,lymph,0,0,1,CD4
2242,lymph,0,0,0,none
2243,lymph,0,0,0,none
2244,debris,0,0,0,none
2245,lymph,0,0,0,none
2246,lymph,1,0,1,CD8
2247,lymph,0,0,1,CD4
2248,lymph,0,0,1,CD4
2249,gran,0,0,0,none
2250,lymph,0,0,1,CD4
2251,lymph,0,0,1,CD8
2252,lymph,0,0,0,none
2253,lymph,0,1,1,CD4
2254,lymph,0,0,0,none
2255,lymph,0,0,1,CD4
2256,lymph,0,0,0,none
2257,lymph,0,0,0,none
2258,mono,0,0,0,none
2259,lymph,0,0,1,CD8
2260,gran,0,0,0,none
2261,lymph,1,0,1,CD4
2262,debris,0,0,0,none
2263,gran,0,0,0,none
2264,lymph,0,1,1,CD4
2265,gran,0,0,0,none
2266,lymph,0,0,1,CD8
2267,lymph,0,1,1,CD8
2268,lymph,0,0,1,DN
2269,lymph,0,0,1,CD4
2270,lymph,0,0,1,CD8
2271,gran,0,0,0,none
2272,lymph,0,0,1,CD4
2273,debris,0,0,0,none
2274,lymph,0,0,1,CD4
2275,debris,0,0,0,none
2276,lymph,0,0,1,CD4
2277,lymph,0,0,1,CD8
2278,lymph,0,0,1,CD4
2279,debris,0,0,0,none
2280,lymph,0,0,1,CD8
2281,lymph,0,0,0,none
2282,lymph,0,0,1,CD8
2283,gran,0,0,0,none
2284,lymph,0,0,1,DP
2285,mono,0,0,0,none
2286,debris,0,0,0,none
2287,lymph,0,0,1,DN
2288,gran,0,1,0,none
2289,gran,0,0,0,none
2290,lymph,0,0,0,none
2291,lymph,0,0,1,CD8
2292,lymph,0,0,1,CD8
2293,lymph,0,0,1,CD8
2294,lymph,0,0,1,CD4
2295,lymph,0,0,1,CD4
2296,lymph,0,0,1,CD8
2297,lymph,0,0,1,CD8
2298,lymph,0,0,1,CD4
2299,gran,1,0,0,none
2300,lymph,0,0,1,DN
2301,debris,0,0,0,none
2302,mono,0,0,0,none
2303,lymph,0,0,1,CD4
2304,lymph,1,0,0,none
2305,lymph,0,0,1,CD4
2306,lymph,0,0,1,CD8
2307,lymph,0,0,1,CD8
2308,mono,0,0,0,none
2309,lymph,0,0,0,none
2310,lymph,0,0,1,CD4
2311,lymph,0,0,1,CD4
2312,lymph,0,0,1,DN
2313,mono,0,0,0,none
2314,lymph,0,0,1,CD8
2315,debris,0,0,0,none
2316,lymph,0,0,1,CD4
2317,lymph,0,0,1,CD4
2318,gran,0,0,0,none
2319,lymph,0,0,1,CD4
2320,mono,0,1,0,none
2321,lymph,0,0,0,none
2322,lymph,0,0,1,CD8
2323,gran,0,0,0,none
2324,mono,0,0,0,none
2325,lymph,0,0,1,CD4
2326,lymph,0,0,1,CD4
2327,debris,0,0,0,none
2328,mono,0,0,0,none
2329,gran,0,0,0,none
2330,mono,0,0,0,none
2331,lymph,0,1,1,CD8
2332,lymph,0,0,1,CD4
2333,lymph,0,1,0,none
2334,mono,0,0,0,none
2335,gran,0,0,0,none
2336,lymph,0,0,1,DP
2337,lymph,0,0,1,DN
2338,lymph,0,0,1,CD8
2339,lymph,0,0,1,CD4
2340,lymph,0,0,0,none
2341,lymph,0,0,1,CD8
2342,lymph,0,0,1,CD8
2343,gran,0,0,0,none
2344,gran,1,0,0,none
2345,lymph,0,0,0,none
2346,lymph,0,0,1,CD4
2347,lymph,0,1,0,none
2348,lymph,1,0,1,CD8
2349,lymph,0,1,1,CD4
2350,lymph,0,0,1,CD4
2351,lymph,0,0,1,CD4
2352,lymph,0,0,1,CD8
2353,lymph,0,0,0,none
2354,lymph,0,0,1,CD4
2355,debris,0,0,0,none
2356,lymph,0,0,0,none
2357,debris,0,0,0,none
2358,lymph,0,0,1,CD4
2359,mono,0,0,0,none
2360,lymph,0,0,0,none
2361,gran,0,0,0,none
2362,lymph,0,1,0,none
2363,gran,0,0,0,none
2364,lymph,0,0,0,none
2365,lymph,0,0,1,CD8
2366,gran,0,0,0,none
2367,lymph,0,0,0,none
2368,mono,0,0,0,none
2369,debris,0,0,0,none
2370,mono,1,0,0,none
2371,gran,0,0,0,none
2372,debris,0,0,0,none
2373,gran,1,0,0,none
2374,lymph,0,0,1,CD4
2375,gran,0,0,0,none
2376,debris,0,0,0,none
2377,lymph,0,0,1,CD4
2378,lymph,0,0,0,none
2379,lymph,0,0,0,none
2380,gran,0,0,0,none
2381,lymph,0,0,0,none
2382,lymph,0,0,1,CD8
2383,lymph,0,0,1,CD4
2384,lymph,0,0,1,CD4
2385,lymph,0,0,1,CD4
2386,debris,0,0,0,none
2387,mono,0,0,0,none
2388,lymph,0,0,1,CD8
2389,lymph,0,0,1,CD8
2390,lymph,0,0,0,none
2391,gran,0,0,0,none
2392,lymph,0,0,0,none
2393,gran,1,0,0,none
2394,gran,0,0,0,none
2395,lymph,0,0,1,CD8
2396,lymph,1,0,1,CD4
2397,lymph,0,0,1,DN
2398,lymph,0,0,1,CD8
2399,mono,0,0,0,none
2400,debris,0,0,0,none
2401,gran,0,0,0,none
2402,lymph,0,0,1,DP
2403,lymph,0,0,0,none
2404,lymph,0,0,1,CD8
2405,lymph,0,0,1,CD4
2406,lymph,0,0,0,none
2407,gran,0,0,0,none
2408,lymph,0,0,1,CD4
2409,gran,0,0,0,none
2410,gran,0,0,0,none
2411,debris,0,0,0,none
2412,lymph,0,0,0,none
2413,lymph,0,0,1,CD4
2414,mono,0,0,0,none
2415,lymph,0,0,1,CD8
2416,lymph,0,0,1,DP
2417,lymph,0,0,1,CD8
2418,lymph,0,0,1,CD8
2419,mono,0,0,0,none
2420,lymph,0,0,1,CD8
2421,gran,0,0,0,none
2422,debris,0,0,0,none
2423,mono,0,0,0,none
2424,mono,0,0,0,none
2425,gran,0,0,0,none
2426,gran,0,0,0,none
2427,lymph,0,0,1,CD8
2428,mono,0,0,0,none
2429,debris,0,0,0,none
2430,gran,0,0,0,none
2431,lymph,0,1,0,none
2432,lymph,0,0,1,CD4
2433,lymph,0,0,0,none
2434,lymph,0,0,0,none
2435,lymph,0,0,1,CD8
2436,lymph,0,0,1,DP
2437,debris,0,0,0,none
2438,lymph,0,0,0,none
2439,mono,1,0,0,none
2440,gran,0,0,0,none
2441,gran,0,0,0,none
2442,gran,0,0,0,none
2443,lymph,1,0,0,none
2444,gran,0,1,0,none
2445,debris,0,0,0,none
2446,gran,0,0,0,none
2447,lymph,1,0,1,CD8
2448,gran,0,0,0,none
2449,lymph,0,0,1,CD4
2450,lymph,0,0,1,CD8
2451,gran,0,0,0,none
2452,lymph,0,0,1,CD4
2453,lymph,0,0,1,DP
2454,lymph,0,0,0,none
2455,lymph,0,0,0,none
2456,lymph,0,0,1,CD8
2457,gran,0,0,0,none
2458,lymph,0,1,1,CD4
2459,lymph,0,0,1,DP
2460,debris,0,0,0,none
2461,lymph,0,0,1,CD4
2462,gran,0,0,0,none
2463,gran,0,0,0,none
2464,gran,0,0,0,none
2465,lymph,0,0,1,DN
2466,mono,1,0,0,none
2467,mono,0,0,0,none
2468,lymph,0,0,1,CD4
2469,mono,0,0,0,none
2470,mono,0,0,0,none
2471,debris,0,0,0,none
2472,lymph,0,0,1,CD4
2473,lymph,0,1,0,none
2474,lymph,1,0,1,CD4
2475,gran,0,0,0,none
2476,lymph,0,0,0,none
2477,lymph,0,0,1,CD4
2478,gran,0,0,0,none
2479,lymph,0,0,1,CD4
2480,gran,0,1,0,none
2481,gran,0,0,0,none
2482,lymph,0,0,1,CD4
2483,gran,0,0,0,none
2484,lymph,0,0,0,none
2485,lymph,0,0,0,none
2486,lymph,0,0,0,none
2487,gran,1,0,0,none
2488,debris,0,0,0,none
2489,lymph,0,1,0,none
2490,lymph,0,0,0,none
2491,lymph,0,0,1,CD4
2492,debris,0,0,0,none
2493,gran,0,0,0,none
2494,lymph,0,0,0,none
2495,lymph,0,0,1,CD4
2496,lymph,0,0,1,CD8
2497,lymph,0,0,1,DN
2498,mono,0,0,0,none
2499,lymph,0,0,1,DN
2500,lymph,0,0,1,CD4
2501,debris,0,0,0,none
2502,lymph,1,0,0,none
2503,lymph,0,0,1,DN
2504,mono,0,0,0,none
2505,lymph,0,0,1,CD4
2506,lymph,0,0,1,CD4
2507,lymph,1,0,1,CD8
2508,lymph,0,0,1,CD8
2509,lymph,0,0,0,none
2510,gran,0,0,0,none
2511,lymph,0,0,0,none
2512,lymph,1,0,1,CD4
2513,lymph,0,0,1,CD8
2514,lymph,0,0,1,CD4
2515,lymph,0,0,1,CD8
2516,lymph,1,0,1,CD4
2517,lymph,0,0,0,none
2518,debris,0,0,0,none
2519,lymph,0,0,0,none
2520,gran,0,0,0,none
2521,lymph,0,0,0,none
2522,mono,0,0,0,none
2523,gran,0,0,0,none
2524,gran,0,0,0,none
2525,mono,0,0,0,none
2526,lymph,0,0,1,CD8
2527,lymph,0,0,0,none
2528,lymph,0,0,1,CD8
2529,lymph,0,0,1,CD8
2530,lymph,0,0,0,none
2531,lymph,1,0,1,CD4
2532,mono,0,0,0,none
2533,lymph,0,0,1,CD8
2534,lymph,0,0,0,none
2535,mono,0,1,0,none
2536,lymph,0,0,0,none
2537,debris,0,0,0,none
2538,lymph,0,0,1,DP
2539,lymph,0,0,1,CD8
2540,gran,0,0,0,none
2541,lymph,0,0,1,CD4
2542,gran,0,0,0,none
2543,lymph,0,0,1,CD8
2544,lymph,0,0,0,none
2545,lymph,0,1,1,DN
2546,lymph,0,0,0,none
2547,gran,0,0,0,none
2548,lymph,0,0,1,DN
2549,lymph,0,0,0,none
2550,gran,0,0,0,none
2551,lymph,0,0,1,CD8
2552,mono,0,0,0,none
2553,mono,0,0,0,none
2554,lymph,0,0,0,none
2555,gran,0,0,0,none
2556,mono,1,0,0,none
2557,lymph,0,0,1,CD8
2558,lymph,0,0,1,DN
2559,gran,0,0,0,none
2560,lymph,0,0,1,CD4
2561,lymph,0,0,1,CD4
2562,mono,1,0,0,none
2563,mono,0,0,0,none
2564,gran,0,0,0,none
2565,lymph,0,0,0,none
2566,lymph,0,0,1,CD4
2567,mono,0,0,0,none
2568,lymph,0,0,1,CD4
2569,mono,0,0,0,none
2570,lymph,0,0,1,CD4
2571,gran,0,0,0,none
2572,gran,0,1,0,none
2573,gran,0,0,0,none
2574,lymph,0,0,1,CD8
2575,gran,1,0,0,none
2576,lymph,0,0,0,none
2577,lymph,0,0,1,CD4
2578,lymph,0,0,0,none
2579,lymph,0,0,1,DP
2580,lymph,0,0,0,none
2581,mono,1,0,0,none
2582,lymph,0,0,1,CD4
2583,lymph,0,0,1,CD4
2584,mono,0,0,0,none
2585,debris,0,0,0,none
2586,lymph,0,0,0,none
2587,lymph,1,0,0,none
2588,lymph,0,0,1,CD4
2589,lymph,0,0,0,none
2590,lymph,1,0,1,CD8
2591,lymph,0,0,1,DN
2592,lymph,0,0,1,CD4
2593,lymph,1,0,1,CD8
2594,lymph,0,0,1,CD4
2595,gran,0,0,0,none
2596,gran,0,0,0,none
2597,lymph,1,0,0,none
2598,lymph,0,0,1,CD4
2599,debris,0,0,0,none
2600,lymph,0,0,1,DN
2601,lymph,0,0,0,none
2602,lymph,0,0,0,none
2603,lymph,1,0,0,none
2604,lymph,0,0,0,none
2605,lymph,0,0,0,none
2606,lymph,0,0,1,CD4
2607,gran,0,0,0,none
2608,lymph,0,0,1,CD8
2609,lymph,0,0,1,CD4
2610,gran,0,0,0,none
2611,lymph,0,0,0,none
2612,mono,0,0,0,none
2613,debris,0,0,0,none
2614,debris,0,0,0,none
2615,lymph,0,0,0,none
2616,lymph,1,0,1,CD8
2617,gran,0,0,0,none
2618,lymph,0,0,0,none
2619,lymph,0,0,1,CD8
2620,lymph,0,0,1,CD8
2621,lymph,0,0,0,none
2622,mono,0,0,0,none
2623,lymph,0,0,1,CD8
2624,gran,0,0,0,none
2625,lymph,0,0,0,none
2626,mono,0,0,0,none
2627,lymph,0,0,1,DN
2628,lymph,0,0,1,DP
2629,lymph,0,0,0,none
2630,debris,0,0,0,none
2631,lymph,0,0,1,DP
2632,lymph,0,0,1,CD8
2633,debris,0,0,0,none
2634,lymph,0,0,1,CD8
2635,lymph,0,0,0,none
2636,lymph,0,0,1,CD4
2637,mono,0,0,0,none
2638,lymph,0,1,0,none
2639,mono,1,0,0,none
2640,debris,0,0,0,none
2641,gran,0,0,0,none
2642,lymph,0,0,1,CD4
2643,lymph,0,0,0,none
2644,lymph,0,1,1,CD8
2645,gran,0,0,0,none
2646,lymph,0,0,1,CD4
2647,lymph,0,0,0,none
2648,lymph,0,0,0,none
2649,lymph,0,0,1,DN
2650,lymph,0,0,1,CD4
2651,lymph,0,0,1,CD8
2652,gran,0,0,0,none
2653,mono,0,1,0,none
2654,mono,0,0,0,none
2655,lymph,0,0,1,CD8
2656,lymph,0,0,0,none
2657,lymph,0,0,0,none
2658,lymph,0,0,1,CD4
2659,lymph,0,0,1,CD4
2660,lymph,0,0,0,none
2661,lymph,0,0,0,none
2662,debris,0,0,0,none
2663,lymph,0,0,0,none
2664,lymph,0,0,0,none
2665,lymph,0,0,0,none
2666,lymph,1,0,1,CD4
2667,lymph,0,0,0,none
2668,lymph,0,1,1,CD4
2669,lymph,0,0,1,CD8
2670,lymph,1,0,0,none
2671,lymph,0,0,1,CD4
2672,mono,0,0,0,none
2673,gran,0,1,0,none
2674,mono,0,1,0,none
2675,lymph,0,0,1,CD8
2676,lymph,1,0,0,none
2677,lymph,0,0,1,CD8
2678,lymph,0,0,1,CD4
2679,gran,0,0,0,none
2680,gran,0,0,0,none
2681,lymph,0,0,1,CD4
2682,lymph,0,0,0,none
2683,lymph,0,1,1,CD4
2684,lymph,0,0,1,CD4
2685,lymph,0,0,1,CD8
2686,gran,1,0,0,none
2687,lymph,0,1,0,none
2688,mono,0,0,0,none
2689,lymph,0,0,1,DN
2690,mono,0,0,0,none
2691,gran,0,0,0,none
2692,debris,0,0,0,none
2693,lymph,0,0,0,none
2694,lymph,0,0,0,none
2695,lymph,0,0,1,CD4
2696,gran,0,1,0,none
2697,lymph,1,1,1,CD8
2698,gran,1,0,0,none
2699,gran,1,0,0,none
2700,mono,0,0,0,none
2701,lymph,0,0,0,none
2702,lymph,0,0,0,none
2703,lymph,0,0,1,CD4
2704,mono,0,0,0,none
2705,gran,0,0,0,none
2706,debris,0,0,0,none
2707,lymph,0,0,0,none
2708,lymph,0,0,1,CD4
2709,lymph,0,0,1,CD8
2710,mono,0,0,0,none
2711,lymph,0,0,1,CD4
2712,lymph,0,0,0,none
2713,lymph,0,0,1,CD4
2714,lymph,0,0,1,CD4
2715,lymph,0,0,0,none
2716,lymph,0,0,1,CD8
2717,lymph,0,0,0,none
2718,lymph,0,0,0,none
2719,lymph,0,0,1,CD4
2720,mono,0,0,0,none
2721,lymph,0,0,1,CD8
2722,mono,0,0,0,none
2723,gran,0,0,0,none
2724,gran,0,0,0,none
2725,lymph,0,0,1,CD8
2726,lymph,0,0,1,CD8
2727,lymph,0,0,1,CD4
2728,lymph,0,0,0,none
2729,gran,0,0,0,none
2730,mono,0,0,0,none
2731,lymph,0,0,0,none
2732,lymph,0,0,1,CD4
2733,gran,0,0,0,none
2734,lymph,0,0,1,CD4
2735,lymph,0,0,0,none
2736,lymph,0,0,0,none
2737,mono,0,0,0,none
2738,lymph,0,0,1,CD4
2739,gran,0,0,0,none
2740,debris,0,0,0,none
2741,lymph,0,0,1,CD8
2742,mono,0,0,0,none
2743,gran,0,0,0,none
2744,lymph,0,0,1,CD4
2745,gran,0,1,0,none
2746,mono,0,0,0,none
2747,lymph,0,0,0,none
2748,mono,0,0,0,none
2749,mono,0,0,0,none
2750,gran,0,0,0,none
2751,lymph,0,0,1,CD4
2752,lymph,0,0,0,none
2753,lymph,0,0,1,CD4
2754,lymph,0,0,1,CD4
2755,lymph,0,0,1,CD4
2756,gran,0,0,0,none
2757,lymph,0,0,1,DP
2758,lymph,0,0,1,CD8
2759,lymph,0,0,1,CD4
2760,debris,0,0,0,none
2761,lymph,0,0,1,CD4
2762,gran,0,0,0,none
2763,lymph,0,0,1,DN
2764,lymph,0,0,1,CD8
2765,lymph,0,0,0,none
2766,mono,0,0,0,none
2767,gran,0,1,0,none
2768,lymph,0,0,1,CD8
2769,gran,0,0,0,none
2770,lymph,0,0,1,CD8
2771,debris,0,0,0,none
2772,lymph,0,0,1,CD4
2773,lymph,0,0,1,CD4
2774,lymph,0,0,1,CD8
2775,mono,0,0,0,none
2776,gran,0,0,0,none
2777,mono,0,0,0,none
2778,mono,0,0,0,none
2779,lymph,0,0,1,CD8
2780,lymph,0,0,1,DN
2781,lymph,0,0,0,none
2782,mono,0,0,0,none
2783,lymph,0,1,0,none
2784,lymph,0,0,1,DP
2785,lymph,1,0,0,none
2786,lymph,0,0,1,CD4
2787,debris,0,0,0,none
2788,lymph,0,0,1,CD8
2789,mono,0,0,0,none
2790,debris,0,0,0,none
2791,lymph,0,0,1,CD4
2792,lymph,0,1,1,CD4
2793,mono,0,0,0,none
2794,lymph,0,0,1,CD4
2795,gran,0,0,0,none
2796,lymph,0,0,0,none
2797,lymph,0,0,0,none
2798,mono,0,0,0,none
2799,gran,0,0,0,none
2800,lymph,0,0,0,none
2801,debris,0,0,0,none
2802,gran,1,0,0,none
2803,lymph,0,0,0,none
2804,lymph,0,0,1,CD4
2805,lymph,1,0,1,CD8
2806,lymph,0,0,1,CD4
2807,debris,0,0,0,none
2808,gran,0,0,0,none
2809,lymph,0,0,1,DN
2810,lymph,0,0,0,none
2811,debris,0,0,0,none
2812,gran,1,0,0,none
2813,mono,0,0,0,none
2814,lymph,0,0,0,none
2815,lymph,0,0,1,CD4
2816,lymph,0,0,1,DN
2817,lymph,1,0,1,CD4
2818,gran,0,0,0,none
2819,lymph,0,0,0,none
2820,debris,0,0,0,none
2821,lymph,0,0,0,none
2822,mono,0,0,0,none
2823,lymph,0,0,1,CD8
2824,lymph,0,0,0,none
2825,gran,1,0,0,none
2826,lymph,0,0,1,CD4
2827,gran,0,1,0,none
2828,gran,0,0,0,none
2829,mono,0,0,0,none
2830,lymph,0,0,1,DN
2831,lymph,0,0,1,CD4
2832,gran,0,0,0,none
2833,lymph,0,1,0,none
2834,lymph,1,0,1,CD8
2835,lymph,0,1,1,CD8
2836,lymph,0,0,1,CD8
2837,gran,0,0,0,none
2838,lymph,0,0,1,CD8
2839,lymph,0,0,1,CD8
2840,lymph,0,0,0,none
2841,mono,0,0,0,none
2842,gran,0,0,0,none
2843,mono,0,0,0,none
2844,lymph,0,0,1,CD4
2845,lymph,0,0,1,CD4
2846,gran,0,0,0,none
2847,lymph,0,0,1,CD4
2848,debris,0,0,0,none
2849,mono,1,0,0,none
2850,lymph,0,0,1,CD8
2851,lymph,1,0,1,CD8
2852,lymph,0,0,1,CD8
2853,gran,0,0,0,none
2854,lymph,0,0,0,none
2855,gran,0,0,0,none
2856,lymph,0,0,1,DN
2857,lymph,0,0,1,CD8
2858,lymph,0,0,1,CD4
2859,debris,0,0,0,none
2860,debris,0,0,0,none
2861,lymph,0,0,1,CD4
2862,gran,0,0,0,none
2863,gran,0,0,0,none
2864,mono,1,0,0,none
2865,gran,0,0,0,none
2866,mono,1,0,0,none
2867,lymph,0,0,1,CD4
2868,lymph,0,0,1,CD4
2869,debris,0,0,0,none
2870,mono,0,0,0,none
2871,lymph,0,0,1,CD8
2872,debris,0,0,0,none
2873,mono,0,0,0,none
2874,lymph,0,0,1,CD8
2875,gran,0,0,0,none
2876,gran,0,0,0,none
2877,mono,0,0,0,none
2878,mono,0,1,0,none
2879,debris,0,0,0,none
2880,lymph,0,0,1,CD8
2881,lymph,0,0,1,CD4
2882,lymph,0,0,1,DN
2883,gran,0,0,0,none
2884,mono,0,0,0,none
2885,gran,0,0,0,none
2886,gran,0,0,0,none
2887,lymph,0,0,1,DN
2888,lymph,0,0,1,CD8
2889,mono,0,0,0,none
2890,gran,0,0,0,none
2891,lymph,0,0,1,CD8
2892,lymph,0,0,0,none
2893,debris,0,0,0,none
2894,gran,0,0,0,none
2895,gran,1,0,0,none
2896,debris,0,0,0,none
2897,lymph,0,0,1,CD8
2898,lymph,0,0,0,none
2899,lymph,1,0,0,none
2900,lymph,0,0,0,none
2901,gran,0,0,0,none
2902,lymph,0,0,1,CD4
2903,debris,0,0,0,none
2904,debris,0,0,0,none
2905,lymph,0,0,1,CD4
2906,lymph,0,0,0,none
2907,lymph,0,0,1,CD4
2908,mono,0,0,0,none
2909,mono,0,0,0,none
2910,gran,0,0,0,none
2911,debris,0,0,0,none
2912,lymph,0,0,1,CD4
2913,lymph,0,0,1,CD4
2914,gran,0,0,0,none
2915,lymph,0,0,1,CD8
2916,lymph,0,1,1,CD8
2917,mono,0,0,0,none
2918,lymph,0,1,1,CD8
2919,mono,0,0,0,none
2920,gran,0,0,0,none
2921,lymph,1,0,0,none
2922,lymph,0,0,0,none
2923,mono,0,0,0,none
2924,gran,0,0,0,none
2925,mono,0,0,0,none
2926,lymph,0,0,1,CD4
2927,mono,0,0,0,none
2928,lymph,0,0,0,none
2929,lymph,0,0,1,CD8
2930,lymph,0,0,1,CD8
2931,lymph,0,0,1,CD8
2932,lymph,0,0,1,CD4
2933,lymph,0,0,1,DP
2934,lymph,0,0,0,none
2935,lymph,0,0,1,CD8
2936,lymph,0,0,1,CD4
2937,lymph,0,0,0,none
2938,mono,0,0,0,none
2939,mono,0,0,0,none
2940,lymph,0,0,1,CD8
2941,gran,0,0,0,none
2942,gran,0,0,0,none
2943,lymph,0,0,0,none
2944,gran,0,0,0,none
2945,lymph,0,0,0,none
2946,mono,0,0,0,none
2947,lymph,0,0,1,DN
2948,lymph,0,0,1,CD8
2949,lymph,0,0,1,CD4
2950,mono,0,0,0,none
2951,debris,0,0,0,none
2952,lymph,0,0,0,none
2953,lymph,1,0,1,CD8
2954,lymph,0,0,1,CD4
2955,gran,1,0,0,none
2956,debris,0,0,0,none
2957,lymph,0,0,1,CD8
2958,gran,0,0,0,none
2959,gran,0,0,0,none
2960,mono,0,0,0,none
2961,lymph,0,0,1,CD4
2962,debris,0,0,0,none
2963,lymph,1,0,1,CD8
2964,lymph,1,0,0,none
2965,lymph,0,0,1,CD4
2966,lymph,0,0,1,CD4
2967,lymph,0,0,1,CD8
2968,lymph,1,0,1,CD4
2969,lymph,0,0,1,CD8
2970,lymph,0,0,1,CD4
2971,lymph,0,0,1,CD4
2972,lymph,0,0,1,CD4
2973,gran,0,0,0,none
2974,lymph,0,1,0,none
2975,mono,0,0,0,none
2976,lymph,0,0,1,CD8
2977,debris,0,0,0,none
2978,gran,0,0,0,none
2979,lymph,0,0,1,CD4
2980,lymph,0,0,1,CD4
2981,gran,0,0,0,none
2982,gran,0,0,0,none
2983,lymph,0,0,1,CD8
2984,gran,0,0,0,none
2985,debris,0,0,0,none
2986,debris,0,0,0,none
2987,lymph,0,0,1,CD8
2988,lymph,0,0,1,CD4
2989,lymph,0,0,1,CD4
2990,lymph,1,0,1,CD8
2991,lymph,0,0,1,CD4
2992,lymph,0,0,1,CD8
2993,debris,0,0,0,none
2994,lymph,1,0,1,CD4
2995,lymph,0,0,0,none
2996,lymph,0,0,1,CD8
2997,lymph,0,0,1,CD4
2998,lymph,0,1,1,CD4
2999,mono,0,0,0,none
3000,debris,0,0,0,none
3001,lymph,1,0,1,CD4
3002,lymph,0,0,1,CD8
3003,gran,0,0,0,none
3004,lymph,0,0,1,CD4
3005,debris,0,0,0,none
3006,mono,1,0,0,none
3007,lymph,0,1,1,DN
3008,debris,0,0,0,none
3009,lymph,1,0,1,CD4
3010,gran,0,0,0,none
3011,gran,0,0,0,none
3012,lymph,1,0,1,CD8
3013,lymph,0,0,1,CD4
3014,mono,0,0,0,none
3015,gran,0,0,0,none
3016,debris,0,0,0,none
3017,gran,0,0,0,none
3018,gran,1,0,0,none
3019,gran,0,0,0,none
3020,lymph,0,0,1,CD8
3021,lymph,0,0,0,none
3022,gran,0,0,0,none
3023,gran,0,0,0,none
3024,lymph,0,0,1,CD8
3025,gran,0,0,0,none
3026,lymph,0,0,1,CD8
3027,lymph,0,0,0,none
3028,gran,0,0,0,none
3029,debris,0,0,0,none
3030,lymph,0,0,0,none
3031,lymph,0,1,1,CD4
3032,lymph,0,0,1,CD4
3033,debris,0,0,0,none
3034,lymph,0,0,1,DP
3035,gran,0,0,0,none
3036,mono,0,1,0,none
3037,lymph,0,0,0,none
3038,lymph,0,1,1,CD4
3039,lymph,0,0,1,CD4
3040,gran,0,0,0,none
3041,lymph,0,0,1,CD4
3042,mono,0,0,0,none
3043,lymph,0,0,0,none
3044,lymph,0,0,1,CD4
3045,lymph,0,0,1,CD4
3046,lymph,0,0,0,none
3047,mono,0,0,0,none
3048,lymph,0,0,1,CD8
3049,mono,0,0,0,none
3050,debris,0,0,0,none
3051,mono,0,1,0,none
3052,debris,0,0,0,none
3053,lymph,0,0,0,none
3054,debris,0,0,0,none
3055,lymph,0,0,1,CD4
3056,debris,0,0,0,none
3057,lymph,0,0,1,CD8
3058,lymph,0,0,1,CD4
3059,lymph,0,0,1,CD4
3060,lymph,0,0,1,CD8
3061,mono,0,0,0,none
3062,lymph,0,0,1,CD4
3063,debris,0,0,0,none
3064,lymph,0,0,1,DP
3065,lymph,0,0,0,none
3066,gran,0,0,0,none
3067,lymph,0,0,0,none
3068,lymph,0,0,1,CD4
3069,lymph,0,1,1,DN
3070,lymph,0,0,0,none
3071,lymph,0,0,1,CD4
3072,lymph,0,0,1,CD4
3073,lymph,0,0,1,DN
3074,lymph,0,0,0,none
3075,lymph,0,0,1,CD4
3076,gran,0,0,0,none
3077,lymph,0,0,1,CD4
3078,lymph,0,0,1,CD4
3079,debris,0,0,0,none
3080,mono,0,0,0,none
3081,debris,0,0,0,none
3082,lymph,0,0,1,CD4
3083,gran,0,0,0,none
3084,lymph,0,0,1,CD4
3085,gran,0,0,0,none
3086,debris,0,0,0,none
3087,lymph,0,0,1,CD8
3088,gran,0,0,0,none
3089,lymph,0,0,1,CD8
3090,lymph,0,0,1,CD8
3091,lymph,0,0,1,CD4
3092,mono,0,1,0,none
3093,lymph,0,0,1,CD8
3094,lymph,0,0,1,CD8
3095,lymph,0,0,0,none
3096,lymph,0,0,1,DP
3097,lymph,0,0,0,none
3098,lymph,0,0,0,none
3099,gran,0,0,0,none
3100,gran,0,0,0,none
3101,lymph,0,0,1,CD8
3102,lymph,0,0,1,CD4
3103,mono,0,0,0,none
3104,lymph,0,0,1,CD8
3105,lymph,0,0,1,CD4
3106,debris,0,0,0,none
3107,lymph,0,0,1,CD4
3108,lymph,0,0,1,CD4
3109,gran,0,0,0,none
3110,mono,0,0,0,none
3111,lymph,0,0,1,CD4
3112,gran,0,0,0,none
3113,gran,0,0,0,none
3114,mono,0,1,0,none
3115,lymph,0,0,1,CD8
3116,lymph,0,1,1,CD8
3117,debris,0,0,0,none
3118,gran,0,0,0,none
3119,lymph,0,0,0,none
3120,lymph,0,0,1,DN
3121,mono,0,0,0,none
3122,mono,0,0,0,none
3123,mono,0,0,0,none
3124,debris,0,0,0,none
3125,lymph,0,0,0,none
3126,gran,0,0,0,none
3127,gran,0,0,0,none
3128,lymph,0,0,1,CD4
3129,lymph,0,0,1,DP
3130,lymph,0,0,1,CD4
3131,lymph,0,1,1,CD8
3132,lymph,0,0,0,none
3133,lymph,0,0,0,none
3134,gran,0,0,0,none
3135,lymph,0,1,1,CD8
3136,lymph,0,0,1,CD4
3137,lymph,0,0,0,none
3138,mono,0,0,0,none
3139,debris,0,0,0,none
3140,lymph,0,0,1,CD8
3141,lymph,0,0,0,none
3142,mono,1,0,0,none
3143,lymph,1,1,1,CD8
3144,mono,0,0,0,none
3145,lymph,0,0,1,CD8
3146,gran,0,0,0,none
3147,lymph,0,0,1,CD8
3148,gran,1,0,0,none
3149,gran,0,0,0,none
3150,gran,0,0,0,none
3151,debris,0,0,0,none
3152,lymph,1,0,1,CD8
3153,lymph,0,0,1,CD4
3154,mono,0,0,0,none
3155,lymph,0,0,1,CD4
3156,lymph,0,0,1,CD8
3157,mono,0,0,0,none
3158,mono,0,0,0,none
3159,lymph,0,0,0,none
3160,lymph,0,0,1,CD4
3161,lymph,0,0,1,CD4
3162,lymph,0,0,1,CD4
3163,lymph,0,0,1,CD4
3164,lymph,0,0,0,none
3165,lymph,0,0,0,none
3166,gran,0,0,0,none
3167,lymph,0,0,1,DN
3168,mono,0,0,0,none
3169,gran,0,0,0,none
3170,lymph,0,0,1,CD8
3171,lymph,0,0,1,DN
3172,mono,0,0,0,none
3173,lymph,0,0,1,CD4
3174,mono,0,0,0,none
3175,lymph,0,0,1,CD4
3176,lymph,0,0,0,none
3177,mono,1,0,0,none
3178,mono,0,0,0,none
3179,lymph,0,0,0,none
3180,lymph,0,0,1,CD4
3181,lymph,0,0,1,CD4
3182,debris,0,0,0,none
3183,lymph,1,0,1,DN
3184,lymph,0,0,0,none
3185,lymph,0,1,1,CD4
3186,lymph,0,0,1,CD8
3187,mono,0,0,0,none
3188,lymph,0,0,1,DN
3189,lymph,0,0,1,CD4
3190,gran,0,0,0,none
3191,lymph,0,0,1,CD8
3192,mono,0,0,0,none
3193,lymph,0,1,1,CD4
3194,gran,0,1,0,none
3195,gran,0,0,0,none
3196,lymph,0,0,1,CD4
3197,lymph,0,0,1,CD8
3198,lymph,0,0,0,none
3199,lymph,0,0,0,none
3200,lymph,0,0,1,CD4
3201,lymph,0,0,1,CD4
3202,lymph,0,0,1,DP
3203,debris,0,0,0,none
3204,mono,0,0,0,none
3205,mono,0,0,0,none
3206,lymph,1,0,1,CD8
3207,mono,0,0,0,none
3208,lymph,0,0,1,DN
3209,lymph,0,0,0,none
3210,lymph,0,0,1,CD4
3211,gran,0,0,0,none
3212,mono,0,0,0,none
3213,lymph,0,0,1,CD4
3214,lymph,0,0,0,none
3215,debris,0,0,0,none
3216,mono,0,0,0,none
3217,lymph,0,0,1,DP
3218,gran,0,0,0,none
3219,lymph,0,0,1,CD4
3220,lymph,0,0,1,CD8
3221,lymph,0,0,1,CD4
3222,lymph,0,0,1,CD8
3223,lymph,0,0,1,DN
3224,lymph,0,0,1,CD4
3225,lymph,0,0,0,none
3226,mono,0,1,0,none
3227,lymph,0,0,1,CD4
3228,gran,1,0,0,none
3229,lymph,0,0,0,none
3230,lymph,0,0,0,none
3231,mono,0,0,0,none
3232,lymph,0,0,1,CD8
3233,gran,0,0,0,none
3234,debris,0,0,0,none
3235,lymph,1,0,1,CD8
3236,lymph,0,0,1,CD4
3237,lymph,0,0,1,CD4
3238,lymph,0,0,1,CD8
3239,lymph,0,0,0,none
3240,lymph,0,0,1,CD8
3241,lymph,0,0,0,none
3242,lymph,0,0,1,DN
3243,lymph,0,0,0,none
3244,gran,0,0,0,none
3245,lymph,0,0,1,CD4
3246,gran,0,0,0,none
3247,gran,0,0,0,none
3248,lymph,0,1,0,none
3249,lymph,0,0,1,CD8
3250,lymph,0,0,0,none
3251,mono,0,0,0,none
3252,lymph,1,0,1,CD4
3253,lymph,0,0,0,none
3254,gran,0,0,0,none
3255,lymph,0,0,1,CD4
3256,mono,1,1,0,none
3257,lymph,0,0,1,CD8
3258,mono,0,0,0,none
3259,mono,0,0,0,none
3260,lymph,0,0,1,CD4
3261,mono,0,0,0,none
3262,lymph,0,0,1,CD8
3263,debris,0,0,0,none
3264,lymph,0,0,0,none
3265,lymph,0,0,1,CD4
3266,mono,0,0,0,none
3267,gran,0,0,0,none
3268,gran,0,0,0,none
3269,mono,0,0,0,none
3270,gran,0,0,0,none
3271,lymph,0,0,0,none
3272,lymph,0,1,1,CD4
3273,debris,0,0,0,none
3274,gran,0,0,0,none
3275,gran,0,0,0,none
3276,lymph,0,0,1,CD8
3277,mono,0,1,0,none
3278,gran,0,0,0,none
3279,gran,0,0,0,none
3280,gran,0,0,0,none
3281,debris,0,0,0,none
3282,gran,0,0,0,none
3283,lymph,0,0,1,CD4
3284,gran,0,0,0,none
3285,lymph,0,0,1,CD8
3286,mono,0,0,0,none
3287,lymph,0,0,1,CD8
3288,lymph,0,0,1,CD4
3289,debris,0,0,0,none
3290,mono,0,0,0,none
3291,gran,0,0,0,none
3292,lymph,0,0,0,none
3293,lymph,0,0,1,DP
3294,debris,0,0,0,none
3295,debris,0,0,0,none
3296,lymph,0,0,0,none
3297,lymph,0,0,0,none
3298,lymph,0,0,1,CD8
3299,lymph,0,0,1,CD8
3300,gran,0,0,0,none
3301,gran,0,0,0,none
3302,gran,0,0,0,none
3303,lymph,0,1,1,CD4
3304,debris,0,0,0,none
3305,lymph,0,0,1,CD8
3306,lymph,0,0,1,CD4
3307,gran,0,0,0,none
3308,gran,0,0,0,none
3309,lymph,0,0,0,none
3310,lymph,0,0,1,CD8
3311,gran,0,1,0,none
3312,lymph,0,0,1,CD4
3313,gran,0,0,0,none
3314,lymph,0,0,0,none
3315,lymph,0,0,1,CD4
3316,lymph,0,1,1,CD8
3317,lymph,0,0,0,none
3318,gran,0,0,0,none
3319,debris,0,0,0,none
3320,lymph,0,0,1,CD8
3321,lymph,1,0,1,CD8
3322,lymph,0,0,1,CD4
3323,lymph,0,0,1,DP
3324,lymph,0,0,1,CD4
3325,gran,0,0,0,none
3326,lymph,0,0,1,CD8
3327,lymph,0,0,1,CD4
3328,lymph,0,0,0,none
3329,lymph,0,1,1,DN
3330,lymph,1,0,1,CD4
3331,debris,0,0,0,none
3332,gran,0,0,0,none
3333,lymph,0,0,1,CD8
3334,gran,0,0,0,none
3335,debris,0,0,0,none
3336,lymph,0,1,1,CD4
3337,lymph,0,0,1,CD4
3338,lymph,0,0,1,CD4
3339,lymph,0,0,1,CD4
3340,lymph,0,0,1,DN
3341,lymph,0,0,1,CD4
3342,gran,0,0,0,none
3343,lymph,0,0,1,CD8
3344,lymph,0,0,0,none
3345,lymph,0,0,1,CD8
3346,debris,0,0,0,none
3347,debris,0,0,0,none
3348,mono,0,1,0,none
3349,lymph,0,0,1,CD8
3350,lymph,0,0,1,CD4
3351,gran,0,0,0,none
3352,mono,0,0,0,none
3353,gran,0,0,0,none
3354,debris,0,0,0,none
3355,lymph,0,0,0,none
3356,lymph,0,0,0,none
3357,debris,0,0,0,none
3358,mono,0,0,0,none
3359,debris,0,0,0,none
3360,lymph,0,0,0,none
3361,lymph,0,0,1,CD4
3362,gran,0,0,0,none
3363,debris,0,0,0,none
3364,gran,0,0,0,none
3365,lymph,0,0,1,CD4
3366,gran,0,0,0,none
3367,lymph,0,0,1,CD8
3368,lymph,0,0,1,CD4
3369,mono,0,0,0,none
3370,debris,0,0,0,none
3371,lymph,0,0,1,CD4
3372,debris,0,0,0,none
3373,lymph,0,0,0,none
3374,debris,0,0,0,none
3375,lymph,0,0,1,CD4
3376,lymph,0,0,1,CD8
3377,lymph,0,0,1,CD8
3378,gran,0,0,0,none
3379,lymph,0,0,1,CD4
3380,mono,0,0,0,none
3381,mono,0,0,0,none
3382,lymph,0,0,1,CD4
3383,gran,0,0,0,none
3384,lymph,0,0,0,none
3385,lymph,1,1,0,none
3386,mono,1,0,0,none
3387,lymph,1,0,1,CD8
3388,mono,0,0,0,none
3389,lymph,0,0,1,CD8
3390,lymph,0,0,0,none
3391,lymph,0,0,1,CD4
3392,lymph,0,0,1,CD4
3393,lymph,1,0,1,CD8
3394,lymph,0,0,1,DP
3395,lymph,0,0,1,DN
3396,lymph,0,0,1,CD4
3397,lymph,0,0,0,none
3398,lymph,0,0,0,none
3399,lymph,0,0,1,CD8
3400,gran,0,0,0,none
3401,lymph,0,0,0,none
3402,mono,0,0,0,none
3403,mono,1,1,0,none
3404,lymph,0,1,1,CD8
3405,gran,0,0,0,none
3406,lymph,0,0,1,CD8
3407,lymph,0,0,1,CD4
3408,lymph,0,0,1,CD4
3409,lymph,1,0,1,DP
3410,lymph,0,0,1,CD8
3411,mono,0,0,0,none
3412,lymph,0,0,1,CD8
3413,lymph,0,0,1,CD4
3414,lymph,0,0,1,DN
3415,debris,0,0,0,none
3416,mono,0,0,0,none
3417,lymph,0,0,0,none
3418,lymph,0,0,1,CD4
3419,lymph,0,1,0,none
3420,lymph,1,0,1,CD8
3421,debris,0,0,0,none
3422,gran,0,0,0,none
3423,lymph,0,0,1,CD4
3424,mono,0,0,0,none
3425,mono,0,0,0,none
3426,lymph,0,0,1,CD4
3427,gran,0,0,0,none
3428,gran,1,0,0,none
3429,lymph,0,0,1,CD8
3430,lymph,0,0,1,CD4
3431,lymph,0,0,1,DP
3432,gran,0,0,0,none
3433,lymph,0,0,1,CD4
3434,lymph,0,0,1,CD8
3435,lymph,0,0,0,none
3436,lymph,0,0,1,CD8
3437,lymph,0,0,0,none
3438,lymph,0,0,1,CD4
3439,lymph,0,0,0,none
3440,lymph,0,1,1,DP
3441,lymph,0,0,1,CD4
3442,gran,0,0,0,none
3443,lymph,0,0,1,DP
3444,gran,0,0,0,none
3445,lymph,0,0,1,CD8
3446,debris,0,0,0,none
3447,debris,0,0,0,none
3448,mono,0,0,0,none
3449,debris,0,0,0,none
3450,gran,0,0,0,none
3451,lymph,0,0,1,DP
3452,lymph,0,0,1,CD8
3453,lymph,0,0,0,none
3454,debris,0,0,0,none
3455,gran,0,0,0,none
3456,debris,0,0,0,none
3457,gran,0,0,0,none
3458,gran,0,0,0,none
3459,lymph,1,0,0,none
3460,lymph,0,0,1,CD8
3461,lymph,0,0,0,none
3462,lymph,0,0,1,CD4
3463,lymph,1,0,0,none
3464,gran,0,0,0,none
3465,gran,0,0,0,none
3466,lymph,0,0,1,CD4
3467,lymph,0,0,1,CD4
3468,lymph,0,1,1,CD8
3469,lymph,0,0,0,none
3470,gran,0,0,0,none
3471,lymph,1,0,1,CD4
3472,mono,0,0,0,none
3473,lymph,0,0,1,CD4
3474,mono,0,0,0,none
3475,lymph,0,0,1,CD8
3476,lymph,0,0,1,CD4
3477,lymph,0,0,1,CD4
3478,lymph,1,0,0,none
3479,gran,0,0,0,none
3480,lymph,0,1,1,CD8
3481,lymph,0,0,0,none
3482,lymph,0,0,1,CD8
3483,gran,0,0,0,none
3484,gran,0,0,0,none
3485,debris,0,0,0,none
3486,gran,0,0,0,none
3487,gran,0,0,0,none
3488,mono,0,0,0,none
3489,gran,0,0,0,none
3490,lymph,0,0,1,CD4
3491,debris,0,0,0,none
3492,lymph,0,0,0,none
3493,lymph,0,0,0,none
3494,lymph,0,0,1,CD4
3495,mono,1,0,0,none
3496,gran,0,1,0,none
3497,lymph,0,0,1,CD4
3498,gran,0,0,0,none
3499,gran,0,0,0,none
3500,lymph,0,0,1,CD4
3501,gran,0,0,0,none
3502,lymph,0,0,1,CD8
3503,gran,0,0,0,none
3504,lymph,0,0,1,DN
3505,lymph,0,1,1,CD4
3506,gran,0,0,0,none
3507,debris,0,0,0,none
3508,lymph,0,0,1,CD8
3509,mono,0,0,0,none
3510,gran,1,0,0,none
3511,lymph,0,0,0,none
3512,mono,0,0,0,none
3513,lymph,0,0,1,CD8
3514,lymph,0,0,1,CD8
3515,lymph,0,0,0,none
3516,lymph,0,0,1,CD4
3517,lymph,0,0,1,CD8
3518,lymph,0,0,0,none
3519,lymph,0,0,0,none
3520,lymph,0,0,1,CD4
3521,lymph,0,0,0,none
3522,mono,0,0,0,none
3523,lymph,1,0,1,CD4
3524,gran,0,0,0,none
3525,lymph,0,0,0,none
3526,lymph,0,0,0,none
3527,gran,1,0,0,none
3528,lymph,0,0,1,CD8
3529,lymph,0,0,1,CD8
3530,lymph,0,0,1,CD8
3531,lymph,0,0,1,DN
3532,gran,0,0,0,none
3533,lymph,1,0,0,none
3534,lymph,0,0,1,CD4
3535,lymph,0,0,1,CD4
3536,gran,0,0,0,none
3537,lymph,0,0,0,none
3538,lymph,0,0,1,CD8
3539,lymph,0,0,1,CD4
3540,debris,0,0,0,none
3541,lymph,0,0,1,CD4
3542,lymph,0,0,1,CD4
3543,debris,0,0,0,none
3544,mono,0,0,0,none
3545,debris,0,0,0,none
3546,debris,0,0,0,none
3547,lymph,0,0,1,CD4
3548,mono,0,0,0,none
3549,lymph,0,0,1,CD4
3550,lymph,0,0,1,CD8
3551,lymph,0,0,0,none
3552,lymph,0,0,0,none
3553,lymph,0,0,1,CD4
3554,gran,0,0,0,none
3555,lymph,0,0,1,CD4
3556,lymph,0,0,1,CD8
3557,lymph,0,0,0,none
3558,lymph,0,0,1,CD8
3559,gran,0,0,0,none
3560,lymph,0,0,1,CD8
3561,lymph,0,0,1,DP
3562,lymph,0,0,1,CD4
3563,debris,0,0,0,none
3564,debris,0,0,0,none
3565,lymph,0,0,1,CD4
3566,debris,0,0,0,none
3567,gran,0,0,0,none
3568,lymph,0,0,1,CD4
3569,gran,0,0,0,none
3570,lymph,0,0,1,CD4
3571,gran,0,0,0,none
3572,lymph,0,0,1,CD8
3573,mono,0,0,0,none
3574,lymph,0,0,1,CD4
3575,gran,0,1,0,none
3576,gran,0,0,0,none
3577,lymph,0,0,1,CD8
3578,gran,0,0,0,none
3579,lymph,0,0,1,CD8
3580,lymph,0,0,1,CD8
3581,mono,0,0,0,none
3582,debris,0,0,0,none
3583,lymph,0,1,1,CD4
3584,debris,0,0,0,none
3585,lymph,0,0,0,none
3586,lymph,0,0,0,none
3587,lymph,0,0,1,CD4
3588,lymph,0,0,1,CD8
3589,lymph,0,0,0,none
3590,debris,0,0,0,none
3591,gran,1,1,0,none
3592,lymph,0,0,0,none
3593,lymph,0,0,1,CD8
3594,mono,0,0,0,none
3595,mono,0,0,0,none
3596,lymph,0,1,1,CD8
3597,lymph,0,0,1,CD4
3598,lymph,0,0,1,DP
3599,mono,1,0,0,none
3600,mono,0,0,0,none
3601,lymph,1,0,1,CD4
3602,lymph,0,0,0,none
3603,gran,0,0,0,none
3604,lymph,0,0,1,CD4
3605,gran,0,0,0,none
3606,lymph,0,0,0,none
3607,lymph,0,0,1,CD4
3608,mono,0,0,0,none
3609,lymph,0,0,1,CD8
3610,gran,0,0,0,none
3611,lymph,0,0,0,none
3612,lymph,0,0,1,DP
3613,lymph,0,0,1,CD4
3614,lymph,0,0,0,none
3615,lymph,0,0,0,none
3616,lymph,0,0,1,CD8
3617,lymph,0,0,1,CD4
3618,gran,0,0,0,none
3619,gran,0,0,0,none
3620,debris,0,0,0,none
3621,lymph,0,0,1,CD8
3622,lymph,0,0,1,DN
3623,lymph,0,0,1,CD4
3624,debris,0,0,0,none
3625,lymph,0,1,1,CD4
3626,mono,0,0,0,none
3627,lymph,0,0,1,CD4
3628,lymph,1,0,1,CD8
3629,lymph,0,0,1,DP
3630,lymph,0,0,1,DP
3631,lymph,0,1,1,DN
3632,mono,0,0,0,none
3633,gran,0,0,0,none
3634,gran,0,0,0,none
3635,mono,0,0,0,none
3636,lymph,0,0,1,CD4
3637,mono,0,0,0,none
3638,mono,1,0,0,none
3639,lymph,0,0,1,CD8
3640,mono,0,1,0,none
3641,lymph,0,0,1,CD4
3642,mono,0,0,0,none
3643,lymph,0,0,0,none
3644,debris,0,0,0,none
3645,gran,0,0,0,none
3646,lymph,0,0,0,none
3647,gran,0,0,0,none
3648,mono,0,0,0,none
3649,lymph,0,0,0,none
3650,lymph,0,0,1,CD4
3651,lymph,0,0,1,CD4
3652,debris,0,0,0,none
3653,lymph,0,0,0,none
3654,gran,0,1,0,none
3655,lymph,0,0,1,CD4
3656,lymph,0,0,1,CD8
3657,gran,0,0,0,none
3658,lymph,0,0,0,none
3659,lymph,0,0,1,CD4
3660,gran,0,0,0,none
3661,lymph,0,0,0,none
3662,lymph,0,0,1,CD4
3663,mono,0,0,0,none
3664,mono,0,0,0,none
3665,lymph,0,0,0,none
3666,mono,0,0,0,none
3667,lymph,0,0,1,CD8
3668,mono,0,0,0,none
3669,lymph,0,0,1,CD4
3670,gran,0,0,0,none
3671,mono,0,0,0,none
3672,lymph,0,0,0,none
3673,lymph,0,0,0,none
3674,lymph,0,0,0,none
3675,gran,0,0,0,none
3676,gran,0,0,0,none
3677,lymph,0,0,1,CD8
3678,mono,0,0,0,none
3679,lymph,0,1,0,none
3680,lymph,0,0,0,none
3681,lymph,0,0,1,CD4
3682,lymph,0,0,1,CD4
3683,lymph,0,0,1,CD8
3684,mono,0,0,0,none
3685,gran,1,0,0,none
3686,gran,0,0,0,none
3687,lymph,0,0,1,CD8
3688,debris,0,0,0,none
3689,gran,0,0,0,none
3690,gran,0,0,0,none
3691,debris,0,0,0,none
3692,gran,1,0,0,none
3693,debris,0,0,0,none
3694,lymph,0,0,0,none
3695,debris,0,0,0,none
3696,mono,0,0,0,none
3697,lymph,0,0,0,none
3698,gran,1,0,0,none
3699,lymph,0,0,0,none
3700,lymph,0,0,1,CD4
3701,lymph,0,1,0,none
3702,lymph,0,0,1,CD8
3703,gran,0,0,0,none
3704,lymph,0,0,1,CD8
3705,lymph,0,0,1,CD4
3706,gran,0,0,0,none
3707,gran,0,0,0,none
3708,lymph,0,0,1,CD8
3709,lymph,1,0,1,CD4
3710,lymph,0,0,0,none
3711,debris,0,0,0,none
3712,lymph,0,0,1,CD4
3713,gran,0,0,0,none
3714,lymph,0,0,1,CD4
3715,lymph,0,0,1,CD4
3716,gran,0,0,0,none
3717,gran,0,0,0,none
3718,gran,0,0,0,none
3719,gran,0,0,0,none
3720,lymph,0,0,1,DP
3721,gran,0,0,0,none
3722,lymph,1,0,1,CD4
3723,lymph,0,0,1,CD4
3724,debris,0,0,0,none
3725,debris,0,0,0,none
3726,gran,0,0,0,none
3727,debris,0,0,0,none
3728,lymph,0,0,0,none
3729,lymph,0,0,1,CD4
3730,debris,0,0,0,none
3731,lymph,0,1,1,CD4
3732,debris,0,0,0,none
3733,lymph,0,0,1,CD4
3734,lymph,0,0,0,none
3735,gran,0,1,0,none
3736,lymph,1,0,0,none
3737,lymph,0,0,1,CD8
3738,lymph,0,0,1,CD8
3739,debris,0,0,0,none
3740,lymph,0,0,1,CD4
3741,debris,0,0,0,none
3742,lymph,0,0,1,CD4
3743,lymph,0,0,1,CD4
3744,mono,0,0,0,none
3745,gran,0,0,0,none
3746,lymph,0,0,1,CD4
3747,lymph,0,0,1,CD4
3748,debris,0,0,0,none
3749,lymph,0,0,1,CD8
3750,lymph,0,0,1,CD4
3751,lymph,0,0,1,CD4
3752,mono,0,0,0,none
3753,lymph,0,0,1,CD4
3754,lymph,1,0,1,DP
3755,lymph,0,0,1,DN
3756,lymph,0,0,0,none
3757,lymph,1,0,1,DN
3758,gran,0,0,0,none
3759,gran,0,0,0,none
3760,debris,0,0,0,none
3761,lymph,0,0,1,CD8
3762,lymph,0,0,1,CD4
3763,lymph,0,0,1,DN
3764,lymph,0,0,1,CD8
3765,lymph,0,0,1,CD4
3766,debris,0,0,0,none
3767,gran,0,0,0,none
3768,lymph,0,0,1,CD4
3769,lymph,1,0,1,DN
3770,gran,0,0,0,none
3771,gran,0,0,0,none
3772,mono,0,0,0,none
3773,lymph,0,0,1,CD4
3774,gran,0,0,0,none
3775,lymph,0,0,0,none
3776,mono,0,0,0,none
3777,lymph,0,0,1,CD4
3778,lymph,0,1,1,CD4
3779,gran,0,0,0,none
3780,lymph,0,0,1,CD8
3781,mono,1,0,0,none
3782,lymph,0,0,1,CD8
3783,lymph,0,0,0,none
3784,gran,0,0,0,none
3785,lymph,0,0,1,CD8
3786,mono,0,0,0,none
3787,gran,0,0,0,none
3788,lymph,0,0,1,CD4
3789,lymph,0,1,0,none
3790,lymph,0,0,1,CD4
3791,gran,0,0,0,none
3792,gran,0,0,0,none
3793,gran,0,0,0,none
3794,lymph,0,0,1,CD8
3795,lymph,0,0,1,CD4
3796,gran,0,0,0,none
3797,lymph,0,0,1,CD8
3798,gran,0,1,0,none
3799,lymph,0,0,1,CD4
3800,lymph,0,0,1,CD4
3801,lymph,0,0,1,CD8
3802,lymph,0,0,1,CD4
3803,debris,0,0,0,none
3804,lymph,0,0,1,CD4
3805,lymph,0,0,1,CD4
3806,lymph,0,0,0,none
3807,lymph,0,0,1,CD4
3808,lymph,0,0,0,none
3809,lymph,0,0,0,none
3810,lymph,0,0,0,none
3811,lymph,0,0,1,DP
3812,lymph,0,0,1,DP
3813,lymph,0,0,1,CD4
3814,mono,0,0,0,none
3815,gran,0,0,0,none
3816,lymph,0,0,0,none
3817,lymph,0,0,1,CD4
3818,lymph,0,0,1,CD4
3819,lymph,0,0,1,CD8
3820,lymph,0,0,1,DN
3821,debris,0,0,0,none
3822,lymph,0,1,0,none
3823,lymph,0,0,1,CD4
3824,gran,0,0,0,none
3825,lymph,0,0,0,none
3826,lymph,0,0,0,none
3827,debris,0,0,0,none
3828,lymph,1,0,0,none
3829,lymph,0,0,1,CD4
3830,lymph,0,0,0,none
3831,lymph,0,0,1,CD4
3832,lymph,0,0,0,none
3833,lymph,0,0,0,none
3834,lymph,0,0,1,CD4
3835,mono,0,0,0,none
3836,lymph,0,0,0,none
3837,mono,0,0,0,none
3838,lymph,0,0,0,none
3839,lymph,0,0,1,DN
3840,gran,0,0,0,none
3841,lymph,0,0,0,none
3842,lymph,0,0,1,CD8
3843,lymph,0,0,0,none
3844,lymph,0,0,1,CD4
3845,gran,0,0,0,none
3846,gran,0,0,0,none
3847,lymph,0,0,1,CD4
3848,lymph,0,0,1,CD4
3849,debris,0,0,0,none
3850,lymph,0,0,1,CD4
3851,lymph,0,0,0,none
3852,gran,0,0,0,none
3853,debris,0,0,0,none
3854,lymph,0,0,1,CD4
3855,mono,0,0,0,none
3856,lymph,0,0,1,CD4
3857,lymph,0,0,1,CD4
3858,gran,0,0,0,none
3859,gran,0,0,0,none
3860,gran,0,0,0,none
3861,lymph,1,0,1,CD8
3862,lymph,0,0,1,CD4
3863,lymph,0,0,0,none
3864,lymph,0,0,0,none
3865,lymph,1,0,0,none
3866,lymph,0,0,1,CD8
3867,mono,0,0,0,none
3868,lymph,0,0,1,CD4
3869,gran,0,0,0,none
3870,lymph,0,0,1,CD4
3871,mono,0,0,0,none
3872,gran,0,0,0,none
3873,lymph,0,0,0,none
3874,lymph,0,0,0,none
3875,debris,0,0,0,none
3876,lymph,0,0,1,CD4
3877,lymph,0,0,1,DN
3878,lymph,0,1,1,CD4
3879,debris,0,0,0,none
3880,lymph,0,1,0,none
3881,lymph,0,0,1,CD4
3882,debris,0,0,0,none
3883,lymph,0,0,1,CD4
3884,mono,0,0,0,none
3885,mono,0,0,0,none
3886,lymph,0,1,1,DP
3887,lymph,0,0,1,CD8
3888,mono,0,0,0,none
3889,lymph,0,0,1,CD8
3890,lymph,0,0,1,CD8
3891,lymph,0,0,1,CD8
3892,lymph,0,0,1,CD4
3893,mono,0,0,0,none
3894,lymph,0,0,1,CD8
3895,lymph,0,0,1,DP
3896,lymph,0,0,0,none
3897,gran,0,0,0,none
3898,lymph,0,0,1,CD4
3899,lymph,0,0,0,none
3900,lymph,0,0,1,CD8
3901,lymph,0,0,0,none
3902,lymph,0,0,1,CD8
3903,lymph,0,0,1,CD4
3904,lymph,0,0,1,CD8
3905,gran,1,0,0,none
3906,lymph,0,0,1,DN
3907,lymph,0,0,1,CD4
3908,gran,0,0,0,none
3909,lymph,0,0,1,CD4
3910,lymph,0,0,1,DN
3911,lymph,0,0,1,CD4
3912,lymph,0,1,1,CD4
3913,gran,1,0,0,none
3914,gran,0,0,0,none
3915,lymph,0,0,1,CD4
3916,lymph,0,0,0,none
3917,lymph,1,0,1,CD4
3918,gran,0,1,0,none
3919,gran,0,0,0,none
3920,debris,0,0,0,none
3921,lymph,0,0,0,none
3922,lymph,0,0,1,DN
3923,debris,0,0,0,none
3924,mono,0,0,0,none
3925,lymph,0,0,0,none
3926,mono,0,0,0,none
3927,gran,0,0,0,none
3928,lymph,0,0,0,none
3929,gran,0,0,0,none
3930,lymph,0,0,1,CD4
3931,gran,0,0,0,none
3932,gran,0,0,0,none
3933,mono,0,0,0,none
3934,debris,0,0,0,none
3935,lymph,0,0,1,CD8
3936,lymph,0,0,1,CD4
3937,lymph,0,0,0,none
3938,lymph,0,0,1,CD4
3939,lymph,0,0,1,CD4
3940,lymph,0,0,1,CD8
3941,gran,0,0,0,none
3942,lymph,1,0,1,DN
3943,lymph,0,0,1,CD4
3944,lymph,0,0,1,CD8
3945,lymph,0,1,0,none
3946,lymph,0,0,0,none
3947,lymph,0,0,1,CD4
3948,gran,0,0,0,none
3949,lymph,0,0,1,CD8
3950,lymph,0,0,1,CD4
3951,gran,0,0,0,none
3952,gran,0,0,0,none
3953,gran,0,0,0,none
3954,lymph,0,1,0,none
3955,lymph,0,0,0,none
3956,lymph,0,0,1,CD4
3957,lymph,0,0,1,DN
3958,lymph,0,0,1,CD4
3959,gran,0,0,0,none
3960,debris,0,0,0,none
3961,lymph,0,0,0,none
3962,lymph,1,0,0,none
3963,lymph,0,0,1,CD4
3964,debris,0,0,0,none
3965,debris,0,0,0,none
3966,lymph,0,0,0,none
3967,lymph,0,0,1,CD8
3968,gran,1,0,0,none
3969,lymph,0,0,0,none
3970,lymph,0,0,1,CD4
3971,gran,0,0,0,none
3972,lymph,0,0,1,CD4
3973,lymph,0,0,0,none
3974,debris,0,0,0,none
3975,gran,0,0,0,none
3976,debris,0,0,0,none
3977,lymph,0,0,1,CD4
3978,gran,0,0,0,none
3979,mono,0,0,0,none
3980,lymph,0,0,1,DN
3981,lymph,0,0,1,CD8
3982,lymph,0,0,1,CD8
3983,debris,0,0,0,none
3984,lymph,0,1,1,CD4
3985,gran,0,0,0,none
3986,lymph,0,1,1,DN
3987,debris,0,0,0,none
3988,gran,0,0,0,none
3989,lymph,0,0,1,CD4
3990,lymph,0,0,1,CD8
3991,lymph,0,0,1,CD4
3992,lymph,0,0,0,none
3993,lymph,0,0,1,CD4
3994,lymph,0,0,0,none
3995,lymph,0,0,1,CD4
3996,lymph,0,0,0,none
3997,mono,0,0,0,none
3998,lymph,0,0,1,CD4
3999,lymph,0,0,1,CD4
4000,lymph,0,0,0,none
4001,lymph,0,0,0,none
4002,lymph,0,0,1,CD4
4003,lymph,0,0,0,none
4004,lymph,0,0,1,CD4
4005,mono,0,0,0,none
4006,mono,0,0,0,none
4007,mono,0,0,0,none
4008,lymph,0,0,0,none
4009,lymph,0,0,0,none
4010,lymph,0,0,1,CD4
4011,lymph,0,0,0,none
4012,lymph,0,0,1,CD4
4013,lymph,0,0,1,DN
4014,lymph,0,0,1,CD4
4015,lymph,0,0,0,none
4016,lymph,0,0,0,none
4017,mono,0,0,0,none
4018,gran,0,0,0,none
4019,lymph,0,0,1,CD4
4020,lymph,0,0,1,CD4
4021,gran,0,0,0,none
4022,lymph,0,0,1,CD4
4023,lymph,0,0,0,none
4024,lymph,0,0,1,CD4
4025,debris,0,0,0,none
4026,lymph,0,0,0,none
4027,mono,0,0,0,none
4028,gran,0,0,0,none
4029,lymph,0,0,1,CD8
4030,gran,0,0,0,none
4031,gran,0,0,0,none
4032,lymph,0,0,1,CD8
4033,lymph,0,0,1,CD8
4034,gran,0,0,0,none
4035,lymph,1,0,1,CD4
4036,lymph,0,0,1,CD4
4037,lymph,0,0,0,none
4038,gran,0,0,0,none
4039,mono,0,0,0,none
4040,lymph,0,0,0,none
4041,lymph,1,1,1,CD8
4042,mono,0,0,0,none
4043,debris,0,0,0,none
4044,mono,0,0,0,none
4045,lymph,0,0,1,CD8
4046,debris,0,0,0,none
4047,lymph,0,0,1,CD8
4048,lymph,0,0,1,CD8
4049,lymph,0,0,0,none
4050,mono,0,0,0,none
4051,debris,0,0,0,none
4052,lymph,0,0,0,none
4053,lymph,0,0,1,CD8
4054,lymph,0,0,1,CD4
4055,mono,0,0,0,none
4056,mono,0,0,0,none
4057,gran,0,1,0,none
4058,mono,0,0,0,none
4059,lymph,0,0,1,CD8
4060,lymph,0,0,1,CD8
4061,lymph,0,0,1,CD4
4062,lymph,0,0,1,CD8
4063,lymph,0,0,1,DN
4064,lymph,0,0,1,CD8
4065,lymph,0,0,0,none
4066,lymph,0,0,1,CD8
4067,lymph,0,0,1,CD4
4068,debris,0,0,0,none
4069,mono,0,0,0,none
4070,lymph,0,0,1,CD8
4071,gran,0,0,0,none
4072,gran,0,0,0,none
4073,lymph,0,0,1,DN
4074,lymph,0,0,1,CD4
4075,mono,0,0,0,none
4076,lymph,0,0,1,CD4
4077,lymph,0,0,1,DN
4078,lymph,0,0,1,CD8
4079,lymph,0,0,1,CD8
4080,mono,0,0,0,none
4081,gran,0,0,0,none
4082,lymph,0,0,1,CD8
4083,lymph,0,0,1,CD4
4084,lymph,0,0,0,none
4085,lymph,0,1,1,CD4
4086,lymph,0,0,1,CD4
4087,gran,0,0,0,none
4088,lymph,0,0,1,CD4
4089,lymph,0,0,1,CD8
4090,lymph,0,0,1,DN
4091,mono,0,0,0,none
4092,lymph,0,0,1,CD4
4093,lymph,0,0,1,CD8
4094,lymph,0,0,0,none
4095,lymph,0,0,1,CD8
4096,lymph,0,0,1,CD8
4097,gran,0,0,0,none
4098,lymph,0,0,0,none
4099,lymph,0,0,0,none
4100,gran,0,0,0,none
4101,lymph,0,0,1,CD8
4102,mono,0,1,0,none
4103,debris,0,0,0,none
4104,gran,0,0,0,none
4105,debris,0,0,0,none
4106,mono,0,0,0,none
4107,debris,0,0,0,none
4108,debris,0,0,0,none
4109,mono,1,0,0,none
4110,lymph,0,0,0,none
4111,lymph,0,0,1,CD4
4112,lymph,0,0,1,CD8
4113,lymph,0,0,0,none
4114,lymph,0,0,1,CD8
4115,lymph,0,0,1,DN
4116,gran,0,0,0,none
4117,lymph,0,0,0,none
4118,mono,0,0,0,none
4119,gran,0,0,0,none
4120,debris,0,0,0,none
4121,gran,0,0,0,none
4122,lymph,0,0,1,CD8
4123,mono,0,1,0,none
4124,lymph,0,0,0,none
4125,debris,0,0,0,none
4126,lymph,0,0,0,none
4127,lymph,0,0,0,none
4128,mono,0,0,0,none
4129,gran,0,0,0,none
4130,gran,0,0,0,none
4131,lymph,0,0,0,none
4132,lymph,0,0,1,CD8
4133,lymph,0,0,1,DP
4134,debris,0,0,0,none
4135,mono,0,0,0,none
4136,lymph,0,0,0,none
4137,lymph,0,0,1,CD4
4138,gran,0,0,0,none
4139,lymph,0,0,1,DN
4140,lymph,0,0,0,none
4141,debris,0,0,0,none
4142,mono,0,0,0,none
4143,mono,0,0,0,none
4144,lymph,0,1,1,CD4
4145,lymph,0,1,1,CD4
4146,lymph,0,0,0,none
4147,lymph,0,0,0,none
4148,lymph,0,0,0,none
4149,lymph,0,0,1,DN
4150,lymph,0,0,0,none
4151,lymph,0,0,1,CD8
4152,lymph,0,0,0,none
4153,debris,0,0,0,none
4154,lymph,0,0,0,none
4155,lymph,0,0,0,none
4156,lymph,0,0,0,none
4157,lymph,0,0,1,CD4
4158,mono,0,1,0,none
4159,lymph,0,0,1,CD4
4160,gran,0,0,0,none
4161,lymph,0,0,0,none
4162,debris,0,0,0,none
4163,debris,0,0,0,none
4164,debris,0,0,0,none
4165,mono,0,0,0,none
4166,lymph,0,0,1,CD8
4167,lymph,0,0,1,CD4
4168,lymph,0,0,1,CD8
4169,lymph,0,0,0,none
4170,debris,0,0,0,none
4171,mono,0,0,0,none
4172,lymph,0,0,1,CD8
4173,lymph,0,0,1,CD4
4174,lymph,0,0,0,none
4175,lymph,0,0,0,none
4176,mono,0,0,0,none
4177,mono,1,0,0,none
4178,mono,0,0,0,none
4179,lymph,0,0,1,CD8
4180,gran,0,0,0,none
4181,lymph,0,0,1,CD4
4182,lymph,0,0,1,CD4
4183,lymph,0,0,1,CD4
4184,gran,0,0,0,none
4185,lymph,0,0,0,none
4186,lymph,0,0,1,CD4
4187,debris,0,0,0,none
4188,lymph,0,1,1,CD8
4189,mono,0,0,0,none
4190,gran,0,0,0,none
4191,gran,0,0,0,none
4192,lymph,0,0,0,none
4193,gran,0,0,0,none
4194,gran,0,0,0,none
4195,lymph,0,1,0,none
4196,lymph,0,0,0,none
4197,lymph,0,0,1,CD8
4198,gran,0,0,0,none
4199,lymph,0,0,1,DN
4200,gran,0,0,0,none
4201,lymph,0,0,0,none
4202,gran,0,0,0,none
4203,lymph,0,0,1,CD8
4204,lymph,0,0,1,CD8
4205,lymph,0,0,0,none
4206,mono,0,0,0,none
4207,lymph,0,0,1,CD4
4208,lymph,0,0,1,CD8
4209,lymph,1,0,0,none
4210,mono,0,0,0,none
4211,lymph,0,0,1,CD8
4212,debris,0,0,0,none
4213,mono,0,0,0,none
4214,gran,0,0,0,none
4215,lymph,1,0,1,CD8
4216,lymph,0,1,1,CD4
4217,lymph,0,0,1,CD4
4218,lymph,0,0,0,none
4219,lymph,0,0,1,DN
4220,lymph,0,0,1,CD4
4221,debris,0,0,0,none
4222,lymph,0,0,1,DP
4223,gran,0,0,0,none
4224,lymph,0,0,0,none
4225,gran,0,0,0,none
4226,mono,0,0,0,none
4227,mono,0,0,0,none
4228,lymph,0,0,1,CD4
4229,lymph,0,0,1,CD4
4230,lymph,0,0,0,none
4231,lymph,0,0,1,DP
4232,lymph,0,0,1,CD4
4233,lymph,0,0,1,CD8
4234,lymph,0,0,1,CD4
4235,gran,0,0,0,none
4236,gran,0,0,0,none
4237,lymph,0,0,0,none
4238,lymph,0,0,1,DN
4239,lymph,0,0,0,none
4240,lymph,0,0,1,CD8
4241,debris,0,0,0,none
4242,lymph,0,0,1,CD8
4243,lymph,0,0,0,none
4244,debris,0,0,0,none
4245,gran,0,0,0,none
4246,lymph,0,0,1,CD4
4247,gran,0,0,0,none
4248,lymph,0,0,1,DP
4249,debris,0,0,0,none
4250,lymph,0,0,1,CD4
4251,lymph,0,0,1,CD4
4252,lymph,0,0,1,CD4
4253,debris,0,0,0,none
4254,gran,0,0,0,none
4255,lymph,0,1,0,none
4256,mono,0,0,0,none
4257,lymph,0,0,1,CD4
4258,lymph,0,0,0,none
4259,lymph,0,0,1,CD8
4260,lymph,0,0,0,none
4261,lymph,0,0,1,CD4
4262,lymph,0,0,1,CD4
4263,lymph,0,0,1,CD4
4264,lymph,0,0,1,CD4
4265,lymph,0,0,1,CD8
4266,lymph,0,0,1,DN
4267,lymph,0,0,1,CD4
4268,lymph,0,0,1,CD4
4269,lymph,0,0,1,CD4
4270,lymph,0,0,0,none
4271,lymph,0,0,1,CD4
4272,lymph,0,0,1,CD8
4273,gran,0,0,0,none
4274,lymph,0,0,1,CD8
4275,lymph,0,0,1,CD4
4276,gran,0,0,0,none
4277,mono,0,0,0,none
4278,debris,0,0,0,none
4279,lymph,0,0,1,CD4
4280,lymph,0,0,1,CD4
4281,lymph,0,0,0,none
4282,mono,1,0,0,none
4283,lymph,0,0,0,none
4284,mono,0,0,0,none
4285,gran,1,0,0,none
4286,lymph,0,0,1,CD8
4287,debris,0,0,0,none
4288,gran,0,0,0,none
4289,lymph,0,0,0,none
4290,lymph,0,0,0,none
4291,lymph,0,0,1,CD4
4292,gran,0,1,0,none
4293,gran,0,0,0,none
4294,lymph,0,0,0,none
4295,lymph,1,0,1,CD8
4296,debris,0,0,0,none
4297,lymph,1,0,1,CD8
4298,debris,0,0,0,none
4299,lymph,0,0,1,CD4
4300,lymph,0,0,1,CD8
4301,lymph,0,0,1,CD8
4302,lymph,0,0,1,CD4
4303,debris,0,0,0,none
4304,gran,1,1,0,none
4305,lymph,0,0,1,CD4
4306,lymph,0,0,1,CD4
4307,debris,0,0,0,none
4308,lymph,0,0,0,none
4309,lymph,0,1,1,CD4
4310,debris,0,0,0,none
4311,lymph,0,0,1,CD8
4312,gran,0,0,0,none
4313,lymph,1,0,1,CD4
4314,gran,0,0,0,none
4315,lymph,0,0,1,CD8
4316,lymph,0,0,1,CD8
4317,lymph,0,0,1,CD8
4318,lymph,1,0,1,CD4
4319,lymph,0,0,1,CD4
4320,lymph,0,0,1,CD4
4321,lymph,0,0,1,CD8
4322,lymph,0,0,1,CD4
4323,lymph,1,0,1,CD8
4324,gran,0,0,0,none
4325,lymph,0,0,1,CD4
4326,lymph,0,0,0,none
4327,lymph,0,0,1,CD4
4328,lymph,0,0,1,CD4
4329,gran,0,0,0,none
4330,mono,0,0,0,none
4331,mono,0,0,0,none
4332,lymph,0,0,1,DP
4333,lymph,0,0,1,CD8
4334,lymph,0,0,0,none
4335,mono,0,0,0,none
4336,lymph,0,0,0,none
4337,gran,0,0,0,none
4338,lymph,0,0,0,none
4339,lymph,0,0,1,CD4
4340,mono,0,0,0,none
4341,lymph,0,0,1,CD4
4342,debris,0,0,0,none
4343,lymph,0,0,1,CD8
4344,lymph,0,0,1,CD8
4345,lymph,0,0,0,none
4346,lymph,1,0,0,none
4347,gran,0,0,0,none
4348,debris,0,0,0,none
4349,lymph,0,1,0,none
4350,lymph,0,0,0,none
4351,lymph,0,0,1,CD4
4352,lymph,0,0,1,CD8
4353,lymph,0,0,1,DP
4354,gran,0,1,0,none
4355,lymph,0,0,0,none
4356,lymph,0,0,1,CD4
4357,mono,0,0,0,none
4358,lymph,0,0,1,CD4
4359,lymph,0,0,1,CD4
4360,lymph,0,0,1,DN
4361,lymph,0,0,1,DN
4362,lymph,1,0,1,CD4
4363,lymph,0,0,0,none
4364,gran,0,0,0,none
4365,debris,0,0,0,none
4366,gran,0,0,0,none
4367,gran,0,0,0,none
4368,lymph,0,0,1,CD8
4369,gran,0,0,0,none
4370,lymph,0,0,0,none
4371,lymph,0,0,1,CD4
4372,lymph,0,0,1,CD4
4373,lymph,1,1,0,none
4374,lymph,0,0,1,CD4
4375,gran,0,0,0,none
4376,lymph,0,0,0,none
4377,lymph,0,0,0,none
4378,gran,0,0,0,none
4379,lymph,0,0,1,DN
4380,debris,0,0,0,none
4381,mono,0,0,0,none
4382,lymph,0,0,1,CD8
4383,lymph,0,0,1,CD8
4384,lymph,0,0,1,CD4
4385,lymph,0,0,1,CD4
4386,debris,0,0,0,none
4387,lymph,1,0,0,none
4388,lymph,0,0,0,none
4389,lymph,0,0,1,CD8
4390,lymph,0,0,1,CD8
4391,lymph,0,0,1,CD8
4392,gran,0,0,0,none
4393,mono,0,1,0,none
4394,lymph,1,0,1,DP
4395,gran,1,0,0,none
4396,lymph,0,1,1,CD4
4397,lymph,0,0,1,CD8
4398,gran,0,0,0,none
4399,lymph,0,0,1,CD8
4400,lymph,0,0,0,none
4401,gran,0,0,0,none
4402,lymph,0,0,1,CD8
4403,lymph,0,0,0,none
4404,gran,0,1,0,none
4405,lymph,0,0,0,none
4406,mono,0,0,0,none
4407,mono,0,0,0,none
4408,gran,0,0,0,none
4409,lymph,0,0,1,CD4
4410,debris,0,0,0,none
4411,mono,0,0,0,none
4412,mono,0,0,0,none
4413,gran,0,1,0,none
4414,lymph,0,0,1,CD4
4415,mono,0,0,0,none
4416,mono,0,0,0,none
4417,lymph,0,0,0,none
4418,gran,0,0,0,none
4419,lymph,0,0,0,none
4420,mono,0,0,0,none
4421,lymph,0,0,0,none
4422,lymph,1,0,0,none
4423,mono,0,0,0,none
4424,gran,0,0,0,none
4425,lymph,0,0,1,CD4
4426,lymph,0,0,1,CD4
4427,lymph,0,0,1,CD4
4428,lymph,0,0,1,CD8
4429,debris,0,0,0,none
4430,lymph,0,0,1,CD4
4431,lymph,0,1,0,none
4432,lymph,0,0,1,CD8
4433,debris,0,0,0,none
4434,lymph,1,0,1,DN
4435,lymph,0,0,1,DP
4436,debris,0,0,0,none
4437,lymph,0,0,1,CD4
4438,lymph,0,0,0,none
4439,gran,0,0,0,none
4440,lymph,0,0,0,none
4441,mono,0,0,0,none
4442,lymph,0,0,1,CD4
4443,gran,0,1,0,none
4444,gran,1,0,0,none
4445,gran,0,0,0,none
4446,lymph,1,0,1,DP
4447,debris,0,0,0,none
4448,lymph,0,0,1,DN
4449,lymph,1,0,1,CD8
4450,lymph,0,0,1,CD4
4451,lymph,0,0,1,CD8
4452,lymph,0,0,1,CD4
4453,lymph,0,0,1,CD4
4454,lymph,0,0,1,CD4
4455,lymph,1,0,1,CD8
4456,gran,0,0,0,none
4457,gran,0,0,0,none
4458,lymph,0,1,1,CD8
4459,debris,0,0,0,none
4460,mono,0,0,0,none
4461,gran,0,0,0,none
4462,debris,0,0,0,none
4463,lymph,0,0,1,CD4
4464,lymph,0,0,1,CD4
4465,gran,0,0,0,none
4466,gran,0,0,0,none
4467,lymph,0,0,0,none
4468,gran,0,0,0,none
4469,lymph,0,0,0,none
4470,lymph,0,0,0,none
4471,lymph,0,0,1,DN
4472,lymph,0,0,1,CD4
4473,gran,0,0,0,none
4474,mono,1,0,0,none
4475,lymph,0,0,1,CD8
4476,lymph,0,0,0,none
4477,lymph,0,0,1,CD8
4478,mono,0,0,0,none
4479,lymph,0,0,1,CD4
4480,lymph,0,0,1,CD8
4481,gran,0,0,0,none
4482,lymph,0,0,1,CD8
4483,gran,0,0,0,none
4484,gran,0,0,0,none
4485,debris,0,0,0,none
4486,lymph,0,0,1,CD8
4487,lymph,0,0,0,none
4488,lymph,0,0,1,CD4
4489,lymph,0,0,1,CD8
4490,mono,1,0,0,none
4491,lymph,1,0,1,DN
4492,lymph,0,0,1,CD4
4493,lymph,0,0,0,none
4494,lymph,0,1,1,CD4
4495,lymph,0,0,0,none
4496,mono,0,0,0,none
4497,lymph,0,0,0,none
4498,gran,0,0,0,none
4499,lymph,0,0,1,DN
4500,lymph,0,0,1,CD8
4501,lymph,0,0,0,none
4502,lymph,0,0,0,none
4503,lymph,0,0,1,CD4
4504,lymph,0,0,0,none
4505,lymph,0,1,0,none
4506,lymph,0,0,1,CD8
4507,lymph,0,0,1,CD8
4508,lymph,0,1,1,CD4
4509,debris,0,0,0,none
4510,mono,0,0,0,none
4511,lymph,0,0,0,none
4512,gran,0,0,0,none
4513,mono,1,0,0,none
4514,debris,0,0,0,none
4515,lymph,0,0,1,CD4
4516,debris,0,0,0,none
4517,lymph,0,1,1,CD4
4518,lymph,0,0,1,CD4
4519,debris,0,0,0,none
4520,lymph,0,0,0,none
4521,gran,0,0,0,none
4522,gran,0,0,0,none
4523,lymph,0,0,1,CD8
4524,lymph,0,0,1,CD8
4525,lymph,0,0,0,none
4526,lymph,0,0,1,CD8
4527,lymph,0,0,0,none
4528,lymph,0,0,1,CD8
4529,lymph,1,0,1,CD8
4530,debris,0,0,0,none
4531,lymph,0,0,0,none
4532,lymph,0,0,1,CD4
4533,mono,0,0,0,none
4534,lymph,0,0,1,CD8
4535,lymph,0,0,1,CD4
4536,lymph,0,0,0,none
4537,lymph,0,0,0,none
4538,lymph,0,0,1,CD8
4539,gran,0,0,0,none
4540,lymph,0,0,0,none
4541,lymph,0,0,1,DP
4542,lymph,0,1,0,none
4543,gran,0,0,0,none
4544,lymph,0,0,1,CD4
4545,lymph,0,0,0,none
4546,lymph,0,0,0,none
4547,lymph,1,0,1,CD8
4548,mono,0,0,0,none
4549,mono,0,0,0,none
4550,gran,0,0,0,none
4551,mono,0,0,0,none
4552,lymph,0,0,1,CD4
4553,lymph,0,0,1,CD4
4554,lymph,0,0,1,CD8
4555,mono,0,0,0,none
4556,gran,0,0,0,none
4557,debris,0,0,0,none
4558,lymph,0,0,0,none
4559,lymph,0,0,1,CD8
4560,mono,0,0,0,none
4561,lymph,0,0,0,none
4562,gran,0,0,0,none
4563,lymph,0,0,0,none
4564,mono,0,0,0,none
4565,gran,0,0,0,none
4566,lymph,0,0,1,CD8
4567,gran,0,0,0,none
4568,mono,0,1,0,none
4569,lymph,0,0,0,none
4570,gran,0,0,0,none
4571,gran,0,0,0,none
4572,debris,0,0,0,none
4573,lymph,0,0,0,none
4574,gran,0,0,0,none
4575,lymph,0,0,1,CD4
4576,lymph,0,0,1,CD8
4577,gran,0,0,0,none
4578,lymph,1,0,0,none
4579,gran,0,0,0,none
4580,lymph,0,0,1,CD4
4581,lymph,0,0,0,none
4582,lymph,0,0,1,CD4
4583,lymph,1,0,0,none
4584,mono,0,0,0,none
4585,lymph,0,0,1,DP
4586,debris,0,0,0,none
4587,lymph,0,0,0,none
4588,lymph,1,0,0,none
4589,lymph,0,0,1,CD4
4590,debris,0,0,0,none
4591,gran,0,0,0,none
4592,lymph,0,0,0,none
4593,gran,0,0,0,none
4594,lymph,0,0,0,none
4595,lymph,0,0,0,none
4596,lymph,0,0,1,CD8
4597,lymph,0,0,0,none
4598,lymph,0,0,0,none
4599,lymph,0,0,1,CD8
4600,gran,1,0,0,none
4601,lymph,0,0,0,none
4602,lymph,0,0,1,CD4
4603,mono,0,0,0,none
4604,debris,0,0,0,none
4605,lymph,0,0,0,none
4606,debris,0,0,0,none
4607,lymph,0,0,1,CD8
4608,lymph,0,0,1,CD4
4609,lymph,0,0,1,DN
4610,lymph,0,0,1,DN
4611,gran,0,0,0,none
4612,lymph,0,0,1,CD4
4613,lymph,0,0,1,CD8
4614,lymph,0,0,1,CD4
4615,lymph,0,0,0,none
4616,lymph,0,0,1,CD8
4617,gran,0,0,0,none
4618,lymph,0,0,1,CD4
4619,lymph,0,0,1,CD8
4620,lymph,0,0,1,CD4
4621,gran,0,0,0,none
4622,lymph,0,0,0,none
4623,lymph,0,0,1,CD4
4624,lymph,1,0,1,DN
4625,gran,0,0,0,none
4626,lymph,0,0,1,CD4
4627,lymph,0,0,1,CD8
4628,lymph,1,0,1,CD4
4629,gran,0,0,0,none
4630,lymph,0,0,1,CD8
4631,debris,0,0,0,none
4632,lymph,0,0,1,CD4
4633,lymph,0,0,0,none
4634,debris,0,0,0,none
4635,lymph,0,0,1,CD8
4636,gran,0,0,0,none
4637,debris,0,0,0,none
4638,lymph,0,0,1,DN
4639,debris,0,0,0,none
4640,gran,0,1,0,none
4641,lymph,0,0,0,none
4642,lymph,0,0,1,DN
4643,gran,0,0,0,none
4644,lymph,0,0,1,CD4
4645,lymph,0,0,1,CD8
4646,lymph,0,0,1,CD4
4647,lymph,0,0,1,CD4
4648,mono,0,0,0,none
4649,debris,0,0,0,none
4650,lymph,0,1,1,CD8
4651,gran,0,0,0,none
4652,lymph,1,0,1,CD4
4653,debris,0,0,0,none
4654,gran,0,0,0,none
4655,mono,0,0,0,none
4656,lymph,0,0,1,CD4
4657,lymph,0,0,0,none
4658,debris,0,0,0,none
4659,lymph,0,0,1,CD4
4660,gran,0,1,0,none
4661,lymph,0,0,1,CD8
4662,lymph,0,0,1,CD8
4663,lymph,0,0,1,CD8
4664,lymph,0,0,1,DN
4665,gran,0,0,0,none
4666,lymph,1,0,1,CD8
4667,lymph,0,0,1,CD8
4668,lymph,0,0,1,CD8
4669,lymph,0,0,1,CD4
4670,gran,1,0,0,none
4671,lymph,0,0,1,CD4
4672,lymph,0,0,1,CD4
4673,gran,0,0,0,none
4674,gran,1,0,0,none
4675,gran,0,0,0,none
4676,mono,0,0,0,none
4677,debris,0,0,0,none
4678,lymph,0,0,1,CD8
4679,lymph,0,0,1,CD4
4680,lymph,0,0,0,none
4681,gran,0,0,0,none
4682,lymph,0,0,0,none
4683,lymph,0,0,1,CD8
4684,lymph,0,0,0,none
4685,lymph,0,0,1,CD8
4686,lymph,0,0,0,none
4687,mono,0,0,0,none
4688,lymph,0,0,1,CD4
4689,lymph,0,0,1,CD4
4690,gran,1,0,0,none
4691,lymph,0,0,1,CD8
4692,lymph,0,0,1,CD4
4693,lymph,0,0,1,CD8
4694,gran,1,0,0,none
4695,lymph,0,0,0,none
4696,gran,0,0,0,none
4697,lymph,0,0,1,CD4
4698,lymph,0,1,0,none
4699,lymph,0,1,1,CD4
4700,mono,0,0,0,none
4701,lymph,0,0,0,none
4702,gran,0,0,0,none
4703,debris,0,0,0,none
4704,lymph,1,0,1,CD8
4705,gran,0,0,0,none
4706,debris,0,0,0,none
4707,lymph,0,1,1,CD4
4708,lymph,1,0,1,CD4
4709,debris,0,0,0,none
4710,lymph,0,0,1,CD8
4711,debris,0,0,0,none
4712,lymph,0,0,1,CD8
4713,gran,0,0,0,none
4714,lymph,0,0,1,CD4
4715,mono,0,0,0,none
4716,lymph,1,0,1,CD4
4717,lymph,0,0,0,none
4718,debris,0,0,0,none
4719,mono,0,0,0,none
4720,lymph,0,0,0,none
4721,lymph,0,0,0,none
4722,lymph,0,0,1,CD8
4723,lymph,0,0,1,CD8
4724,debris,0,0,0,none
4725,gran,0,0,0,none
4726,mono,1,0,0,none
4727,mono,0,0,0,none
4728,lymph,0,0,1,CD4
4729,gran,0,0,0,none
4730,lymph,0,0,0,none
4731,lymph,0,0,1,CD4
4732,lymph,0,0,0,none
4733,gran,1,0,0,none
4734,gran,0,0,0,none
4735,lymph,0,0,1,CD8
4736,lymph,0,0,1,CD4
4737,gran,0,0,0,none
4738,gran,0,0,0,none
4739,lymph,0,0,1,CD4
4740,mono,0,0,0,none
4741,lymph,1,0,1,CD8
4742,mono,0,0,0,none
4743,lymph,0,0,1,CD4
4744,lymph,0,0,0,none
4745,lymph,0,0,0,none
4746,lymph,0,0,1,CD8
4747,gran,0,0,0,none
4748,debris,0,0,0,none
4749,mono,0,0,0,none
4750,lymph,0,0,0,none
4751,gran,0,0,0,none
4752,lymph,0,0,0,none
4753,gran,0,0,0,none
4754,lymph,0,0,0,none
4755,mono,0,0,0,none
4756,lymph,0,0,0,none
4757,lymph,0,0,0,none
4758,lymph,0,0,0,none
4759,gran,0,0,0,none
4760,debris,0,0,0,none
4761,lymph,0,0,1,CD8
4762,lymph,0,0,1,CD8
4763,mono,0,0,0,none
4764,debris,0,0,0,none
4765,lymph,0,0,1,CD8
4766,debris,0,0,0,none
4767,lymph,0,0,1,CD8
4768,lymph,0,0,1,CD8
4769,lymph,0,0,1,DP
4770,lymph,0,0,0,none
4771,lymph,0,0,0,none
4772,gran,0,0,0,none
4773,debris,0,0,0,none
4774,lymph,0,0,1,CD8
4775,lymph,0,0,0,none
4776,mono,0,0,0,none
4777,gran,0,0,0,none
4778,lymph,0,0,0,none
4779,lymph,0,0,1,CD8
4780,lymph,0,0,1,DN
4781,lymph,0,0,0,none
4782,lymph,0,0,1,CD4
4783,mono,0,0,0,none
4784,lymph,0,0,1,CD4
4785,lymph,0,1,1,CD4
4786,mono,0,0,0,none
4787,lymph,1,0,1,CD4
4788,gran,0,0,0,none
4789,mono,0,0,0,none
4790,mono,0,0,0,none
4791,mono,0,0,0,none
4792,mono,0,0,0,none
4793,debris,0,0,0,none
4794,lymph,0,1,1,CD4
4795,gran,0,0,0,none
4796,lymph,0,0,0,none
4797,lymph,0,0,1,CD4
4798,mono,0,0,0,none
4799,lymph,0,0,0,none
4800,lymph,0,0,0,none
4801,lymph,0,0,0,none
4802,lymph,1,0,1,CD8
4803,lymph,0,1,1,CD4
4804,lymph,0,1,1,CD4
4805,debris,0,0,0,none
4806,lymph,0,0,1,CD4
4807,gran,0,0,0,none
4808,lymph,1,0,0,none
4809,lymph,0,0,1,CD8
4810,lymph,1,0,1,CD4
4811,mono,0,0,0,none
4812,lymph,0,0,1,DN
4813,lymph,0,0,1,CD8
4814,debris,0,0,0,none
4815,lymph,0,1,1,CD8
4816,lymph,0,0,0,none
4817,lymph,0,1,1,CD4
4818,gran,0,0,0,none
4819,lymph,0,0,1,CD4
4820,lymph,0,0,0,none
4821,gran,0,0,0,none
4822,lymph,0,0,0,none
4823,lymph,0,0,1,CD8
4824,mono,0,0,0,none
4825,mono,0,0,0,none
4826,mono,0,0,0,none
4827,debris,0,0,0,none
4828,gran,1,0,0,none
4829,lymph,0,0,1,CD8
4830,lymph,0,0,0,none
4831,lymph,0,0,0,none
4832,lymph,0,1,1,CD8
4833,lymph,0,0,1,CD4
4834,lymph,0,0,0,none
4835,gran,0,0,0,none
4836,lymph,0,0,1,DN
4837,gran,0,0,0,none
4838,debris,0,0,0,none
4839,mono,0,0,0,none
4840,debris,0,0,0,none
4841,lymph,0,0,1,CD4
4842,debris,0,0,0,none
4843,lymph,0,0,0,none
4844,lymph,0,0,1,CD4
4845,lymph,0,0,1,CD4
4846,lymph,0,0,1,CD8
4847,lymph,0,0,0,none
4848,gran,0,0,0,none
4849,lymph,1,0,0,none
4850,lymph,0,0,0,none
4851,lymph,0,0,0,none
4852,gran,0,1,0,none
4853,lymph,0,0,1,CD4
4854,debris,0,0,0,none
4855,gran,0,0,0,none
4856,mono,0,0,0,none
4857,lymph,1,0,1,CD8
4858,lymph,0,0,1,CD4
4859,lymph,0,0,1,CD8
4860,gran,0,0,0,none
4861,lymph,0,0,1,CD4
4862,lymph,0,1,0,none
4863,lymph,0,0,0,none
4864,lymph,0,0,0,none
4865,gran,0,0,0,none
4866,gran,0,0,0,none
4867,lymph,0,0,1,CD4
4868,gran,1,0,0,none
4869,lymph,0,0,1,CD4
4870,lymph,0,0,1,CD8
4871,mono,0,0,0,none
4872,lymph,0,0,1,CD4
4873,lymph,0,0,1,DN
4874,mono,0,0,0,none
4875,debris,0,0,0,none
4876,gran,0,0,0,none
4877,lymph,0,0,1,CD8
4878,lymph,1,0,1,CD4
4879,lymph,0,0,0,none
4880,debris,0,0,0,none
4881,lymph,0,0,0,none
4882,debris,0,0,0,none
4883,lymph,0,0,1,CD4
4884,lymph,0,0,1,CD4
4885,debris,0,0,0,none
4886,gran,0,0,0,none
4887,lymph,0,1,0,none
4888,gran,0,0,0,none
4889,mono,0,1,0,none
4890,mono,0,1,0,none
4891,lymph,0,0,0,none
4892,lymph,0,0,1,CD4
4893,lymph,0,0,0,none
4894,lymph,0,1,1,CD4
4895,mono,0,0,0,none
4896,debris,0,0,0,none
4897,lymph,0,0,1,DP
4898,lymph,0,1,1,CD8
4899,gran,0,0,0,none
4900,gran,0,0,0,none
4901,lymph,0,0,1,CD8
4902,lymph,0,0,1,CD8
4903,lymph,0,0,1,CD4
4904,mono,0,0,0,none
4905,debris,0,0,0,none
4906,lymph,0,1,1,CD4
4907,lymph,0,0,0,none
4908,lymph,0,0,1,DN
4909,lymph,0,1,1,CD4
4910,lymph,0,0,1,CD4
4911,lymph,1,0,0,none
4912,debris,0,0,0,none
4913,lymph,0,0,1,DN
4914,mono,0,0,0,none
4915,lymph,1,0,1,CD8
4916,mono,0,0,0,none
4917,lymph,0,1,0,none
4918,debris,0,0,0,none
4919,debris,0,0,0,none
4920,lymph,0,0,1,CD8
4921,mono,0,0,0,none
4922,lymph,0,0,1,CD8
4923,lymph,0,0,0,none
4924,gran,0,0,0,none
4925,lymph,0,0,1,CD4
4926,lymph,0,0,1,CD4
4927,lymph,0,0,1,DP
4928,lymph,0,1,0,none
4929,lymph,1,0,0,none
4930,gran,0,0,0,none
4931,lymph,0,0,0,none
4932,lymph,0,0,1,CD4
4933,debris,0,0,0,none
4934,lymph,0,1,1,CD4
4935,mono,0,0,0,none
4936,lymph,0,0,1,CD4
4937,lymph,1,0,1,CD4
4938,lymph,0,0,1,CD4
4939,lymph,0,0,0,none
4940,lymph,0,1,1,CD8
4941,lymph,0,0,1,CD8
4942,lymph,0,0,1,DP
4943,lymph,0,0,1,CD8
4944,lymph,0,0,1,CD8
4945,gran,0,0,0,none
4946,lymph,0,0,1,CD8
4947,gran,0,0,0,none
4948,lymph,0,1,1,CD4
4949,lymph,0,0,0,none
4950,lymph,0,0,1,CD8
4951,mono,0,0,0,none
4952,lymph,0,1,0,none
4953,lymph,0,0,0,none
4954,mono,0,0,0,none
4955,lymph,0,0,1,CD4
4956,lymph,0,0,0,none
4957,lymph,0,0,1,CD4
4958,lymph,0,1,1,CD8
4959,lymph,0,0,1,CD4
4960,lymph,0,0,1,CD4
4961,mono,0,1,0,none
4962,lymph,0,0,1,DN
4963,gran,0,0,0,none
4964,mono,0,0,0,none
4965,gran,0,1,0,none
4966,lymph,0,0,0,none
4967,lymph,0,0,1,CD8
4968,lymph,0,0,1,CD4
4969,lymph,0,0,0,none
4970,mono,0,0,0,none
4971,lymph,0,0,1,CD8
4972,lymph,0,0,0,none
4973,gran,0,1,0,none
4974,gran,0,0,0,none
4975,debris,0,0,0,none
4976,lymph,0,0,1,CD4
4977,gran,0,0,0,none
4978,lymph,0,0,1,CD8
4979,lymph,0,1,1,CD4
4980,lymph,0,1,1,CD4
4981,lymph,0,0,1,CD4
4982,lymph,0,0,0,none
4983,gran,0,0,0,none
4984,lymph,0,0,0,none
4985,lymph,0,0,1,DP
4986,gran,0,0,0,none
4987,lymph,0,0,1,CD8
4988,lymph,0,0,1,CD8
4989,lymph,0,0,1,DN
4990,lymph,0,0,0,none
4991,lymph,0,0,1,CD8
4992,lymph,0,0,1,CD8
4993,lymph,0,0,0,none
4994,lymph,0,0,1,CD8
4995,lymph,0,0,1,CD4
4996,lymph,0,0,0,none
4997,gran,0,0,0,none
4998,debris,0,0,0,none
4999,lymph,0,0,1,DP
5000,lymph,0,0,0,none
5001,lymph,0,0,1,CD4
5002,lymph,0,0,1,CD8
5003,lymph,0,0,1,CD4
5004,lymph,0,0,1,CD4
5005,lymph,0,0,1,CD4
5006,lymph,0,0,1,CD4
5007,lymph,0,1,0,none
5008,mono,0,0,0,none
5009,gran,0,0,0,none
5010,lymph,0,0,0,none
5011,gran,0,0,0,none
5012,lymph,0,0,0,none
5013,lymph,0,0,1,CD4
5014,mono,0,0,0,none
5015,lymph,1,0,0,none
5016,lymph,0,0,1,CD8
5017,lymph,0,0,1,CD8
5018,debris,0,0,0,none
5019,lymph,1,0,1,CD8
5020,gran,0,0,0,none
5021,lymph,0,0,1,CD4
5022,gran,0,0,0,none
5023,lymph,0,0,0,none
5024,mono,0,0,0,none
5025,lymph,0,0,1,CD8
5026,gran,0,0,0,none
5027,lymph,0,0,1,CD4
5028,debris,0,0,0,none
5029,mono,0,0,0,none
5030,gran,0,0,0,none
5031,mono,0,0,0,none
5032,gran,0,0,0,none
5033,lymph,0,0,1,CD8
5034,lymph,0,0,1,CD4
5035,debris,0,0,0,none
5036,gran,0,0,0,none
5037,mono,0,0,0,none
5038,gran,0,0,0,none
5039,debris,0,0,0,none
5040,mono,0,0,0,none
5041,lymph,0,0,1,CD8
5042,lymph,0,0,1,CD8
5043,lymph,0,0,1,CD4
5044,lymph,0,0,1,CD8
5045,lymph,0,0,1,CD8
5046,lymph,0,0,1,CD4
5047,mono,0,0,0,none
5048,debris,0,0,0,none
5049,gran,0,0,0,none
5050,gran,0,0,0,none
5051,lymph,0,0,1,CD4
5052,lymph,0,0,0,none
5053,gran,0,0,0,none
5054,lymph,0,0,1,CD8
5055,lymph,0,0,1,CD4
5056,lymph,0,0,1,CD8
5057,gran,0,0,0,none
5058,lymph,0,0,1,CD8
5059,lymph,0,1,1,CD8
5060,debris,0,0,0,none
5061,gran,0,0,0,none
5062,lymph,0,0,1,CD8
5063,lymph,0,1,1,DP
5064,mono,0,0,0,none
5065,lymph,0,0,1,CD4
5066,lymph,0,0,1,CD4
5067,lymph,0,0,1,DP
5068,gran,0,0,0,none
5069,lymph,0,0,1,CD4
5070,lymph,0,0,1,CD8
5071,debris,0,0,0,none
5072,lymph,0,0,0,none
5073,lymph,0,0,1,CD4
5074,mono,0,0,0,none
5075,lymph,0,0,1,CD4
5076,lymph,0,0,1,CD8
5077,gran,0,0,0,none
5078,lymph,1,1,1,CD4
5079,lymph,0,0,1,CD8
5080,gran,0,0,0,none
5081,lymph,1,0,1,CD8
5082,lymph,0,0,1,CD8
5083,lymph,0,0,1,CD8
5084,debris,0,0,0,none
5085,debris,0,0,0,none
5086,lymph,0,0,1,CD4
5087,gran,0,0,0,none
5088,lymph,0,0,1,CD8
5089,gran,0,0,0,none
5090,gran,0,0,0,none
5091,lymph,0,0,0,none
5092,lymph,0,0,0,none
5093,debris,0,0,0,none
5094,gran,0,0,0,none
5095,lymph,0,0,1,CD4
5096,lymph,0,0,1,DP
5097,debris,0,0,0,none
5098,gran,0,0,0,none
5099,lymph,0,0,1,CD4
5100,lymph,0,0,0,none
5101,debris,0,0,0,none
5102,gran,1,0,0,none
5103,lymph,0,1,1,CD8
5104,lymph,0,0,1,CD4
5105,lymph,0,0,0,none
5106,lymph,0,0,1,CD8
5107,mono,0,0,0,none
5108,lymph,0,1,1,CD4
5109,lymph,0,0,1,CD8
5110,mono,0,0,0,none
5111,lymph,0,0,1,DP
5112,lymph,0,0,1,CD4
5113,lymph,0,0,1,CD4
5114,mono,0,0,0,none
5115,lymph,0,0,1,CD4
5116,lymph,0,0,1,CD4
5117,debris,0,0,0,none
5118,lymph,0,0,1,DN
5119,gran,0,0,0,none
5120,lymph,0,0,1,CD4
5121,gran,0,0,0,none
5122,lymph,0,0,1,CD4
5123,lymph,0,0,0,none
5124,gran,0,0,0,none
5125,lymph,0,0,1,CD8
5126,debris,0,0,0,none
5127,lymph,0,0,0,none
5128,lymph,0,0,1,CD4
5129,debris,0,0,0,none
5130,lymph,0,0,1,CD4
5131,debris,0,0,0,none
5132,gran,0,0,0,none
5133,gran,1,0,0,none
5134,mono,0,0,0,none
5135,lymph,0,0,0,none
5136,lymph,0,1,1,DP
5137,lymph,0,0,1,CD8
5138,mono,0,0,0,none
5139,lymph,0,0,1,CD8
5140,lymph,0,0,1,CD4
5141,lymph,0,1,1,CD4
5142,lymph,0,0,0,none
5143,lymph,0,0,1,CD4
5144,lymph,0,0,0,none
5145,lymph,0,0,0,none
5146,lymph,0,0,1,DN
5147,lymph,0,0,1,CD4
5148,lymph,0,0,1,CD4
5149,lymph,0,0,0,none
5150,gran,0,1,0,none
5151,mono,0,0,0,none
5152,mono,0,0,0,none
5153,debris,0,0,0,none
5154,gran,0,0,0,none
5155,gran,0,0,0,none
5156,gran,0,0,0,none
5157,gran,0,0,0,none
5158,debris,0,0,0,none
5159,debris,0,0,0,none
5160,lymph,0,0,1,CD4
5161,lymph,0,0,0,none
5162,lymph,0,0,1,CD8
5163,lymph,1,0,0,none
5164,gran,0,0,0,none
5165,mono,0,0,0,none
5166,lymph,0,0,1,CD8
5167,mono,0,0,0,none
5168,lymph,0,0,1,CD8
5169,lymph,1,0,1,CD4
5170,gran,0,0,0,none
5171,gran,0,0,0,none
5172,lymph,0,0,1,CD8
5173,lymph,0,0,1,CD4
5174,lymph,0,0,1,CD4
5175,lymph,0,0,1,DN
5176,gran,1,0,0,none
5177,gran,0,0,0,none
5178,gran,0,0,0,none
5179,lymph,0,0,1,CD4
5180,lymph,1,1,0,none
5181,lymph,0,0,1,CD8
5182,mono,0,0,0,none
5183,debris,0,0,0,none
5184,gran,0,0,0,none
5185,lymph,0,0,1,CD4
5186,lymph,0,0,1,DN
5187,lymph,0,0,1,DN
5188,lymph,0,0,0,none
5189,lymph,0,0,1,CD4
5190,debris,0,0,0,none
5191,lymph,0,0,1,CD4
5192,lymph,0,0,1,CD4
5193,lymph,0,1,1,CD8
5194,lymph,0,0,0,none
5195,lymph,0,1,1,CD8
5196,debris,0,0,0,none
5197,lymph,1,0,1,CD8
5198,lymph,0,0,1,CD4
5199,gran,0,0,0,none
5200,mono,0,0,0,none
5201,lymph,0,0,1,CD4
5202,gran,0,0,0,none
5203,lymph,1,0,1,CD4
5204,lymph,0,0,1,CD8
5205,gran,0,0,0,none
5206,gran,1,0,0,none
5207,gran,1,0,0,none
5208,lymph,0,0,0,none
5209,debris,0,0,0,none
5210,lymph,0,0,0,none
5211,lymph,0,0,1,CD8
5212,lymph,0,0,1,CD4
5213,lymph,0,0,0,none
5214,lymph,0,0,1,DN
5215,lymph,0,0,0,none
5216,lymph,0,0,0,none
5217,mono,0,0,0,none
5218,lymph,0,0,1,DN
5219,lymph,0,0,1,CD8
5220,lymph,0,0,1,CD4
5221,lymph,0,0,1,CD8
5222,lymph,0,0,0,none
5223,lymph,0,0,1,CD8
5224,debris,0,0,0,none
5225,lymph,0,0,1,CD4
5226,lymph,0,0,0,none
5227,lymph,0,0,0,none
5228,lymph,0,0,1,DN
5229,lymph,0,0,1,CD4
5230,lymph,0,0,0,none
5231,lymph,0,1,0,none
5232,debris,0,0,0,none
5233,gran,0,0,0,none
5234,lymph,0,0,0,none
5235,lymph,0,0,1,CD8
5236,gran,0,0,0,none
5237,debris,0,0,0,none
5238,lymph,1,0,0,none
5239,mono,0,0,0,none
5240,lymph,0,0,0,none
5241,lymph,0,1,1,CD4
5242,lymph,0,0,0,none
5243,debris,0,0,0,none
5244,lymph,0,0,0,none
5245,mono,0,0,0,none
5246,lymph,0,0,1,CD8
5247,lymph,0,0,1,CD4
5248,lymph,0,0,0,none
5249,gran,1,1,0,none
5250,lymph,0,0,0,none
5251,mono,0,0,0,none
5252,gran,0,0,0,none
5253,lymph,0,0,0,none
5254,gran,0,0,0,none
5255,lymph,0,0,0,none
5256,lymph,0,0,0,none
5257,gran,0,0,0,none
5258,gran,0,0,0,none
5259,lymph,0,0,0,none
5260,gran,0,0,0,none
5261,debris,0,0,0,none
5262,lymph,0,0,1,CD4
5263,lymph,0,0,0,none
5264,gran,0,0,0,none
5265,lymph,0,0,1,CD8
5266,lymph,0,0,0,none
5267,debris,0,0,0,none
5268,lymph,0,0,1,CD8
5269,debris,0,0,0,none
5270,lymph,0,0,1,CD8
5271,lymph,0,0,1,CD4
5272,debris,0,0,0,none
5273,lymph,0,0,1,CD4
5274,mono,0,1,0,none
5275,lymph,0,0,1,DN
5276,mono,0,0,0,none
5277,lymph,0,0,1,CD8
5278,gran,0,0,0,none
5279,lymph,0,0,0,none
5280,mono,0,0,0,none
5281,lymph,0,0,0,none
5282,lymph,0,0,1,CD4
5283,lymph,0,0,0,none
5284,gran,0,0,0,none
5285,gran,0,0,0,none
5286,lymph,0,0,1,CD8
5287,lymph,1,0,1,CD8
5288,lymph,1,0,1,CD4
5289,gran,0,0,0,none
5290,lymph,0,0,0,none
5291,mono,0,0,0,none
5292,lymph,0,0,1,CD8
5293,debris,0,0,0,none
5294,mono,0,0,0,none
5295,lymph,0,0,0,none
5296,lymph,0,0,1,CD8
5297,lymph,0,0,1,DN
5298,mono,0,0,0,none
5299,lymph,0,0,0,none
5300,lymph,0,0,1,DP
5301,gran,0,0,0,none
5302,gran,0,0,0,none
5303,lymph,0,0,0,none
5304,gran,0,0,0,none
5305,gran,0,0,0,none
5306,gran,0,0,0,none
5307,lymph,0,0,1,CD8
5308,lymph,0,0,1,CD4
5309,lymph,0,0,1,CD4
5310,lymph,0,0,1,CD4
5311,lymph,0,0,1,CD8
5312,lymph,0,1,1,CD8
5313,lymph,0,0,1,CD4
5314,mono,0,0,0,none
5315,lymph,0,0,0,none
5316,mono,0,0,0,none
5317,gran,0,0,0,none
5318,lymph,0,0,1,CD4
5319,gran,0,0,0,none
5320,lymph,0,0,1,CD4
5321,gran,0,0,0,none
5322,debris,0,0,0,none
5323,lymph,0,0,0,none
5324,lymph,0,0,1,CD4
5325,gran,0,0,0,none
5326,mono,0,1,0,none
5327,lymph,0,0,1,CD8
5328,debris,0,0,0,none
5329,mono,0,0,0,none
5330,lymph,0,0,1,CD4
5331,gran,0,0,0,none
5332,lymph,0,0,1,CD4
5333,lymph,0,0,0,none
5334,debris,0,0,0,none
5335,lymph,0,0,0,none
5336,mono,0,0,0,none
5337,gran,0,1,0,none
5338,lymph,0,0,0,none
5339,lymph,0,0,0,none
5340,lymph,0,0,1,CD4
5341,lymph,0,0,1,CD4
5342,lymph,0,0,1,CD4
5343,lymph,0,0,1,DN
5344,lymph,0,0,0,none
5345,lymph,0,1,1,CD4
5346,gran,0,0,0,none
5347,gran,0,0,0,none
5348,gran,0,0,0,none
5349,debris,0,0,0,none
5350,lymph,0,0,1,CD4
5351,gran,0,0,0,none
5352,lymph,0,0,1,CD4
5353,lymph,0,0,1,CD4
5354,lymph,1,0,1,CD8
5355,lymph,0,0,1,CD4
5356,lymph,0,0,1,CD4
5357,lymph,0,0,1,CD8
5358,lymph,0,0,1,CD4
5359,gran,0,0,0,none
5360,mono,0,0,0,none
5361,mono,0,0,0,none
5362,mono,0,0,0,none
5363,lymph,0,1,0,none
5364,mono,0,0,0,none
5365,mono,0,0,0,none
5366,lymph,1,0,0,none
5367,lymph,0,0,0,none
5368,lymph,0,0,1,CD8
5369,gran,0,0,0,none
5370,debris,0,0,0,none
5371,lymph,0,0,1,DN
5372,gran,0,0,0,none
5373,lymph,0,0,1,CD8
5374,debris,0,0,0,none
5375,gran,0,0,0,none
5376,lymph,1,0,0,none
5377,lymph,0,0,1,CD8
5378,gran,0,0,0,none
5379,lymph,0,0,0,none
5380,gran,0,0,0,none
5381,debris,0,0,0,none
5382,gran,0,0,0,none
5383,lymph,0,0,1,CD4
5384,lymph,1,0,1,CD4
5385,lymph,0,0,0,none
5386,lymph,0,0,1,CD8
5387,mono,0,0,0,none
5388,lymph,0,0,1,CD8
5389,lymph,0,0,1,CD8
5390,lymph,0,1,1,CD4
5391,mono,0,0,0,none
5392,mono,0,0,0,none
5393,lymph,0,0,1,CD8
5394,lymph,1,0,1,CD4
5395,lymph,0,0,0,none
5396,debris,0,0,0,none
5397,gran,0,0,0,none
5398,lymph,0,0,0,none
5399,lymph,0,0,0,none
5400,lymph,0,0,1,CD8
5401,lymph,0,0,1,DN
5402,gran,0,0,0,none
5403,lymph,0,1,1,CD8
5404,debris,0,0,0,none
5405,mono,0,1,0,none
5406,lymph,0,0,1,CD8
5407,gran,0,0,0,none
5408,lymph,0,0,0,none
5409,lymph,1,0,1,CD4
5410,mono,1,0,0,none
5411,gran,0,0,0,none
5412,mono,0,0,0,none
5413,lymph,0,0,1,CD8
5414,lymph,0,0,1,CD8
5415,mono,0,0,0,none
5416,lymph,0,0,1,CD4
5417,debris,0,0,0,none
5418,mono,0,0,0,none
5419,lymph,0,0,0,none
5420,lymph,0,0,0,none
5421,lymph,0,1,1,CD4
5422,lymph,0,0,1,CD4
5423,mono,0,0,0,none
5424,lymph,0,0,1,DP
5425,lymph,0,0,0,none
5426,mono,0,1,0,none
5427,gran,0,0,0,none
5428,mono,1,0,0,none
5429,gran,0,1,0,none
5430,gran,0,0,0,none
5431,mono,0,0,0,none
5432,lymph,0,0,0,none
5433,lymph,0,0,1,DN
5434,lymph,0,0,1,CD8
5435,lymph,0,0,0,none
5436,lymph,0,0,1,CD8
5437,lymph,0,0,0,none
5438,debris,0,0,0,none
5439,debris,0,0,0,none
5440,lymph,0,0,1,CD4
5441,gran,0,1,0,none
5442,mono,0,0,0,none
5443,debris,0,0,0,none
5444,lymph,0,0,1,DN
5445,gran,0,0,0,none
5446,lymph,0,0,0,none
5447,gran,0,0,0,none
5448,lymph,0,0,1,DP
5449,lymph,0,0,1,CD8
5450,mono,0,0,0,none
5451,lymph,0,0,1,CD4
5452,lymph,0,0,0,none
5453,lymph,0,0,1,CD4
5454,mono,0,0,0,none
5455,mono,0,0,0,none
5456,gran,0,0,0,none
5457,lymph,0,0,0,none
5458,lymph,0,0,1,CD8
5459,gran,0,0,0,none
5460,lymph,0,0,1,DP
5461,lymph,0,0,1,CD8
5462,mono,0,1,0,none
5463,lymph,0,0,1,CD8
5464,lymph,0,0,0,none
5465,mono,0,0,0,none
5466,gran,0,0,0,none
5467,lymph,0,0,0,none
5468,lymph,0,1,0,none
5469,mono,0,0,0,none
5470,gran,0,0,0,none
5471,lymph,0,0,0,none
5472,debris,0,0,0,none
5473,lymph,0,0,1,CD4
5474,lymph,1,0,1,CD8
5475,lymph,0,0,1,CD4
5476,debris,0,0,0,none
5477,lymph,0,0,0,none
5478,lymph,0,0,1,DN
5479,gran,0,0,0,none
5480,lymph,0,0,1,CD4
5481,lymph,0,0,1,CD4
5482,lymph,0,0,1,CD8
5483,lymph,0,1,1,CD4
5484,lymph,0,0,1,CD4
5485,lymph,0,0,1,CD4
5486,lymph,0,0,1,CD4
5487,lymph,0,0,1,CD4
5488,lymph,0,1,1,CD8
5489,mono,0,0,0,none
5490,lymph,0,0,0,none
5491,lymph,0,0,1,CD4
5492,lymph,0,0,1,CD4
5493,lymph,0,0,1,CD4
5494,gran,0,0,0,none
5495,lymph,0,0,0,none
5496,lymph,0,0,0,none
5497,mono,0,0,0,none
5498,lymph,1,0,1,CD8
5499,lymph,0,0,1,CD8
5500,lymph,0,0,1,CD4
5501,lymph,0,0,0,none
5502,lymph,0,0,1,CD4
5503,debris,0,0,0,none
5504,lymph,0,0,1,CD8
5505,lymph,0,0,1,CD4
5506,debris,0,0,0,none
5507,lymph,0,0,0,none
5508,debris,0,0,0,none
5509,gran,1,0,0,none
5510,mono,0,0,0,none
5511,lymph,0,0,1,CD8
5512,lymph,0,1,1,CD4
5513,lymph,0,0,1,CD8
5514,lymph,0,0,0,none
5515,lymph,0,0,1,CD8
5516,mono,0,0,0,none
5517,debris,0,0,0,none
5518,lymph,0,0,1,CD8
5519,mono,0,0,0,none
5520,lymph,0,0,1,CD4
5521,lymph,0,0,1,CD4
5522,mono,0,0,0,none
5523,lymph,0,0,1,CD4
5524,gran,0,1,0,none
5525,lymph,0,1,1,CD4
5526,debris,0,0,0,none
5527,lymph,0,1,1,CD4
5528,gran,1,0,0,none
5529,lymph,0,0,0,none
5530,lymph,0,0,1,CD8
5531,lymph,0,0,0,none
5532,debris,0,0,0,none
5533,gran,0,0,0,none
5534,debris,0,0,0,none
5535,gran,0,0,0,none
5536,lymph,0,0,0,none
5537,mono,0,0,0,none
5538,mono,0,0,0,none
5539,lymph,0,0,1,CD8
5540,lymph,1,1,1,DN
5541,mono,0,0,0,none
5542,lymph,0,0,1,CD8
5543,lymph,0,0,1,CD8
5544,lymph,0,0,1,CD8
5545,mono,0,1,0,none
5546,lymph,0,0,1,CD8
5547,gran,0,0,0,none
5548,lymph,0,0,0,none
5549,lymph,0,0,1,CD4
5550,lymph,0,0,0,none
5551,lymph,0,0,0,none
5552,debris,0,0,0,none
5553,lymph,0,0,1,CD8
5554,lymph,0,0,0,none
5555,mono,0,0,0,none
5556,lymph,0,0,1,CD4
5557,gran,0,0,0,none
5558,lymph,0,0,1,CD8
5559,lymph,0,0,1,CD8
5560,debris,0,0,0,none
5561,debris,0,0,0,none
5562,lymph,0,0,1,CD4
5563,gran,1,0,0,none
5564,lymph,0,0,1,CD8
5565,lymph,0,0,0,none
5566,gran,0,0,0,none
5567,lymph,0,0,1,DN
5568,mono,0,0,0,none
5569,lymph,0,0,1,CD8
5570,lymph,0,0,1,CD4
5571,mono,0,0,0,none
5572,lymph,0,0,1,CD8
5573,lymph,0,0,0,none
5574,lymph,0,0,1,CD8
5575,lymph,0,0,1,DN
5576,lymph,1,0,1,CD4
5577,mono,0,0,0,none
5578,lymph,0,0,1,DN
5579,lymph,0,0,1,DN
5580,lymph,0,0,0,none
5581,lymph,0,0,1,CD4
5582,lymph,0,1,0,none
5583,lymph,0,0,0,none
5584,lymph,0,0,1,CD8
5585,mono,0,0,0,none
5586,lymph,0,0,1,CD4
5587,lymph,0,0,0,none
5588,lymph,0,0,1,CD4
5589,lymph,0,0,1,CD4
5590,gran,0,0,0,none
5591,lymph,0,0,1,CD4
5592,lymph,0,0,1,CD4
5593,lymph,0,0,1,DN
5594,gran,0,0,0,none
5595,lymph,0,0,0,none
5596,gran,0,0,0,none
5597,lymph,0,0,0,none
5598,debris,0,0,0,none
5599,lymph,0,0,0,none
5600,lymph,0,0,1,CD4
5601,gran,0,0,0,none
5602,debris,0,0,0,none
5603,lymph,0,0,0,none
5604,mono,0,0,0,none
5605,lymph,0,0,0,none
5606,lymph,0,0,1,CD8
5607,lymph,0,0,1,DP
5608,gran,0,0,0,none
5609,lymph,0,1,1,CD8
5610,lymph,0,0,1,CD8
5611,lymph,0,0,1,CD8
5612,lymph,0,0,1,DN
5613,lymph,0,0,0,none
5614,lymph,0,0,0,none
5615,lymph,0,0,1,CD8
5616,lymph,0,0,1,CD8
5617,mono,0,0,0,none
5618,lymph,0,0,1,CD8
5619,mono,0,1,0,none
5620,gran,0,0,0,none
5621,gran,1,0,0,none
5622,mono,0,0,0,none
5623,lymph,0,0,1,CD8
5624,gran,0,0,0,none
5625,lymph,0,0,1,CD8
5626,lymph,0,0,1,CD8
5627,mono,0,0,0,none
5628,lymph,0,0,0,none
5629,lymph,0,0,1,CD8
5630,lymph,1,0,1,DN
5631,lymph,0,0,0,none
5632,lymph,0,0,1,CD4
5633,lymph,0,0,1,CD4
5634,lymph,0,0,1,CD8
5635,debris,0,0,0,none
5636,lymph,0,0,1,CD4
5637,lymph,0,0,0,none
5638,gran,0,0,0,none
5639,lymph,0,0,0,none
5640,debris,0,0,0,none
5641,debris,0,0,0,none
5642,debris,0,0,0,none
5643,lymph,1,0,1,DP
5644,gran,0,0,0,none
5645,lymph,0,0,0,none
5646,lymph,1,0,0,none
5647,lymph,0,0,1,CD4
5648,lymph,0,1,1,CD8
5649,lymph,0,0,0,none
5650,lymph,0,0,1,CD4
5651,lymph,0,0,1,CD4
5652,lymph,0,0,1,CD8
5653,lymph,0,0,1,CD4
5654,mono,0,0,0,none
5655,mono,0,0,0,none
5656,lymph,0,0,1,CD4
5657,lymph,0,0,1,CD8
5658,lymph,0,0,0,none
5659,gran,1,0,0,none
5660,lymph,0,0,1,CD4
5661,lymph,0,0,1,CD8
5662,lymph,0,0,1,CD8
5663,lymph,0,0,1,CD4
5664,lymph,0,0,1,CD8
5665,lymph,0,0,0,none
5666,gran,0,0,0,none
5667,debris,0,0,0,none
5668,lymph,0,0,1,CD8
5669,lymph,0,0,1,CD4
5670,lymph,0,0,1,DP
5671,debris,0,0,0,none
5672,mono,0,0,0,none
5673,debris,0,0,0,none
5674,lymph,0,0,0,none
5675,lymph,1,0,1,CD4
5676,debris,0,0,0,none
5677,gran,0,0,0,none
5678,lymph,0,0,0,none
5679,mono,0,0,0,none
5680,gran,0,0,0,none
5681,lymph,0,0,0,none
5682,gran,0,0,0,none
5683,lymph,0,0,1,CD8
5684,lymph,0,0,1,CD4
5685,lymph,0,0,1,CD4
5686,lymph,0,0,0,none
5687,gran,0,0,0,none
5688,lymph,0,0,1,DP
5689,lymph,0,0,1,CD4
5690,lymph,1,0,0,none
5691,lymph,1,0,1,CD8
5692,lymph,0,0,1,CD4
5693,lymph,0,0,1,CD4
5694,gran,0,0,0,none
5695,lymph,0,0,0,none
5696,mono,0,0,0,none
5697,lymph,0,0,1,CD8
5698,mono,0,0,0,none
5699,lymph,0,0,1,CD4
5700,lymph,0,0,1,CD4
5701,lymph,0,0,1,CD4
5702,lymph,0,0,1,CD4
5703,lymph,0,0,0,none
5704,lymph,0,0,0,none
5705,lymph,0,1,1,CD4
5706,gran,0,0,0,none
5707,gran,0,0,0,none
5708,gran,0,0,0,none
5709,gran,0,0,0,none
5710,lymph,0,1,1,CD4
5711,lymph,0,0,0,none
5712,lymph,0,0,0,none
5713,gran,0,0,0,none
5714,lymph,0,0,1,DN
5715,lymph,0,0,0,none
5716,mono,0,0,0,none
5717,lymph,0,0,0,none
5718,lymph,0,0,1,CD4
5719,lymph,1,0,0,none
5720,lymph,1,0,1,CD4
5721,gran,0,0,0,none
5722,lymph,0,0,0,none
5723,lymph,0,0,1,CD4
5724,lymph,0,0,1,CD8
5725,gran,0,0,0,none
5726,mono,0,0,0,none
5727,mono,0,0,0,none
5728,lymph,0,0,0,none
5729,gran,0,0,0,none
5730,lymph,0,0,1,CD8
5731,lymph,0,0,0,none
5732,lymph,0,1,1,CD4
5733,gran,0,0,0,none
5734,lymph,0,0,1,CD4
5735,debris,0,0,0,none
5736,lymph,0,0,1,CD4
5737,lymph,0,0,0,none
5738,lymph,0,0,0,none
5739,debris,0,0,0,none
5740,lymph,0,0,1,CD8
5741,lymph,0,0,1,DP
5742,lymph,0,0,0,none
5743,lymph,0,0,1,CD8
5744,lymph,1,0,1,CD4
5745,debris,0,0,0,none
5746,lymph,0,0,1,CD4
5747,lymph,0,0,0,none
5748,lymph,0,0,1,CD4
5749,mono,0,0,0,none
5750,lymph,0,0,1,CD8
5751,mono,0,0,0,none
5752,debris,0,0,0,none
5753,lymph,0,0,1,CD8
5754,mono,0,0,0,none
5755,mono,0,0,0,none
5756,lymph,0,0,0,none
5757,debris,0,0,0,none
5758,lymph,0,0,1,CD4
5759,gran,0,0,0,none
5760,gran,0,0,0,none
5761,lymph,0,1,1,DP
5762,mono,0,0,0,none
5763,mono,0,0,0,none
5764,mono,0,1,0,none
5765,lymph,0,0,1,CD4
5766,debris,0,0,0,none
5767,gran,0,0,0,none
5768,lymph,0,0,1,CD8
5769,lymph,0,0,1,DP
5770,lymph,0,0,1,CD8
5771,gran,0,0,0,none
5772,lymph,0,0,1,CD8
5773,mono,0,0,0,none
5774,gran,0,0,0,none
5775,lymph,1,0,1,CD8
5776,lymph,0,0,1,CD4
5777,debris,0,0,0,none
5778,mono,0,0,0,none
5779,lymph,0,0,1,CD4
5780,mono,0,1,0,none
5781,lymph,0,0,1,DN
5782,gran,0,0,0,none
5783,debris,0,0,0,none
5784,gran,0,0,0,none
5785,lymph,0,0,0,none
5786,lymph,0,0,1,CD8
5787,lymph,0,0,1,CD4
5788,lymph,0,0,1,CD4
5789,lymph,0,0,1,CD4
5790,debris,0,0,0,none
5791,lymph,0,0,1,CD8
5792,gran,0,0,0,none
5793,lymph,1,0,1,DP
5794,lymph,0,0,0,none
5795,lymph,0,0,0,none
5796,lymph,0,0,1,DN
5797,gran,0,0,0,none
5798,lymph,0,0,1,CD8
5799,mono,0,0,0,none
5800,lymph,0,0,1,CD4
5801,lymph,0,0,1,CD4
5802,lymph,0,0,0,none
5803,lymph,0,0,1,CD4
5804,gran,0,0,0,none
5805,lymph,0,0,1,CD4
5806,lymph,0,0,1,CD8
5807,lymph,0,0,1,CD8
5808,mono,0,0,0,none
5809,lymph,1,1,1,CD4
5810,lymph,0,0,0,none
5811,mono,0,0,0,none
5812,debris,0,0,0,none
5813,lymph,0,0,1,CD4
5814,lymph,0,0,1,DP
5815,lymph,0,0,1,CD4
5816,debris,0,0,0,none
5817,lymph,0,0,1,CD4
5818,lymph,1,0,1,CD4
5819,lymph,1,0,0,none
5820,lymph,0,0,1,CD4
5821,lymph,0,0,1,CD4
5822,lymph,0,0,1,DN
5823,lymph,0,0,1,CD4
5824,lymph,0,0,1,DN
5825,lymph,0,0,1,CD8
5826,gran,0,0,0,none
5827,lymph,0,0,1,CD8
5828,gran,0,0,0,none
5829,gran,0,0,0,none
5830,lymph,1,0,0,none
5831,mono,0,0,0,none
5832,lymph,1,0,1,CD4
5833,mono,0,0,0,none
5834,lymph,0,0,1,CD4
5835,lymph,0,0,1,CD4
5836,gran,0,0,0,none
5837,gran,1,0,0,none
5838,gran,0,0,0,none
5839,lymph,0,1,0,none
5840,debris,0,0,0,none
5841,debris,0,0,0,none
5842,gran,0,0,0,none
5843,lymph,0,0,1,CD4
5844,lymph,0,0,0,none
5845,lymph,0,0,0,none
5846,lymph,0,1,0,none
5847,lymph,0,0,1,CD8
5848,debris,0,0,0,none
5849,lymph,0,0,0,none
5850,lymph,0,0,0,none
5851,debris,0,0,0,none
5852,gran,0,0,0,none
5853,lymph,0,0,0,none
5854,gran,0,0,0,none
5855,mono,0,0,0,none
5856,lymph,0,0,0,none
5857,lymph,0,0,0,none
5858,lymph,0,0,1,CD4
5859,lymph,0,0,0,none
5860,gran,0,0,0,none
5861,debris,0,0,0,none
5862,lymph,0,0,0,none
5863,lymph,1,0,1,CD8
5864,debris,0,0,0,none
5865,lymph,0,0,1,CD4
5866,lymph,0,0,0,none
5867,lymph,0,0,1,CD8
5868,gran,0,0,0,none
5869,debris,0,0,0,none
5870,gran,0,0,0,none
5871,lymph,0,0,0,none
5872,lymph,0,0,1,CD4
5873,lymph,0,1,0,none
5874,gran,0,0,0,none
5875,mono,0,0,0,none
5876,lymph,0,0,0,none
5877,lymph,0,0,1,CD8
5878,lymph,0,0,1,CD4
5879,lymph,0,0,0,none
5880,lymph,0,0,1,CD8
5881,lymph,0,0,0,none
5882,lymph,0,0,0,none
5883,lymph,0,0,1,CD8
5884,gran,0,0,0,none
5885,mono,1,0,0,none
5886,lymph,0,0,1,CD4
5887,lymph,0,0,1,CD4
5888,gran,0,0,0,none
5889,lymph,0,0,1,CD8
5890,lymph,0,0,1,CD4
5891,debris,0,0,0,none
5892,lymph,0,0,0,none
5893,lymph,0,0,1,CD4
5894,mono,0,0,0,none
5895,lymph,0,0,1,DP
5896,mono,0,0,0,none
5897,lymph,0,0,0,none
5898,lymph,0,0,1,CD8
5899,lymph,0,0,1,CD8
5900,gran,0,0,0,none
5901,gran,0,0,0,none
5902,lymph,0,0,0,none
5903,mono,1,0,0,none
5904,gran,0,0,0,none
5905,lymph,0,0,1,DN
5906,lymph,0,0,1,CD4
5907,debris,0,0,0,none
5908,lymph,0,1,1,CD8
5909,lymph,0,0,1,CD8
5910,gran,0,0,0,none
5911,gran,0,0,0,none
5912,lymph,0,0,1,CD4
5913,lymph,0,0,1,CD8
5914,lymph,0,0,1,CD4
5915,lymph,0,0,1,CD8
5916,lymph,0,0,1,CD4
5917,gran,0,1,0,none
5918,lymph,0,0,1,CD8
5919,mono,0,0,0,none
5920,gran,0,0,0,none
5921,lymph,0,0,0,none
5922,mono,0,0,0,none
5923,lymph,0,0,0,none
5924,gran,0,0,0,none
5925,lymph,0,0,1,DP
5926,lymph,0,0,0,none
5927,gran,0,1,0,none
5928,lymph,0,0,1,CD4
5929,debris,0,0,0,none
5930,lymph,1,0,0,none
5931,debris,0,0,0,none
5932,lymph,1,0,1,CD8
5933,lymph,0,0,1,CD8
5934,gran,0,0,0,none
5935,lymph,0,0,0,none
5936,lymph,0,1,0,none
5937,lymph,0,0,0,none
5938,debris,0,0,0,none
5939,lymph,0,0,0,none
5940,lymph,0,0,1,CD4
5941,lymph,0,0,1,CD8
5942,gran,0,0,0,none
5943,gran,0,1,0,none
5944,lymph,0,0,1,CD8
5945,lymph,1,0,1,CD4
5946,gran,0,0,0,none
5947,debris,0,0,0,none
5948,gran,0,0,0,none
5949,gran,0,0,0,none
5950,lymph,0,0,0,none
5951,lymph,0,1,1,CD4
5952,mono,0,0,0,none
5953,gran,0,1,0,none
5954,lymph,0,0,1,CD8
5955,debris,0,0,0,none
5956,lymph,1,0,1,CD4
5957,mono,0,0,0,none
5958,gran,0,0,0,none
5959,debris,0,0,0,none
5960,lymph,0,1,1,DN
5961,lymph,0,0,1,CD8
5962,lymph,0,0,1,CD8
5963,lymph,0,0,1,CD4
5964,gran,0,0,0,none
5965,gran,1,0,0,none
5966,gran,0,0,0,none
5967,mono,0,0,0,none
5968,lymph,0,0,1,DN
5969,lymph,0,1,1,CD8
5970,lymph,0,0,1,CD8
5971,lymph,1,1,0,none
5972,lymph,0,1,1,CD8
5973,debris,0,0,0,none
5974,lymph,0,0,0,none
5975,lymph,0,0,1,CD4
5976,lymph,0,0,1,DN
5977,debris,0,0,0,none
5978,lymph,0,0,1,CD4
5979,lymph,1,0,0,none
5980,debris,0,0,0,none
5981,lymph,0,0,0,none
5982,mono,0,0,0,none
5983,lymph,0,1,0,none
5984,lymph,0,0,1,CD8
5985,lymph,0,0,0,none
5986,mono,1,0,0,none
5987,lymph,1,1,1,CD8
5988,gran,0,0,0,none
5989,lymph,0,0,0,none
5990,mono,0,0,0,none
5991,lymph,0,0,0,none
5992,debris,0,0,0,none
5993,lymph,0,0,1,CD4
5994,lymph,0,0,1,CD4
5995,lymph,0,0,1,CD4
5996,lymph,0,0,1,CD8
5997,lymph,0,0,0,none
5998,mono,0,0,0,none
5999,debris,0,0,0,none
6000,lymph,0,0,1,CD8
6001,lymph,0,0,1,DN
6002,lymph,0,0,0,none
6003,lymph,0,0,1,CD4
6004,gran,0,0,0,none
6005,lymph,0,0,0,none
6006,lymph,0,0,0,none
6007,lymph,0,0,1,CD8
6008,gran,1,0,0,none
6009,lymph,0,0,0,none
6010,lymph,0,0,1,CD8
6011,lymph,0,0,1,CD8
6012,mono,0,0,0,none
6013,debris,0,0,0,none
6014,lymph,0,0,1,DP
6015,mono,0,1,0,none
6016,debris,0,0,0,none
6017,gran,0,0,0,none
6018,lymph,0,0,1,CD4
6019,gran,0,0,0,none
6020,debris,0,0,0,none
6021,lymph,0,0,1,CD4
6022,lymph,0,0,1,CD4
6023,debris,0,0,0,none
6024,lymph,0,0,1,CD4
6025,lymph,0,0,1,CD4
6026,mono,0,0,0,none
6027,lymph,0,0,1,CD8
6028,debris,0,0,0,none
6029,lymph,0,0,1,DP
6030,gran,0,0,0,none
6031,debris,0,0,0,none
6032,debris,0,0,0,none
6033,lymph,0,0,0,none
6034,lymph,0,0,0,none
6035,mono,0,0,0,none
6036,mono,0,0,0,none
6037,debris,0,0,0,none
6038,lymph,0,0,0,none
6039,lymph,0,1,1,CD8
6040,lymph,0,1,1,CD8
6041,gran,0,0,0,none
6042,lymph,0,0,1,CD8
6043,lymph,0,0,1,DP
6044,gran,0,0,0,none
6045,lymph,0,0,1,CD8
6046,lymph,0,0,0,none
6047,lymph,1,0,1,CD8
6048,lymph,0,0,0,none
6049,lymph,0,0,1,CD4
6050,gran,1,0,0,none
6051,gran,0,0,0,none
6052,lymph,0,0,1,CD8
6053,lymph,0,0,1,DP
6054,lymph,0,0,0,none
6055,lymph,0,0,0,none
6056,lymph,0,0,1,CD4
6057,gran,0,0,0,none
6058,debris,0,0,0,none
6059,mono,1,0,0,none
6060,gran,0,0,0,none
6061,lymph,0,0,1,CD4
6062,debris,0,0,0,none
6063,lymph,0,0,1,CD4
6064,lymph,0,0,1,CD8
6065,debris,0,0,0,none
6066,mono,0,0,0,none
6067,gran,0,0,0,none
6068,lymph,0,0,1,CD8
6069,lymph,0,0,1,CD8
6070,lymph,1,0,1,DN
6071,lymph,0,0,1,DP
6072,gran,0,1,0,none
6073,lymph,0,0,0,none
6074,lymph,0,0,0,none
6075,lymph,1,0,0,none
6076,lymph,0,0,1,CD4
6077,lymph,0,0,1,CD8
6078,mono,0,0,0,none
6079,lymph,0,0,1,CD4
6080,lymph,0,0,1,CD4
6081,lymph,0,0,0,none
6082,gran,0,0,0,none
6083,lymph,0,0,0,none
6084,lymph,0,0,1,CD4
6085,lymph,0,0,1,CD8
6086,lymph,0,0,1,CD4
6087,lymph,0,0,1,CD4
6088,lymph,0,0,0,none
6089,lymph,0,0,1,CD4
6090,gran,0,0,0,none
6091,lymph,0,0,0,none
6092,debris,0,0,0,none
6093,mono,0,0,0,none
6094,lymph,0,0,1,CD8
6095,lymph,0,0,1,CD4
6096,lymph,0,0,0,none
6097,lymph,0,0,1,CD8
6098,lymph,1,0,1,CD8
6099,debris,0,0,0,none
6100,debris,0,0,0,none
6101,mono,0,0,0,none
6102,lymph,0,0,1,CD4
6103,lymph,0,0,1,CD4
6104,gran,0,0,0,none
6105,debris,0,0,0,none
6106,lymph,0,0,1,CD8
6107,mono,1,0,0,none
6108,lymph,0,0,0,none
6109,lymph,0,0,1,CD4
6110,lymph,0,0,1,CD4
6111,lymph,0,0,1,CD8
6112,lymph,0,0,1,CD8
6113,lymph,0,0,0,none
6114,lymph,0,0,1,CD8
6115,gran,0,0,0,none
6116,lymph,0,0,1,CD4
6117,gran,0,0,0,none
6118,mono,0,0,0,none
6119,lymph,0,0,1,CD8
6120,gran,0,0,0,none
6121,debris,0,0,0,none
6122,lymph,0,0,1,CD8
6123,lymph,0,0,1,CD8
6124,debris,0,0,0,none
6125,lymph,0,1,1,CD8
6126,lymph,0,0,0,none
6127,lymph,0,0,0,none
6128,lymph,0,0,0,none
6129,lymph,0,0,1,CD4
6130,lymph,0,0,1,CD8
6131,lymph,0,0,1,CD4
6132,gran,0,0,0,none
6133,gran,0,0,0,none
6134,mono,0,0,0,none
6135,lymph,0,0,0,none
6136,gran,0,0,0,none
6137,debris,0,0,0,none
6138,gran,0,0,0,none
6139,debris,0,0,0,none
6140,lymph,0,0,1,CD4
6141,lymph,0,0,1,CD4
6142,lymph,0,0,0,none
6143,lymph,0,1,1,CD4
6144,gran,0,0,0,none
6145,lymph,0,0,0,none
6146,debris,0,0,0,none
6147,lymph,0,0,1,CD4
6148,lymph,0,0,0,none
6149,lymph,0,0,1,CD8
6150,lymph,0,0,0,none
6151,gran,1,0,0,none
6152,lymph,0,0,0,none
6153,lymph,0,0,1,CD4
6154,gran,0,0,0,none
6155,debris,0,0,0,none
6156,lymph,0,0,1,CD4
6157,lymph,0,0,1,CD8
6158,lymph,0,0,0,none
6159,lymph,0,0,1,CD8
6160,gran,0,0,0,none
6161,mono,0,0,0,none
6162,gran,0,0,0,none
6163,lymph,1,0,0,none
6164,gran,0,0,0,none
6165,lymph,0,0,1,CD4
6166,lymph,0,0,1,CD8
6167,gran,0,0,0,none
6168,gran,0,0,0,none
6169,lymph,0,0,1,CD8
6170,lymph,0,0,1,CD8
6171,lymph,0,0,1,CD4
6172,mono,0,0,0,none
6173,lymph,0,0,0,none
6174,lymph,0,0,1,CD8
6175,debris,0,0,0,none
6176,lymph,0,0,0,none
6177,lymph,0,0,0,none
6178,lymph,0,0,1,CD4
6179,lymph,0,0,1,CD8
6180,lymph,0,0,1,DN
6181,lymph,0,0,0,none
6182,mono,0,0,0,none
6183,lymph,0,0,0,none
6184,lymph,0,0,0,none
6185,lymph,0,0,0,none
6186,debris,0,0,0,none
6187,gran,0,0,0,none
6188,lymph,0,0,1,CD4
6189,debris,0,0,0,none
6190,lymph,0,0,1,CD4
6191,gran,0,0,0,none
6192,lymph,0,0,1,CD8
6193,lymph,0,0,1,DP
6194,gran,0,0,0,none
6195,lymph,0,0,1,CD4
6196,lymph,0,0,1,DP
6197,lymph,0,0,0,none
6198,lymph,0,0,1,CD8
6199,mono,0,0,0,none
6200,lymph,0,0,0,none
6201,lymph,0,0,0,none
6202,lymph,1,0,1,DP
6203,lymph,1,0,1,CD4
6204,gran,0,1,0,none
6205,lymph,0,0,1,CD4
6206,debris,0,0,0,none
6207,lymph,0,0,1,CD8
6208,lymph,0,0,0,none
6209,gran,0,0,0,none
6210,lymph,0,0,1,CD4
6211,lymph,0,0,1,DN
6212,lymph,0,0,1,CD8
6213,lymph,0,0,1,CD4
6214,lymph,0,0,1,CD8
6215,lymph,0,0,1,CD4
6216,lymph,0,0,1,CD4
6217,lymph,0,0,1,CD4
6218,lymph,0,0,1,CD4
6219,lymph,0,1,0,none
6220,lymph,0,0,1,CD4
6221,lymph,0,0,1,DP
6222,gran,0,0,0,none
6223,lymph,0,0,1,CD4
6224,gran,0,0,0,none
6225,gran,0,0,0,none
6226,lymph,0,0,1,CD4
6227,lymph,0,0,1,CD8
6228,lymph,0,0,1,CD4
6229,lymph,0,0,0,none
6230,lymph,0,0,1,CD4
6231,lymph,0,0,1,CD8
6232,lymph,0,0,1,CD4
6233,mono,0,0,0,none
6234,debris,0,0,0,none
6235,lymph,0,0,0,none
6236,mono,0,1,0,none
6237,debris,0,0,0,none
6238,lymph,0,0,0,none
6239,lymph,0,0,0,none
6240,gran,0,0,0,none
6241,gran,0,0,0,none
6242,lymph,0,0,0,none
6243,lymph,0,0,1,DN
6244,lymph,0,0,0,none
6245,lymph,0,0,1,DP
6246,mono,0,0,0,none
6247,lymph,0,0,1,DN
6248,lymph,0,0,1,CD4
6249,lymph,0,0,0,none
6250,mono,0,0,0,none
6251,gran,0,0,0,none
6252,gran,0,0,0,none
6253,lymph,0,0,1,DN
6254,lymph,0,1,1,CD8
6255,mono,0,0,0,none
6256,debris,0,0,0,none
6257,lymph,1,0,0,none
6258,gran,0,0,0,none
6259,mono,0,0,0,none
6260,gran,0,0,0,none
6261,gran,0,0,0,none
6262,lymph,0,1,1,CD4
6263,lymph,0,0,1,CD8
6264,lymph,0,0,1,CD4
6265,gran,0,0,0,none
6266,debris,0,0,0,none
6267,debris,0,0,0,none
6268,lymph,0,0,1,DP
6269,gran,0,0,0,none
6270,lymph,0,0,0,none
6271,mono,0,0,0,none
6272,debris,0,0,0,none
6273,lymph,0,0,1,DN
6274,lymph,0,1,1,DP
6275,lymph,0,0,1,CD4
6276,gran,0,0,0,none
6277,lymph,0,0,1,CD8
6278,mono,0,0,0,none
6279,lymph,0,0,1,CD8
6280,debris,0,0,0,none
6281,lymph,0,0,1,CD8
6282,lymph,0,0,1,CD8
6283,gran,0,0,0,none
6284,mono,0,0,0,none
6285,gran,0,0,0,none
6286,lymph,0,0,1,CD4
6287,lymph,0,0,0,none
6288,lymph,0,0,1,CD8
6289,lymph,0,0,1,CD8
6290,debris,0,0,0,none
6291,gran,0,0,0,none
6292,mono,0,0,0,none
6293,debris,0,0,0,none
6294,debris,0,0,0,none
6295,debris,0,0,0,none
6296,lymph,0,0,1,CD4
6297,mono,0,0,0,none
6298,debris,0,0,0,none
6299,lymph,0,0,1,DP
6300,lymph,0,0,1,CD4
6301,debris,0,0,0,none
6302,lymph,0,0,1,CD8
6303,lymph,0,0,1,CD8
6304,lymph,0,0,1,CD4
6305,lymph,0,0,0,none
6306,lymph,0,0,0,none
6307,lymph,0,0,1,CD8
6308,lymph,0,0,0,none
6309,gran,0,0,0,none
6310,mono,0,0,0,none
6311,mono,0,0,0,none
6312,gran,0,0,0,none
6313,gran,0,0,0,none
6314,lymph,0,0,1,CD4
6315,lymph,0,0,1,CD4
6316,gran,0,0,0,none
6317,lymph,0,0,1,CD8
6318,debris,0,0,0,none
6319,lymph,0,0,0,none
6320,lymph,1,0,1,DN
6321,lymph,0,0,1,CD8
6322,gran,0,0,0,none
6323,lymph,0,0,0,none
6324,debris,0,0,0,none
6325,lymph,0,0,0,none
6326,lymph,0,0,1,DN
6327,gran,0,0,0,none
6328,gran,1,0,0,none
6329,lymph,0,0,1,DN
6330,lymph,0,0,1,CD4
6331,lymph,0,0,1,CD8
6332,lymph,0,0,1,CD4
6333,lymph,0,0,1,CD4
6334,lymph,0,0,0,none
6335,lymph,0,0,0,none
6336,lymph,0,0,1,DP
6337,lymph,0,0,0,none
6338,mono,0,0,0,none
6339,gran,0,0,0,none
6340,mono,0,0,0,none
6341,lymph,0,1,0,none
6342,lymph,0,0,1,CD4
6343,lymph,0,1,1,CD4
6344,lymph,0,0,1,CD4
6345,mono,0,0,0,none
6346,lymph,0,0,0,none
6347,debris,0,0,0,none
6348,gran,0,0,0,none
6349,mono,1,0,0,none
6350,lymph,0,0,0,none
6351,lymph,0,0,0,none
6352,lymph,0,0,1,CD4
6353,gran,0,0,0,none
6354,lymph,0,0,1,CD4
6355,debris,0,0,0,none
6356,lymph,0,0,1,CD4
6357,mono,0,0,0,none
6358,debris,0,0,0,none
6359,lymph,0,0,0,none
6360,mono,0,0,0,none
6361,lymph,0,0,0,none
6362,lymph,0,0,1,CD4
6363,gran,0,0,0,none
6364,lymph,0,0,1,CD4
6365,lymph,0,0,1,CD4
6366,lymph,0,0,1,CD8
6367,gran,0,0,0,none
6368,lymph,0,0,1,CD8
6369,gran,0,0,0,none
6370,lymph,0,0,1,CD8
6371,mono,0,0,0,none
6372,gran,0,0,0,none
6373,gran,0,0,0,none
6374,lymph,0,0,1,CD4
6375,mono,0,0,0,none
6376,gran,0,0,0,none
6377,mono,0,0,0,none
6378,lymph,0,0,1,CD8
6379,mono,0,0,0,none
6380,mono,0,0,0,none
6381,lymph,0,0,1,CD4
6382,lymph,0,0,0,none
6383,gran,0,0,0,none
6384,gran,0,0,0,none
6385,lymph,0,0,1,CD4
6386,gran,0,0,0,none
6387,lymph,0,0,1,CD4
6388,gran,0,0,0,none
6389,gran,0,0,0,none
6390,lymph,0,0,1,CD4
6391,lymph,0,0,0,none
6392,gran,0,0,0,none
6393,lymph,0,0,0,none
6394,lymph,0,0,1,CD4
6395,lymph,0,0,1,CD8
6396,lymph,0,0,1,CD4
6397,lymph,0,0,0,none
6398,lymph,0,0,1,DN
6399,lymph,0,0,1,CD8
6400,lymph,0,0,1,CD8
6401,lymph,0,0,1,DP
6402,lymph,0,1,0,none
6403,debris,0,0,0,none
6404,lymph,0,0,0,none
6405,lymph,0,0,1,CD8
6406,lymph,0,0,1,CD4
6407,mono,0,0,0,none
6408,lymph,0,0,0,none
6409,gran,0,0,0,none
6410,lymph,0,0,0,none
6411,lymph,0,1,1,CD4
6412,lymph,1,0,0,none
6413,debris,0,0,0,none
6414,gran,0,0,0,none
6415,debris,0,0,0,none
6416,lymph,0,0,1,CD8
6417,gran,0,0,0,none
6418,lymph,0,0,0,none
6419,lymph,0,0,1,CD8
6420,lymph,0,0,1,CD4
6421,lymph,0,0,1,CD8
6422,lymph,1,0,0,none
6423,lymph,0,0,1,CD8
6424,lymph,0,0,0,none
6425,lymph,0,0,1,DN
6426,gran,0,0,0,none
6427,lymph,0,0,1,CD8
6428,lymph,0,0,1,CD4
6429,lymph,0,0,1,CD8
6430,lymph,0,0,1,CD8
6431,debris,0,0,0,none
6432,lymph,1,0,1,CD4
6433,lymph,0,1,0,none
6434,debris,0,0,0,none
6435,mono,0,0,0,none
6436,lymph,0,0,1,CD8
6437,mono,0,0,0,none
6438,lymph,0,0,1,CD4
6439,gran,0,0,0,none
6440,mono,0,0,0,none
6441,gran,0,0,0,none
6442,lymph,0,0,1,CD4
6443,debris,0,0,0,none
6444,lymph,0,0,0,none
6445,lymph,0,0,1,CD4
6446,lymph,0,0,1,CD4
6447,lymph,0,0,1,CD8
6448,gran,0,0,0,none
6449,mono,0,0,0,none
6450,lymph,0,0,1,CD4
6451,lymph,0,0,1,DN
6452,lymph,0,0,1,CD8
6453,lymph,0,0,0,none
6454,lymph,0,0,0,none
6455,lymph,0,0,1,CD8
6456,lymph,0,0,1,DN
6457,lymph,0,0,0,none
6458,lymph,0,0,1,CD4
6459,lymph,0,0,1,CD4
6460,lymph,1,0,1,CD8
6461,lymph,0,0,1,CD8
6462,lymph,0,0,0,none
6463,lymph,0,0,0,none
6464,debris,0,0,0,none
6465,lymph,0,0,1,DN
6466,gran,0,0,0,none
6467,lymph,0,0,1,DN
6468,lymph,0,0,1,CD4
6469,debris,0,0,0,none
6470,lymph,0,0,1,CD4
6471,lymph,0,0,1,DP
6472,lymph,0,0,1,CD8
6473,lymph,0,0,1,CD4
6474,lymph,1,0,1,CD8
6475,lymph,0,0,1,CD4
6476,lymph,0,0,1,CD8
6477,gran,0,0,0,none
6478,lymph,0,0,1,CD4
6479,lymph,0,0,1,CD4
6480,lymph,1,0,1,CD8
6481,lymph,0,0,1,CD8
6482,mono,0,0,0,none
6483,gran,0,0,0,none
6484,gran,0,0,0,none
6485,lymph,0,0,1,CD4
6486,lymph,0,0,1,CD8
6487,lymph,0,0,1,CD4
6488,lymph,1,0,0,none
6489,gran,0,0,0,none
6490,lymph,0,0,0,none
6491,lymph,0,0,1,CD8
6492,gran,0,0,0,none
6493,mono,0,0,0,none
6494,lymph,0,0,0,none
6495,lymph,0,0,1,CD8
6496,mono,0,0,0,none
6497,lymph,0,0,1,CD8
6498,lymph,0,0,1,CD4
6499,lymph,0,0,1,CD4
6500,lymph,0,0,0,none
6501,lymph,0,0,0,none
6502,gran,0,0,0,none
6503,lymph,1,0,1,CD4
6504,lymph,0,0,1,CD8
6505,gran,0,0,0,none
6506,debris,0,0,0,none
6507,lymph,0,0,1,CD4
6508,gran,0,0,0,none
6509,lymph,0,0,0,none
6510,lymph,0,0,1,CD4
6511,lymph,0,0,0,none
6512,lymph,0,0,1,DN
6513,debris,0,0,0,none
6514,mono,0,1,0,none
6515,lymph,0,0,1,CD4
6516,lymph,0,0,0,none
6517,lymph,0,1,0,none
6518,mono,0,0,0,none
6519,debris,0,0,0,none
6520,lymph,0,0,1,DP
6521,debris,0,0,0,none
6522,lymph,0,0,1,CD8
6523,mono,0,0,0,none
6524,gran,0,0,0,none
6525,lymph,0,0,1,CD4
6526,lymph,0,0,1,CD4
6527,lymph,1,0,1,DN
6528,lymph,0,0,1,CD8
6529,gran,0,0,0,none
6530,lymph,0,0,1,CD8
6531,debris,0,0,0,none
6532,lymph,0,0,1,CD8
6533,lymph,0,0,1,DN
6534,gran,0,0,0,none
6535,lymph,0,1,0,none
6536,lymph,0,0,1,CD4
6537,lymph,0,0,1,CD8
6538,debris,0,0,0,none
6539,lymph,0,0,1,DN
6540,gran,0,0,0,none
6541,lymph,0,0,0,none
6542,debris,0,0,0,none
6543,debris,0,0,0,none
6544,lymph,0,0,0,none
6545,lymph,0,1,1,CD8
6546,lymph,0,0,1,CD8
6547,debris,0,0,0,none
6548,gran,0,0,0,none
6549,lymph,0,0,0,none
6550,lymph,0,0,0,none
6551,debris,0,0,0,none
6552,gran,0,0,0,none
6553,gran,0,0,0,none
6554,lymph,0,0,1,CD4
6555,mono,0,0,0,none
6556,lymph,0,0,1,CD4
6557,mono,0,1,0,none
6558,lymph,0,0,0,none
6559,gran,0,0,0,none
6560,lymph,0,0,1,CD8
6561,gran,0,0,0,none
6562,mono,0,0,0,none
6563,mono,0,0,0,none
6564,lymph,1,0,1,CD4
6565,lymph,0,0,1,CD4
6566,lymph,0,0,0,none
6567,lymph,0,0,1,CD8
6568,lymph,0,0,0,none
6569,lymph,0,0,1,CD4
6570,debris,0,0,0,none
6571,mono,0,0,0,none
6572,debris,0,0,0,none
6573,gran,0,1,0,none
6574,gran,0,0,0,none
6575,lymph,0,0,1,CD4
6576,lymph,0,0,0,none
6577,debris,0,0,0,none
6578,lymph,0,1,1,DN
6579,lymph,0,0,1,CD4
6580,mono,0,0,0,none
6581,lymph,0,0,1,CD4
6582,lymph,1,0,1,CD4
6583,gran,0,0,0,none
6584,debris,0,0,0,none
6585,lymph,0,0,0,none
6586,gran,0,0,0,none
6587,lymph,0,0,0,none
6588,lymph,0,0,0,none
6589,lymph,0,0,1,CD8
6590,lymph,0,0,1,CD4
6591,lymph,0,0,0,none
6592,lymph,0,0,1,CD4
6593,lymph,0,0,0,none
6594,lymph,0,0,1,CD8
6595,lymph,0,0,1,CD4
6596,lymph,0,0,1,CD8
6597,lymph,0,1,1,CD8
6598,lymph,0,0,0,none
6599,debris,0,0,0,none
6600,lymph,0,0,1,CD4
6601,gran,1,0,0,none
6602,lymph,0,0,0,none
6603,lymph,0,0,1,DN
6604,mono,0,0,0,none
6605,mono,0,0,0,none
6606,lymph,1,0,1,DN
6607,mono,0,0,0,none
6608,lymph,0,0,1,CD4
6609,mono,0,0,0,none
6610,lymph,0,0,1,CD4
6611,lymph,0,0,1,CD8
6612,lymph,0,0,0,none
6613,mono,0,0,0,none
6614,gran,0,0,0,none
6615,lymph,0,0,1,CD4
6616,gran,0,0,0,none
6617,lymph,0,0,1,CD8
6618,lymph,0,0,1,CD8
6619,lymph,0,0,0,none
6620,mono,0,0,0,none
6621,lymph,0,0,1,DN
6622,lymph,0,1,1,CD4
6623,debris,0,0,0,none
6624,lymph,1,0,1,CD4
6625,lymph,0,0,1,CD4
6626,mono,0,0,0,none
6627,gran,0,0,0,none
6628,lymph,0,0,1,CD8
6629,lymph,0,0,1,CD4
6630,gran,0,0,0,none
6631,lymph,0,0,0,none
6632,gran,0,0,0,none
6633,mono,0,0,0,none
6634,lymph,0,0,1,CD8
6635,lymph,0,0,0,none
6636,lymph,0,0,0,none
6637,lymph,0,0,0,none
6638,lymph,0,0,0,none
6639,mono,0,0,0,none
6640,lymph,0,0,1,DP
6641,gran,0,0,0,none
6642,lymph,0,0,1,CD8
6643,mono,0,0,0,none
6644,lymph,0,0,0,none
6645,gran,0,0,0,none
6646,lymph,0,0,1,CD8
6647,lymph,0,0,1,CD8
6648,mono,0,1,0,none
6649,lymph,0,0,1,CD4
6650,debris,0,0,0,none
6651,mono,0,0,0,none
6652,lymph,0,0,1,CD4
6653,lymph,0,0,0,none
6654,mono,0,0,0,none
6655,lymph,0,0,1,CD8
6656,lymph,0,0,1,CD8
6657,debris,0,0,0,none
6658,debris,0,0,0,none
6659,debris,0,0,0,none
6660,debris,0,0,0,none
6661,gran,0,0,0,none
6662,lymph,1,0,1,CD4
6663,mono,0,0,0,none
6664,lymph,0,0,1,CD8
6665,lymph,0,0,1,CD8
6666,lymph,0,0,1,CD4
6667,lymph,0,0,1,CD8
6668,gran,0,0,0,none
6669,lymph,0,0,1,CD4
6670,lymph,0,0,1,CD8
6671,lymph,0,1,1,CD8
6672,lymph,0,0,1,CD8
6673,gran,0,0,0,none
6674,gran,0,0,0,none
6675,debris,0,0,0,none
6676,lymph,0,0,0,none
6677,lymph,0,0,1,CD8
6678,lymph,0,1,0,none
6679,debris,0,0,0,none
6680,lymph,0,1,1,CD4
6681,lymph,0,0,1,CD8
6682,lymph,0,0,0,none
6683,lymph,0,1,0,none
6684,debris,0,0,0,none
6685,lymph,0,0,1,CD4
6686,gran,0,0,0,none
6687,mono,0,0,0,none
6688,lymph,0,0,1,CD4
6689,lymph,0,0,1,CD8
6690,lymph,0,0,1,CD8
6691,lymph,1,0,1,DN
6692,lymph,0,0,1,CD4
6693,lymph,0,0,0,none
6694,lymph,1,0,1,CD8
6695,gran,0,0,0,none
6696,lymph,0,0,1,CD8
6697,lymph,0,0,1,CD4
6698,lymph,0,0,1,CD8
6699,lymph,0,0,1,CD8
6700,lymph,0,0,1,CD4
6701,lymph,0,0,1,CD4
6702,debris,0,0,0,none
6703,lymph,0,0,1,CD4
6704,lymph,0,0,1,CD4
6705,lymph,0,0,0,none
6706,mono,0,0,0,none
6707,mono,0,0,0,none
6708,lymph,0,0,1,CD8
6709,lymph,0,0,1,CD8
6710,lymph,0,0,1,CD4
6711,lymph,0,0,1,CD4
6712,lymph,0,0,1,CD4
6713,lymph,0,0,0,none
6714,debris,0,0,0,none
6715,gran,0,0,0,none
6716,lymph,0,0,1,CD8
6717,lymph,0,0,0,none
6718,mono,0,0,0,none
6719,lymph,0,0,1,CD8
6720,mono,0,0,0,none
6721,lymph,0,0,1,CD4
6722,lymph,0,0,1,CD8
6723,gran,0,0,0,none
6724,lymph,1,0,1,CD8
6725,lymph,0,0,1,CD8
6726,mono,0,0,0,none
6727,gran,0,0,0,none
6728,gran,1,0,0,none
6729,mono,0,0,0,none
6730,lymph,0,0,1,CD4
6731,mono,0,0,0,none
6732,lymph,0,0,0,none
6733,lymph,0,1,0,none
6734,gran,0,0,0,none
6735,lymph,0,0,0,none
6736,mono,0,0,0,none
6737,lymph,0,1,1,CD8
6738,lymph,1,0,0,none
6739,debris,0,0,0,none
6740,gran,0,0,0,none
6741,lymph,0,0,0,none
6742,gran,0,0,0,none
6743,gran,0,0,0,none
6744,lymph,0,0,0,none
6745,gran,0,0,0,none
6746,lymph,0,0,1,CD8
6747,lymph,0,0,1,CD4
6748,gran,1,0,0,none
6749,lymph,0,0,1,CD4
6750,gran,0,0,0,none
6751,mono,0,1,0,none
6752,lymph,1,0,0,none
6753,mono,0,0,0,none
6754,lymph,0,1,1,CD8
6755,lymph,0,0,1,CD8
6756,lymph,0,0,0,none
6757,gran,0,0,0,none
6758,lymph,0,0,1,DP
6759,debris,0,0,0,none
6760,debris,0,0,0,none
6761,debris,0,0,0,none
6762,lymph,0,0,1,CD4
6763,lymph,0,0,0,none
6764,mono,0,0,0,none
6765,debris,0,0,0,none
6766,lymph,0,1,0,none
6767,lymph,0,0,1,CD4
6768,debris,0,0,0,none
6769,lymph,0,0,0,none
6770,lymph,0,0,1,CD4
6771,mono,0,0,0,none
6772,lymph,0,1,1,CD4
6773,lymph,0,1,1,CD4
6774,lymph,1,0,0,none
6775,gran,0,0,0,none
6776,debris,0,0,0,none
6777,lymph,0,0,1,CD8
6778,lymph,0,0,0,none
6779,gran,0,0,0,none
6780,mono,0,0,0,none
6781,lymph,0,0,0,none
6782,mono,0,0,0,none
6783,lymph,0,0,0,none
6784,lymph,0,0,1,CD8
6785,lymph,0,0,1,CD8
6786,mono,0,0,0,none
6787,mono,0,0,0,none
6788,lymph,0,0,0,none
6789,lymph,0,0,1,CD4
6790,lymph,0,0,0,none
6791,gran,0,0,0,none
6792,gran,0,0,0,none
6793,lymph,0,0,0,none
6794,gran,0,0,0,none
6795,lymph,0,0,1,CD4
6796,debris,0,0,0,none
6797,mono,0,0,0,none
6798,lymph,0,0,0,none
6799,lymph,0,0,1,CD8
6800,debris,0,0,0,none
6801,lymph,1,0,0,none
6802,lymph,0,0,1,CD8
6803,debris,0,0,0,none
6804,lymph,0,0,1,CD4
6805,lymph,0,0,1,DP
6806,lymph,0,0,1,CD4
6807,lymph,0,0,0,none
6808,mono,0,0,0,none
6809,lymph,0,0,1,CD4
6810,lymph,0,0,1,DP
6811,lymph,0,0,1,CD8
6812,lymph,0,0,1,CD4
6813,mono,0,1,0,none
6814,lymph,0,0,1,CD8
6815,gran,0,0,0,none
6816,lymph,0,0,1,CD4
6817,lymph,0,0,1,CD8
6818,lymph,0,0,1,CD4
6819,debris,0,0,0,none
6820,gran,0,0,0,none
6821,lymph,0,0,1,CD4
6822,lymph,0,0,1,CD8
6823,lymph,0,0,1,CD4
6824,lymph,0,0,1,DN
6825,lymph,0,0,0,none
6826,debris,0,0,0,none
6827,lymph,0,0,1,DP
6828,lymph,0,0,1,DN
6829,lymph,1,0,1,CD4
6830,debris,0,0,0,none
6831,lymph,0,0,1,CD4
6832,gran,0,0,0,none
6833,gran,1,1,0,none
6834,lymph,0,0,0,none
6835,lymph,0,1,1,CD4
6836,lymph,0,0,1,CD8
6837,debris,0,0,0,none
6838,mono,0,0,0,none
6839,lymph,0,0,1,CD8
6840,debris,0,0,0,none
6841,debris,0,0,0,none
6842,debris,0,0,0,none
6843,gran,0,0,0,none
6844,lymph,1,0,1,CD4
6845,lymph,1,1,0,none
6846,lymph,0,0,1,DN
6847,mono,0,0,0,none
6848,lymph,0,0,0,none
6849,lymph,0,0,0,none
6850,lymph,0,0,1,CD8
6851,debris,0,0,0,none
6852,lymph,0,0,1,CD4
6853,mono,0,0,0,none
6854,mono,0,0,0,none
6855,lymph,1,0,1,CD4
6856,mono,0,0,0,none
6857,lymph,1,0,1,CD4
6858,lymph,0,0,0,none
6859,lymph,0,1,1,CD4
6860,lymph,0,0,0,none
6861,lymph,0,0,1,CD4
6862,mono,0,0,0,none
6863,mono,0,0,0,none
6864,mono,0,0,0,none
6865,gran,0,0,0,none
6866,lymph,0,1,1,CD4
6867,lymph,0,0,1,CD4
6868,mono,0,0,0,none
6869,lymph,0,0,1,DN
6870,lymph,0,0,1,DN
6871,gran,0,0,0,none
6872,lymph,0,0,1,CD8
6873,lymph,1,0,1,DN
6874,lymph,0,0,0,none
6875,mono,0,0,0,none
6876,mono,0,0,0,none
6877,lymph,0,0,0,none
6878,lymph,0,0,1,CD4
6879,lymph,1,0,0,none
6880,debris,0,0,0,none
6881,lymph,0,0,1,CD4
6882,lymph,0,0,0,none
6883,lymph,1,0,1,CD4
6884,debris,0,0,0,none
6885,lymph,0,0,1,CD4
6886,gran,0,0,0,none
6887,debris,0,0,0,none
6888,lymph,0,0,1,CD4
6889,debris,0,0,0,none
6890,lymph,0,0,1,CD4
6891,mono,0,1,0,none
6892,mono,0,0,0,none
6893,debris,0,0,0,none
6894,lymph,0,0,1,CD4
6895,lymph,0,0,0,none
6896,lymph,0,0,1,CD8
6897,gran,0,0,0,none
6898,mono,0,0,0,none
6899,mono,0,0,0,none
6900,debris,0,0,0,none
6901,lymph,0,0,1,CD4
6902,lymph,0,0,1,CD4
6903,debris,0,0,0,none
6904,lymph,0,0,1,CD4
6905,lymph,0,0,1,CD4
6906,lymph,0,0,1,CD8
6907,gran,0,0,0,none
6908,lymph,0,0,0,none
6909,lymph,0,0,1,CD4
6910,debris,0,0,0,none
6911,lymph,0,0,1,CD8
6912,gran,0,0,0,none
6913,debris,0,0,0,none
6914,gran,0,0,0,none
6915,gran,0,0,0,none
6916,lymph,0,0,1,CD8
6917,gran,0,0,0,none
6918,lymph,0,0,1,CD8
6919,lymph,1,0,0,none
6920,gran,0,0,0,none
6921,lymph,0,0,1,CD8
6922,gran,0,0,0,none
6923,lymph,0,0,1,CD8
6924,lymph,0,0,1,CD4
6925,lymph,0,0,1,CD4
6926,gran,0,0,0,none
6927,lymph,0,0,1,CD8
6928,lymph,0,0,1,CD8
6929,lymph,0,0,0,none
6930,lymph,0,0,0,none
6931,lymph,0,0,1,CD8
6932,lymph,0,0,1,CD4
6933,mono,0,0,0,none
6934,lymph,0,0,1,CD8
6935,lymph,0,1,0,none
6936,lymph,0,0,0,none
6937,lymph,0,0,1,CD8
6938,gran,0,0,0,none
6939,debris,0,0,0,none
6940,lymph,0,0,0,none
6941,lymph,0,0,0,none
6942,gran,0,1,0,none
6943,mono,0,0,0,none
6944,lymph,0,0,1,CD8
6945,gran,1,0,0,none
6946,lymph,0,0,1,CD8
6947,gran,0,0,0,none
6948,lymph,0,0,0,none
6949,lymph,0,0,1,CD4
6950,lymph,0,0,0,none
6951,lymph,0,0,1,CD8
6952,lymph,0,0,0,none
6953,lymph,1,0,1,CD4
6954,lymph,0,0,0,none
6955,debris,0,0,0,none
6956,lymph,0,0,0,none
6957,lymph,0,0,1,DN
6958,mono,0,0,0,none
6959,lymph,0,0,1,CD8
6960,lymph,0,0,1,CD8
6961,gran,0,0,0,none
6962,debris,0,0,0,none
6963,lymph,0,1,1,CD8
6964,mono,0,1,0,none
6965,gran,0,0,0,none
6966,gran,0,0,0,none
6967,lymph,0,0,1,CD8
6968,lymph,0,0,1,DN
6969,lymph,0,0,1,CD4
6970,lymph,0,0,1,CD4
6971,lymph,1,0,1,CD8
6972,lymph,0,0,1,CD4
6973,lymph,0,0,0,none
6974,lymph,0,0,1,CD8
6975,lymph,0,0,1,CD4
6976,gran,0,0,0,none
6977,lymph,0,0,0,none
6978,debris,0,0,0,none
6979,lymph,0,0,1,CD4
6980,lymph,0,0,0,none
6981,lymph,0,0,1,CD4
6982,lymph,0,1,1,CD4
6983,lymph,0,0,0,none
6984,lymph,0,0,1,CD4
6985,lymph,0,1,0,none
6986,lymph,0,0,1,CD8
6987,gran,0,1,0,none
6988,gran,0,0,0,none
6989,lymph,0,0,0,none
6990,lymph,0,0,0,none
6991,lymph,0,0,1,CD8
6992,lymph,0,0,1,CD4
6993,lymph,0,0,1,CD8
6994,lymph,0,0,1,CD4
6995,lymph,1,0,1,DN
6996,lymph,0,0,1,CD8
6997,lymph,0,0,1,CD4
6998,gran,1,0,0,none
6999,gran,0,0,0,none
7000,debris,0,0,0,none
7001,lymph,0,0,1,CD4
7002,lymph,0,0,1,CD8
7003,debris,0,0,0,none
7004,debris,0,0,0,none
7005,lymph,0,0,1,DN
7006,lymph,1,0,1,DN
7007,lymph,0,0,0,none
7008,lymph,0,0,0,none
7009,lymph,0,0,1,CD4
7010,gran,1,0,0,none
7011,lymph,0,0,0,none
7012,lymph,1,0,0,none
7013,mono,0,0,0,none
7014,mono,0,0,0,none
7015,lymph,0,0,1,CD4
7016,gran,0,0,0,none
7017,gran,0,0,0,none
7018,lymph,0,0,1,DP
7019,lymph,0,0,1,CD8
7020,debris,0,0,0,none
7021,mono,0,0,0,none
7022,lymph,1,0,1,CD8
7023,lymph,0,0,1,DN
7024,lymph,0,0,1,CD4
7025,lymph,0,0,1,CD8
7026,lymph,0,0,1,CD4
7027,lymph,0,0,0,none
7028,lymph,0,0,1,CD4
7029,mono,0,0,0,none
7030,lymph,0,0,1,CD8
7031,lymph,0,0,1,CD4
7032,gran,0,0,0,none
7033,mono,0,0,0,none
7034,lymph,0,0,0,none
7035,mono,0,0,0,none
7036,gran,0,0,0,none
7037,lymph,1,0,1,CD8
7038,lymph,1,0,1,CD4
7039,gran,1,0,0,none
7040,lymph,0,0,1,CD8
7041,lymph,0,0,0,none
7042,lymph,0,0,0,none
7043,gran,0,0,0,none
7044,lymph,0,0,0,none
7045,lymph,0,0,1,CD8
7046,debris,0,0,0,none
7047,lymph,0,0,1,CD8
7048,lymph,0,1,1,CD4
7049,gran,0,0,0,none
7050,debris,0,0,0,none
7051,lymph,0,0,1,CD4
7052,lymph,1,1,1,CD8
7053,mono,0,0,0,none
7054,lymph,1,0,1,CD4
7055,lymph,0,0,1,CD4
7056,gran,0,0,0,none
7057,lymph,0,0,0,none
7058,mono,0,0,0,none
7059,lymph,0,0,0,none
7060,mono,0,0,0,none
7061,lymph,0,0,0,none
7062,lymph,0,0,1,CD8
7063,mono,0,0,0,none
7064,debris,0,0,0,none
7065,lymph,0,0,1,CD4
7066,lymph,0,0,1,CD4
7067,lymph,0,0,1,DN
7068,mono,0,0,0,none
7069,lymph,0,0,1,CD4
7070,gran,0,0,0,none
7071,lymph,0,0,1,DN
7072,gran,0,0,0,none
7073,lymph,0,0,1,CD8
7074,debris,0,0,0,none
7075,lymph,0,0,1,CD4
7076,lymph,0,0,1,CD4
7077,lymph,0,1,1,CD8
7078,lymph,0,0,0,none
7079,lymph,0,0,1,CD8
7080,lymph,0,0,1,CD4
7081,gran,0,0,0,none
7082,mono,0,0,0,none
7083,mono,0,0,0,none
7084,lymph,0,0,1,DN
7085,mono,0,0,0,none
7086,debris,0,0,0,none
7087,lymph,0,0,1,CD4
7088,lymph,0,0,1,DP
7089,debris,0,0,0,none
7090,lymph,0,0,1,CD8
7091,lymph,0,0,1,CD4
7092,gran,0,0,0,none
7093,lymph,0,0,1,CD8
7094,lymph,1,0,0,none
7095,gran,0,0,0,none
7096,debris,0,0,0,none
7097,mono,0,0,0,none
7098,lymph,0,0,0,none
7099,gran,0,0,0,none
7100,lymph,0,0,1,CD8
7101,lymph,0,0,1,CD4
7102,lymph,0,0,1,CD4
7103,lymph,0,0,1,CD8
7104,lymph,0,0,1,CD4
7105,lymph,0,0,0,none
7106,lymph,0,0,0,none
7107,lymph,0,0,1,DP
7108,lymph,0,0,0,none
7109,lymph,0,0,0,none
7110,lymph,0,0,0,none
7111,gran,0,0,0,none
7112,lymph,0,0,1,CD8
7113,lymph,0,0,1,CD8
7114,lymph,0,0,1,CD8
7115,lymph,0,1,1,CD8
7116,gran,0,0,0,none
7117,gran,0,0,0,none
7118,lymph,0,0,1,CD4
7119,lymph,0,0,1,CD8
7120,lymph,0,1,0,none
7121,gran,0,1,0,none
7122,lymph,0,0,1,CD4
7123,debris,0,0,0,none
7124,gran,0,0,0,none
7125,debris,0,0,0,none
7126,mono,0,0,0,none
7127,debris,0,0,0,none
7128,lymph,0,1,0,none
7129,lymph,0,0,1,CD4
7130,gran,0,0,0,none
7131,lymph,0,0,1,CD4
7132,lymph,0,0,1,CD4
7133,lymph,0,0,1,CD4
7134,lymph,1,0,1,CD4
7135,gran,0,0,0,none
7136,lymph,0,0,1,CD4
7137,lymph,0,0,1,CD8
7138,lymph,0,0,1,CD4
7139,lymph,0,0,1,DN
7140,lymph,0,0,1,CD4
7141,lymph,0,0,1,CD4
7142,lymph,0,0,1,CD4
7143,lymph,0,0,0,none
7144,lymph,0,0,1,CD8
7145,debris,0,0,0,none
7146,mono,0,0,0,none
7147,lymph,0,0,1,CD4
7148,lymph,0,0,1,CD4
7149,mono,0,0,0,none
7150,debris,0,0,0,none
7151,lymph,0,0,0,none
7152,lymph,0,0,1,CD8
7153,lymph,0,0,0,none
7154,gran,1,1,0,none
7155,gran,0,0,0,none
7156,lymph,0,0,1,CD4
7157,gran,0,0,0,none
7158,lymph,0,0,0,none
7159,lymph,0,0,0,none
7160,gran,0,0,0,none
7161,lymph,0,0,1,CD4
7162,lymph,0,1,1,CD4
7163,gran,0,0,0,none
7164,gran,0,0,0,none
7165,lymph,0,0,0,none
7166,lymph,0,0,1,CD4
7167,lymph,0,0,0,none
7168,mono,0,0,0,none
7169,lymph,0,0,1,DP
7170,lymph,0,0,1,CD8
7171,debris,0,0,0,none
7172,lymph,0,0,0,none
7173,lymph,0,0,0,none
7174,debris,0,0,0,none
7175,mono,0,0,0,none
7176,lymph,0,0,1,CD8
7177,debris,0,0,0,none
7178,mono,0,0,0,none
7179,debris,0,0,0,none
7180,lymph,0,0,0,none
7181,lymph,0,0,1,CD8
7182,gran,0,1,0,none
7183,lymph,0,0,1,DN
7184,lymph,0,0,1,CD4
7185,lymph,0,0,0,none
7186,gran,0,0,0,none
7187,lymph,0,0,0,none
7188,lymph,0,0,1,CD8
7189,mono,0,0,0,none
7190,lymph,0,0,0,none
7191,debris,0,0,0,none
7192,lymph,0,1,1,CD4
7193,lymph,0,0,1,DN
7194,lymph,0,0,0,none
7195,lymph,0,0,1,CD4
7196,mono,0,0,0,none
7197,gran,0,0,0,none
7198,lymph,0,0,0,none
7199,lymph,0,1,1,CD8
7200,lymph,0,0,0,none
7201,gran,0,0,0,none
7202,lymph,0,0,1,DN
7203,gran,0,0,0,none
7204,lymph,0,0,1,CD8
7205,lymph,0,0,1,CD4
7206,mono,0,0,0,none
7207,gran,0,0,0,none
7208,gran,0,0,0,none
7209,lymph,0,1,0,none
7210,lymph,0,0,1,CD4
7211,debris,0,0,0,none
7212,lymph,0,0,0,none
7213,lymph,0,0,1,CD8
7214,mono,0,0,0,none
7215,mono,0,0,0,none
7216,lymph,1,0,1,CD8
7217,gran,0,0,0,none
7218,debris,0,0,0,none
7219,lymph,0,0,0,none
7220,lymph,0,0,1,CD4
7221,lymph,0,1,0,none
7222,debris,0,0,0,none
7223,lymph,1,0,1,CD4
7224,lymph,0,0,1,CD4
7225,lymph,0,0,1,CD4
7226,lymph,0,0,1,CD4
7227,lymph,0,0,1,CD8
7228,gran,0,0,0,none
7229,lymph,1,0,1,CD8
7230,mono,0,0,0,none
7231,lymph,0,1,1,CD4
7232,lymph,0,0,1,CD4
7233,lymph,0,0,1,CD4
7234,debris,0,0,0,none
7235,lymph,0,0,1,CD4
7236,lymph,1,0,1,DP
7237,lymph,0,0,1,CD4
7238,gran,0,1,0,none
7239,gran,0,0,0,none
7240,debris,0,0,0,none
7241,gran,0,0,0,none
7242,lymph,0,0,1,CD8
7243,lymph,0,0,1,CD8
7244,lymph,0,0,0,none
7245,lymph,0,0,1,CD4
7246,mono,0,0,0,none
7247,lymph,0,1,1,CD4
7248,gran,0,0,0,none
7249,gran,0,0,0,none
7250,mono,0,0,0,none
7251,mono,0,0,0,none
7252,lymph,0,0,1,CD4
7253,lymph,0,0,0,none
7254,lymph,0,0,1,CD8
7255,mono,0,0,0,none
7256,gran,0,0,0,none
7257,lymph,0,0,1,CD4
7258,lymph,0,0,0,none
7259,mono,0,0,0,none
7260,lymph,0,0,1,DN
7261,debris,0,0,0,none
7262,lymph,0,0,1,CD4
7263,debris,0,0,0,none
7264,lymph,0,0,1,CD4
7265,lymph,0,0,1,CD4
7266,lymph,1,0,1,CD4
7267,gran,0,0,0,none
7268,lymph,0,1,1,CD4
7269,mono,0,0,0,none
7270,gran,0,0,0,none
7271,gran,0,0,0,none
7272,lymph,0,1,1,CD4
7273,lymph,0,0,1,CD8
7274,lymph,0,0,1,CD4
7275,lymph,0,0,1,CD4
7276,gran,0,0,0,none
7277,lymph,0,0,0,none
7278,gran,0,0,0,none
7279,lymph,0,0,1,CD8
7280,lymph,0,0,1,DP
7281,gran,0,0,0,none
7282,debris,0,0,0,none
7283,gran,0,0,0,none
7284,lymph,0,0,1,CD4
7285,debris,0,0,0,none
7286,mono,0,0,0,none
7287,mono,0,0,0,none
7288,mono,0,0,0,none
7289,debris,0,0,0,none
7290,gran,0,0,0,none
7291,lymph,0,0,1,CD4
7292,lymph,0,0,1,CD4
7293,lymph,0,0,1,DN
7294,lymph,0,0,1,CD4
7295,lymph,0,0,1,CD8
7296,gran,0,0,0,none
7297,lymph,0,1,0,none
7298,lymph,0,0,1,CD8
7299,lymph,1,0,1,CD8
7300,gran,0,0,0,none
7301,mono,0,0,0,none
7302,lymph,0,0,1,CD4
7303,gran,0,0,0,none
7304,lymph,0,0,0,none
7305,lymph,0,0,1,CD8
7306,mono,0,0,0,none
7307,mono,1,0,0,none
7308,lymph,0,0,1,CD8
7309,lymph,0,0,1,CD4
7310,debris,0,0,0,none
7311,mono,0,0,0,none
7312,debris,0,0,0,none
7313,lymph,0,0,1,CD4
7314,lymph,0,0,0,none
7315,lymph,0,0,0,none
7316,lymph,0,0,1,DN
7317,lymph,0,0,0,none
7318,lymph,0,0,1,DN
7319,mono,0,0,0,none
7320,debris,0,0,0,none
7321,lymph,0,0,1,CD8
7322,lymph,0,0,0,none
7323,mono,0,1,0,none
7324,lymph,0,0,1,CD4
7325,lymph,0,0,0,none
7326,gran,0,0,0,none
7327,lymph,0,0,1,CD8
7328,gran,0,0,0,none
7329,lymph,0,0,0,none
7330,gran,0,1,0,none
7331,lymph,1,0,1,CD4
7332,debris,0,0,0,none
7333,gran,0,0,0,none
7334,mono,0,0,0,none
7335,lymph,0,0,1,CD4
7336,lymph,0,0,1,CD8
7337,lymph,0,0,0,none
7338,mono,0,0,0,none
7339,mono,0,0,0,none
7340,gran,0,0,0,none
7341,lymph,0,0,0,none
7342,lymph,1,0,1,CD8
7343,lymph,0,0,1,CD4
7344,gran,0,0,0,none
7345,lymph,0,0,1,CD4
7346,mono,1,0,0,none
7347,lymph,0,0,1,CD4
7348,lymph,0,0,1,CD8
7349,mono,0,1,0,none
7350,lymph,0,0,1,CD8
7351,lymph,0,1,1,CD4
7352,lymph,0,0,0,none
7353,lymph,0,0,1,DP
7354,gran,0,0,0,none
7355,lymph,0,0,1,CD8
7356,lymph,0,0,0,none
7357,lymph,0,0,0,none
7358,gran,0,0,0,none
7359,lymph,0,0,1,CD8
7360,lymph,0,0,1,CD8
7361,debris,0,0,0,none
7362,gran,0,0,0,none
7363,lymph,0,0,1,CD8
7364,mono,0,0,0,none
7365,lymph,0,0,0,none
7366,lymph,0,0,0,none
7367,lymph,0,0,0,none
7368,mono,1,0,0,none
7369,debris,0,0,0,none
7370,lymph,0,0,1,CD4
7371,lymph,0,0,0,none
7372,mono,0,0,0,none
7373,lymph,0,0,0,none
7374,lymph,0,0,1,CD4
7375,gran,0,0,0,none
7376,lymph,0,0,1,CD4
7377,lymph,0,0,0,none
7378,gran,0,0,0,none
7379,lymph,0,1,1,CD8
7380,lymph,0,0,1,CD4
7381,lymph,0,0,1,CD4
7382,lymph,0,0,1,CD4
7383,mono,1,0,0,none
7384,gran,0,0,0,none
7385,lymph,0,1,1,CD4
7386,lymph,0,1,1,CD4
7387,gran,0,0,0,none
7388,gran,0,0,0,none
7389,mono,0,0,0,none
7390,lymph,0,0,1,CD4
7391,lymph,0,0,1,CD8
7392,lymph,0,0,1,CD8
7393,gran,0,0,0,none
7394,debris,0,0,0,none
7395,mono,0,1,0,none
7396,lymph,0,0,1,CD8
7397,lymph,0,0,1,DN
7398,lymph,0,0,0,none
7399,mono,0,0,0,none
7400,lymph,0,0,1,CD8
7401,lymph,0,0,1,CD4
7402,lymph,0,0,1,CD4
7403,lymph,0,0,1,CD4
7404,lymph,0,0,1,CD4
7405,lymph,0,0,1,CD4
7406,lymph,0,1,1,CD8
7407,lymph,0,0,0,none
7408,gran,0,0,0,none
7409,lymph,0,0,0,none
7410,mono,0,0,0,none
7411,lymph,0,0,1,CD4
7412,gran,0,1,0,none
7413,gran,0,0,0,none
7414,gran,0,0,0,none
7415,lymph,0,0,0,none
7416,lymph,0,0,0,none
7417,lymph,0,0,1,CD8
7418,lymph,0,0,1,CD8
7419,lymph,0,0,1,CD8
7420,mono,0,0,0,none
7421,lymph,1,0,1,CD8
7422,lymph,0,1,0,none
7423,lymph,0,0,1,DN
7424,lymph,0,0,1,CD4
7425,gran,1,0,0,none
7426,lymph,0,0,1,CD8
7427,debris,0,0,0,none
7428,lymph,0,0,1,CD4
7429,lymph,1,0,1,CD4
7430,lymph,0,0,0,none
7431,gran,0,0,0,none
7432,mono,0,0,0,none
7433,lymph,0,0,1,CD8
7434,lymph,0,0,1,CD4
7435,lymph,0,0,1,CD4
7436,lymph,0,1,1,CD4
7437,lymph,0,0,0,none
7438,lymph,0,1,1,CD4
7439,lymph,0,0,1,CD8
7440,mono,0,0,0,none
7441,lymph,0,0,0,none
7442,gran,0,0,0,none
7443,lymph,0,0,1,CD4
7444,lymph,0,0,1,CD4
7445,mono,0,0,0,none
7446,lymph,0,0,0,none
7447,lymph,0,0,0,none
7448,gran,0,0,0,none
7449,gran,0,0,0,none
7450,lymph,0,0,0,none
7451,lymph,0,0,0,none
7452,lymph,0,0,1,CD8
7453,lymph,0,0,0,none
7454,lymph,0,1,1,DN
7455,lymph,1,0,1,CD4
7456,lymph,0,0,1,CD4
7457,lymph,0,0,0,none
7458,debris,0,0,0,none
7459,lymph,0,0,0,none
7460,lymph,0,0,0,none
7461,debris,0,0,0,none
7462,gran,0,0,0,none
7463,gran,0,0,0,none
7464,lymph,0,0,1,CD4
7465,debris,0,0,0,none
7466,lymph,0,0,1,CD4
7467,lymph,1,0,1,CD8
7468,lymph,0,0,0,none
7469,lymph,0,0,1,CD4
7470,lymph,0,0,1,CD8
7471,lymph,0,1,1,CD4
7472,gran,0,0,0,none
7473,lymph,0,0,1,DN
7474,mono,0,0,0,none
7475,lymph,0,1,0,none
7476,mono,0,0,0,none
7477,lymph,0,0,1,CD4
7478,gran,0,0,0,none
7479,gran,1,0,0,none
7480,lymph,0,0,1,CD4
7481,lymph,0,0,1,DN
7482,lymph,0,0,0,none
7483,gran,0,0,0,none
7484,lymph,0,0,0,none
7485,gran,0,0,0,none
7486,lymph,0,0,0,none
7487,lymph,0,0,0,none
7488,debris,0,0,0,none
7489,lymph,0,0,1,DN
7490,mono,0,0,0,none
7491,gran,0,0,0,none
7492,lymph,1,0,1,CD4
7493,lymph,0,0,1,CD4
7494,gran,0,0,0,none
7495,lymph,0,0,1,CD4
7496,lymph,0,1,1,DN
7497,debris,0,0,0,none
7498,mono,0,0,0,none
7499,lymph,0,0,0,none
7500,mono,0,0,0,none
7501,mono,0,0,0,none
7502,lymph,0,0,1,CD8
7503,lymph,0,0,1,CD4
7504,debris,0,0,0,none
7505,gran,0,0,0,none
7506,lymph,0,1,1,CD4
7507,lymph,0,0,0,none
7508,lymph,0,1,0,none
7509,debris,0,0,0,none
7510,lymph,0,0,0,none
7511,lymph,0,0,1,CD4
7512,gran,0,0,0,none
7513,gran,0,0,0,none
7514,gran,0,0,0,none
7515,mono,0,0,0,none
7516,debris,0,0,0,none
7517,lymph,0,0,1,CD8
7518,lymph,0,0,0,none
7519,lymph,0,0,1,CD4
7520,gran,0,0,0,none
7521,debris,0,0,0,none
7522,lymph,0,0,1,CD4
7523,lymph,0,0,1,CD8
7524,lymph,0,0,1,CD8
7525,debris,0,0,0,none
7526,lymph,0,0,1,CD4
7527,lymph,0,0,0,none
7528,lymph,0,0,1,CD4
7529,debris,0,0,0,none
7530,lymph,0,0,0,none
7531,mono,0,0,0,none
7532,gran,0,0,0,none
7533,gran,0,1,0,none
7534,lymph,0,0,1,CD8
7535,gran,0,0,0,none
7536,lymph,0,0,0,none
7537,lymph,0,0,1,CD4
7538,lymph,0,0,1,CD8
7539,mono,0,0,0,none
7540,lymph,0,0,0,none
7541,mono,0,0,0,none
7542,lymph,0,0,1,CD4
7543,lymph,0,0,1,CD8
7544,lymph,0,0,1,CD4
7545,gran,0,0,0,none
7546,gran,0,0,0,none
7547,lymph,1,1,1,CD8
7548,lymph,0,0,1,CD8
7549,debris,0,0,0,none
7550,gran,0,0,0,none
7551,mono,1,1,0,none
7552,lymph,0,0,1,CD8
7553,lymph,0,0,1,CD4
7554,lymph,0,0,1,CD4
7555,lymph,0,0,0,none
7556,gran,0,0,0,none
7557,lymph,0,0,1,CD8
7558,lymph,0,0,1,CD4
7559,gran,0,0,0,none
7560,lymph,0,0,0,none
7561,lymph,0,0,0,none
7562,lymph,0,0,1,CD8
7563,lymph,0,0,0,none
7564,gran,0,0,0,none
7565,lymph,0,0,1,CD8
7566,lymph,0,0,1,CD4
7567,lymph,0,0,1,CD4
7568,lymph,0,0,1,CD4
7569,lymph,0,0,1,CD4
7570,lymph,0,0,1,CD8
7571,lymph,0,0,1,CD8
7572,gran,0,0,0,none
7573,lymph,0,0,1,CD8
7574,lymph,0,0,1,DP
7575,gran,0,0,0,none
7576,lymph,0,0,1,CD8
7577,mono,0,0,0,none
7578,mono,0,0,0,none
7579,debris,0,0,0,none
7580,gran,0,0,0,none
7581,lymph,0,0,1,CD8
7582,lymph,0,0,1,CD8
7583,lymph,0,0,1,CD8
7584,lymph,0,0,1,CD4
7585,lymph,0,1,0,none
7586,lymph,0,0,0,none
7587,lymph,0,0,1,CD4
7588,gran,0,0,0,none
7589,lymph,0,0,1,CD4
7590,debris,0,0,0,none
7591,gran,0,0,0,none
7592,debris,0,0,0,none
7593,lymph,0,0,0,none
7594,debris,0,0,0,none
7595,mono,0,0,0,none
7596,lymph,1,0,1,CD8
7597,lymph,1,0,1,CD8
7598,debris,0,0,0,none
7599,gran,0,0,0,none
7600,lymph,0,0,0,none
7601,debris,0,0,0,none
7602,debris,0,0,0,none
7603,lymph,0,0,1,CD4
7604,lymph,0,0,0,none
7605,gran,1,0,0,none
7606,lymph,0,0,1,CD8
7607,gran,0,0,0,none
7608,lymph,0,0,1,CD4
7609,lymph,0,0,1,CD4
7610,lymph,0,0,1,CD8
7611,mono,1,0,0,none
7612,lymph,0,0,1,CD4
7613,lymph,0,0,1,CD4
7614,lymph,0,0,1,CD4
7615,debris,0,0,0,none
7616,lymph,1,0,0,none
7617,lymph,0,0,1,DN
7618,lymph,0,0,0,none
7619,gran,0,0,0,none
7620,gran,0,0,0,none
7621,lymph,0,0,1,CD4
7622,gran,0,0,0,none
7623,lymph,1,0,1,CD8
7624,gran,1,0,0,none
7625,gran,0,0,0,none
7626,lymph,0,0,1,CD4
7627,mono,0,1,0,none
7628,lymph,0,0,1,CD4
7629,lymph,0,0,0,none
7630,lymph,0,0,1,CD4
7631,lymph,0,0,0,none
7632,lymph,0,0,1,CD8
7633,lymph,0,0,1,CD8
7634,lymph,0,0,1,CD4
7635,lymph,0,1,1,CD4
7636,lymph,0,0,1,CD4
7637,gran,0,0,0,none
7638,gran,0,0,0,none
7639,debris,0,0,0,none
7640,gran,0,0,0,none
7641,lymph,0,0,1,DN
7642,lymph,0,0,1,CD8
7643,gran,0,0,0,none
7644,lymph,0,0,0,none
7645,lymph,0,0,1,DN
7646,lymph,0,1,1,CD4
7647,gran,0,1,0,none
7648,lymph,0,0,0,none
7649,gran,0,0,0,none
7650,lymph,0,0,0,none
7651,lymph,0,0,1,CD4
7652,lymph,0,0,1,DN
7653,gran,0,0,0,none
7654,lymph,0,0,1,CD4
7655,mono,0,0,0,none
7656,debris,0,0,0,none
7657,mono,0,0,0,none
7658,lymph,0,0,0,none
7659,mono,0,0,0,none
7660,lymph,0,1,1,CD8
7661,lymph,1,0,1,CD8
7662,lymph,0,0,1,CD8
7663,mono,0,0,0,none
7664,gran,0,0,0,none
7665,lymph,0,0,1,DN
7666,lymph,0,0,1,CD4
7667,lymph,0,0,1,CD4
7668,lymph,0,0,1,DN
7669,lymph,0,0,1,CD4
7670,lymph,0,1,1,CD8
7671,lymph,0,0,1,CD8
7672,gran,0,0,0,none
7673,mono,0,0,0,none
7674,gran,1,0,0,none
7675,lymph,0,0,1,DP
7676,lymph,1,0,0,none
7677,lymph,0,0,1,CD4
7678,lymph,0,0,0,none
7679,lymph,0,1,0,none
7680,gran,0,0,0,none
7681,lymph,0,0,1,CD4
7682,mono,0,0,0,none
7683,lymph,0,0,1,CD4
7684,lymph,0,0,0,none
7685,lymph,0,0,0,none
7686,lymph,0,0,1,CD4
7687,lymph,0,0,1,CD8
7688,debris,0,0,0,none
7689,gran,0,0,0,none
7690,lymph,0,0,1,DP
7691,lymph,0,0,1,DP
7692,lymph,0,1,1,CD4
7693,lymph,0,0,1,CD4
7694,mono,0,0,0,none
7695,mono,0,0,0,none
7696,gran,1,0,0,none
7697,lymph,0,0,1,CD8
7698,mono,0,0,0,none
7699,lymph,0,0,1,DN
7700,lymph,0,0,0,none
7701,lymph,0,0,1,CD4
7702,lymph,0,0,1,CD8
7703,gran,0,0,0,none
7704,gran,0,0,0,none
7705,lymph,0,0,1,DP
7706,gran,0,0,0,none
7707,lymph,0,0,1,CD4
7708,gran,0,0,0,none
7709,lymph,0,0,1,CD8
7710,lymph,0,0,0,none
7711,lymph,0,0,1,CD4
7712,gran,0,0,0,none
7713,gran,0,1,0,none
7714,gran,0,0,0,none
7715,lymph,0,0,1,CD8
7716,gran,1,0,0,none
7717,lymph,0,1,1,CD4
7718,gran,0,0,0,none
7719,mono,0,0,0,none
7720,lymph,0,0,0,none
7721,lymph,0,0,0,none
7722,gran,0,1,0,none
7723,mono,0,0,0,none
7724,lymph,0,0,0,none
7725,mono,0,1,0,none
7726,mono,0,0,0,none
7727,gran,0,0,0,none
7728,lymph,0,0,1,CD4
7729,debris,0,0,0,none
7730,debris,0,0,0,none
7731,lymph,1,0,0,none
7732,mono,0,0,0,none
7733,lymph,0,0,1,CD8
7734,debris,0,0,0,none
7735,lymph,0,0,1,CD8
7736,lymph,0,0,0,none
7737,lymph,0,0,1,CD8
7738,lymph,0,0,1,CD4
7739,mono,0,0,0,none
7740,mono,1,0,0,none
7741,lymph,0,0,1,DN
7742,lymph,0,0,1,CD8
7743,mono,0,0,0,none
7744,gran,0,0,0,none
7745,gran,0,0,0,none
7746,lymph,0,0,0,none
7747,lymph,0,0,1,CD8
7748,lymph,0,0,1,CD8
7749,lymph,0,0,1,CD8
7750,lymph,0,0,1,CD4
7751,mono,0,0,0,none
7752,mono,0,0,0,none
7753,gran,0,0,0,none
7754,lymph,0,0,0,none
7755,lymph,0,0,0,none
7756,lymph,0,0,1,CD4
7757,gran,0,0,0,none
7758,debris,0,0,0,none
7759,debris,0,0,0,none
7760,lymph,0,0,1,DN
7761,lymph,0,0,1,CD8
7762,lymph,0,0,1,CD4
7763,lymph,0,0,1,CD4
7764,lymph,0,0,1,CD4
7765,debris,0,0,0,none
7766,lymph,0,0,1,CD4
7767,lymph,0,0,1,CD4
7768,debris,0,0,0,none
7769,mono,0,0,0,none
7770,debris,0,0,0,none
7771,lymph,0,0,1,CD8
7772,debris,0,0,0,none
7773,gran,0,0,0,none
7774,debris,0,0,0,none
7775,lymph,0,1,1,CD4
7776,lymph,0,1,0,none
7777,lymph,0,0,1,CD8
7778,gran,0,0,0,none
7779,lymph,0,0,0,none
7780,debris,0,0,0,none
7781,lymph,0,0,1,CD4
7782,lymph,0,0,0,none
7783,mono,0,1,0,none
7784,debris,0,0,0,none
7785,lymph,0,0,1,DP
7786,lymph,0,1,1,CD4
7787,gran,0,0,0,none
7788,lymph,0,0,1,CD8
7789,mono,1,0,0,none
7790,lymph,0,0,1,CD8
7791,gran,0,0,0,none
7792,lymph,0,0,1,CD8
7793,lymph,0,0,0,none
7794,lymph,0,0,0,none
7795,debris,0,0,0,none
7796,lymph,0,0,0,none
7797,lymph,0,0,1,CD4
7798,mono,0,0,0,none
7799,lymph,0,0,0,none
7800,lymph,0,0,1,CD4
7801,mono,0,0,0,none
7802,mono,0,0,0,none
7803,lymph,0,0,1,DN
7804,lymph,0,0,0,none
7805,lymph,0,1,1,CD8
7806,lymph,0,0,1,CD4
7807,lymph,0,0,1,CD8
7808,gran,0,0,0,none
7809,lymph,0,0,1,CD8
7810,gran,1,0,0,none
7811,debris,0,0,0,none
7812,lymph,0,0,1,CD4
7813,lymph,0,1,1,CD4
7814,gran,0,0,0,none
7815,debris,0,0,0,none
7816,lymph,0,0,1,CD8
7817,lymph,1,0,1,DN
7818,lymph,0,0,1,CD8
7819,lymph,0,0,1,CD4
7820,lymph,0,0,0,none
7821,debris,0,0,0,none
7822,lymph,0,0,1,CD8
7823,lymph,0,0,1,CD8
7824,mono,0,0,0,none
7825,lymph,0,0,0,none
7826,mono,0,0,0,none
7827,lymph,0,0,1,DN
7828,lymph,0,0,1,CD8
7829,mono,0,0,0,none
7830,lymph,0,0,1,CD8
7831,debris,0,0,0,none
7832,lymph,0,0,1,CD4
7833,lymph,1,0,0,none
7834,lymph,0,0,1,CD8
7835,gran,0,0,0,none
7836,lymph,1,0,0,none
7837,lymph,0,1,1,CD8
7838,lymph,0,0,1,DP
7839,lymph,0,0,1,CD8
7840,lymph,1,0,1,CD4
7841,mono,0,0,0,none
7842,lymph,0,0,1,CD4
7843,lymph,0,1,0,none
7844,lymph,0,1,0,none
7845,lymph,0,0,1,CD4
7846,lymph,0,0,1,CD8
7847,gran,0,0,0,none
7848,lymph,0,0,0,none
7849,gran,1,0,0,none
7850,lymph,0,0,0,none
7851,mono,0,0,0,none
7852,lymph,0,0,1,CD4
7853,gran,0,0,0,none
7854,lymph,0,0,1,CD8
7855,lymph,0,0,0,none
7856,mono,0,1,0,none
7857,mono,0,0,0,none
7858,lymph,0,0,1,CD4
7859,lymph,1,0,1,CD4
7860,lymph,1,1,1,CD4
7861,lymph,0,0,0,none
7862,lymph,0,0,0,none
7863,mono,0,0,0,none
7864,lymph,0,0,1,CD4
7865,debris,0,0,0,none
7866,lymph,0,0,1,DP
7867,lymph,0,0,1,CD4
7868,lymph,0,0,1,CD4
7869,lymph,0,0,1,CD8
7870,gran,0,0,0,none
7871,gran,0,0,0,none
7872,lymph,0,0,1,DP
7873,mono,0,0,0,none
7874,lymph,0,0,1,CD4
7875,mono,0,0,0,none
7876,lymph,0,1,1,CD4
7877,lymph,1,0,1,CD8
7878,gran,0,0,0,none
7879,lymph,0,0,1,CD8
7880,lymph,0,0,0,none
7881,lymph,0,0,0,none
7882,lymph,0,0,1,CD8
7883,mono,0,0,0,none
7884,lymph,0,0,1,CD4
7885,lymph,0,0,1,DN
7886,lymph,0,0,1,CD8
7887,lymph,0,0,1,CD4
7888,lymph,0,1,1,CD4
7889,lymph,0,0,1,CD8
7890,lymph,1,0,1,CD8
7891,lymph,0,0,1,CD8
7892,lymph,0,0,1,CD4
7893,lymph,0,0,1,CD4
7894,lymph,0,0,1,CD8
7895,lymph,0,0,1,CD4
7896,lymph,0,0,0,none
7897,lymph,0,0,1,CD4
7898,debris,0,0,0,none
7899,lymph,0,0,1,DN
7900,lymph,0,0,0,none
7901,debris,0,0,0,none
7902,gran,0,0,0,none
7903,lymph,0,0,1,CD8
7904,lymph,0,0,1,CD4
7905,lymph,0,0,1,CD8
7906,debris,0,0,0,none
7907,lymph,0,0,1,CD4
7908,mono,0,0,0,none
7909,lymph,0,0,1,CD8
7910,lymph,0,0,1,CD4
7911,gran,0,0,0,none
7912,gran,0,0,0,none
7913,debris,0,0,0,none
7914,lymph,0,0,1,CD4
7915,lymph,0,0,0,none
7916,gran,0,0,0,none
7917,lymph,0,1,1,CD4
7918,mono,0,0,0,none
7919,lymph,0,0,1,CD4
7920,gran,1,0,0,none
7921,mono,0,0,0,none
7922,lymph,1,0,1,DP
7923,lymph,0,0,1,CD8
7924,lymph,1,0,1,CD4
7925,debris,0,0,0,none
7926,lymph,0,0,1,DN
7927,lymph,0,0,0,none
7928,lymph,0,1,0,none
7929,lymph,0,0,1,CD4
7930,debris,0,0,0,none
7931,lymph,0,0,1,CD4
7932,lymph,0,0,1,DN
7933,mono,0,0,0,none
7934,lymph,0,0,1,CD8
7935,lymph,1,0,0,none
7936,lymph,0,1,0,none
7937,lymph,0,0,1,CD4
7938,lymph,0,0,1,CD4
7939,lymph,0,1,1,CD8
7940,debris,0,0,0,none
7941,mono,0,0,0,none
7942,mono,0,0,0,none
7943,lymph,0,0,0,none
7944,lymph,0,0,1,CD4
7945,lymph,0,1,1,CD4
7946,debris,0,0,0,none
7947,gran,1,0,0,none
7948,lymph,0,0,1,CD4
7949,lymph,0,0,1,CD4
7950,gran,0,0,0,none
7951,lymph,0,0,0,none
7952,lymph,0,0,0,none
7953,mono,0,0,0,none
7954,gran,0,0,0,none
7955,gran,0,0,0,none
7956,lymph,0,0,1,CD4
7957,mono,0,0,0,none
7958,gran,0,0,0,none
7959,lymph,0,0,1,CD8
7960,lymph,0,1,1,CD8
7961,lymph,0,0,1,CD8
7962,lymph,0,0,1,DP
7963,mono,0,0,0,none
7964,gran,0,0,0,none
7965,lymph,0,1,0,none
7966,debris,0,0,0,none
7967,lymph,0,0,1,CD8
7968,gran,0,0,0,none
7969,debris,0,0,0,none
7970,lymph,0,0,1,CD4
7971,lymph,0,0,1,CD4
7972,gran,0,0,0,none
7973,lymph,0,0,0,none
7974,lymph,0,0,1,CD8
7975,lymph,0,0,1,CD4
7976,lymph,0,0,0,none
7977,lymph,0,0,1,CD4
7978,gran,0,0,0,none
7979,lymph,0,0,0,none
7980,gran,0,0,0,none
7981,debris,0,0,0,none
7982,mono,0,0,0,none
7983,lymph,0,0,1,CD8
7984,mono,0,0,0,none
7985,lymph,0,0,1,CD8
7986,debris,0,0,0,none
7987,lymph,0,0,0,none
7988,lymph,0,0,0,none
7989,lymph,0,0,1,CD8
7990,debris,0,0,0,none
7991,lymph,0,0,1,CD8
7992,lymph,0,0,1,CD8
7993,lymph,0,1,1,CD4
7994,debris,0,0,0,none
7995,lymph,0,0,1,CD4
7996,lymph,0,0,1,CD4
7997,debris,0,0,0,none
7998,lymph,0,0,0,none
7999,lymph,0,0,1,CD8
8000,gran,0,1,0,none
8001,debris,0,0,0,none
8002,mono,0,0,0,none
8003,lymph,0,0,1,CD4
8004,gran,0,0,0,none
8005,gran,0,0,0,none
8006,mono,0,0,0,none
8007,gran,0,0,0,none
8008,lymph,0,0,1,CD4
8009,lymph,0,0,0,none
8010,lymph,0,0,0,none
8011,lymph,0,0,1,CD4
8012,gran,0,0,0,none
8013,lymph,0,0,1,CD4
8014,lymph,1,0,1,DN
8015,lymph,0,0,1,CD8
8016,lymph,0,0,1,DN
8017,lymph,0,0,1,CD4
8018,lymph,0,0,1,CD8
8019,lymph,0,0,0,none
8020,lymph,0,0,1,CD4
8021,lymph,1,0,1,CD8
8022,lymph,0,0,1,DN
8023,lymph,0,1,1,CD4
8024,lymph,0,0,1,DP
8025,lymph,0,0,1,DN
8026,debris,0,0,0,none
8027,lymph,0,0,1,CD4
8028,lymph,0,0,0,none
8029,lymph,0,1,1,CD8
8030,debris,0,0,0,none
8031,gran,1,0,0,none
8032,lymph,0,0,1,DN
8033,lymph,0,0,0,none
8034,gran,0,0,0,none
8035,lymph,0,0,1,CD8
8036,lymph,0,0,1,CD4
8037,lymph,0,0,1,CD8
8038,lymph,0,0,1,CD4
8039,lymph,0,0,1,CD8
8040,lymph,0,0,1,CD4
8041,lymph,0,0,0,none
8042,gran,1,0,0,none
8043,lymph,0,0,1,DN
8044,lymph,0,0,1,CD8
8045,lymph,0,0,0,none
8046,mono,1,0,0,none
8047,mono,0,0,0,none
8048,lymph,0,0,1,CD8
8049,lymph,0,0,1,CD4
8050,debris,0,0,0,none
8051,debris,0,0,0,none
8052,lymph,0,0,1,CD8
8053,lymph,0,0,0,none
8054,debris,0,0,0,none
8055,mono,0,0,0,none
8056,gran,1,0,0,none
8057,lymph,0,0,0,none
8058,lymph,0,0,0,none
8059,lymph,1,0,1,DN
8060,lymph,0,0,0,none
8061,mono,0,0,0,none
8062,lymph,0,0,0,none
8063,lymph,0,0,1,CD8
8064,lymph,0,0,0,none
8065,lymph,0,0,1,CD4
8066,lymph,0,0,0,none
8067,debris,0,0,0,none
8068,lymph,0,0,1,CD8
8069,lymph,0,0,0,none
8070,lymph,0,0,0,none
8071,lymph,0,0,0,none
8072,gran,0,0,0,none
8073,lymph,0,0,1,CD8
8074,lymph,0,0,0,none
8075,lymph,0,0,1,CD4
8076,gran,0,0,0,none
8077,lymph,0,0,1,CD4
8078,lymph,1,1,1,CD8
8079,gran,0,0,0,none
8080,lymph,0,0,0,none
8081,lymph,0,0,0,none
8082,lymph,0,0,1,CD8
8083,lymph,0,0,1,CD8
8084,mono,0,0,0,none
8085,lymph,0,0,0,none
8086,mono,1,0,0,none
8087,gran,0,0,0,none
8088,mono,0,0,0,none
8089,lymph,1,0,1,CD4
8090,debris,0,0,0,none
8091,lymph,1,0,1,CD4
8092,gran,0,0,0,none
8093,lymph,0,0,0,none
8094,lymph,0,0,1,DP
8095,debris,0,0,0,none
8096,lymph,0,0,1,CD4
8097,mono,1,0,0,none
8098,lymph,0,0,1,DN
8099,debris,0,0,0,none
8100,debris,0,0,0,none
8101,lymph,0,1,0,none
8102,gran,0,0,0,none
8103,lymph,0,0,1,CD4
8104,gran,0,0,0,none
8105,debris,0,0,0,none
8106,gran,0,0,0,none
8107,lymph,0,0,0,none
8108,mono,0,0,0,none
8109,lymph,0,0,1,DN
8110,gran,0,0,0,none
8111,gran,0,0,0,none
8112,mono,0,0,0,none
8113,gran,0,0,0,none
8114,gran,0,0,0,none
8115,lymph,0,0,0,none
8116,mono,0,0,0,none
8117,lymph,0,0,1,DN
8118,debris,0,0,0,none
8119,mono,0,0,0,none
8120,lymph,0,0,1,CD8
8121,gran,0,0,0,none
8122,gran,0,0,0,none
8123,lymph,0,0,1,DN
8124,mono,0,0,0,none
8125,mono,0,0,0,none
8126,gran,1,1,0,none
8127,lymph,1,0,0,none
8128,gran,0,0,0,none
8129,lymph,0,1,0,none
8130,lymph,0,0,0,none
8131,lymph,1,0,1,CD8
8132,lymph,0,0,0,none
8133,gran,0,0,0,none
8134,lymph,0,0,1,CD8
8135,lymph,0,0,1,CD4
8136,lymph,0,0,1,CD8
8137,mono,1,0,0,none
8138,lymph,0,0,1,CD4
8139,gran,0,0,0,none
8140,gran,0,0,0,none
8141,lymph,0,0,1,CD8
8142,debris,0,0,0,none
8143,gran,0,0,0,none
8144,gran,0,0,0,none
8145,gran,0,0,0,none
8146,lymph,0,0,1,CD8
8147,debris,0,0,0,none
8148,gran,0,0,0,none
8149,lymph,0,0,1,CD8
8150,debris,0,0,0,none
8151,lymph,0,0,1,CD8
8152,lymph,0,0,1,CD4
8153,lymph,0,0,1,CD8
8154,lymph,0,0,1,CD4
8155,mono,0,0,0,none
8156,gran,0,0,0,none
8157,lymph,0,0,1,CD4
8158,lymph,0,0,0,none
8159,gran,0,0,0,none
8160,gran,0,0,0,none
8161,lymph,0,0,1,CD4
8162,lymph,0,0,0,none
8163,debris,0,0,0,none
8164,lymph,0,0,1,CD4
8165,mono,0,0,0,none
8166,lymph,0,1,0,none
8167,lymph,0,0,1,CD8
8168,lymph,0,1,1,CD4
8169,lymph,0,0,0,none
8170,gran,0,0,0,none
8171,lymph,0,0,1,CD4
8172,lymph,0,0,0,none
8173,mono,0,0,0,none
8174,mono,0,0,0,none
8175,lymph,0,0,1,CD8
8176,lymph,0,0,1,CD8
8177,debris,0,0,0,none
8178,lymph,0,0,0,none
8179,gran,0,0,0,none
8180,debris,0,0,0,none
8181,lymph,0,0,1,CD8
8182,debris,0,0,0,none
8183,lymph,0,0,1,CD4
8184,debris,0,0,0,none
8185,gran,0,0,0,none
8186,mono,0,0,0,none
8187,gran,0,0,0,none
8188,lymph,0,0,0,none
8189,lymph,0,0,1,CD4
8190,lymph,0,0,0,none
8191,gran,0,0,0,none
8192,gran,0,0,0,none
8193,lymph,1,0,0,none
8194,lymph,0,0,1,DN
8195,gran,0,0,0,none
8196,lymph,0,0,1,CD4
8197,lymph,0,0,1,CD8
8198,lymph,0,0,0,none
8199,gran,0,0,0,none
8200,lymph,0,1,0,none
8201,lymph,0,0,1,CD4
8202,lymph,0,0,1,CD4
8203,lymph,0,0,0,none
8204,gran,0,0,0,none
8205,lymph,0,1,0,none
8206,lymph,0,0,1,CD4
8207,lymph,0,0,1,CD8
8208,mono,0,0,0,none
8209,lymph,0,0,1,CD8
8210,gran,0,0,0,none
8211,gran,0,0,0,none
8212,lymph,0,0,1,CD4
8213,debris,0,0,0,none
8214,mono,1,0,0,none
8215,lymph,0,0,0,none
8216,lymph,0,0,1,CD8
8217,lymph,0,0,1,CD4
8218,lymph,0,0,1,CD8
8219,debris,0,0,0,none
8220,lymph,0,0,1,CD8
8221,mono,0,0,0,none
8222,gran,0,1,0,none
8223,debris,0,0,0,none
8224,lymph,0,0,1,CD4
8225,mono,0,0,0,none
8226,lymph,0,0,1,CD4
8227,debris,0,0,0,none
8228,debris,0,0,0,none
8229,lymph,0,0,1,CD4
8230,lymph,0,0,0,none
8231,mono,0,0,0,none
8232,gran,0,0,0,none
8233,lymph,0,0,0,none
8234,lymph,0,0,1,CD4
8235,lymph,0,0,1,CD4
8236,lymph,1,0,1,CD4
8237,debris,0,0,0,none
8238,lymph,0,0,0,none
8239,lymph,0,0,1,CD8
8240,lymph,0,0,0,none
8241,lymph,0,1,1,CD8
8242,lymph,0,0,1,DN
8243,gran,0,0,0,none
8244,lymph,1,0,0,none
8245,lymph,1,0,1,CD4
8246,lymph,1,0,1,CD4
8247,gran,0,0,0,none
8248,mono,0,0,0,none
8249,lymph,0,0,1,CD4
8250,lymph,0,0,1,CD8
8251,lymph,0,0,1,CD8
8252,mono,0,0,0,none
8253,lymph,0,0,1,CD4
8254,debris,0,0,0,none
8255,lymph,0,0,1,CD8
8256,mono,1,0,0,none
8257,lymph,0,0,0,none
8258,debris,0,0,0,none
8259,lymph,0,0,1,CD4
8260,debris,0,0,0,none
8261,gran,0,0,0,none
8262,debris,0,0,0,none
8263,lymph,0,0,0,none
8264,mono,0,0,0,none
8265,lymph,0,0,1,CD8
8266,mono,0,0,0,none
8267,lymph,0,0,0,none
8268,lymph,0,0,1,DN
8269,lymph,0,0,1,CD4
8270,lymph,0,0,1,CD4
8271,gran,0,0,0,none
8272,lymph,0,0,1,CD8
8273,gran,0,0,0,none
8274,lymph,0,0,0,none
8275,lymph,0,0,1,CD8
8276,lymph,0,0,1,CD4
8277,mono,0,0,0,none
8278,gran,0,0,0,none
8279,lymph,0,0,1,CD8
8280,gran,0,0,0,none
8281,gran,1,0,0,none
8282,gran,0,0,0,none
8283,gran,0,0,0,none
8284,lymph,0,1,0,none
8285,lymph,0,0,0,none
8286,lymph,0,0,0,none
8287,lymph,0,0,1,DN
8288,lymph,0,0,1,CD8
8289,lymph,0,0,0,none
8290,gran,0,0,0,none
8291,debris,0,0,0,none
8292,lymph,0,0,0,none
8293,debris,0,0,0,none
8294,lymph,1,0,1,CD8
8295,lymph,0,0,1,CD4
8296,lymph,0,0,0,none
8297,lymph,0,0,1,CD8
8298,lymph,0,0,1,CD8
8299,lymph,0,0,0,none
8300,mono,0,0,0,none
8301,lymph,0,0,1,CD4
8302,lymph,1,0,1,CD8
8303,lymph,0,0,0,none
8304,lymph,0,0,1,CD4
8305,gran,0,0,0,none
8306,lymph,0,0,0,none
8307,gran,0,0,0,none
8308,debris,0,0,0,none
8309,lymph,0,0,0,none
8310,lymph,0,0,1,CD4
8311,lymph,0,0,1,CD4
8312,gran,0,0,0,none
8313,lymph,0,0,1,CD4
8314,mono,0,0,0,none
8315,lymph,0,0,1,CD4
8316,lymph,0,0,1,CD4
8317,lymph,0,0,1,CD4
8318,mono,1,0,0,none
8319,lymph,0,0,1,DN
8320,lymph,0,0,1,CD8
8321,lymph,0,0,0,none
8322,lymph,0,0,1,CD8
8323,debris,0,0,0,none
8324,lymph,0,0,1,CD8
8325,lymph,1,0,0,none
8326,mono,0,0,0,none
8327,gran,0,0,0,none
8328,lymph,0,0,0,none
8329,gran,0,1,0,none
8330,lymph,0,0,1,CD4
8331,lymph,0,0,0,none
8332,lymph,0,0,0,none
8333,lymph,1,0,1,CD8
8334,lymph,0,0,1,CD8
8335,mono,0,0,0,none
8336,gran,0,0,0,none
8337,mono,0,0,0,none
8338,gran,0,0,0,none
8339,lymph,0,0,1,CD4
8340,lymph,0,0,1,CD8
8341,lymph,0,0,1,CD4
8342,lymph,0,0,0,none
8343,debris,0,0,0,none
8344,lymph,0,0,1,CD8
8345,gran,0,0,0,none
8346,lymph,0,0,1,CD4
8347,mono,0,0,0,none
8348,lymph,0,0,1,CD4
8349,lymph,0,1,1,CD4
8350,lymph,0,0,1,CD8
8351,lymph,0,0,1,CD4
8352,debris,0,0,0,none
8353,lymph,0,0,1,CD8
8354,mono,0,0,0,none
8355,lymph,0,0,0,none
8356,gran,0,0,0,none
8357,lymph,0,0,1,CD8
8358,lymph,0,0,1,CD4
8359,lymph,0,0,1,DN
8360,lymph,0,0,1,CD4
8361,lymph,0,0,1,CD8
8362,lymph,0,0,1,CD8
8363,mono,0,0,0,none
8364,mono,0,0,0,none
8365,debris,0,0,0,none
8366,lymph,0,0,0,none
8367,lymph,0,0,1,CD4
8368,gran,0,0,0,none
8369,lymph,0,1,1,CD4
8370,lymph,0,0,1,CD4
8371,lymph,0,0,1,CD8
8372,gran,0,0,0,none
8373,gran,0,0,0,none
8374,lymph,1,0,1,CD4
8375,lymph,0,0,0,none
8376,debris,0,0,0,none
8377,mono,0,0,0,none
8378,lymph,0,0,1,CD8
8379,debris,0,0,0,none
8380,lymph,0,1,0,none
8381,gran,0,0,0,none
8382,mono,1,0,0,none
8383,lymph,0,0,1,CD4
8384,lymph,0,0,1,CD4
8385,lymph,0,1,1,CD4
8386,gran,0,0,0,none
8387,lymph,0,0,0,none
8388,mono,0,0,0,none
8389,lymph,0,0,1,DN
8390,mono,0,0,0,none
8391,lymph,0,0,0,none
8392,lymph,0,0,0,none
8393,debris,0,0,0,none
8394,gran,0,0,0,none
8395,lymph,0,0,0,none
8396,lymph,0,0,0,none
8397,lymph,0,0,1,CD4
8398,lymph,0,0,0,none
8399,lymph,0,0,0,none
8400,lymph,0,0,0,none
8401,debris,0,0,0,none
8402,gran,0,0,0,none
8403,lymph,0,0,1,CD4
8404,lymph,0,0,1,CD4
8405,lymph,0,0,1,DN
8406,lymph,0,0,1,CD4
8407,lymph,0,0,1,CD4
8408,mono,0,0,0,none
8409,lymph,0,0,1,CD8
8410,lymph,0,0,0,none
8411,gran,0,0,0,none
8412,debris,0,0,0,none
8413,gran,1,1,0,none
8414,lymph,0,0,0,none
8415,mono,0,0,0,none
8416,lymph,0,0,0,none
8417,lymph,0,0,0,none
8418,lymph,1,0,1,CD8
8419,lymph,0,0,1,CD8
8420,lymph,1,1,1,CD4
8421,lymph,0,0,1,CD4
8422,mono,0,0,0,none
8423,lymph,0,0,1,CD8
8424,gran,0,0,0,none
8425,lymph,0,0,1,CD8
8426,lymph,0,0,1,CD4
8427,lymph,0,0,0,none
8428,debris,0,0,0,none
8429,mono,1,0,0,none
8430,lymph,0,0,1,CD4
8431,lymph,0,0,1,DP
8432,lymph,0,0,0,none
8433,lymph,0,0,1,CD8
8434,gran,0,0,0,none
8435,gran,0,0,0,none
8436,lymph,0,0,1,CD8
8437,debris,0,0,0,none
8438,lymph,0,0,0,none
8439,gran,0,0,0,none
8440,lymph,0,0,0,none
8441,lymph,0,0,1,CD4
8442,lymph,0,0,1,CD4
8443,debris,0,0,0,none
8444,debris,0,0,0,none
8445,mono,0,1,0,none
8446,lymph,0,0,0,none
8447,lymph,0,0,0,none
8448,lymph,0,0,1,CD8
8449,lymph,0,0,0,none
8450,lymph,0,0,1,CD4
8451,lymph,0,0,0,none
8452,mono,0,0,0,none
8453,lymph,0,0,1,CD8
8454,mono,0,0,0,none
8455,lymph,0,0,1,CD8
8456,debris,0,0,0,none
8457,lymph,0,0,1,CD8
8458,lymph,0,0,1,DN
8459,debris,0,0,0,none
8460,lymph,0,1,1,CD4
8461,gran,0,0,0,none
8462,lymph,0,0,1,CD8
8463,debris,0,0,0,none
8464,debris,0,0,0,none
8465,lymph,1,0,1,DP
8466,debris,0,0,0,none
8467,debris,0,0,0,none
8468,lymph,0,0,1,CD4
8469,lymph,0,0,1,CD8
8470,lymph,0,0,1,CD8
8471,mono,0,0,0,none
8472,gran,0,0,0,none
8473,lymph,0,0,0,none
8474,lymph,0,0,0,none
8475,lymph,0,0,1,CD8
8476,gran,0,0,0,none
8477,debris,0,0,0,none
8478,mono,0,0,0,none
8479,gran,0,0,0,none
8480,lymph,1,0,0,none
8481,gran,0,0,0,none
8482,mono,1,0,0,none
8483,lymph,0,1,0,none
8484,gran,0,0,0,none
8485,debris,0,0,0,none
8486,mono,0,0,0,none
8487,lymph,0,0,0,none
8488,lymph,0,0,1,CD4
8489,mono,0,0,0,none
8490,lymph,0,0,0,none
8491,lymph,0,0,0,none
8492,lymph,0,0,1,CD8
8493,mono,0,0,0,none
8494,mono,0,0,0,none
8495,debris,0,0,0,none
8496,mono,0,0,0,none
8497,lymph,0,0,1,CD8
8498,lymph,0,0,1,CD4
8499,gran,1,0,0,none
8500,lymph,0,0,1,CD4
8501,mono,0,0,0,none
8502,lymph,0,0,0,none
8503,lymph,0,0,1,CD8
8504,lymph,0,0,1,CD8
8505,lymph,0,0,0,none
8506,lymph,0,0,1,CD4
8507,gran,0,1,0,none
8508,lymph,0,0,0,none
8509,lymph,0,0,1,CD4
8510,lymph,0,1,1,CD8
8511,debris,0,0,0,none
8512,lymph,0,0,1,CD8
8513,lymph,0,0,1,CD4
8514,debris,0,0,0,none
8515,gran,0,0,0,none
8516,lymph,0,0,1,CD4
8517,lymph,0,0,1,CD8
8518,lymph,0,0,1,CD4
8519,lymph,0,0,0,none
8520,gran,0,0,0,none
8521,lymph,0,0,1,CD8
8522,lymph,0,0,1,CD8
8523,debris,0,0,0,none
8524,lymph,0,0,1,CD4
8525,gran,1,0,0,none
8526,gran,1,1,0,none
8527,lymph,0,0,0,none
8528,gran,0,1,0,none
8529,lymph,1,0,0,none
8530,lymph,0,0,1,CD4
8531,lymph,0,0,1,CD8
8532,lymph,0,0,1,CD8
8533,lymph,0,0,1,CD8
8534,debris,0,0,0,none
8535,lymph,0,0,1,CD4
8536,gran,0,0,0,none
8537,lymph,0,0,1,CD4
8538,mono,0,0,0,none
8539,lymph,0,0,1,CD4
8540,gran,0,0,0,none
8541,lymph,0,0,0,none
8542,lymph,0,0,1,CD8
8543,lymph,0,0,1,CD4
8544,lymph,0,0,0,none
8545,lymph,0,1,0,none
8546,lymph,0,0,1,CD4
8547,lymph,1,0,1,CD8
8548,lymph,0,0,1,CD8
8549,lymph,0,0,1,CD8
8550,gran,0,0,0,none
8551,mono,1,0,0,none
8552,gran,0,0,0,none
8553,lymph,0,0,1,CD4
8554,lymph,0,0,0,none
8555,lymph,0,0,1,CD8
8556,debris,0,0,0,none
8557,lymph,0,0,1,CD8
8558,gran,0,0,0,none
8559,lymph,0,0,0,none
8560,lymph,0,0,1,CD4
8561,lymph,0,0,1,DN
8562,lymph,0,0,0,none
8563,lymph,0,0,1,CD4
8564,lymph,0,0,1,CD4
8565,gran,1,0,0,none
8566,lymph,0,0,1,CD4
8567,lymph,0,0,1,CD4
8568,debris,0,0,0,none
8569,lymph,1,0,0,none
8570,lymph,0,0,0,none
8571,lymph,0,0,1,CD4
8572,lymph,0,0,1,CD4
8573,lymph,0,0,0,none
8574,lymph,0,0,0,none
8575,gran,0,0,0,none
8576,gran,0,0,0,none
8577,lymph,1,0,1,CD4
8578,lymph,0,0,1,CD4
8579,lymph,0,0,1,CD8
8580,gran,0,0,0,none
8581,debris,0,0,0,none
8582,mono,0,0,0,none
8583,lymph,0,0,0,none
8584,lymph,0,0,1,CD8
8585,mono,0,0,0,none
8586,debris,0,0,0,none
8587,gran,0,0,0,none
8588,lymph,0,0,1,CD4
8589,lymph,0,0,0,none
8590,gran,0,0,0,none
8591,debris,0,0,0,none
8592,lymph,0,0,1,CD4
8593,mono,0,0,0,none
8594,lymph,0,0,0,none
8595,gran,0,0,0,none
8596,mono,0,0,0,none
8597,lymph,0,0,1,CD8
8598,lymph,0,0,1,CD4
8599,lymph,0,0,0,none
8600,lymph,0,0,0,none
8601,lymph,0,0,1,CD4
8602,gran,0,0,0,none
8603,lymph,0,0,1,CD4
8604,gran,0,0,0,none
8605,gran,0,0,0,none
8606,lymph,0,0,0,none
8607,lymph,0,0,0,none
8608,lymph,0,1,0,none
8609,lymph,1,0,1,CD4
8610,lymph,0,0,1,CD4
8611,lymph,0,0,0,none
8612,lymph,0,0,1,CD8
8613,lymph,0,0,0,none
8614,lymph,0,0,1,CD4
8615,lymph,0,1,1,CD4
8616,lymph,0,0,0,none
8617,lymph,0,0,1,CD8
8618,lymph,0,0,1,CD8
8619,lymph,0,0,1,CD4
8620,lymph,0,1,1,CD4
8621,lymph,0,0,0,none
8622,debris,0,0,0,none
8623,gran,0,0,0,none
8624,lymph,0,0,0,none
8625,mono,0,0,0,none
8626,debris,0,0,0,none
8627,gran,0,0,0,none
8628,lymph,1,0,1,CD4
8629,debris,0,0,0,none
8630,lymph,0,0,1,CD4
8631,gran,0,0,0,none
8632,mono,0,0,0,none
8633,lymph,0,0,1,CD4
8634,lymph,0,0,0,none
8635,gran,0,0,0,none
8636,lymph,0,0,1,CD4
8637,lymph,0,0,1,CD4
8638,lymph,0,0,1,CD8
8639,mono,0,0,0,none
8640,lymph,0,0,1,CD4
8641,lymph,1,0,0,none
8642,gran,0,0,0,none
8643,lymph,0,0,0,none
8644,lymph,0,0,0,none
8645,lymph,0,0,0,none
8646,mono,0,0,0,none
8647,debris,0,0,0,none
8648,lymph,0,0,1,CD4
8649,lymph,0,0,1,CD8
8650,lymph,0,0,0,none
8651,lymph,0,0,1,CD4
8652,lymph,0,0,1,CD8
8653,debris,0,0,0,none
8654,gran,0,0,0,none
8655,lymph,0,0,1,CD8
8656,gran,0,0,0,none
8657,debris,0,0,0,none
8658,lymph,0,0,0,none
8659,debris,0,0,0,none
8660,lymph,0,1,1,DN
8661,lymph,0,0,1,CD8
8662,gran,0,0,0,none
8663,gran,0,0,0,none
8664,lymph,0,0,0,none
8665,lymph,0,0,1,CD4
8666,mono,0,0,0,none
8667,lymph,0,0,0,none
8668,lymph,0,0,0,none
8669,lymph,0,0,0,none
8670,mono,0,0,0,none
8671,mono,0,0,0,none
8672,lymph,0,0,1,CD8
8673,lymph,0,0,1,CD4
8674,lymph,0,1,1,CD4
8675,gran,0,0,0,none
8676,debris,0,0,0,none
8677,lymph,0,0,0,none
8678,mono,0,0,0,none
8679,lymph,0,0,1,CD8
8680,lymph,0,1,0,none
8681,gran,0,0,0,none
8682,lymph,0,0,1,CD8
8683,lymph,1,0,1,CD4
8684,lymph,0,0,1,CD4
8685,gran,0,0,0,none
8686,lymph,0,0,1,CD4
8687,lymph,0,0,0,none
8688,gran,0,0,0,none
8689,lymph,0,0,0,none
8690,lymph,0,0,0,none
8691,mono,0,0,0,none
8692,lymph,0,0,0,none
8693,lymph,0,0,1,CD4
8694,lymph,0,0,1,CD4
8695,gran,0,0,0,none
8696,lymph,0,0,0,none
8697,lymph,0,0,1,CD8
8698,mono,0,0,0,none
8699,lymph,0,0,1,CD4
8700,lymph,0,0,0,none
8701,lymph,0,0,1,CD4
8702,lymph,0,0,1,CD8
8703,lymph,0,0,0,none
8704,gran,0,0,0,none
8705,lymph,0,0,1,CD8
8706,lymph,0,0,1,CD8
8707,gran,0,0,0,none
8708,gran,0,0,0,none
8709,lymph,0,0,1,CD8
8710,mono,0,0,0,none
8711,lymph,0,0,0,none
8712,gran,0,0,0,none
8713,mono,0,0,0,none
8714,gran,0,0,0,none
8715,lymph,0,0,1,CD4
8716,lymph,0,0,1,CD8
8717,gran,0,0,0,none
8718,lymph,0,0,1,CD4
8719,debris,0,0,0,none
8720,lymph,0,0,1,CD8
8721,gran,0,0,0,none
8722,lymph,0,0,1,CD8
8723,gran,0,0,0,none
8724,lymph,0,1,0,none
8725,debris,0,0,0,none
8726,lymph,0,0,1,CD8
8727,gran,0,0,0,none
8728,lymph,0,0,1,CD8
8729,lymph,0,0,1,DN
8730,lymph,0,0,1,CD4
8731,lymph,0,0,1,CD4
8732,lymph,0,0,0,none
8733,gran,0,0,0,none
8734,debris,0,0,0,none
8735,lymph,0,0,1,CD4
8736,debris,0,0,0,none
8737,gran,0,0,0,none
8738,debris,0,0,0,none
8739,lymph,0,0,0,none
8740,mono,0,0,0,none
8741,lymph,0,0,0,none
8742,mono,0,0,0,none
8743,gran,0,0,0,none
8744,gran,0,0,0,none
8745,lymph,0,0,1,CD4
8746,lymph,0,0,1,CD4
8747,lymph,0,0,1,CD4
8748,mono,0,0,0,none
8749,mono,0,0,0,none
8750,mono,0,0,0,none
8751,mono,0,0,0,none
8752,gran,0,0,0,none
8753,lymph,0,0,1,DN
8754,lymph,0,0,1,CD4
8755,mono,0,0,0,none
8756,mono,0,0,0,none
8757,lymph,0,0,1,CD8
8758,lymph,0,0,0,none
8759,lymph,0,0,1,DN
8760,gran,0,0,0,none
8761,mono,0,0,0,none
8762,lymph,0,0,0,none
8763,lymph,0,0,1,CD4
8764,lymph,0,0,1,CD4
8765,gran,0,0,0,none
8766,lymph,0,0,1,DN
8767,lymph,0,1,1,DN
8768,lymph,1,0,1,CD4
8769,lymph,0,0,1,CD4
8770,lymph,0,0,1,CD8
8771,debris,0,0,0,none
8772,lymph,0,0,0,none
8773,lymph,0,0,1,CD4
8774,gran,0,0,0,none
8775,mono,0,0,0,none
8776,lymph,0,0,0,none
8777,debris,0,0,0,none
8778,lymph,0,0,1,CD4
8779,debris,0,0,0,none
8780,lymph,0,0,0,none
8781,lymph,0,0,1,CD4
8782,lymph,0,0,1,CD4
8783,gran,0,0,0,none
8784,lymph,0,0,1,CD4
8785,lymph,0,0,0,none
8786,gran,0,0,0,none
8787,lymph,0,0,1,DN
8788,lymph,0,0,1,CD8
8789,lymph,0,1,1,CD8
8790,mono,0,1,0,none
8791,mono,0,0,0,none
8792,lymph,0,0,1,CD8
8793,gran,0,0,0,none
8794,lymph,0,0,1,CD8
8795,lymph,0,0,1,CD8
8796,gran,0,0,0,none
8797,lymph,0,0,0,none
8798,lymph,1,0,0,none
8799,lymph,0,0,1,CD4
8800,mono,0,0,0,none
8801,gran,0,0,0,none
8802,lymph,0,1,1,CD8
8803,lymph,0,0,1,CD8
8804,gran,0,0,0,none
8805,lymph,0,0,1,CD8
8806,lymph,0,0,1,CD8
8807,lymph,0,0,0,none
8808,gran,0,0,0,none
8809,debris,0,0,0,none
8810,lymph,1,0,1,CD4
8811,lymph,0,0,0,none
8812,lymph,0,0,1,CD8
8813,gran,0,0,0,none
8814,lymph,1,0,0,none
8815,lymph,0,0,0,none
8816,lymph,0,0,1,CD4
8817,debris,0,0,0,none
8818,lymph,1,0,1,CD4
8819,mono,0,0,0,none
8820,gran,0,0,0,none
8821,debris,0,0,0,none
8822,lymph,0,0,1,CD8
8823,lymph,0,0,1,CD8
8824,debris,0,0,0,none
8825,lymph,0,1,1,CD4
8826,lymph,0,1,1,CD8
8827,lymph,0,0,0,none
8828,lymph,0,0,0,none
8829,lymph,0,0,1,CD8
8830,lymph,0,0,0,none
8831,gran,0,0,0,none
8832,lymph,0,0,1,CD4
8833,gran,0,1,0,none
8834,gran,0,0,0,none
8835,lymph,0,0,0,none
8836,lymph,0,0,0,none
8837,lymph,0,0,0,none
8838,gran,0,0,0,none
8839,lymph,0,0,0,none
8840,lymph,0,0,1,CD4
8841,debris,0,0,0,none
8842,gran,0,0,0,none
8843,lymph,0,0,0,none
8844,debris,0,0,0,none
8845,lymph,0,1,0,none
8846,lymph,1,0,1,CD4
8847,lymph,0,1,1,CD8
8848,mono,0,0,0,none
8849,lymph,0,0,1,CD4
8850,gran,0,0,0,none
8851,lymph,0,0,1,DN
8852,lymph,0,0,0,none
8853,lymph,0,0,1,DN
8854,lymph,0,0,1,CD8
8855,lymph,1,0,1,CD8
8856,lymph,0,0,1,CD8
8857,gran,0,0,0,none
8858,lymph,0,0,1,DN
8859,lymph,0,0,1,CD4
8860,lymph,1,0,1,CD4
8861,lymph,0,0,1,CD4
8862,mono,0,0,0,none
8863,lymph,0,0,0,none
8864,lymph,0,0,1,CD4
8865,lymph,0,0,0,none
8866,lymph,0,0,1,CD8
8867,lymph,0,0,1,CD8
8868,debris,0,0,0,none
8869,lymph,0,0,0,none
8870,debris,0,0,0,none
8871,lymph,0,0,0,none
8872,lymph,0,0,0,none
8873,debris,0,0,0,none
8874,lymph,0,0,1,CD8
8875,lymph,0,0,0,none
8876,mono,0,0,0,none
8877,lymph,0,0,1,CD4
8878,gran,0,0,0,none
8879,lymph,0,1,1,CD8
8880,lymph,0,1,0,none
8881,gran,0,0,0,none
8882,lymph,1,0,1,CD8
8883,gran,0,0,0,none
8884,gran,0,0,0,none
8885,lymph,0,0,1,CD4
8886,lymph,0,0,1,CD4
8887,lymph,0,0,1,DN
8888,lymph,0,0,1,CD8
8889,lymph,0,0,0,none
8890,lymph,0,0,1,DN
8891,gran,0,0,0,none
8892,lymph,0,0,1,CD4
8893,lymph,0,0,0,none
8894,debris,0,0,0,none
8895,lymph,0,0,1,CD4
8896,gran,0,1,0,none
8897,gran,0,0,0,none
8898,lymph,0,1,1,DN
8899,lymph,0,0,1,DN
8900,lymph,0,0,0,none
8901,gran,0,0,0,none
8902,debris,0,0,0,none
8903,mono,0,0,0,none
8904,lymph,0,1,0,none
8905,lymph,0,0,0,none
8906,gran,0,0,0,none
8907,gran,0,0,0,none
8908,lymph,0,0,1,DN
8909,mono,0,0,0,none
8910,gran,0,0,0,none
8911,lymph,0,0,0,none
8912,lymph,0,1,0,none
8913,gran,0,0,0,none
8914,lymph,0,0,1,CD4
8915,lymph,1,0,1,CD4
8916,gran,0,0,0,none
8917,gran,1,0,0,none
8918,gran,0,0,0,none
8919,lymph,0,0,0,none
8920,debris,0,0,0,none
8921,lymph,0,0,0,none
8922,lymph,0,0,0,none
8923,lymph,0,0,1,CD8
8924,lymph,0,0,1,CD4
8925,lymph,0,1,0,none
8926,lymph,0,0,1,CD4
8927,gran,0,0,0,none
8928,lymph,0,0,1,DP
8929,debris,0,0,0,none
8930,lymph,0,0,1,CD8
8931,lymph,0,1,1,CD8
8932,lymph,0,0,1,CD4
8933,gran,0,0,0,none
8934,debris,0,0,0,none
8935,lymph,0,1,0,none
8936,lymph,0,0,1,CD4
8937,debris,0,0,0,none
8938,lymph,0,0,1,DN
8939,mono,0,0,0,none
8940,lymph,0,0,1,CD4
8941,gran,0,0,0,none
8942,gran,0,0,0,none
8943,lymph,0,0,0,none
8944,lymph,0,1,1,CD4
8945,lymph,0,0,1,DN
8946,lymph,0,0,1,CD4
8947,lymph,0,1,1,CD8
8948,lymph,0,0,1,CD4
8949,debris,0,0,0,none
8950,gran,0,0,0,none
8951,gran,0,0,0,none
8952,gran,0,0,0,none
8953,lymph,0,0,1,CD4
8954,gran,0,0,0,none
8955,debris,0,0,0,none
8956,lymph,0,0,0,none
8957,gran,0,0,0,none
8958,gran,0,1,0,none
8959,debris,0,0,0,none
8960,lymph,0,0,1,DP
8961,debris,0,0,0,none
8962,lymph,0,0,1,CD8
8963,lymph,0,0,1,CD4
8964,lymph,0,0,1,DN
8965,gran,0,0,0,none
8966,lymph,0,0,1,CD8
8967,lymph,0,0,1,DN
8968,lymph,0,0,1,CD4
8969,lymph,0,0,0,none
8970,lymph,0,0,1,CD4
8971,lymph,0,0,1,CD4
8972,lymph,0,0,1,CD8
8973,debris,0,0,0,none
8974,lymph,0,0,1,CD8
8975,lymph,0,1,1,CD4
8976,gran,0,0,0,none
8977,lymph,1,0,1,CD8
8978,lymph,0,0,1,CD8
8979,gran,0,0,0,none
8980,lymph,0,0,0,none
8981,lymph,0,0,1,CD4
8982,lymph,0,0,1,CD8
8983,debris,0,0,0,none
8984,lymph,0,0,1,DN
8985,lymph,0,1,1,DP
8986,lymph,0,0,1,CD8
8987,lymph,0,0,1,CD8
8988,lymph,0,0,1,CD8
8989,lymph,1,0,0,none
8990,lymph,0,0,1,CD4
8991,lymph,0,0,1,CD4
8992,lymph,0,0,0,none
8993,lymph,0,0,1,CD4
8994,mono,0,0,0,none
8995,gran,0,0,0,none
8996,debris,0,0,0,none
8997,gran,0,0,0,none
8998,lymph,0,0,1,CD4
8999,gran,0,0,0,none
9000,lymph,0,0,1,CD8
9001,lymph,0,0,0,none
9002,gran,0,0,0,none
9003,gran,0,0,0,none
9004,lymph,0,0,1,CD4
9005,lymph,0,0,1,CD4
9006,mono,0,0,0,none
9007,lymph,0,0,1,CD4
9008,lymph,0,0,0,none
9009,lymph,1,0,1,CD8
9010,lymph,0,0,1,CD4
9011,debris,0,0,0,none
9012,lymph,0,0,1,CD8
9013,lymph,0,0,0,none
9014,lymph,0,1,1,CD8
9015,lymph,0,0,0,none
9016,lymph,0,0,1,CD4
9017,gran,0,0,0,none
9018,debris,0,0,0,none
9019,lymph,0,0,1,CD4
9020,lymph,0,0,1,CD4
9021,lymph,0,0,1,CD4
9022,lymph,0,0,1,CD8
9023,lymph,0,0,0,none
9024,lymph,0,0,1,DP
9025,lymph,0,0,1,CD4
9026,mono,0,0,0,none
9027,gran,0,0,0,none
9028,lymph,0,0,1,CD8
9029,gran,1,0,0,none
9030,lymph,0,0,0,none
9031,debris,0,0,0,none
9032,lymph,1,0,1,CD8
9033,gran,0,0,0,none
9034,gran,0,0,0,none
9035,mono,0,0,0,none
9036,gran,0,0,0,none
9037,lymph,0,0,0,none
9038,lymph,0,0,0,none
9039,gran,0,0,0,none
9040,lymph,0,0,0,none
9041,gran,0,0,0,none
9042,lymph,1,0,1,CD4
9043,gran,0,0,0,none
9044,lymph,0,0,1,CD8
9045,gran,0,0,0,none
9046,lymph,0,0,0,none
9047,lymph,0,1,1,CD4
9048,debris,0,0,0,none
9049,gran,0,0,0,none
9050,lymph,0,0,0,none
9051,mono,0,0,0,none
9052,gran,0,0,0,none
9053,gran,0,0,0,none
9054,lymph,0,0,1,CD4
9055,lymph,0,0,0,none
9056,lymph,0,0,1,CD8
9057,gran,0,0,0,none
9058,debris,0,0,0,none
9059,lymph,0,0,1,CD4
9060,lymph,0,0,1,CD8
9061,lymph,0,0,0,none
9062,lymph,0,0,0,none
9063,gran,0,0,0,none
9064,debris,0,0,0,none
9065,lymph,0,0,0,none
9066,mono,0,0,0,none
9067,debris,0,0,0,none
9068,lymph,0,0,1,CD4
9069,mono,1,0,0,none
9070,gran,0,1,0,none
9071,lymph,1,0,0,none
9072,lymph,1,0,1,CD8
9073,lymph,0,0,1,CD4
9074,lymph,0,0,1,CD8
9075,lymph,0,0,1,DN
9076,lymph,0,0,1,CD4
9077,mono,0,0,0,none
9078,debris,0,0,0,none
9079,lymph,0,0,1,CD8
9080,debris,0,0,0,none
9081,lymph,0,1,1,CD4
9082,lymph,0,0,1,DN
9083,gran,0,0,0,none
9084,gran,0,0,0,none
9085,lymph,0,0,1,CD4
9086,mono,0,0,0,none
9087,gran,0,0,0,none
9088,mono,1,0,0,none
9089,lymph,0,0,1,CD4
9090,gran,1,0,0,none
9091,mono,0,0,0,none
9092,lymph,0,0,1,CD4
9093,gran,0,0,0,none
9094,lymph,0,0,1,CD4
9095,lymph,0,0,1,CD4
9096,lymph,0,0,0,none
9097,debris,0,0,0,none
9098,lymph,0,0,1,CD4
9099,lymph,0,0,1,CD4
9100,gran,0,0,0,none
9101,lymph,0,0,1,CD4
9102,lymph,0,0,0,none
9103,lymph,0,0,0,none
9104,lymph,0,0,0,none
9105,gran,0,0,0,none
9106,lymph,0,0,0,none
9107,lymph,0,0,1,CD8
9108,gran,0,0,0,none
9109,lymph,0,0,1,CD8
9110,lymph,0,0,1,CD8
9111,lymph,0,0,0,none
9112,lymph,0,0,1,CD4
9113,gran,0,1,0,none
9114,lymph,0,0,1,CD4
9115,lymph,0,0,1,CD4
9116,lymph,0,0,1,CD8
9117,lymph,0,0,1,CD4
9118,lymph,0,0,1,CD4
9119,debris,0,0,0,none
9120,debris,0,0,0,none
9121,lymph,0,0,0,none
9122,lymph,0,0,1,CD4
9123,debris,0,0,0,none
9124,lymph,0,0,0,none
9125,gran,1,0,0,none
9126,lymph,0,0,0,none
9127,lymph,0,0,1,CD4
9128,lymph,0,0,1,CD4
9129,gran,0,0,0,none
9130,lymph,0,0,1,DP
9131,lymph,0,0,0,none
9132,debris,0,0,0,none
9133,lymph,0,0,1,CD4
9134,gran,0,0,0,none
9135,lymph,0,0,0,none
9136,lymph,0,0,1,CD8
9137,lymph,0,0,1,CD4
9138,lymph,0,0,1,CD4
9139,mono,0,0,0,none
9140,lymph,0,0,1,CD8
9141,lymph,0,0,0,none
9142,gran,0,0,0,none
9143,gran,0,0,0,none
9144,debris,0,0,0,none
9145,mono,0,0,0,none
9146,lymph,1,0,1,CD4
9147,lymph,0,0,1,CD4
9148,lymph,0,0,0,none
9149,mono,0,0,0,none
9150,lymph,0,0,0,none
9151,lymph,0,0,0,none
9152,lymph,0,0,0,none
9153,lymph,0,1,1,CD8
9154,gran,0,0,0,none
9155,lymph,0,0,1,CD4
9156,lymph,0,1,0,none
9157,lymph,0,0,1,DN
9158,lymph,0,0,1,CD8
9159,lymph,0,1,1,CD4
9160,lymph,0,0,1,CD4
9161,lymph,0,1,1,CD4
9162,lymph,0,0,0,none
9163,lymph,0,0,1,DN
9164,gran,0,0,0,none
9165,gran,0,0,0,none
9166,lymph,1,0,1,DN
9167,gran,1,0,0,none
9168,lymph,0,0,0,none
9169,debris,0,0,0,none
9170,lymph,0,0,0,none
9171,lymph,0,0,1,CD4
9172,lymph,0,0,1,CD4
9173,mono,0,0,0,none
9174,debris,0,0,0,none
9175,lymph,1,0,1,CD8
9176,lymph,0,0,0,none
9177,lymph,0,0,1,CD4
9178,lymph,0,0,1,DN
9179,lymph,0,0,1,CD4
9180,lymph,0,0,0,none
9181,lymph,0,0,0,none
9182,lymph,1,0,1,CD8
9183,gran,0,0,0,none
9184,lymph,0,0,1,CD4
9185,gran,0,1,0,none
9186,mono,0,0,0,none
9187,lymph,0,0,1,CD8
9188,mono,1,0,0,none
9189,lymph,0,1,1,CD4
9190,lymph,0,0,0,none
9191,lymph,0,0,1,CD4
9192,lymph,0,0,0,none
9193,lymph,0,0,0,none
9194,lymph,0,0,1,CD4
9195,lymph,0,0,1,CD4
9196,gran,0,0,0,none
9197,lymph,0,0,0,none
9198,gran,0,0,0,none
9199,lymph,0,0,0,none
9200,lymph,0,0,1,DP
9201,lymph,0,0,1,CD4
9202,lymph,0,0,0,none
9203,lymph,0,0,0,none
9204,lymph,0,0,0,none
9205,debris,0,0,0,none
9206,debris,0,0,0,none
9207,lymph,0,0,1,CD4
9208,lymph,0,0,0,none
9209,lymph,0,0,0,none
9210,lymph,0,0,1,CD4
9211,debris,0,0,0,none
9212,mono,0,0,0,none
9213,lymph,0,0,1,CD4
9214,lymph,0,0,1,CD8
9215,debris,0,0,0,none
9216,lymph,0,1,1,CD4
9217,lymph,1,0,0,none
9218,mono,0,0,0,none
9219,lymph,0,1,1,CD4
9220,lymph,0,0,0,none
9221,lymph,0,1,1,CD8
9222,mono,0,0,0,none
9223,gran,0,0,0,none
9224,debris,0,0,0,none
9225,gran,0,0,0,none
9226,lymph,0,0,1,DN
9227,gran,0,0,0,none
9228,lymph,0,0,1,CD4
9229,lymph,0,0,1,CD8
9230,lymph,0,0,1,DP
9231,lymph,0,0,1,CD8
9232,gran,0,0,0,none
9233,lymph,0,0,0,none
9234,lymph,0,0,1,CD4
9235,gran,0,0,0,none
9236,gran,0,0,0,none
9237,lymph,0,0,1,CD8
9238,lymph,0,1,1,CD8
9239,lymph,0,1,1,CD4
9240,lymph,0,0,0,none
9241,lymph,0,0,1,CD8
9242,lymph,0,0,1,CD4
9243,debris,0,0,0,none
9244,lymph,0,0,1,CD4
9245,lymph,0,0,0,none
9246,lymph,0,0,1,CD8
9247,lymph,0,0,1,CD8
9248,mono,0,0,0,none
9249,lymph,0,0,1,CD8
9250,lymph,0,0,0,none
9251,lymph,0,0,1,DN
9252,lymph,0,0,1,CD4
9253,lymph,0,0,0,none
9254,gran,0,0,0,none
9255,debris,0,0,0,none
9256,gran,0,1,0,none
9257,gran,0,0,0,none
9258,gran,0,0,0,none
9259,lymph,0,0,1,CD8
9260,gran,0,1,0,none
9261,gran,0,0,0,none
9262,mono,0,0,0,none
9263,gran,0,0,0,none
9264,lymph,1,0,1,CD4
9265,debris,0,0,0,none
9266,gran,1,0,0,none
9267,lymph,0,0,0,none
9268,lymph,0,0,1,CD4
9269,lymph,0,0,1,CD8
9270,lymph,0,0,1,CD4
9271,lymph,0,0,1,CD8
9272,gran,0,0,0,none
9273,debris,0,0,0,none
9274,lymph,0,1,1,DN
9275,lymph,0,0,1,CD8
9276,lymph,0,0,0,none
9277,lymph,1,0,1,CD8
9278,lymph,0,0,1,CD8
9279,debris,0,0,0,none
9280,lymph,0,0,0,none
9281,debris,0,0,0,none
9282,lymph,0,0,1,CD4
9283,lymph,0,0,1,CD4
9284,lymph,0,0,1,CD4
9285,mono,0,0,0,none
9286,lymph,0,0,1,CD8
9287,mono,0,0,0,none
9288,lymph,0,0,0,none
9289,lymph,0,0,1,CD8
9290,mono,0,0,0,none
9291,gran,0,0,0,none
9292,gran,0,0,0,none
9293,lymph,0,0,1,CD8
9294,lymph,0,0,0,none
9295,lymph,0,1,1,CD8
9296,lymph,0,0,1,CD4
9297,lymph,0,0,1,CD8
9298,lymph,0,0,1,DP
9299,mono,0,0,0,none
9300,gran,0,0,0,none
9301,lymph,0,0,1,DP
9302,gran,0,0,0,none
9303,gran,0,0,0,none
9304,debris,0,0,0,none
9305,mono,0,0,0,none
9306,gran,0,0,0,none
9307,debris,0,0,0,none
9308,lymph,0,0,1,CD8
9309,lymph,0,0,0,none
9310,lymph,0,0,1,CD4
9311,debris,0,0,0,none
9312,lymph,0,0,0,none
9313,lymph,0,0,0,none
9314,lymph,0,0,1,CD4
9315,lymph,0,1,1,CD4
9316,debris,0,0,0,none
9317,lymph,0,0,0,none
9318,lymph,0,0,1,CD8
9319,lymph,0,0,0,none
9320,lymph,0,0,1,CD4
9321,lymph,0,0,0,none
9322,gran,0,0,0,none
9323,lymph,0,0,1,CD4
9324,debris,0,0,0,none
9325,gran,0,0,0,none
9326,lymph,0,0,1,CD4
9327,mono,0,0,0,none
9328,mono,0,0,0,none
9329,lymph,0,0,1,CD4
9330,mono,1,0,0,none
9331,debris,0,0,0,none
9332,debris,0,0,0,none
9333,lymph,0,0,0,none
9334,mono,0,0,0,none
9335,lymph,0,0,1,CD8
9336,lymph,0,0,1,CD4
9337,lymph,0,0,1,CD4
9338,debris,0,0,0,none
9339,lymph,0,0,1,CD8
9340,lymph,0,0,1,DP
9341,lymph,0,0,0,none
9342,debris,0,0,0,none
9343,lymph,0,0,0,none
9344,mono,0,0,0,none
9345,gran,0,0,0,none
9346,lymph,0,0,1,CD8
9347,lymph,0,0,1,CD4
9348,debris,0,0,0,none
9349,mono,0,0,0,none
9350,gran,1,0,0,none
9351,gran,0,0,0,none
9352,debris,0,0,0,none
9353,gran,1,0,0,none
9354,mono,0,0,0,none
9355,mono,0,1,0,none
9356,lymph,0,0,1,CD4
9357,lymph,0,0,1,CD4
9358,lymph,1,1,1,CD4
9359,lymph,0,0,0,none
9360,lymph,0,0,1,CD4
9361,gran,0,0,0,none
9362,debris,0,0,0,none
9363,gran,0,0,0,none
9364,lymph,0,0,1,CD4
9365,gran,0,0,0,none
9366,lymph,0,0,1,CD4
9367,gran,0,0,0,none
9368,lymph,0,0,1,DP
9369,lymph,0,0,1,CD4
9370,lymph,0,0,0,none
9371,lymph,0,0,1,DP
9372,gran,0,0,0,none
9373,mono,0,0,0,none
9374,mono,0,0,0,none
9375,lymph,0,0,1,DN
9376,lymph,0,0,1,CD8
9377,gran,0,0,0,none
9378,lymph,1,0,1,CD8
9379,lymph,0,0,0,none
9380,gran,0,0,0,none
9381,lymph,0,0,1,CD4
9382,lymph,0,0,1,CD4
9383,debris,0,0,0,none
9384,lymph,0,0,0,none
9385,lymph,0,0,1,CD8
9386,lymph,0,0,0,none
9387,gran,0,0,0,none
9388,mono,0,0,0,none
9389,lymph,1,0,0,none
9390,lymph,0,0,0,none
9391,lymph,0,0,1,CD4
9392,lymph,0,0,1,CD8
9393,lymph,0,0,0,none
9394,mono,0,0,0,none
9395,lymph,1,0,1,CD4
9396,lymph,0,0,1,CD4
9397,mono,0,0,0,none
9398,lymph,0,0,1,CD4
9399,lymph,0,0,1,CD8
9400,mono,0,0,0,none
9401,gran,0,1,0,none
9402,lymph,0,0,0,none
9403,debris,0,0,0,none
9404,gran,0,0,0,none
9405,lymph,0,0,1,CD8
9406,lymph,0,0,1,CD4
9407,lymph,0,0,1,CD8
9408,lymph,0,0,1,CD4
9409,lymph,0,0,0,none
9410,lymph,0,0,0,none
9411,debris,0,0,0,none
9412,lymph,0,0,0,none
9413,lymph,0,0,1,CD8
9414,lymph,0,0,1,DN
9415,lymph,0,0,0,none
9416,lymph,0,0,1,CD4
9417,mono,0,0,0,none
9418,lymph,0,0,1,CD4
9419,mono,0,1,0,none
9420,lymph,1,0,1,DN
9421,gran,0,0,0,none
9422,lymph,0,0,1,CD8
9423,lymph,0,1,0,none
9424,gran,1,0,0,none
9425,lymph,0,0,1,CD4
9426,lymph,0,0,1,CD8
9427,lymph,0,0,1,CD4
9428,lymph,0,0,0,none
9429,lymph,0,0,0,none
9430,lymph,0,0,1,CD8
9431,debris,0,0,0,none
9432,lymph,0,0,1,CD4
9433,debris,0,0,0,none
9434,lymph,0,0,1,CD8
9435,lymph,0,0,1,CD4
9436,lymph,1,0,0,none
9437,lymph,0,0,1,DP
9438,mono,0,1,0,none
9439,debris,0,0,0,none
9440,lymph,0,0,1,CD4
9441,gran,0,0,0,none
9442,debris,0,0,0,none
9443,lymph,0,0,1,CD8
9444,lymph,0,1,1,CD8
9445,mono,0,0,0,none
9446,gran,0,1,0,none
9447,lymph,0,0,1,CD4
9448,lymph,0,1,1,CD4
9449,gran,0,0,0,none
9450,lymph,0,1,0,none
9451,debris,0,0,0,none
9452,debris,0,0,0,none
9453,debris,0,0,0,none
9454,lymph,0,0,1,CD8
9455,lymph,0,0,1,DP
9456,lymph,0,0,1,CD8
9457,lymph,0,0,0,none
9458,debris,0,0,0,none
9459,lymph,0,0,1,CD8
9460,lymph,0,0,1,CD8
9461,lymph,0,0,1,CD4
9462,mono,0,0,0,none
9463,debris,0,0,0,none
9464,lymph,0,0,1,CD4
9465,gran,0,0,0,none
9466,mono,0,0,0,none
9467,mono,0,0,0,none
9468,lymph,0,0,1,CD4
9469,gran,0,0,0,none
9470,lymph,0,0,0,none
9471,lymph,0,0,1,CD8
9472,mono,0,0,0,none
9473,lymph,1,0,0,none
9474,debris,0,0,0,none
9475,lymph,0,0,1,CD8
9476,lymph,0,0,1,DN
9477,lymph,0,0,0,none
9478,lymph,0,0,1,CD4
9479,lymph,1,0,1,CD4
9480,mono,0,0,0,none
9481,gran,1,0,0,none
9482,lymph,0,0,1,CD8
9483,lymph,0,0,0,none
9484,lymph,0,1,1,CD8
9485,lymph,0,0,1,CD4
9486,lymph,0,0,1,CD4
9487,debris,0,0,0,none
9488,lymph,0,0,1,CD4
9489,mono,0,0,0,none
9490,gran,0,0,0,none
9491,lymph,0,1,0,none
9492,lymph,0,0,0,none
9493,mono,0,0,0,none
9494,gran,0,0,0,none
9495,mono,0,0,0,none
9496,debris,0,0,0,none
9497,gran,0,0,0,none
9498,gran,0,0,0,none
9499,lymph,0,0,0,none
9500,lymph,0,0,0,none
9501,lymph,0,0,1,CD8
9502,lymph,0,0,1,CD4
9503,lymph,0,0,0,none
9504,lymph,0,0,1,CD8
9505,lymph,0,0,1,CD8
9506,lymph,0,0,1,CD8
9507,lymph,1,0,1,DN
9508,lymph,0,0,1,CD8
9509,lymph,0,0,0,none
9510,lymph,0,0,1,CD4
9511,lymph,0,0,1,CD8
9512,debris,0,0,0,none
9513,gran,0,0,0,none
9514,lymph,0,0,0,none
9515,lymph,0,0,1,CD8
9516,gran,0,0,0,none
9517,gran,0,0,0,none
9518,gran,0,0,0,none
9519,debris,0,0,0,none
9520,lymph,0,0,1,CD4
9521,lymph,0,0,1,CD4
9522,lymph,0,0,1,CD4
9523,gran,0,0,0,none
9524,mono,0,0,0,none
9525,gran,0,0,0,none
9526,lymph,0,0,1,CD4
9527,mono,0,0,0,none
9528,gran,0,1,0,none
9529,gran,0,0,0,none
9530,lymph,0,1,0,none
9531,lymph,0,0,0,none
9532,lymph,0,0,0,none
9533,gran,0,0,0,none
9534,gran,0,0,0,none
9535,lymph,0,0,1,CD4
9536,lymph,0,0,0,none
9537,lymph,1,0,1,CD4
9538,lymph,0,0,0,none
9539,mono,0,0,0,none
9540,lymph,0,0,1,DP
9541,gran,0,0,0,none
9542,lymph,0,0,1,CD4
9543,lymph,0,0,0,none
9544,lymph,0,0,1,CD8
9545,lymph,0,0,1,CD8
9546,mono,0,0,0,none
9547,lymph,0,0,1,CD4
9548,debris,0,0,0,none
9549,lymph,0,0,1,CD8
9550,mono,0,0,0,none
9551,gran,0,0,0,none
9552,gran,0,0,0,none
9553,debris,0,0,0,none
9554,lymph,0,1,1,CD8
9555,gran,0,0,0,none
9556,gran,0,0,0,none
9557,lymph,0,0,0,none
9558,mono,0,0,0,none
9559,lymph,0,0,0,none
9560,lymph,0,0,0,none
9561,lymph,0,0,1,CD4
9562,gran,0,0,0,none
9563,gran,1,0,0,none
9564,lymph,0,0,0,none
9565,lymph,0,0,1,CD8
9566,debris,0,0,0,none
9567,lymph,0,0,1,CD8
9568,lymph,0,0,1,CD4
9569,lymph,0,0,0,none
9570,mono,0,0,0,none
9571,gran,0,0,0,none
9572,debris,0,0,0,none
9573,mono,0,0,0,none
9574,mono,0,0,0,none
9575,lymph,0,0,1,CD8
9576,lymph,0,0,0,none
9577,debris,0,0,0,none
9578,lymph,0,0,1,CD4
9579,lymph,0,0,1,DN
9580,lymph,0,0,0,none
9581,gran,1,0,0,none
9582,lymph,0,0,0,none
9583,mono,0,0,0,none
9584,debris,0,0,0,none
9585,gran,0,0,0,none
9586,lymph,0,0,1,CD8
9587,debris,0,0,0,none
9588,lymph,0,0,1,CD4
9589,lymph,1,0,1,CD8
9590,gran,0,0,0,none
9591,debris,0,0,0,none
9592,lymph,0,0,0,none
9593,lymph,0,0,1,CD8
9594,mono,0,0,0,none
9595,lymph,0,0,1,CD4
9596,lymph,0,0,0,none
9597,lymph,0,0,1,CD4
9598,lymph,0,0,1,DP
9599,mono,0,0,0,none
9600,mono,0,0,0,none
9601,lymph,0,0,1,CD8
9602,lymph,0,0,1,CD4
9603,mono,0,0,0,none
9604,gran,0,0,0,none
9605,lymph,0,0,1,CD8
9606,mono,0,0,0,none
9607,mono,0,0,0,none
9608,gran,0,0,0,none
9609,debris,0,0,0,none
9610,lymph,0,0,1,CD4
9611,lymph,0,0,0,none
9612,lymph,0,0,1,CD4
9613,debris,0,0,0,none
9614,debris,0,0,0,none
9615,gran,0,0,0,none
9616,mono,0,0,0,none
9617,mono,0,0,0,none
9618,gran,0,0,0,none
9619,lymph,0,0,1,CD4
9620,gran,0,0,0,none
9621,lymph,0,0,0,none
9622,gran,0,1,0,none
9623,lymph,0,0,0,none
9624,lymph,0,0,1,DN
9625,mono,0,0,0,none
9626,lymph,0,0,1,CD8
9627,gran,0,0,0,none
9628,mono,0,0,0,none
9629,lymph,0,0,1,CD4
9630,debris,0,0,0,none
9631,lymph,0,0,0,none
9632,lymph,0,0,1,CD8
9633,lymph,0,0,1,CD4
9634,mono,0,0,0,none
9635,debris,0,0,0,none
9636,lymph,0,0,1,CD4
9637,gran,0,0,0,none
9638,lymph,0,0,1,CD4
9639,debris,0,0,0,none
9640,lymph,0,0,1,CD8
9641,gran,0,0,0,none
9642,lymph,0,0,1,DN
9643,lymph,0,0,1,CD4
9644,lymph,0,0,0,none
9645,gran,0,0,0,none
9646,gran,1,0,0,none
9647,lymph,0,0,0,none
9648,lymph,0,0,1,CD8
9649,lymph,0,0,0,none
9650,mono,0,0,0,none
9651,lymph,0,0,0,none
9652,gran,0,1,0,none
9653,gran,0,0,0,none
9654,lymph,1,1,1,CD4
9655,lymph,0,0,0,none
9656,lymph,0,1,0,none
9657,lymph,1,0,1,DP
9658,mono,0,0,0,none
9659,lymph,0,0,0,none
9660,gran,0,0,0,none
9661,lymph,0,0,1,CD4
9662,lymph,1,0,1,CD4
9663,lymph,0,1,0,none
9664,lymph,0,0,1,CD8
9665,lymph,0,1,0,none
9666,lymph,0,0,1,CD8
9667,mono,0,0,0,none
9668,debris,0,0,0,none
9669,lymph,0,1,1,DP
9670,lymph,0,0,1,CD4
9671,gran,0,0,0,none
9672,lymph,0,0,0,none
9673,gran,0,0,0,none
9674,lymph,0,0,0,none
9675,lymph,0,0,1,CD4
9676,lymph,0,0,1,CD8
9677,lymph,0,1,1,CD8
9678,gran,0,0,0,none
9679,debris,0,0,0,none
9680,lymph,0,0,1,CD4
9681,lymph,0,0,0,none
9682,lymph,0,0,0,none
9683,gran,0,0,0,none
9684,lymph,0,0,0,none
9685,lymph,0,0,0,none
9686,gran,0,0,0,none
9687,lymph,0,0,0,none
9688,gran,0,0,0,none
9689,lymph,0,0,0,none
9690,lymph,1,0,1,CD4
9691,lymph,1,0,1,CD4
9692,gran,0,0,0,none
9693,lymph,0,0,1,CD4
9694,lymph,0,0,1,CD8
9695,debris,0,0,0,none
9696,lymph,0,0,1,CD4
9697,gran,0,0,0,none
9698,lymph,0,0,1,CD4
9699,gran,0,0,0,none
9700,lymph,0,0,1,CD8
9701,gran,0,0,0,none
9702,gran,0,0,0,none
9703,lymph,0,0,1,CD8
9704,gran,0,0,0,none
9705,lymph,0,0,1,CD4
9706,lymph,0,0,1,CD4
9707,mono,0,0,0,none
9708,lymph,0,0,0,none
9709,mono,0,0,0,none
9710,mono,0,0,0,none
9711,mono,0,0,0,none
9712,lymph,0,0,1,DN
9713,lymph,0,0,1,CD4
9714,lymph,0,0,1,CD8
9715,lymph,0,0,1,CD4
9716,lymph,0,0,1,CD4
9717,lymph,0,0,1,CD8
9718,lymph,0,0,1,DN
9719,lymph,0,0,1,CD4
9720,lymph,0,0,1,CD8
9721,mono,0,0,0,none
9722,lymph,0,0,1,CD8
9723,lymph,0,0,1,CD4
9724,lymph,0,0,0,none
9725,gran,0,0,0,none
9726,lymph,0,0,1,CD4
9727,lymph,1,0,1,CD8
9728,lymph,0,0,1,CD4
9729,lymph,0,0,0,none
9730,mono,0,0,0,none
9731,lymph,0,0,1,CD8
9732,lymph,0,0,0,none
9733,lymph,0,0,0,none
9734,mono,1,0,0,none
9735,lymph,0,0,1,CD4
9736,lymph,0,0,0,none
9737,lymph,0,0,1,CD8
9738,lymph,0,0,1,CD8
9739,debris,0,0,0,none
9740,lymph,0,0,1,CD4
9741,mono,0,0,0,none
9742,lymph,0,0,1,CD4
9743,mono,0,0,0,none
9744,gran,0,0,0,none
9745,gran,0,0,0,none
9746,lymph,0,0,1,CD4
9747,lymph,0,0,1,CD4
9748,mono,0,0,0,none
9749,gran,0,0,0,none
9750,mono,0,0,0,none
9751,gran,0,0,0,none
9752,lymph,0,1,1,CD4
9753,lymph,0,0,0,none
9754,lymph,0,0,0,none
9755,lymph,0,0,1,CD4
9756,lymph,1,0,1,DN
9757,lymph,0,0,1,CD8
9758,debris,0,0,0,none
9759,lymph,0,0,0,none
9760,lymph,0,0,1,CD8
9761,lymph,0,0,1,CD4
9762,lymph,0,0,1,CD8
9763,lymph,0,0,0,none
9764,lymph,0,0,1,CD8
9765,lymph,0,0,1,CD4
9766,gran,0,0,0,none
9767,lymph,0,0,1,CD4
9768,gran,0,0,0,none
9769,lymph,0,0,1,CD4
9770,mono,0,0,0,none
9771,lymph,0,0,1,DN
9772,lymph,0,0,0,none
9773,lymph,0,0,1,CD8
9774,lymph,0,0,0,none
9775,lymph,0,0,1,CD4
9776,lymph,0,0,0,none
9777,lymph,0,0,1,CD4
9778,lymph,0,0,0,none
9779,gran,0,0,0,none
9780,gran,0,1,0,none
9781,lymph,0,0,1,CD4
9782,lymph,0,0,1,CD8
9783,lymph,0,0,1,CD4
9784,gran,0,0,0,none
9785,lymph,0,0,1,CD8
9786,lymph,0,0,1,CD4
9787,gran,0,0,0,none
9788,lymph,0,0,0,none
9789,lymph,0,0,0,none
9790,lymph,0,0,1,CD8
9791,lymph,0,0,0,none
9792,lymph,1,0,1,DP
9793,gran,0,0,0,none
9794,lymph,1,0,1,CD8
9795,lymph,0,0,1,CD4
9796,mono,0,0,0,none
9797,lymph,0,0,1,CD8
9798,lymph,0,0,1,CD4
9799,lymph,0,0,0,none
9800,gran,0,0,0,none
9801,lymph,0,0,1,CD8
9802,lymph,0,0,1,DN
9803,lymph,0,0,1,CD4
9804,lymph,0,0,1,CD8
9805,gran,0,0,0,none
9806,gran,0,1,0,none
9807,gran,0,0,0,none
9808,lymph,1,0,0,none
9809,lymph,0,0,1,CD8
9810,lymph,0,0,0,none
9811,mono,0,0,0,none
9812,lymph,0,0,1,CD4
9813,gran,0,0,0,none
9814,lymph,0,0,1,DP
9815,lymph,0,0,0,none
9816,lymph,0,0,1,CD4
9817,lymph,0,0,1,CD4
9818,lymph,0,0,1,CD4
9819,lymph,0,0,1,CD4
9820,debris,0,0,0,none
9821,mono,0,0,0,none
9822,lymph,0,0,1,CD8
9823,mono,0,0,0,none
9824,mono,0,0,0,none
9825,lymph,0,0,1,CD8
9826,lymph,0,0,0,none
9827,lymph,0,0,0,none
9828,mono,0,0,0,none
9829,lymph,0,0,1,CD8
9830,lymph,0,0,1,CD4
9831,mono,0,0,0,none
9832,debris,0,0,0,none
9833,lymph,0,0,1,CD8
9834,lymph,0,0,1,CD4
9835,lymph,0,1,1,CD8
9836,gran,0,0,0,none
9837,lymph,0,0,0,none
9838,lymph,0,0,1,CD8
9839,gran,0,0,0,none
9840,lymph,0,0,1,CD4
9841,mono,0,0,0,none
9842,mono,0,0,0,none
9843,lymph,0,0,1,CD4
9844,mono,0,0,0,none
9845,lymph,0,0,0,none
9846,mono,0,0,0,none
9847,lymph,0,0,1,CD4
9848,lymph,0,0,0,none
9849,debris,0,0,0,none
9850,mono,0,0,0,none
9851,mono,0,0,0,none
9852,gran,0,0,0,none
9853,mono,0,0,0,none
9854,lymph,0,0,1,CD8
9855,gran,0,0,0,none
9856,lymph,0,0,1,CD4
9857,gran,0,0,0,none
9858,lymph,0,0,1,CD4
9859,mono,0,0,0,none
9860,lymph,0,0,0,none
9861,gran,0,1,0,none
9862,lymph,0,0,0,none
9863,lymph,0,0,1,CD8
9864,lymph,0,0,1,DN
9865,lymph,0,0,1,CD8
9866,gran,0,0,0,none
9867,debris,0,0,0,none
9868,debris,0,0,0,none
9869,lymph,0,0,1,CD8
9870,mono,0,0,0,none
9871,mono,0,0,0,none
9872,lymph,0,0,0,none
9873,lymph,0,0,1,DP
9874,mono,0,0,0,none
9875,lymph,0,0,1,CD8
9876,lymph,0,0,1,CD4
9877,mono,0,0,0,none
9878,lymph,0,0,1,CD8
9879,lymph,1,0,0,none
9880,lymph,0,0,1,CD8
9881,lymph,0,0,1,CD4
9882,gran,0,0,0,none
9883,gran,0,1,0,none
9884,lymph,0,0,0,none
9885,lymph,0,0,1,CD8
9886,lymph,0,0,1,CD4
9887,lymph,1,0,0,none
9888,lymph,0,0,1,CD4
9889,debris,0,0,0,none
9890,lymph,0,0,1,CD4
9891,lymph,0,0,1,CD8
9892,debris,0,0,0,none
9893,lymph,0,0,1,CD8
9894,lymph,0,0,0,none
9895,gran,1,0,0,none
9896,debris,0,0,0,none
9897,gran,0,0,0,none
9898,lymph,0,0,1,CD8
9899,lymph,0,0,1,CD4
9900,lymph,0,0,1,CD4
9901,lymph,0,0,1,CD4
9902,lymph,0,0,1,CD4
9903,gran,0,0,0,none
9904,lymph,0,1,1,CD4
9905,lymph,0,0,1,CD8
9906,debris,0,0,0,none
9907,lymph,0,0,1,CD8
9908,gran,0,0,0,none
9909,debris,0,0,0,none
9910,lymph,0,0,0,none
9911,mono,0,0,0,none
9912,lymph,1,0,0,none
9913,gran,0,0,0,none
9914,lymph,0,0,1,CD4
9915,mono,0,0,0,none
9916,lymph,0,0,1,CD8
9917,lymph,0,1,1,CD4
9918,gran,0,0,0,none
9919,lymph,0,1,0,none
9920,mono,0,1,0,none
9921,lymph,0,0,1,DN
9922,lymph,0,0,1,CD4
9923,mono,0,0,0,none
9924,gran,0,0,0,none
9925,gran,0,0,0,none
9926,lymph,0,0,1,CD8
9927,mono,0,0,0,none
9928,lymph,0,0,1,DN
9929,lymph,0,0,1,CD8
9930,lymph,0,0,1,DN
9931,lymph,0,0,0,none
9932,lymph,0,0,1,CD4
9933,gran,0,0,0,none
9934,lymph,0,0,1,CD4
9935,gran,0,0,0,none
9936,gran,0,0,0,none
9937,lymph,0,0,0,none
9938,lymph,1,0,1,CD4
9939,debris,0,0,0,none
9940,lymph,1,0,1,CD8
9941,debris,0,0,0,none
9942,debris,0,0,0,none
9943,lymph,0,0,1,DP
9944,debris,0,0,0,none
9945,lymph,1,0,0,none
9946,lymph,0,0,1,CD4
9947,gran,0,0,0,none
9948,lymph,0,0,0,none
9949,mono,0,0,0,none
9950,debris,0,0,0,none
9951,lymph,0,0,0,none
9952,lymph,0,0,0,none
9953,debris,0,0,0,none
9954,debris,0,0,0,none
9955,lymph,0,0,1,CD8
9956,debris,0,0,0,none
9957,mono,0,0,0,none
9958,lymph,0,0,1,CD4
9959,lymph,0,0,1,CD8
9960,gran,0,0,0,none
9961,gran,0,0,0,none
9962,mono,0,1,0,none
9963,gran,0,0,0,none
9964,lymph,0,0,1,CD4
9965,lymph,0,0,1,CD4
9966,lymph,0,0,1,CD4
9967,lymph,0,0,1,CD4
9968,lymph,0,0,1,CD4
9969,lymph,0,0,1,CD4
9970,mono,0,0,0,none
9971,lymph,0,0,1,CD8
9972,lymph,0,0,1,CD4
9973,mono,0,0,0,none
9974,lymph,0,0,1,DP
9975,debris,0,0,0,none
9976,mono,1,0,0,none
9977,lymph,0,0,1,CD4
9978,lymph,0,0,1,CD8
9979,lymph,0,0,0,none
9980,lymph,0,1,1,CD4
9981,gran,1,0,0,none
9982,lymph,0,0,1,CD8
9983,lymph,0,0,0,none
9984,lymph,0,0,0,none
9985,lymph,0,0,1,CD8
9986,gran,0,0,0,none
9987,gran,0,1,0,none
9988,lymph,0,1,0,none
9989,mono,0,0,0,none
9990,lymph,0,0,1,CD8
9991,lymph,0,0,1,CD8
9992,debris,0,0,0,none
9993,debris,0,0,0,none
9994,gran,0,1,0,none
9995,lymph,0,0,1,DP
9996,lymph,0,0,0,none
9997,gran,0,0,0,none
9998,lymph,0,0,0,none
9999,lymph,0,0,0,none
10000,lymph,0,0,0,none
10001,lymph,0,0,1,CD8
10002,debris,0,0,0,none
10003,lymph,0,0,1,CD8
10004,lymph,0,0,1,CD4
10005,mono,0,0,0,none
10006,gran,0,0,0,none
10007,lymph,0,0,1,CD8
10008,lymph,1,0,0,none
10009,lymph,0,0,1,CD4
10010,debris,0,0,0,none
10011,lymph,0,0,0,none
10012,lymph,0,0,1,CD4
10013,lymph,0,0,0,none
10014,lymph,0,1,1,CD8
10015,lymph,0,0,1,CD8
10016,lymph,0,0,1,DN
10017,mono,0,0,0,none
10018,gran,0,0,0,none
10019,lymph,1,0,1,CD8
10020,lymph,0,0,1,CD4
10021,debris,0,0,0,none
10022,gran,0,0,0,none
10023,lymph,0,0,1,CD8
10024,lymph,0,0,1,DN
10025,gran,0,0,0,none
10026,mono,0,0,0,none
10027,mono,0,0,0,none
10028,mono,0,0,0,none
10029,gran,0,0,0,none
10030,lymph,0,1,1,CD8
10031,lymph,0,0,1,CD4
10032,lymph,0,0,0,none
10033,lymph,0,1,1,CD8
10034,debris,0,0,0,none
10035,mono,0,0,0,none
10036,lymph,0,0,0,none
10037,lymph,0,0,0,none
10038,lymph,0,0,1,CD4
10039,gran,0,0,0,none
10040,lymph,0,0,1,CD4
10041,lymph,0,0,1,CD4
10042,lymph,0,0,1,CD4
10043,gran,0,0,0,none
10044,lymph,0,0,1,CD4
10045,lymph,0,0,1,CD4
10046,lymph,0,1,0,none
10047,mono,0,0,0,none
10048,gran,1,0,0,none
10049,lymph,0,1,1,CD4
10050,debris,0,0,0,none
10051,lymph,0,0,0,none
10052,debris,0,0,0,none
10053,gran,0,0,0,none
10054,lymph,0,0,1,CD4
10055,gran,0,0,0,none
10056,lymph,1,0,1,CD8
10057,debris,0,0,0,none
10058,gran,0,0,0,none
10059,gran,0,0,0,none
10060,lymph,0,0,1,CD8
10061,mono,0,0,0,none
10062,lymph,0,1,1,CD4
10063,lymph,0,0,1,CD8
10064,lymph,0,0,0,none
10065,lymph,0,0,0,none
10066,mono,0,0,0,none
10067,mono,0,0,0,none
10068,gran,1,0,0,none
10069,gran,0,0,0,none
10070,mono,1,0,0,none
10071,mono,0,0,0,none
10072,debris,0,0,0,none
10073,debris,0,0,0,none
10074,lymph,0,0,1,CD4
10075,lymph,0,0,1,CD4
10076,lymph,0,0,0,none
10077,mono,0,0,0,none
10078,lymph,0,0,1,CD4
10079,lymph,0,0,1,CD4
10080,lymph,0,0,1,CD8
10081,gran,1,0,0,none
10082,gran,0,0,0,none
10083,lymph,0,0,1,CD8
10084,lymph,0,1,1,CD8
10085,lymph,0,0,1,CD8
10086,gran,0,0,0,none
10087,lymph,0,0,1,CD8
10088,gran,0,0,0,none
10089,lymph,0,0,1,CD8
10090,lymph,0,0,0,none
10091,lymph,0,0,1,CD4
10092,debris,0,0,0,none
10093,lymph,0,0,1,CD4
10094,lymph,0,0,1,CD4
10095,debris,0,0,0,none
10096,lymph,0,0,1,CD8
10097,mono,0,0,0,none
10098,lymph,0,0,1,CD4
10099,lymph,0,0,1,CD8
10100,mono,0,0,0,none
10101,lymph,0,0,1,CD4
10102,lymph,0,0,0,none
10103,lymph,0,0,0,none
10104,mono,0,0,0,none
10105,lymph,0,0,1,CD4
10106,gran,1,0,0,none
10107,lymph,0,0,1,CD4
10108,lymph,0,0,1,DN
10109,mono,0,0,0,none
10110,lymph,0,0,1,CD4
10111,mono,0,1,0,none
10112,lymph,0,0,1,CD8
10113,lymph,0,0,1,CD4
10114,mono,0,1,0,none
10115,lymph,0,0,1,DP
10116,debris,0,0,0,none
10117,gran,0,0,0,none
10118,lymph,0,0,0,none
10119,mono,0,0,0,none
10120,lymph,0,0,1,CD4
10121,lymph,0,0,1,CD8
10122,mono,0,0,0,none
10123,gran,0,0,0,none
10124,gran,0,0,0,none
10125,debris,0,0,0,none
10126,mono,0,0,0,none
10127,gran,0,0,0,none
10128,gran,0,0,0,none
10129,lymph,0,0,1,CD8
10130,gran,0,1,0,none
10131,lymph,0,0,0,none
10132,lymph,0,0,1,CD4
10133,lymph,0,0,1,CD4
10134,lymph,0,0,0,none
10135,lymph,0,0,1,CD4
10136,lymph,0,0,1,CD4
10137,gran,0,0,0,none
10138,debris,0,0,0,none
10139,debris,0,0,0,none
10140,debris,0,0,0,none
10141,lymph,0,0,0,none
10142,lymph,0,1,1,CD4
10143,lymph,1,0,1,CD4
10144,debris,0,0,0,none
10145,lymph,0,0,1,DN
10146,mono,0,0,0,none
10147,gran,0,0,0,none
10148,debris,0,0,0,none
10149,lymph,0,0,1,CD8
10150,gran,0,0,0,none
10151,lymph,0,0,1,CD4
10152,lymph,0,0,1,CD8
10153,gran,0,0,0,none
10154,debris,0,0,0,none
10155,lymph,0,0,1,CD4
10156,gran,0,0,0,none
10157,lymph,0,0,0,none
10158,gran,0,0,0,none
10159,lymph,0,0,1,CD8
10160,lymph,1,0,1,CD4
10161,gran,0,0,0,none
10162,lymph,0,0,1,CD4
10163,debris,0,0,0,none
10164,lymph,0,0,1,CD4
10165,lymph,0,0,1,DN
10166,lymph,0,0,0,none
10167,lymph,0,0,1,CD4
10168,lymph,0,0,1,CD4
10169,lymph,0,0,1,CD4
10170,lymph,0,0,1,CD4
10171,gran,0,0,0,none
10172,lymph,0,0,1,CD4
10173,lymph,0,0,1,CD8
10174,gran,0,1,0,none
10175,gran,0,0,0,none
10176,debris,0,0,0,none
10177,gran,0,0,0,none
10178,gran,0,0,0,none
10179,lymph,0,0,0,none
10180,lymph,0,0,1,CD8
10181,lymph,0,0,1,DP
10182,gran,0,0,0,none
10183,lymph,0,0,1,CD4
10184,lymph,0,0,1,CD4
10185,mono,0,0,0,none
10186,gran,0,0,0,none
10187,lymph,1,0,1,CD4
10188,gran,0,0,0,none
10189,lymph,0,0,0,none
10190,lymph,0,0,1,CD4
10191,lymph,0,0,1,CD4
10192,lymph,1,0,0,none
10193,lymph,0,0,1,CD8
10194,gran,0,1,0,none
10195,lymph,0,0,1,CD4
10196,lymph,0,1,0,none
10197,gran,0,0,0,none
10198,lymph,0,0,0,none
10199,mono,0,0,0,none
10200,lymph,0,0,1,CD4
10201,lymph,0,0,1,DN
10202,lymph,0,0,1,CD4
10203,debris,0,0,0,none
10204,gran,0,0,0,none
10205,debris,0,0,0,none
10206,lymph,0,0,0,none
10207,lymph,0,0,1,CD4
10208,gran,0,0,0,none
10209,lymph,0,0,1,CD8
10210,gran,0,0,0,none
10211,debris,0,0,0,none
10212,lymph,0,0,1,CD8
10213,debris,0,0,0,none
10214,debris,0,0,0,none
10215,lymph,0,0,1,CD4
10216,debris,0,0,0,none
10217,mono,0,0,0,none
10218,lymph,0,1,1,CD4
10219,lymph,0,0,0,none
10220,lymph,0,0,1,CD4
10221,lymph,0,0,0,none
10222,lymph,0,0,1,CD4
10223,gran,0,0,0,none
10224,lymph,1,0,1,CD4
10225,lymph,0,0,0,none
10226,lymph,0,0,1,DN
10227,lymph,0,1,1,CD8
10228,lymph,0,0,1,CD8
10229,lymph,0,0,1,CD4
10230,lymph,0,0,1,CD4
10231,gran,0,0,0,none
10232,lymph,0,0,1,CD4
10233,lymph,0,0,0,none
10234,gran,0,0,0,none
10235,lymph,0,1,1,CD8
10236,lymph,0,0,0,none
10237,debris,0,0,0,none
10238,lymph,0,0,0,none
10239,gran,0,0,0,none
10240,gran,0,0,0,none
10241,lymph,0,0,1,CD8
10242,lymph,0,1,1,CD4
10243,debris,0,0,0,none
10244,mono,0,0,0,none
10245,mono,0,0,0,none
10246,gran,0,0,0,none
10247,lymph,0,0,1,CD8
10248,lymph,0,0,1,CD8
10249,lymph,0,0,1,CD4
10250,lymph,0,0,1,CD4
10251,lymph,0,0,1,CD8
10252,debris,0,0,0,none
10253,gran,0,0,0,none
10254,lymph,0,0,0,none
10255,lymph,0,0,1,CD8
10256,mono,0,0,0,none
10257,lymph,0,0,1,CD8
10258,lymph,0,1,1,CD4
10259,debris,0,0,0,none
10260,mono,0,0,0,none
10261,lymph,0,0,1,CD4
10262,lymph,0,0,0,none
10263,lymph,0,0,0,none
10264,mono,0,0,0,none
10265,mono,0,0,0,none
10266,mono,0,0,0,none
10267,lymph,0,0,1,DN
10268,lymph,0,0,1,CD4
10269,mono,0,0,0,none
10270,lymph,0,0,1,CD4
10271,lymph,0,0,0,none
10272,lymph,0,0,1,CD8
10273,lymph,0,0,1,CD4
10274,lymph,0,0,1,DP
10275,lymph,0,0,1,CD8
10276,debris,0,0,0,none
10277,lymph,0,0,1,CD4
10278,lymph,0,0,0,none
10279,lymph,0,0,1,CD4
10280,mono,0,0,0,none
10281,lymph,0,0,1,CD4
10282,gran,0,0,0,none
10283,debris,0,0,0,none
10284,gran,0,0,0,none
10285,mono,0,0,0,none
10286,debris,0,0,0,none
10287,gran,0,0,0,none
10288,lymph,0,0,1,CD4
10289,mono,0,0,0,none
10290,lymph,0,0,1,CD4
10291,gran,0,0,0,none
10292,lymph,0,0,1,CD4
10293,lymph,0,0,1,CD4
10294,lymph,0,0,0,none
10295,lymph,0,0,1,CD8
10296,debris,0,0,0,none
10297,lymph,0,0,1,CD4
10298,lymph,0,0,1,CD4
10299,debris,0,0,0,none
10300,debris,0,0,0,none
10301,lymph,0,0,0,none
10302,lymph,0,0,1,CD8
10303,debris,0,0,0,none
10304,lymph,0,0,1,CD8
10305,lymph,0,0,1,CD8
10306,lymph,0,0,1,CD4
10307,lymph,0,0,1,CD8
10308,gran,0,0,0,none
10309,lymph,0,0,1,CD4
10310,mono,0,0,0,none
10311,gran,0,0,0,none
10312,gran,0,0,0,none
10313,lymph,0,0,0,none
10314,mono,0,0,0,none
10315,gran,0,0,0,none
10316,lymph,0,0,1,DP
10317,lymph,0,0,1,CD8
10318,lymph,0,0,0,none
10319,gran,0,0,0,none
10320,lymph,0,0,0,none
10321,mono,1,0,0,none
10322,lymph,0,0,1,CD8
10323,debris,0,0,0,none
10324,lymph,0,0,1,CD4
10325,lymph,0,0,1,CD4
10326,lymph,0,0,1,CD4
10327,gran,0,1,0,none
10328,lymph,0,0,1,CD8
10329,debris,0,0,0,none
10330,lymph,0,0,0,none
10331,gran,0,0,0,none
10332,gran,0,0,0,none
10333,debris,0,0,0,none
10334,mono,0,0,0,none
10335,lymph,0,0,1,CD8
10336,lymph,0,0,1,CD8
10337,lymph,0,1,0,none
10338,lymph,0,0,1,CD8
10339,mono,0,0,0,none
10340,lymph,0,1,1,DN
10341,lymph,0,1,1,CD4
10342,mono,0,0,0,none
10343,gran,0,0,0,none
10344,gran,0,0,0,none
10345,lymph,0,1,1,CD4
10346,lymph,1,0,0,none
10347,gran,0,0,0,none
10348,debris,0,0,0,none
10349,lymph,0,0,0,none
10350,lymph,0,0,1,CD4
10351,lymph,1,0,0,none
10352,gran,0,0,0,none
10353,lymph,0,1,1,CD4
10354,mono,0,0,0,none
10355,gran,0,1,0,none
10356,lymph,0,0,1,DP
10357,lymph,0,0,1,CD4
10358,mono,0,0,0,none
10359,lymph,0,1,1,CD4
10360,gran,0,0,0,none
10361,lymph,0,0,1,CD4
10362,lymph,0,0,0,none
10363,gran,0,0,0,none
10364,mono,0,0,0,none
10365,lymph,0,0,1,CD4
10366,lymph,0,0,1,CD4
10367,lymph,0,0,0,none
10368,mono,0,0,0,none
10369,lymph,0,0,0,none
10370,lymph,0,0,0,none
10371,lymph,0,0,0,none
10372,debris,0,0,0,none
10373,lymph,0,0,1,CD4
10374,lymph,0,0,0,none
10375,debris,0,0,0,none
10376,lymph,0,0,1,CD4
10377,gran,0,1,0,none
10378,lymph,0,0,1,CD8
10379,mono,0,0,0,none
10380,lymph,0,0,0,none
10381,lymph,0,0,1,CD8
10382,lymph,0,0,1,CD4
10383,gran,0,0,0,none
10384,lymph,0,0,0,none
10385,gran,0,1,0,none
10386,lymph,0,1,1,CD8
10387,gran,0,0,0,none
10388,lymph,0,0,0,none
10389,gran,0,0,0,none
10390,gran,0,0,0,none
10391,mono,0,0,0,none
10392,gran,0,0,0,none
10393,mono,0,0,0,none
10394,lymph,1,0,0,none
10395,mono,0,0,0,none
10396,mono,0,0,0,none
10397,lymph,0,0,1,CD4
10398,mono,0,0,0,none
10399,lymph,0,1,1,CD4
10400,gran,0,0,0,none
10401,mono,0,0,0,none
10402,debris,0,0,0,none
10403,lymph,0,0,1,CD4
10404,lymph,0,0,1,CD4
10405,lymph,0,0,1,CD8
10406,lymph,0,0,0,none
10407,lymph,0,0,1,CD8
10408,lymph,0,0,1,CD8
10409,gran,0,0,0,none
10410,gran,0,0,0,none
10411,lymph,0,0,1,CD8
10412,lymph,0,0,0,none
10413,lymph,0,0,1,CD4
10414,lymph,0,0,0,none
10415,lymph,0,0,1,CD8
10416,gran,0,1,0,none
10417,lymph,1,0,0,none
10418,lymph,0,0,1,CD4
10419,gran,0,0,0,none
10420,gran,0,0,0,none
10421,lymph,0,0,0,none
10422,lymph,0,0,1,CD4
10423,lymph,0,0,1,DN
10424,lymph,0,0,1,CD8
10425,lymph,0,0,1,DP
10426,lymph,1,0,0,none
10427,gran,0,0,0,none
10428,lymph,0,0,1,CD4
10429,lymph,0,0,1,CD8
10430,lymph,0,0,1,CD4
10431,mono,0,0,0,none
10432,lymph,0,0,0,none
10433,lymph,0,0,1,CD4
10434,lymph,0,0,0,none
10435,debris,0,0,0,none
10436,lymph,0,0,1,CD4
10437,lymph,0,0,0,none
10438,lymph,0,0,1,CD4
10439,mono,0,0,0,none
10440,gran,0,0,0,none
10441,lymph,1,0,1,CD4
10442,debris,0,0,0,none
10443,lymph,0,0,0,none
10444,gran,0,0,0,none
10445,mono,0,0,0,none
10446,lymph,0,0,0,none
10447,gran,0,0,0,none
10448,lymph,0,0,0,none
10449,lymph,0,0,0,none
10450,lymph,0,0,0,none
10451,lymph,0,0,1,CD8
10452,lymph,0,0,0,none
10453,lymph,0,0,1,CD8
10454,lymph,0,0,1,CD4
10455,gran,0,0,0,none
10456,lymph,0,0,1,CD8
10457,lymph,1,0,1,CD4
10458,lymph,0,0,1,CD4
10459,lymph,0,0,1,CD4
10460,lymph,1,0,1,CD4
10461,lymph,0,0,0,none
10462,debris,0,0,0,none
10463,gran,0,0,0,none
10464,lymph,0,0,0,none
10465,lymph,0,0,0,none
10466,debris,0,0,0,none
10467,lymph,0,0,1,DP
10468,mono,1,1,0,none
10469,lymph,0,0,0,none
10470,lymph,0,0,1,CD4
10471,lymph,0,0,1,DP
10472,gran,0,0,0,none
10473,lymph,0,0,0,none
10474,lymph,1,0,1,CD4
10475,lymph,0,0,1,CD4
10476,debris,0,0,0,none
10477,gran,0,0,0,none
10478,mono,0,0,0,none
10479,lymph,0,0,1,CD4
10480,gran,0,0,0,none
10481,lymph,0,0,1,CD4
10482,lymph,0,0,1,CD8
10483,debris,0,0,0,none
10484,lymph,0,0,1,CD4
10485,lymph,0,1,1,DN
10486,gran,0,1,0,none
10487,gran,1,0,0,none
10488,lymph,0,0,1,CD8
10489,gran,0,0,0,none
10490,lymph,0,0,1,CD4
10491,lymph,0,0,1,DN
10492,lymph,0,0,1,CD4
10493,lymph,0,0,1,CD4
10494,lymph,0,0,0,none
10495,lymph,0,0,1,CD8
10496,gran,0,0,0,none
10497,lymph,0,0,1,CD8
10498,mono,0,0,0,none
10499,lymph,0,0,0,none
10500,lymph,0,0,1,CD4
10501,mono,0,0,0,none
10502,mono,0,0,0,none
10503,gran,1,0,0,none
10504,mono,0,0,0,none
10505,lymph,0,0,1,CD8
10506,lymph,0,0,1,CD8
10507,lymph,0,0,0,none
10508,lymph,0,0,0,none
10509,lymph,0,0,0,none
10510,debris,0,0,0,none
10511,mono,0,0,0,none
10512,lymph,0,0,0,none
10513,lymph,0,0,1,CD8
10514,lymph,1,0,1,CD8
10515,lymph,0,0,0,none
10516,mono,0,0,0,none
10517,lymph,1,0,1,CD4
10518,lymph,1,0,1,CD8
10519,lymph,0,0,1,CD4
10520,gran,0,0,0,none
10521,gran,0,0,0,none
10522,lymph,0,0,1,CD8
10523,lymph,0,0,1,CD4
10524,lymph,0,1,1,CD8
10525,lymph,0,0,1,CD8
10526,gran,0,0,0,none
10527,lymph,0,0,1,CD4
10528,gran,0,0,0,none
10529,lymph,0,0,1,CD8
10530,lymph,0,0,0,none
10531,lymph,0,0,1,CD4
10532,gran,0,0,0,none
10533,debris,0,0,0,none
10534,lymph,0,0,1,CD8
10535,lymph,0,0,1,CD8
10536,lymph,0,0,1,CD8
10537,lymph,0,0,1,CD4
10538,lymph,0,0,1,CD4
10539,lymph,0,0,1,DN
10540,mono,0,0,0,none
10541,lymph,0,0,1,CD4
10542,lymph,0,0,1,CD4
10543,gran,0,0,0,none
10544,gran,1,0,0,none
10545,lymph,0,0,1,CD4
10546,lymph,0,0,0,none
10547,mono,0,0,0,none
10548,lymph,0,0,1,CD8
10549,lymph,0,0,0,none
10550,mono,0,0,0,none
10551,lymph,0,0,0,none
10552,lymph,0,0,1,CD8
10553,gran,0,0,0,none
10554,gran,0,0,0,none
10555,gran,0,0,0,none
10556,lymph,0,0,1,CD4
10557,lymph,0,0,0,none
10558,gran,0,0,0,none
10559,gran,1,0,0,none
10560,lymph,0,0,1,CD8
10561,lymph,0,0,1,CD4
10562,lymph,0,0,1,CD8
10563,mono,0,0,0,none
10564,gran,0,0,0,none
10565,lymph,0,0,1,CD8
10566,gran,0,0,0,none
10567,lymph,0,0,0,none
10568,lymph,0,1,1,DN
10569,gran,0,0,0,none
10570,lymph,0,0,1,CD8
10571,lymph,1,0,0,none
10572,lymph,0,0,0,none
10573,lymph,0,0,0,none
10574,gran,0,0,0,none
10575,gran,0,0,0,none
10576,mono,1,0,0,none
10577,gran,0,0,0,none
10578,lymph,0,0,1,CD8
10579,gran,0,0,0,none
10580,lymph,0,0,1,CD8
10581,mono,0,1,0,none
10582,debris,0,0,0,none
10583,lymph,0,1,1,CD8
10584,debris,0,0,0,none
10585,lymph,0,0,1,CD4
10586,lymph,0,0,1,CD4
10587,lymph,0,0,0,none
10588,debris,0,0,0,none
10589,mono,0,0,0,none
10590,mono,0,0,0,none
10591,gran,1,0,0,none
10592,gran,0,0,0,none
10593,gran,0,0,0,none
10594,gran,0,0,0,none
10595,lymph,1,0,0,none
10596,lymph,0,0,0,none
10597,lymph,0,0,1,CD8
10598,lymph,0,0,1,CD4
10599,mono,0,0,0,none
10600,debris,0,0,0,none
10601,lymph,0,1,0,none
10602,lymph,0,0,0,none
10603,lymph,0,0,0,none
10604,lymph,0,0,1,CD4
10605,lymph,0,0,1,CD4
10606,lymph,0,0,1,CD8
10607,lymph,0,0,0,none
10608,lymph,0,0,1,CD8
10609,mono,0,0,0,none
10610,lymph,0,0,1,CD4
10611,lymph,0,0,1,CD8
10612,lymph,0,1,1,CD4
10613,lymph,0,0,1,CD8
10614,lymph,0,0,0,none
10615,gran,1,0,0,none
10616,lymph,0,0,0,none
10617,debris,0,0,0,none
10618,lymph,1,0,1,CD8
10619,lymph,0,0,1,CD8
10620,lymph,0,0,0,none
10621,lymph,0,0,0,none
10622,lymph,0,0,1,CD8
10623,lymph,0,1,1,CD8
10624,debris,0,0,0,none
10625,mono,0,0,0,none
10626,mono,0,0,0,none
10627,lymph,0,0,1,CD4
10628,lymph,0,0,1,CD8
10629,gran,0,0,0,none
10630,gran,0,0,0,none
10631,gran,1,0,0,none
10632,lymph,0,0,1,CD8
10633,lymph,0,0,0,none
10634,lymph,0,0,0,none
10635,lymph,0,0,1,DP
10636,lymph,0,0,1,CD4
10637,gran,0,0,0,none
10638,debris,0,0,0,none
10639,debris,0,0,0,none
10640,lymph,0,0,1,CD8
10641,lymph,0,0,1,CD8
10642,lymph,0,0,1,CD4
10643,mono,0,0,0,none
10644,gran,0,0,0,none
10645,debris,0,0,0,none
10646,debris,0,0,0,none
10647,lymph,0,0,1,CD4
10648,lymph,0,0,0,none
10649,lymph,0,0,1,DN
10650,lymph,1,0,0,none
10651,lymph,0,0,1,CD8
10652,lymph,0,1,1,CD8
10653,lymph,0,0,1,CD8
10654,lymph,0,0,0,none
10655,lymph,0,0,1,CD4
10656,mono,0,0,0,none
10657,lymph,1,0,1,CD8
10658,gran,0,0,0,none
10659,lymph,0,0,0,none
10660,lymph,0,0,1,CD4
10661,lymph,0,0,1,CD8
10662,lymph,0,0,1,CD4
10663,lymph,0,1,0,none
10664,lymph,0,0,0,none
10665,gran,0,0,0,none
10666,lymph,0,0,1,CD4
10667,lymph,0,0,1,CD4
10668,lymph,0,0,0,none
10669,lymph,0,0,1,CD4
10670,lymph,0,0,1,CD4
10671,gran,0,0,0,none
10672,gran,0,0,0,none
10673,lymph,0,0,1,CD4
10674,gran,0,0,0,none
10675,gran,0,0,0,none
10676,mono,1,0,0,none
10677,mono,0,0,0,none
10678,lymph,0,0,1,CD4
10679,lymph,0,0,0,none
10680,lymph,0,0,1,CD4
10681,lymph,0,0,1,DN
10682,lymph,0,0,1,CD4
10683,gran,0,0,0,none
10684,lymph,1,0,1,CD8
10685,lymph,0,0,1,DN
10686,debris,0,0,0,none
10687,lymph,0,0,1,CD4
10688,lymph,0,0,1,CD4
10689,lymph,0,0,0,none
10690,debris,0,0,0,none
10691,mono,0,0,0,none
10692,gran,0,0,0,none
10693,mono,0,0,0,none
10694,lymph,0,0,1,CD8
10695,lymph,0,0,1,CD8
10696,lymph,1,0,1,DN
10697,mono,0,0,0,none
10698,debris,0,0,0,none
10699,lymph,0,0,1,CD8
10700,lymph,0,0,1,CD8
10701,gran,0,0,0,none
10702,gran,0,0,0,none
10703,lymph,0,0,1,CD4
10704,lymph,0,0,0,none
10705,lymph,0,0,1,CD4
10706,mono,0,0,0,none
10707,gran,0,0,0,none
10708,lymph,1,0,0,none
10709,gran,0,0,0,none
10710,mono,0,0,0,none
10711,lymph,0,0,1,CD8
10712,mono,0,0,0,none
10713,lymph,0,0,1,CD8
10714,lymph,0,0,1,CD4
10715,lymph,0,0,1,CD4
10716,lymph,0,0,0,none
10717,lymph,0,0,1,CD4
10718,lymph,0,0,1,CD8
10719,mono,0,0,0,none
10720,lymph,0,0,0,none
10721,lymph,0,0,0,none
10722,gran,0,0,0,none
10723,lymph,0,0,0,none
10724,mono,0,0,0,none
10725,lymph,0,0,1,CD4
10726,lymph,0,0,1,CD8
10727,lymph,0,0,1,CD4
10728,gran,0,0,0,none
10729,gran,0,0,0,none
10730,gran,0,0,0,none
10731,gran,0,0,0,none
10732,lymph,0,0,1,DP
10733,gran,0,0,0,none
10734,lymph,0,0,0,none
10735,mono,0,0,0,none
10736,gran,0,0,0,none
10737,lymph,0,1,1,CD4
10738,lymph,0,0,1,CD4
10739,mono,0,0,0,none
10740,lymph,0,0,1,CD4
10741,gran,0,0,0,none
10742,lymph,0,0,1,DP
10743,lymph,0,0,0,none
10744,gran,0,0,0,none
10745,gran,0,0,0,none
10746,lymph,0,0,0,none
10747,lymph,0,0,0,none
10748,lymph,1,0,0,none
10749,gran,0,1,0,none
10750,debris,0,0,0,none
10751,debris,0,0,0,none
10752,lymph,0,0,1,CD4
10753,gran,0,0,0,none
10754,lymph,0,0,1,CD4
10755,gran,0,0,0,none
10756,gran,0,0,0,none
10757,lymph,0,0,1,CD4
10758,mono,0,0,0,none
10759,lymph,0,0,0,none
10760,lymph,0,0,1,DN
10761,mono,0,0,0,none
10762,lymph,0,0,1,DP
10763,lymph,0,0,1,CD4
10764,lymph,0,0,1,CD4
10765,lymph,0,0,1,CD8
10766,gran,0,0,0,none
10767,lymph,0,1,0,none
10768,lymph,0,0,1,DP
10769,lymph,0,0,1,CD4
10770,lymph,0,0,1,CD4
10771,lymph,0,0,1,CD4
10772,lymph,0,0,1,CD4
10773,lymph,0,0,1,CD8
10774,lymph,0,0,1,CD8
10775,lymph,0,0,1,DN
10776,lymph,1,0,0,none
10777,lymph,0,0,0,none
10778,lymph,0,0,1,CD8
10779,debris,0,0,0,none
10780,lymph,0,0,1,CD4
10781,mono,0,0,0,none
10782,mono,0,0,0,none
10783,debris,0,0,0,none
10784,lymph,0,0,1,CD4
10785,lymph,1,0,0,none
10786,lymph,0,0,1,DN
10787,mono,0,1,0,none
10788,gran,0,0,0,none
10789,lymph,0,0,1,CD4
10790,lymph,0,0,0,none
10791,lymph,0,0,1,CD4
10792,mono,0,0,0,none
10793,lymph,0,1,1,CD4
10794,lymph,0,0,1,CD4
10795,mono,0,0,0,none
10796,lymph,0,0,1,CD4
10797,lymph,1,0,1,CD4
10798,mono,0,0,0,none
10799,mono,0,0,0,none
10800,lymph,0,0,0,none
10801,lymph,0,0,0,none
10802,lymph,0,0,1,CD8
10803,lymph,0,0,0,none
10804,lymph,0,0,1,CD8
10805,lymph,0,0,1,DP
10806,debris,0,0,0,none
10807,debris,0,0,0,none
10808,lymph,0,0,1,CD4
10809,lymph,0,0,0,none
10810,lymph,1,0,0,none
10811,lymph,1,0,1,CD8
10812,gran,0,0,0,none
10813,lymph,0,0,1,CD4
10814,lymph,0,0,1,CD8
10815,lymph,1,0,1,CD8
10816,lymph,0,0,1,CD4
10817,lymph,0,0,0,none
10818,lymph,0,0,1,CD4
10819,mono,0,0,0,none
10820,lymph,0,0,1,CD4
10821,mono,0,0,0,none
10822,mono,0,1,0,none
10823,lymph,0,0,1,CD4
10824,debris,0,0,0,none
10825,lymph,0,0,1,CD4
10826,lymph,0,0,1,CD4
10827,gran,0,0,0,none
10828,lymph,0,0,1,CD4
10829,lymph,0,0,0,none
10830,lymph,0,0,1,CD4
10831,mono,0,0,0,none
10832,lymph,0,0,0,none
10833,gran,0,0,0,none
10834,mono,0,0,0,none
10835,lymph,0,0,0,none
10836,lymph,0,0,1,CD4
10837,lymph,0,0,0,none
10838,lymph,0,0,1,DP
10839,debris,0,0,0,none
10840,lymph,0,0,1,CD8
10841,gran,0,0,0,none
10842,lymph,0,0,1,CD8
10843,debris,0,0,0,none
10844,lymph,0,0,1,CD4
10845,lymph,0,0,1,DN
10846,gran,0,0,0,none
10847,lymph,0,0,0,none
10848,gran,0,0,0,none
10849,gran,0,0,0,none
10850,gran,0,0,0,none
10851,lymph,0,1,1,CD4
10852,gran,0,0,0,none
10853,lymph,1,0,1,CD4
10854,lymph,0,0,0,none
10855,lymph,0,0,1,DN
10856,lymph,1,0,1,CD4
10857,lymph,0,0,0,none
10858,lymph,0,0,1,DN
10859,lymph,0,0,1,DP
10860,lymph,0,1,0,none
10861,lymph,0,0,1,CD4
10862,lymph,0,0,1,DP
10863,lymph,0,1,1,CD4
10864,gran,0,0,0,none
10865,mono,0,0,0,none
10866,debris,0,0,0,none
10867,mono,0,0,0,none
10868,lymph,0,0,1,CD8
10869,lymph,0,0,1,CD8
10870,lymph,0,0,1,CD4
10871,lymph,0,0,0,none
10872,lymph,0,0,1,CD4
10873,lymph,0,0,1,DN
10874,gran,0,1,0,none
10875,mono,0,0,0,none
10876,lymph,0,0,0,none
10877,lymph,0,0,1,CD8
10878,lymph,0,0,1,CD8
10879,gran,0,1,0,none
10880,debris,0,0,0,none
10881,lymph,0,0,0,none
10882,lymph,0,0,1,CD8
10883,lymph,0,0,1,CD8
10884,lymph,1,0,1,CD8
10885,lymph,0,0,0,none
10886,lymph,0,0,1,CD4
10887,mono,0,1,0,none
10888,lymph,0,0,1,CD8
10889,mono,1,0,0,none
10890,lymph,1,0,1,CD8
10891,lymph,0,0,0,none
10892,debris,0,0,0,none
10893,lymph,0,0,1,CD8
10894,mono,0,0,0,none
10895,lymph,0,0,0,none
10896,gran,0,0,0,none
10897,mono,1,0,0,none
10898,lymph,0,0,1,CD4
10899,lymph,0,0,1,CD8
10900,lymph,0,0,1,CD4
10901,mono,0,1,0,none
10902,mono,0,0,0,none
10903,lymph,0,0,0,none
10904,lymph,0,0,0,none
10905,gran,0,0,0,none
10906,lymph,0,0,0,none
10907,lymph,0,0,1,CD8
10908,lymph,0,0,0,none
10909,lymph,0,0,1,CD8
10910,lymph,0,0,1,CD4
10911,lymph,1,0,1,CD4
10912,gran,0,0,0,none
10913,debris,0,0,0,none
10914,gran,0,0,0,none
10915,lymph,0,0,0,none
10916,lymph,1,1,0,none
10917,lymph,0,0,1,DN
10918,gran,0,0,0,none
10919,mono,0,0,0,none
10920,gran,0,0,0,none
10921,gran,0,0,0,none
10922,debris,0,0,0,none
10923,lymph,0,0,0,none
10924,lymph,0,0,0,none
10925,gran,0,0,0,none
10926,gran,0,0,0,none
10927,lymph,0,0,1,CD4
10928,mono,0,0,0,none
10929,lymph,1,0,1,CD4
10930,lymph,0,0,0,none
10931,mono,0,0,0,none
10932,lymph,1,1,0,none
10933,lymph,0,0,1,CD4
10934,mono,0,0,0,none
10935,mono,0,1,0,none
10936,gran,0,0,0,none
10937,lymph,0,0,1,CD4
10938,gran,0,0,0,none
10939,lymph,0,0,1,CD4
10940,mono,1,0,0,none
10941,lymph,0,0,0,none
10942,debris,0,0,0,none
10943,lymph,0,0,0,none
10944,lymph,0,0,1,CD4
10945,gran,0,0,0,none
10946,lymph,1,0,1,CD8
10947,gran,0,0,0,none
10948,gran,0,0,0,none
10949,mono,0,1,0,none
10950,lymph,0,0,1,CD4
10951,mono,0,0,0,none
10952,gran,0,0,0,none
10953,lymph,0,0,0,none
10954,debris,0,0,0,none
10955,lymph,1,0,1,CD4
10956,lymph,0,0,1,CD4
10957,lymph,0,0,0,none
10958,mono,0,0,0,none
10959,lymph,0,1,0,none
10960,lymph,0,0,0,none
10961,lymph,0,0,0,none
10962,lymph,1,0,1,CD4
10963,lymph,0,0,1,CD8
10964,lymph,0,0,1,CD8
10965,lymph,0,0,0,none
10966,mono,0,0,0,none
10967,debris,0,0,0,none
10968,lymph,0,0,1,CD4
10969,debris,0,0,0,none
10970,lymph,0,0,0,none
10971,mono,0,0,0,none
10972,lymph,0,0,0,none
10973,mono,0,0,0,none
10974,lymph,0,0,1,CD8
10975,lymph,0,0,0,none
10976,lymph,0,0,1,CD8
10977,mono,0,0,0,none
10978,debris,0,0,0,none
10979,lymph,0,0,1,CD4
10980,gran,0,0,0,none
10981,lymph,0,0,1,CD4
10982,lymph,0,0,0,none
10983,gran,0,0,0,none
10984,mono,0,0,0,none
10985,lymph,0,0,1,CD4
10986,lymph,1,0,1,DN
10987,lymph,0,0,1,CD8
10988,lymph,0,0,1,CD4
10989,lymph,0,0,1,DP
10990,lymph,1,0,1,CD4
10991,lymph,0,0,1,CD8
10992,gran,1,0,0,none
10993,gran,1,0,0,none
10994,lymph,0,0,1,CD4
10995,debris,0,0,0,none
10996,lymph,0,0,1,DN
10997,lymph,0,0,1,DP
10998,debris,0,0,0,none
10999,lymph,0,0,1,CD4
11000,debris,0,0,0,none
11001,gran,0,0,0,none
11002,mono,0,0,0,none
11003,lymph,0,0,1,CD8
11004,lymph,0,0,1,DP
11005,mono,0,0,0,none
11006,lymph,0,0,1,CD4
11007,lymph,0,0,0,none
11008,lymph,0,1,0,none
11009,lymph,0,0,1,CD4
11010,lymph,0,0,1,DP
11011,debris,0,0,0,none
11012,lymph,0,0,1,CD8
11013,lymph,0,0,1,CD8
11014,mono,0,0,0,none
11015,lymph,0,0,1,CD8
11016,lymph,0,0,1,CD4
11017,debris,0,0,0,none
11018,gran,0,0,0,none
11019,mono,0,0,0,none
11020,mono,0,0,0,none
11021,debris,0,0,0,none
11022,lymph,0,1,0,none
11023,lymph,0,0,1,CD8
11024,gran,0,0,0,none
11025,lymph,0,0,0,none
11026,lymph,0,0,1,CD4
11027,mono,0,0,0,none
11028,gran,0,0,0,none
11029,lymph,0,0,1,DN
11030,debris,0,0,0,none
11031,lymph,0,0,1,CD8
11032,debris,0,0,0,none
11033,gran,0,0,0,none
11034,lymph,0,0,1,CD8
11035,lymph,1,1,0,none
11036,gran,0,0,0,none
11037,lymph,0,0,1,CD4
11038,debris,0,0,0,none
11039,lymph,0,0,1,DN
11040,debris,0,0,0,none
11041,gran,1,0,0,none
11042,gran,0,0,0,none
11043,lymph,0,0,1,DN
11044,gran,0,0,0,none
11045,debris,0,0,0,none
11046,debris,0,0,0,none
11047,mono,0,0,0,none
11048,debris,0,0,0,none
11049,debris,0,0,0,none
11050,lymph,0,1,1,CD8
11051,lymph,0,0,1,CD8
11052,lymph,0,0,1,CD8
11053,lymph,0,0,0,none
11054,gran,1,0,0,none
11055,mono,0,0,0,none
11056,lymph,0,0,1,CD8
11057,lymph,0,0,0,none
11058,mono,0,0,0,none
11059,mono,0,0,0,none
11060,debris,0,0,0,none
11061,gran,0,0,0,none
11062,debris,0,0,0,none
11063,lymph,0,0,1,CD8
11064,mono,1,0,0,none
11065,lymph,0,0,1,DN
11066,lymph,0,0,1,CD8
11067,lymph,0,0,1,CD4
11068,lymph,0,0,1,CD8
11069,debris,0,0,0,none
11070,lymph,0,0,1,CD8
11071,lymph,0,0,0,none
11072,mono,0,0,0,none
11073,gran,0,0,0,none
11074,lymph,0,0,1,CD4
11075,lymph,0,0,1,CD8
11076,gran,1,0,0,none
11077,lymph,1,1,1,CD8
11078,gran,0,0,0,none
11079,lymph,0,0,1,CD4
11080,lymph,0,1,1,CD4
11081,mono,0,0,0,none
11082,lymph,0,0,1,DP
11083,mono,0,0,0,none
11084,debris,0,0,0,none
11085,gran,0,1,0,none
11086,mono,0,0,0,none
11087,gran,1,0,0,none
11088,lymph,0,0,0,none
11089,lymph,0,0,1,CD8
11090,lymph,0,0,1,CD4
11091,debris,0,0,0,none
11092,lymph,0,0,1,CD4
11093,debris,0,0,0,none
11094,lymph,0,0,0,none
11095,lymph,0,1,0,none
11096,lymph,0,0,1,DN
11097,lymph,0,0,1,CD8
11098,mono,0,0,0,none
11099,lymph,0,0,1,CD8
11100,debris,0,0,0,none
11101,gran,0,0,0,none
11102,lymph,1,0,1,CD8
11103,lymph,0,1,1,CD4
11104,lymph,0,0,1,CD4
11105,lymph,0,0,1,CD4
11106,debris,0,0,0,none
11107,lymph,0,0,1,CD8
11108,lymph,0,0,1,DN
11109,debris,0,0,0,none
11110,lymph,0,0,1,CD4
11111,mono,0,0,0,none
11112,lymph,0,0,1,CD8
11113,gran,0,1,0,none
11114,lymph,0,0,1,CD8
11115,lymph,0,0,0,none
11116,lymph,0,0,1,CD4
11117,gran,0,1,0,none
11118,lymph,0,0,1,CD8
11119,gran,0,0,0,none
11120,lymph,0,0,0,none
11121,lymph,0,0,1,CD4
11122,lymph,0,0,0,none
11123,gran,0,0,0,none
11124,lymph,0,0,0,none
11125,gran,0,0,0,none
11126,lymph,0,0,1,DN
11127,lymph,0,1,1,CD8
11128,lymph,0,0,0,none
11129,lymph,0,0,1,CD4
11130,lymph,0,0,0,none
11131,lymph,0,0,1,DN
11132,mono,0,0,0,none
11133,debris,0,0,0,none
11134,lymph,1,0,1,CD8
11135,mono,0,0,0,none
11136,lymph,1,0,1,CD8
11137,lymph,0,0,1,CD4
11138,lymph,0,0,1,CD4
11139,mono,0,0,0,none
11140,lymph,0,0,0,none
11141,gran,1,0,0,none
11142,lymph,0,1,1,CD8
11143,lymph,0,0,1,CD4
11144,lymph,0,0,0,none
11145,lymph,0,0,1,CD4
11146,debris,0,0,0,none
11147,lymph,0,0,1,CD8
11148,mono,0,0,0,none
11149,gran,0,0,0,none
11150,lymph,0,0,1,CD8
11151,lymph,1,0,1,CD4
11152,lymph,0,0,1,CD4
11153,lymph,0,0,1,CD8
11154,mono,0,0,0,none
11155,lymph,0,0,1,CD4
11156,lymph,0,0,0,none
11157,gran,0,0,0,none
11158,lymph,0,0,1,CD4
11159,gran,0,0,0,none
11160,gran,0,0,0,none
11161,lymph,0,0,0,none
11162,lymph,0,1,1,CD4
11163,lymph,0,1,1,CD4
11164,mono,0,0,0,none
11165,gran,0,0,0,none
11166,gran,0,0,0,none
11167,mono,0,0,0,none
11168,mono,0,0,0,none
11169,gran,0,0,0,none
11170,gran,0,0,0,none
11171,mono,1,0,0,none
11172,lymph,0,0,0,none
11173,gran,0,0,0,none
11174,debris,0,0,0,none
11175,debris,0,0,0,none
11176,debris,0,0,0,none
11177,debris,0,0,0,none
11178,gran,0,0,0,none
11179,lymph,0,0,0,none
11180,lymph,0,0,1,CD8
11181,lymph,0,0,1,CD8
11182,lymph,0,0,0,none
11183,debris,0,0,0,none
11184,lymph,0,0,1,CD4
11185,gran,0,1,0,none
11186,lymph,0,0,1,CD4
11187,mono,0,0,0,none
11188,lymph,0,0,1,CD4
11189,lymph,0,0,1,CD4
11190,lymph,1,0,1,DN
11191,gran,1,0,0,none
11192,lymph,0,0,1,CD8
11193,lymph,0,0,1,CD4
11194,lymph,1,0,0,none
11195,lymph,0,0,1,CD8
11196,lymph,0,0,0,none
11197,lymph,0,0,1,CD8
11198,lymph,0,0,1,DN
11199,debris,0,0,0,none
11200,lymph,0,0,0,none
11201,gran,0,0,0,none
11202,mono,0,0,0,none
11203,lymph,0,0,0,none
11204,lymph,0,0,0,none
11205,lymph,0,0,0,none
11206,gran,0,0,0,none
11207,debris,0,0,0,none
11208,mono,0,0,0,none
11209,lymph,0,0,0,none
11210,lymph,0,0,0,none
11211,debris,0,0,0,none
11212,mono,0,0,0,none
11213,mono,0,1,0,none
11214,lymph,0,1,1,CD8
11215,gran,0,0,0,none
11216,lymph,0,0,0,none
11217,lymph,0,0,0,none
11218,mono,0,1,0,none
11219,mono,0,0,0,none
11220,gran,0,0,0,none
11221,gran,0,0,0,none
11222,lymph,0,1,0,none
11223,gran,0,0,0,none
11224,gran,0,0,0,none
11225,lymph,1,0,1,CD4
11226,lymph,0,0,1,DN
11227,lymph,0,0,1,CD4
11228,gran,0,0,0,none
11229,lymph,0,0,1,CD8
11230,lymph,0,0,1,CD4
11231,debris,0,0,0,none
11232,debris,0,0,0,none
11233,mono,0,0,0,none
11234,lymph,0,0,0,none
11235,debris,0,0,0,none
11236,lymph,0,0,0,none
11237,gran,0,0,0,none
11238,gran,0,0,0,none
11239,mono,0,0,0,none
11240,gran,0,0,0,none
11241,lymph,0,0,0,none
11242,gran,0,0,0,none
11243,gran,0,0,0,none
11244,lymph,0,0,1,CD4
11245,gran,0,0,0,none
11246,debris,0,0,0,none
11247,lymph,0,0,1,CD8
11248,mono,0,0,0,none
11249,lymph,0,0,1,CD8
11250,debris,0,0,0,none
11251,lymph,0,0,0,none
11252,debris,0,0,0,none
11253,mono,0,0,0,none
11254,gran,0,0,0,none
11255,lymph,0,0,1,CD4
11256,mono,1,0,0,none
11257,lymph,0,1,1,DN
11258,gran,0,0,0,none
11259,lymph,0,0,1,CD4
11260,debris,0,0,0,none
11261,mono,0,0,0,none
11262,lymph,0,0,1,CD4
11263,lymph,0,0,0,none
11264,lymph,0,0,1,CD8
11265,lymph,1,0,1,CD4
11266,lymph,0,1,1,CD8
11267,lymph,0,1,1,CD4
11268,lymph,0,1,1,CD8
11269,gran,0,0,0,none
11270,gran,0,1,0,none
11271,lymph,0,0,1,CD4
11272,mono,0,0,0,none
11273,gran,0,1,0,none
11274,gran,0,0,0,none
11275,mono,0,1,0,none
11276,gran,0,0,0,none
11277,mono,0,0,0,none
11278,lymph,0,0,1,CD4
11279,lymph,0,0,0,none
11280,lymph,0,0,0,none
11281,lymph,0,0,1,CD8
11282,mono,0,0,0,none
11283,mono,0,0,0,none
11284,lymph,0,0,0,none
11285,gran,0,0,0,none
11286,gran,1,0,0,none
11287,mono,0,0,0,none
11288,lymph,0,0,0,none
11289,lymph,0,0,1,CD8
11290,lymph,0,0,1,CD8
11291,lymph,0,0,1,CD4
11292,mono,0,0,0,none
11293,mono,0,0,0,none
11294,lymph,0,0,1,CD8
11295,lymph,0,0,0,none
11296,debris,0,0,0,none
11297,lymph,0,0,1,DN
11298,lymph,0,0,1,CD4
11299,lymph,0,0,1,CD4
11300,lymph,0,0,0,none
11301,gran,0,0,0,none
11302,mono,0,0,0,none
11303,lymph,0,0,1,CD8
11304,mono,0,0,0,none
11305,lymph,0,0,1,CD4
11306,lymph,0,0,0,none
11307,lymph,0,0,1,CD8
11308,mono,0,0,0,none
11309,mono,0,0,0,none
11310,lymph,0,0,1,DN
11311,gran,0,0,0,none
11312,lymph,0,0,0,none
11313,gran,1,0,0,none
11314,lymph,0,0,1,CD4
11315,gran,0,0,0,none
11316,gran,0,0,0,none
11317,lymph,0,0,0,none
11318,lymph,0,0,1,CD4
11319,lymph,0,0,1,CD4
11320,debris,0,0,0,none
11321,gran,0,0,0,none
11322,lymph,0,0,1,CD8
11323,lymph,0,1,0,none
11324,debris,0,0,0,none
11325,gran,0,0,0,none
11326,gran,1,0,0,none
11327,mono,0,0,0,none
11328,mono,0,0,0,none
11329,mono,1,0,0,none
11330,lymph,0,0,1,CD4
11331,lymph,0,0,1,CD8
11332,mono,0,0,0,none
11333,lymph,0,0,0,none
11334,lymph,0,0,1,CD8
11335,mono,0,0,0,none
11336,lymph,0,0,1,CD4
11337,debris,0,0,0,none
11338,mono,0,0,0,none
11339,lymph,0,0,1,CD4
11340,gran,1,0,0,none
11341,lymph,0,0,1,CD4
11342,lymph,0,0,1,CD4
11343,lymph,1,0,1,CD8
11344,lymph,0,0,0,none
11345,debris,0,0,0,none
11346,mono,0,0,0,none
11347,debris,0,0,0,none
11348,lymph,0,0,0,none
11349,lymph,0,0,1,CD8
11350,lymph,1,0,1,CD8
11351,lymph,0,0,0,none
11352,lymph,0,0,1,CD8
11353,gran,0,0,0,none
11354,gran,0,1,0,none
11355,lymph,0,1,1,CD4
11356,lymph,0,0,0,none
11357,gran,0,1,0,none
11358,lymph,0,0,0,none
11359,gran,0,0,0,none
11360,lymph,0,0,1,CD4
11361,lymph,0,0,0,none
11362,gran,0,0,0,none
11363,lymph,0,0,0,none
11364,debris,0,0,0,none
11365,lymph,0,0,1,CD8
11366,debris,0,0,0,none
11367,lymph,0,0,1,CD8
11368,lymph,0,0,0,none
11369,lymph,0,0,0,none
11370,mono,0,0,0,none
11371,lymph,0,0,1,CD4
11372,gran,1,0,0,none
11373,lymph,0,1,0,none
11374,lymph,0,1,1,DP
11375,lymph,0,0,1,CD8
11376,lymph,0,0,0,none
11377,lymph,0,0,0,none
11378,lymph,0,0,0,none
11379,gran,1,0,0,none
11380,lymph,0,0,1,CD4
11381,gran,1,0,0,none
11382,mono,0,0,0,none
11383,gran,0,0,0,none
11384,debris,0,0,0,none
11385,lymph,0,0,1,CD4
11386,mono,0,0,0,none
11387,lymph,0,0,1,CD4
11388,lymph,0,1,0,none
11389,lymph,0,0,1,DN
11390,lymph,0,0,0,none
11391,debris,0,0,0,none
11392,lymph,0,0,0,none
11393,mono,1,0,0,none
11394,lymph,0,1,1,CD4
11395,lymph,0,0,0,none
11396,lymph,0,0,1,CD4
11397,lymph,0,0,0,none
11398,lymph,0,0,0,none
11399,lymph,0,0,1,CD4
11400,lymph,0,0,1,DN
11401,lymph,0,0,1,CD4
11402,mono,0,0,0,none
11403,lymph,0,0,1,DN
11404,lymph,0,0,0,none
11405,lymph,0,0,0,none
11406,lymph,0,0,1,CD8
11407,lymph,0,0,1,CD4
11408,mono,0,0,0,none
11409,lymph,0,1,0,none
11410,gran,0,0,0,none
11411,lymph,0,0,1,CD8
11412,lymph,0,0,1,DN
11413,lymph,0,0,0,none
11414,lymph,0,0,1,CD4
11415,debris,0,0,0,none
11416,lymph,0,0,1,CD4
11417,lymph,0,0,1,CD4
11418,lymph,0,0,0,none
11419,mono,0,0,0,none
11420,lymph,0,1,1,DN
11421,lymph,0,0,1,CD8
11422,gran,0,0,0,none
11423,lymph,1,0,0,none
11424,lymph,0,0,1,CD8
11425,mono,0,0,0,none
11426,lymph,0,0,0,none
11427,lymph,0,0,1,CD4
11428,lymph,0,0,1,CD8
11429,mono,0,0,0,none
11430,debris,0,0,0,none
11431,debris,0,0,0,none
11432,mono,0,0,0,none
11433,lymph,0,0,1,CD4
11434,lymph,0,0,1,CD4
11435,mono,0,0,0,none
11436,lymph,0,0,1,CD8
11437,lymph,1,0,1,CD8
11438,gran,0,0,0,none
11439,mono,0,0,0,none
11440,lymph,0,0,1,CD8
11441,mono,0,0,0,none
11442,lymph,0,0,1,DN
11443,gran,0,0,0,none
11444,mono,0,0,0,none
11445,lymph,0,0,1,CD8
11446,lymph,0,0,0,none
11447,lymph,0,0,1,DN
11448,gran,0,0,0,none
11449,lymph,0,0,1,CD4
11450,lymph,0,0,1,CD8
11451,lymph,0,0,1,CD4
11452,debris,0,0,0,none
11453,lymph,0,0,1,CD4
11454,debris,0,0,0,none
11455,gran,0,0,0,none
11456,lymph,0,0,1,CD4
11457,lymph,0,0,1,CD8
11458,lymph,0,1,1,CD4
11459,lymph,0,0,1,CD4
11460,debris,0,0,0,none
11461,lymph,0,0,1,CD4
11462,lymph,0,0,1,CD4
11463,lymph,0,0,1,DN
11464,lymph,0,0,0,none
11465,lymph,0,0,1,DN
11466,debris,0,0,0,none
11467,lymph,0,0,1,CD4
11468,debris,0,0,0,none
11469,lymph,0,0,1,CD8
11470,gran,0,0,0,none
11471,lymph,0,0,1,CD8
11472,gran,0,0,0,none
11473,gran,0,0,0,none
11474,lymph,0,0,1,CD8
11475,gran,0,0,0,none
11476,debris,0,0,0,none
11477,gran,0,0,0,none
11478,mono,0,1,0,none
11479,mono,0,0,0,none
11480,lymph,0,1,0,none
11481,debris,0,0,0,none
11482,lymph,0,0,1,CD8
11483,lymph,0,0,1,CD4
11484,lymph,1,1,1,CD4
11485,lymph,0,0,1,CD8
11486,mono,0,0,0,none
11487,mono,0,0,0,none
11488,mono,0,0,0,none
11489,mono,1,0,0,none
11490,lymph,0,0,1,CD4
11491,lymph,0,0,1,CD8
11492,gran,0,1,0,none
11493,lymph,0,0,1,CD4
11494,gran,0,0,0,none
11495,lymph,0,0,1,CD4
11496,lymph,0,0,0,none
11497,gran,0,0,0,none
11498,lymph,0,1,1,CD4
11499,debris,0,0,0,none
11500,lymph,0,0,0,none
11501,lymph,0,0,1,CD8
11502,lymph,0,0,1,CD4
11503,lymph,0,0,0,none
11504,lymph,1,0,0,none
11505,lymph,0,0,1,CD8
11506,lymph,0,0,0,none
11507,lymph,0,0,0,none
11508,lymph,0,0,1,CD8
11509,lymph,0,0,0,none
11510,lymph,0,0,1,CD8
11511,lymph,0,0,1,CD4
11512,mono,0,0,0,none
11513,debris,0,0,0,none
11514,mono,0,0,0,none
11515,lymph,0,0,1,CD4
11516,lymph,0,0,0,none
11517,lymph,0,0,1,CD4
11518,lymph,0,0,1,CD4
11519,lymph,0,1,1,CD4
11520,mono,0,0,0,none
11521,debris,0,0,0,none
11522,gran,0,0,0,none
11523,lymph,0,0,1,CD8
11524,lymph,0,0,1,CD4
11525,lymph,0,0,1,CD8
11526,lymph,0,0,1,CD4
11527,lymph,0,0,1,CD4
11528,lymph,0,1,1,CD4
11529,lymph,0,0,1,CD4
11530,lymph,0,0,0,none
11531,lymph,0,0,1,CD8
11532,lymph,0,0,1,CD8
11533,lymph,1,0,0,none
11534,lymph,0,0,1,CD4
11535,lymph,0,0,1,CD4
11536,lymph,0,0,0,none
11537,gran,0,0,0,none
11538,mono,0,0,0,none
11539,mono,0,1,0,none
11540,lymph,0,0,1,CD8
11541,lymph,0,0,0,none
11542,gran,1,0,0,none
11543,lymph,0,0,0,none
11544,lymph,0,0,0,none
11545,gran,0,0,0,none
11546,lymph,0,0,0,none
11547,mono,0,0,0,none
11548,mono,0,0,0,none
11549,debris,0,0,0,none
11550,lymph,0,0,0,none
11551,lymph,0,0,0,none
11552,lymph,0,0,1,CD8
11553,debris,0,0,0,none
11554,lymph,0,0,1,CD8
11555,lymph,1,0,1,CD4
11556,debris,0,0,0,none
11557,lymph,0,0,0,none
11558,lymph,0,0,0,none
11559,lymph,0,0,1,DN
11560,lymph,0,0,1,CD4
11561,lymph,0,1,0,none
11562,lymph,0,0,1,CD4
11563,debris,0,0,0,none
11564,gran,0,0,0,none
11565,gran,0,0,0,none
11566,gran,0,0,0,none
11567,gran,0,0,0,none
11568,lymph,0,0,1,CD8
11569,lymph,1,0,1,CD4
11570,gran,0,0,0,none
11571,lymph,1,0,1,CD4
11572,debris,0,0,0,none
11573,lymph,0,0,1,CD4
11574,gran,0,0,0,none
11575,lymph,0,0,0,none
11576,lymph,0,0,1,CD4
11577,lymph,0,0,1,CD8
11578,lymph,1,0,0,none
11579,lymph,0,0,1,CD4
11580,lymph,0,0,0,none
11581,gran,0,0,0,none
11582,lymph,0,0,1,CD4
11583,lymph,0,1,0,none
11584,lymph,0,0,0,none
11585,gran,0,0,0,none
11586,debris,0,0,0,none
11587,gran,1,0,0,none
11588,gran,0,0,0,none
11589,mono,1,0,0,none
11590,gran,0,0,0,none
11591,mono,0,0,0,none
11592,lymph,0,0,0,none
11593,gran,1,0,0,none
11594,debris,0,0,0,none
11595,mono,0,0,0,none
11596,lymph,0,0,0,none
11597,gran,0,0,0,none
11598,lymph,0,0,1,CD8
11599,lymph,0,0,1,CD8
11600,mono,1,0,0,none
11601,debris,0,0,0,none
11602,debris,0,0,0,none
11603,gran,0,0,0,none
11604,lymph,0,0,0,none
11605,mono,1,0,0,none
11606,gran,0,0,0,none
11607,lymph,0,0,0,none
11608,lymph,0,0,1,CD4
11609,gran,0,0,0,none
11610,lymph,0,0,0,none
11611,debris,0,0,0,none
11612,mono,1,0,0,none
11613,gran,0,0,0,none
11614,lymph,0,0,0,none
11615,gran,0,0,0,none
11616,lymph,0,0,0,none
11617,lymph,0,0,1,CD8
11618,lymph,0,0,0,none
11619,lymph,0,0,0,none
11620,debris,0,0,0,none
11621,gran,0,0,0,none
11622,lymph,0,0,1,CD4
11623,lymph,0,0,1,DP
11624,lymph,0,0,1,CD4
11625,lymph,0,0,1,CD4
11626,lymph,0,0,1,DP
11627,lymph,0,0,1,CD4
11628,lymph,1,1,1,DN
11629,lymph,0,0,1,DN
11630,gran,0,0,0,none
11631,gran,0,0,0,none
11632,mono,0,0,0,none
11633,lymph,0,0,0,none
11634,lymph,0,0,1,CD4
11635,lymph,0,0,1,CD8
11636,lymph,0,0,0,none
11637,gran,0,0,0,none
11638,gran,0,0,0,none
11639,debris,0,0,0,none
11640,lymph,0,0,1,CD4
11641,lymph,0,0,1,CD8
11642,mono,0,0,0,none
11643,debris,0,0,0,none
11644,lymph,0,0,0,none
11645,gran,0,0,0,none
11646,gran,1,0,0,none
11647,lymph,0,0,0,none
11648,gran,0,0,0,none
11649,mono,1,0,0,none
11650,lymph,0,0,0,none
11651,gran,0,0,0,none
11652,lymph,0,0,1,CD4
11653,mono,0,0,0,none
11654,debris,0,0,0,none
11655,gran,0,0,0,none
11656,lymph,0,0,1,CD4
11657,lymph,0,1,1,CD8
11658,lymph,0,0,1,CD8
11659,debris,0,0,0,none
11660,lymph,0,0,1,CD8
11661,lymph,0,0,0,none
11662,lymph,0,0,1,CD8
11663,lymph,0,0,1,CD4
11664,debris,0,0,0,none
11665,gran,0,0,0,none
11666,gran,1,0,0,none
11667,lymph,1,0,0,none
11668,lymph,0,0,1,CD4
11669,debris,0,0,0,none
11670,lymph,0,0,0,none
11671,debris,0,0,0,none
11672,lymph,0,0,1,CD4
11673,lymph,1,0,1,CD8
11674,mono,0,0,0,none
11675,gran,0,0,0,none
11676,gran,1,0,0,none
11677,lymph,0,0,1,DP
11678,lymph,0,0,0,none
11679,gran,0,0,0,none
11680,gran,0,0,0,none
11681,lymph,1,0,1,CD4
11682,lymph,0,0,1,CD4
11683,lymph,0,0,0,none
11684,debris,0,0,0,none
11685,lymph,0,0,0,none
11686,lymph,0,0,0,none
11687,gran,0,0,0,none
11688,lymph,0,0,0,none
11689,gran,0,0,0,none
11690,lymph,0,0,1,CD8
11691,gran,0,0,0,none
11692,gran,0,0,0,none
11693,gran,0,0,0,none
11694,gran,0,0,0,none
11695,gran,0,0,0,none
11696,lymph,0,0,1,DN
11697,lymph,0,0,0,none
11698,mono,0,0,0,none
11699,lymph,0,0,1,CD4
11700,gran,0,0,0,none
11701,gran,0,0,0,none
11702,lymph,0,0,1,CD4
11703,lymph,1,0,0,none
11704,lymph,0,0,0,none
11705,gran,0,1,0,none
11706,lymph,0,1,0,none
11707,lymph,0,0,0,none
11708,debris,0,0,0,none
11709,mono,0,0,0,none
11710,mono,0,0,0,none
11711,debris,0,0,0,none
11712,lymph,0,0,0,none
11713,lymph,1,0,1,CD8
11714,gran,0,0,0,none
11715,lymph,0,0,0,none
11716,lymph,0,0,1,CD4
11717,debris,0,0,0,none
11718,gran,0,0,0,none
11719,lymph,0,0,0,none
11720,mono,0,0,0,none
11721,lymph,0,1,1,CD4
11722,lymph,0,0,0,none
11723,lymph,0,1,1,CD8
11724,lymph,0,0,1,CD8
11725,lymph,1,0,0,none
11726,lymph,0,0,1,CD8
11727,lymph,1,0,1,CD8
11728,lymph,0,0,1,CD8
11729,lymph,0,0,0,none
11730,gran,0,1,0,none
11731,lymph,0,0,1,CD4
11732,mono,0,0,0,none
11733,lymph,0,0,1,DN
11734,gran,0,0,0,none
11735,lymph,0,0,1,CD8
11736,mono,0,1,0,none
11737,lymph,0,0,1,CD8
11738,lymph,0,0,1,CD8
11739,gran,0,0,0,none
11740,lymph,0,0,1,CD4
11741,gran,0,0,0,none
11742,debris,0,0,0,none
11743,lymph,0,0,1,CD4
11744,mono,0,0,0,none
11745,lymph,0,0,0,none
11746,lymph,0,0,1,CD4
11747,debris,0,0,0,none
11748,lymph,0,0,1,CD4
11749,lymph,0,1,0,none
11750,lymph,0,0,0,none
11751,gran,0,0,0,none
11752,debris,0,0,0,none
11753,lymph,0,1,0,none
11754,lymph,0,0,1,CD8
11755,debris,0,0,0,none
11756,lymph,0,0,1,CD4
11757,lymph,0,0,1,CD8
11758,lymph,0,0,1,CD8
11759,lymph,0,0,1,CD4
11760,mono,0,1,0,none
11761,debris,0,0,0,none
11762,lymph,0,0,1,CD8
11763,lymph,0,0,0,none
11764,lymph,0,0,1,CD4
11765,lymph,0,0,0,none
11766,lymph,0,0,1,DN
11767,gran,0,0,0,none
11768,lymph,0,0,0,none
11769,lymph,0,1,1,DN
11770,debris,0,0,0,none
11771,mono,0,0,0,none
11772,lymph,1,0,1,DN
11773,gran,0,0,0,none
11774,lymph,0,0,1,CD4
11775,lymph,0,0,1,CD4
11776,lymph,0,0,1,CD4
11777,lymph,0,1,0,none
11778,debris,0,0,0,none
11779,gran,1,0,0,none
11780,gran,0,1,0,none
11781,debris,0,0,0,none
11782,lymph,1,0,1,CD8
11783,lymph,0,0,1,CD8
11784,lymph,0,0,1,CD4
11785,gran,0,0,0,none
11786,lymph,0,0,1,CD4
11787,lymph,0,0,1,CD8
11788,mono,0,0,0,none
11789,gran,1,1,0,none
11790,lymph,0,0,1,CD4
11791,mono,0,0,0,none
11792,debris,0,0,0,none
11793,lymph,0,0,1,CD4
11794,lymph,0,1,1,CD4
11795,lymph,0,0,1,CD8
11796,lymph,0,0,1,CD4
11797,debris,0,0,0,none
11798,lymph,0,0,1,CD8
11799,lymph,0,0,1,CD4
11800,gran,0,0,0,none
11801,lymph,0,0,1,CD4
11802,lymph,0,0,0,none
11803,mono,0,0,0,none
11804,lymph,0,0,1,CD8
11805,lymph,0,0,1,CD4
11806,mono,0,0,0,none
11807,lymph,0,0,0,none
11808,lymph,0,1,0,none
11809,lymph,0,0,1,CD8
11810,gran,0,0,0,none
11811,mono,0,0,0,none
11812,lymph,0,0,0,none
11813,debris,0,0,0,none
11814,gran,0,0,0,none
11815,lymph,0,0,1,CD8
11816,gran,0,0,0,none
11817,gran,0,0,0,none
11818,lymph,0,0,1,CD8
11819,debris,0,0,0,none
11820,lymph,0,0,1,CD8
11821,lymph,0,0,1,DN
11822,lymph,0,0,1,CD8
11823,gran,0,0,0,none
11824,mono,0,0,0,none
11825,lymph,1,0,1,CD8
11826,lymph,0,0,0,none
11827,gran,0,0,0,none
11828,mono,0,0,0,none
11829,mono,0,0,0,none
11830,mono,0,0,0,none
11831,lymph,1,0,1,CD4
11832,lymph,1,0,1,CD4
11833,debris,0,0,0,none
11834,mono,0,0,0,none
11835,lymph,0,0,1,CD4
11836,lymph,0,0,0,none
11837,lymph,0,1,0,none
11838,gran,0,0,0,none
11839,lymph,0,1,1,CD8
11840,mono,0,0,0,none
11841,mono,1,0,0,none
11842,lymph,0,0,1,CD4
11843,gran,0,0,0,none
11844,lymph,0,0,0,none
11845,lymph,1,0,1,CD8
11846,lymph,0,0,1,CD4
11847,lymph,0,0,1,DN
11848,lymph,0,0,1,CD4
11849,lymph,0,0,0,none
11850,lymph,0,0,1,CD4
11851,lymph,0,0,1,CD4
11852,lymph,0,0,1,DP
11853,lymph,0,1,1,CD4
11854,debris,0,0,0,none
11855,lymph,0,0,0,none
11856,lymph,1,1,0,none
11857,gran,0,0,0,none
11858,gran,0,0,0,none
11859,lymph,0,1,1,CD4
11860,gran,0,0,0,none
11861,lymph,0,0,0,none
11862,mono,0,0,0,none
11863,lymph,0,0,1,CD4
11864,lymph,0,0,1,CD8
11865,lymph,0,0,1,CD4
11866,lymph,0,0,1,CD4
11867,lymph,0,1,1,CD8
11868,gran,1,0,0,none
11869,gran,1,0,0,none
11870,mono,0,0,0,none
11871,lymph,0,0,1,CD4
11872,lymph,0,0,1,CD4
11873,lymph,0,0,0,none
11874,lymph,0,0,1,CD8
11875,mono,0,0,0,none
11876,gran,0,0,0,none
11877,lymph,1,0,0,none
11878,debris,0,0,0,none
11879,mono,0,0,0,none
11880,lymph,0,0,0,none
11881,lymph,0,0,0,none
11882,debris,0,0,0,none
11883,lymph,0,0,1,CD8
11884,lymph,0,0,0,none
11885,lymph,1,0,1,CD4
11886,lymph,0,0,0,none
11887,lymph,0,0,1,CD8
11888,lymph,0,1,1,DN
11889,mono,0,0,0,none
11890,mono,0,0,0,none
11891,lymph,0,0,1,CD8
11892,lymph,0,0,1,CD8
11893,lymph,0,0,1,CD8
11894,lymph,0,0,0,none
11895,gran,0,0,0,none
11896,gran,0,0,0,none
11897,lymph,0,0,1,DN
11898,debris,0,0,0,none
11899,debris,0,0,0,none
11900,mono,0,0,0,none
11901,gran,1,0,0,none
11902,lymph,0,0,1,CD4
11903,lymph,0,0,1,CD4
11904,mono,0,0,0,none
11905,lymph,0,0,1,CD4
11906,lymph,0,0,1,DN
11907,gran,1,0,0,none
11908,lymph,0,0,1,CD8
11909,lymph,0,1,0,none
11910,lymph,0,0,1,CD4
11911,lymph,0,0,0,none
11912,debris,0,0,0,none
11913,lymph,0,0,1,CD4
11914,lymph,1,0,1,CD4
11915,lymph,0,0,1,CD4
11916,lymph,1,0,1,CD8
11917,mono,0,0,0,none
11918,gran,1,0,0,none
11919,debris,0,0,0,none
11920,lymph,0,1,1,CD8
11921,lymph,0,0,1,CD4
11922,debris,0,0,0,none
11923,mono,0,0,0,none
11924,gran,0,0,0,none
11925,lymph,0,1,1,CD4
11926,lymph,0,0,0,none
11927,lymph,0,0,1,CD4
11928,lymph,0,0,1,CD4
11929,lymph,0,0,1,CD8
11930,lymph,0,0,1,CD4
11931,lymph,0,0,1,CD8
11932,lymph,0,0,0,none
11933,mono,0,0,0,none
11934,lymph,0,0,0,none
11935,debris,0,0,0,none
11936,gran,0,0,0,none
11937,lymph,0,0,0,none
11938,lymph,0,0,1,DN
11939,mono,0,0,0,none
11940,debris,0,0,0,none
11941,debris,0,0,0,none
11942,lymph,0,0,1,CD8
11943,gran,0,0,0,none
11944,lymph,0,0,1,CD8
11945,lymph,0,0,1,CD4
11946,debris,0,0,0,none
11947,mono,0,0,0,none
11948,lymph,0,0,1,CD8
11949,lymph,0,0,1,CD4
11950,lymph,0,0,1,CD4
11951,gran,0,1,0,none
11952,lymph,0,1,0,none
11953,debris,0,0,0,none
11954,lymph,0,0,1,DN
11955,mono,0,0,0,none
11956,lymph,0,0,0,none
11957,mono,0,0,0,none
11958,lymph,0,0,0,none
11959,debris,0,0,0,none
11960,gran,0,0,0,none
11961,lymph,0,1,1,CD4
11962,lymph,0,0,0,none
11963,lymph,0,0,0,none
11964,gran,0,0,0,none
11965,lymph,0,0,1,CD4
11966,lymph,0,0,1,CD4
11967,lymph,1,0,1,CD4
11968,lymph,0,0,1,CD8
11969,gran,0,0,0,none
11970,mono,0,0,0,none
11971,gran,0,0,0,none
11972,lymph,0,0,1,CD8
11973,lymph,0,0,1,CD4
11974,lymph,0,1,1,CD8
11975,lymph,0,0,1,CD8
11976,lymph,0,0,0,none
11977,lymph,0,0,1,CD4
11978,lymph,0,0,1,CD4
11979,lymph,0,0,0,none
11980,lymph,0,0,0,none
11981,gran,0,0,0,none
11982,lymph,0,0,0,none
11983,lymph,0,0,1,CD4
11984,debris,0,0,0,none
11985,lymph,0,0,1,CD4
11986,gran,0,0,0,none
11987,debris,0,0,0,none
11988,debris,0,0,0,none
11989,lymph,1,0,1,CD4
11990,mono,0,0,0,none
11991,gran,1,0,0,none
11992,lymph,0,0,0,none
11993,lymph,0,0,1,CD4
11994,mono,0,0,0,none
11995,lymph,0,0,1,CD8
11996,lymph,0,0,1,CD4
11997,mono,0,1,0,none
11998,lymph,0,0,1,CD8
11999,gran,0,0,0,none
