AutoGate_X,AutoGate_Y,PositiveOnly_X,Category
-230.4687871,3.457564293,231.4687871,C0
-162.4174732,69.87418781,163.4174732,C0
2118.264034,1419.825118,2119.264034,C2
2467.514607,1412.582043,2468.514607,C2
110.3008627,-84.83840305,111.3008627,C0
438.9318158,194.1702644,439.9318158,C1
511.1043877,388.6001917,512.1043877,C1
22.61086117,4.231965266,23.61086117,C0
791.4544327,556.7411166,792.4544327,C1
2025.917106,1654.257735,2026.917106,C2
640.8738504,479.5765509,641.8738504,C1
492.6132517,398.2424702,493.6132517,C1
-104.4440779,57.06877774,105.4440779,C0
1920.416883,1629.170182,1921.416883,C2
1951.45332,1636.204043,1952.45332,C2
576.0219506,453.7552097,577.0219506,C1
-16.20745012,68.69136529,17.20745012,C0
1634.695256,1652.120475,1635.695256,C2
649.5587123,429.7270949,650.5587123,C1
125.2888776,-129.6678627,126.2888776,C0
2054.932093,1644.605851,2055.932093,C2
2311.4903,1582.626696,2312.4903,C2
8.54453704,24.02271341,9.54453704,C0
1772.31498,1092.667253,1773.31498,C2
1745.140738,1703.399269,1746.140738,C2
-63.83078469,157.6689555,64.83078469,C0
1750.072043,1693.474232,1751.072043,C2
1587.500555,1442.884694,1588.500555,C2
2135.167664,1898.139471,2136.167664,C2
143.5971251,-19.0971988,144.5971251,C0
1928.132606,1196.278642,1929.132606,C2
185.956813,-79.55769289,186.956813,C0
1464.860232,1980.710515,1465.860232,C2
2684.043523,1483.540241,2685.043523,C2
791.3016015,371.7574656,792.3016015,C1
2253.06155,1726.190114,2254.06155,C2
883.3599991,491.4884361,884.3599991,C1
2082.392761,1341.832305,2083.392761,C2
634.0567036,337.0891809,635.0567036,C1
2094.129047,1729.252137,2095.129047,C2
-41.00542181,84.38154647,42.00542181,C0
879.4295864,420.8621069,880.4295864,C1
975.7718278,483.2241407,976.7718278,C1
2080.820355,1784.474372,2081.820355,C2
2320.142453,1636.157124,2321.142453,C2
1974.620551,1441.629543,1975.620551,C2
805.1442098,668.1833317,806.1442098,C1
837.6216768,428.6597903,838.6216768,C1
1864.521314,1452.423872,1865.521314,C2
597.0516566,593.8595805,598.0516566,C1
2133.103553,1325.22971,2134.103553,C2
2072.881814,1772.690355,2073.881814,C2
2478.019684,1768.638924,2479.019684,C2
-50.59433302,-39.89085373,51.59433302,C0
2476.20219,1446.886253,2477.20219,C2
-147.9125661,-185.8035695,148.9125661,C0
69.97035411,10.01264319,70.97035411,C0
2153.881686,1474.568566,2154.881686,C2
518.4817635,448.5720926,519.4817635,C1
1633.173685,1803.529182,1634.173685,C2
2404.521765,1856.730889,2405.521765,C2
1934.728001,1591.184251,1935.728001,C2
102.005982,21.09853617,103.005982,C0
704.1171601,379.9416695,705.1171601,C1
968.7780666,567.3471,969.7780666,C1
45.26010758,-18.44904753,46.26010758,C0
2128.550849,1706.767174,2129.550849,C2
-103.3531992,22.80271403,104.3531992,C0
207.2022217,-2.639458512,208.2022217,C0
901.3825847,515.5504857,902.3825847,C1
-218.4998273,-117.6472961,219.4998273,C0
2127.459001,1555.739162,2128.459001,C2
147.911851,74.24005238,148.911851,C0
201.5902671,28.50626533,202.5902671,C0
905.9214887,246.3955597,906.9214887,C1
-78.72852097,-72.77728482,79.72852097,C0
-167.0483517,1.657157445,168.0483517,C0
2141.797795,1655.585858,2142.797795,C2
562.9920724,247.758456,563.9920724,C1
1.971628342,-99.65238392,2.971628342,C0
1710.331386,1494.776711,1711.331386,C2
136.0776317,-38.05793838,137.0776317,C0
695.0251484,524.6985286,696.0251484,C1
2192.648323,1806.253499,2193.648323,C2
159.7808873,136.8095983,160.7808873,C0
945.277357,273.2677076,946.277357,C1
-200.5847448,86.5011045,201.5847448,C0
868.6376023,356.1225345,869.6376023,C1
355.0521563,244.6600039,356.0521563,C1
703.8672598,592.265691,704.8672598,C1
763.4566806,424.8203876,764.4566806,C1
506.4692279,553.8088893,507.4692279,C1
1913.716486,1064.102806,1914.716486,C2
695.3659086,439.758776,696.3659086,C1
1461.066905,1474.494007,1462.066905,C2
2103.580687,1372.258862,2104.580687,C2
2002.887645,1651.397585,2003.887645,C2
0.7134850274,-10.89874164,1.713485027,C0
2023.828391,1990.051753,2024.828391,C2
1960.763858,1523.35411,1961.763858,C2
2216.104638,1733.081198,2217.104638,C2
2061.240595,1285.368538,2062.240595,C2
2075.88877,1847.73629,2076.88877,C2
573.7143761,614.1438395,574.7143761,C1
2216.141827,1414.27043,2217.141827,C2
952.7750305,553.7489445,953.7750305,C1
680.9347693,496.1944435,681.9347693,C1
1833.192792,1723.607002,1834.192792,C2
588.5410392,372.1324113,589.5410392,C1
88.71171448,102.9949726,89.71171448,C0
31.41064364,124.0501001,32.41064364,C0
2220.695436,1279.333496,2221.695436,C2
453.6882876,398.8723734,454.6882876,C1
-75.87858932,-47.48589168,76.87858932,C0
705.8365708,440.0958208,706.8365708,C1
716.2288308,399.4707396,717.2288308,C1
2187.107747,2053.522359,2188.107747,C2
2530.578779,1847.02685,2531.578779,C2
2158.452404,1751.625712,2159.452404,C2
638.6044889,401.5900419,639.6044889,C1
863.8535573,487.005811,864.8535573,C1
493.3485308,340.7912679,494.3485308,C1
2352.247031,1600.686297,2353.247031,C2
571.7038657,590.2476706,572.7038657,C1
2126.110535,1301.305749,2127.110535,C2
1796.579373,1445.022815,1797.579373,C2
2566.557252,1756.437776,2567.557252,C2
670.28291,304.4468917,671.28291,C1
556.7341028,472.2980878,557.7341028,C1
2398.946946,1847.404027,2399.946946,C2
77.60601738,52.88963234,78.60601738,C0
471.5080163,300.8056743,472.5080163,C1
618.1809726,538.6743752,619.1809726,C1
2052.902102,1411.447088,2053.902102,C2
666.5585058,293.7624059,667.5585058,C1
872.640454,722.61596,873.640454,C1
519.2034387,298.725079,520.2034387,C1
-39.90447183,35.62089594,40.90447183,C0
924.1748079,494.2085942,925.1748079,C1
-5.109788517,-163.4950458,6.109788517,C0
2260.202416,1953.403154,2261.202416,C2
688.8530062,525.0675337,689.8530062,C1
2022.032513,2078.811534,2023.032513,C2
2162.51472,1371.19525,2163.51472,C2
2213.965358,1793.823984,2214.965358,C2
1663.305303,1369.399379,1664.305303,C2
-111.6252961,191.1268031,112.6252961,C0
821.466893,579.1380645,822.466893,C1
921.1082218,415.9946259,922.1082218,C1
597.2859959,381.1698453,598.2859959,C1
2280.789477,1796.056501,2281.789477,C2
930.893359,476.5207238,931.893359,C1
723.5666625,646.6761329,724.5666625,C1
191.7107477,-116.8515214,192.7107477,C0
2231.64016,1694.452129,2232.64016,C2
758.4541918,492.5701792,759.4541918,C1
504.5342277,454.7318726,505.5342277,C1
786.915982,535.9776507,787.915982,C1
675.2067859,198.3849907,676.2067859,C1
595.4845845,594.5753344,596.4845845,C1
2352.099432,1663.429921,2353.099432,C2
975.4975986,490.7724123,976.4975986,C1
-168.4592882,-23.08382153,169.4592882,C0
124.4751092,-20.99481221,125.4751092,C0
653.1951117,576.9563734,654.1951117,C1
-15.56454742,-18.55829715,16.56454742,C0
1923.038161,1301.280608,1924.038161,C2
68.31966498,26.61021005,69.31966498,C0
2126.24746,1452.193147,2127.24746,C2
503.0547481,526.0080576,504.0547481,C1
930.9141941,273.553863,931.9141941,C1
-120.7307098,57.77930632,121.7307098,C0
2465.517946,1589.637395,2466.517946,C2
2293.513682,1733.102557,2294.513682,C2
199.0675874,12.29229155,200.0675874,C0
347.9739963,274.0944653,348.9739963,C1
20.60825806,124.2930083,21.60825806,C0
1904.075332,1621.085679,1905.075332,C2
2102.631737,1667.842628,2103.631737,C2
-8.041413967,-38.38218336,9.041413967,C0
482.3478511,584.885102,483.3478511,C1
183.3210568,12.6022876,184.3210568,C0
284.161059,196.0073275,285.161059,C0
2218.392408,1323.80749,2219.392408,C2
-50.80952535,56.6933247,51.80952535,C0
-9.173854494,-59.13858495,10.17385449,C0
2189.38095,1860.925353,2190.38095,C2
1858.195764,1246.673499,1859.195764,C2
2278.551319,1705.997835,2279.551319,C2
1901.768847,1895.148616,1902.768847,C2
195.8287933,-47.57564768,196.8287933,C0
1819.296773,1903.462129,1820.296773,C2
2081.367277,1455.779461,2082.367277,C2
546.484843,438.3669997,547.484843,C1
43.5754487,124.5582751,44.5754487,C0
2238.128677,918.426261,2239.128677,C2
795.4774679,377.9062639,796.4774679,C1
2340.400073,1262.042243,2341.400073,C2
593.4660175,402.3929208,594.4660175,C1
701.1164141,398.1145108,702.1164141,C1
-4.403102117,12.3177271,5.403102117,C0
2430.150713,1666.503973,2431.150713,C2
564.999122,543.927772,565.999122,C1
2260.174767,1790.065184,2261.174767,C2
2517.07532,1463.281028,2518.07532,C2
842.3524464,756.5682517,843.3524464,C1
536.0042635,449.2786553,537.0042635,C1
-27.33496588,133.7850812,28.33496588,C0
1579.064351,1359.656893,1580.064351,C2
75.36856328,-178.5426054,76.36856328,C0
668.3091937,488.0724451,669.3091937,C1
645.2355747,339.8764772,646.2355747,C1
-126.4695002,-40.52291339,127.4695002,C0
824.9405919,395.4793333,825.9405919,C1
-121.7865882,-63.71946664,122.7865882,C0
-23.65052801,-69.98739561,24.65052801,C0
496.4214622,277.394374,497.4214622,C1
1866.695949,1330.254102,1867.695949,C2
2120.197505,1808.802043,2121.197505,C2
-193.1864829,24.46344741,194.1864829,C0
2225.585224,1648.554364,2226.585224,C2
901.5083487,465.1026959,902.5083487,C1
1601.679329,687.5096437,1602.679329,C2
808.148381,525.76183,809.148381,C1
567.1253942,336.7575429,568.1253942,C1
597.2299946,414.1807202,598.2299946,C1
2084.293245,1724.322255,2085.293245,C2
2452.423424,1800.029471,2453.423424,C2
544.4754446,496.7200739,545.4754446,C1
636.7416186,355.3561404,637.7416186,C1
2383.210209,1560.490158,2384.210209,C2
73.61881387,99.46114656,74.61881387,C0
-120.191775,-20.12081667,121.191775,C0
685.9626793,532.8523499,686.9626793,C1
66.39798982,84.4612178,67.39798982,C0
576.4037955,596.377917,577.4037955,C1
2576.693941,1572.555294,2577.693941,C2
-62.19749409,69.86835541,63.19749409,C0
82.18577353,-75.99509137,83.18577353,C0
1914.860207,1845.929974,1915.860207,C2
2095.695607,1483.143735,2096.695607,C2
736.9266076,685.3321697,737.9266076,C1
2566.32835,1552.557856,2567.32835,C2
2251.701525,1776.595532,2252.701525,C2
566.0066104,332.9736386,567.0066104,C1
-118.3500406,-10.57438567,119.3500406,C0
2471.173438,1236.885616,2472.173438,C2
1934.028556,2063.301024,1935.028556,C2
672.4551965,558.422216,673.4551965,C1
1707.003847,1941.602647,1708.003847,C2
2272.234573,2014.316293,2273.234573,C2
-178.5411539,18.63318096,179.5411539,C0
30.84190778,40.18950395,31.84190778,C0
-195.1098397,-44.50224366,196.1098397,C0
2502.225195,1816.047882,2503.225195,C2
810.1567972,413.1643915,811.1567972,C1
703.6555628,238.5045976,704.6555628,C1
799.8409054,502.8205063,800.8409054,C1
134.0916725,96.25598226,135.0916725,C0
1969.717811,1473.368529,1970.717811,C2
2311.976718,1851.986745,2312.976718,C2
641.8571583,506.0581762,642.8571583,C1
665.8379684,479.313943,666.8379684,C1
422.9548643,613.2158016,423.9548643,C1
1803.567063,1840.521875,1804.567063,C2
-9.868886688,-43.57867203,10.86888669,C0
832.3820272,584.2991553,833.3820272,C1
441.3748072,297.6699389,442.3748072,C1
1704.055001,1793.635089,1705.055001,C2
2341.147816,1288.214602,2342.147816,C2
-46.61265615,-64.76009345,47.61265615,C0
1806.501324,1976.666125,1807.501324,C2
2303.173722,1791.478315,2304.173722,C2
-292.1519035,-6.572524288,293.1519035,C0
313.2206079,449.980623,314.2206079,C1
2095.847716,1806.339588,2096.847716,C2
1745.13177,1850.492155,1746.13177,C2
100.1065693,18.55954297,101.1065693,C0
815.9862453,450.8045457,816.9862453,C1
2050.402052,1668.115881,2051.402052,C2
2273.536284,1295.113209,2274.536284,C2
650.0745512,547.9565972,651.0745512,C1
613.795863,464.9780615,614.795863,C1
2183.745255,975.8965077,2184.745255,C2
864.9982973,245.1584647,865.9982973,C1
2307.340976,1367.561421,2308.340976,C2
144.7046418,-57.85428885,145.7046418,C0
2177.951466,1286.433786,2178.951466,C2
2020.900588,1596.337825,2021.900588,C2
672.0090419,304.4382953,673.0090419,C1
668.4965536,194.7984374,669.4965536,C1
509.6570131,605.9637269,510.6570131,C1
789.788932,482.1487134,790.788932,C1
804.2536288,721.0301958,805.2536288,C1
401.8089611,463.6949344,402.8089611,C1
2113.680095,1430.864529,2114.680095,C2
2169.461781,1792.642294,2170.461781,C2
155.6607713,108.2107295,156.6607713,C0
676.1409139,542.2471151,677.1409139,C1
2238.507348,1541.844939,2239.507348,C2
2023.648602,1232.441902,2024.648602,C2
8.597546372,-2.084129462,9.597546372,C0
1688.876342,2022.497716,1689.876342,C2
-102.7981956,66.34703537,103.7981956,C0
1835.515558,1827.110501,1836.515558,C2
582.6920943,288.8067827,583.6920943,C1
444.0340025,479.7784949,445.0340025,C1
654.6614456,405.050701,655.6614456,C1
326.308532,322.2505228,327.308532,C1
23.78222087,41.6322653,24.78222087,C0
15.45583836,-24.69848579,16.45583836,C0
873.9978321,424.5231312,874.9978321,C1
814.0098079,305.9311711,815.0098079,C1
-125.0126175,-26.11071684,126.0126175,C0
14.53565817,200.2028859,15.53565817,C0
11.25719746,48.97208649,12.25719746,C0
1880.651059,1745.937052,1881.651059,C2
2055.213885,1397.955574,2056.213885,C2
563.9586584,453.8240406,564.9586584,C1
1206.671068,530.3977101,1207.671068,C1
-218.4041843,74.85733301,219.4041843,C0
362.9778728,328.4826135,363.9778728,C1
909.5192612,445.4986301,910.5192612,C1
1734.799485,1689.551275,1735.799485,C2
2386.682922,1395.178395,2387.682922,C2
721.5369086,484.5424628,722.5369086,C1
674.3421128,532.3459371,675.3421128,C1
55.38457403,1.112683034,56.38457403,C0
1862.354881,1610.42963,1863.354881,C2
675.0046046,404.998373,676.0046046,C1
839.2312307,234.8589113,840.2312307,C1
40.57844619,230.5456988,41.57844619,C0
645.771106,496.0395744,646.771106,C1
1708.379067,1643.870113,1709.379067,C2
209.7590212,-103.4460005,210.7590212,C0
647.803109,430.6933918,648.803109,C1
-7.090632645,52.24256359,8.090632645,C0
-150.4916077,-68.84364456,151.4916077,C0
2446.278467,1554.820607,2447.278467,C2
775.3987378,316.5256116,776.3987378,C1
2325.46669,1354.93463,2326.46669,C2
-32.97260691,-8.356979118,33.97260691,C0
580.1743639,521.2950549,581.1743639,C1
87.26707743,192.0021609,88.26707743,C0
40.79753479,45.96086205,41.79753479,C0
685.5973875,182.0585771,686.5973875,C1
2073.051361,1299.503064,2074.051361,C2
399.8216134,464.8855075,400.8216134,C1
-33.83434235,103.8716757,34.83434235,C0
25.94149363,-115.8416063,26.94149363,C0
2143.467347,2123.629997,2144.467347,C2
251.1969541,-27.97744942,252.1969541,C0
680.4476829,354.1463951,681.4476829,C1
1965.178976,1425.451339,1966.178976,C2
2056.869027,1918.209173,2057.869027,C2
690.7249836,484.746589,691.7249836,C1
1562.653605,1385.051593,1563.653605,C2
-177.5032913,100.6981029,178.5032913,C0
566.3073238,628.182563,567.3073238,C1
493.2473246,323.7841688,494.2473246,C1
448.9588441,616.6369527,449.9588441,C1
819.9046713,657.3393344,820.9046713,C1
704.0845693,386.482249,705.0845693,C1
554.5082093,510.7512989,555.5082093,C1
30.27000267,-84.75675555,31.27000267,C0
1977.38643,1366.192978,1978.38643,C2
106.5749824,68.5882603,107.5749824,C0
827.7140738,441.8377526,828.7140738,C1
2624.851976,1910.756956,2625.851976,C2
894.5084123,369.877955,895.5084123,C1
2105.300767,1527.25056,2106.300767,C2
131.8321052,-93.19348283,132.8321052,C0
18.51067771,-43.65051455,19.51067771,C0
811.8025201,434.3400205,812.8025201,C1
911.1530206,453.5177193,912.1530206,C1
108.8691893,-144.8796459,109.8691893,C0
2363.901557,1558.610642,2364.901557,C2
700.8237465,631.1203963,701.8237465,C1
1027.642954,531.4700066,1028.642954,C1
25.83222195,-181.9919895,26.83222195,C0
771.5238854,467.0127213,772.5238854,C1
912.6909032,512.1641162,913.6909032,C1
2214.123076,1535.487454,2215.123076,C2
2096.573713,1652.629612,2097.573713,C2
2482.28389,1320.962299,2483.28389,C2
1891.87541,1700.120388,1892.87541,C2
112.2933851,117.0249369,113.2933851,C0
733.7810449,540.9375578,734.7810449,C1
796.4052315,370.233778,797.4052315,C1
1965.668106,1717.756436,1966.668106,C2
-24.24873787,21.3698411,25.24873787,C0
100.5508095,166.8153016,101.5508095,C0
1668.52818,1396.9107,1669.52818,C2
2201.38388,1372.452559,2202.38388,C2
692.6545389,431.2380668,693.6545389,C1
714.5554819,530.3324482,715.5554819,C1
-64.43693978,20.78819373,65.43693978,C0
782.4071234,538.326516,783.4071234,C1
875.2520964,435.2369072,876.2520964,C1
2341.420154,1559.225281,2342.420154,C2
1003.237639,546.4765702,1004.237639,C1
2289.881488,1166.813643,2290.881488,C2
-71.25785797,30.42230821,72.25785797,C0
2237.806417,1520.526384,2238.806417,C2
2225.886941,1238.849559,2226.886941,C2
114.9241875,-55.41802945,115.9241875,C0
1737.13705,1247.888804,1738.13705,C2
620.333167,545.9005288,621.333167,C1
80.01243078,106.6382957,81.01243078,C0
744.9987076,605.7155846,745.9987076,C1
1762.789158,1994.813431,1763.789158,C2
721.4245853,306.4599218,722.4245853,C1
736.2436033,558.2828332,737.2436033,C1
704.8434919,558.8409027,705.8434919,C1
2273.718667,1561.788302,2274.718667,C2
13.27138414,-62.80913105,14.27138414,C0
2150.933099,1971.448878,2151.933099,C2
2632.507202,1391.410653,2633.507202,C2
842.9429304,381.147249,843.9429304,C1
2211.662788,1471.716288,2212.662788,C2
856.3033559,480.7314229,857.3033559,C1
2379.415265,1496.918029,2380.415265,C2
-71.70469563,-71.51097899,72.70469563,C0
1.994065707,-3.130358871,2.994065707,C0
2181.893028,1420.899274,2182.893028,C2
483.1221493,480.3087426,484.1221493,C1
2299.83249,1400.789804,2300.83249,C2
954.5553253,510.4226455,955.5553253,C1
55.15858363,67.15193051,56.15858363,C0
-32.97224192,48.09063243,33.97224192,C0
1573.515635,1213.614737,1574.515635,C2
115.8381772,-151.1111789,116.8381772,C0
1008.320782,395.0537342,1009.320782,C1
2239.065803,1710.94345,2240.065803,C2
2166.73081,1871.198886,2167.73081,C2
1684.052784,1601.053936,1685.052784,C2
174.7076292,-68.95205693,175.7076292,C0
796.2466878,549.4718011,797.2466878,C1
447.3330526,630.5828263,448.3330526,C1
780.5486071,344.5230289,781.5486071,C1
811.306974,672.7966821,812.306974,C1
1650.287841,1474.687897,1651.287841,C2
1717.800392,1496.509993,1718.800392,C2
-13.71591525,-110.8201408,14.71591525,C0
1021.055686,352.3295949,1022.055686,C1
1075.141102,607.3795981,1076.141102,C1
1911.363459,1182.931539,1912.363459,C2
1885.503742,1608.643484,1886.503742,C2
444.3742797,403.2763099,445.3742797,C1
813.041966,566.7883969,814.041966,C1
1832.577019,1290.852533,1833.577019,C2
805.9682198,418.2971392,806.9682198,C1
957.1446624,531.3146608,958.1446624,C1
575.3508764,360.2372874,576.3508764,C1
678.7118222,368.4027219,679.7118222,C1
2360.035321,1480.945519,2361.035321,C2
-114.568512,15.96601454,115.568512,C0
-19.99667134,-64.05101918,20.99667134,C0
69.49894481,-25.34547644,70.49894481,C0
1796.474719,1401.971018,1797.474719,C2
31.38305117,-11.62982035,32.38305117,C0
140.5008883,46.16302327,141.5008883,C0
2214.648416,1292.840971,2215.648416,C2
-110.9815793,-48.80797325,111.9815793,C0
1863.68841,1463.510819,1864.68841,C2
743.6629217,490.0914989,744.6629217,C1
986.8488395,456.3822452,987.8488395,C1
515.2334479,585.1672693,516.2334479,C1
5.533277377,7.38087459,6.533277377,C0
770.7319694,153.5998521,771.7319694,C1
-44.74421356,56.62812172,45.74421356,C0
758.0424267,316.5139755,759.0424267,C1
140.0897088,-223.6287565,141.0897088,C0
1489.183814,1503.568305,1490.183814,C2
625.4957295,393.3293744,626.4957295,C1
1081.681093,472.0131135,1082.681093,C1
1107.434625,531.5641805,1108.434625,C1
777.9934061,500.4945035,778.9934061,C1
2311.223687,1946.845594,2312.223687,C2
2081.924102,1693.563069,2082.924102,C2
-126.7324499,263.9816855,127.7324499,C0
851.8768591,525.1887952,852.8768591,C1
-193.9124475,61.40290567,194.9124475,C0
72.80045738,56.68764954,73.80045738,C0
156.644764,31.14975485,157.644764,C0
2107.021011,1496.306093,2108.021011,C2
162.1393921,113.727169,163.1393921,C0
718.092159,284.1865046,719.092159,C1
882.5283285,487.8977095,883.5283285,C1
2306.307316,1318.75504,2307.307316,C2
2090.633259,1826.01866,2091.633259,C2
569.0856394,372.194789,570.0856394,C1
889.7277181,345.8388133,890.7277181,C1
606.2720682,564.6333758,607.2720682,C1
598.5647995,340.4728558,599.5647995,C1
569.7771931,554.7610042,570.7771931,C1
821.6119727,747.3682641,822.6119727,C1
531.8436661,547.5344284,532.8436661,C1
575.5257384,557.3234346,576.5257384,C1
775.1370769,700.7087849,776.1370769,C1
680.7754777,550.7993318,681.7754777,C1
-134.7796681,74.50327621,135.7796681,C0
149.9908162,51.96296256,150.9908162,C0
849.6167851,565.992498,850.6167851,C1
-18.20358192,-44.643515,19.20358192,C0
432.3902257,509.5526304,433.3902257,C1
2117.483543,1738.968435,2118.483543,C2
49.61771583,12.21917242,50.61771583,C0
625.2210433,317.6800841,626.2210433,C1
-121.0485385,224.5178964,122.0485385,C0
-61.45879592,-24.95006635,62.45879592,C0
-43.22399788,27.94269118,44.22399788,C0
-102.8483075,32.42608462,103.8483075,C0
53.10759949,123.3154017,54.10759949,C0
871.5723289,331.77123,872.5723289,C1
2142.896776,1334.632514,2143.896776,C2
2444.802148,1830.967866,2445.802148,C2
-126.3724545,38.90497645,127.3724545,C0
776.5592894,257.7776831,777.5592894,C1
878.0495793,328.7914258,879.0495793,C1
60.59744505,-50.31313237,61.59744505,C0
-117.8248656,47.55281551,118.8248656,C0
-107.8432737,97.7631138,108.8432737,C0
667.7631925,548.9705808,668.7631925,C1
811.9546388,548.71956,812.9546388,C1
2206.243566,1259.030087,2207.243566,C2
532.2817721,232.7059004,533.2817721,C1
777.4544047,584.5679273,778.4544047,C1
-85.50323187,-292.5791565,86.50323187,C0
-87.07129632,-65.4378118,88.07129632,C0
2137.665865,1722.538778,2138.665865,C2
2493.196073,1221.78948,2494.196073,C2
-335.0817005,131.4170485,336.0817005,C0
430.7541799,546.895315,431.7541799,C1
606.7254396,418.2972158,607.7254396,C1
665.9861199,549.8755282,666.9861199,C1
713.6515892,407.4363711,714.6515892,C1
2192.235978,1719.044474,2193.235978,C2
-73.90678702,-115.6967408,74.90678702,C0
2279.792683,1885.160737,2280.792683,C2
1824.308647,1201.549275,1825.308647,C2
777.960704,588.3907542,778.960704,C1
518.5241401,564.3479682,519.5241401,C1
505.509181,552.009794,506.509181,C1
53.54525238,-75.83240584,54.54525238,C0
-3.457720741,105.4574269,4.457720741,C0
606.3034814,499.5274713,607.3034814,C1
747.5249368,281.1770195,748.5249368,C1
664.870324,286.6834297,665.870324,C1
288.7202465,459.8217604,289.7202465,C1
2327.810385,2015.866477,2328.810385,C2
296.6653582,425.8795951,297.6653582,C1
555.5144396,408.1344235,556.5144396,C1
97.51419657,55.99085536,98.51419657,C0
540.4808077,367.6121254,541.4808077,C1
-25.37701987,-89.07649148,26.37701987,C0
582.4482853,463.3348761,583.4482853,C1
1867.374701,1729.334388,1868.374701,C2
672.931775,495.1846221,673.931775,C1
2232.562688,1654.120558,2233.562688,C2
485.535018,535.6344596,486.535018,C1
488.2702256,564.9699281,489.2702256,C1
-24.41984384,104.141772,25.41984384,C0
1996.225408,1315.109353,1997.225408,C2
51.83374494,-80.14969811,52.83374494,C0
1565.267155,1477.611264,1566.267155,C2
98.85223785,-72.66614671,99.85223785,C0
41.37201255,-19.76917519,42.37201255,C0
603.325233,215.8217986,604.325233,C1
662.3908243,274.0711211,663.3908243,C1
-52.81674752,-114.6163186,53.81674752,C0
2216.134595,1487.053936,2217.134595,C2
2245.215813,1422.995991,2246.215813,C2
109.0831988,-37.51512872,110.0831988,C0
55.49552575,-58.50206962,56.49552575,C0
329.0649482,23.98254503,330.0649482,C0
2065.245185,2309.480334,2066.245185,C2
2228.59702,1531.755671,2229.59702,C2
-45.29862584,76.33085037,46.29862584,C0
2092.356803,1361.611448,2093.356803,C2
1852.800472,1748.082278,1853.800472,C2
872.8892781,517.1207909,873.8892781,C1
-105.0072447,-34.46225009,106.0072447,C0
47.38850297,-34.38716744,48.38850297,C0
-44.22818152,128.8770142,45.22818152,C0
2023.705756,2012.680527,2024.705756,C2
811.2054928,519.5347935,812.2054928,C1
1883.566938,1815.273493,1884.566938,C2
-74.4675548,152.7990219,75.4675548,C0
2312.161016,1776.16387,2313.161016,C2
726.5480695,490.7092533,727.5480695,C1
2087.715199,1532.659148,2088.715199,C2
22.05922652,-96.13930043,23.05922652,C0
588.2184677,446.4298186,589.2184677,C1
2367.875223,1510.206618,2368.875223,C2
-170.5128506,63.41686943,171.5128506,C0
-225.4534383,-60.87679944,226.4534383,C0
456.7403052,239.566382,457.7403052,C1
2019.070909,1670.289503,2020.070909,C2
-72.91505459,-8.135830922,73.91505459,C0
530.3192815,351.758942,531.3192815,C1
-43.65088612,40.83712159,44.65088612,C0
2161.102729,1453.288535,2162.102729,C2
1961.919003,1784.596602,1962.919003,C2
-86.48226436,-16.57558258,87.48226436,C0
781.2055025,297.6994677,782.2055025,C1
2386.741107,1872.781786,2387.741107,C2
807.1803534,456.5673605,808.1803534,C1
2534.905174,1313.626874,2535.905174,C2
9.883886224,120.4115459,10.88388622,C0
2059.520054,1435.180015,2060.520054,C2
120.0557229,10.76961885,121.0557229,C0
258.0344193,51.73655427,259.0344193,C0
38.35964278,171.0360845,39.35964278,C0
844.6978363,420.3585073,845.6978363,C1
24.29232616,-158.7748487,25.29232616,C0
-74.80598554,10.34035095,75.80598554,C0
134.5499088,-47.98212934,135.5499088,C0
845.2575909,502.425949,846.2575909,C1
89.24679269,1.043349801,90.24679269,C0
493.3637253,656.7427361,494.3637253,C1
-190.0032629,-46.7884459,191.0032629,C0
2070.912677,1546.509099,2071.912677,C2
639.0651686,545.7028143,640.0651686,C1
1870.43614,1587.416517,1871.43614,C2
779.0820869,515.6335203,780.0820869,C1
2083.820054,1329.086004,2084.820054,C2
54.3325087,68.2846158,55.3325087,C0
649.8667227,351.4464817,650.8667227,C1
2222.904043,1356.71311,2223.904043,C2
659.8664349,388.0480191,660.8664349,C1
1506.613847,1738.876702,1507.613847,C2
2193.301288,1486.280514,2194.301288,C2
40.55405649,-100.8280067,41.55405649,C0
814.5126268,484.1424039,815.5126268,C1
746.1475025,404.8104945,747.1475025,C1
1101.543413,507.3640555,1102.543413,C1
937.9583051,703.5420766,938.9583051,C1
1992.093551,1460.348537,1993.093551,C2
2038.996712,1601.829146,2039.996712,C2
1823.272747,1691.244009,1824.272747,C2
45.77502701,-6.841575169,46.77502701,C0
-202.1032609,119.6139183,203.1032609,C0
2574.602752,1249.064672,2575.602752,C2
2046.833366,1645.495837,2047.833366,C2
2263.201372,1665.19557,2264.201372,C2
-176.3449278,21.98630865,177.3449278,C0
544.9386441,508.5442241,545.9386441,C1
666.4243093,489.1071351,667.4243093,C1
954.4388363,343.6582876,955.4388363,C1
1610.273548,1742.714921,1611.273548,C2
203.663004,-5.787011087,204.663004,C0
254.1801013,-14.42795115,255.1801013,C0
-32.94129363,-47.64759766,33.94129363,C0
968.8044378,518.5813826,969.8044378,C1
-18.00451544,17.931325,19.00451544,C0
2367.110728,1318.839466,2368.110728,C2
544.1686209,328.0609297,545.1686209,C1
-90.24855886,39.98469331,91.24855886,C0
2494.45208,1466.273825,2495.45208,C2
1835.075903,1737.109457,1836.075903,C2
639.1977772,476.7353973,640.1977772,C1
-14.54323449,55.85078012,15.54323449,C0
1894.940507,1557.958837,1895.940507,C2
103.6967309,-16.89301299,104.6967309,C0
-69.76989846,36.77453892,70.76989846,C0
2042.201496,1220.835624,2043.201496,C2
74.34386504,17.12888744,75.34386504,C0
2018.752926,1697.669316,2019.752926,C2
2246.628246,1280.202963,2247.628246,C2
1816.574333,1686.381472,1817.574333,C2
753.1342241,339.7103757,754.1342241,C1
695.838248,500.7073518,696.838248,C1
-67.92434284,-113.3596032,68.92434284,C0
25.35870419,138.4287083,26.35870419,C0
16.22018656,92.08744274,17.22018656,C0
-0.4462165595,-181.800663,1.44621656,C0
20.46295088,116.3176902,21.46295088,C0
796.4061504,395.8099422,797.4061504,C1
702.0430013,519.3686039,703.0430013,C1
1974.475027,1433.01319,1975.475027,C2
-47.80663074,-14.20239047,48.80663074,C0
-25.25856465,68.70621335,26.25856465,C0
-2.027046348,122.6289957,3.027046348,C0
856.2964822,480.7938721,857.2964822,C1
860.3789629,487.142828,861.3789629,C1
662.3817458,344.8570312,663.3817458,C1
621.058202,480.6808437,622.058202,C1
-10.33680042,-66.66264797,11.33680042,C0
680.1030038,474.896679,681.1030038,C1
2237.45877,1931.573486,2238.45877,C2
61.36483412,-7.571357798,62.36483412,C0
-249.372842,-254.5026113,250.372842,C0
457.0582562,502.7952034,458.0582562,C1
638.1435452,616.8340256,639.1435452,C1
2211.609713,1732.644495,2212.609713,C2
505.2509063,468.3022154,506.2509063,C1
180.0463289,-45.66580901,181.0463289,C0
1907.281326,1228.060689,1908.281326,C2
-51.81875875,42.08380923,52.81875875,C0
415.5853638,455.9670367,416.5853638,C1
590.9076061,494.196902,591.9076061,C1
2334.90762,1739.58065,2335.90762,C2
554.6121608,411.9288728,555.6121608,C1
910.2012527,425.5874967,911.2012527,C1
968.8434367,603.5104204,969.8434367,C1
2576.149321,1880.838527,2577.149321,C2
2336.559614,1590.049579,2337.559614,C2
1696.53431,1575.913751,1697.53431,C2
-98.21529914,-71.85660329,99.21529914,C0
139.0454296,197.9603845,140.0454296,C0
701.3204609,421.3365689,702.3204609,C1
352.7199714,442.0463716,353.7199714,C1
1764.216776,1371.236142,1765.216776,C2
1.135702402,-16.70889888,2.135702402,C0
1114.087738,634.9926327,1115.087738,C1
589.483209,392.9889229,590.483209,C1
-229.7282126,15.78607856,230.7282126,C0
2038.29218,1629.889168,2039.29218,C2
2103.011703,1339.535194,2104.011703,C2
1996.518815,1861.22895,1997.518815,C2
127.1631635,-14.89256137,128.1631635,C0
2439.61505,1785.194943,2440.61505,C2
2529.468976,1699.339867,2530.468976,C2
-64.83255939,31.1782552,65.83255939,C0
27.61706528,3.956232942,28.61706528,C0
-31.6974818,1.739780168,32.6974818,C0
719.2393111,632.3623791,720.2393111,C1
180.8192063,-58.89877932,181.8192063,C0
2135.419803,1831.725546,2136.419803,C2
644.076919,252.4545586,645.076919,C1
1877.534719,2076.808105,1878.534719,C2
1843.718103,1506.07973,1844.718103,C2
2095.351655,1926.871056,2096.351655,C2
843.9747078,364.8128145,844.9747078,C1
2457.054156,1602.26199,2458.054156,C2
2161.195323,1680.695434,2162.195323,C2
1994.366891,1717.480249,1995.366891,C2
2276.118514,1641.668236,2277.118514,C2
1936.458432,1549.48583,1937.458432,C2
2010.083051,1672.827282,2011.083051,C2
839.727631,413.3563132,840.727631,C1
1966.752654,1733.769619,1967.752654,C2
2023.907307,1501.268242,2024.907307,C2
1762.974741,1282.044616,1763.974741,C2
2370.802883,1635.313859,2371.802883,C2
-155.1340249,64.83959368,156.1340249,C0
101.5054268,-101.1663779,102.5054268,C0
609.188244,399.6753869,610.188244,C1
2127.085663,1612.893652,2128.085663,C2
600.2195232,477.4405096,601.2195232,C1
2286.908193,1663.336556,2287.908193,C2
2142.496591,1629.805712,2143.496591,C2
495.0328359,450.821145,496.0328359,C1
153.1504425,22.80080243,154.1504425,C0
14.03156006,71.77123722,15.03156006,C0
1851.208397,1728.669747,1852.208397,C2
-151.3659632,32.54944127,152.3659632,C0
-7.496415169,67.59581334,8.496415169,C0
727.3961988,486.4884815,728.3961988,C1
-43.78329317,-88.90977437,44.78329317,C0
687.0598603,583.2480517,688.0598603,C1
23.85390445,49.05403027,24.85390445,C0
818.6971022,261.1301881,819.6971022,C1
1889.213632,1496.833986,1890.213632,C2
112.8450968,-187.8628471,113.8450968,C0
-90.96549559,-22.88817784,91.96549559,C0
2455.622212,1896.855032,2456.622212,C2
835.175472,322.313545,836.175472,C1
483.6419053,495.0731052,484.6419053,C1
931.5917662,375.1582115,932.5917662,C1
-33.59906126,170.9123276,34.59906126,C0
354.2608012,491.7827607,355.2608012,C1
2348.483418,1698.055269,2349.483418,C2
-181.1528521,20.35829255,182.1528521,C0
1819.993725,1587.823761,1820.993725,C2
822.3635721,393.2979351,823.3635721,C1
2268.093736,1674.602952,2269.093736,C2
157.553107,-199.1205311,158.553107,C0
1887.924168,1808.95084,1888.924168,C2
8.139093262,-82.80241293,9.139093262,C0
2104.417689,1757.387031,2105.417689,C2
2064.575657,1330.885427,2065.575657,C2
812.4477538,289.2001855,813.4477538,C1
37.40463975,-48.63582168,38.40463975,C0
453.9133196,372.6470631,454.9133196,C1
684.6253115,380.6969134,685.6253115,C1
-62.88306446,153.862528,63.88306446,C0
2698.296379,1742.38841,2699.296379,C2
893.2664799,540.764877,894.2664799,C1
2225.027404,1584.156957,2226.027404,C2
2127.642866,1363.445649,2128.642866,C2
-65.66263287,-77.26621748,66.66263287,C0
591.7667321,537.0305615,592.7667321,C1
122.1285547,8.569621897,123.1285547,C0
96.52086591,162.0201419,97.52086591,C0
2083.264424,1635.993697,2084.264424,C2
96.18139004,13.07265292,97.18139004,C0
649.3394653,642.7281733,650.3394653,C1
263.7211318,-8.436475086,264.7211318,C0
604.0151814,413.5674338,605.0151814,C1
2648.526644,1706.98466,2649.526644,C2
-145.488632,-79.10480011,146.488632,C0
734.4286328,533.9931398,735.4286328,C1
2416.108751,1393.109473,2417.108751,C2
1981.849906,1759.623699,1982.849906,C2
2159.982888,1482.40678,2160.982888,C2
2048.971442,950.91361,2049.971442,C2
84.06723747,-37.97720569,85.06723747,C0
1918.305937,1532.848073,1919.305937,C2
1977.110957,1508.733743,1978.110957,C2
2206.798822,1530.899264,2207.798822,C2
1888.266025,1415.447272,1889.266025,C2
587.684241,623.4504653,588.684241,C1
2140.024121,1536.754642,2141.024121,C2
151.5305158,27.1803427,152.5305158,C0
-255.5547645,-101.7426792,256.5547645,C0
242.925495,33.99752252,243.925495,C0
586.6685921,413.8128005,587.6685921,C1
-45.08744729,-110.1311853,46.08744729,C0
3.153184624,-75.59075387,4.153184624,C0
2452.05419,1822.006361,2453.05419,C2
869.9687002,259.4575453,870.9687002,C1
873.5491947,209.7601673,874.5491947,C1
-242.6415139,-13.51156437,243.6415139,C0
669.7640687,432.5026675,670.7640687,C1
714.126821,480.5403016,715.126821,C1
2336.899585,1809.084874,2337.899585,C2
1075.277901,289.0743617,1076.277901,C1
1763.208848,1469.374339,1764.208848,C2
1937.553131,1092.461972,1938.553131,C2
647.4290053,554.545624,648.4290053,C1
1912.107805,1740.020857,1913.107805,C2
1821.040435,1346.534069,1822.040435,C2
778.8031683,530.4205346,779.8031683,C1
-102.3180195,85.95257007,103.3180195,C0
723.1079977,371.6371206,724.1079977,C1
-1.066156654,81.40262042,2.066156654,C0
1825.600339,1501.667968,1826.600339,C2
2178.975318,1970.855657,2179.975318,C2
916.0146278,222.4567244,917.0146278,C1
-62.42826611,-93.35770048,63.42826611,C0
862.6400703,551.1776927,863.6400703,C1
1789.524495,1371.073374,1790.524495,C2
2702.152166,1472.254713,2703.152166,C2
558.9789911,548.3439226,559.9789911,C1
-143.5362568,-36.37143076,144.5362568,C0
718.210964,501.3164976,719.210964,C1
174.2554704,-113.0471894,175.2554704,C0
1720.32518,1542.432567,1721.32518,C2
421.9246871,432.9998928,422.9246871,C1
2055.572868,1217.484401,2056.572868,C2
582.2296821,227.8587302,583.2296821,C1
869.4009101,457.6421248,870.4009101,C1
-177.646674,-52.68701028,178.646674,C0
-74.60331762,18.91342777,75.60331762,C0
2406.082802,2015.754124,2407.082802,C2
215.1103618,155.3854855,216.1103618,C0
486.5424442,248.4130156,487.5424442,C1
740.7820962,315.8499385,741.7820962,C1
164.7338703,81.08713507,165.7338703,C0
2064.826997,1483.845765,2065.826997,C2
134.2020488,-42.91215985,135.2020488,C0
134.3494389,98.74457663,135.3494389,C0
2114.368461,1416.404263,2115.368461,C2
845.3669347,446.4891317,846.3669347,C1
53.49026625,30.36326097,54.49026625,C0
1763.129825,1595.638988,1764.129825,C2
2099.60227,1472.047663,2100.60227,C2
711.0539546,509.4627663,712.0539546,C1
2535.510308,1749.300239,2536.510308,C2
2287.400281,1695.744842,2288.400281,C2
1818.034723,1604.736417,1819.034723,C2
852.3864162,517.5574202,853.3864162,C1
8.439927191,-53.0565771,9.439927191,C0
24.291412,-60.42895774,25.291412,C0
620.9591931,455.4644226,621.9591931,C1
743.4457179,675.3428535,744.4457179,C1
2385.959034,1617.455646,2386.959034,C2
18.81150159,25.94386585,19.81150159,C0
-139.3276058,25.78123369,140.3276058,C0
2167.796367,1698.101426,2168.796367,C2
2342.69012,1608.139877,2343.69012,C2
-19.90676156,-27.86966513,20.90676156,C0
106.2289585,-62.24842167,107.2289585,C0
-185.4152018,-149.4721011,186.4152018,C0
2421.924967,2055.655225,2422.924967,C2
189.1997995,-60.87894376,190.1997995,C0
-22.09989001,-123.3528827,23.09989001,C0
-13.00120068,3.71379313,14.00120068,C0
2212.344756,1511.597015,2213.344756,C2
2002.66322,1555.974399,2003.66322,C2
2936.175094,2041.10873,2937.175094,C2
1974.018511,1694.117552,1975.018511,C2
851.8831088,562.4429938,852.8831088,C1
2065.73991,1701.349173,2066.73991,C2
564.5683861,296.5974203,565.5683861,C1
1024.889823,494.8056949,1025.889823,C1
495.0822954,562.2395948,496.0822954,C1
-112.7225255,60.93818786,113.7225255,C0
48.67972207,-19.58958722,49.67972207,C0
556.5715335,442.5261502,557.5715335,C1
-139.2048952,-77.75051488,140.2048952,C0
636.5697657,517.7774644,637.5697657,C1
949.9704955,81.70831025,950.9704955,C1
1746.027955,1504.125625,1747.027955,C2
-98.51106447,5.540459594,99.51106447,C0
649.4166308,313.2401177,650.4166308,C1
2039.080011,1979.762472,2040.080011,C2
172.2577492,-140.1137018,173.2577492,C0
310.2937464,4.614901014,311.2937464,C0
522.3358441,370.756628,523.3358441,C1
706.7005499,474.5806911,707.7005499,C1
575.9769442,536.3992383,576.9769442,C1
-68.81019311,-88.78719682,69.81019311,C0
2536.1754,1702.563519,2537.1754,C2
714.0942566,367.9159141,715.0942566,C1
2166.219733,1959.36939,2167.219733,C2
1975.01003,1519.125974,1976.01003,C2
2249.633562,1185.661726,2250.633562,C2
-2.069727093,-28.27305464,3.069727093,C0
784.2090006,448.3865848,785.2090006,C1
2347.810036,1391.548512,2348.810036,C2
71.79030073,139.2882427,72.79030073,C0
-227.7612781,19.57369667,228.7612781,C0
575.0373445,384.8398251,576.0373445,C1
826.6429246,555.8641999,827.6429246,C1
376.6479744,535.0308807,377.6479744,C1
720.9568512,196.5639765,721.9568512,C1
1812.622072,1838.593214,1813.622072,C2
1996.332924,1541.264642,1997.332924,C2
2251.461812,1727.617858,2252.461812,C2
629.7396585,443.2978544,630.7396585,C1
336.6216338,560.0387218,337.6216338,C1
602.6392677,563.2019247,603.6392677,C1
639.6505615,459.8310751,640.6505615,C1
852.3231619,681.3000069,853.3231619,C1
-78.45306537,-80.50617463,79.45306537,C0
674.3343526,422.5807066,675.3343526,C1
671.1706206,349.3583225,672.1706206,C1
2227.725943,1390.257338,2228.725943,C2
1692.64994,1686.019786,1693.64994,C2
231.152269,-8.136245764,232.152269,C0
21.53711244,-107.6699212,22.53711244,C0
2309.5283,2000.096073,2310.5283,C2
1973.794544,1452.157688,1974.794544,C2
88.12478624,91.39132575,89.12478624,C0
409.3062305,630.0131286,410.3062305,C1
148.5023103,117.2594927,149.5023103,C0
14.95158283,-14.76303811,15.95158283,C0
930.0280723,560.5273803,931.0280723,C1
663.6367304,490.8462613,664.6367304,C1
137.451764,94.44633372,138.451764,C0
2094.528525,1550.25745,2095.528525,C2
-180.8292224,24.31484726,181.8292224,C0
1948.343063,1665.382609,1949.343063,C2
112.3836869,173.8009621,113.3836869,C0
2180.893765,1786.174889,2181.893765,C2
884.5498823,634.5441027,885.5498823,C1
1598.124388,1538.814984,1599.124388,C2
2111.903305,1332.845483,2112.903305,C2
627.14736,347.4807071,628.14736,C1
752.9352919,487.4276213,753.9352919,C1
1995.983633,1634.23128,1996.983633,C2
-72.86699984,-77.90308943,73.86699984,C0
-222.5986456,35.02810329,223.5986456,C0
2048.81783,1501.55245,2049.81783,C2
72.24218882,137.165462,73.24218882,C0
2257.187414,1520.383837,2258.187414,C2
2261.871428,1945.229055,2262.871428,C2
658.7856504,453.1032165,659.7856504,C1
796.0223348,64.08500277,797.0223348,C1
2201.192727,1596.334649,2202.192727,C2
23.10225587,32.24490481,24.10225587,C0
647.6297271,551.7923569,648.6297271,C1
2525.746733,1525.485906,2526.746733,C2
1682.897394,1623.201565,1683.897394,C2
1938.579027,1472.139256,1939.579027,C2
1022.15728,202.007623,1023.15728,C1
-147.3441015,-32.75416432,148.3441015,C0
563.4688399,477.7272421,564.4688399,C1
2169.212252,1551.938699,2170.212252,C2
878.3239595,395.325293,879.3239595,C1
1841.713346,1641.261512,1842.713346,C2
-47.87010934,-131.7693857,48.87010934,C0
2481.680569,2091.303339,2482.680569,C2
2103.3044,1523.969092,2104.3044,C2
587.6144931,648.3768287,588.6144931,C1
-31.39575768,-225.0632625,32.39575768,C0
1799.676549,1508.424774,1800.676549,C2
724.1726888,525.2498367,725.1726888,C1
1884.093579,1639.727484,1885.093579,C2
2132.083272,2031.371028,2133.083272,C2
2375.178279,1634.214452,2376.178279,C2
858.212342,712.3090503,859.212342,C1
17.62575614,-83.95181737,18.62575614,C0
661.1522302,473.0826987,662.1522302,C1
553.3338443,403.523253,554.3338443,C1
547.4484203,423.9056561,548.4484203,C1
2099.508203,1167.189185,2100.508203,C2
406.426046,527.9132066,407.426046,C1
2200.168956,1389.095158,2201.168956,C2
143.7521124,-49.97310921,144.7521124,C0
668.2439494,410.3980216,669.2439494,C1
582.0171271,417.6202875,583.0171271,C1
-79.53759525,95.61690084,80.53759525,C0
-121.6041749,79.67190543,122.6041749,C0
708.379428,323.134679,709.379428,C1
-72.6163057,-133.9124564,73.6163057,C0
2472.607814,1572.202021,2473.607814,C2
42.63152752,-30.57935668,43.63152752,C0
869.9247628,533.2404292,870.9247628,C1
1989.802471,1587.712155,1990.802471,C2
739.2153347,349.122005,740.2153347,C1
562.0798964,489.1721773,563.0798964,C1
99.31250677,62.26487949,100.3125068,C0
614.1494363,472.326997,615.1494363,C1
2044.012335,1522.53837,2045.012335,C2
651.1787005,582.8177301,652.1787005,C1
2074.456192,1663.940974,2075.456192,C2
2071.173433,1696.809284,2072.173433,C2
875.4231538,575.5182032,876.4231538,C1
2350.924828,1672.438139,2351.924828,C2
-91.33018164,-20.53802328,92.33018164,C0
1815.149138,1659.223407,1816.149138,C2
-273.2796939,46.72916726,274.2796939,C0
84.20615699,0.9147485873,85.20615699,C0
2083.768738,1585.882855,2084.768738,C2
506.3034051,518.4301587,507.3034051,C1
734.7391689,434.2855873,735.7391689,C1
2137.06958,1704.782368,2138.06958,C2
-64.09339239,38.56434761,65.09339239,C0
631.5364154,310.2908046,632.5364154,C1
2.864771945,-105.7612772,3.864771945,C0
193.4793949,167.9978151,194.4793949,C0
2308.062981,1001.778159,2309.062981,C2
932.9472634,480.5627326,933.9472634,C1
2281.523204,1975.989938,2282.523204,C2
666.8798977,554.5753245,667.8798977,C1
-362.0875338,-161.1640806,363.0875338,C0
53.2539803,-7.226893733,54.2539803,C0
584.7862374,457.394716,585.7862374,C1
2054.58246,1644.94486,2055.58246,C2
1956.556667,1349.510043,1957.556667,C2
684.2305147,205.3219199,685.2305147,C1
469.0816392,395.5810947,470.0816392,C1
704.5724404,562.5776972,705.5724404,C1
-82.67067296,-43.2097162,83.67067296,C0
2228.618855,1903.845194,2229.618855,C2
682.560194,555.0350639,683.560194,C1
73.09268627,-187.2999282,74.09268627,C0
2163.468863,1739.452869,2164.468863,C2
-34.29363443,29.21059924,35.29363443,C0
1730.041758,1193.563663,1731.041758,C2
2195.549614,1687.636954,2196.549614,C2
1948.203149,1494.021398,1949.203149,C2
2175.192942,1474.970861,2176.192942,C2
-29.22741605,67.36682844,30.22741605,C0
745.424837,455.2407648,746.424837,C1
1871.758596,1503.81866,1872.758596,C2
2024.850921,1813.116811,2025.850921,C2
211.4096187,-197.9465153,212.4096187,C0
-119.2642818,-65.61781752,120.2642818,C0
-288.1017345,-65.21917567,289.1017345,C0
1933.119831,1862.881606,1934.119831,C2
10.60245168,146.3732437,11.60245168,C0
-54.23333868,-44.87141002,55.23333868,C0
82.82656468,94.63768003,83.82656468,C0
476.3206806,531.7834105,477.3206806,C1
-135.8868952,-3.424612287,136.8868952,C0
-29.36896876,-97.8537923,30.36896876,C0
2039.389867,1642.18177,2040.389867,C2
2016.799056,1568.78379,2017.799056,C2
1801.884912,1611.777169,1802.884912,C2
183.4808067,25.12814679,184.4808067,C0
7.295316412,200.3027615,8.295316412,C0
-122.7919207,-213.1059584,123.7919207,C0
789.2214293,407.0288664,790.2214293,C1
-245.3390636,74.98111635,246.3390636,C0
-68.49685029,74.61296449,69.49685029,C0
655.0212658,495.2291048,656.0212658,C1
718.0155537,579.8854554,719.0155537,C1
-171.0727337,-128.5725694,172.0727337,C0
2190.610458,1979.794754,2191.610458,C2
2241.692202,1921.918171,2242.692202,C2
2202.623817,1667.592927,2203.623817,C2
66.62180906,-10.50282726,67.62180906,C0
2145.964544,1366.547074,2146.964544,C2
-91.23179445,-56.56072834,92.23179445,C0
664.7978085,666.2988339,665.7978085,C1
-21.33041708,12.25449461,22.33041708,C0
762.5341035,126.9547912,763.5341035,C1
688.115977,450.0246877,689.115977,C1
2104.597783,1302.04113,2105.597783,C2
2007.208397,1573.532836,2008.208397,C2
1951.662228,1512.765161,1952.662228,C2
333.4015556,562.1556591,334.4015556,C1
422.0272522,535.6118393,423.0272522,C1
-62.85614305,-11.89250176,63.85614305,C0
688.9286314,477.2069562,689.9286314,C1
1883.263584,1636.492938,1884.263584,C2
2049.176244,1446.370659,2050.176244,C2
34.98733714,-105.2555317,35.98733714,C0
10.69595087,-12.93253348,11.69595087,C0
675.9283899,419.2371609,676.9283899,C1
-79.3477024,-58.27916105,80.3477024,C0
129.5422413,-102.6725168,130.5422413,C0
2446.559567,1868.685898,2447.559567,C2
-159.8213845,-107.287965,160.8213845,C0
197.3340737,-214.8636467,198.3340737,C0
2504.095685,1893.703128,2505.095685,C2
688.0696469,621.4714475,689.0696469,C1
684.5150144,508.5963094,685.5150144,C1
2624.347062,1451.318099,2625.347062,C2
616.8872286,514.0456447,617.8872286,C1
730.9958633,509.8012106,731.9958633,C1
57.30366225,-92.60046085,58.30366225,C0
2224.352889,1910.642052,2225.352889,C2
2425.599477,1159.611322,2426.599477,C2
1915.247165,1401.247598,1916.247165,C2
2051.141729,1671.499984,2052.141729,C2
2012.57911,1920.300686,2013.57911,C2
79.44052539,42.14055505,80.44052539,C0
779.6009327,585.6163443,780.6009327,C1
2233.427828,1931.38746,2234.427828,C2
626.3140442,574.7627823,627.3140442,C1
35.19778705,-71.24133061,36.19778705,C0
607.9968788,469.1933612,608.9968788,C1
1990.703443,1708.028085,1991.703443,C2
23.38041988,-259.4173504,24.38041988,C0
38.51592272,-53.90574156,39.51592272,C0
2242.557431,1482.866,2243.557431,C2
2110.401016,1325.900459,2111.401016,C2
2167.266672,1674.716296,2168.266672,C2
616.4397954,441.798198,617.4397954,C1
1809.575124,1216.123933,1810.575124,C2
2319.777298,1150.303747,2320.777298,C2
687.7992339,279.2811092,688.7992339,C1
638.0712696,326.9381965,639.0712696,C1
-180.1795736,132.7627032,181.1795736,C0
2140.479176,1792.089913,2141.479176,C2
-57.56543349,-91.89466415,58.56543349,C0
-10.32038676,133.9579999,11.32038676,C0
2294.537393,1843.805372,2295.537393,C2
620.9246783,296.8084755,621.9246783,C1
542.2551108,306.2560874,543.2551108,C1
95.48696139,-26.03852319,96.48696139,C0
1985.352115,1891.641414,1986.352115,C2
740.3280226,581.8458899,741.3280226,C1
1481.911802,1458.993146,1482.911802,C2
1966.472358,1928.492345,1967.472358,C2
1781.292326,1846.461604,1782.292326,C2
924.5594842,566.5353316,925.5594842,C1
137.2674931,-92.55390571,138.2674931,C0
748.5837442,526.5834286,749.5837442,C1
765.733836,537.1335193,766.733836,C1
2311.775425,1450.568923,2312.775425,C2
700.0962863,490.0004253,701.0962863,C1
848.5690253,259.5371101,849.5690253,C1
174.5262343,118.8076867,175.5262343,C0
535.1522725,591.355898,536.1522725,C1
609.0477195,389.3289205,610.0477195,C1
2146.938483,1533.896864,2147.938483,C2
572.1857342,291.492636,573.1857342,C1
695.1738277,568.5028966,696.1738277,C1
681.021702,533.7914476,682.021702,C1
124.3081542,-75.79817503,125.3081542,C0
830.5676087,287.8957274,831.5676087,C1
942.7664997,329.3310205,943.7664997,C1
143.8100078,-9.460586784,144.8100078,C0
-4.929040671,71.47413624,5.929040671,C0
122.1769942,-6.344652803,123.1769942,C0
1820.984371,1442.799103,1821.984371,C2
675.8956444,374.7793358,676.8956444,C1
706.6822435,363.3622217,707.6822435,C1
84.53293611,81.08501111,85.53293611,C0
699.1090392,548.1049224,700.1090392,C1
2064.295528,1439.010606,2065.295528,C2
1914.570387,1575.276174,1915.570387,C2
561.4339824,481.2695668,562.4339824,C1
430.30681,507.1051162,431.30681,C1
2335.596303,1739.597769,2336.596303,C2
-128.9211068,-134.3634275,129.9211068,C0
-22.70218662,18.66756299,23.70218662,C0
621.1722035,643.7284512,622.1722035,C1
659.4728201,502.9703317,660.4728201,C1
762.1375146,568.4358756,763.1375146,C1
555.3302387,535.2793956,556.3302387,C1
2216.938818,1169.59025,2217.938818,C2
2140.968316,1629.826021,2141.968316,C2
2123.729104,1796.350235,2124.729104,C2
2056.418828,1442.985007,2057.418828,C2
1654.484914,1425.547105,1655.484914,C2
33.85782869,-68.60027763,34.85782869,C0
622.5965375,292.0675547,623.5965375,C1
-167.128516,51.76225787,168.128516,C0
616.8357451,432.9114635,617.8357451,C1
497.3587829,474.643966,498.3587829,C1
23.72511643,-135.8594302,24.72511643,C0
-129.6182587,-143.8238968,130.6182587,C0
682.5378952,366.7769851,683.5378952,C1
382.3177504,577.4453751,383.3177504,C1
640.7076568,630.6646128,641.7076568,C1
2036.845323,1496.065616,2037.845323,C2
413.2241165,609.1582721,414.2241165,C1
1999.095803,1321.819007,2000.095803,C2
2158.035355,1249.493797,2159.035355,C2
2166.687304,1653.098583,2167.687304,C2
1909.930827,1700.999755,1910.930827,C2
2034.259639,1390.537304,2035.259639,C2
22.08195579,-140.1668576,23.08195579,C0
92.75294966,-28.44703717,93.75294966,C0
1993.952624,1985.393201,1994.952624,C2
1792.224383,1391.47089,1793.224383,C2
2460.449503,1493.436021,2461.449503,C2
2498.755368,1732.164444,2499.755368,C2
670.8562188,329.2929772,671.8562188,C1
434.7060708,602.2909388,435.7060708,C1
1892.105208,1443.1509,1893.105208,C2
861.1663136,539.8448759,862.1663136,C1
2051.224485,1421.40915,2052.224485,C2
618.3579276,571.8000789,619.3579276,C1
710.3317218,433.4325991,711.3317218,C1
604.7312336,275.5998522,605.7312336,C1
729.7533107,408.0848277,730.7533107,C1
-9.141890657,44.68178918,10.14189066,C0
665.9094093,700.2385754,666.9094093,C1
151.3098461,153.0219377,152.3098461,C0
560.3964259,499.1929014,561.3964259,C1
-45.45619589,13.97962976,46.45619589,C0
-124.5642844,-8.784011133,125.5642844,C0
-46.5929251,130.0036525,47.5929251,C0
448.2844178,431.9034777,449.2844178,C1
2166.550656,1830.620863,2167.550656,C2
786.2981545,369.1222864,787.2981545,C1
2246.771311,1984.836186,2247.771311,C2
2120.63007,1744.751748,2121.63007,C2
530.7356342,585.4469376,531.7356342,C1
23.67667736,158.3070699,24.67667736,C0
669.276654,307.0573234,670.276654,C1
673.869017,293.1287919,674.869017,C1
581.2548903,294.5795939,582.2548903,C1
2243.131391,1561.884601,2244.131391,C2
1907.919299,1100.452167,1908.919299,C2
516.7861255,282.707689,517.7861255,C1
682.1862324,564.0877835,683.1862324,C1
798.8366097,347.4917176,799.8366097,C1
2093.897686,2024.367809,2094.897686,C2
2199.055156,1119.339399,2200.055156,C2
2727.18216,1636.209438,2728.18216,C2
1888.974167,1976.300725,1889.974167,C2
901.9172181,489.1603509,902.9172181,C1
2388.802995,1490.684375,2389.802995,C2
672.4572484,390.6314588,673.4572484,C1
1984.445226,1782.208391,1985.445226,C2
-24.175216,138.5675455,25.175216,C0
707.9381892,171.5223326,708.9381892,C1
1598.726275,1777.104074,1599.726275,C2
1999.861668,1512.339792,2000.861668,C2
2200.933189,1422.632375,2201.933189,C2
2525.720035,1570.716758,2526.720035,C2
526.1742047,515.5680814,527.1742047,C1
1048.445804,481.6178061,1049.445804,C1
706.2343611,282.8626209,707.2343611,C1
463.5504387,293.2934711,464.5504387,C1
2324.582372,1846.040122,2325.582372,C2
109.5550331,-112.4979311,110.5550331,C0
2484.315998,1371.087507,2485.315998,C2
164.6622828,-59.98115819,165.6622828,C0
757.4137769,331.2668286,758.4137769,C1
2126.520834,1477.107638,2127.520834,C2
2647.554583,1457.874242,2648.554583,C2
524.6911804,178.5317801,525.6911804,C1
709.7637822,357.8688106,710.7637822,C1
1029.408092,318.8808109,1030.408092,C1
-55.83651615,-64.68501028,56.83651615,C0
2101.946865,1624.297301,2102.946865,C2
-37.37307765,-13.14575439,38.37307765,C0
2343.695493,1687.330445,2344.695493,C2
-0.08467952802,30.52880035,1.084679528,C0
131.5518137,-76.69620906,132.5518137,C0
583.1638686,462.8920598,584.1638686,C1
1742.665528,1481.284919,1743.665528,C2
2036.837431,1804.879413,2037.837431,C2
2288.974739,1537.599077,2289.974739,C2
-239.1242101,-33.92478731,240.1242101,C0
2315.875675,1827.190325,2316.875675,C2
644.6333059,574.438521,645.6333059,C1
2436.237691,1576.62686,2437.237691,C2
517.9355884,477.9708389,518.9355884,C1
618.5803032,505.1142844,619.5803032,C1
2194.813994,1417.334458,2195.813994,C2
-89.40510619,244.1209641,90.40510619,C0
2428.192272,1713.092183,2429.192272,C2
2363.108583,1357.499783,2364.108583,C2
1823.739096,1509.757874,1824.739096,C2
2209.31673,1570.110314,2210.31673,C2
2656.384145,1734.392764,2657.384145,C2
348.3028165,-88.30489189,349.3028165,C0
857.0857196,705.2667508,858.0857196,C1
2155.442591,1831.657699,2156.442591,C2
700.4922771,289.6328703,701.4922771,C1
2868.661319,1559.809363,2869.661319,C2
618.5790635,327.9745766,619.5790635,C1
-7.559472125,135.6432563,8.559472125,C0
2134.97182,1264.295647,2135.97182,C2
860.9084392,446.8918169,861.9084392,C1
2221.569497,1555.061251,2222.569497,C2
675.720338,728.1958507,676.720338,C1
686.2147204,353.9606402,687.2147204,C1
1721.829436,1633.488166,1722.829436,C2
579.6370007,548.7981751,580.6370007,C1
633.7464151,471.788836,634.7464151,C1
-103.1479355,34.85877719,104.1479355,C0
2589.581099,1569.707565,2590.581099,C2
783.1063124,433.3546784,784.1063124,C1
10.22061546,100.936591,11.22061546,C0
2371.352063,1745.767898,2372.352063,C2
2117.87474,1358.765066,2118.87474,C2
1802.464415,1299.142618,1803.464415,C2
873.5766652,411.0070755,874.5766652,C1
2034.840572,1433.708596,2035.840572,C2
17.30307991,-20.8572085,18.30307991,C0
2302.988425,1624.736153,2303.988425,C2
525.3751185,403.1970805,526.3751185,C1
2061.738303,1636.866572,2062.738303,C2
792.0403103,326.984182,793.0403103,C1
686.1950461,554.1663664,687.1950461,C1
503.123422,395.6708701,504.123422,C1
-40.82118976,-115.601857,41.82118976,C0
2493.827479,1357.367401,2494.827479,C2
1948.515245,1738.263199,1949.515245,C2
2544.493999,1504.8985,2545.493999,C2
638.1700294,455.4849476,639.1700294,C1
510.4737168,508.4640194,511.4737168,C1
-11.21648092,-12.6340211,12.21648092,C0
458.878934,624.13844,459.878934,C1
2474.87798,1121.162194,2475.87798,C2
-127.3679769,-70.36503798,128.3679769,C0
2336.030979,1734.182472,2337.030979,C2
440.2109674,295.1929123,441.2109674,C1
1085.5204,563.0165169,1086.5204,C1
256.3420658,90.01727735,257.3420658,C0
1797.804084,1536.512288,1798.804084,C2
1911.497052,1784.728888,1912.497052,C2
1887.574314,1931.395938,1888.574314,C2
2408.109687,1292.095269,2409.109687,C2
1970.593279,1573.644145,1971.593279,C2
1818.949261,1825.164139,1819.949261,C2
612.2638758,433.3150401,613.2638758,C1
501.7494838,385.6096267,502.7494838,C1
1880.075994,1977.363281,1881.075994,C2
85.20186606,-172.6583457,86.20186606,C0
602.0116831,497.1981068,603.0116831,C1
162.0674487,10.63722305,163.0674487,C0
194.062931,79.67905313,195.062931,C0
468.7063341,609.9921842,469.7063341,C1
576.6201405,553.6117136,577.6201405,C1
469.7052322,457.6992697,470.7052322,C1
575.5584465,383.964885,576.5584465,C1
1402.807255,1546.861228,1403.807255,C2
2150.980384,1630.980121,2151.980384,C2
754.9373926,288.0415448,755.9373926,C1
1828.284045,1816.533758,1829.284045,C2
711.5309876,229.6405452,712.5309876,C1
2016.033078,1827.416798,2017.033078,C2
662.1083122,575.207655,663.1083122,C1
1945.653239,1759.57024,1946.653239,C2
69.74848531,-62.45055328,70.74848531,C0
2483.76253,1777.832972,2484.76253,C2
-29.97176972,98.31405568,30.97176972,C0
725.1341596,428.7931517,726.1341596,C1
133.7903215,-70.32521368,134.7903215,C0
-8.52198737,-102.6335803,9.52198737,C0
-73.13747002,-60.01066298,74.13747002,C0
132.0176153,174.5410721,133.0176153,C0
2259.555879,1811.687164,2260.555879,C2
-62.1972741,120.429729,63.1972741,C0
188.4365412,12.60861574,189.4365412,C0
610.9612769,473.0868667,611.9612769,C1
638.08982,366.2862102,639.08982,C1
662.6546279,556.2118697,663.6546279,C1
2617.821629,1404.849226,2618.821629,C2
713.374344,507.3370901,714.374344,C1
2068.890821,1692.873443,2069.890821,C2
25.88905817,-127.0320532,26.88905817,C0
749.5629537,609.2754083,750.5629537,C1
102.9184264,-13.59639343,103.9184264,C0
687.8245661,674.739177,688.8245661,C1
-196.0982117,-35.39407963,197.0982117,C0
977.0901243,337.3084773,978.0901243,C1
840.6532573,428.4757212,841.6532573,C1
2149.544199,1475.895194,2150.544199,C2
503.047519,409.3053689,504.047519,C1
2087.234718,1263.114379,2088.234718,C2
1879.142053,1281.454452,1880.142053,C2
-145.1138125,-62.60480721,146.1138125,C0
418.4766476,607.7162268,419.4766476,C1
-30.39447347,156.3883358,31.39447347,C0
2242.265843,1273.821152,2243.265843,C2
2072.586008,1996.913189,2073.586008,C2
345.1967438,235.5715852,346.1967438,C1
2295.104722,1518.652178,2296.104722,C2
2231.458784,1071.083408,2232.458784,C2
98.42436364,-90.73820962,99.42436364,C0
2088.541667,1236.761654,2089.541667,C2
871.7814905,302.2038702,872.7814905,C1
40.11123436,-1.554844682,41.11123436,C0
-194.0596544,92.26543503,195.0596544,C0
-1.515090389,123.9207699,2.515090389,C0
847.5187077,646.9915785,848.5187077,C1
-58.89018539,84.51433035,59.89018539,C0
1988.447549,2041.256765,1989.447549,C2
106.4906094,-54.96440179,107.4906094,C0
961.0286468,447.7779526,962.0286468,C1
2512.302401,1571.847052,2513.302401,C2
-30.82440317,-12.51047169,31.82440317,C0
955.0452497,474.7366234,956.0452497,C1
1979.053918,1220.26702,1980.053918,C2
2375.295339,1268.702526,2376.295339,C2
2022.606045,1379.809329,2023.606045,C2
141.1286029,-173.5175387,142.1286029,C0
-16.168493,16.01902959,17.168493,C0
780.3885235,460.1468793,781.3885235,C1
537.7883003,353.3506119,538.7883003,C1
116.212255,136.876877,117.212255,C0
2034.039625,1572.99604,2035.039625,C2
731.2840238,633.1001762,732.2840238,C1
-38.59703098,-68.18393912,39.59703098,C0
1842.506902,1443.884242,1843.506902,C2
2432.21653,1764.11971,2433.21653,C2
1910.912611,1093.194979,1911.912611,C2
2253.20319,1314.376559,2254.20319,C2
2337.743462,1758.818487,2338.743462,C2
824.8413423,476.9157171,825.8413423,C1
1629.770964,1951.223887,1630.770964,C2
764.1882557,333.8762691,765.1882557,C1
766.8187521,410.5137581,767.8187521,C1
581.4166254,540.6655477,582.4166254,C1
2307.271809,1871.758023,2308.271809,C2
12.79516758,116.9077159,13.79516758,C0
920.881437,404.6006265,921.881437,C1
907.9801757,295.1438955,908.9801757,C1
406.157727,554.7576708,407.157727,C1
382.8321759,563.2215853,383.8321759,C1
-28.91401827,97.09282174,29.91401827,C0
1515.070709,1601.574748,1516.070709,C2
1364.771103,1273.684093,1365.771103,C2
194.9082812,105.5316873,195.9082812,C0
534.0559191,287.5043961,535.0559191,C1
2126.348749,1554.543371,2127.348749,C2
17.5582884,-91.03319405,18.5582884,C0
768.8172534,254.1474432,769.8172534,C1
2201.527418,1512.746344,2202.527418,C2
16.3964162,131.8921656,17.3964162,C0
-40.19489968,-50.42463515,41.19489968,C0
2234.127774,1640.515795,2235.127774,C2
535.6664247,601.0978586,536.6664247,C1
105.1044474,12.18306943,106.1044474,C0
2180.991919,1829.541862,2181.991919,C2
3.728398925,-44.66867982,4.728398925,C0
16.75591843,59.79571593,17.75591843,C0
2009.170783,1094.770123,2010.170783,C2
818.5879689,384.2198714,819.5879689,C1
1937.992967,1534.330667,1938.992967,C2
418.457809,432.1895286,419.457809,C1
-39.86184971,117.551352,40.86184971,C0
528.2683013,514.110567,529.2683013,C1
539.7564763,552.1344442,540.7564763,C1
1727.31876,1404.633312,1728.31876,C2
839.1833578,269.8280007,840.1833578,C1
69.47935701,31.67915265,70.47935701,C0
-73.34339803,78.46156787,74.34339803,C0
798.6953355,688.9461171,799.6953355,C1
206.8995543,-73.07530078,207.8995543,C0
74.9258281,121.1009292,75.9258281,C0
-77.17314548,-6.401005636,78.17314548,C0
2103.843607,1762.548674,2104.843607,C2
32.69408944,-41.30590229,33.69408944,C0
2285.360665,1953.134997,2286.360665,C2
828.7512129,379.1120641,829.7512129,C1
1758.124983,1421.781068,1759.124983,C2
-89.33687801,241.9878311,90.33687801,C0
2104.743401,1846.275236,2105.743401,C2
1149.607008,454.6803727,1150.607008,C1
769.1744725,408.0578771,770.1744725,C1
2180.870066,1918.280643,2181.870066,C2
17.94811082,128.938731,18.94811082,C0
-242.6373207,122.9096765,243.6373207,C0
776.319518,328.8117654,777.319518,C1
-44.49117588,-85.76539713,45.49117588,C0
-8.853553822,-147.6859932,9.853553822,C0
2119.673868,1766.87773,2120.673868,C2
511.1397863,257.8800246,512.1397863,C1
115.3066589,-81.20646763,116.3066589,C0
1966.200104,2023.128922,1967.200104,C2
2451.762885,1424.679508,2452.762885,C2
1997.364587,1662.881004,1998.364587,C2
795.9639616,531.2901485,796.9639616,C1
177.4806554,141.7468272,178.4806554,C0
2042.886002,1545.82673,2043.886002,C2
894.6847219,542.0463678,895.6847219,C1
9.197054082,-26.33060772,10.19705408,C0
1964.284455,1834.889532,1965.284455,C2
837.8742608,509.0941642,838.8742608,C1
2783.955431,1765.268577,2784.955431,C2
2648.684637,2009.961511,2649.684637,C2
22.15004187,37.40078822,23.15004187,C0
2354.412318,1831.776408,2355.412318,C2
2198.762439,1500.719781,2199.762439,C2
-134.8824033,4.28024235,135.8824033,C0
670.853745,573.5964757,671.853745,C1
664.8301167,659.718006,665.8301167,C1
2154.781376,1767.928053,2155.781376,C2
703.9744651,464.7100601,704.9744651,C1
2163.876117,1492.131088,2164.876117,C2
-147.7869265,-71.78698956,148.7869265,C0
-85.48094121,-80.40838489,86.48094121,C0
696.9379224,356.1767638,697.9379224,C1
686.7282407,290.3772714,687.7282407,C1
2515.041387,1370.563421,2516.041387,C2
6.978913633,-49.69499387,7.978913633,C0
568.6944591,509.6719258,569.6944591,C1
2577.126249,1701.243111,2578.126249,C2
639.4843346,554.0396884,640.4843346,C1
2063.549529,2085.029892,2064.549529,C2
-87.9480401,71.87053628,88.9480401,C0
-33.0514453,-123.5343372,34.0514453,C0
775.2503671,339.7910985,776.2503671,C1
-12.76618661,25.96918827,13.76618661,C0
-118.734724,191.6751503,119.734724,C0
643.3048258,327.5723969,644.3048258,C1
2206.868549,1709.829714,2207.868549,C2
120.9139036,131.3771904,121.9139036,C0
865.5948827,324.2551233,866.5948827,C1
2250.540756,1444.372974,2251.540756,C2
1841.173224,1387.808806,1842.173224,C2
658.0231961,397.1393266,659.0231961,C1
2288.405419,1673.424082,2289.405419,C2
-28.99656966,-68.42584998,29.99656966,C0
75.04178237,15.3327708,76.04178237,C0
2193.627216,1985.737629,2194.627216,C2
1972.156988,1290.023373,1973.156988,C2
-152.8157279,37.53536973,153.8157279,C0
918.294451,334.554537,919.294451,C1
925.7916063,585.157287,926.7916063,C1
2389.629491,1616.891369,2390.629491,C2
-81.50176653,143.620251,82.50176653,C0
783.8513122,444.428348,784.8513122,C1
-113.2967031,-12.33519202,114.2967031,C0
720.8202358,286.2221823,721.8202358,C1
1938.852743,1273.00683,1939.852743,C2
-185.5267471,33.8081654,186.5267471,C0
469.2929052,421.616966,470.2929052,C1
88.29200781,97.03433979,89.29200781,C0
692.8755796,292.9010408,693.8755796,C1
616.6657685,445.1543366,617.6657685,C1
-188.9704325,-166.5542986,189.9704325,C0
776.0938261,321.9492583,777.0938261,C1
11.59858227,-67.72813449,12.59858227,C0
-177.0783433,33.26216671,178.0783433,C0
2086.577233,1490.116649,2087.577233,C2
800.5806679,519.0542952,801.5806679,C1
-8.416274732,142.8811272,9.416274732,C0
83.33046295,54.52944222,84.33046295,C0
637.9497748,337.4288747,638.9497748,C1
394.094701,164.4134211,395.094701,C1
694.4291077,372.4553994,695.4291077,C1
853.8761479,571.9025514,854.8761479,C1
1809.810997,1889.423227,1810.810997,C2
2045.720972,1966.39816,2046.720972,C2
1958.244448,1294.862517,1959.244448,C2
-16.28153896,62.88868445,17.28153896,C0
756.5936399,355.9099419,757.5936399,C1
801.6527708,549.6522763,802.6527708,C1
1049.373482,249.9323971,1050.373482,C1
808.9858851,398.9830758,809.9858851,C1
565.7122663,440.456463,566.7122663,C1
953.2739972,355.988013,954.2739972,C1
781.3472045,531.2517682,782.3472045,C1
634.2112137,422.3458599,635.2112137,C1
829.8369773,493.2937154,830.8369773,C1
467.574234,424.9311219,468.574234,C1
-111.1366155,-3.853698153,112.1366155,C0
526.2916621,496.8821723,527.2916621,C1
1777.522593,1223.333427,1778.522593,C2
84.18955857,-123.0778169,85.18955857,C0
2257.194841,1959.937566,2258.194841,C2
1798.43216,1721.639365,1799.43216,C2
485.7547363,506.2605305,486.7547363,C1
2401.122029,1673.430158,2402.122029,C2
1907.488532,1448.289052,1908.488532,C2
2270.667696,1911.0889,2271.667696,C2
5.790591367,23.2354918,6.790591367,C0
-92.99048384,-17.20612001,93.99048384,C0
-63.25609853,92.94739968,64.25609853,C0
751.5264603,478.0316002,752.5264603,C1
223.0073104,14.15878441,224.0073104,C0
133.9806846,30.09164707,134.9806846,C0
105.4373758,70.52091735,106.4373758,C0
-29.48364228,14.3756251,30.48364228,C0
172.2328137,31.53144334,173.2328137,C0
2638.850731,1117.431898,2639.850731,C2
799.5936105,321.2369647,800.5936105,C1
224.1021143,-126.7601564,225.1021143,C0
567.3034182,627.1690404,568.3034182,C1
1623.781223,1733.421154,1624.781223,C2
21.71251402,-109.0694244,22.71251402,C0
392.2446474,591.5766038,393.2446474,C1
2114.375302,2246.559525,2115.375302,C2
2353.293734,1515.569638,2354.293734,C2
2218.62562,1411.620133,2219.62562,C2
97.31952187,-27.26956105,98.31952187,C0
773.7742323,137.4435353,774.7742323,C1
769.4279586,468.973849,770.4279586,C1
884.5841783,509.0539312,885.5841783,C1
-59.50779861,-178.8751712,60.50779861,C0
1899.969346,1520.888181,1900.969346,C2
59.19881946,-64.72258475,60.19881946,C0
2391.131247,1297.584027,2392.131247,C2
599.6140464,481.6040807,600.6140464,C1
-12.25159445,-56.73805063,13.25159445,C0
2112.007738,1730.962616,2113.007738,C2
713.8208527,429.229235,714.8208527,C1
2332.396501,1497.868227,2333.396501,C2
1980.889881,1595.621921,1981.889881,C2
487.4039049,406.7533809,488.4039049,C1
2113.779526,2156.992693,2114.779526,C2
-9.026302333,125.9227498,10.02630233,C0
1985.664783,1527.657295,1986.664783,C2
2275.268649,1635.098628,2276.268649,C2
842.9429794,570.0485495,843.9429794,C1
2149.914174,1917.823529,2150.914174,C2
835.8195747,303.853097,836.8195747,C1
850.4931169,413.9367394,851.4931169,C1
2105.147321,1256.148513,2106.147321,C2
28.95215311,120.3442696,29.95215311,C0
642.3328485,437.8767392,643.3328485,C1
659.9471285,594.3050649,660.9471285,C1
2255.445842,1197.839802,2256.445842,C2
547.4757275,319.2526211,548.4757275,C1
129.0292551,21.63109671,130.0292551,C0
2525.151624,1463.978861,2526.151624,C2
3117.803954,1365.371071,3118.803954,C2
-86.79947603,-97.42979611,87.79947603,C0
-22.91121274,84.06774679,23.91121274,C0
1090.597146,530.044348,1091.597146,C1
739.987341,415.3079676,740.987341,C1
-119.3610867,-28.1845602,120.3610867,C0
654.3525243,269.0848205,655.3525243,C1
1804.535161,1874.091589,1805.535161,C2
1976.608343,1145.475251,1977.608343,C2
85.84367891,-51.97789337,86.84367891,C0
2402.905351,1667.789641,2403.905351,C2
-7.278520277,-133.3176397,8.278520277,C0
2186.469324,1176.886361,2187.469324,C2
745.0743836,344.0768322,746.0743836,C1
205.8037349,-53.79970042,206.8037349,C0
-61.63996401,-8.543077408,62.63996401,C0
2460.054667,1623.204701,2461.054667,C2
36.33528379,-64.39126337,37.33528379,C0
979.2999393,370.7825322,980.2999393,C1
2232.7863,1757.269118,2233.7863,C2
-85.45059133,-3.150195444,86.45059133,C0
2043.360401,1669.853608,2044.360401,C2
559.494224,408.3033444,560.494224,C1
2312.225458,1399.976308,2313.225458,C2
-42.2811248,30.85089993,43.2811248,C0
-209.4717787,-60.23543639,210.4717787,C0
1994.363888,1402.663508,1995.363888,C2
2277.613963,1628.358931,2278.613963,C2
2060.399361,1756.341608,2061.399361,C2
-60.14846398,-130.1549087,61.14846398,C0
1956.956484,1964.179989,1957.956484,C2
2155.812849,1433.380834,2156.812849,C2
2144.444828,1518.428834,2145.444828,C2
818.2900833,440.6709192,819.2900833,C1
1917.995756,1817.359096,1918.995756,C2
2430.760854,1345.041454,2431.760854,C2
2213.497412,1545.765323,2214.497412,C2
-13.88133944,38.92019339,14.88133944,C0
-400.3977158,-107.6430291,401.3977158,C0
781.7731277,420.5413217,782.7731277,C1
33.02493879,117.7354465,34.02493879,C0
2291.837785,1598.658352,2292.837785,C2
2465.826543,1307.513465,2466.826543,C2
578.1334008,465.2371663,579.1334008,C1
654.6266108,298.1667409,655.6266108,C1
28.35202286,90.41428459,29.35202286,C0
-95.42362803,154.9633191,96.42362803,C0
56.10610207,32.08674734,57.10610207,C0
2205.252066,1718.22859,2206.252066,C2
1708.771019,1500.047398,1709.771019,C2
1035.223224,330.5331661,1036.223224,C1
2129.777562,1590.968638,2130.777562,C2
-103.0353314,-42.59005434,104.0353314,C0
1777.587594,1294.809917,1778.587594,C2
-139.4632098,-2.682737842,140.4632098,C0
223.0403432,-80.90448553,224.0403432,C0
2164.352859,1636.137293,2165.352859,C2
30.98653281,69.72753913,31.98653281,C0
32.95991344,-34.17991692,33.95991344,C0
1030.628478,390.6870061,1031.628478,C1
-125.5967653,-274.6150562,126.5967653,C0
155.6006745,-91.29859523,156.6006745,C0
2056.1129,1415.165085,2057.1129,C2
-86.42723614,-13.69798464,87.42723614,C0
1922.848956,1490.044056,1923.848956,C2
2011.523289,2137.123573,2012.523289,C2
2247.954349,1547.962409,2248.954349,C2
926.6495042,461.9572465,927.6495042,C1
2441.384617,1922.71306,2442.384617,C2
86.31356481,75.3189113,87.31356481,C0
770.0347886,317.1059831,771.0347886,C1
1846.128679,2170.185287,1847.128679,C2
706.3180114,581.3593466,707.3180114,C1
631.4149748,604.6500664,632.4149748,C1
632.1792249,578.2425494,633.1792249,C1
536.5777202,533.9335881,537.5777202,C1
912.1701787,462.2688485,913.1701787,C1
-101.5529299,49.97037305,102.5529299,C0
2003.816889,1278.351248,2004.816889,C2
1715.352143,1744.500271,1716.352143,C2
-270.3725782,241.1537366,271.3725782,C0
2083.426197,1742.420898,2084.426197,C2
2026.926957,1381.649328,2027.926957,C2
2215.300723,1734.092091,2216.300723,C2
2210.727128,1553.179632,2211.727128,C2
-24.93724624,111.9325549,25.93724624,C0
2078.001717,2281.073885,2079.001717,C2
2295.983715,1542.195351,2296.983715,C2
-219.2434365,112.5806057,220.2434365,C0
2103.741251,1729.51204,2104.741251,C2
1907.296758,1311.885803,1908.296758,C2
2442.161073,1409.451276,2443.161073,C2
2305.851461,1598.560583,2306.851461,C2
1980.498273,1912.475479,1981.498273,C2
2161.359811,1219.208078,2162.359811,C2
724.9255974,538.0368788,725.9255974,C1
-44.63665851,-59.01314141,45.63665851,C0
98.36328906,-41.44525835,99.36328906,C0
1092.523198,624.1691282,1093.523198,C1
1713.96964,1600.490095,1714.96964,C2
649.8142922,230.9503112,650.8142922,C1
790.1993405,391.1563638,791.1993405,C1
1889.816524,1740.300005,1890.816524,C2
-8.777651795,-120.0733361,9.777651795,C0
1920.285347,1513.176064,1921.285347,C2
875.9492455,880.6066971,876.9492455,C1
740.2413405,474.0515684,741.2413405,C1
794.9920397,398.341394,795.9920397,C1
2434.79922,1789.013392,2435.79922,C2
2055.347565,1387.374295,2056.347565,C2
906.5517248,392.1082348,907.5517248,C1
899.1739511,309.2804887,900.1739511,C1
2270.931073,1687.952088,2271.931073,C2
13.98105186,116.7303736,14.98105186,C0
2785.998657,1647.64281,2786.998657,C2
1048.377469,528.5785049,1049.377469,C1
307.113436,235.6440278,308.113436,C1
2013.180182,1206.390256,2014.180182,C2
2005.006691,1219.307336,2006.006691,C2
943.7392455,659.790004,944.7392455,C1
2321.546768,1586.379114,2322.546768,C2
673.0362458,322.2518839,674.0362458,C1
819.2785667,441.6221317,820.2785667,C1
1694.623196,1510.531577,1695.623196,C2
55.46118603,-28.61154157,56.46118603,C0
-227.7030082,-22.51303286,228.7030082,C0
1985.185903,1976.76143,1986.185903,C2
-119.1139489,-56.31316314,120.1139489,C0
589.3613517,301.4711293,590.3613517,C1
964.6166889,594.8385389,965.6166889,C1
2142.806348,1745.740966,2143.806348,C2
-288.2076093,-105.8473511,289.2076093,C0
774.6513125,203.9605644,775.6513125,C1
725.075114,413.318909,726.075114,C1
-63.06254291,-17.12689406,64.06254291,C0
1909.625314,1504.748002,1910.625314,C2
2504.941859,1610.110959,2505.941859,C2
695.9927219,584.6401179,696.9927219,C1
2143.900668,1030.855325,2144.900668,C2
-73.81552304,103.2489567,74.81552304,C0
2122.455032,1573.911515,2123.455032,C2
17.97855024,10.56539877,18.97855024,C0
2073.331378,1474.642622,2074.331378,C2
1702.263887,883.5435925,1703.263887,C2
648.863705,493.7821151,649.863705,C1
1781.760887,1794.552851,1782.760887,C2
580.1720153,539.1528212,581.1720153,C1
-105.3375801,-81.24267887,106.3375801,C0
664.3449242,478.4682695,665.3449242,C1
2415.88995,1635.321527,2416.88995,C2
639.2348964,286.919297,640.2348964,C1
-140.8146083,-75.51311279,141.8146083,C0
-80.00160255,45.01321422,81.00160255,C0
102.4457838,190.3847899,103.4457838,C0
137.5007177,-145.4416587,138.5007177,C0
1056.250454,614.2252671,1057.250454,C1
1800.96738,1837.681265,1801.96738,C2
147.1951177,49.32451937,148.1951177,C0
2054.076967,1728.817587,2055.076967,C2
1865.433364,1412.287752,1866.433364,C2
594.6789874,441.0853575,595.6789874,C1
71.72669704,-168.8325462,72.72669704,C0
1829.802785,1355.545966,1830.802785,C2
546.1613976,404.9227896,547.1613976,C1
-60.39661681,95.6770171,61.39661681,C0
-30.72850235,9.478081045,31.72850235,C0
-253.1357992,38.15483921,254.1357992,C0
806.9975411,587.3282071,807.9975411,C1
594.1899489,386.1117107,595.1899489,C1
1960.491741,1138.311785,1961.491741,C2
1647.379923,1488.42454,1648.379923,C2
724.5167551,477.900241,725.5167551,C1
412.0691867,510.4145285,413.0691867,C1
809.7731745,660.3455533,810.7731745,C1
-20.44358473,-68.69880556,21.44358473,C0
2089.938591,1726.895899,2090.938591,C2
2355.678806,1560.811267,2356.678806,C2
1843.157438,1547.147923,1844.157438,C2
2407.050714,1320.439998,2408.050714,C2
24.26495601,100.5662599,25.26495601,C0
775.081599,551.5097589,776.081599,C1
2523.657087,1317.255815,2524.657087,C2
520.7339456,561.3670417,521.7339456,C1
2074.516453,1348.799328,2075.516453,C2
31.59290057,14.49659317,32.59290057,C0
105.7217124,8.404749774,106.7217124,C0
287.9129743,527.6591954,288.9129743,C1
-128.9576557,98.93247396,129.9576557,C0
740.575896,440.7845398,741.575896,C1
2284.42123,1788.768279,2285.42123,C2
2208.882233,1668.328368,2209.882233,C2
60.5647833,-21.01841451,61.5647833,C0
582.0835738,634.9216595,583.0835738,C1
709.221351,665.7801484,710.221351,C1
732.4302435,417.8819239,733.4302435,C1
2154.324573,1776.591213,2155.324573,C2
2126.497312,2001.318985,2127.497312,C2
841.4795949,387.3529947,842.4795949,C1
11.89220217,39.33189387,12.89220217,C0
1926.560382,1527.671508,1927.560382,C2
1080.169782,398.256785,1081.169782,C1
2146.059349,1744.753931,2147.059349,C2
2292.98993,1082.336376,2293.98993,C2
2074.612631,1786.402459,2075.612631,C2
2452.902598,956.4442283,2453.902598,C2
-27.60032798,-35.66909428,28.60032798,C0
2072.093545,1977.564097,2073.093545,C2
638.6193668,598.0899125,639.6193668,C1
688.0936226,516.4291061,689.0936226,C1
513.0730639,522.0458759,514.0730639,C1
2129.886345,1762.223591,2130.886345,C2
101.2084734,111.5009945,102.2084734,C0
1066.339886,638.6220035,1067.339886,C1
779.0279897,433.0879734,780.0279897,C1
2156.674867,1862.837339,2157.674867,C2
2120.86889,1345.389067,2121.86889,C2
2264.667692,1569.953816,2265.667692,C2
2092.984258,1384.669178,2093.984258,C2
-31.97431612,193.6305283,32.97431612,C0
2130.405261,1609.491343,2131.405261,C2
-233.6348158,-41.67197228,234.6348158,C0
791.7749179,564.3055204,792.7749179,C1
929.0357646,577.6866606,930.0357646,C1
573.183688,428.2327227,574.183688,C1
712.5119222,599.8627931,713.5119222,C1
851.0826478,252.1918176,852.0826478,C1
229.2453364,-174.1164147,230.2453364,C0
2350.047633,1513.554941,2351.047633,C2
514.5960576,271.2783826,515.5960576,C1
507.9541908,599.2526109,508.9541908,C1
2171.397291,1722.596604,2172.397291,C2
-10.37860121,-44.39491547,11.37860121,C0
724.1856793,437.9936315,725.1856793,C1
385.9623208,324.8488916,386.9623208,C1
1727.980051,1581.575727,1728.980051,C2
776.8222155,454.9686957,777.8222155,C1
1829.939301,1358.504226,1830.939301,C2
2157.208834,1817.423538,2158.208834,C2
-218.7632376,60.3729071,219.7632376,C0
2090.324113,1618.493499,2091.324113,C2
23.17545124,96.71149224,24.17545124,C0
6.924520097,-43.26591363,7.924520097,C0
763.2012864,384.1538941,764.2012864,C1
2665.77531,1491.604431,2666.77531,C2
-23.39089535,-13.8145994,24.39089535,C0
809.6966416,509.194329,810.6966416,C1
2107.661292,1536.391384,2108.661292,C2
2199.770409,1608.403061,2200.770409,C2
76.37764649,-8.309944734,77.37764649,C0
2302.22273,1687.259638,2303.22273,C2
734.3358081,364.0420085,735.3358081,C1
721.8487878,408.9717853,722.8487878,C1
652.381116,445.3372443,653.381116,C1
2135.339543,1861.03194,2136.339543,C2
2063.93792,1491.862963,2064.93792,C2
694.8041414,473.919529,695.8041414,C1
-112.3684899,119.1024466,113.3684899,C0
499.6317719,440.7008225,500.6317719,C1
538.0495523,393.4473297,539.0495523,C1
2034.883474,1604.448675,2035.883474,C2
107.6457134,143.3800509,108.6457134,C0
2296.785561,1164.433828,2297.785561,C2
1814.437969,1802.110607,1815.437969,C2
1542.933324,1603.74083,1543.933324,C2
811.9662804,344.1792137,812.9662804,C1
-475.1685055,5.165437662,476.1685055,C0
1849.317204,1638.232822,1850.317204,C2
-223.871576,-235.6945754,224.871576,C0
2075.567619,1661.104586,2076.567619,C2
-215.1752268,74.77328526,216.1752268,C0
-52.73989933,-67.47628031,53.73989933,C0
69.90416123,-67.35709983,70.90416123,C0
925.5212118,510.998555,926.5212118,C1
707.1850658,207.1276579,708.1850658,C1
1700.888424,1360.320914,1701.888424,C2
1736.23857,1400.590513,1737.23857,C2
208.6656641,-88.89903615,209.6656641,C0
918.9104958,422.7900362,919.9104958,C1
649.5141062,533.2180218,650.5141062,C1
672.2096119,555.2852799,673.2096119,C1
2035.021786,1867.783183,2036.021786,C2
2229.318723,1738.63617,2230.318723,C2
2183.008449,1702.174968,2184.008449,C2
856.788464,427.2065569,857.788464,C1
482.3616758,348.1682491,483.3616758,C1
2105.86922,1476.386921,2106.86922,C2
1978.638839,1847.389401,1979.638839,C2
826.4033699,271.620529,827.4033699,C1
668.5987163,589.14314,669.5987163,C1
86.62020371,-311.5617049,87.62020371,C0
2213.080219,1620.319671,2214.080219,C2
350.3428307,426.4839145,351.3428307,C1
185.2172001,-141.6997002,186.2172001,C0
2539.290076,1258.405155,2540.290076,C2
122.8709911,122.5955116,123.8709911,C0
2358.638318,1385.218855,2359.638318,C2
736.1780932,306.9072612,737.1780932,C1
787.7803502,231.0437028,788.7803502,C1
776.2773149,354.8209839,777.2773149,C1
1912.038977,1420.90445,1913.038977,C2
954.6720508,240.5207533,955.6720508,C1
1040.482367,552.5851375,1041.482367,C1
2197.544261,1604.390732,2198.544261,C2
358.9223056,367.358876,359.9223056,C1
-40.38598169,-8.599319463,41.38598169,C0
1739.188174,1781.438999,1740.188174,C2
832.3089293,384.1310251,833.3089293,C1
2084.927678,1425.459256,2085.927678,C2
764.2347444,591.9568407,765.2347444,C1
2201.411037,1784.496923,2202.411037,C2
2278.475423,2229.405584,2279.475423,C2
893.8408052,413.9225143,894.8408052,C1
2220.892738,1613.397409,2221.892738,C2
1953.516299,1735.385619,1954.516299,C2
1375.753915,1638.746735,1376.753915,C2
2145.055827,1334.364529,2146.055827,C2
2283.772119,1786.116851,2284.772119,C2
634.28339,396.5371575,635.28339,C1
-71.17829459,33.49662374,72.17829459,C0
2365.880664,1785.828008,2366.880664,C2
1936.708699,1868.99455,1937.708699,C2
689.8263624,416.0007953,690.8263624,C1
-195.8040815,12.00503648,196.8040815,C0
2326.642039,1705.581785,2327.642039,C2
826.9676896,290.3159768,827.9676896,C1
2054.703166,1573.644197,2055.703166,C2
2002.296104,1899.047596,2003.296104,C2
652.8162122,543.7215723,653.8162122,C1
806.2897025,548.2967552,807.2897025,C1
780.119822,584.2156773,781.119822,C1
532.4324505,493.3716698,533.4324505,C1
2006.026039,1641.830918,2007.026039,C2
2384.573939,1373.586386,2385.573939,C2
2437.528471,1441.958466,2438.528471,C2
787.6018599,388.4010061,788.6018599,C1
2424.571853,1394.294364,2425.571853,C2
866.1451208,309.3551203,867.1451208,C1
637.9828596,462.2902579,638.9828596,C1
1904.056553,1632.39834,1905.056553,C2
595.3489881,460.8728258,596.3489881,C1
206.7625454,-38.29663207,207.7625454,C0
866.5108049,641.461153,867.5108049,C1
51.43582947,29.41022627,52.43582947,C0
689.9117953,421.0987871,690.9117953,C1
-4.115566508,-4.277454355,5.115566508,C0
597.0333937,408.4606417,598.0333937,C1
507.8578829,397.0861177,508.8578829,C1
2385.221978,1911.785526,2386.221978,C2
642.5971493,380.4671163,643.5971493,C1
2229.649423,1300.290575,2230.649423,C2
1870.787025,1452.153164,1871.787025,C2
50.07643564,11.46539683,51.07643564,C0
-0.9757041186,107.8246794,1.975704119,C0
594.4333827,363.4488672,595.4333827,C1
2234.309461,1818.878507,2235.309461,C2
2153.684468,1914.834472,2154.684468,C2
746.4513437,574.3041142,747.4513437,C1
2129.117728,1249.435553,2130.117728,C2
-98.35711255,-182.4738717,99.35711255,C0
67.72452236,-35.70096916,68.72452236,C0
-109.1027538,-141.5734106,110.1027538,C0
607.3929951,441.1605332,608.3929951,C1
483.3710252,524.6305179,484.3710252,C1
2050.13988,1519.875502,2051.13988,C2
2338.141895,1774.870948,2339.141895,C2
82.8658594,119.8910462,83.8658594,C0
-282.0400148,-42.25301858,283.0400148,C0
1797.5522,1652.411741,1798.5522,C2
851.8580085,454.5076443,852.8580085,C1
814.8138711,476.0808669,815.8138711,C1
2659.668934,1462.515578,2660.668934,C2
-127.4284835,76.85732365,128.4284835,C0
661.7349812,477.149682,662.7349812,C1
1988.465482,1694.551253,1989.465482,C2
63.00728656,-26.07946829,64.00728656,C0
556.6099227,257.667183,557.6099227,C1
774.7434544,328.5036736,775.7434544,C1
2303.567623,1237.148863,2304.567623,C2
2239.05415,1574.723648,2240.05415,C2
2339.670671,1694.947091,2340.670671,C2
724.8408868,320.499303,725.8408868,C1
1868.587953,1255.496494,1869.587953,C2
259.2673602,148.3581953,260.2673602,C0
-27.17854377,-126.9660085,28.17854377,C0
556.3761838,626.3281677,557.3761838,C1
790.70038,382.3065943,791.70038,C1
2003.706781,1628.536309,2004.706781,C2
2287.388664,1777.553579,2288.388664,C2
689.0529777,495.8330584,690.0529777,C1
1738.877748,1910.327499,1739.877748,C2
95.96058177,24.19426006,96.96058177,C0
305.7817526,-102.4518216,306.7817526,C0
2406.250983,1549.959944,2407.250983,C2
134.5256072,31.81828372,135.5256072,C0
1748.27026,1346.456302,1749.27026,C2
101.840511,41.18960457,102.840511,C0
2683.259842,1628.725122,2684.259842,C2
440.7282724,443.0480284,441.7282724,C1
144.4560971,-16.65373523,145.4560971,C0
2095.557604,1984.147569,2096.557604,C2
778.5938142,356.7608062,779.5938142,C1
134.0818815,19.54395889,135.0818815,C0
663.0180633,349.6161847,664.0180633,C1
2380.004841,1543.991355,2381.004841,C2
556.4626555,521.9580642,557.4626555,C1
-90.72107541,-162.3413479,91.72107541,C0
9.371259879,-19.42883648,10.37125988,C0
56.03756583,42.69538951,57.03756583,C0
15.70286463,-239.6405051,16.70286463,C0
2097.138048,1892.767643,2098.138048,C2
658.0583012,425.9707836,659.0583012,C1
699.0417643,558.5259992,700.0417643,C1
2023.68642,1652.922834,2024.68642,C2
-69.12214818,62.13236221,70.12214818,C0
-27.48375237,-16.35495943,28.48375237,C0
533.1579036,326.5598331,534.1579036,C1
382.9992151,710.5680136,383.9992151,C1
2340.227161,1678.654048,2341.227161,C2
548.4545268,557.0044754,549.4545268,C1
170.9456579,-176.3854907,171.9456579,C0
675.809534,601.0487901,676.809534,C1
157.1456013,-105.9996833,158.1456013,C0
423.1663776,516.3441952,424.1663776,C1
43.71099598,47.35450517,44.71099598,C0
2157.16239,2123.187978,2158.16239,C2
2284.077879,1428.332712,2285.077879,C2
711.812312,498.3418765,712.812312,C1
2195.911336,1683.595443,2196.911336,C2
1637.268452,1382.010127,1638.268452,C2
2030.863635,1538.780884,2031.863635,C2
692.4141462,432.9948053,693.4141462,C1
1680.237344,1493.547698,1681.237344,C2
1460.494204,1780.91805,1461.494204,C2
730.7031587,579.086579,731.7031587,C1
2196.85487,1779.198277,2197.85487,C2
31.91819425,-11.14672873,32.91819425,C0
-118.8273685,-34.47003444,119.8273685,C0
683.6289058,626.0909808,684.6289058,C1
729.7778586,300.1961099,730.7778586,C1
2137.899103,1440.634995,2138.899103,C2
579.9904205,458.5008275,580.9904205,C1
2317.31999,1810.225716,2318.31999,C2
598.8204181,607.2822157,599.8204181,C1
2197.871405,1485.142195,2198.871405,C2
-18.66774685,87.6079053,19.66774685,C0
-197.0132737,-61.9752529,198.0132737,C0
-95.07945584,37.08119462,96.07945584,C0
2880.790008,1633.845629,2881.790008,C2
2159.956671,1908.586588,2160.956671,C2
14.98427154,-53.94469028,15.98427154,C0
1033.022401,268.32253,1034.022401,C1
57.9896512,-96.38657387,58.9896512,C0
2513.027974,1760.214524,2514.027974,C2
470.0235524,284.0154964,471.0235524,C1
1948.362305,1729.899546,1949.362305,C2
651.3903469,545.3421783,652.3903469,C1
2178.16473,1504.257328,2179.16473,C2
2227.679422,1684.169064,2228.679422,C2
2233.585483,1533.724083,2234.585483,C2
485.683356,464.8618517,486.683356,C1
727.2178601,194.4255763,728.2178601,C1
1850.58883,1109.223237,1851.58883,C2
1711.759446,1543.682589,1712.759446,C2
-30.56927797,15.98642991,31.56927797,C0
2117.261743,1817.70357,2118.261743,C2
541.0444588,295.9673839,542.0444588,C1
2139.122295,1274.073244,2140.122295,C2
726.9691563,351.0383103,727.9691563,C1
704.3366306,423.2772995,705.3366306,C1
715.7271038,528.8826844,716.7271038,C1
2194.75401,1566.62238,2195.75401,C2
2479.466871,1478.23968,2480.466871,C2
1595.498604,1096.320262,1596.498604,C2
129.7368841,75.03301323,130.7368841,C0
186.3509991,-51.24685658,187.3509991,C0
92.0805193,-25.78313513,93.0805193,C0
1905.308324,1324.514923,1906.308324,C2
-42.41554726,-50.40248352,43.41554726,C0
2417.730565,1613.121095,2418.730565,C2
42.28178942,-122.918102,43.28178942,C0
1782.529745,1931.210966,1783.529745,C2
905.1598454,620.8979035,906.1598454,C1
175.5642882,9.449263885,176.5642882,C0
2118.658155,1183.672083,2119.658155,C2
805.1882992,804.6968916,806.1882992,C1
1581.726367,1854.371974,1582.726367,C2
-193.216754,132.1005251,194.216754,C0
5.038401581,-64.58601038,6.038401581,C0
529.6628808,441.8534242,530.6628808,C1
-42.49847859,-13.37189032,43.49847859,C0
2275.45979,1597.063565,2276.45979,C2
435.1592493,335.0340402,436.1592493,C1
414.0263842,588.2252653,415.0263842,C1
2317.723568,1786.736583,2318.723568,C2
2123.725339,1869.994931,2124.725339,C2
-40.86379061,-18.43727929,41.86379061,C0
85.57604772,130.1403891,86.57604772,C0
507.7408955,429.27732,508.7408955,C1
-6.388797677,146.4911177,7.388797677,C0
865.9826292,516.4542261,866.9826292,C1
1970.380892,1603.932735,1971.380892,C2
-40.15455838,101.8300584,41.15455838,C0
1905.75617,2015.708995,1906.75617,C2
2175.076039,1330.743982,2176.076039,C2
769.340634,458.455438,770.340634,C1
64.02609991,-13.19502414,65.02609991,C0
109.2715988,93.3617749,110.2715988,C0
650.8296914,572.849148,651.8296914,C1
991.6143403,594.9233246,992.6143403,C1
514.3916564,462.4051393,515.3916564,C1
2261.067849,1389.711727,2262.067849,C2
577.1477133,456.0291524,578.1477133,C1
650.0494035,392.9521061,651.0494035,C1
57.0951012,-205.2353394,58.0951012,C0
2349.690042,1241.081588,2350.690042,C2
2231.41084,1730.072555,2232.41084,C2
52.94140262,-176.9052267,53.94140262,C0
37.67278916,68.82238711,38.67278916,C0
633.3407353,389.0464273,634.3407353,C1
1951.612327,1452.4362,1952.612327,C2
-304.3789244,-58.35013579,305.3789244,C0
1984.473395,1662.500226,1985.473395,C2
96.04677931,-108.2085002,97.04677931,C0
-19.95597584,213.0055789,20.95597584,C0
2219.19275,1681.837637,2220.19275,C2
94.16635408,1.60389799,95.16635408,C0
2213.145303,1376.032658,2214.145303,C2
52.1413693,89.12910832,53.1413693,C0
-172.4714851,-77.99258594,173.4714851,C0
-18.47657888,56.49044614,19.47657888,C0
793.7873953,361.5150619,794.7873953,C1
-231.5290243,157.3021882,232.5290243,C0
2119.067006,1690.123453,2120.067006,C2
838.3478999,261.4250715,839.3478999,C1
2180.769508,1340.219221,2181.769508,C2
2191.48483,1408.585453,2192.48483,C2
-57.78345818,124.8780493,58.78345818,C0
2123.456413,1581.652614,2124.456413,C2
2489.953383,1384.509119,2490.953383,C2
-168.0842252,115.4804075,169.0842252,C0
-27.80399215,-63.53792027,28.80399215,C0
-4.674464991,-170.0907819,5.674464991,C0
-90.11777977,-181.5421908,91.11777977,C0
624.1350534,528.7405793,625.1350534,C1
-142.6256407,155.2050125,143.6256407,C0
2296.422709,1759.294479,2297.422709,C2
-123.549832,-36.06343238,124.549832,C0
649.818946,646.6672392,650.818946,C1
1986.733328,999.8808349,1987.733328,C2
2182.898264,1941.837387,2183.898264,C2
780.3750593,449.8554601,781.3750593,C1
1807.402324,1741.102634,1808.402324,C2
569.5229501,664.063362,570.5229501,C1
699.4720537,585.8972571,700.4720537,C1
468.6838278,567.143049,469.6838278,C1
1739.738825,1700.355693,1740.738825,C2
-35.9317577,-93.62980818,36.9317577,C0
1872.842898,1599.319586,1873.842898,C2
1063.772049,499.4701073,1064.772049,C1
2117.786388,1484.901381,2118.786388,C2
889.5099979,400.8087873,890.5099979,C1
2136.124246,1389.992966,2137.124246,C2
1840.883255,1525.526524,1841.883255,C2
1987.183897,1685.238784,1988.183897,C2
424.6879578,529.5171463,425.6879578,C1
777.6457624,691.2514744,778.6457624,C1
830.0282138,581.7705404,831.0282138,C1
75.83135444,68.71191302,76.83135444,C0
2066.709445,1770.617664,2067.709445,C2
-17.21766819,46.07610813,18.21766819,C0
-118.4808238,30.46407934,119.4808238,C0
2078.341024,1423.239092,2079.341024,C2
2005.003726,1361.465408,2006.003726,C2
1971.999866,1749.277121,1972.999866,C2
769.0451191,681.0566694,770.0451191,C1
128.9964475,-78.76826206,129.9964475,C0
909.4592766,728.4467137,910.4592766,C1
816.6419439,412.2883177,817.6419439,C1
1927.251101,1189.742874,1928.251101,C2
-31.55446616,335.0432553,32.55446616,C0
487.9501176,478.0729307,488.9501176,C1
-137.7004701,76.58424066,138.7004701,C0
24.07670651,157.0968591,25.07670651,C0
1072.922884,506.3550956,1073.922884,C1
2343.819208,2085.953828,2344.819208,C2
772.8939362,618.0669545,773.8939362,C1
2121.568534,2168.357803,2122.568534,C2
2264.591962,1387.664579,2265.591962,C2
1917.690186,1417.013675,1918.690186,C2
44.61327745,-137.5205504,45.61327745,C0
2183.225721,1852.936624,2184.225721,C2
207.7168775,-1.99174111,208.7168775,C0
2465.481059,1453.006017,2466.481059,C2
2151.350424,1690.608322,2152.350424,C2
29.88857411,-40.14425704,30.88857411,C0
603.9625421,179.7174155,604.9625421,C1
136.1687504,8.765631841,137.1687504,C0
675.6614439,291.1492492,676.6614439,C1
255.1171782,-38.83959018,256.1171782,C0
1870.992523,1451.059308,1871.992523,C2
762.913749,486.8584436,763.913749,C1
2055.433616,1662.312264,2056.433616,C2
168.0663429,105.1990117,169.0663429,C0
532.4318703,463.7816862,533.4318703,C1
794.7220235,509.861408,795.7220235,C1
7.350482994,69.34692714,8.350482994,C0
594.5978752,441.2826455,595.5978752,C1
497.0941933,433.3788911,498.0941933,C1
736.5797682,447.6836813,737.5797682,C1
596.8650622,483.1365995,597.8650622,C1
594.581545,330.4448617,595.581545,C1
564.909474,295.2531495,565.909474,C1
2191.578953,1379.833153,2192.578953,C2
-117.2476673,100.3550486,118.2476673,C0
689.2027322,547.1961434,690.2027322,C1
5.407265483,18.75135256,6.407265483,C0
2022.367311,1365.468255,2023.367311,C2
701.5343656,491.2774012,702.5343656,C1
2207.177675,1333.023352,2208.177675,C2
94.3628494,55.73702083,95.3628494,C0
441.3884643,727.8736677,442.3884643,C1
905.8469001,530.00356,906.8469001,C1
831.5185104,364.7420672,832.5185104,C1
676.588755,444.7974041,677.588755,C1
450.7876932,503.6640405,451.7876932,C1
89.88763105,-87.51812537,90.88763105,C0
26.71809194,86.39750589,27.71809194,C0
1590.01715,1228.230226,1591.01715,C2
65.59425069,33.8399986,66.59425069,C0
524.8290268,448.8344562,525.8290268,C1
890.0105836,387.2313828,891.0105836,C1
-82.79870469,56.97403065,83.79870469,C0
1946.134796,1619.21766,1947.134796,C2
2407.75681,1616.682588,2408.75681,C2
9.698242409,138.5332023,10.69824241,C0
1859.830895,1539.939759,1860.830895,C2
2462.995312,1339.435301,2463.995312,C2
188.2915603,-24.77611245,189.2915603,C0
706.2055612,544.3134788,707.2055612,C1
692.1746626,462.3862449,693.1746626,C1
55.2070075,61.88787732,56.2070075,C0
47.86834362,-10.52703994,48.86834362,C0
130.3869889,111.2690941,131.3869889,C0
-33.04727014,-44.01354478,34.04727014,C0
47.71766754,52.8601643,48.71766754,C0
547.6174244,605.2595063,548.6174244,C1
1985.266772,1828.216203,1986.266772,C2
297.3965102,440.2331631,298.3965102,C1
-203.751668,37.2889222,204.751668,C0
945.3028269,310.118176,946.3028269,C1
1978.012967,1419.877792,1979.012967,C2
462.3054325,351.2277172,463.3054325,C1
2121.243204,1819.681527,2122.243204,C2
-26.81614427,-63.06971341,27.81614427,C0
122.1076852,-192.8461241,123.1076852,C0
2119.576067,1398.499106,2120.576067,C2
488.7492675,507.9042496,489.7492675,C1
2299.534732,1662.168607,2300.534732,C2
-180.8943798,-43.22008661,181.8943798,C0
512.5752033,352.5266995,513.5752033,C1
-151.6943466,91.21873042,152.6943466,C0
818.6386268,503.2036043,819.6386268,C1
92.12360553,-110.5821422,93.12360553,C0
1954.153843,1891.534654,1955.153843,C2
648.5892834,348.2240762,649.5892834,C1
2220.363314,2246.423104,2221.363314,C2
2499.625072,1777.649809,2500.625072,C2
-108.0117724,222.329788,109.0117724,C0
167.377217,-137.5812946,168.377217,C0
706.5520565,636.0998318,707.5520565,C1
2077.752485,1851.001558,2078.752485,C2
-148.5737373,-107.1142856,149.5737373,C0
-50.09648439,22.72231912,51.09648439,C0
1817.404322,1832.31313,1818.404322,C2
627.0396455,452.3524882,628.0396455,C1
161.6524529,-14.82906163,162.6524529,C0
2397.785367,1800.819258,2398.785367,C2
1433.507363,1684.369823,1434.507363,C2
-42.92530615,-108.4653512,43.92530615,C0
932.5470981,338.3540699,933.5470981,C1
2036.595493,1761.16489,2037.595493,C2
706.7539631,457.1745371,707.7539631,C1
2252.112183,1594.719253,2253.112183,C2
782.6119795,560.7568534,783.6119795,C1
880.9990993,578.6961639,881.9990993,C1
739.5279892,559.2516947,740.5279892,C1
524.0128815,389.989371,525.0128815,C1
1812.488644,1395.033681,1813.488644,C2
937.2562118,326.442981,938.2562118,C1
-58.35432476,-78.72357953,59.35432476,C0
890.0886339,515.2745246,891.0886339,C1
2062.632865,1201.007231,2063.632865,C2
780.4113244,548.7167987,781.4113244,C1
887.3395187,367.2415512,888.3395187,C1
701.8062191,303.5795682,702.8062191,C1
2.180304561,-8.06531916,3.180304561,C0
1965.322603,1325.039015,1966.322603,C2
953.8077102,506.4013747,954.8077102,C1
902.3022502,554.4650033,903.3022502,C1
672.8328057,526.6850822,673.8328057,C1
2495.660151,1625.487088,2496.660151,C2
46.29848742,-17.5301113,47.29848742,C0
1809.273394,1756.444251,1810.273394,C2
2508.236612,1725.679402,2509.236612,C2
-77.70332588,-0.190964475,78.70332588,C0
2258.869759,1452.551073,2259.869759,C2
665.0661164,298.1835115,666.0661164,C1
700.419177,411.4896205,701.419177,C1
1874.743634,1821.564258,1875.743634,C2
2247.869156,1553.419409,2248.869156,C2
817.6906211,415.5601741,818.6906211,C1
2402.238992,1503.584286,2403.238992,C2
2253.547601,1295.757762,2254.547601,C2
1971.374398,1668.499969,1972.374398,C2
118.3456376,116.3456586,119.3456376,C0
842.9669984,350.1693998,843.9669984,C1
1650.741285,1309.700739,1651.741285,C2
2393.47042,1646.030897,2394.47042,C2
766.0095702,277.8517487,767.0095702,C1
698.9750133,430.6348042,699.9750133,C1
27.82397425,26.50566275,28.82397425,C0
2569.992927,1521.719704,2570.992927,C2
100.6167107,31.4208821,101.6167107,C0
52.35449065,112.5458723,53.35449065,C0
716.5738781,496.6855228,717.5738781,C1
2288.965371,1868.054827,2289.965371,C2
1855.505225,1243.446728,1856.505225,C2
647.7700501,268.8426695,648.7700501,C1
486.9105862,395.1115993,487.9105862,C1
1023.894123,477.0808122,1024.894123,C1
24.32325113,-147.8929799,25.32325113,C0
2303.99037,1357.20565,2304.99037,C2
624.3845494,337.6771781,625.3845494,C1
195.7705587,-123.907421,196.7705587,C0
-20.31634444,-27.38793005,21.31634444,C0
1741.55105,1700.664281,1742.55105,C2
11.85971326,75.50810293,12.85971326,C0
2286.360899,1769.905594,2287.360899,C2
16.17543439,79.08124076,17.17543439,C0
-60.37362988,85.86618946,61.37362988,C0
640.2870294,236.7415183,641.2870294,C1
17.59614126,162.2493629,18.59614126,C0
1834.222902,1767.852724,1835.222902,C2
2040.020724,1531.547633,2041.020724,C2
-12.70168485,4.908025935,13.70168485,C0
854.3795692,251.5390007,855.3795692,C1
-88.90411588,-34.14931492,89.90411588,C0
1.571675116,-79.60969452,2.571675116,C0
2197.812572,1646.228082,2198.812572,C2
2234.394894,1686.319397,2235.394894,C2
2134.171265,1310.459599,2135.171265,C2
1081.486188,247.7856853,1082.486188,C1
-153.9931046,71.77806737,154.9931046,C0
-189.7467812,28.38857379,190.7467812,C0
-206.9178979,-35.48129041,207.9178979,C0
470.232982,588.9108096,471.232982,C1
588.0085537,453.5766274,589.0085537,C1
2016.258018,1408.73358,2017.258018,C2
1540.780479,1485.295023,1541.780479,C2
709.9982811,357.0876209,710.9982811,C1
2287.556234,1558.845491,2288.556234,C2
58.2447984,-25.30803631,59.2447984,C0
2083.878292,1659.704107,2084.878292,C2
2018.006743,1485.477072,2019.006743,C2
-125.2444678,10.91178677,126.2444678,C0
-213.3263802,52.62444062,214.3263802,C0
2080.956385,1169.239149,2081.956385,C2
2105.900617,1427.6486,2106.900617,C2
2352.853741,1618.265329,2353.853741,C2
2259.105237,1252.951021,2260.105237,C2
705.8073442,497.1096683,706.8073442,C1
652.3804821,553.0752559,653.3804821,C1
496.1743695,392.0353657,497.1743695,C1
713.203487,531.2089212,714.203487,C1
-99.70558285,-50.56320551,100.7055828,C0
-3.752071232,16.83234194,4.752071232,C0
-56.03793525,23.6245844,57.03793525,C0
344.0611588,-2.085597036,345.0611588,C0
-39.84986093,-71.91114681,40.84986093,C0
922.9898273,315.491301,923.9898273,C1
764.6673135,454.454901,765.6673135,C1
-24.55462926,17.92337295,25.55462926,C0
307.4648919,90.44352437,308.4648919,C0
2112.806948,1790.932357,2113.806948,C2
895.6930868,503.8877187,896.6930868,C1
1897.273779,1386.917589,1898.273779,C2
650.3555446,598.3841059,651.3555446,C1
929.7991494,433.2640782,930.7991494,C1
667.9494678,471.699926,668.9494678,C1
2218.349484,1430.963284,2219.349484,C2
2481.654543,1560.425975,2482.654543,C2
826.0055647,428.1204308,827.0055647,C1
1986.128845,1766.032783,1987.128845,C2
646.3076085,535.7791108,647.3076085,C1
771.2577539,429.5430826,772.2577539,C1
798.7226592,500.0216485,799.7226592,C1
664.1991164,532.6813729,665.1991164,C1
738.8289045,326.4738194,739.8289045,C1
1995.224955,1573.930979,1996.224955,C2
-105.4896078,-130.5584011,106.4896078,C0
780.4751985,431.8990098,781.4751985,C1
1845.780084,1803.097992,1846.780084,C2
636.2720181,396.9469435,637.2720181,C1
80.72038482,-12.28981429,81.72038482,C0
-103.5300548,104.190117,104.5300548,C0
-85.72773886,67.62636203,86.72773886,C0
2119.797153,1679.129856,2120.797153,C2
-29.98874466,-75.46754304,30.98874466,C0
-4.671295477,68.19117258,5.671295477,C0
597.6440126,566.6398076,598.6440126,C1
537.7239671,609.6080238,538.7239671,C1
2550.106155,1715.597513,2551.106155,C2
2394.608109,1694.879829,2395.608109,C2
422.7200217,428.117757,423.7200217,C1
-136.7795242,74.4237678,137.7795242,C0
2444.576957,1454.605354,2445.576957,C2
131.7890555,29.43634089,132.7890555,C0
765.6147976,325.5192379,766.6147976,C1
2139.439538,1632.433088,2140.439538,C2
690.1561629,567.0605161,691.1561629,C1
126.3693031,-79.55081196,127.3693031,C0
-78.76438009,-203.5960093,79.76438009,C0
2475.864363,2310.255978,2476.864363,C2
114.0704405,167.0490236,115.0704405,C0
713.7589214,495.4232286,714.7589214,C1
2111.026066,1781.902482,2112.026066,C2
642.9468412,447.5802422,643.9468412,C1
1670.667548,1537.771592,1671.667548,C2
1759.586665,1407.826911,1760.586665,C2
850.306465,394.5280617,851.306465,C1
853.169779,390.7766826,854.169779,C1
769.2392896,499.4493869,770.2392896,C1
-118.4531884,-216.6765225,119.4531884,C0
-204.0784352,127.8755049,205.0784352,C0
-65.4801609,-5.079812178,66.4801609,C0
2453.49502,1363.325762,2454.49502,C2
2210.440778,1422.564493,2211.440778,C2
-20.42880941,9.400215011,21.42880941,C0
589.8241911,399.9074676,590.8241911,C1
616.9076633,532.760895,617.9076633,C1
22.91948108,-58.21358954,23.91948108,C0
94.19012089,214.2819438,95.19012089,C0
-148.040148,-168.2316563,149.040148,C0
1956.744619,1454.452569,1957.744619,C2
1997.715547,1693.557949,1998.715547,C2
429.8502078,410.4159586,430.8502078,C1
-44.39225982,27.81133901,45.39225982,C0
2535.620845,1607.319214,2536.620845,C2
1782.047433,1015.038973,1783.047433,C2
644.2340801,255.4487716,645.2340801,C1
167.9524498,220.8613217,168.9524498,C0
-58.06248517,116.6894091,59.06248517,C0
884.5265376,591.0729612,885.5265376,C1
751.0035384,333.2361583,752.0035384,C1
671.741423,614.4245973,672.741423,C1
1826.426806,2041.904989,1827.426806,C2
1943.315357,1253.381472,1944.315357,C2
707.8923383,687.1519245,708.8923383,C1
639.7274857,311.9545066,640.7274857,C1
2420.351323,1747.40654,2421.351323,C2
2042.636111,1438.649189,2043.636111,C2
163.0571374,-115.0874397,164.0571374,C0
-157.1500393,-33.94344919,158.1500393,C0
2092.50562,2026.929371,2093.50562,C2
2089.425791,1308.558008,2090.425791,C2
2099.148087,1546.986022,2100.148087,C2
-201.0585209,-44.53691732,202.0585209,C0
2081.771331,1627.797065,2082.771331,C2
-137.9573943,-144.1548469,138.9573943,C0
2294.975565,1488.436801,2295.975565,C2
2458.508346,1668.759808,2459.508346,C2
694.6940103,160.7512636,695.6940103,C1
9.958332996,18.94431468,10.958333,C0
-122.8669099,-4.560224243,123.8669099,C0
158.8848756,165.1963966,159.8848756,C0
504.8590186,211.4316188,505.8590186,C1
52.1162261,3.156963739,53.1162261,C0
-32.69018458,25.83205061,33.69018458,C0
2353.981605,1656.180899,2354.981605,C2
2031.396689,1387.553796,2032.396689,C2
587.1996985,438.1735656,588.1996985,C1
1958.773072,1370.67401,1959.773072,C2
928.5091766,548.5995326,929.5091766,C1
1898.086574,1234.867223,1899.086574,C2
930.397192,487.5567925,931.397192,C1
728.9082168,540.8216749,729.9082168,C1
-74.09660732,-96.37279691,75.09660732,C0
351.7084418,-67.26419622,352.7084418,C0
-91.54078756,-148.0060354,92.54078756,C0
1725.283764,2027.152947,1726.283764,C2
547.8904595,357.5706904,548.8904595,C1
-163.7302643,22.54613721,164.7302643,C0
567.1091287,375.1788964,568.1091287,C1
2047.290724,1361.577873,2048.290724,C2
665.9502329,541.1401961,666.9502329,C1
799.6474326,536.6001833,800.6474326,C1
1909.422822,1928.961395,1910.422822,C2
527.492814,466.2903242,528.492814,C1
124.3931242,-11.59626746,125.3931242,C0
2542.127294,1547.751578,2543.127294,C2
851.1303355,472.0582136,852.1303355,C1
44.55940342,-167.9922054,45.55940342,C0
775.4170784,600.8633309,776.4170784,C1
616.445291,454.9438749,617.445291,C1
588.7504843,425.1153484,589.7504843,C1
2077.411234,1550.737821,2078.411234,C2
1919.198906,1428.432684,1920.198906,C2
811.4304799,537.1805754,812.4304799,C1
59.53973314,-77.26694388,60.53973314,C0
-62.51288774,-95.65694661,63.51288774,C0
2359.381419,1686.545377,2360.381419,C2
1604.08483,1263.401586,1605.08483,C2
142.1080603,-96.96685331,143.1080603,C0
2208.882111,1658.285676,2209.882111,C2
718.9577063,563.8211095,719.9577063,C1
84.492444,68.53508426,85.492444,C0
1991.477991,1419.228141,1992.477991,C2
586.5724636,246.8887034,587.5724636,C1
2594.246987,1555.278383,2595.246987,C2
2674.413661,1597.930674,2675.413661,C2
303.0864411,403.1648958,304.0864411,C1
922.3527517,374.2143801,923.3527517,C1
596.4556984,316.8685271,597.4556984,C1
-33.93894523,132.814694,34.93894523,C0
-165.6625029,-82.88883569,166.6625029,C0
2295.200915,1676.762305,2296.200915,C2
1910.469855,1821.5355,1911.469855,C2
1793.720944,1669.21189,1794.720944,C2
688.6511542,568.1311033,689.6511542,C1
465.4088625,612.0004244,466.4088625,C1
64.49362124,30.23846894,65.49362124,C0
55.00084153,-168.4884997,56.00084153,C0
882.0219988,485.5040034,883.0219988,C1
2288.401395,1999.390555,2289.401395,C2
1676.826601,1914.013059,1677.826601,C2
643.7136411,339.8938417,644.7136411,C1
669.1066807,591.0826645,670.1066807,C1
-3.078869885,71.56607393,4.078869885,C0
628.9366166,253.4077586,629.9366166,C1
775.3259727,401.8523582,776.3259727,C1
1938.448565,1940.168918,1939.448565,C2
978.186016,569.9292225,979.186016,C1
1843.094129,1378.250573,1844.094129,C2
1866.30979,1557.026843,1867.30979,C2
53.52855237,94.56359985,54.52855237,C0
2128.900988,1466.458652,2129.900988,C2
-49.47522263,125.0887504,50.47522263,C0
2424.86939,1584.897661,2425.86939,C2
1697.343448,1240.95647,1698.343448,C2
522.4722891,474.0163179,523.4722891,C1
1852.906834,1696.315582,1853.906834,C2
2280.170343,1399.323703,2281.170343,C2
861.6643891,396.5858401,862.6643891,C1
2339.396996,1702.035857,2340.396996,C2
939.6344833,574.3686101,940.6344833,C1
686.0247956,377.0422435,687.0247956,C1
134.0469426,156.3430261,135.0469426,C0
731.0140542,458.0396187,732.0140542,C1
927.9567347,544.0362787,928.9567347,C1
626.4605744,536.065968,627.4605744,C1
717.3755982,552.1324342,718.3755982,C1
2371.854256,1924.51073,2372.854256,C2
9.82737011,0.604877457,10.82737011,C0
1946.19422,1848.600169,1947.19422,C2
789.5231155,395.5161081,790.5231155,C1
618.9130819,107.3278976,619.9130819,C1
2067.795724,1543.272012,2068.795724,C2
-135.9003448,-48.55105599,136.9003448,C0
734.514511,568.947376,735.514511,C1
518.2370318,587.5493323,519.2370318,C1
-28.44932141,-139.7488669,29.44932141,C0
127.2955756,-76.09234789,128.2955756,C0
876.1479961,633.512222,877.1479961,C1
-130.9064185,-228.3101001,131.9064185,C0
2050.028709,1393.874177,2051.028709,C2
6.915399169,-146.0506719,7.915399169,C0
2011.11329,1809.015531,2012.11329,C2
782.3268378,256.1592789,783.3268378,C1
1907.184083,1788.165178,1908.184083,C2
678.0035376,494.4830213,679.0035376,C1
704.477437,461.1538939,705.477437,C1
110.1058234,11.85296796,111.1058234,C0
862.2997293,634.4788863,863.2997293,C1
2266.587995,1740.819017,2267.587995,C2
8.523136076,-94.83218596,9.523136076,C0
753.0860515,294.6242127,754.0860515,C1
-24.81123982,-82.90526617,25.81123982,C0
-12.85385315,19.46780996,13.85385315,C0
854.9199605,355.4242018,855.9199605,C1
771.4941917,393.2692984,772.4941917,C1
1656.312305,1699.492011,1657.312305,C2
2237.631097,1328.19519,2238.631097,C2
1936.571494,1599.949259,1937.571494,C2
-223.7192613,-34.11948803,224.7192613,C0
951.1039495,325.192011,952.1039495,C1
-31.4128746,-17.6168371,32.4128746,C0
1889.827517,1882.607346,1890.827517,C2
925.2667007,323.3802882,926.2667007,C1
1939.085921,1754.621162,1940.085921,C2
212.013739,17.05121903,213.013739,C0
1631.600668,1659.837712,1632.600668,C2
67.80225175,-41.19820331,68.80225175,C0
518.4064677,433.3297613,519.4064677,C1
724.2243282,580.8480596,725.2243282,C1
16.99238073,-5.688173779,17.99238073,C0
-72.82468824,-79.16755783,73.82468824,C0
-145.0002419,-111.125411,146.0002419,C0
2094.858257,1324.411979,2095.858257,C2
525.8295316,387.1854446,526.8295316,C1
2063.610307,1467.314485,2064.610307,C2
677.1125276,305.8512997,678.1125276,C1
12.51537578,20.82785562,13.51537578,C0
2319.5484,1617.556681,2320.5484,C2
-3.770293818,-42.01036472,4.770293818,C0
2232.81221,1035.820843,2233.81221,C2
33.57993067,65.87486329,34.57993067,C0
-5.394317457,60.11781921,6.394317457,C0
291.8269429,614.6281266,292.8269429,C1
-98.95370968,-2.015864761,99.95370968,C0
2.298418148,116.7804737,3.298418148,C0
-20.70801582,5.040056955,21.70801582,C0
-136.8890651,-161.1645028,137.8890651,C0
555.2463598,365.7754599,556.2463598,C1
2069.638629,1484.517352,2070.638629,C2
-190.959667,95.84482168,191.959667,C0
-78.87780208,-126.423452,79.87780208,C0
2329.166115,1171.104606,2330.166115,C2
-75.86034927,112.9544431,76.86034927,C0
690.7656492,451.8445406,691.7656492,C1
-97.46675216,301.2487736,98.46675216,C0
899.6386251,591.1832466,900.6386251,C1
591.7712423,610.8899618,592.7712423,C1
2070.324952,1582.764794,2071.324952,C2
55.77727153,113.1651595,56.77727153,C0
806.4946207,625.7579541,807.4946207,C1
568.0920043,401.4722511,569.0920043,C1
462.561681,605.0576338,463.561681,C1
62.41569998,-6.018995237,63.41569998,C0
2201.522985,1829.644705,2202.522985,C2
-39.45852856,63.53203902,40.45852856,C0
815.1015378,660.9949159,816.1015378,C1
2256.198014,1387.736024,2257.198014,C2
1879.008706,1995.334401,1880.008706,C2
2381.411606,1652.298805,2382.411606,C2
679.9008112,399.833242,680.9008112,C1
64.70585901,73.09194819,65.70585901,C0
2520.074337,1802.039162,2521.074337,C2
525.3434158,597.1470869,526.3434158,C1
610.716986,390.5194735,611.716986,C1
2124.798721,1871.547856,2125.798721,C2
1625.549814,1588.14586,1626.549814,C2
817.0448092,209.582742,818.0448092,C1
529.4832584,373.6446244,530.4832584,C1
763.8855531,424.216158,764.8855531,C1
2247.765436,1520.824981,2248.765436,C2
785.0941848,408.6073581,786.0941848,C1
1985.598478,1514.164873,1986.598478,C2
359.3966011,530.2589463,360.3966011,C1
-27.14568385,121.3560563,28.14568385,C0
539.2673328,415.5651537,540.2673328,C1
88.87011428,-121.5508893,89.87011428,C0
101.1997831,-72.15982596,102.1997831,C0
807.4709484,448.070971,808.4709484,C1
1947.017337,1622.959984,1948.017337,C2
1919.643318,1198.788739,1920.643318,C2
2394.969584,1849.981771,2395.969584,C2
792.3923195,239.6922988,793.3923195,C1
20.16221777,-96.3657157,21.16221777,C0
2426.51799,1997.851609,2427.51799,C2
1499.390392,1526.472348,1500.390392,C2
2178.931646,1805.590649,2179.931646,C2
473.5010308,617.5248628,474.5010308,C1
706.1786536,362.9836543,707.1786536,C1
733.5434277,555.5492,734.5434277,C1
29.87315617,11.11572118,30.87315617,C0
2263.203908,1439.300315,2264.203908,C2
544.8592339,544.5462405,545.8592339,C1
639.5955049,239.7962046,640.5955049,C1
2736.871411,1908.179507,2737.871411,C2
2459.118034,1497.641786,2460.118034,C2
2173.028588,1620.592009,2174.028588,C2
1944.901648,1665.275269,1945.901648,C2
2008.786698,1620.297391,2009.786698,C2
858.1399095,504.6726378,859.1399095,C1
725.3668495,343.2983518,726.3668495,C1
-57.93733489,-31.3351717,58.93733489,C0
-74.01114567,102.4308182,75.01114567,C0
551.1956273,311.2486992,552.1956273,C1
880.0364677,72.71462492,881.0364677,C1
2150.951057,1592.25329,2151.951057,C2
37.73398081,-116.2422093,38.73398081,C0
146.9190194,13.46856931,147.9190194,C0
587.4970585,405.316041,588.4970585,C1
1948.477065,1601.343234,1949.477065,C2
-203.0088679,-19.49618428,204.0088679,C0
2584.481381,1957.721883,2585.481381,C2
2255.101553,2020.528114,2256.101553,C2
572.5702089,335.8267183,573.5702089,C1
810.6516087,478.0361738,811.6516087,C1
111.2899213,-54.57895549,112.2899213,C0
770.1357957,379.0700643,771.1357957,C1
-201.6140434,59.22170907,202.6140434,C0
2174.024426,1419.886943,2175.024426,C2
1780.403034,1745.902773,1781.403034,C2
2231.34312,1554.912697,2232.34312,C2
-45.32980423,35.87256017,46.32980423,C0
28.8221396,-11.17708018,29.8221396,C0
2089.453315,1541.288848,2090.453315,C2
-86.88883406,-106.0768655,87.88883406,C0
1968.082538,1810.170305,1969.082538,C2
1575.079275,1644.467642,1576.079275,C2
828.5068887,725.4290382,829.5068887,C1
2127.283693,1105.239326,2128.283693,C2
-107.1482186,-86.94842628,108.1482186,C0
2264.514077,1440.672421,2265.514077,C2
-38.00436962,210.2165301,39.00436962,C0
744.1873859,614.4165059,745.1873859,C1
170.4617193,150.081446,171.4617193,C0
365.2629347,564.3799315,366.2629347,C1
1672.28079,1657.291514,1673.28079,C2
1895.929387,1639.770247,1896.929387,C2
-66.76086805,-30.8316276,67.76086805,C0
-14.70608432,-178.6115169,15.70608432,C0
122.2427483,175.2863921,123.2427483,C0
407.3814065,546.723083,408.3814065,C1
816.8217759,544.051097,817.8217759,C1
2227.78728,1828.540597,2228.78728,C2
2425.061832,1636.545889,2426.061832,C2
1869.021482,1680.520773,1870.021482,C2
1759.429512,1437.336142,1760.429512,C2
1991.616109,1851.95815,1992.616109,C2
482.3341148,217.779312,483.3341148,C1
1970.078923,1442.165649,1971.078923,C2
28.39772274,-56.41722023,29.39772274,C0
8.224798131,129.5600517,9.224798131,C0
864.5861311,432.020319,865.5861311,C1
2307.085935,1287.709827,2308.085935,C2
132.2255897,53.2878714,133.2255897,C0
1536.513022,1920.039715,1537.513022,C2
841.5306884,516.5020731,842.5306884,C1
25.77602985,41.04449223,26.77602985,C0
2042.842205,1249.458469,2043.842205,C2
2110.302839,1724.975697,2111.302839,C2
784.4791472,529.6206729,785.4791472,C1
863.995321,321.6730296,864.995321,C1
1645.587183,1373.151441,1646.587183,C2
786.2832693,274.2290043,787.2832693,C1
903.285952,337.7501811,904.285952,C1
730.622515,370.477361,731.622515,C1
894.7601387,468.1780456,895.7601387,C1
1922.692712,1181.887205,1923.692712,C2
805.1779171,227.7023661,806.1779171,C1
586.5768867,483.0378945,587.5768867,C1
726.7619908,437.5497387,727.7619908,C1
353.1464181,14.66584386,354.1464181,C0
-237.5763493,-58.00130838,238.5763493,C0
410.2791561,476.593589,411.2791561,C1
2304.488634,1684.366845,2305.488634,C2
227.6890071,67.97732067,228.6890071,C0
510.7047561,384.3002222,511.7047561,C1
-132.0612771,112.0376087,133.0612771,C0
-4.477412538,-151.515182,5.477412538,C0
789.1121518,559.7357588,790.1121518,C1
641.8935889,507.2233775,642.8935889,C1
921.0863082,686.5183054,922.0863082,C1
602.6052934,340.864227,603.6052934,C1
118.0167384,15.41205558,119.0167384,C0
124.5074836,-35.6506257,125.5074836,C0
-104.1841988,28.9726735,105.1841988,C0
1073.358386,458.0522868,1074.358386,C1
804.4584024,386.4597548,805.4584024,C1
2069.083385,1845.14196,2070.083385,C2
890.1346249,735.5060791,891.1346249,C1
458.3110402,266.0525669,459.3110402,C1
2349.079083,1718.985206,2350.079083,C2
635.8412308,334.4194936,636.8412308,C1
837.245226,503.1363005,838.245226,C1
887.9635286,338.6886703,888.9635286,C1
-173.4971377,-32.83617699,174.4971377,C0
1970.172277,1517.264369,1971.172277,C2
1998.756486,1869.19085,1999.756486,C2
1807.355573,1310.370119,1808.355573,C2
515.3999515,531.2146958,516.3999515,C1
1946.716941,1987.219972,1947.716941,C2
646.549373,465.2507357,647.549373,C1
2038.746131,1383.37527,2039.746131,C2
2061.391656,1703.523538,2062.391656,C2
897.4254021,356.8676813,898.4254021,C1
2330.222961,1950.433505,2331.222961,C2
-92.96361676,-98.01037017,93.96361676,C0
821.1306955,424.5853254,822.1306955,C1
593.8023533,644.4771282,594.8023533,C1
-50.02763176,9.610482039,51.02763176,C0
-2.43217906,-30.63827932,3.43217906,C0
679.1711842,354.6690316,680.1711842,C1
485.4481054,256.8102533,486.4481054,C1
17.39555584,95.1660442,18.39555584,C0
2097.610771,1280.562138,2098.610771,C2
120.8704424,4.477089843,121.8704424,C0
664.69298,595.4046991,665.69298,C1
41.3267389,-139.6713533,42.3267389,C0
2056.630985,1126.932687,2057.630985,C2
650.4370629,414.7838334,651.4370629,C1
2049.65382,1834.758412,2050.65382,C2
-126.084358,-24.64618975,127.084358,C0
672.6465537,518.3810807,673.6465537,C1
2181.709341,1656.867344,2182.709341,C2
-86.49108322,53.99849348,87.49108322,C0
314.2703815,365.7704331,315.2703815,C1
-68.57905876,75.32613518,69.57905876,C0
1812.259002,1576.491721,1813.259002,C2
81.9648513,-183.9192933,82.9648513,C0
853.6673975,558.597286,854.6673975,C1
-34.97008296,93.41500784,35.97008296,C0
617.7846409,452.5032066,618.7846409,C1
2178.492158,1351.714733,2179.492158,C2
107.9029604,-29.81766347,108.9029604,C0
624.3363372,485.4196413,625.3363372,C1
2090.391764,1521.4904,2091.391764,C2
894.2503506,427.761459,895.2503506,C1
556.2956443,262.8919727,557.2956443,C1
1842.675184,1730.499039,1843.675184,C2
-139.6992896,-64.34738352,140.6992896,C0
-130.1095391,-41.69027033,131.1095391,C0
18.44181006,104.9712532,19.44181006,C0
-110.5797751,6.091944221,111.5797751,C0
87.71170122,21.84622596,88.71170122,C0
-125.4712449,-107.4377366,126.4712449,C0
133.8034048,-27.12032215,134.8034048,C0
161.735917,-119.7753221,162.735917,C0
689.6729847,464.6773764,690.6729847,C1
7.134810777,-74.48179654,8.134810777,C0
838.3709339,324.3692834,839.3709339,C1
121.4178123,-29.12029761,122.4178123,C0
641.1486729,429.0461469,642.1486729,C1
2143.147562,1515.764999,2144.147562,C2
733.6021006,413.5832721,734.6021006,C1
2059.374847,1419.980466,2060.374847,C2
2820.739368,1893.366212,2821.739368,C2
817.4916513,396.5506563,818.4916513,C1
2127.311714,1809.612715,2128.311714,C2
118.0001694,159.4402502,119.0001694,C0
745.042606,519.1242345,746.042606,C1
-36.01428561,-121.0309121,37.01428561,C0
1962.863974,1780.656566,1963.863974,C2
2475.822362,1429.298827,2476.822362,C2
105.6633213,-8.786541348,106.6633213,C0
1679.731597,1618.231158,1680.731597,C2
-115.2895781,79.85709474,116.2895781,C0
210.0742731,-89.21911414,211.0742731,C0
2465.27801,1660.726684,2466.27801,C2
15.48541191,62.37035427,16.48541191,C0
1952.382564,1287.030334,1953.382564,C2
2279.812879,1534.25806,2280.812879,C2
840.9113809,558.8974028,841.9113809,C1
1685.813626,2088.724748,1686.813626,C2
1924.199667,1273.378851,1925.199667,C2
623.0801773,335.7366918,624.0801773,C1
108.6691841,-14.58426085,109.6691841,C0
873.8584724,396.4994985,874.8584724,C1
805.7499005,475.3860071,806.7499005,C1
1611.525185,1426.871959,1612.525185,C2
2221.791329,1392.119912,2222.791329,C2
65.6902265,112.6039913,66.6902265,C0
1413.243991,1968.717389,1414.243991,C2
2097.088024,1669.498772,2098.088024,C2
1034.426978,583.8273051,1035.426978,C1
1800.034106,1638.359081,1801.034106,C2
2125.287057,1462.459122,2126.287057,C2
664.7597401,514.0436661,665.7597401,C1
2534.474756,1358.479596,2535.474756,C2
2338.198636,1709.598857,2339.198636,C2
733.1125826,467.5522124,734.1125826,C1
98.8453453,11.65478028,99.8453453,C0
-10.66136567,40.39223337,11.66136567,C0
732.3771507,154.2666032,733.3771507,C1
871.016999,432.5478917,872.016999,C1
558.0820321,362.6850336,559.0820321,C1
44.72992352,162.3881415,45.72992352,C0
2041.365975,2230.12863,2042.365975,C2
1974.910974,1730.080578,1975.910974,C2
-223.1534846,136.5003865,224.1534846,C0
-32.96999383,-273.692184,33.96999383,C0
2042.279484,1534.161078,2043.279484,C2
55.97343676,82.0538157,56.97343676,C0
61.23656976,-50.95067291,62.23656976,C0
741.301871,710.0936137,742.301871,C1
563.962045,534.8361096,564.962045,C1
2177.547631,1776.154199,2178.547631,C2
613.636652,445.9016575,614.636652,C1
575.613596,264.6298371,576.613596,C1
740.5212575,394.7113859,741.5212575,C1
550.3988368,320.9508784,551.3988368,C1
794.1453034,551.3363607,795.1453034,C1
668.7387276,340.0560837,669.7387276,C1
2312.368813,2065.953251,2313.368813,C2
521.8729569,420.8931715,522.8729569,C1
2570.223794,1532.761303,2571.223794,C2
832.3373299,458.344447,833.3373299,C1
62.15004025,139.2165313,63.15004025,C0
2020.677637,1855.244453,2021.677637,C2
29.85566114,157.8908791,30.85566114,C0
732.7275962,471.9179597,733.7275962,C1
813.1887067,468.0243266,814.1887067,C1
2006.079431,2162.50091,2007.079431,C2
2275.841146,1772.776899,2276.841146,C2
67.82795262,64.87433048,68.82795262,C0
499.5491636,589.9696062,500.5491636,C1
624.111355,565.4390493,625.111355,C1
7.172609024,-117.5627341,8.172609024,C0
-18.80038739,-83.04291618,19.80038739,C0
712.0148022,469.6707527,713.0148022,C1
692.5051267,336.4070932,693.5051267,C1
-5.654547953,-38.91337391,6.654547953,C0
830.8385249,384.3289198,831.8385249,C1
1702.616708,1868.569724,1703.616708,C2
660.9598228,373.8654688,661.9598228,C1
-2.109330061,17.52757913,3.109330061,C0
87.20673208,-156.4560771,88.20673208,C0
137.2070952,13.4249702,138.2070952,C0
93.49350669,-89.42726606,94.49350669,C0
2152.493519,1553.356451,2153.493519,C2
2121.31694,1347.242409,2122.31694,C2
735.045317,311.4462056,736.045317,C1
2198.032331,1787.54022,2199.032331,C2
2052.351511,1455.854973,2053.351511,C2
654.1870664,474.9153604,655.1870664,C1
199.0841054,43.09442266,200.0841054,C0
2314.265503,1597.006318,2315.265503,C2
102.0722772,271.6929513,103.0722772,C0
-24.7569139,-10.23020334,25.7569139,C0
433.5632453,445.4999661,434.5632453,C1
-184.4200535,142.8669803,185.4200535,C0
510.825457,466.221352,511.825457,C1
1036.289379,320.2347266,1037.289379,C1
687.3143165,491.7529692,688.3143165,C1
42.67621144,-87.48310544,43.67621144,C0
816.3272244,518.0022543,817.3272244,C1
1852.135903,1617.564422,1853.135903,C2
2895.899576,1655.093303,2896.899576,C2
666.9805783,524.010609,667.9805783,C1
1902.399466,2017.631777,1903.399466,C2
-21.86552776,151.1580265,22.86552776,C0
1634.170481,1922.908928,1635.170481,C2
2127.235618,1298.974711,2128.235618,C2
1939.178645,1729.653792,1940.178645,C2
-99.67400885,-59.74971694,100.6740088,C0
96.22436973,32.0055066,97.22436973,C0
140.2849423,366.2587877,141.2849423,C1
586.0548856,394.9971684,587.0548856,C1
1816.720842,1420.889687,1817.720842,C2
711.2870098,442.573432,712.2870098,C1
-50.24146921,102.9327424,51.24146921,C0
865.7729914,432.9927509,866.7729914,C1
600.4327842,425.9446121,601.4327842,C1
41.97033676,-275.404734,42.97033676,C0
1870.784285,2109.113584,1871.784285,C2
2161.637383,1823.527434,2162.637383,C2
706.8695039,538.3720269,707.8695039,C1
664.2729691,363.4636594,665.2729691,C1
649.7842367,535.0625108,650.7842367,C1
851.9926364,455.2088751,852.9926364,C1
57.89505392,165.5353756,58.89505392,C0
2054.402308,1843.248716,2055.402308,C2
628.1017106,330.1308921,629.1017106,C1
2457.399974,1525.245646,2458.399974,C2
757.0993314,365.9947777,758.0993314,C1
-29.79938324,53.00854583,30.79938324,C0
-164.704243,-80.1598176,165.704243,C0
-117.1388485,-77.67350091,118.1388485,C0
-94.57562165,14.24208203,95.57562165,C0
922.6541475,480.2371447,923.6541475,C1
2275.254958,1790.618779,2276.254958,C2
2138.553625,1476.739348,2139.553625,C2
1837.895729,1424.229403,1838.895729,C2
2616.018565,1291.530329,2617.018565,C2
-174.0602706,-15.22912908,175.0602706,C0
64.48419462,-160.5043862,65.48419462,C0
640.8074707,466.9476788,641.8074707,C1
-63.25939822,-22.17815917,64.25939822,C0
2638.602203,1229.815799,2639.602203,C2
1925.295678,1442.583162,1926.295678,C2
799.3617548,335.0077912,800.3617548,C1
271.2497752,-195.504073,272.2497752,C0
1788.703978,1795.736531,1789.703978,C2
1815.071394,1381.009776,1816.071394,C2
5.727029009,-36.02014259,6.727029009,C0
534.8090242,206.5721413,535.8090242,C1
10.39343915,9.24807265,11.39343915,C0
36.63500107,-121.8458631,37.63500107,C0
2200.084223,1972.113391,2201.084223,C2
2368.908779,1240.166344,2369.908779,C2
1876.222329,1647.589927,1877.222329,C2
630.5751689,512.6809592,631.5751689,C1
122.1315082,-89.98332411,123.1315082,C0
800.1935237,235.4569625,801.1935237,C1
-122.2937229,-87.49406338,123.2937229,C0
2597.128931,1638.520839,2598.128931,C2
987.2499161,374.5265383,988.2499161,C1
748.598478,386.0913254,749.598478,C1
1908.56578,1352.233492,1909.56578,C2
152.7457698,-103.9659544,153.7457698,C0
-46.32858253,-36.71575052,47.32858253,C0
-129.216368,60.67279549,130.216368,C0
-76.50462974,23.30288543,77.50462974,C0
131.2131859,139.7028285,132.2131859,C0
66.48854717,30.00678414,67.48854717,C0
2252.704824,1521.707117,2253.704824,C2
2064.379286,1278.663971,2065.379286,C2
1988.352846,1328.056711,1989.352846,C2
2218.873601,1670.188787,2219.873601,C2
2.20762735,-75.69959857,3.20762735,C0
418.7006241,575.8464274,419.7006241,C1
-66.96884207,64.509321,67.96884207,C0
984.5922709,351.4836464,985.5922709,C1
789.8006343,532.6655156,790.8006343,C1
2414.208159,1912.688553,2415.208159,C2
6.963163712,6.323192184,7.963163712,C0
2266.427848,1955.617091,2267.427848,C2
1759.818641,1718.916698,1760.818641,C2
927.9265434,444.0082817,928.9265434,C1
2472.148831,1672.917806,2473.148831,C2
10.36819631,-95.78792199,11.36819631,C0
675.7221011,421.7938954,676.7221011,C1
481.8140522,467.7501665,482.8140522,C1
788.3192257,244.8837817,789.3192257,C1
2042.380134,1576.847448,2043.380134,C2
1991.430891,1908.978524,1992.430891,C2
638.6634922,317.7251839,639.6634922,C1
799.0684085,581.6563638,800.0684085,C1
104.4293511,129.3563925,105.4293511,C0
483.7898096,431.0865218,484.7898096,C1
575.015383,625.5676048,576.015383,C1
-117.1066491,16.62001937,118.1066491,C0
2593.714202,1669.337053,2594.714202,C2
206.5044184,43.55171215,207.5044184,C0
-44.57845463,-1.421194813,45.57845463,C0
1947.897383,1760.056319,1948.897383,C2
2238.356203,1391.906993,2239.356203,C2
2178.464184,1524.823876,2179.464184,C2
699.2327782,320.8893464,700.2327782,C1
544.3899029,776.2116106,545.3899029,C1
2173.295979,1913.423782,2174.295979,C2
2158.161781,1849.458691,2159.161781,C2
322.1460396,274.6138294,323.1460396,C1
1921.231928,1859.765015,1922.231928,C2
49.53230414,-67.24780396,50.53230414,C0
2185.100265,1860.794113,2186.100265,C2
1950.078401,1605.131841,1951.078401,C2
722.9957246,386.5451509,723.9957246,C1
78.44639052,135.6558405,79.44639052,C0
1823.357661,2001.503656,1824.357661,C2
1797.278603,1523.055519,1798.278603,C2
50.51549719,71.52527817,51.51549719,C0
55.09598606,104.4209436,56.09598606,C0
918.167305,378.6907027,919.167305,C1
639.9849091,383.9340648,640.9849091,C1
1900.338664,1432.933498,1901.338664,C2
2098.386753,1327.968087,2099.386753,C2
767.3890323,529.7520149,768.3890323,C1
1924.101602,1648.403511,1925.101602,C2
643.8807342,636.3292714,644.8807342,C1
2623.201549,1643.685827,2624.201549,C2
884.5905178,439.6349354,885.5905178,C1
1009.352499,410.1409356,1010.352499,C1
1952.061171,1936.412039,1953.061171,C2
1210.675169,1798.411625,1211.675169,C2
608.4434665,469.7526436,609.4434665,C1
-83.93275108,-47.6076908,84.93275108,C0
53.9150597,13.72310924,54.9150597,C0
2119.479356,1594.245324,2120.479356,C2
632.6920228,386.1742005,633.6920228,C1
601.5808597,350.3220909,602.5808597,C1
-41.5138327,62.81661749,42.5138327,C0
509.1968486,553.2636511,510.1968486,C1
-99.36139073,-141.1224377,100.3613907,C0
-51.12954997,-39.24606392,52.12954997,C0
210.1601628,3.579422171,211.1601628,C0
68.67009825,96.22173798,69.67009825,C0
810.9467945,409.026461,811.9467945,C1
501.217425,397.3821664,502.217425,C1
2327.073459,1076.409169,2328.073459,C2
2031.985126,1701.143287,2032.985126,C2
789.539247,574.8463033,790.539247,C1
708.3100171,306.813163,709.3100171,C1
789.4150581,424.5463343,790.4150581,C1
1062.872646,373.1996444,1063.872646,C1
2418.521389,1446.11427,2419.521389,C2
-83.0958037,-200.1466116,84.0958037,C0
2008.813297,1954.669341,2009.813297,C2
2213.407789,1658.564361,2214.407789,C2
665.746873,387.7729241,666.746873,C1
114.6116501,58.31758802,115.6116501,C0
835.4878784,597.2089375,836.4878784,C1
123.8246005,50.55982361,124.8246005,C0
2049.042797,1887.10531,2050.042797,C2
2225.890883,953.921117,2226.890883,C2
-47.9314899,-31.72729225,48.9314899,C0
2245.927346,1687.513365,2246.927346,C2
905.8929285,508.5018318,906.8929285,C1
-0.5494332172,-82.68240442,1.549433217,C0
859.3721427,502.3932641,860.3721427,C1
28.18082777,127.399412,29.18082777,C0
-173.8356113,57.2365239,174.8356113,C0
396.3893436,405.5291828,397.3893436,C1
2379.750668,1893.861042,2380.750668,C2
63.52906426,-63.13783535,64.52906426,C0
2404.689983,1513.298282,2405.689983,C2
729.9637274,380.1116911,730.9637274,C1
114.8583456,-57.2183316,115.8583456,C0
2276.250601,1657.825161,2277.250601,C2
549.3890388,546.679373,550.3890388,C1
-12.2255447,77.52632507,13.2255447,C0
486.3090574,395.1109318,487.3090574,C1
1985.976034,1346.414165,1986.976034,C2
-96.56546257,113.2626689,97.56546257,C0
-121.3783352,4.249241148,122.3783352,C0
0.7723304825,63.65915732,1.772330482,C0
442.2887873,539.2464743,443.2887873,C1
464.2897383,518.67254,465.2897383,C1
2295.225156,1611.624615,2296.225156,C2
448.0864943,419.0598808,449.0864943,C1
2290.702551,2051.783572,2291.702551,C2
690.5024519,426.7033493,691.5024519,C1
409.9126191,317.2613573,410.9126191,C1
775.1642866,485.8060887,776.1642866,C1
-61.33043839,8.562449191,62.33043839,C0
919.1155234,430.9655465,920.1155234,C1
-27.96568811,-138.2588327,28.96568811,C0
71.58663569,188.0152042,72.58663569,C0
833.5614827,357.108638,834.5614827,C1
753.2036281,466.8292134,754.2036281,C1
2040.586809,1387.468527,2041.586809,C2
415.0700158,256.7763234,416.0700158,C1
-63.55289946,-2.922249513,64.55289946,C0
1901.883469,1813.174952,1902.883469,C2
800.2053871,429.1609846,801.2053871,C1
-153.5423802,78.31567428,154.5423802,C0
-76.33679963,-154.0831653,77.33679963,C0
24.23168061,-18.62506949,25.23168061,C0
-146.5946576,-180.7387379,147.5946576,C0
1983.626409,1479.202853,1984.626409,C2
1798.304435,1616.878654,1799.304435,C2
130.5664228,228.0657701,131.5664228,C0
872.6532231,478.4425121,873.6532231,C1
808.6973375,344.9424349,809.6973375,C1
1808.837748,1838.59677,1809.837748,C2
780.2050905,407.6264198,781.2050905,C1
2244.071269,1218.969798,2245.071269,C2
6.227911333,-71.88082792,7.227911333,C0
2026.077492,1980.178509,2027.077492,C2
87.82095773,-14.0446764,88.82095773,C0
2440.209831,1609.698795,2441.209831,C2
-16.75389342,-76.48993459,17.75389342,C0
142.5513549,122.6465062,143.5513549,C0
122.5970043,75.03483469,123.5970043,C0
0.9482125728,-39.15450352,1.948212573,C0
128.7440781,118.7309694,129.7440781,C0
730.7087541,504.9400812,731.7087541,C1
1669.069793,1389.553886,1670.069793,C2
496.1794811,358.555704,497.1794811,C1
767.7998405,386.668995,768.7998405,C1
804.1507603,482.3670777,805.1507603,C1
1800.283389,1730.118795,1801.283389,C2
879.0259563,404.359506,880.0259563,C1
690.1360807,425.0759344,691.1360807,C1
56.40486768,106.938239,57.40486768,C0
-24.92406643,27.0736002,25.92406643,C0
1833.854969,1709.606223,1834.854969,C2
21.6736434,-6.983377962,22.6736434,C0
796.8264816,554.3314155,797.8264816,C1
1823.958205,1847.962333,1824.958205,C2
944.3558767,373.4805998,945.3558767,C1
1698.344515,1763.370464,1699.344515,C2
656.0724433,498.3117187,657.0724433,C1
31.83642577,-58.57415401,32.83642577,C0
578.21916,538.3036942,579.21916,C1
57.98643491,-94.87677581,58.98643491,C0
-23.4921955,57.73178647,24.4921955,C0
650.9985285,581.2689404,651.9985285,C1
739.7179228,545.8611323,740.7179228,C1
2034.063669,1307.269685,2035.063669,C2
-215.4131014,82.62222447,216.4131014,C0
2802.876675,1434.45573,2803.876675,C2
834.2862771,509.085658,835.2862771,C1
803.3313464,466.8230341,804.3313464,C1
767.9588428,319.2426013,768.9588428,C1
587.2011181,541.2227576,588.2011181,C1
597.8572851,652.6522053,598.8572851,C1
2093.844857,1293.936808,2094.844857,C2
70.23923081,-16.31160183,71.23923081,C0
-245.5766189,147.2268637,246.5766189,C0
36.6130761,28.6409578,37.6130761,C0
2341.736674,1460.292994,2342.736674,C2
1684.797367,1614.930933,1685.797367,C2
-20.08572321,23.8484313,21.08572321,C0
2171.196009,1406.030628,2172.196009,C2
1985.606056,1820.688872,1986.606056,C2
951.8323897,575.2664506,952.8323897,C1
2038.756033,1327.460188,2039.756033,C2
862.566778,397.1639498,863.566778,C1
1879.313323,1451.323765,1880.313323,C2
1755.001823,1656.348241,1756.001823,C2
62.39558407,-83.87197577,63.39558407,C0
-116.8127601,-56.36949098,117.8127601,C0
879.3751447,327.5120722,880.3751447,C1
1993.310197,1915.263609,1994.310197,C2
853.1035433,466.2986115,854.1035433,C1
1952.842459,1894.434686,1953.842459,C2
2275.525071,1635.85258,2276.525071,C2
644.7307872,373.9724286,645.7307872,C1
18.7856744,-98.93822524,19.7856744,C0
640.4778681,581.7128101,641.4778681,C1
-59.48179903,28.85763347,60.48179903,C0
531.6394711,623.8726041,532.6394711,C1
2153.423654,1162.985877,2154.423654,C2
2208.300417,1976.543153,2209.300417,C2
-31.15561203,72.19296522,32.15561203,C0
2501.904417,1981.91247,2502.904417,C2
1933.402707,1278.834428,1934.402707,C2
876.5910162,554.6125301,877.5910162,C1
2108.269482,1773.449907,2109.269482,C2
897.1478411,407.371323,898.1478411,C1
2081.792377,1883.873667,2082.792377,C2
716.2859294,545.4796053,717.2859294,C1
735.9337317,243.3776405,736.9337317,C1
1965.169207,1572.164076,1966.169207,C2
2424.792165,1249.896274,2425.792165,C2
-17.21651628,89.89946465,18.21651628,C0
925.0147934,624.6361752,926.0147934,C1
2027.693653,1909.184949,2028.693653,C2
889.8298747,491.3115807,890.8298747,C1
1929.19607,1334.097665,1930.19607,C2
-48.56190042,75.04502931,49.56190042,C0
-22.01108176,-177.8453831,23.01108176,C0
657.7727626,234.6464335,658.7727626,C1
169.3892563,19.95957323,170.3892563,C0
707.7704526,361.4654499,708.7704526,C1
2195.864032,1970.627389,2196.864032,C2
49.29536757,-2.612618298,50.29536757,C0
104.9785686,116.1811016,105.9785686,C0
769.9034227,620.2867381,770.9034227,C1
2219.945608,1510.389525,2220.945608,C2
20.04783976,-167.4776409,21.04783976,C0
-8.855128649,-24.24782507,9.855128649,C0
659.3468656,606.720696,660.3468656,C1
-35.47691242,28.24133482,36.47691242,C0
1782.031836,1724.042766,1783.031836,C2
755.5181654,375.4524561,756.5181654,C1
2247.475305,1428.631929,2248.475305,C2
17.40085932,77.55717248,18.40085932,C0
1835.026126,1504.194601,1836.026126,C2
913.7894409,381.501997,914.7894409,C1
719.7138877,397.1996623,720.7138877,C1
56.24063743,-4.497643835,57.24063743,C0
755.207358,515.4763505,756.207358,C1
2078.423009,1143.575388,2079.423009,C2
491.8035065,571.8754974,492.8035065,C1
742.8037972,557.1199017,743.8037972,C1
-36.74125803,6.436601348,37.74125803,C0
1834.457583,1316.148261,1835.457583,C2
752.8568354,533.425679,753.8568354,C1
174.6041705,64.64574914,175.6041705,C0
-34.34630459,-21.15827898,35.34630459,C0
787.5708625,547.4518996,788.5708625,C1
946.2695155,358.3103018,947.2695155,C1
959.3907709,241.9031327,960.3907709,C1
11.75941698,-182.1840398,12.75941698,C0
2327.167963,1719.627424,2328.167963,C2
743.4966834,424.9876491,744.4966834,C1
701.1707084,368.501213,702.1707084,C1
2059.978677,1357.643501,2060.978677,C2
2278.249388,1982.206663,2279.249388,C2
-147.5157814,-48.40964164,148.5157814,C0
2120.137752,1580.500294,2121.137752,C2
-77.2104557,-168.814762,78.2104557,C0
1963.04398,1807.635137,1964.04398,C2
1752.513738,1140.179961,1753.513738,C2
1716.380491,1577.978052,1717.380491,C2
2258.322282,1501.248909,2259.322282,C2
1962.286571,1445.919672,1963.286571,C2
681.6327594,425.5109286,682.6327594,C1
1924.234473,1728.80768,1925.234473,C2
2189.240673,1778.065945,2190.240673,C2
2407.168788,1530.263343,2408.168788,C2
1777.105397,1384.89097,1778.105397,C2
694.4060457,462.3540712,695.4060457,C1
2113.910493,1581.557428,2114.910493,C2
749.5259531,445.6809776,750.5259531,C1
2242.518637,1127.72496,2243.518637,C2
74.57715263,75.54278995,75.57715263,C0
2098.337658,1574.912266,2099.337658,C2
-40.69817573,-37.42647083,41.69817573,C0
61.0625297,-59.69035925,62.0625297,C0
2578.201663,1232.468053,2579.201663,C2
661.7742776,367.5179035,662.7742776,C1
834.7829723,383.8961395,835.7829723,C1
-64.93377428,-18.75326832,65.93377428,C0
-171.4959085,238.3839176,172.4959085,C0
813.7785158,504.1176121,814.7785158,C1
697.9006741,480.3372128,698.9006741,C1
-91.75716095,157.3876681,92.75716095,C0
73.04407287,-125.8211509,74.04407287,C0
785.6490627,467.0026536,786.6490627,C1
218.4722626,-76.43314116,219.4722626,C0
575.4938183,413.3222635,576.4938183,C1
2495.82873,1503.662427,2496.82873,C2
1847.130642,1625.427641,1848.130642,C2
793.7018021,732.8156639,794.7018021,C1
2290.98018,1308.160852,2291.98018,C2
192.7001827,-5.189233506,193.7001827,C0
1850.645193,1505.171845,1851.645193,C2
1994.460257,1970.706534,1995.460257,C2
2050.789617,1649.503337,2051.789617,C2
-108.4853306,-110.2610543,109.4853306,C0
-84.83734701,269.2203442,85.83734701,C0
33.1763105,-52.06085981,34.1763105,C0
-36.46914648,56.37231494,37.46914648,C0
38.15829948,-23.58801618,39.15829948,C0
781.6667947,559.5661241,782.6667947,C1
282.956639,-69.63372824,283.956639,C0
525.670536,360.2374046,526.670536,C1
758.1052193,337.9808482,759.1052193,C1
705.1350168,499.0143433,706.1350168,C1
1686.258271,1426.963211,1687.258271,C2
-16.72262257,149.7813529,17.72262257,C0
15.89903245,-5.887699148,16.89903245,C0
-201.4825723,-196.9929613,202.4825723,C0
128.0468965,114.2883347,129.0468965,C0
-107.7595792,-56.22583993,108.7595792,C0
664.4646835,604.0342568,665.4646835,C1
-44.98750996,117.3568441,45.98750996,C0
1874.940496,1636.44658,1875.940496,C2
446.9642596,535.3949203,447.9642596,C1
45.88916293,-210.0593789,46.88916293,C0
817.9949117,433.3645665,818.9949117,C1
5.362663078,90.04542483,6.362663078,C0
42.73027352,-25.76836525,43.73027352,C0
2341.97037,1040.4838,2342.97037,C2
32.76698278,-190.8579431,33.76698278,C0
904.7113124,379.6882684,905.7113124,C1
614.6301477,463.3898485,615.6301477,C1
820.3731771,256.1475063,821.3731771,C1
755.6298194,290.3442716,756.6298194,C1
1601.659992,1075.855826,1602.659992,C2
-76.25022034,71.82778139,77.25022034,C0
1992.623863,1684.265696,1993.623863,C2
24.05449746,88.26938263,25.05449746,C0
679.8323831,570.6814092,680.8323831,C1
801.835242,441.2838054,802.835242,C1
-196.9440245,-48.32406542,197.9440245,C0
557.1674691,414.9094779,558.1674691,C1
2062.291186,1629.065194,2063.291186,C2
-102.209868,100.4642609,103.209868,C0
615.1163191,607.1142845,616.1163191,C1
2351.157132,1956.132871,2352.157132,C2
507.1886628,504.1246029,508.1886628,C1
36.20921387,46.39924753,37.20921387,C0
701.6231231,478.354541,702.6231231,C1
-225.8036188,106.5284198,226.8036188,C0
437.7768723,375.3702043,438.7768723,C1
671.770654,528.9169089,672.770654,C1
500.9726757,474.1318909,501.9726757,C1
-113.8018288,-238.3676042,114.8018288,C0
-158.0938236,-66.64449689,159.0938236,C0
849.8816396,239.739875,850.8816396,C1
579.1365274,623.7069075,580.1365274,C1
756.5359574,655.6395844,757.5359574,C1
740.290655,350.4713868,741.290655,C1
915.8919426,512.8446986,916.8919426,C1
17.91287568,97.6786972,18.91287568,C0
754.3221884,416.9229408,755.3221884,C1
2126.824087,1804.217064,2127.824087,C2
387.2436451,454.4206647,388.2436451,C1
2412.301891,1638.953026,2413.301891,C2
232.2420425,47.19157819,233.2420425,C0
2152.460559,1335.583761,2153.460559,C2
1792.146462,1755.98775,1793.146462,C2
2162.786478,1177.528194,2163.786478,C2
2212.944055,1665.664007,2213.944055,C2
1864.679619,1063.765698,1865.679619,C2
1753.162771,1159.163234,1754.162771,C2
864.1233085,482.7507171,865.1233085,C1
13.91023395,-101.9714623,14.91023395,C0
2209.825628,1716.542348,2210.825628,C2
2008.93116,1094.414613,2009.93116,C2
535.002898,279.0687793,536.002898,C1
563.3947954,343.2724319,564.3947954,C1
2240.463226,1334.076583,2241.463226,C2
2072.140041,1383.732775,2073.140041,C2
2250.690179,1501.284243,2251.690179,C2
-7.756771535,-58.55678416,8.756771535,C0
2446.673188,1811.467167,2447.673188,C2
869.9999538,712.1722417,870.9999538,C1
-186.0245171,-133.9445565,187.0245171,C0
-2.040524417,49.93620273,3.040524417,C0
1832.540806,1559.942502,1833.540806,C2
-45.06631663,-124.7675416,46.06631663,C0
569.9590866,479.3873927,570.9590866,C1
1583.476809,1373.706267,1584.476809,C2
825.8060005,323.0861495,826.8060005,C1
48.08359253,-26.64306901,49.08359253,C0
2242.135342,1512.748342,2243.135342,C2
426.2174697,448.5150542,427.2174697,C1
-63.94379512,-92.27087029,64.94379512,C0
31.50164838,91.27246396,32.50164838,C0
601.6167975,509.245502,602.6167975,C1
62.37071518,5.064573954,63.37071518,C0
715.018493,613.1556902,716.018493,C1
760.567827,519.5111562,761.567827,C1
600.9501249,574.7111915,601.9501249,C1
2331.128975,1379.612948,2332.128975,C2
559.3202257,467.7910324,560.3202257,C1
433.8908312,413.5742947,434.8908312,C1
2130.742119,1658.133733,2131.742119,C2
-34.06044611,-183.9813236,35.06044611,C0
167.633659,-77.11059784,168.633659,C0
2235.032941,1508.679747,2236.032941,C2
-83.39365977,-19.48779811,84.39365977,C0
120.1249256,-93.25218399,121.1249256,C0
2060.367939,1418.756775,2061.367939,C2
-71.9126698,-88.74916938,72.9126698,C0
132.9461375,-43.20824826,133.9461375,C0
1693.573707,1624.057308,1694.573707,C2
1739.444787,1946.470469,1740.444787,C2
824.4460732,401.2521141,825.4460732,C1
1994.375424,1952.576939,1995.375424,C2
2140.00615,1914.287121,2141.00615,C2
-40.71181841,-115.7382342,41.71181841,C0
-104.9295108,79.45825731,105.9295108,C0
2224.050188,1670.292495,2225.050188,C2
625.6738513,296.9174894,626.6738513,C1
841.6371699,552.7192746,842.6371699,C1
2399.15687,1513.941669,2400.15687,C2
39.16065451,-70.37841103,40.16065451,C0
40.32232492,205.2945181,41.32232492,C0
1992.305283,1414.367511,1993.305283,C2
536.8868519,596.2445348,537.8868519,C1
2003.047755,1716.443586,2004.047755,C2
853.876312,510.5087873,854.876312,C1
359.2572819,403.1045798,360.2572819,C1
-42.08551059,18.93189635,43.08551059,C0
30.33050883,42.77704223,31.33050883,C0
785.0417477,261.4277571,786.0417477,C1
2331.092585,1477.415094,2332.092585,C2
-138.383105,17.8988484,139.383105,C0
719.6972943,521.0203889,720.6972943,C1
2108.184376,1824.835032,2109.184376,C2
-87.14781082,164.4680117,88.14781082,C0
501.3604784,506.5124596,502.3604784,C1
1567.573345,1621.558536,1568.573345,C2
397.9853202,628.8074495,398.9853202,C1
683.268698,422.3092448,684.268698,C1
550.1439067,444.707754,551.1439067,C1
1751.304484,1324.151904,1752.304484,C2
759.4570496,694.2720078,760.4570496,C1
2347.27336,2164.087267,2348.27336,C2
282.9768268,-110.0117129,283.9768268,C0
846.2859944,436.3700506,847.2859944,C1
2680.718734,1559.653054,2681.718734,C2
2305.550374,1673.937554,2306.550374,C2
168.3156526,-11.62026338,169.3156526,C0
638.5140043,472.2332052,639.5140043,C1
15.21021135,168.0718401,16.21021135,C0
121.4458225,-18.66340087,122.4458225,C0
898.6503015,249.4461437,899.6503015,C1
-142.0020579,68.8921681,143.0020579,C0
-42.40533037,-199.0785207,43.40533037,C0
2582.309986,1402.071704,2583.309986,C2
-82.14074497,-171.866598,83.14074497,C0
682.4571744,495.5330526,683.4571744,C1
658.253893,336.5408011,659.253893,C1
1825.848526,1964.8311,1826.848526,C2
1855.727296,1986.836323,1856.727296,C2
-234.5168097,-99.91223382,235.5168097,C0
2241.31453,1548.842279,2242.31453,C2
15.18448346,-56.68342888,16.18448346,C0
1100.914851,411.0298771,1101.914851,C1
-35.8323302,-108.2816126,36.8323302,C0
716.135102,252.5570581,717.135102,C1
2320.056711,1705.192874,2321.056711,C2
2268.90786,1229.175888,2269.90786,C2
2087.573572,1837.360005,2088.573572,C2
699.283527,409.0365892,700.283527,C1
2116.553981,1506.950542,2117.553981,C2
2282.752299,1611.153852,2283.752299,C2
683.5520727,353.6780633,684.5520727,C1
2096.250127,1598.556999,2097.250127,C2
2192.349173,1232.825192,2193.349173,C2
435.3415235,365.9351446,436.3415235,C1
17.65864985,-7.523680828,18.65864985,C0
2201.402188,1317.404805,2202.402188,C2
73.44451931,22.72195626,74.44451931,C0
793.6055353,658.1194692,794.6055353,C1
854.8172094,413.5124317,855.8172094,C1
828.6158208,349.7796733,829.6158208,C1
2053.659677,1715.067123,2054.659677,C2
69.22868425,-189.6861209,70.22868425,C0
466.9884639,492.5627008,467.9884639,C1
-22.41220122,-94.52032198,23.41220122,C0
2445.609119,1576.984554,2446.609119,C2
-51.34964963,-68.56047749,52.34964963,C0
2085.502713,1309.013679,2086.502713,C2
805.7935318,678.1996273,806.7935318,C1
-169.2355494,5.281645896,170.2355494,C0
36.86006674,83.65661224,37.86006674,C0
2138.81263,1760.665796,2139.81263,C2
-86.61429205,-13.7249998,87.61429205,C0
2019.879442,1325.28874,2020.879442,C2
189.5052169,-152.8697067,190.5052169,C0
23.60367737,18.71170119,24.60367737,C0
515.6067616,608.7478417,516.6067616,C1
41.29385678,93.45872733,42.29385678,C0
676.803709,366.7998228,677.803709,C1
1682.618217,1458.566936,1683.618217,C2
1579.938815,1655.69172,1580.938815,C2
760.1426311,332.6609968,761.1426311,C1
-141.297781,-112.3116072,142.297781,C0
2371.684956,1544.079203,2372.684956,C2
595.5974701,334.6133009,596.5974701,C1
-81.40523266,-108.5480408,82.40523266,C0
424.2808672,554.4419062,425.2808672,C1
1776.867579,2042.692037,1777.867579,C2
1935.802548,1755.661329,1936.802548,C2
-12.6461737,125.3428525,13.6461737,C0
1571.448646,1553.581337,1572.448646,C2
1839.922086,1583.583655,1840.922086,C2
860.4058302,634.7836574,861.4058302,C1
183.1007585,90.45981282,184.1007585,C0
-68.14138776,-11.20235545,69.14138776,C0
1796.47448,1672.044549,1797.47448,C2
646.5284444,300.9232491,647.5284444,C1
1597.425634,1829.591144,1598.425634,C2
58.19691163,-90.1165399,59.19691163,C0
748.1212747,495.0080935,749.1212747,C1
701.0076705,271.5981075,702.0076705,C1
-104.9196351,69.82906582,105.9196351,C0
1865.742837,1725.509851,1866.742837,C2
442.3978848,569.3253855,443.3978848,C1
-138.2190841,157.3926248,139.2190841,C0
847.3689049,409.0823506,848.3689049,C1
-128.8209916,2.215191047,129.8209916,C0
911.0475293,621.1216215,912.0475293,C1
1981.35294,1771.168007,1982.35294,C2
1905.58481,1762.848871,1906.58481,C2
1844.681605,1392.461339,1845.681605,C2
-133.6202443,27.14960935,134.6202443,C0
-44.00198555,101.4427101,45.00198555,C0
34.54945913,165.0398543,35.54945913,C0
699.4206653,537.0054552,700.4206653,C1
451.2469826,313.5154611,452.2469826,C1
886.5122077,531.3854575,887.5122077,C1
611.9158132,587.1398374,612.9158132,C1
618.6750412,454.0319953,619.6750412,C1
-37.20205888,-83.39217348,38.20205888,C0
-174.2554115,139.9869643,175.2554115,C0
522.2237128,513.3948138,523.2237128,C1
-171.7332698,24.00377079,172.7332698,C0
2330.402093,1736.376584,2331.402093,C2
-204.7778575,78.36107145,205.7778575,C0
2514.213822,1750.512678,2515.213822,C2
94.93918128,12.5644519,95.93918128,C0
772.4203962,487.1363369,773.4203962,C1
2235.136448,1178.365957,2236.136448,C2
90.16067272,97.00703365,91.16067272,C0
-20.05373468,15.08591547,21.05373468,C0
63.79877501,93.99851173,64.79877501,C0
572.5090147,447.9768552,573.5090147,C1
2270.041909,1872.901716,2271.041909,C2
600.9592861,458.876342,601.9592861,C1
390.5532094,558.0471589,391.5532094,C1
724.9291424,367.763221,725.9291424,C1
2273.492826,2118.231239,2274.492826,C2
-4.496418752,116.5084162,5.496418752,C0
2023.090046,1251.305549,2024.090046,C2
709.6446834,356.5716108,710.6446834,C1
-78.3893907,-153.6701753,79.3893907,C0
496.0850708,355.1578301,497.0850708,C1
2226.551742,1343.872215,2227.551742,C2
1984.847184,1483.557767,1985.847184,C2
882.8611492,533.2114827,883.8611492,C1
-27.67333098,26.68969766,28.67333098,C0
2193.032064,1366.17661,2194.032064,C2
584.4122981,384.1438561,585.4122981,C1
1746.333878,1887.792336,1747.333878,C2
823.0248037,302.9067048,824.0248037,C1
513.9929138,508.0014123,514.9929138,C1
2112.133523,1340.04097,2113.133523,C2
388.9512163,461.3677638,389.9512163,C1
124.1487357,65.78622733,125.1487357,C0
534.8209236,366.1904437,535.8209236,C1
-32.07676424,-40.24555236,33.07676424,C0
494.0463688,296.6236413,495.0463688,C1
1906.910251,1691.365631,1907.910251,C2
2205.640226,1381.78133,2206.640226,C2
-15.91549711,-104.7015962,16.91549711,C0
-20.3765283,-83.30138664,21.3765283,C0
2440.443782,1430.998063,2441.443782,C2
666.4114671,438.4095846,667.4114671,C1
2203.521831,2076.855696,2204.521831,C2
2155.73281,1362.871197,2156.73281,C2
-11.25148446,70.84225524,12.25148446,C0
76.49989018,131.7437464,77.49989018,C0
563.7608364,342.9381926,564.7608364,C1
2205.543694,1791.752484,2206.543694,C2
888.3633544,468.0239824,889.3633544,C1
239.7157112,-206.3855105,240.7157112,C0
24.90297711,173.6318252,25.90297711,C0
40.95972587,127.2659739,41.95972587,C0
-25.31101586,-47.52031717,26.31101586,C0
59.72005846,6.390263285,60.72005846,C0
2478.321823,1860.830291,2479.321823,C2
-86.77101954,15.40049049,87.77101954,C0
2581.821365,1530.057171,2582.821365,C2
1016.78256,537.9843841,1017.78256,C1
-268.2133299,179.5242337,269.2133299,C0
519.5490465,216.9860385,520.5490465,C1
1619.86736,1332.353616,1620.86736,C2
483.1147155,606.5932597,484.1147155,C1
-128.319706,-0.4490897342,129.319706,C0
-48.75033189,122.5469933,49.75033189,C0
335.6660072,420.7280047,336.6660072,C1
1813.399672,1922.354305,1814.399672,C2
2034.00064,1545.881406,2035.00064,C2
366.0327365,511.4742814,367.0327365,C1
807.9482491,719.4241344,808.9482491,C1
1732.321234,1406.073555,1733.321234,C2
76.28254361,-104.0086125,77.28254361,C0
26.79699698,58.1907814,27.79699698,C0
2091.269512,1573.403846,2092.269512,C2
-128.0023102,79.87014712,129.0023102,C0
-267.0123675,62.08948664,268.0123675,C0
894.2125875,653.7587675,895.2125875,C1
543.0077883,465.4481768,544.0077883,C1
2053.366704,1996.099337,2054.366704,C2
358.3304823,153.8251196,359.3304823,C0
624.4244963,493.2037018,625.4244963,C1
701.061234,410.8124546,702.061234,C1
739.0461712,489.7569425,740.0461712,C1
2467.980658,1532.500914,2468.980658,C2
-6.96502532,-112.3817229,7.96502532,C0
65.46630938,32.04842399,66.46630938,C0
1951.735363,1811.721047,1952.735363,C2
-53.10555113,30.4066646,54.10555113,C0
402.1500384,542.6080262,403.1500384,C1
2192.551642,1529.112219,2193.551642,C2
2325.242306,1973.570851,2326.242306,C2
1611.064102,2051.391286,1612.064102,C2
767.3312888,406.2598542,768.3312888,C1
2372.636213,1572.612803,2373.636213,C2
745.1099462,444.3842007,746.1099462,C1
9.304912938,61.59008076,10.30491294,C0
222.4613588,10.63433196,223.4613588,C0
2115.971336,1795.08025,2116.971336,C2
2168.341981,1588.651365,2169.341981,C2
412.6264047,327.2879217,413.6264047,C1
2186.354993,1786.141732,2187.354993,C2
659.6438079,597.8670154,660.6438079,C1
3.710841741,-112.0572646,4.710841741,C0
8.427738088,-59.22553087,9.427738088,C0
2320.531442,1698.915399,2321.531442,C2
180.5300696,-8.951014636,181.5300696,C0
-29.50957567,41.82286974,30.50957567,C0
537.6845857,432.5852073,538.6845857,C1
1858.076166,1623.464403,1859.076166,C2
-25.87232619,-25.35440272,26.87232619,C0
581.4757036,640.3918567,582.4757036,C1
559.6475473,547.239351,560.6475473,C1
166.6481173,-42.07356234,167.6481173,C0
-149.9821755,71.67168218,150.9821755,C0
2550.600435,1726.064623,2551.600435,C2
982.9232143,254.9001913,983.9232143,C1
219.5657124,21.06678001,220.5657124,C0
-45.34634226,-59.65107473,46.34634226,C0
-228.8196774,42.6562419,229.8196774,C0
591.1737086,332.2724682,592.1737086,C1
2118.553413,1765.046614,2119.553413,C2
-169.8427143,-187.6774009,170.8427143,C0
2132.466626,1308.42529,2133.466626,C2
-73.54321965,-55.82292861,74.54321965,C0
2068.66655,1274.364481,2069.66655,C2
-71.48096055,52.56995288,72.48096055,C0
-38.38530003,122.3520115,39.38530003,C0
700.001683,488.5870948,701.001683,C1
1911.962631,1516.586346,1912.962631,C2
1757.464599,1723.151751,1758.464599,C2
699.930209,391.4209912,700.930209,C1
901.5879368,255.3215748,902.5879368,C1
837.5644577,378.6081856,838.5644577,C1
-166.7249642,-117.2640288,167.7249642,C0
823.9849551,327.3523011,824.9849551,C1
107.0704093,-166.1582808,108.0704093,C0
2004.218164,1982.835624,2005.218164,C2
652.6463867,462.7226592,653.6463867,C1
803.3589276,398.4390307,804.3589276,C1
2160.684688,1395.627375,2161.684688,C2
-64.12586985,-203.3119456,65.12586985,C0
723.7949584,249.0284725,724.7949584,C1
2545.152345,1489.974526,2546.152345,C2
1894.456028,1462.306209,1895.456028,C2
2263.406521,1938.689243,2264.406521,C2
-57.97139271,7.672254313,58.97139271,C0
-97.94058285,12.09208663,98.94058285,C0
80.04928911,36.05660374,81.04928911,C0
616.9484078,308.4609656,617.9484078,C1
-220.0535795,-70.93380822,221.0535795,C0
193.5588018,-51.07833478,194.5588018,C0
132.2542236,-195.9621093,133.2542236,C0
2552.911591,1462.148494,2553.911591,C2
601.7960915,401.7026242,602.7960915,C1
40.58579532,85.92319783,41.58579532,C0
867.3382276,523.1390169,868.3382276,C1
788.4101397,319.5501837,789.4101397,C1
63.5408651,21.35015002,64.5408651,C0
2530.218504,1495.903883,2531.218504,C2
4.386582985,-38.32829831,5.386582985,C0
-107.4969983,21.31809,108.4969983,C0
824.3732023,432.0394112,825.3732023,C1
1900.056943,1719.472171,1901.056943,C2
1749.531796,1342.978227,1750.531796,C2
523.4255482,319.5734491,524.4255482,C1
0.9533415768,57.42581647,1.953341577,C0
2179.843613,1547.009261,2180.843613,C2
2757.28629,2033.990909,2758.28629,C2
-168.4953821,-134.5303101,169.4953821,C0
639.9964642,388.6090326,640.9964642,C1
2052.171015,1561.708827,2053.171015,C2
724.9212578,452.0776628,725.9212578,C1
2142.476715,1570.197905,2143.476715,C2
50.87824059,47.02371196,51.87824059,C0
2164.62437,1410.8475,2165.62437,C2
614.7010966,265.1848781,615.7010966,C1
75.42768855,-16.46674404,76.42768855,C0
854.2063962,617.8542036,855.2063962,C1
-40.28295694,72.48095853,41.28295694,C0
1868.810138,1804.972942,1869.810138,C2
187.1892495,614.4088047,188.1892495,C1
58.838979,-66.13395045,59.838979,C0
2100.54873,1654.197063,2101.54873,C2
2015.621551,2091.536989,2016.621551,C2
734.2485134,479.3635386,735.2485134,C1
1989.020689,1758.772437,1990.020689,C2
-77.91266545,-12.63795252,78.91266545,C0
231.300547,33.92536172,232.300547,C0
807.1197245,296.143683,808.1197245,C1
2078.284476,1951.689492,2079.284476,C2
-153.934923,-33.68859993,154.934923,C0
1857.940289,1709.293782,1858.940289,C2
2319.853985,1389.985165,2320.853985,C2
-137.8646224,-161.2483361,138.8646224,C0
39.8615792,-60.78189517,40.8615792,C0
1862.700463,1828.34247,1863.700463,C2
2608.682254,1586.068834,2609.682254,C2
15.36289275,120.3601962,16.36289275,C0
642.044188,399.7358899,643.044188,C1
121.7706521,169.55983,122.7706521,C0
1823.293196,1772.780212,1824.293196,C2
2107.125444,1503.467623,2108.125444,C2
752.4272512,496.8858037,753.4272512,C1
1927.657812,1896.301258,1928.657812,C2
108.95107,-99.79221828,109.95107,C0
797.3784587,431.4497585,798.3784587,C1
613.0075659,508.5639374,614.0075659,C1
1928.907589,1976.788144,1929.907589,C2
645.5979393,147.6454954,646.5979393,C1
1602.238417,1427.888664,1603.238417,C2
802.2926096,402.3163969,803.2926096,C1
1937.985371,2019.429061,1938.985371,C2
-75.5023901,7.591774272,76.5023901,C0
794.1135339,352.6028987,795.1135339,C1
811.6044529,537.5322121,812.6044529,C1
764.7662473,456.2247871,765.7662473,C1
658.9176358,636.6765161,659.9176358,C1
847.2407237,680.3463896,848.2407237,C1
1597.909916,1231.136851,1598.909916,C2
1907.420481,1906.17048,1908.420481,C2
792.9707796,509.6527568,793.9707796,C1
494.3324992,429.403904,495.3324992,C1
552.0953483,559.2312375,553.0953483,C1
2360.304673,1260.43704,2361.304673,C2
1913.679286,1788.717898,1914.679286,C2
712.244015,294.4905223,713.244015,C1
814.1485675,527.6987856,815.1485675,C1
699.0123389,722.4795393,700.0123389,C1
845.0742885,446.4621048,846.0742885,C1
2.702808842,96.26083962,3.702808842,C0
1044.266228,423.8008032,1045.266228,C1
239.0720356,-20.9101561,240.0720356,C0
1923.827302,1575.697319,1924.827302,C2
32.97512643,-89.66429837,33.97512643,C0
2256.905423,1353.173018,2257.905423,C2
150.2273831,-67.96384173,151.2273831,C0
209.1251751,20.83931292,210.1251751,C0
2348.646433,1682.888619,2349.646433,C2
-65.30517489,-53.09373452,66.30517489,C0
2005.165714,1516.50191,2006.165714,C2
2203.417594,1796.279631,2204.417594,C2
1950.56278,1552.55526,1951.56278,C2
2267.227372,1571.513632,2268.227372,C2
750.1436572,318.0026654,751.1436572,C1
119.347918,-54.15872258,120.347918,C0
792.8682297,548.0611602,793.8682297,C1
619.7859929,561.3444588,620.7859929,C1
374.3511502,594.7303772,375.3511502,C1
603.391277,482.0943523,604.391277,C1
-80.85300458,85.13602104,81.85300458,C0
2152.243648,1653.587267,2153.243648,C2
-195.6402888,-22.39473653,196.6402888,C0
67.52102088,20.1021336,68.52102088,C0
1986.579989,1186.219708,1987.579989,C2
141.4936449,-90.17895013,142.4936449,C0
478.1563257,348.1530262,479.1563257,C1
34.59053716,48.81197598,35.59053716,C0
-181.6231234,51.01702083,182.6231234,C0
2364.067773,1539.995391,2365.067773,C2
829.0149439,495.030122,830.0149439,C1
693.6457735,489.1003144,694.6457735,C1
144.1332064,-67.55971881,145.1332064,C0
2122.30688,1687.082777,2123.30688,C2
1765.649805,1165.753245,1766.649805,C2
122.4478951,-119.4994223,123.4478951,C0
2244.353552,1641.740685,2245.353552,C2
729.4997345,279.1567517,730.4997345,C1
774.0398628,392.715931,775.0398628,C1
1965.015786,1565.836623,1966.015786,C2
876.8178508,441.1997655,877.8178508,C1
1523.534792,1840.686119,1524.534792,C2
1767.84318,1822.925331,1768.84318,C2
2508.632398,1763.09052,2509.632398,C2
974.7110124,469.2922583,975.7110124,C1
807.7814432,536.3656078,808.7814432,C1
1747.210742,1194.92367,1748.210742,C2
522.194664,561.3261563,523.194664,C1
648.3814179,616.3877224,649.3814179,C1
-119.1901523,-103.4953369,120.1901523,C0
895.87897,526.0723498,896.87897,C1
1824.800089,1771.355038,1825.800089,C2
-174.5879897,-43.93729747,175.5879897,C0
2130.790238,1595.568962,2131.790238,C2
1751.074502,1582.774856,1752.074502,C2
632.0806389,459.6547908,633.0806389,C1
998.9773014,590.7173026,999.9773014,C1
58.55336817,-92.28646164,59.55336817,C0
2296.250197,1791.648356,2297.250197,C2
-8.885775684,104.3767284,9.885775684,C0
32.66297799,-61.73133692,33.66297799,C0
116.5444035,-167.5220994,117.5444035,C0
592.1054626,566.0495914,593.1054626,C1
659.970043,189.6266227,660.970043,C1
696.8610542,463.0028064,697.8610542,C1
689.8373782,443.4712527,690.8373782,C1
893.9864299,467.407014,894.9864299,C1
162.8963716,-50.15099179,163.8963716,C0
2462.43064,1873.81058,2463.43064,C2
1843.30294,1896.482803,1844.30294,C2
48.48977157,-46.24191489,49.48977157,C0
1920.434256,1246.493046,1921.434256,C2
564.2137828,467.4916255,565.2137828,C1
539.9338514,413.7865463,540.9338514,C1
666.0849793,288.9184046,667.0849793,C1
465.3941308,271.7562475,466.3941308,C1
37.43056422,11.52012643,38.43056422,C0
665.8574438,478.8094127,666.8574438,C1
866.1153283,236.0408402,867.1153283,C1
764.0131757,492.2882522,765.0131757,C1
2348.977186,1164.396386,2349.977186,C2
2328.388996,1516.191259,2329.388996,C2
103.8493298,58.13019993,104.8493298,C0
1922.311568,2058.583885,1923.311568,C2
498.834817,495.5931592,499.834817,C1
-54.82189581,76.80591299,55.82189581,C0
2299.452344,1531.757924,2300.452344,C2
555.5847857,504.5342934,556.5847857,C1
701.62455,366.802365,702.62455,C1
2333.846996,1328.137781,2334.846996,C2
624.8540694,573.739648,625.8540694,C1
616.38295,507.7377115,617.38295,C1
739.9828041,598.9244653,740.9828041,C1
-164.9741582,-47.80526935,165.9741582,C0
2175.601624,1746.158869,2176.601624,C2
669.2685496,408.3207056,670.2685496,C1
218.2745296,80.88594309,219.2745296,C0
-115.7119108,-41.44015819,116.7119108,C0
599.0524291,494.388099,600.0524291,C1
673.6428572,601.4300765,674.6428572,C1
761.6075356,463.4296462,762.6075356,C1
2032.597016,1372.905056,2033.597016,C2
846.1272191,608.9677934,847.1272191,C1
654.1765864,348.3072426,655.1765864,C1
377.0572589,353.059872,378.0572589,C1
592.0011977,507.6677164,593.0011977,C1
585.1224054,532.6288847,586.1224054,C1
87.47986551,27.66772476,88.47986551,C0
-24.44439516,-90.42435817,25.44439516,C0
1141.181906,632.0002975,1142.181906,C1
11.40710331,-78.42849628,12.40710331,C0
1959.293968,1744.026208,1960.293968,C2
2219.707281,2004.588485,2220.707281,C2
2383.234049,2043.439824,2384.234049,C2
-146.7800078,-194.4645515,147.7800078,C0
1957.532629,1605.793793,1958.532629,C2
702.4670012,708.6111451,703.4670012,C1
2091.846029,1638.52465,2092.846029,C2
2431.383731,1706.335405,2432.383731,C2
2035.062934,1721.72355,2036.062934,C2
48.15216511,152.7275684,49.15216511,C0
1970.955407,1459.63214,1971.955407,C2
561.2539757,606.6266867,562.2539757,C1
1935.474345,1498.784872,1936.474345,C2
2201.208758,1383.339292,2202.208758,C2
717.484889,516.6864899,718.484889,C1
-132.1646601,-76.58758931,133.1646601,C0
2002.639293,1845.358753,2003.639293,C2
827.1539976,362.2148234,828.1539976,C1
85.30842802,66.06142586,86.30842802,C0
107.896911,-8.179462131,108.896911,C0
398.2172167,332.5746031,399.2172167,C1
1646.891687,1213.453421,1647.891687,C2
16.37739984,66.66881126,17.37739984,C0
864.3957365,627.7178215,865.3957365,C1
2216.037334,1440.766089,2217.037334,C2
1793.43484,1269.994099,1794.43484,C2
685.0326508,519.8524137,686.0326508,C1
2.498997904,-36.75511106,3.498997904,C0
1748.354687,1624.578275,1749.354687,C2
126.8082414,-70.19759924,127.8082414,C0
-44.21119621,-3.196177872,45.21119621,C0
963.0550494,371.9107051,964.0550494,C1
2018.003529,1392.74798,2019.003529,C2
1966.809489,2162.11423,1967.809489,C2
749.4651834,470.7214327,750.4651834,C1
2128.528423,1591.769965,2129.528423,C2
-27.35245256,-203.4321269,28.35245256,C0
1904.729244,1505.263433,1905.729244,C2
2127.010959,1700.152913,2128.010959,C2
2567.279257,2090.572355,2568.279257,C2
-89.75734238,40.32558615,90.75734238,C0
2225.222407,1954.89146,2226.222407,C2
718.1427979,237.9208577,719.1427979,C1
838.4266512,427.7604373,839.4266512,C1
-93.92079265,-92.74378984,94.92079265,C0
2033.675053,1935.19297,2034.675053,C2
2437.905714,1625.271582,2438.905714,C2
129.6755029,-39.55442356,130.6755029,C0
1733.076646,1728.81084,1734.076646,C2
631.9128256,487.4479682,632.9128256,C1
2416.914114,1468.013739,2417.914114,C2
2196.589718,1311.49872,2197.589718,C2
147.0962754,-42.23866905,148.0962754,C0
971.5006433,464.4535389,972.5006433,C1
1061.090001,585.034653,1062.090001,C1
-12.99785895,120.564159,13.99785895,C0
791.1706789,494.7863439,792.1706789,C1
803.2543153,436.2641548,804.2543153,C1
2063.217981,1656.931315,2064.217981,C2
908.5346179,285.5423177,909.5346179,C1
1858.327211,1693.934614,1859.327211,C2
1684.809246,1349.028696,1685.809246,C2
1996.096954,1769.09434,1997.096954,C2
-86.6438082,-27.74828667,87.6438082,C0
576.9533492,521.0927623,577.9533492,C1
983.3228623,310.2089573,984.3228623,C1
1846.68093,1622.244901,1847.68093,C2
650.3196922,531.2782213,651.3196922,C1
546.6294921,358.3384569,547.6294921,C1
1605.432584,1325.884127,1606.432584,C2
783.9090928,614.308319,784.9090928,C1
868.2585,403.7318458,869.2585,C1
710.6637833,609.6541349,711.6637833,C1
579.9877079,341.3859385,580.9877079,C1
-22.41447019,-51.68158061,23.41447019,C0
437.5209413,486.1645377,438.5209413,C1
1940.778467,1425.016427,1941.778467,C2
-23.59929039,101.4387203,24.59929039,C0
473.7080374,481.2318722,474.7080374,C1
760.2482782,613.8279448,761.2482782,C1
767.2146257,544.3990918,768.2146257,C1
2265.364647,1931.844869,2266.364647,C2
2356.434544,1784.941744,2357.434544,C2
2222.086445,2005.118176,2223.086445,C2
712.4934641,372.168794,713.4934641,C1
681.6631765,436.2938649,682.6631765,C1
936.0179242,374.3043589,937.0179242,C1
2118.058165,1426.899256,2119.058165,C2
-134.0145021,232.063516,135.0145021,C0
2162.577354,1334.124225,2163.577354,C2
509.178916,487.7154619,510.178916,C1
2219.315736,1950.365058,2220.315736,C2
1785.426414,1087.573714,1786.426414,C2
495.6939652,660.1215001,496.6939652,C1
2182.779347,1517.639133,2183.779347,C2
2406.708438,1721.187385,2407.708438,C2
2073.986115,1571.707924,2074.986115,C2
-44.89911211,-128.0403296,45.89911211,C0
136.7442534,120.5683446,137.7442534,C0
35.01322373,-139.8648576,36.01322373,C0
897.2769016,450.549502,898.2769016,C1
587.999869,430.3081957,588.999869,C1
2313.336858,2015.616916,2314.336858,C2
-112.434294,3.388862476,113.434294,C0
2190.705882,1802.717967,2191.705882,C2
-24.06379102,-5.365784477,25.06379102,C0
1979.150528,1866.052144,1980.150528,C2
904.8039334,608.2248935,905.8039334,C1
-112.2737113,47.21581989,113.2737113,C0
2288.731174,1630.232913,2289.731174,C2
518.6416585,389.7510274,519.6416585,C1
-78.02750987,175.390244,79.02750987,C0
713.294854,556.7472383,714.294854,C1
44.66103628,-169.1836325,45.66103628,C0
1036.013999,381.9771348,1037.013999,C1
685.5145766,396.118279,686.5145766,C1
961.272665,580.9650398,962.272665,C1
780.0790591,314.0949283,781.0790591,C1
29.46037085,-6.445065014,30.46037085,C0
2069.187056,1593.911308,2070.187056,C2
62.75833991,-4.113876971,63.75833991,C0
2045.167086,1312.990131,2046.167086,C2
995.0885353,530.8869843,996.0885353,C1
706.7456802,581.9128385,707.7456802,C1
455.335169,352.9634704,456.335169,C1
2445.628085,1932.641426,2446.628085,C2
635.0954693,515.9288326,636.0954693,C1
1909.575192,1390.417634,1910.575192,C2
807.8699601,433.6481876,808.8699601,C1
2020.366199,1209.020693,2021.366199,C2
769.2466576,199.1446765,770.2466576,C1
589.3846302,372.0583015,590.3846302,C1
50.97763687,10.16738291,51.97763687,C0
1955.151908,1277.826091,1956.151908,C2
647.3349266,436.7512347,648.3349266,C1
479.1448121,564.7702812,480.1448121,C1
681.5619871,412.3035641,682.5619871,C1
1823.712475,1664.427974,1824.712475,C2
1806.468721,1741.794457,1807.468721,C2
404.7376839,589.844838,405.7376839,C1
-23.06735336,-101.7050054,24.06735336,C0
2142.631583,1440.624754,2143.631583,C2
2567.117539,1543.404395,2568.117539,C2
107.775116,31.19357108,108.775116,C0
527.7399838,377.1254656,528.7399838,C1
389.5680155,346.6397635,390.5680155,C1
81.02539301,41.80277401,82.02539301,C0
-7.620169187,-87.20937681,8.620169187,C0
618.9593929,303.963378,619.9593929,C1
-210.8472475,69.31851689,211.8472475,C0
1849.13747,1853.26542,1850.13747,C2
1945.14225,1442.087327,1946.14225,C2
130.8073048,171.7615346,131.8073048,C0
606.663864,626.5728566,607.663864,C1
875.2915196,419.5925248,876.2915196,C1
1857.646182,1704.630777,1858.646182,C2
1896.397835,1661.779762,1897.397835,C2
1949.744474,1493.793134,1950.744474,C2
-139.438051,-82.51894852,140.438051,C0
2172.065472,1738.094807,2173.065472,C2
538.9349953,393.0090727,539.9349953,C1
-109.3445359,-35.1468411,110.3445359,C0
457.7866645,609.1756054,458.7866645,C1
-133.7779886,-102.3532738,134.7779886,C0
654.5463308,543.6143765,655.5463308,C1
1846.142445,1436.754916,1847.142445,C2
770.9087821,380.7300753,771.9087821,C1
-90.78678285,-163.7949293,91.78678285,C0
649.9962479,377.2889661,650.9962479,C1
2132.451139,1381.416802,2133.451139,C2
923.6773982,379.5867451,924.6773982,C1
183.2529711,-77.48610657,184.2529711,C0
1727.838081,1556.95141,1728.838081,C2
645.3713748,380.3936738,646.3713748,C1
1946.229235,1371.5331,1947.229235,C2
1942.319477,1692.303101,1943.319477,C2
2244.805665,976.4933021,2245.805665,C2
612.4419954,460.7051569,613.4419954,C1
-307.9248329,-86.08216643,308.9248329,C0
646.1112925,434.7556975,647.1112925,C1
1980.485476,1816.640471,1981.485476,C2
801.6862891,400.277335,802.6862891,C1
-87.4346706,110.238909,88.4346706,C0
2363.515826,1380.738917,2364.515826,C2
-31.09218278,-80.30752151,32.09218278,C0
6.046204164,-125.9908168,7.046204164,C0
772.1615475,222.3557117,773.1615475,C1
2076.339398,1619.217364,2077.339398,C2
17.14017574,83.39063709,18.14017574,C0
-144.5358142,-125.4898301,145.5358142,C0
1736.717269,1111.04259,1737.717269,C2
1059.937666,183.8714014,1060.937666,C1
135.9266275,-45.09072078,136.9266275,C0
2167.847012,1426.078132,2168.847012,C2
1744.799781,1534.444516,1745.799781,C2
2185.394902,1762.249442,2186.394902,C2
965.6285045,512.749872,966.6285045,C1
2512.36125,1580.258917,2513.36125,C2
2367.916677,1409.36455,2368.916677,C2
867.6162143,506.7030219,868.6162143,C1
692.9482189,717.6255539,693.9482189,C1
190.3075895,86.23000344,191.3075895,C0
43.0210856,124.6570577,44.0210856,C0
12.09324834,-22.78954206,13.09324834,C0
1717.783091,1780.27052,1718.783091,C2
19.26401496,72.83283253,20.26401496,C0
17.41301046,-12.63839638,18.41301046,C0
79.92607894,-13.70561592,80.92607894,C0
675.6194692,368.9959827,676.6194692,C1
570.089211,425.9238631,571.089211,C1
2321.886888,1745.676712,2322.886888,C2
8.64317338,-154.7413716,9.64317338,C0
402.964454,434.6322301,403.964454,C1
161.4612327,154.6875548,162.4612327,C0
2303.805141,1870.912636,2304.805141,C2
2239.971476,1394.821387,2240.971476,C2
1827.476832,1518.205959,1828.476832,C2
899.9205055,538.1791033,900.9205055,C1
2330.427727,1833.595941,2331.427727,C2
599.6533605,354.356255,600.6533605,C1
2513.916599,1622.255173,2514.916599,C2
1981.646288,1508.316436,1982.646288,C2
698.6120674,741.9253595,699.6120674,C1
772.7749022,415.3343658,773.7749022,C1
1968.857822,1547.200166,1969.857822,C2
460.4696291,562.4184134,461.4696291,C1
751.5404657,307.0262355,752.5404657,C1
779.6398367,374.9488372,780.6398367,C1
-47.69583775,-76.05733687,48.69583775,C0
1924.199062,1477.030852,1925.199062,C2
2236.960596,1352.757083,2237.960596,C2
1699.174621,1755.279531,1700.174621,C2
160.715984,-199.2233292,161.715984,C0
2002.291048,1790.822116,2003.291048,C2
864.9518203,462.4176975,865.9518203,C1
1726.506888,1433.91066,1727.506888,C2
2532.044669,1642.16763,2533.044669,C2
650.9528918,555.4643529,651.9528918,C1
2086.52605,1704.129116,2087.52605,C2
212.1871247,53.22110744,213.1871247,C0
132.3951991,62.66288067,133.3951991,C0
779.8277593,577.4677769,780.8277593,C1
2199.617167,1630.20126,2200.617167,C2
575.7979027,324.6877442,576.7979027,C1
2060.294934,1816.565756,2061.294934,C2
639.3894383,300.8602581,640.3894383,C1
827.180896,435.2037669,828.180896,C1
1008.714008,522.395321,1009.714008,C1
357.3581324,52.15668484,358.3581324,C0
1886.950737,1317.609928,1887.950737,C2
2172.335336,1990.554082,2173.335336,C2
-2.728301715,89.59451054,3.728301715,C0
722.2958266,329.7982866,723.2958266,C1
565.3853198,479.706595,566.3853198,C1
817.4714709,578.7158628,818.4714709,C1
2076.947424,1587.891053,2077.947424,C2
1923.658957,1508.381312,1924.658957,C2
2098.266076,1694.387275,2099.266076,C2
48.1403973,150.9030685,49.1403973,C0
1722.78554,1607.508939,1723.78554,C2
2592.285358,1808.565735,2593.285358,C2
-102.6997173,115.4153612,103.6997173,C0
86.44475247,-46.57530483,87.44475247,C0
1935.492482,1073.365812,1936.492482,C2
376.4444949,432.8589315,377.4444949,C1
2402.60242,1758.491025,2403.60242,C2
-19.0044876,-190.7275499,20.0044876,C0
591.0663756,559.8638878,592.0663756,C1
826.2897021,425.6255283,827.2897021,C1
1782.323377,1755.862424,1783.323377,C2
-97.70447789,57.873147,98.70447789,C0
691.5940297,224.9644629,692.5940297,C1
729.0539644,310.0356484,730.0539644,C1
-31.01088671,-57.75276171,32.01088671,C0
1170.322276,534.1293635,1171.322276,C1
-135.4773075,-10.11094069,136.4773075,C0
768.6986862,335.2071802,769.6986862,C1
739.9320289,517.0407784,740.9320289,C1
940.1278724,419.9679788,941.1278724,C1
2273.649245,1881.966757,2274.649245,C2
846.1994083,429.8818495,847.1994083,C1
1908.866688,1991.75511,1909.866688,C2
588.3498926,446.5528823,589.3498926,C1
1974.766398,1625.796295,1975.766398,C2
2158.22851,1755.045308,2159.22851,C2
193.3540658,216.2401498,194.3540658,C0
-96.59091355,-19.15281063,97.59091355,C0
769.9391885,496.0396788,770.9391885,C1
684.2234488,513.0040023,685.2234488,C1
1821.720525,1543.199472,1822.720525,C2
-203.485353,15.62798446,204.485353,C0
471.494391,289.6426862,472.494391,C1
53.57043758,-14.11291719,54.57043758,C0
62.47602141,-5.646233877,63.47602141,C0
433.7589551,418.9071155,434.7589551,C1
2130.552203,1771.680819,2131.552203,C2
2663.658865,1449.175476,2664.658865,C2
21.18029519,125.1346074,22.18029519,C0
101.6014488,-122.6928389,102.6014488,C0
91.52683481,-15.42120116,92.52683481,C0
919.7097824,485.0308734,920.7097824,C1
2057.979513,1637.570556,2058.979513,C2
1814.515408,1854.522292,1815.515408,C2
189.4778398,-24.83613021,190.4778398,C0
34.77466221,-208.1557405,35.77466221,C0
2336.232883,1231.556994,2337.232883,C2
43.2249848,-57.32133505,44.2249848,C0
458.4019235,511.8525338,459.4019235,C1
1843.154597,1233.773942,1844.154597,C2
769.9148195,475.9954575,770.9148195,C1
899.1493302,568.966528,900.1493302,C1
2286.494323,1783.586141,2287.494323,C2
749.9787697,504.7735128,750.9787697,C1
108.0823596,61.96906786,109.0823596,C0
15.62187189,58.27611021,16.62187189,C0
691.7088282,596.2276828,692.7088282,C1
-258.0449624,-19.7527695,259.0449624,C0
638.3124185,610.4764686,639.3124185,C1
673.5046309,730.0292129,674.5046309,C1
40.28485248,99.67705491,41.28485248,C0
2232.005279,1291.633176,2233.005279,C2
608.7802407,213.0236276,609.7802407,C1
38.92885323,-216.1167763,39.92885323,C0
338.0036478,311.8522742,339.0036478,C1
47.65643111,44.26077453,48.65643111,C0
360.2629793,410.4486189,361.2629793,C1
691.157724,565.9074405,692.157724,C1
590.0692662,379.3418465,591.0692662,C1
503.496063,625.4766384,504.496063,C1
646.8743645,438.1638109,647.8743645,C1
2089.186347,1540.682363,2090.186347,C2
28.39642507,5.602728707,29.39642507,C0
525.754848,491.226828,526.754848,C1
1755.863402,1825.899754,1756.863402,C2
690.5234254,347.9400715,691.5234254,C1
67.95124213,15.00240331,68.95124213,C0
560.0745399,232.1753581,561.0745399,C1
2148.708278,1759.966038,2149.708278,C2
-18.7885411,-161.5557175,19.7885411,C0
-198.0253695,180.2460602,199.0253695,C0
724.5807766,415.9715248,725.5807766,C1
2015.89879,1383.531941,2016.89879,C2
128.5551611,30.55523028,129.5551611,C0
788.2530721,441.2477372,789.2530721,C1
2502.484708,1227.934406,2503.484708,C2
387.3450079,475.7595222,388.3450079,C1
543.9601866,468.29322,544.9601866,C1
901.782735,523.8633384,902.782735,C1
1639.016211,1393.292956,1640.016211,C2
162.0075814,-32.40289501,163.0075814,C0
2457.246872,1339.160544,2458.246872,C2
191.096536,119.3902479,192.096536,C0
152.9487014,-152.0265142,153.9487014,C0
444.1557718,545.2776356,445.1557718,C1
766.2992818,684.7487081,767.2992818,C1
701.2862785,476.4700101,702.2862785,C1
-230.6998341,-74.5215497,231.6998341,C0
2228.77353,1537.270251,2229.77353,C2
7.927935943,-148.1833852,8.927935943,C0
2895.124428,1542.840681,2896.124428,C2
-99.49938273,-66.57765369,100.4993827,C0
54.72074219,153.2833937,55.72074219,C0
2026.221237,1383.60424,2027.221237,C2
597.3837489,589.3064646,598.3837489,C1
2197.952046,1546.925774,2198.952046,C2
2515.94795,2188.45073,2516.94795,C2
1980.283747,1468.72336,1981.283747,C2
2101.485579,1740.560483,2102.485579,C2
2384.158222,1587.01495,2385.158222,C2
2321.51571,1477.711721,2322.51571,C2
-50.05441124,-102.0163611,51.05441124,C0
635.6285692,384.5975352,636.6285692,C1
130.1553949,6.587260996,131.1553949,C0
-187.8251993,48.99204237,188.8251993,C0
783.6076266,420.1423024,784.6076266,C1
533.0702576,416.5207581,534.0702576,C1
2478.58604,1696.800966,2479.58604,C2
437.5070789,404.3248989,438.5070789,C1
1829.469552,1803.614711,1830.469552,C2
76.42908162,3.86013006,77.42908162,C0
-144.0280719,-58.666081,145.0280719,C0
657.2576905,566.7157378,658.2576905,C1
2147.699044,1602.973793,2148.699044,C2
-421.8624428,26.87873268,422.8624428,C0
2368.9489,1488.083947,2369.9489,C2
403.0907877,449.7291438,404.0907877,C1
2135.925883,1282.848151,2136.925883,C2
1862.747134,1630.6854,1863.747134,C2
1653.089212,1552.895301,1654.089212,C2
2420.434536,1508.096992,2421.434536,C2
90.60802735,64.88269658,91.60802735,C0
503.1866987,239.8662996,504.1866987,C1
765.1124385,355.4637731,766.1124385,C1
304.5859819,360.9817076,305.5859819,C1
502.8997212,341.5402946,503.8997212,C1
-58.56012903,18.58279527,59.56012903,C0
-93.30442352,-174.4846569,94.30442352,C0
123.655227,26.95018235,124.655227,C0
1616.305152,1845.791456,1617.305152,C2
1855.883531,1678.676327,1856.883531,C2
137.868147,-93.20427122,138.868147,C0
79.72432097,8.452504274,80.72432097,C0
-63.57531103,80.30454894,64.57531103,C0
90.08054544,52.05525462,91.08054544,C0
-33.67934871,13.14287122,34.67934871,C0
-267.2671077,-196.6807559,268.2671077,C0
681.3328843,320.6862577,682.3328843,C1
2122.422371,1444.594162,2123.422371,C2
1906.996043,1827.955488,1907.996043,C2
2106.871148,1527.603885,2107.871148,C2
492.6008699,410.4219245,493.6008699,C1
1959.899479,1419.012913,1960.899479,C2
-71.23982215,-79.60910521,72.23982215,C0
838.3285977,203.780627,839.3285977,C1
1638.476846,1959.092749,1639.476846,C2
33.4058418,-26.41235439,34.4058418,C0
1832.666549,1498.692112,1833.666549,C2
1588.145337,1564.42865,1589.145337,C2
1848.286159,2036.6298,1849.286159,C2
515.0565974,664.2551499,516.0565974,C1
293.7412805,224.916628,294.7412805,C1
1814.831424,1603.564787,1815.831424,C2
854.5963831,655.4526008,855.5963831,C1
490.8269721,435.1241554,491.8269721,C1
617.7932384,407.5141289,618.7932384,C1
725.7540849,554.5182102,726.7540849,C1
2222.300023,2133.963795,2223.300023,C2
2290.997371,2038.96601,2291.997371,C2
70.24460843,-113.8520265,71.24460843,C0
-121.5847025,17.01150581,122.5847025,C0
-43.22655924,-255.9227032,44.22655924,C0
1985.003491,1325.773537,1986.003491,C2
532.9944355,724.3709692,533.9944355,C1
179.2087975,67.17342828,180.2087975,C0
813.8595543,667.0241198,814.8595543,C1
832.862289,487.0428298,833.862289,C1
-48.67869762,97.40900675,49.67869762,C0
2064.425469,1490.738532,2065.425469,C2
1778.151016,1414.979897,1779.151016,C2
-120.3394332,-79.76908031,121.3394332,C0
-144.9842622,110.6075761,145.9842622,C0
805.8467827,250.3573958,806.8467827,C1
693.2845446,673.7410201,694.2845446,C1
1709.739962,1613.455995,1710.739962,C2
482.1177764,635.1400025,483.1177764,C1
679.7859776,358.7364024,680.7859776,C1
114.4699348,-37.58504805,115.4699348,C0
627.1007485,444.8821305,628.1007485,C1
870.0569986,241.6842492,871.0569986,C1
2356.78012,1945.197245,2357.78012,C2
1858.083283,1591.863217,1859.083283,C2
2002.177562,2002.575113,2003.177562,C2
-99.84601482,-115.8096459,100.8460148,C0
-22.37202098,-129.4566249,23.37202098,C0
49.86477416,57.47831242,50.86477416,C0
2149.244378,1231.655873,2150.244378,C2
108.5698749,36.96834432,109.5698749,C0
515.3402365,661.2722673,516.3402365,C1
9.446568603,-55.82479524,10.4465686,C0
574.4103087,322.9786997,575.4103087,C1
1747.342225,1868.492019,1748.342225,C2
623.2215866,441.8434961,624.2215866,C1
744.7318229,383.6584517,745.7318229,C1
648.375878,512.9526659,649.375878,C1
64.4658144,-80.59983038,65.4658144,C0
2382.452418,1678.4639,2383.452418,C2
2310.701699,1434.66391,2311.701699,C2
2300.359977,1727.741451,2301.359977,C2
914.5329548,531.2506482,915.5329548,C1
807.2133482,559.9791597,808.2133482,C1
651.3786406,578.0607616,652.3786406,C1
190.8514717,146.2507013,191.8514717,C0
233.7538589,-85.98346238,234.7538589,C0
180.9759829,-167.097477,181.9759829,C0
-5.406407954,-127.7412404,6.406407954,C0
455.4620427,459.1064853,456.4620427,C1
-209.9740953,-9.063797346,210.9740953,C0
-95.08040695,62.52985795,96.08040695,C0
1630.330957,1597.609211,1631.330957,C2
1953.668945,1663.239722,1954.668945,C2
35.51117363,-73.70088985,36.51117363,C0
-46.13261737,63.22467399,47.13261737,C0
839.9118443,392.2174162,840.9118443,C1
1792.865526,1066.533756,1793.865526,C2
1741.042506,1573.786677,1742.042506,C2
892.8989894,398.5840748,893.8989894,C1
-121.9795145,24.07906893,122.9795145,C0
1761.808272,1843.293826,1762.808272,C2
874.0654944,518.4491627,875.0654944,C1
-20.15969456,-142.012592,21.15969456,C0
668.6108407,394.3211065,669.6108407,C1
753.9701853,361.3621204,754.9701853,C1
2359.830656,1612.530223,2360.830656,C2
1866.250241,1688.649757,1867.250241,C2
904.2513971,496.0663915,905.2513971,C1
2283.272553,1197.137222,2284.272553,C2
804.8493513,605.3780741,805.8493513,C1
1972.067348,1307.401861,1973.067348,C2
52.8504913,118.2276854,53.8504913,C0
-31.20895032,57.63015016,32.20895032,C0
2217.288623,2042.014955,2218.288623,C2
277.3484373,-144.0884792,278.3484373,C0
828.6161703,649.8886118,829.6161703,C1
252.0105548,90.13469431,253.0105548,C0
102.3356213,-56.91211056,103.3356213,C0
-98.31684033,-2.373879356,99.31684033,C0
450.8129039,537.5413904,451.8129039,C1
528.6222947,414.5872247,529.6222947,C1
112.5803048,95.66050408,113.5803048,C0
554.338418,509.7029843,555.338418,C1
2078.929623,1795.327286,2079.929623,C2
1901.210157,1930.752321,1902.210157,C2
-12.41939971,-66.6678896,13.41939971,C0
160.1824333,163.6534307,161.1824333,C0
788.771316,472.780327,789.771316,C1
801.9840989,457.6801321,802.9840989,C1
858.9380469,401.1057741,859.9380469,C1
2297.217773,1488.749185,2298.217773,C2
-76.90840342,67.68502507,77.90840342,C0
736.1065659,428.4716642,737.1065659,C1
695.8835974,666.8285171,696.8835974,C1
1909.358069,1520.599592,1910.358069,C2
646.5083994,395.6446913,647.5083994,C1
225.3690418,-54.11328781,226.3690418,C0
2150.762855,1845.082945,2151.762855,C2
408.4232884,483.4419173,409.4232884,C1
805.671237,525.3686543,806.671237,C1
1983.658556,1505.862055,1984.658556,C2
1797.888846,1800.61142,1798.888846,C2
596.881375,428.3454655,597.881375,C1
1932.314187,1649.939151,1933.314187,C2
696.027261,384.2075933,697.027261,C1
-97.61121143,-24.66740239,98.61121143,C0
2066.222685,1714.909178,2067.222685,C2
594.8325471,454.6934714,595.8325471,C1
144.6907284,131.0418997,145.6907284,C0
2194.176457,1856.849322,2195.176457,C2
70.4340033,-15.71012187,71.4340033,C0
629.4559814,585.2983766,630.4559814,C1
2052.421688,1484.801766,2053.421688,C2
2222.213719,1483.031422,2223.213719,C2
812.3452498,641.6397867,813.3452498,C1
708.9501689,195.920368,709.9501689,C1
660.1793969,163.3505084,661.1793969,C1
2418.313872,1981.405137,2419.313872,C2
1408.779092,1828.663237,1409.779092,C2
-116.9331757,138.1079267,117.9331757,C0
1826.434668,1878.344867,1827.434668,C2
394.0002931,334.5041209,395.0002931,C1
720.700382,520.1132959,721.700382,C1
27.47493316,-70.44095679,28.47493316,C0
624.2014054,667.2969224,625.2014054,C1
1853.089009,1326.344494,1854.089009,C2
1946.008103,1433.200183,1947.008103,C2
191.5694036,13.21633204,192.5694036,C0
-105.1122595,-24.21103676,106.1122595,C0
780.0788852,402.1298547,781.0788852,C1
-45.14730796,103.9785515,46.14730796,C0
510.7835459,514.8102952,511.7835459,C1
18.91751703,189.9634999,19.91751703,C0
596.94299,496.4689883,597.94299,C1
32.26295972,-22.80692662,33.26295972,C0
805.0190569,611.939059,806.0190569,C1
1766.176688,1683.470241,1767.176688,C2
128.5362292,162.9741088,129.5362292,C0
653.6514454,641.2714968,654.6514454,C1
2172.802217,1660.976854,2173.802217,C2
838.7886948,410.5829502,839.7886948,C1
7.419116443,92.88992409,8.419116443,C0
190.0212696,-44.10275324,191.0212696,C0
385.7525599,244.025555,386.7525599,C1
0.598453283,-28.24163552,1.598453283,C0
-81.70125684,-59.36807288,82.70125684,C0
536.2679546,479.5119869,537.2679546,C1
727.041128,488.3100247,728.041128,C1
642.567455,638.9059146,643.567455,C1
12.63462711,44.56610617,13.63462711,C0
177.5258311,502.2521142,178.5258311,C1
769.9208105,460.6132347,770.9208105,C1
552.123825,571.9776272,553.123825,C1
57.88670919,3.418807407,58.88670919,C0
2503.927825,1640.032068,2504.927825,C2
2287.623389,1478.879279,2288.623389,C2
690.2057419,272.0077758,691.2057419,C1
753.1609732,465.2357767,754.1609732,C1
233.1991564,-13.0234719,234.1991564,C0
396.1868256,399.2119115,397.1868256,C1
2390.520685,2041.510756,2391.520685,C2
1908.513407,1728.929042,1909.513407,C2
2547.252761,1610.927041,2548.252761,C2
90.79184922,39.48441636,91.79184922,C0
336.3268375,447.2259194,337.3268375,C1
670.2443053,462.9177471,671.2443053,C1
-122.8400461,-105.729297,123.8400461,C0
2840.078472,1344.114631,2841.078472,C2
-67.42834777,-198.8508279,68.42834777,C0
1939.437463,1356.131126,1940.437463,C2
842.6935411,414.974138,843.6935411,C1
813.5094058,446.1520561,814.5094058,C1
2099.058575,1614.847327,2100.058575,C2
658.4197301,627.9997189,659.4197301,C1
2202.737547,1710.626611,2203.737547,C2
2729.324304,1759.556617,2730.324304,C2
2218.889619,1540.345421,2219.889619,C2
2621.926589,1786.191777,2622.926589,C2
242.4942505,557.9750372,243.4942505,C1
2265.980063,1838.456219,2266.980063,C2
2574.382361,1301.577149,2575.382361,C2
2265.189846,1442.730643,2266.189846,C2
2133.782972,1953.621125,2134.782972,C2
1902.293881,1451.400771,1903.293881,C2
-63.17622235,-56.41871136,64.17622235,C0
204.0165499,-147.653597,205.0165499,C0
2111.928087,1910.915702,2112.928087,C2
1871.685406,1368.02231,1872.685406,C2
47.4593306,188.9823501,48.4593306,C0
515.11863,601.2472247,516.11863,C1
-219.8951075,122.8067811,220.8951075,C0
1998.7001,1840.592445,1999.7001,C2
2731.559107,1255.504951,2732.559107,C2
831.4378163,425.8784931,832.4378163,C1
-45.69161554,21.76143819,46.69161554,C0
117.4762081,133.4091557,118.4762081,C0
2609.812425,1375.715383,2610.812425,C2
-106.4664765,60.7753349,107.4664765,C0
-93.83996615,139.1152844,94.83996615,C0
809.4743398,614.9762525,810.4743398,C1
84.73535853,-89.59472331,85.73535853,C0
812.997586,291.1032534,813.997586,C1
501.8440493,479.1877821,502.8440493,C1
2168.900169,1845.883993,2169.900169,C2
1809.50401,1704.04923,1810.50401,C2
-139.2306458,-95.61072111,140.2306458,C0
2059.128477,1576.608483,2060.128477,C2
2023.451199,1533.349657,2024.451199,C2
-42.92820453,-13.01021888,43.92820453,C0
1994.31343,1403.907211,1995.31343,C2
921.7577377,216.6209255,922.7577377,C1
2270.555931,1093.339014,2271.555931,C2
665.4246418,424.6037317,666.4246418,C1
664.2206024,451.9131877,665.2206024,C1
64.68478318,-56.66021243,65.68478318,C0
322.9801504,430.5250573,323.9801504,C1
71.42029896,106.3878725,72.42029896,C0
-48.67044421,1.095711734,49.67044421,C0
933.1448869,571.9224548,934.1448869,C1
12.04976025,-118.598458,13.04976025,C0
2082.021237,1895.221341,2083.021237,C2
544.6659306,435.0219668,545.6659306,C1
2334.077461,1698.399931,2335.077461,C2
441.2032092,621.1157135,442.2032092,C1
794.6736425,596.7235627,795.6736425,C1
2241.29793,2048.973258,2242.29793,C2
1949.210411,1487.463431,1950.210411,C2
2527.942819,1466.577701,2528.942819,C2
677.5645412,223.9238478,678.5645412,C1
2507.538422,1518.82845,2508.538422,C2
727.1268042,286.9742706,728.1268042,C1
1018.130716,721.5874998,1019.130716,C1
752.6232435,363.3702989,753.6232435,C1
-118.5020816,-93.52652213,119.5020816,C0
607.0118995,631.2813401,608.0118995,C1
909.0122224,317.6496724,910.0122224,C1
2346.761985,1819.511986,2347.761985,C2
98.74411275,-5.414891367,99.74411275,C0
752.8181525,497.6529707,753.8181525,C1
755.3116524,276.0633632,756.3116524,C1
-25.66560761,122.433519,26.66560761,C0
1921.310243,2270.151115,1922.310243,C2
526.5320647,402.4578809,527.5320647,C1
1628.765044,1735.978139,1629.765044,C2
625.782746,316.5496594,626.782746,C1
-64.30842319,-5.526657255,65.30842319,C0
184.5566197,-51.47903788,185.5566197,C0
667.0223344,252.4486427,668.0223344,C1
2482.105606,1384.391109,2483.105606,C2
767.7726349,635.613918,768.7726349,C1
2041.684069,1252.664766,2042.684069,C2
2094.776386,1302.677436,2095.776386,C2
-69.14403562,-59.49508495,70.14403562,C0
695.9911028,652.1075361,696.9911028,C1
163.3804996,-17.14683113,164.3804996,C0
888.4487032,520.7008255,889.4487032,C1
1780.980169,1610.439277,1781.980169,C2
2037.510892,1845.866513,2038.510892,C2
731.0840977,394.2358399,732.0840977,C1
956.3981472,468.7313526,957.3981472,C1
1688.105535,1968.859426,1689.105535,C2
-1.898524587,-117.0164174,2.898524587,C0
912.1215225,478.7436126,913.1215225,C1
-145.1073901,68.02721152,146.1073901,C0
896.7361166,556.42067,897.7361166,C1
2251.274164,1504.615622,2252.274164,C2
2258.76486,1751.360589,2259.76486,C2
246.4797341,435.7047288,247.4797341,C1
-56.38708838,-4.525954524,57.38708838,C0
2104.027889,1824.879243,2105.027889,C2
2071.326536,1432.596785,2072.326536,C2
2328.961042,1202.066749,2329.961042,C2
780.4090171,185.422446,781.4090171,C1
2304.758699,1741.193422,2305.758699,C2
-12.27207775,-124.7630204,13.27207775,C0
-223.1980124,22.55261362,224.1980124,C0
-49.31124847,26.15571421,50.31124847,C0
2222.108974,1787.433405,2223.108974,C2
-26.61009531,160.4348275,27.61009531,C0
1928.2039,1396.81792,1929.2039,C2
2379.390982,1318.345949,2380.390982,C2
751.1944626,658.2447869,752.1944626,C1
775.0278717,604.1063261,776.0278717,C1
-14.03651309,103.8091909,15.03651309,C0
-62.57997553,-133.1509376,63.57997553,C0
2305.562046,1699.769153,2306.562046,C2
752.4339314,620.27064,753.4339314,C1
2522.492626,1321.093041,2523.492626,C2
2175.767881,1921.485073,2176.767881,C2
-101.2328535,-136.3637604,102.2328535,C0
2059.003473,1584.41372,2060.003473,C2
2205.481411,1692.640531,2206.481411,C2
151.5936417,-95.71936098,152.5936417,C0
325.2064837,85.66703188,326.2064837,C0
635.7755861,535.2929004,636.7755861,C1
23.63838013,241.4147757,24.63838013,C0
2453.138775,1694.159021,2454.138775,C2
147.9261969,-6.23032798,148.9261969,C0
1935.223039,1576.827845,1936.223039,C2
-93.26009317,85.28491924,94.26009317,C0
861.2658096,379.5956413,862.2658096,C1
868.9201604,565.4522698,869.9201604,C1
640.441411,605.6008834,641.441411,C1
-106.3084193,-120.4284947,107.3084193,C0
2249.913766,1882.945057,2250.913766,C2
-68.78145556,91.44222629,69.78145556,C0
2609.276852,1656.401828,2610.276852,C2
43.83499174,43.64691027,44.83499174,C0
2211.216,1608.624396,2212.216,C2
2287.00917,1830.374107,2288.00917,C2
2172.338462,1730.906424,2173.338462,C2
889.2360265,597.0369466,890.2360265,C1
1903.728908,1386.333294,1904.728908,C2
951.9286356,327.5655926,952.9286356,C1
78.19166952,-95.34387157,79.19166952,C0
2304.591256,1940.682275,2305.591256,C2
-126.640754,-90.16098395,127.640754,C0
1939.058614,1587.488987,1940.058614,C2
636.7719277,524.2183862,637.7719277,C1
-38.90240817,-12.52441287,39.90240817,C0
2142.10317,1834.43551,2143.10317,C2
541.3047033,489.4078707,542.3047033,C1
767.9795131,203.6400275,768.9795131,C1
1838.289749,1580.414982,1839.289749,C2
2130.758778,1742.882767,2131.758778,C2
2446.567455,1330.499126,2447.567455,C2
120.694294,64.37915087,121.694294,C0
-20.84896625,67.35139683,21.84896625,C0
176.5206349,-15.39981499,177.5206349,C0
2222.502903,1475.555477,2223.502903,C2
74.72451639,153.5414156,75.72451639,C0
2239.694946,2047.338386,2240.694946,C2
161.9959726,46.74925629,162.9959726,C0
116.2129685,-27.04315065,117.2129685,C0
-28.49354943,64.408495,29.49354943,C0
1945.037946,1429.555613,1946.037946,C2
802.1584344,565.6535899,803.1584344,C1
602.066329,367.9852901,603.066329,C1
712.7675375,530.309693,713.7675375,C1
953.710004,579.5567812,954.710004,C1
6.722937738,112.1923312,7.722937738,C0
568.9030669,510.4261859,569.9030669,C1
699.9487203,518.8501694,700.9487203,C1
1987.89072,1605.461716,1988.89072,C2
1742.124327,1662.916256,1743.124327,C2
-231.4096841,-59.53795527,232.4096841,C0
437.4293623,562.8846408,438.4293623,C1
578.6186748,572.5155269,579.6186748,C1
2158.849026,1464.528039,2159.849026,C2
686.8189353,557.1726187,687.8189353,C1
2713.62708,1555.204585,2714.62708,C2
2367.083053,1554.973615,2368.083053,C2
-249.3570724,-1.694243026,250.3570724,C0
674.9869986,431.9431873,675.9869986,C1
583.6446511,459.5142225,584.6446511,C1
-128.1906084,-62.28525687,129.1906084,C0
-243.0751087,198.3068368,244.0751087,C0
870.6152612,549.4144908,871.6152612,C1
466.9184868,392.1130566,467.9184868,C1
123.3936084,158.1238331,124.3936084,C0
693.104057,460.1482296,694.104057,C1
32.31465801,168.9949519,33.31465801,C0
1916.148973,1837.924537,1917.148973,C2
607.5547316,306.9265112,608.5547316,C1
2130.797912,2122.524439,2131.797912,C2
2356.670704,1284.38546,2357.670704,C2
-211.4742315,-102.2448095,212.4742315,C0
-19.05145977,92.25980592,20.05145977,C0
735.5626314,385.2551051,736.5626314,C1
2088.340474,950.0875586,2089.340474,C2
484.6659816,503.7363845,485.6659816,C1
2320.686251,1521.618225,2321.686251,C2
564.6401684,347.5742614,565.6401684,C1
2406.404481,1606.66832,2407.404481,C2
743.1333297,507.8801237,744.1333297,C1
1922.285548,1486.590589,1923.285548,C2
634.7669218,425.6534202,635.7669218,C1
2207.864251,1545.288573,2208.864251,C2
609.6042888,599.5634183,610.6042888,C1
2209.840321,1520.778344,2210.840321,C2
540.1066794,471.515823,541.1066794,C1
-13.01897255,59.5064577,14.01897255,C0
2131.444553,1592.591677,2132.444553,C2
-250.5979748,-78.18547024,251.5979748,C0
2079.934227,1574.594473,2080.934227,C2
-12.62257249,115.5891319,13.62257249,C0
1808.413664,1603.16561,1809.413664,C2
636.6971072,421.9305589,637.6971072,C1
2193.338157,1648.723509,2194.338157,C2
2199.01607,1689.712737,2200.01607,C2
-40.38650128,-51.79318629,41.38650128,C0
-261.7354262,152.222774,262.7354262,C0
2393.100097,1566.153357,2394.100097,C2
-92.16713498,-166.9126747,93.16713498,C0
209.7665447,-12.38211627,210.7665447,C0
603.768216,538.3477822,604.768216,C1
-34.16701748,39.22066216,35.16701748,C0
185.9848336,139.2576543,186.9848336,C0
684.109838,515.8235213,685.109838,C1
32.60640795,88.08178203,33.60640795,C0
1938.240535,1531.657492,1939.240535,C2
569.8886845,542.5382399,570.8886845,C1
98.6001161,87.89997735,99.6001161,C0
1869.504463,1703.030228,1870.504463,C2
1807.974026,1699.819206,1808.974026,C2
2133.663902,1729.634886,2134.663902,C2
-84.81079907,34.11737129,85.81079907,C0
-55.941817,-52.79479922,56.941817,C0
2525.362754,1864.104506,2526.362754,C2
69.65823739,70.50911701,70.65823739,C0
56.18815968,-20.62473637,57.18815968,C0
-3.529082767,-10.04183738,4.529082767,C0
-86.56457646,-69.92466364,87.56457646,C0
-37.67230119,-85.61827098,38.67230119,C0
-83.7858129,-104.6157133,84.7858129,C0
480.6671857,449.0357713,481.6671857,C1
632.9028049,416.9159524,633.9028049,C1
-59.00631674,-58.18647676,60.00631674,C0
1028.38493,436.8870784,1029.38493,C1
2174.34936,1203.583642,2175.34936,C2
688.6915003,364.3274766,689.6915003,C1
-117.2694159,-102.3310678,118.2694159,C0
1935.820057,2090.378323,1936.820057,C2
-13.4501998,50.05727095,14.4501998,C0
7.039747851,120.3996382,8.039747851,C0
690.7387866,524.5073248,691.7387866,C1
2143.145787,1315.003498,2144.145787,C2
2241.825963,1651.061184,2242.825963,C2
1905.865371,1721.002395,1906.865371,C2
2042.484901,1856.883183,2043.484901,C2
829.7963464,474.1379189,830.7963464,C1
810.2174369,269.484066,811.2174369,C1
-48.09673292,70.93720853,49.09673292,C0
2148.867757,1729.416915,2149.867757,C2
2043.483391,1567.26132,2044.483391,C2
-127.6987756,13.13581923,128.6987756,C0
-185.1200253,76.48739805,186.1200253,C0
510.9125957,608.0086352,511.9125957,C1
717.4016637,498.2880353,718.4016637,C1
851.4607851,322.1763938,852.4607851,C1
1996.747465,1036.136569,1997.747465,C2
2043.513199,1572.149544,2044.513199,C2
-16.89364062,-71.20526309,17.89364062,C0
914.2671997,427.9834858,915.2671997,C1
2269.426291,1763.99936,2270.426291,C2
2050.507889,1467.881434,2051.507889,C2
1915.495071,1678.106391,1916.495071,C2
1800.299706,1377.461606,1801.299706,C2
905.0210004,478.2942317,906.0210004,C1
2000.70681,1658.654385,2001.70681,C2
-12.51323675,108.3873118,13.51323675,C0
723.039781,410.4234535,724.039781,C1
815.9837937,690.4196628,816.9837937,C1
692.0275468,611.397427,693.0275468,C1
848.4547888,260.7924878,849.4547888,C1
378.0708376,343.3496242,379.0708376,C1
261.4303535,93.29689891,262.4303535,C0
680.2265136,510.3498543,681.2265136,C1
880.7741402,421.1688342,881.7741402,C1
1655.072625,1448.215898,1656.072625,C2
2271.003456,1596.134132,2272.003456,C2
2005.495845,1183.772318,2006.495845,C2
426.7899965,328.1361534,427.7899965,C1
108.1915556,-192.074602,109.1915556,C0
69.71605199,-45.93423974,70.71605199,C0
620.9324293,617.7832568,621.9324293,C1
1780.568997,1612.468885,1781.568997,C2
98.54248148,-238.4645566,99.54248148,C0
604.1095732,480.420024,605.1095732,C1
2191.326754,1764.625728,2192.326754,C2
121.4088824,-4.023145603,122.4088824,C0
-206.2976433,16.70562999,207.2976433,C0
103.1038104,131.0455522,104.1038104,C0
2243.709634,1124.018069,2244.709634,C2
87.31226321,128.0537732,88.31226321,C0
-345.6683275,47.40638542,346.6683275,C0
2274.821695,1455.125403,2275.821695,C2
2372.606636,1612.830474,2373.606636,C2
1812.878995,1500.973481,1813.878995,C2
11.07246495,-235.638912,12.07246495,C0
920.0501076,447.152038,921.0501076,C1
981.4909366,613.8957582,982.4909366,C1
-141.2824707,2.547085786,142.2824707,C0
907.4053102,348.9836301,908.4053102,C1
747.3083926,378.2774924,748.3083926,C1
1088.009319,442.5008347,1089.009319,C1
2199.596233,1734.357904,2200.596233,C2
150.2833406,-198.2959148,151.2833406,C0
649.0416569,313.3835612,650.0416569,C1
232.4637916,48.15423841,233.4637916,C0
-25.28762802,58.48777448,26.28762802,C0
-13.21792773,-56.47484327,14.21792773,C0
2560.242685,1404.429735,2561.242685,C2
2067.54555,2132.702525,2068.54555,C2
846.609093,361.1036183,847.609093,C1
-64.3152656,8.861937733,65.3152656,C0
1683.865715,1762.654475,1684.865715,C2
44.93283172,-8.311433516,45.93283172,C0
2235.816485,1321.711807,2236.816485,C2
661.0436432,513.82919,662.0436432,C1
603.797943,569.8242587,604.797943,C1
-110.0427995,-168.8510626,111.0427995,C0
-214.6955515,149.5303994,215.6955515,C0
2351.600316,1456.096854,2352.600316,C2
-64.10932705,-106.7610758,65.10932705,C0
2179.588871,1448.005792,2180.588871,C2
2269.861677,1804.062587,2270.861677,C2
729.4678109,393.6671498,730.4678109,C1
2329.179326,1249.469664,2330.179326,C2
589.4267313,662.8327842,590.4267313,C1
658.3501705,497.0300383,659.3501705,C1
2299.646801,1869.375703,2300.646801,C2
660.3705177,619.7313113,661.3705177,C1
865.4827386,612.2377553,866.4827386,C1
883.9322497,619.3329517,884.9322497,C1
712.7843274,368.7565665,713.7843274,C1
1023.751896,547.507921,1024.751896,C1
-89.28188618,-175.1179263,90.28188618,C0
-41.02195272,-16.76705347,42.02195272,C0
2173.951312,1346.722701,2174.951312,C2
735.4845456,435.8624103,736.4845456,C1
540.4820091,411.7168917,541.4820091,C1
1898.342686,1693.867262,1899.342686,C2
840.0063137,441.4988947,841.0063137,C1
1968.861366,1520.874196,1969.861366,C2
1966.06942,1387.955436,1967.06942,C2
2458.263144,1570.255104,2459.263144,C2
2004.24576,1940.385941,2005.24576,C2
729.340844,330.6668471,730.340844,C1
365.0974015,747.2512345,366.0974015,C1
636.3766807,496.239759,637.3766807,C1
780.9277469,421.7314656,781.9277469,C1
898.8233916,392.800884,899.8233916,C1
2180.423971,2255.13416,2181.423971,C2
-307.0823972,-70.65820222,308.0823972,C0
766.3277856,357.0463848,767.3277856,C1
1919.008441,1310.28032,1920.008441,C2
420.4248514,602.001002,421.4248514,C1
200.8923982,151.6757526,201.8923982,C0
820.1101554,238.1418998,821.1101554,C1
2466.50784,1646.006142,2467.50784,C2
887.5408353,484.2752579,888.5408353,C1
2420.92414,1425.040361,2421.92414,C2
1781.275514,1425.01882,1782.275514,C2
2158.42618,1852.485003,2159.42618,C2
60.43551181,26.15016445,61.43551181,C0
954.5797672,432.1504905,955.5797672,C1
2139.018223,1685.656914,2140.018223,C2
-91.09166728,-7.024772183,92.09166728,C0
929.5981153,449.2667361,930.5981153,C1
678.8680565,575.7561938,679.8680565,C1
826.3118038,562.2703386,827.3118038,C1
713.2906393,360.7517844,714.2906393,C1
1037.131185,647.9997963,1038.131185,C1
1920.089553,1611.024084,1921.089553,C2
2216.88912,1302.681298,2217.88912,C2
2367.000054,1931.307574,2368.000054,C2
2287.711814,1698.127787,2288.711814,C2
510.1435653,472.5067085,511.1435653,C1
159.3467628,-3.250015601,160.3467628,C0
1919.719641,1431.528375,1920.719641,C2
576.8495934,439.8069321,577.8495934,C1
8.624695937,-206.863488,9.624695937,C0
1031.993133,369.7447322,1032.993133,C1
239.7767681,98.61165041,240.7767681,C0
49.06482063,-116.2141905,50.06482063,C0
748.8625513,417.6720316,749.8625513,C1
1087.426153,470.2356247,1088.426153,C1
2764.456306,1646.65248,2765.456306,C2
156.9865742,-107.6243459,157.9865742,C0
123.3054371,-44.17474559,124.3054371,C0
-217.1941301,206.1024321,218.1941301,C0
2452.231062,1656.806054,2453.231062,C2
823.3603456,401.8291326,824.3603456,C1
699.1609095,358.6400091,700.1609095,C1
-13.40034015,-32.98592038,14.40034015,C0
639.4091286,347.7970119,640.4091286,C1
-25.81013833,144.3081463,26.81013833,C0
540.4118385,564.7767953,541.4118385,C1
1897.900996,1490.711386,1898.900996,C2
1705.952653,1299.87398,1706.952653,C2
2796.739705,1902.364381,2797.739705,C2
-81.80819723,88.67095239,82.80819723,C0
592.5111973,158.7919566,593.5111973,C1
38.64312237,-99.14295194,39.64312237,C0
20.40816554,-33.65673204,21.40816554,C0
1772.431693,1743.723833,1773.431693,C2
112.7104589,-123.2679656,113.7104589,C0
1778.612733,1553.533808,1779.612733,C2
2040.875691,1385.911624,2041.875691,C2
666.6019723,453.282022,667.6019723,C1
581.4669392,589.8369102,582.4669392,C1
142.1488146,-161.4026161,143.1488146,C0
439.4801291,705.3895395,440.4801291,C1
722.9339946,408.4200716,723.9339946,C1
942.1891217,585.6879789,943.1891217,C1
-298.2708982,41.69433915,299.2708982,C0
858.6298066,435.5906413,859.6298066,C1
2553.735425,1589.147744,2554.735425,C2
152.9535661,-81.75456737,153.9535661,C0
96.84049374,42.86401573,97.84049374,C0
432.3076891,576.2897293,433.3076891,C1
536.343428,335.5224315,537.343428,C1
875.5318802,348.1354367,876.5318802,C1
-62.92926649,-26.05966345,63.92926649,C0
746.871553,696.0339715,747.871553,C1
644.1196422,529.9900602,645.1196422,C1
590.1957024,473.6177959,591.1957024,C1
1944.877077,1619.509332,1945.877077,C2
1896.35876,1859.955918,1897.35876,C2
1823.273266,1732.467635,1824.273266,C2
1811.168362,1655.745951,1812.168362,C2
426.6430789,427.7219616,427.6430789,C1
-131.0111812,60.52992939,132.0111812,C0
2050.365592,1600.674432,2051.365592,C2
2116.070033,1844.010641,2117.070033,C2
818.0531218,572.630671,819.0531218,C1
2809.074456,1675.730347,2810.074456,C2
1881.625704,1707.995884,1882.625704,C2
-41.61133091,-147.3856805,42.61133091,C0
805.8018565,236.7840323,806.8018565,C1
-11.43731498,35.54773279,12.43731498,C0
723.8947235,597.5066356,724.8947235,C1
1981.302477,1816.831885,1982.302477,C2
-111.4575991,-301.3886617,112.4575991,C0
726.2242336,381.0411931,727.2242336,C1
29.03327102,215.4443611,30.03327102,C0
-144.7670181,31.55671656,145.7670181,C0
504.5939735,484.2927646,505.5939735,C1
460.967722,526.315865,461.967722,C1
2118.654799,1635.918823,2119.654799,C2
517.0049028,280.4743998,518.0049028,C1
4.010143592,17.82657012,5.010143592,C0
185.1827104,-48.82379923,186.1827104,C0
-27.64486452,60.70948062,28.64486452,C0
-118.4889803,73.65436626,119.4889803,C0
555.1495612,358.8008736,556.1495612,C1
653.0308357,668.3979664,654.0308357,C1
-74.74116327,-39.91219607,75.74116327,C0
2218.861713,1343.003098,2219.861713,C2
667.6540791,454.9246637,668.6540791,C1
729.2136362,371.391433,730.2136362,C1
677.3810056,476.1898516,678.3810056,C1
-122.2888586,-15.39345395,123.2888586,C0
763.7936338,396.3665406,764.7936338,C1
2061.860232,1277.966423,2062.860232,C2
587.4277479,545.7292816,588.4277479,C1
-76.22669254,159.4975474,77.22669254,C0
178.6705358,22.02559203,179.6705358,C0
2101.871871,848.8777082,2102.871871,C2
664.0831591,490.6364692,665.0831591,C1
19.77347698,73.15448402,20.77347698,C0
1749.332181,1443.394999,1750.332181,C2
-22.5384954,60.33944919,23.5384954,C0
1064.562569,305.8995087,1065.562569,C1
2249.633263,1575.697174,2250.633263,C2
2052.129389,1655.329127,2053.129389,C2
2191.180538,1167.619583,2192.180538,C2
702.4332786,498.0847471,703.4332786,C1
536.6658036,622.8959435,537.6658036,C1
2131.351127,1546.299809,2132.351127,C2
150.1491773,-42.38565447,151.1491773,C0
2459.739888,1568.657299,2460.739888,C2
679.7263661,448.3923556,680.7263661,C1
488.9902812,207.4820112,489.9902812,C1
36.27144138,-42.19800273,37.27144138,C0
2390.209521,1427.440079,2391.209521,C2
2077.790373,1296.369203,2078.790373,C2
-74.60907879,83.47430554,75.60907879,C0
825.672001,563.290941,826.672001,C1
-107.1934067,12.8928291,108.1934067,C0
116.3078712,53.98610088,117.3078712,C0
687.7152025,406.9143506,688.7152025,C1
1648.106234,1469.657249,1649.106234,C2
-212.4912886,20.14466594,213.4912886,C0
1866.340756,1831.110071,1867.340756,C2
-107.4794327,169.3624576,108.4794327,C0
-173.4148416,21.9203231,174.4148416,C0
2433.509244,1616.110196,2434.509244,C2
1829.129686,1597.039096,1830.129686,C2
2498.711088,2037.200772,2499.711088,C2
-17.92121221,23.51698449,18.92121221,C0
1907.292869,1382.021576,1908.292869,C2
803.0982477,344.2984954,804.0982477,C1
76.45585954,41.77044426,77.45585954,C0
220.2359372,55.89426363,221.2359372,C0
-20.32925009,-163.8025269,21.32925009,C0
433.7809339,494.9774774,434.7809339,C1
88.96145309,146.3191057,89.96145309,C0
-144.753669,100.2625189,145.753669,C0
94.34157205,100.9347759,95.34157205,C0
437.903285,814.3892611,438.903285,C1
716.7739912,531.1176912,717.7739912,C1
611.64264,352.2705736,612.64264,C1
47.93723249,50.23119516,48.93723249,C0
724.6157251,319.8154532,725.6157251,C1
1816.706496,1712.211068,1817.706496,C2
2004.673866,1742.303975,2005.673866,C2
361.1508897,133.7324153,362.1508897,C0
496.7633318,679.6229344,497.7633318,C1
9.115512505,-66.6699167,10.1155125,C0
2219.459486,1470.259792,2220.459486,C2
2251.676429,1414.02357,2252.676429,C2
884.4131779,443.3357082,885.4131779,C1
161.2662132,109.359488,162.2662132,C0
2307.572593,1742.635196,2308.572593,C2
-56.71757906,95.58518548,57.71757906,C0
812.2169815,537.8334506,813.2169815,C1
1590.673705,1777.30855,1591.673705,C2
266.4607965,363.9048624,267.4607965,C1
106.9847634,-130.1806542,107.9847634,C0
587.2594471,142.3194708,588.2594471,C1
647.3720672,466.9190904,648.3720672,C1
2296.061963,1475.232015,2297.061963,C2
-349.1735379,-17.31868852,350.1735379,C0
2032.929651,1396.584085,2033.929651,C2
660.6561784,369.9712407,661.6561784,C1
70.27273832,-113.7309364,71.27273832,C0
556.2720133,681.2593546,557.2720133,C1
2355.128324,1449.491407,2356.128324,C2
-8.977803051,3.132822915,9.977803051,C0
794.9567934,11.58898605,795.9567934,C1
685.416242,498.5908991,686.416242,C1
-93.39432805,46.80337671,94.39432805,C0
2200.558255,1543.56852,2201.558255,C2
2021.928103,1413.496881,2022.928103,C2
787.0652919,269.3186442,788.0652919,C1
504.1086075,333.3856374,505.1086075,C1
-180.9377356,223.8402868,181.9377356,C0
708.6054998,460.1524723,709.6054998,C1
1749.849357,1621.245082,1750.849357,C2
1751.841701,1667.488138,1752.841701,C2
-31.31367111,39.72823832,32.31367111,C0
-105.0970248,2.105424259,106.0970248,C0
1899.004793,1476.828582,1900.004793,C2
-81.11785799,-81.14107732,82.11785799,C0
738.6383266,377.5888915,739.6383266,C1
231.7559605,-42.02357542,232.7559605,C0
303.5690743,103.6514268,304.5690743,C0
706.0235455,383.920144,707.0235455,C1
-52.88543297,-89.017538,53.88543297,C0
-46.3169831,-70.18358899,47.3169831,C0
537.7894988,336.3087675,538.7894988,C1
429.0940839,562.0799437,430.0940839,C1
448.2226003,370.9175218,449.2226003,C1
578.1059127,347.8148512,579.1059127,C1
-81.70611397,49.15476379,82.70611397,C0
67.71985501,-181.3112855,68.71985501,C0
1927.553867,1592.859061,1928.553867,C2
2261.353292,1730.865198,2262.353292,C2
536.3184254,503.2294672,537.3184254,C1
98.34735167,-67.75808409,99.34735167,C0
712.9994713,302.4831931,713.9994713,C1
895.6660737,477.0888585,896.6660737,C1
1005.395304,578.1951695,1006.395304,C1
2492.209803,2131.941235,2493.209803,C2
2214.0173,1836.184954,2215.0173,C2
1974.10785,1494.768919,1975.10785,C2
-241.1366129,7.052707935,242.1366129,C0
1703.30348,1597.320695,1704.30348,C2
1983.056511,1521.995042,1984.056511,C2
-78.98019277,-16.62194628,79.98019277,C0
551.7441853,620.5867469,552.7441853,C1
2465.382747,2075.426258,2466.382747,C2
698.8110877,462.9086861,699.8110877,C1
45.60892018,-173.7431853,46.60892018,C0
-113.0750766,139.7000172,114.0750766,C0
2258.751313,1492.756127,2259.751313,C2
632.2018394,663.8367776,633.2018394,C1
-22.63444296,20.44152681,23.63444296,C0
826.0808516,296.9730312,827.0808516,C1
164.719333,-121.8248953,165.719333,C0
1932.825399,1460.999818,1933.825399,C2
367.2912384,212.9674351,368.2912384,C1
569.0095261,615.3897538,570.0095261,C1
-171.8003823,31.85081852,172.8003823,C0
537.2958424,431.9477037,538.2958424,C1
736.7023387,449.4243472,737.7023387,C1
2896.536292,1708.544737,2897.536292,C2
718.1287488,591.8897433,719.1287488,C1
1909.244119,1919.57031,1910.244119,C2
870.8181661,170.3866599,871.8181661,C1
580.357524,606.275964,581.357524,C1
1122.085619,723.0701361,1123.085619,C1
0.3280614832,-30.217518,1.328061483,C0
1833.046218,1621.687249,1834.046218,C2
1452.752347,1329.676566,1453.752347,C2
-42.94833511,2.265338674,43.94833511,C0
2201.155781,1528.256964,2202.155781,C2
485.8098299,485.6351916,486.8098299,C1
15.91988496,30.78858663,16.91988496,C0
14.3277404,-188.986579,15.3277404,C0
2135.260785,1633.095437,2136.260785,C2
2042.212279,1376.736097,2043.212279,C2
-43.14734929,-93.10845549,44.14734929,C0
795.5186996,478.5227031,796.5186996,C1
1848.899314,1745.384301,1849.899314,C2
53.81997145,49.24211556,54.81997145,C0
876.8003819,350.5413231,877.8003819,C1
682.5917265,591.6163611,683.5917265,C1
14.09514628,-10.02907262,15.09514628,C0
2145.975816,1537.463828,2146.975816,C2
817.8980929,546.8897043,818.8980929,C1
33.58725361,-34.95382316,34.58725361,C0
595.8827163,537.9159447,596.8827163,C1
-18.16415751,21.35966149,19.16415751,C0
1922.507959,1553.097479,1923.507959,C2
2159.886414,1692.773768,2160.886414,C2
577.2437824,558.6969845,578.2437824,C1
518.2212794,606.9132982,519.2212794,C1
798.9872672,290.1193711,799.9872672,C1
704.5588967,605.6925579,705.5588967,C1
838.7406393,316.3608362,839.7406393,C1
2017.373402,1744.715049,2018.373402,C2
677.0052401,419.8237238,678.0052401,C1
2001.211328,1734.464074,2002.211328,C2
1528.683324,1627.48428,1529.683324,C2
2046.210654,1214.456368,2047.210654,C2
-114.3042466,-109.0831644,115.3042466,C0
1995.482307,1653.755741,1996.482307,C2
794.4285414,407.4741185,795.4285414,C1
435.2816244,431.6318407,436.2816244,C1
2328.741348,1537.065893,2329.741348,C2
1959.824655,1485.376051,1960.824655,C2
128.7337357,-21.17244975,129.7337357,C0
923.7123994,494.820274,924.7123994,C1
-319.2565485,-48.38595361,320.2565485,C0
843.7982824,293.1459526,844.7982824,C1
1918.031235,1775.983243,1919.031235,C2
28.47198323,-14.59895578,29.47198323,C0
236.8250169,130.3184172,237.8250169,C0
716.5905733,372.0555593,717.5905733,C1
481.8885819,400.4101939,482.8885819,C1
737.3838703,336.687091,738.3838703,C1
712.5827995,433.2968998,713.5827995,C1
-17.02513223,-99.96611112,18.02513223,C0
649.4274488,549.3475319,650.4274488,C1
1915.035195,1821.808995,1916.035195,C2
659.633772,209.5580089,660.633772,C1
2311.365091,1939.255375,2312.365091,C2
-24.89049787,20.07986134,25.89049787,C0
863.7051463,384.1873689,864.7051463,C1
-48.18250728,62.49600279,49.18250728,C0
1844.020966,1604.190583,1845.020966,C2
855.7713814,415.2811485,856.7713814,C1
37.95807098,80.99690154,38.95807098,C0
1640.106791,1776.32098,1641.106791,C2
2713.279027,1765.868118,2714.279027,C2
1965.992617,1437.705957,1966.992617,C2
18.1655162,36.16611698,19.1655162,C0
2363.300092,1625.715377,2364.300092,C2
-185.4416125,-73.97766727,186.4416125,C0
155.0223495,174.2949543,156.0223495,C0
96.75097248,-139.5197062,97.75097248,C0
387.1631825,437.4282494,388.1631825,C1
746.193333,663.7454067,747.193333,C1
739.7690564,277.2215736,740.7690564,C1
2091.285101,1624.73049,2092.285101,C2
-123.9403942,-2.045674171,124.9403942,C0
15.96150398,109.295729,16.96150398,C0
1009.371801,714.0043178,1010.371801,C1
582.3689324,407.9572466,583.3689324,C1
2182.035523,1664.966852,2183.035523,C2
2231.368753,1951.843917,2232.368753,C2
2358.446845,1668.237997,2359.446845,C2
1973.725612,1878.009473,1974.725612,C2
632.2248169,383.4644451,633.2248169,C1
1767.613669,1650.39035,1768.613669,C2
1105.969844,251.7644188,1106.969844,C1
-34.43313123,-70.59269302,35.43313123,C0
-17.51481054,-0.2272525409,18.51481054,C0
2383.385983,1629.401604,2384.385983,C2
741.609782,604.6096861,742.609782,C1
-92.72890212,58.1090036,93.72890212,C0
653.4103022,246.7856313,654.4103022,C1
134.7183245,70.75049074,135.7183245,C0
1668.355825,1500.969394,1669.355825,C2
217.4904308,-35.90145356,218.4904308,C0
60.71786746,66.0816338,61.71786746,C0
-24.56206543,4.408087314,25.56206543,C0
825.9179212,528.2624704,826.9179212,C1
1825.817201,1744.712023,1826.817201,C2
595.4748192,549.9244292,596.4748192,C1
-10.27225604,-27.52978138,11.27225604,C0
1760.924879,2071.338389,1761.924879,C2
-13.8841785,27.45344243,14.8841785,C0
2259.189616,1697.819328,2260.189616,C2
-176.3965179,-13.08453212,177.3965179,C0
821.1430714,431.5380502,822.1430714,C1
183.9830827,63.82174994,184.9830827,C0
873.7212926,315.5770345,874.7212926,C1
254.3864451,-119.148207,255.3864451,C0
616.5111207,378.7483977,617.5111207,C1
2353.607131,1646.346596,2354.607131,C2
220.0237219,-42.80584489,221.0237219,C0
2054.797824,1540.735759,2055.797824,C2
1750.582439,1291.650939,1751.582439,C2
2218.794203,2037.696729,2219.794203,C2
2422.897312,1823.329047,2423.897312,C2
63.94731702,543.4008564,64.94731702,C1
118.7681021,-150.4582187,119.7681021,C0
107.292128,67.66296986,108.292128,C0
107.195556,29.00971481,108.195556,C0
1758.760395,1568.375006,1759.760395,C2
2180.046543,1877.131216,2181.046543,C2
38.3636625,127.5332537,39.3636625,C0
768.7845487,541.2017903,769.7845487,C1
100.2955064,168.6668092,101.2955064,C0
225.0641334,203.8377886,226.0641334,C0
854.891167,387.4721567,855.891167,C1
2066.081962,1762.881112,2067.081962,C2
781.7409607,368.7812861,782.7409607,C1
42.9257412,97.32178673,43.9257412,C0
2145.772508,1470.411494,2146.772508,C2
-20.46969318,-6.553648659,21.46969318,C0
-7.269689492,-70.88978366,8.269689492,C0
238.2152225,-62.94430657,239.2152225,C0
2696.011474,1727.666615,2697.011474,C2
-68.22370319,-14.21219656,69.22370319,C0
698.4067722,138.2543283,699.4067722,C1
86.19525412,-7.557324713,87.19525412,C0
1675.224068,2007.336611,1676.224068,C2
170.2887486,-43.13146255,171.2887486,C0
979.3832929,430.9622283,980.3832929,C1
-17.13452247,-146.5740023,18.13452247,C0
593.4327838,335.6446773,594.4327838,C1
894.4695696,521.8525763,895.4695696,C1
21.24608419,-21.56650763,22.24608419,C0
2223.575984,1422.698296,2224.575984,C2
958.1019082,441.0379949,959.1019082,C1
1772.846931,1375.854668,1773.846931,C2
2321.458601,929.2727478,2322.458601,C2
161.945656,-125.8926922,162.945656,C0
2576.005937,1688.891595,2577.005937,C2
1746.232498,1364.887912,1747.232498,C2
7.75340025,174.7129532,8.75340025,C0
676.2613298,486.3508437,677.2613298,C1
1642.247504,1457.610552,1643.247504,C2
2250.717783,1562.007898,2251.717783,C2
1872.058196,1285.277107,1873.058196,C2
-37.20219167,273.995905,38.20219167,C0
2577.97093,1872.74179,2578.97093,C2
621.6501694,314.6863485,622.6501694,C1
623.03045,656.1732431,624.03045,C1
2236.532346,1504.929672,2237.532346,C2
2152.663717,1248.95017,2153.663717,C2
129.7648613,24.45595236,130.7648613,C0
1943.380844,1547.232884,1944.380844,C2
1907.627119,1583.421525,1908.627119,C2
2034.964994,1772.517493,2035.964994,C2
106.7995709,44.86177129,107.7995709,C0
2085.725566,1710.863195,2086.725566,C2
180.8242134,-31.1672662,181.8242134,C0
2036.631469,1575.642395,2037.631469,C2
543.4932621,412.1970019,544.4932621,C1
67.26825785,-51.8493511,68.26825785,C0
641.9352048,541.3309555,642.9352048,C1
784.8386124,758.2504688,785.8386124,C1
493.5494794,289.077383,494.5494794,C1
-25.76486295,-82.42473722,26.76486295,C0
2200.102146,1862.3993,2201.102146,C2
295.7635197,336.8085562,296.7635197,C1
591.1729231,682.8823728,592.1729231,C1
2506.36545,1327.027125,2507.36545,C2
661.8541082,603.0988028,662.8541082,C1
-63.58785195,-62.83366361,64.58785195,C0
2073.085922,2119.526549,2074.085922,C2
1060.568913,602.060291,1061.568913,C1
-125.9216047,-130.5005352,126.9216047,C0
1922.920968,1237.921651,1923.920968,C2
2467.383767,1760.2954,2468.383767,C2
725.9434366,363.9063704,726.9434366,C1
-61.22592081,143.2520025,62.22592081,C0
2096.476376,1354.893535,2097.476376,C2
-114.1825775,-61.86108472,115.1825775,C0
2223.582346,1717.246277,2224.582346,C2
769.1930351,660.8663991,770.1930351,C1
740.7457963,390.7345378,741.7457963,C1
2153.227291,1865.356548,2154.227291,C2
663.7223404,362.3133788,664.7223404,C1
2264.999304,2311.469695,2265.999304,C2
2231.649885,2067.352462,2232.649885,C2
2186.670486,1618.644883,2187.670486,C2
782.0139122,420.2723939,783.0139122,C1
693.0884695,603.2884162,694.0884695,C1
518.6823571,235.3336301,519.6823571,C1
2475.230413,1538.333592,2476.230413,C2
1165.471632,390.6525248,1166.471632,C1
908.5264034,592.325636,909.5264034,C1
985.8465473,702.6168714,986.8465473,C1
193.4841408,212.3280838,194.4841408,C1
1905.533841,1305.765871,1906.533841,C2
758.368458,502.4978925,759.368458,C1
766.4869035,481.4898676,767.4869035,C1
312.0915715,495.7482492,313.0915715,C1
1955.327842,1564.41049,1956.327842,C2
2317.728548,1243.610486,2318.728548,C2
725.1277322,518.4604106,726.1277322,C1
704.54069,520.4266355,705.54069,C1
-0.01361289224,100.786602,1.013612892,C0
-123.1398298,175.5990635,124.1398298,C0
-12.63200808,59.04670597,13.63200808,C0
1914.672876,1355.317828,1915.672876,C2
912.526182,202.202742,913.526182,C1
2080.138686,1345.470787,2081.138686,C2
137.5268309,98.14366848,138.5268309,C0
1865.105678,1756.163717,1866.105678,C2
81.4571,50.24924361,82.4571,C0
-240.6264741,65.00629398,241.6264741,C0
1332.95401,1520.615782,1333.95401,C2
-92.79337171,143.3635227,93.79337171,C0
117.8736314,100.6548813,118.8736314,C0
2242.638698,1715.628471,2243.638698,C2
1947.777089,1708.642654,1948.777089,C2
93.19980869,52.41064129,94.19980869,C0
158.8054623,-43.57603254,159.8054623,C0
2501.747001,1522.718618,2502.747001,C2
-2.338053962,-10.70032118,3.338053962,C0
1703.786065,1368.71594,1704.786065,C2
-81.67677746,96.24799393,82.67677746,C0
793.0872241,373.9954117,794.0872241,C1
-213.2284297,-45.6262138,214.2284297,C0
296.4110444,209.954013,297.4110444,C1
252.560863,-47.34393674,253.560863,C0
121.9564362,8.726748674,122.9564362,C0
-61.75438381,32.22715913,62.75438381,C0
974.2181309,459.7437059,975.2181309,C1
1930.399011,1362.401093,1931.399011,C2
81.70437374,85.11254326,82.70437374,C0
469.9391377,219.3313681,470.9391377,C1
1774.905264,1638.855873,1775.905264,C2
1929.765301,1637.001667,1930.765301,C2
623.6229199,442.7634803,624.6229199,C1
770.8815183,465.4163438,771.8815183,C1
-107.6892068,-21.97894893,108.6892068,C0
676.6510726,429.3151537,677.6510726,C1
2001.935092,1519.969275,2002.935092,C2
1895.006303,1878.580256,1896.006303,C2
443.2272739,293.5902772,444.2272739,C1
706.0319247,371.0785633,707.0319247,C1
216.5684785,-27.08794883,217.5684785,C0
1033.878918,518.1787695,1034.878918,C1
143.0914529,-176.9213796,144.0914529,C0
2193.502946,1302.422988,2194.502946,C2
2238.283269,1696.57378,2239.283269,C2
-25.02262688,10.83799617,26.02262688,C0
2471.368898,1573.227098,2472.368898,C2
1871.634874,1635.822538,1872.634874,C2
895.7583509,418.4022255,896.7583509,C1
737.4736346,550.3329131,738.4736346,C1
204.9448573,118.0600322,205.9448573,C0
221.916654,93.30654896,222.916654,C0
1847.568787,1439.73664,1848.568787,C2
153.1071343,-200.1168413,154.1071343,C0
-5.542100061,68.70661739,6.542100061,C0
154.0143583,-154.5127484,155.0143583,C0
2414.942316,1468.47511,2415.942316,C2
653.4187025,494.4227197,654.4187025,C1
-281.3462996,108.8337941,282.3462996,C0
715.7760798,370.4610267,716.7760798,C1
872.2253137,470.5047604,873.2253137,C1
793.1536057,457.7574531,794.1536057,C1
-184.6154127,153.6008866,185.6154127,C0
-20.44291203,-183.2510436,21.44291203,C0
466.4901549,430.9545787,467.4901549,C1
233.2192224,-19.05610666,234.2192224,C0
91.97888532,-14.0815857,92.97888532,C0
637.1413566,536.3573803,638.1413566,C1
837.5075952,535.977453,838.5075952,C1
2048.536817,1516.164293,2049.536817,C2
2006.889015,1552.185163,2007.889015,C2
2469.397516,1477.66783,2470.397516,C2
-132.7326329,-133.731947,133.7326329,C0
-213.2300986,27.57840534,214.2300986,C0
578.0069367,267.4184217,579.0069367,C1
2544.982841,1421.047368,2545.982841,C2
63.38501268,5.638323566,64.38501268,C0
2302.002109,1785.087132,2303.002109,C2
2422.85937,1533.403061,2423.85937,C2
7.858666749,130.2925426,8.858666749,C0
2210.798122,1338.418528,2211.798122,C2
811.2630187,609.291042,812.2630187,C1
2334.73274,1612.936375,2335.73274,C2
858.3450291,410.4569585,859.3450291,C1
1941.453584,1594.506949,1942.453584,C2
2374.60545,1802.644667,2375.60545,C2
1688.599502,2243.629578,1689.599502,C2
2169.412159,1361.400118,2170.412159,C2
613.6049063,453.142151,614.6049063,C1
2038.097466,1754.155013,2039.097466,C2
2181.660286,2081.737425,2182.660286,C2
578.9305925,418.4964646,579.9305925,C1
624.9236418,228.6011906,625.9236418,C1
2057.806746,1438.279567,2058.806746,C2
18.71543575,-76.24948916,19.71543575,C0
1931.947753,1634.617876,1932.947753,C2
-52.55236038,-163.3080848,53.55236038,C0
1619.803977,1359.863299,1620.803977,C2
70.25707709,174.7532875,71.25707709,C0
1963.98136,2257.889601,1964.98136,C2
657.3272826,398.4881316,658.3272826,C1
839.1348775,542.7520986,840.1348775,C1
524.7449425,276.8246567,525.7449425,C1
100.3467496,171.4277183,101.3467496,C0
798.2602248,566.4098151,799.2602248,C1
123.4419584,29.91527599,124.4419584,C0
130.0702176,5.004406022,131.0702176,C0
863.2352116,592.4390336,864.2352116,C1
-159.5889471,-119.2257493,160.5889471,C0
23.8256006,-30.26106344,24.8256006,C0
-50.28116321,-23.16231748,51.28116321,C0
510.9212824,519.9622157,511.9212824,C1
2520.975482,1250.947966,2521.975482,C2
863.1839639,541.1569763,864.1839639,C1
2265.370651,1403.190661,2266.370651,C2
1996.601001,1929.845528,1997.601001,C2
786.7620923,436.4670477,787.7620923,C1
814.2916708,371.0551483,815.2916708,C1
624.5041219,509.6653591,625.5041219,C1
1840.50285,1463.85667,1841.50285,C2
766.0541432,496.5887381,767.0541432,C1
2212.389869,1738.900381,2213.389869,C2
2165.516299,1420.050231,2166.516299,C2
12.51254801,-145.3262324,13.51254801,C0
696.2690223,321.6240052,697.2690223,C1
589.1103718,443.614172,590.1103718,C1
1856.518739,1673.464966,1857.518739,C2
743.4063778,639.6818023,744.4063778,C1
694.1091379,480.3470564,695.1091379,C1
423.1441272,388.7427796,424.1441272,C1
417.3418756,430.107601,418.3418756,C1
626.6096244,284.0078969,627.6096244,C1
37.85464656,-335.4825232,38.85464656,C0
1885.592676,1582.11035,1886.592676,C2
84.85782364,-108.3421093,85.85782364,C0
1923.400302,1586.452818,1924.400302,C2
1740.515021,1402.284775,1741.515021,C2
1902.450639,1685.648403,1903.450639,C2
57.52996085,3.502395978,58.52996085,C0
-54.09736345,-31.86905221,55.09736345,C0
724.2677547,346.4243696,725.2677547,C1
-88.7522262,-95.36211125,89.7522262,C0
1994.237768,1495.512988,1995.237768,C2
53.00739892,36.86276549,54.00739892,C0
1742.517045,1865.741998,1743.517045,C2
-117.8226298,-150.623207,118.8226298,C0
25.6914442,110.5408452,26.6914442,C0
-41.44437114,-93.99798655,42.44437114,C0
254.0154952,598.8795918,255.0154952,C1
95.47243833,79.94734662,96.47243833,C0
2002.336621,1483.08905,2003.336621,C2
44.79589228,-55.5494178,45.79589228,C0
2084.115821,1503.900975,2085.115821,C2
1544.976432,1596.539183,1545.976432,C2
2240.308615,1300.209992,2241.308615,C2
2312.93499,2342.541944,2313.93499,C2
449.2953534,543.0146066,450.2953534,C1
748.4622901,358.8095828,749.4622901,C1
-275.7246422,56.31940167,276.7246422,C0
628.2418249,400.9023402,629.2418249,C1
2408.043183,1685.995649,2409.043183,C2
-47.15365618,-198.6669696,48.15365618,C0
964.7035674,634.7041623,965.7035674,C1
550.0512674,549.3136394,551.0512674,C1
2385.452237,1476.292366,2386.452237,C2
2066.343357,1821.273374,2067.343357,C2
821.1132632,586.3400587,822.1132632,C1
698.4787149,190.3689294,699.4787149,C1
2898.596346,1513.457611,2899.596346,C2
853.9648794,236.3167312,854.9648794,C1
740.2245676,557.0432162,741.2245676,C1
890.1367986,250.1048356,891.1367986,C1
-56.46569505,-110.1770018,57.46569505,C0
62.23604094,-190.2443841,63.23604094,C0
1054.826335,358.395391,1055.826335,C1
-74.84083136,-131.5191531,75.84083136,C0
615.7485387,470.5171455,616.7485387,C1
2108.572488,1166.457738,2109.572488,C2
1952.813502,1620.766663,1953.813502,C2
666.3723891,394.5661452,667.3723891,C1
17.46366133,-48.31738167,18.46366133,C0
2633.583104,1709.820287,2634.583104,C2
828.4891326,283.8391537,829.4891326,C1
636.7140711,596.8920122,637.7140711,C1
-60.5528513,95.8219814,61.5528513,C0
2822.978689,1930.548839,2823.978689,C2
869.2401284,719.6833099,870.2401284,C1
723.7245781,219.9542954,724.7245781,C1
620.2247526,586.3245468,621.2247526,C1
571.9810762,610.6153807,572.9810762,C1
-64.09932626,229.384806,65.09932626,C0
647.7141532,332.6535559,648.7141532,C1
871.2389713,551.1769641,872.2389713,C1
1599.828622,1795.012608,1600.828622,C2
547.6125186,531.9874147,548.6125186,C1
1752.326628,1649.099473,1753.326628,C2
821.7741465,513.7861129,822.7741465,C1
644.6795707,421.0998851,645.6795707,C1
68.95950964,3.44520362,69.95950964,C0
-8.796574377,141.6509141,9.796574377,C0
-237.2887558,-74.12347511,238.2887558,C0
1651.340801,1408.532723,1652.340801,C2
2033.530006,1249.497728,2034.530006,C2
2329.674583,1862.882194,2330.674583,C2
992.8732672,455.989643,993.8732672,C1
663.5001865,615.0347552,664.5001865,C1
604.098589,554.678812,605.098589,C1
66.50252074,-110.8919447,67.50252074,C0
2316.424181,1386.065584,2317.424181,C2
2026.966497,1199.851227,2027.966497,C2
1821.56637,1376.485749,1822.56637,C2
986.6194004,338.4884318,987.6194004,C1
719.6925128,354.9083373,720.6925128,C1
2273.975627,1931.41173,2274.975627,C2
-42.38256677,-103.3093334,43.38256677,C0
63.7533371,-7.217663527,64.7533371,C0
2235.479277,1670.355177,2236.479277,C2
577.3585232,477.9415769,578.3585232,C1
903.2414887,475.8206636,904.2414887,C1
559.3041966,435.5979008,560.3041966,C1
2399.532798,1469.723135,2400.532798,C2
729.6209307,512.9000324,730.6209307,C1
458.4290431,330.9567353,459.4290431,C1
129.9401595,88.66846912,130.9401595,C0
2066.734357,1519.908223,2067.734357,C2
1854.260116,1121.018586,1855.260116,C2
2115.715175,1946.712527,2116.715175,C2
-113.3333794,109.9808903,114.3333794,C0
690.3851339,706.4470291,691.3851339,C1
-48.42389706,13.13258282,49.42389706,C0
2226.210369,1711.313738,2227.210369,C2
1972.793366,1577.828332,1973.793366,C2
693.6972984,295.3195159,694.6972984,C1
514.7778347,404.66934,515.7778347,C1
2158.309599,1379.16896,2159.309599,C2
1652.427798,1781.897352,1653.427798,C2
2170.613686,1534.104875,2171.613686,C2
1673.62642,1290.38647,1674.62642,C2
2365.634739,2140.909599,2366.634739,C2
999.8435324,476.2320874,1000.843532,C1
646.9009697,582.0398761,647.9009697,C1
611.9312591,359.2174787,612.9312591,C1
651.3092762,533.6231012,652.3092762,C1
2429.060916,1467.504211,2430.060916,C2
582.9100355,324.576288,583.9100355,C1
786.1685364,818.1898337,787.1685364,C1
834.8359704,494.7172088,835.8359704,C1
-113.7873729,45.57223128,114.7873729,C0
552.4516376,544.0123344,553.4516376,C1
2197.588488,1456.200098,2198.588488,C2
737.0723892,536.8637687,738.0723892,C1
61.27291108,17.56936347,62.27291108,C0
2343.666445,1371.072219,2344.666445,C2
2030.060784,1326.049042,2031.060784,C2
194.8384091,80.11892979,195.8384091,C0
2234.894501,1432.691436,2235.894501,C2
782.6412976,535.3164967,783.6412976,C1
2144.593274,1659.31489,2145.593274,C2
-5.736224768,18.86109881,6.736224768,C0
380.5716266,406.4501366,381.5716266,C1
617.7139499,382.4623868,618.7139499,C1
1914.597135,1359.297819,1915.597135,C2
80.97861291,-65.67566252,81.97861291,C0
1573.275294,1646.937862,1574.275294,C2
548.1420339,619.5793077,549.1420339,C1
17.66065196,-69.64989612,18.66065196,C0
987.755973,427.2820828,988.755973,C1
690.14527,394.09478,691.14527,C1
2208.645102,1487.730842,2209.645102,C2
783.7627306,366.6841776,784.7627306,C1
88.02910287,38.98218409,89.02910287,C0
2416.478701,1518.209177,2417.478701,C2
786.9777473,277.8045071,787.9777473,C1
855.3748957,467.096856,856.3748957,C1
763.4013269,587.1087284,764.4013269,C1
794.8926145,542.891002,795.8926145,C1
2063.03107,1267.888362,2064.03107,C2
-126.6174053,-62.26879079,127.6174053,C0
208.6129173,29.67999973,209.6129173,C0
751.0204086,517.3741955,752.0204086,C1
2161.096696,1347.154529,2162.096696,C2
1868.442268,1935.454438,1869.442268,C2
2375.395342,1291.824866,2376.395342,C2
1917.815271,1737.230954,1918.815271,C2
-75.02666982,225.1288152,76.02666982,C0
2447.840165,1348.302665,2448.840165,C2
509.3795056,364.2485424,510.3795056,C1
2311.119493,1141.522112,2312.119493,C2
597.4734873,423.3609948,598.4734873,C1
135.1221161,-83.1958864,136.1221161,C0
439.0546174,466.3088829,440.0546174,C1
780.2011849,601.1574277,781.2011849,C1
79.48273391,-63.26003649,80.48273391,C0
676.8856389,326.1526896,677.8856389,C1
-111.6812026,75.67949074,112.6812026,C0
2503.157991,1412.085829,2504.157991,C2
2248.102186,2067.858141,2249.102186,C2
1881.150073,1747.703318,1882.150073,C2
2255.165302,1806.947229,2256.165302,C2
1818.315114,1175.233894,1819.315114,C2
-26.07272901,11.6432151,27.07272901,C0
1698.029561,1484.420971,1699.029561,C2
2.356139232,-50.46441097,3.356139232,C0
-52.20871498,1.668879322,53.20871498,C0
792.9421064,589.4400775,793.9421064,C1
15.44233932,95.24497195,16.44233932,C0
70.91843753,-13.07993942,71.91843753,C0
1743.775749,1994.336982,1744.775749,C2
562.2690818,640.6637091,563.2690818,C1
-99.95251819,-38.62148499,100.9525182,C0
600.3577798,408.4265733,601.3577798,C1
704.6399197,446.8108679,705.6399197,C1
2346.253751,1395.781354,2347.253751,C2
1862.931361,1359.383131,1863.931361,C2
1958.756411,1472.162284,1959.756411,C2
2418.677867,1437.140487,2419.677867,C2
693.0165532,395.5492019,694.0165532,C1
74.85725451,85.35543358,75.85725451,C0
521.4795866,606.5272646,522.4795866,C1
45.11998147,5.881078256,46.11998147,C0
1968.664629,1262.419069,1969.664629,C2
1764.251102,2055.369923,1765.251102,C2
1915.052261,1793.731607,1916.052261,C2
2041.521561,1335.275421,2042.521561,C2
1914.725679,1385.286788,1915.725679,C2
-28.22276632,-138.4037661,29.22276632,C0
161.4203785,161.5634693,162.4203785,C0
1104.270945,584.3912403,1105.270945,C1
57.02134997,-72.5649477,58.02134997,C0
2434.156364,1417.935417,2435.156364,C2
558.3658201,574.7804268,559.3658201,C1
1865.679299,1527.646302,1866.679299,C2
-23.20430846,-102.3333888,24.20430846,C0
-16.24628872,-64.6042918,17.24628872,C0
2208.439912,1475.65863,2209.439912,C2
-111.0190436,-141.457204,112.0190436,C0
578.0469296,550.4427154,579.0469296,C1
628.4479885,497.4650093,629.4479885,C1
2148.023686,2027.44527,2149.023686,C2
-6.859654357,-86.56322669,7.859654357,C0
148.6609425,-48.71361134,149.6609425,C0
1787.186585,1347.231713,1788.186585,C2
1613.618456,1561.713174,1614.618456,C2
-3.865880035,-67.58669494,4.865880035,C0
1852.890788,1488.371631,1853.890788,C2
38.12388247,128.2438571,39.12388247,C0
-28.87564878,57.94466822,29.87564878,C0
1018.987457,642.9547357,1019.987457,C1
-195.76338,-97.93682989,196.76338,C0
935.6038712,252.1529016,936.6038712,C1
27.00027705,-69.20956147,28.00027705,C0
680.6579945,218.0876504,681.6579945,C1
956.5941236,303.9641933,957.5941236,C1
1831.507368,1758.354079,1832.507368,C2
2451.445126,1785.281775,2452.445126,C2
2155.276869,1514.376156,2156.276869,C2
774.1331015,497.6658795,775.1331015,C1
535.6088437,304.271526,536.6088437,C1
801.8979469,402.9332841,802.8979469,C1
428.7211841,562.715454,429.7211841,C1
2016.27466,1256.393835,2017.27466,C2
12.08067782,-50.17087702,13.08067782,C0
748.1844765,522.4410663,749.1844765,C1
862.5885702,463.0608246,863.5885702,C1
2144.636597,1624.383844,2145.636597,C2
895.6550233,373.5774345,896.6550233,C1
1825.764191,1439.506638,1826.764191,C2
-133.1624619,-11.06010701,134.1624619,C0
2202.15506,2000.046386,2203.15506,C2
509.7255786,491.4307583,510.7255786,C1
1051.819905,350.6463125,1052.819905,C1
1918.652967,1615.772779,1919.652967,C2
844.053934,430.1016708,845.053934,C1
653.8201936,256.1172355,654.8201936,C1
114.9632402,-91.62793599,115.9632402,C0
2330.152939,1319.226141,2331.152939,C2
471.8961001,730.5978755,472.8961001,C1
660.133648,735.3184541,661.133648,C1
1721.437171,1478.630093,1722.437171,C2
784.6983907,374.3608261,785.6983907,C1
885.1105507,483.3649872,886.1105507,C1
1898.596925,1922.804304,1899.596925,C2
905.1591781,594.6278769,906.1591781,C1
36.18249618,52.10956935,37.18249618,C0
2271.010875,1509.484497,2272.010875,C2
2619.085093,1305.609004,2620.085093,C2
543.7406311,510.8325695,544.7406311,C1
-85.45245799,113.6070352,86.45245799,C0
1928.166618,1531.299962,1929.166618,C2
643.1448104,593.8026255,644.1448104,C1
539.2687212,431.9681685,540.2687212,C1
-206.7506214,-91.83272644,207.7506214,C0
-216.9533175,169.3963418,217.9533175,C0
102.0128074,12.35035317,103.0128074,C0
482.4093989,408.8929696,483.4093989,C1
89.46723601,-91.34331513,90.46723601,C0
-89.05003352,-82.89858034,90.05003352,C0
757.3851598,474.2120135,758.3851598,C1
-112.5903281,-3.736694106,113.5903281,C0
597.6200478,426.9731201,598.6200478,C1
2188.586793,1380.932845,2189.586793,C2
2680.687965,1359.490436,2681.687965,C2
13.91169086,66.67530452,14.91169086,C0
644.7785846,538.7288831,645.7785846,C1
24.73399625,-7.9421658,25.73399625,C0
1963.190123,1239.234798,1964.190123,C2
852.0806129,392.7033026,853.0806129,C1
2172.31977,1933.114249,2173.31977,C2
677.3800326,474.0037777,678.3800326,C1
610.8932716,228.8448146,611.8932716,C1
85.88068264,-39.8545747,86.88068264,C0
-22.39989596,11.23253551,23.39989596,C0
2053.686172,1447.032962,2054.686172,C2
2130.642819,1608.149809,2131.642819,C2
835.4564597,418.7872267,836.4564597,C1
-92.06280208,-112.7495063,93.06280208,C0
2172.858129,1796.453485,2173.858129,C2
742.1300419,400.3199312,743.1300419,C1
-277.2935094,168.3972589,278.2935094,C0
1889.825633,1531.538559,1890.825633,C2
15.63366803,171.1307338,16.63366803,C0
455.9642721,445.871997,456.9642721,C1
30.55032365,-45.9294384,31.55032365,C0
6.737231598,-58.46529744,7.737231598,C0
463.6077578,374.4970361,464.6077578,C1
-61.70933635,-21.93094666,62.70933635,C0
103.0320982,-95.73243007,104.0320982,C0
-243.7842544,-174.9412953,244.7842544,C0
86.94247796,-48.53429815,87.94247796,C0
368.8910166,386.5960832,369.8910166,C1
2003.68791,1315.233406,2004.68791,C2
138.6958488,19.38554868,139.6958488,C0
-116.6273967,-134.7758299,117.6273967,C0
2042.667163,1491.657087,2043.667163,C2
563.6815519,646.205637,564.6815519,C1
1848.840221,1435.821897,1849.840221,C2
891.6231774,431.5593222,892.6231774,C1
2172.377523,1556.888653,2173.377523,C2
230.493202,59.58906159,231.493202,C0
71.03428709,162.4477779,72.03428709,C0
-36.55620724,71.97785772,37.55620724,C0
974.9822692,512.9276914,975.9822692,C1
-68.87645369,24.13873684,69.87645369,C0
610.5408963,430.0490788,611.5408963,C1
2097.864801,1817.505124,2098.864801,C2
677.3781829,503.6461,678.3781829,C1
470.1116872,569.7226724,471.1116872,C1
2550.08804,1481.009804,2551.08804,C2
1883.667503,1989.432176,1884.667503,C2
22.38151356,-84.80902046,23.38151356,C0
71.17726775,-43.49910642,72.17726775,C0
-113.7780981,-207.7410163,114.7780981,C0
2260.421886,1746.905617,2261.421886,C2
2185.595088,1787.427845,2186.595088,C2
1926.372421,1867.336678,1927.372421,C2
759.346739,410.787903,760.346739,C1
1981.673738,2043.985019,1982.673738,C2
656.8551137,418.8774198,657.8551137,C1
530.2150284,528.0697621,531.2150284,C1
734.87531,313.5085825,735.87531,C1
2528.593714,1600.775218,2529.593714,C2
458.9896432,450.8184743,459.9896432,C1
-175.1118782,-111.4107294,176.1118782,C0
883.7809215,580.4371644,884.7809215,C1
-14.3918358,171.4931377,15.3918358,C0
995.7237325,459.0658621,996.7237325,C1
439.1358603,435.6280119,440.1358603,C1
2126.524799,1324.959179,2127.524799,C2
188.4207127,-52.00409896,189.4207127,C0
1497.081508,1537.076573,1498.081508,C2
2333.676569,1531.283952,2334.676569,C2
2142.790022,1812.322609,2143.790022,C2
561.2127124,366.7214378,562.2127124,C1
1979.963203,1563.892082,1980.963203,C2
2311.598723,1542.904694,2312.598723,C2
-104.6390721,25.06677104,105.6390721,C0
492.9208847,480.93735,493.9208847,C1
2221.992362,1528.128743,2222.992362,C2
30.33725198,19.51928855,31.33725198,C0
1.495781356,-114.0240548,2.495781356,C0
-43.66746476,-31.04771172,44.66746476,C0
2431.225875,1837.720495,2432.225875,C2
45.86748474,47.70904526,46.86748474,C0
140.0286085,-38.08824123,141.0286085,C0
1999.872757,1318.995838,2000.872757,C2
5.83949044,-51.47187459,6.83949044,C0
864.3180411,492.9440981,865.3180411,C1
654.5727496,382.8049743,655.5727496,C1
634.8940932,515.4980292,635.8940932,C1
785.7323833,489.5757238,786.7323833,C1
526.2725881,414.2541451,527.2725881,C1
2525.349193,1617.333934,2526.349193,C2
794.8202301,342.6007497,795.8202301,C1
2050.441772,1305.228106,2051.441772,C2
109.2751682,147.4905014,110.2751682,C0
1775.810131,1358.047265,1776.810131,C2
691.9006996,359.6189139,692.9006996,C1
-128.8855355,-72.79825382,129.8855355,C0
1768.108856,1246.309361,1769.108856,C2
660.2718924,569.7527435,661.2718924,C1
131.9767847,-84.99031192,132.9767847,C0
428.5522146,399.6201203,429.5522146,C1
2252.837811,1868.680989,2253.837811,C2
2032.032278,1657.914696,2033.032278,C2
2391.34627,1791.999453,2392.34627,C2
908.0300758,410.5267135,909.0300758,C1
-50.33610143,-258.8382712,51.33610143,C0
482.9717596,368.3739726,483.9717596,C1
2335.733971,1756.825772,2336.733971,C2
-82.16468042,202.905235,83.16468042,C0
1759.511406,1668.674847,1760.511406,C2
2682.605994,1787.783311,2683.605994,C2
2314.923757,1380.779963,2315.923757,C2
2133.60153,1626.42697,2134.60153,C2
761.2868759,411.7820045,762.2868759,C1
-51.50295915,230.0064095,52.50295915,C0
702.2553517,513.5067185,703.2553517,C1
-196.5783151,-210.0441306,197.5783151,C0
2025.825156,1287.064371,2026.825156,C2
1923.935753,1685.803887,1924.935753,C2
25.96768161,273.890054,26.96768161,C0
448.8728048,270.7075754,449.8728048,C1
2158.110242,1382.855474,2159.110242,C2
1927.556834,1859.655895,1928.556834,C2
867.0997327,557.2071711,868.0997327,C1
653.7695705,459.8472009,654.7695705,C1
-105.6745052,-111.0472053,106.6745052,C0
-145.148394,62.06175805,146.148394,C0
2326.684427,1514.966705,2327.684427,C2
804.5433794,577.0606379,805.5433794,C1
144.7692137,224.8336238,145.7692137,C0
206.9624563,64.72740859,207.9624563,C0
909.7010027,486.7228013,910.7010027,C1
1946.305284,1482.274957,1947.305284,C2
2097.674771,1821.789095,2098.674771,C2
2159.095011,1465.634629,2160.095011,C2
8.062396019,-133.6019212,9.062396019,C0
849.0465462,210.7611984,850.0465462,C1
813.4928011,384.5353275,814.4928011,C1
2233.34078,1727.965994,2234.34078,C2
2316.948611,1345.579473,2317.948611,C2
-110.2726045,3.869953123,111.2726045,C0
2381.537774,1694.232913,2382.537774,C2
2394.542246,1584.172443,2395.542246,C2
208.3091926,-180.8087961,209.3091926,C0
2183.636747,1709.919676,2184.636747,C2
673.9796691,385.5462298,674.9796691,C1
2661.068562,1908.128478,2662.068562,C2
764.1638312,400.1405628,765.1638312,C1
913.2694002,418.3528861,914.2694002,C1
476.9544487,380.26807,477.9544487,C1
706.1177024,457.7320461,707.1177024,C1
-137.0378787,-126.5985539,138.0378787,C0
2069.465156,1335.73242,2070.465156,C2
-72.87618809,99.37571679,73.87618809,C0
1706.284256,1455.261938,1707.284256,C2
2525.672757,1845.086777,2526.672757,C2
2047.801635,1636.708629,2048.801635,C2
760.2700797,413.2956187,761.2700797,C1
2279.883331,1225.040991,2280.883331,C2
2297.425158,1737.623244,2298.425158,C2
711.2859585,593.842912,712.2859585,C1
1575.113526,1868.274901,1576.113526,C2
-36.88963535,-43.36613942,37.88963535,C0
166.1149374,106.1267512,167.1149374,C0
-10.02601433,62.26678477,11.02601433,C0
2230.915545,1760.401845,2231.915545,C2
-158.1432256,151.8515501,159.1432256,C0
-234.0427094,60.57923632,235.0427094,C0
700.2750718,678.5760839,701.2750718,C1
541.4179758,487.0070313,542.4179758,C1
36.65588016,-14.58229984,37.65588016,C0
1939.982684,1387.780853,1940.982684,C2
-146.5257401,142.4279289,147.5257401,C0
932.4009942,405.9509606,933.4009942,C1
2327.961403,1720.4952,2328.961403,C2
-137.5886724,-133.1773763,138.5886724,C0
737.1158778,424.7114163,738.1158778,C1
209.203769,-24.08004735,210.203769,C0
1914.395772,1698.965145,1915.395772,C2
2341.088007,1898.346709,2342.088007,C2
742.8426855,527.5107396,743.8426855,C1
1920.204217,1774.372146,1921.204217,C2
-152.3470668,-7.252934658,153.3470668,C0
368.6104895,393.6444546,369.6104895,C1
607.1975305,602.4858548,608.1975305,C1
1000.226937,356.6966589,1001.226937,C1
739.1322221,417.3582889,740.1322221,C1
37.31206898,-44.13149697,38.31206898,C0
602.6816231,329.83796,603.6816231,C1
775.2081744,370.069855,776.2081744,C1
838.3146644,405.2632401,839.3146644,C1
804.5848925,605.8436108,805.5848925,C1
-74.77221615,-95.6227008,75.77221615,C0
39.06441582,-84.22896353,40.06441582,C0
-127.6546512,-94.14018183,128.6546512,C0
835.1861376,483.7232094,836.1861376,C1
2472.195011,1536.845778,2473.195011,C2
1002.434588,287.0444614,1003.434588,C1
-74.48011467,79.24138452,75.48011467,C0
146.2802707,22.7272608,147.2802707,C0
856.7236595,256.0859049,857.7236595,C1
2105.129695,1525.31803,2106.129695,C2
591.9537848,577.6510077,592.9537848,C1
638.1775498,438.3379724,639.1775498,C1
-123.0844941,26.49245444,124.0844941,C0
610.5306086,549.9078132,611.5306086,C1
30.79568928,-21.35272582,31.79568928,C0
630.9106708,383.7826917,631.9106708,C1
1637.804626,1708.64102,1638.804626,C2
1937.218117,1441.864481,1938.218117,C2
693.4530019,341.5328386,694.4530019,C1
2501.739156,1720.728868,2502.739156,C2
1997.449426,1649.103981,1998.449426,C2
-153.1065559,232.0123434,154.1065559,C0
1960.319105,1562.31353,1961.319105,C2
2013.065001,1676.03772,2014.065001,C2
2396.739694,1608.786757,2397.739694,C2
1804.866329,1661.406097,1805.866329,C2
2015.823769,1789.701795,2016.823769,C2
785.6098905,559.4350981,786.6098905,C1
213.9368793,-151.6460897,214.9368793,C0
1879.037654,1451.780087,1880.037654,C2
615.3127054,405.8405627,616.3127054,C1
556.5572987,393.1300759,557.5572987,C1
461.2735603,602.1437356,462.2735603,C1
13.34606625,46.38599919,14.34606625,C0
-23.06538225,-51.3956962,24.06538225,C0
-23.51707769,-16.19213104,24.51707769,C0
-86.55011217,65.24451193,87.55011217,C0
907.4028734,494.8445387,908.4028734,C1
628.1345811,259.7957222,629.1345811,C1
454.0392743,492.8631413,455.0392743,C1
-37.90955123,-25.37914085,38.90955123,C0
1795.097393,1209.856324,1796.097393,C2
2159.465762,1888.207588,2160.465762,C2
459.1989287,246.5995964,460.1989287,C1
1116.143594,402.5189363,1117.143594,C1
652.2742,457.5592815,653.2742,C1
807.5681318,339.9593,808.5681318,C1
90.22735536,92.28040206,91.22735536,C0
124.5222292,-5.51636657,125.5222292,C0
808.6233414,639.4834056,809.6233414,C1
1907.37152,1288.082427,1908.37152,C2
2361.816255,1604.076964,2362.816255,C2
581.6284407,494.5160809,582.6284407,C1
1768.073431,1370.847773,1769.073431,C2
2025.502434,1541.849683,2026.502434,C2
1202.553304,420.4686231,1203.553304,C1
395.6772359,358.1509436,396.6772359,C1
65.01210724,107.9004831,66.01210724,C0
2213.447292,1588.63637,2214.447292,C2
153.3299762,27.35077087,154.3299762,C0
660.1659222,570.6450281,661.1659222,C1
2275.977686,1560.790012,2276.977686,C2
868.9774453,710.2103967,869.9774453,C1
632.0305672,465.2673989,633.0305672,C1
806.2090853,264.6304091,807.2090853,C1
595.0121659,560.7284317,596.0121659,C1
973.3870356,397.719015,974.3870356,C1
415.9140104,455.1622798,416.9140104,C1
2062.60243,1096.88554,2063.60243,C2
840.3279583,467.469882,841.3279583,C1
259.2521758,14.14147611,260.2521758,C0
16.63647698,-50.78459657,17.63647698,C0
2344.599363,1560.741798,2345.599363,C2
129.8039313,-60.98805765,130.8039313,C0
1936.932899,2049.159559,1937.932899,C2
69.44349018,154.1374655,70.44349018,C0
399.2251171,287.2773275,400.2251171,C1
-211.9942627,-44.25649997,212.9942627,C0
1769.105503,1504.796244,1770.105503,C2
116.4553705,235.0468673,117.4553705,C0
2378.380279,1406.708295,2379.380279,C2
2403.342373,1609.386881,2404.342373,C2
-57.47420045,22.25901762,58.47420045,C0
1846.470691,2095.718939,1847.470691,C2
-25.69669904,-169.4614087,26.69669904,C0
1976.121107,1586.68785,1977.121107,C2
1010.013098,364.4580544,1011.013098,C1
-14.20462404,61.92246215,15.20462404,C0
269.7944023,26.00023469,270.7944023,C0
104.3387464,45.26830982,105.3387464,C0
700.7954056,368.3769115,701.7954056,C1
703.3815889,603.0352121,704.3815889,C1
-110.180252,-153.8257966,111.180252,C0
2217.323603,1575.578125,2218.323603,C2
788.9193753,514.8083667,789.9193753,C1
2285.476182,1224.29942,2286.476182,C2
108.7040216,-139.9056311,109.7040216,C0
266.1684955,334.6801227,267.1684955,C1
652.6070861,805.8056462,653.6070861,C1
953.2717145,556.7924332,954.2717145,C1
580.3641137,639.3286295,581.3641137,C1
750.5896763,405.2208894,751.5896763,C1
88.02887563,62.08856824,89.02887563,C0
109.5797441,-123.4382873,110.5797441,C0
2290.363622,1784.815758,2291.363622,C2
-15.22144619,-118.6416284,16.22144619,C0
2351.192714,1444.021183,2352.192714,C2
-84.46774211,-47.2511147,85.46774211,C0
-38.15516754,23.05087948,39.15516754,C0
209.2791407,-27.57690849,210.2791407,C0
818.2880227,258.2603387,819.2880227,C1
1820.097035,1838.392908,1821.097035,C2
2605.817745,1569.021174,2606.817745,C2
2020.265876,1749.334598,2021.265876,C2
622.0947185,403.5937807,623.0947185,C1
856.0589758,606.7911777,857.0589758,C1
2371.929794,1371.754703,2372.929794,C2
596.5399837,363.9452267,597.5399837,C1
2189.156076,1554.112841,2190.156076,C2
-232.8539193,-8.142837655,233.8539193,C0
2177.69033,1734.384624,2178.69033,C2
59.4996995,42.81562959,60.4996995,C0
159.4534181,-50.23017148,160.4534181,C0
1797.916897,1877.223008,1798.916897,C2
797.1542653,517.0830843,798.1542653,C1
77.75405288,-17.3781618,78.75405288,C0
1524.280211,1735.148352,1525.280211,C2
757.931275,563.6017091,758.931275,C1
95.44406301,30.91286312,96.44406301,C0
2244.380187,1602.898116,2245.380187,C2
101.1245096,-12.29640606,102.1245096,C0
2418.927754,2045.897388,2419.927754,C2
1051.476358,512.5997395,1052.476358,C1
650.183666,533.0173265,651.183666,C1
698.2577622,398.3339941,699.2577622,C1
2167.043024,1268.787931,2168.043024,C2
724.8375478,360.5394516,725.8375478,C1
103.2171365,-93.10437058,104.2171365,C0
690.8125268,467.6682543,691.8125268,C1
1845.971076,1553.040723,1846.971076,C2
473.1407745,475.0658022,474.1407745,C1
-86.83991054,40.94716909,87.83991054,C0
322.8678624,460.1757942,323.8678624,C1
1631.558371,1537.396281,1632.558371,C2
1992.682266,1917.242053,1993.682266,C2
-209.7354476,10.18782024,210.7354476,C0
2622.486971,1905.374224,2623.486971,C2
445.7231896,568.0150672,446.7231896,C1
2183.533614,1686.28323,2184.533614,C2
27.42610263,80.52533042,28.42610263,C0
2197.229874,1775.002189,2198.229874,C2
550.4268444,564.2555899,551.4268444,C1
490.7150333,573.9384337,491.7150333,C1
6.076201899,-25.05562297,7.076201899,C0
135.4486898,97.58001921,136.4486898,C0
2329.023066,1718.618886,2330.023066,C2
2188.763008,1735.884422,2189.763008,C2
-86.80721317,-57.96144707,87.80721317,C0
496.0609481,409.0570821,497.0609481,C1
2510.1581,1414.896937,2511.1581,C2
696.0493745,622.608705,697.0493745,C1
499.2425719,687.8246115,500.2425719,C1
45.42921817,14.68876571,46.42921817,C0
2269.639681,1494.21543,2270.639681,C2
845.9238032,495.0948387,846.9238032,C1
1783.830485,1713.790909,1784.830485,C2
-20.00997554,62.09487915,21.00997554,C0
91.20541682,-207.1717946,92.20541682,C0
196.165273,-40.07041649,197.165273,C0
794.7382416,341.197756,795.7382416,C1
801.2005266,604.2845967,802.2005266,C1
1926.988167,1821.548974,1927.988167,C2
2477.967246,1496.057314,2478.967246,C2
109.1961905,-132.6714638,110.1961905,C0
535.2774465,369.7224694,536.2774465,C1
2088.508692,1601.668441,2089.508692,C2
1962.973021,1249.828648,1963.973021,C2
632.1301555,287.6281762,633.1301555,C1
2541.753639,1564.605706,2542.753639,C2
-96.09859037,44.83435882,97.09859037,C0
2010.632597,1500.570628,2011.632597,C2
1987.182982,1716.499239,1988.182982,C2
17.71716285,-156.7011732,18.71716285,C0
117.8286225,200.4287481,118.8286225,C0
821.8505471,529.1983376,822.8505471,C1
2125.750544,1598.415967,2126.750544,C2
706.2182439,652.4197955,707.2182439,C1
2163.304023,1155.02049,2164.304023,C2
68.518216,-109.0691957,69.518216,C0
869.2204439,506.7571527,870.2204439,C1
8.761864265,-62.53599433,9.761864265,C0
2408.685647,1623.731542,2409.685647,C2
24.2318702,-6.535798566,25.2318702,C0
2453.721899,1607.054126,2454.721899,C2
2279.790643,1706.728218,2280.790643,C2
713.2804804,803.5495591,714.2804804,C1
93.96643848,-131.0305287,94.96643848,C0
981.5175563,263.9794129,982.5175563,C1
2464.854332,1467.63165,2465.854332,C2
1876.447979,1721.452162,1877.447979,C2
1824.158357,2148.994505,1825.158357,C2
1039.602426,519.7293437,1040.602426,C1
483.4774175,218.7767278,484.4774175,C1
2226.352051,1360.293192,2227.352051,C2
771.0178287,425.8127287,772.0178287,C1
134.049236,189.2272607,135.049236,C0
904.8900691,628.2607254,905.8900691,C1
1987.027235,1480.823027,1988.027235,C2
-43.5949255,-13.4869807,44.5949255,C0
1814.167106,1683.175981,1815.167106,C2
0.7631475152,-25.07768328,1.763147515,C0
847.2485972,484.5742233,848.2485972,C1
706.302632,540.7934699,707.302632,C1
674.1611537,338.9521093,675.1611537,C1
914.0724804,292.882503,915.0724804,C1
686.6765416,321.2502023,687.6765416,C1
730.8013808,667.9346143,731.8013808,C1
1888.544826,1469.927973,1889.544826,C2
130.616274,132.7683452,131.616274,C0
2182.335831,1961.796548,2183.335831,C2
74.41916993,46.17964271,75.41916993,C0
2638.930331,1527.826802,2639.930331,C2
709.3170233,357.6007066,710.3170233,C1
2216.446686,1578.378172,2217.446686,C2
152.3477723,-21.2649969,153.3477723,C0
2592.699108,1442.532908,2593.699108,C2
-235.8952368,-140.1560358,236.8952368,C0
28.42331065,17.77426646,29.42331065,C0
215.0301655,21.5498896,216.0301655,C0
1982.866919,1666.983134,1983.866919,C2
2331.899179,1174.348228,2332.899179,C2
616.0755895,435.1911165,617.0755895,C1
844.4041016,711.128946,845.4041016,C1
1686.344504,1591.357789,1687.344504,C2
584.9680691,580.6433492,585.9680691,C1
-0.7232875345,-27.39463244,1.723287535,C0
583.9586862,417.3056285,584.9586862,C1
558.3260498,279.7328405,559.3260498,C1
1993.104018,1279.770349,1994.104018,C2
44.89714456,35.05248179,45.89714456,C0
-137.8373038,-68.74009032,138.8373038,C0
578.030794,588.5375213,579.030794,C1
96.46526946,49.44515234,97.46526946,C0
824.357611,507.5606517,825.357611,C1
919.0686083,546.7293513,920.0686083,C1
2374.63763,1844.432194,2375.63763,C2
481.4441555,515.1991136,482.4441555,C1
2294.610686,1686.639819,2295.610686,C2
1942.259282,1683.660382,1943.259282,C2
595.3316758,478.4450004,596.3316758,C1
738.9735333,561.5867729,739.9735333,C1
88.94651132,-63.97151943,89.94651132,C0
445.1990517,634.8575782,446.1990517,C1
885.8394127,564.7420082,886.8394127,C1
2131.472314,1704.592959,2132.472314,C2
2295.560874,1830.939171,2296.560874,C2
659.7007538,446.7360551,660.7007538,C1
9.476849184,14.71888152,10.47684918,C0
595.7640322,482.7467012,596.7640322,C1
1678.581086,1839.659874,1679.581086,C2
-171.1844843,-215.4775993,172.1844843,C0
2002.378712,1784.884505,2003.378712,C2
1684.520806,1469.652488,1685.520806,C2
-5.840963424,-285.0226591,6.840963424,C0
653.8592777,710.3013456,654.8592777,C1
36.6961498,-12.20646962,37.6961498,C0
744.444533,641.5946247,745.444533,C1
1.129010916,229.6304591,2.129010916,C0
-5.670954999,73.75099626,6.670954999,C0
-97.23461139,198.964903,98.23461139,C0
162.1445239,-49.61966605,163.1445239,C0
100.438026,26.64976224,101.438026,C0
65.69201668,-1.743338303,66.69201668,C0
864.6617546,602.1484995,865.6617546,C1
2157.705422,2019.224335,2158.705422,C2
2235.041702,1241.923661,2236.041702,C2
752.0311495,348.8144868,753.0311495,C1
1003.428361,505.3379597,1004.428361,C1
717.6798118,435.5716231,718.6798118,C1
655.3201289,602.7303571,656.3201289,C1
254.4449411,293.2354023,255.4449411,C1
664.784805,535.7349692,665.784805,C1
2206.412489,1611.740294,2207.412489,C2
2181.802595,2216.293039,2182.802595,C2
-24.18781793,-73.47718001,25.18781793,C0
2047.965399,1540.087805,2048.965399,C2
707.1732741,503.9912897,708.1732741,C1
631.6062774,500.9128366,632.6062774,C1
912.8752803,551.8844586,913.8752803,C1
1751.031934,1856.401305,1752.031934,C2
2021.025815,1931.997881,2022.025815,C2
2143.324248,1335.802082,2144.324248,C2
737.901154,658.5400994,738.901154,C1
275.4261646,-44.56068222,276.4261646,C0
-28.50377416,152.0649534,29.50377416,C0
703.4006165,460.2532634,704.4006165,C1
734.6737602,440.624509,735.6737602,C1
2275.981778,1499.965156,2276.981778,C2
1983.488156,1725.075985,1984.488156,C2
-24.38975508,-73.19183027,25.38975508,C0
150.2285231,-27.35823143,151.2285231,C0
96.17348591,108.1087089,97.17348591,C0
1923.187575,1244.175606,1924.187575,C2
-89.57018953,-163.2188671,90.57018953,C0
2310.789515,1922.038397,2311.789515,C2
-136.0821106,-48.69437906,137.0821106,C0
733.497353,270.4993972,734.497353,C1
146.7017521,116.9193153,147.7017521,C0
2241.860918,1070.568508,2242.860918,C2
2012.33612,1911.630382,2013.33612,C2
2246.456972,1330.204035,2247.456972,C2
874.2450355,450.2861041,875.2450355,C1
2065.820425,1777.915796,2066.820425,C2
-89.54409819,-13.66083291,90.54409819,C0
118.4399636,-96.58173957,119.4399636,C0
24.01205905,-95.74362656,25.01205905,C0
-124.569461,-52.12638907,125.569461,C0
768.7020108,472.0515763,769.7020108,C1
856.2568305,519.4949237,857.2568305,C1
769.9972172,580.8162865,770.9972172,C1
1032.139503,429.9018023,1033.139503,C1
886.2799434,379.4273233,887.2799434,C1
705.6604501,324.0938017,706.6604501,C1
746.3148866,452.1248387,747.3148866,C1
-35.57707237,140.755992,36.57707237,C0
2072.623097,1573.86219,2073.623097,C2
2367.496884,1510.905159,2368.496884,C2
1949.958793,1531.448852,1950.958793,C2
-98.07085648,74.3088461,99.07085648,C0
111.6202547,-16.44507046,112.6202547,C0
40.44744305,314.5381289,41.44744305,C0
1074.163143,325.5012704,1075.163143,C1
2386.048971,1265.321735,2387.048971,C2
1658.740086,1569.745802,1659.740086,C2
925.8186458,505.587082,926.8186458,C1
616.054518,453.0734321,617.054518,C1
33.20165474,145.1105061,34.20165474,C0
1757.585028,1705.827498,1758.585028,C2
2212.61077,1367.360792,2213.61077,C2
1754.735382,1874.151114,1755.735382,C2
608.8118708,390.6415272,609.8118708,C1
-258.4184557,-108.2124101,259.4184557,C0
652.6227761,271.953452,653.6227761,C1
2020.319758,1914.144454,2021.319758,C2
1852.927788,1435.711913,1853.927788,C2
52.58381662,-126.3248414,53.58381662,C0
2150.71601,1778.108686,2151.71601,C2
810.7438024,350.0554036,811.7438024,C1
1896.867014,1445.073944,1897.867014,C2
2035.204169,1446.614984,2036.204169,C2
18.51319855,103.1817659,19.51319855,C0
632.8388514,365.069036,633.8388514,C1
835.620709,340.1702785,836.620709,C1
669.9809702,648.855672,670.9809702,C1
2313.387973,1717.212585,2314.387973,C2
-216.3973173,10.77096835,217.3973173,C0
23.74167861,-114.1251541,24.74167861,C0
792.3924745,487.3887593,793.3924745,C1
2001.598607,1523.58775,2002.598607,C2
290.6966611,545.6795231,291.6966611,C1
55.62019192,16.1223398,56.62019192,C0
2229.584793,1733.988624,2230.584793,C2
2310.790769,1558.536186,2311.790769,C2
115.733604,104.2508365,116.733604,C0
773.0591213,421.5444042,774.0591213,C1
2099.441001,1739.226154,2100.441001,C2
2290.590661,1296.865489,2291.590661,C2
9.497983452,41.3975538,10.49798345,C0
1952.724161,1575.006176,1953.724161,C2
1781.421312,1649.055849,1782.421312,C2
685.5921081,495.5400187,686.5921081,C1
182.1678028,122.9353699,183.1678028,C0
-249.7552852,-31.20137064,250.7552852,C0
2317.44033,2023.64651,2318.44033,C2
1862.745937,1918.42858,1863.745937,C2
597.5491131,355.2602699,598.5491131,C1
1640.636965,2100.84999,1641.636965,C2
1916.572097,1544.648956,1917.572097,C2
2852.986152,1278.610175,2853.986152,C2
1955.075331,1606.888188,1956.075331,C2
1582.855345,1875.436306,1583.855345,C2
1849.124434,1502.206975,1850.124434,C2
2295.46763,1551.837354,2296.46763,C2
-71.24605436,8.972737131,72.24605436,C0
2778.169442,1625.802216,2779.169442,C2
2371.034887,1710.093884,2372.034887,C2
-269.6523442,-45.04984064,270.6523442,C0
1721.777817,1788.536784,1722.777817,C2
1836.297142,1629.632218,1837.297142,C2
854.2882146,511.9236376,855.2882146,C1
2129.973,1479.315855,2130.973,C2
424.1605451,334.9255717,425.1605451,C1
2034.045105,1591.695233,2035.045105,C2
1929.404786,1788.775489,1930.404786,C2
143.9764899,2.096382605,144.9764899,C0
529.0783341,446.2666077,530.0783341,C1
87.45610967,-75.56243579,88.45610967,C0
-126.8093567,16.83303337,127.8093567,C0
1819.516938,1842.884694,1820.516938,C2
1616.403166,1176.669474,1617.403166,C2
169.0973532,109.8457015,170.0973532,C0
645.4456383,343.1637372,646.4456383,C1
-75.66175249,187.768079,76.66175249,C0
2255.032958,1560.134623,2256.032958,C2
521.4835995,343.3465495,522.4835995,C1
813.8616753,579.4329384,814.8616753,C1
-79.06912889,72.31307402,80.06912889,C0
87.24611016,-40.77626607,88.24611016,C0
606.0309418,576.5867237,607.0309418,C1
774.1614026,421.8077335,775.1614026,C1
2283.247689,1692.740715,2284.247689,C2
1579.514226,1622.621748,1580.514226,C2
415.2716681,459.7996941,416.2716681,C1
-177.7386018,-153.2157318,178.7386018,C0
-109.6850195,-15.22104165,110.6850195,C0
1801.490113,1517.318274,1802.490113,C2
2343.611237,1940.655564,2344.611237,C2
1936.993219,1708.674963,1937.993219,C2
2278.266173,1573.132323,2279.266173,C2
2174.904828,1397.516544,2175.904828,C2
11.22058517,121.892219,12.22058517,C0
87.86034512,98.84550175,88.86034512,C0
-105.6902021,17.95466237,106.6902021,C0
2215.371741,1639.221043,2216.371741,C2
666.1374728,364.9741798,667.1374728,C1
40.48299774,-97.58652274,41.48299774,C0
-90.73992128,-45.32382496,91.73992128,C0
33.01396055,95.72338592,34.01396055,C0
2610.917924,1842.125751,2611.917924,C2
27.76930317,105.3665622,28.76930317,C0
-351.0725344,218.5046237,352.0725344,C0
552.568537,522.4757978,553.568537,C1
63.0824435,89.17210152,64.0824435,C0
2189.957271,1702.074258,2190.957271,C2
2062.643532,1692.208124,2063.643532,C2
555.0656011,373.125838,556.0656011,C1
72.0598852,12.82432648,73.0598852,C0
2595.142787,1651.23219,2596.142787,C2
-15.40546793,2.299702568,16.40546793,C0
2591.28821,1990.534227,2592.28821,C2
827.2490025,518.4071255,828.2490025,C1
1813.787037,1483.970301,1814.787037,C2
2008.065064,1276.247027,2009.065064,C2
2179.381423,1278.429249,2180.381423,C2
97.37570899,-125.5865931,98.37570899,C0
149.9899079,-69.51816865,150.9899079,C0
443.81479,456.9295996,444.81479,C1
17.47351489,-44.05866432,18.47351489,C0
1891.821114,1597.146259,1892.821114,C2
2060.373715,1792.623367,2061.373715,C2
451.5082292,525.2244414,452.5082292,C1
1016.697225,318.2233062,1017.697225,C1
656.2214017,227.7790195,657.2214017,C1
-6.540255049,17.71544107,7.540255049,C0
175.9304246,-143.3470342,176.9304246,C0
-107.8258782,47.5368405,108.8258782,C0
629.0130232,389.861697,630.0130232,C1
147.7010602,135.9323052,148.7010602,C0
-20.56377715,97.90974717,21.56377715,C0
2055.847313,1852.681495,2056.847313,C2
144.71143,88.04736395,145.71143,C0
64.83436766,155.5594118,65.83436766,C0
2172.718192,1670.403675,2173.718192,C2
154.5624295,-28.27931053,155.5624295,C0
525.0590747,504.7346348,526.0590747,C1
737.8961747,526.2013799,738.8961747,C1
28.36274787,-26.42389307,29.36274787,C0
547.0793523,622.4968406,548.0793523,C1
-48.97696811,55.25838084,49.97696811,C0
589.9287521,462.8900837,590.9287521,C1
1621.214015,1814.131259,1622.214015,C2
1661.669034,1628.236357,1662.669034,C2
475.2909197,558.7738677,476.2909197,C1
530.6213989,352.0660186,531.6213989,C1
1855.251596,1223.886769,1856.251596,C2
2041.390229,1648.827797,2042.390229,C2
824.2034704,585.7659571,825.2034704,C1
1034.242475,506.9937076,1035.242475,C1
438.187597,547.1032303,439.187597,C1
2388.485672,1855.501582,2389.485672,C2
738.7750657,410.9258238,739.7750657,C1
-128.8610771,50.94033794,129.8610771,C0
2059.770575,1603.812836,2060.770575,C2
572.3935279,419.5117018,573.3935279,C1
448.0156792,330.8334149,449.0156792,C1
642.1902736,321.9662222,643.1902736,C1
560.2806401,562.600105,561.2806401,C1
-67.14939034,-77.50048673,68.14939034,C0
727.9205592,359.7217498,728.9205592,C1
833.6533144,306.3537135,834.6533144,C1
2137.280763,1870.725759,2138.280763,C2
92.46634601,220.3048639,93.46634601,C0
5.470759587,-48.61901383,6.470759587,C0
1012.02624,486.6938729,1013.02624,C1
127.7917116,-30.7444162,128.7917116,C0
935.3397698,299.6616669,936.3397698,C1
2065.979881,1812.172358,2066.979881,C2
316.3209478,384.5030209,317.3209478,C1
2089.913138,1668.917062,2090.913138,C2
1575.49092,1253.050908,1576.49092,C2
651.8037143,466.4997493,652.8037143,C1
202.4327773,-64.99864977,203.4327773,C0
1042.373373,356.0998449,1043.373373,C1
677.4027648,491.5061456,678.4027648,C1
183.8783936,88.04271113,184.8783936,C0
2085.4225,1454.120436,2086.4225,C2
647.838635,358.6508824,648.838635,C1
2636.351154,1485.423094,2637.351154,C2
-122.4150368,12.84596581,123.4150368,C0
289.6777082,141.7862788,290.6777082,C0
-17.59429652,-104.5528277,18.59429652,C0
624.2107129,372.0912011,625.2107129,C1
-183.5945131,-91.95983307,184.5945131,C0
727.8307601,546.0377909,728.8307601,C1
722.4307743,196.9452022,723.4307743,C1
-18.35746584,-112.4312716,19.35746584,C0
770.5495859,445.5675133,771.5495859,C1
2040.100463,1875.136414,2041.100463,C2
967.7762651,346.1362402,968.7762651,C1
2256.917941,1176.361698,2257.917941,C2
687.9806788,588.6318601,688.9806788,C1
2086.599814,1513.34818,2087.599814,C2
1697.822857,1485.941064,1698.822857,C2
647.5934839,520.8410692,648.5934839,C1
2015.181581,1009.539433,2016.181581,C2
1937.711157,1948.02185,1938.711157,C2
-44.33422756,-3.558807955,45.33422756,C0
2182.256503,1768.200555,2183.256503,C2
747.222437,346.3916265,748.222437,C1
2240.06986,1218.35738,2241.06986,C2
606.9294414,592.6623846,607.9294414,C1
253.9724632,-11.16584596,254.9724632,C0
74.84141057,63.78518654,75.84141057,C0
1684.381236,1894.280884,1685.381236,C2
2201.417973,1592.223807,2202.417973,C2
-18.0320209,-168.5882004,19.0320209,C0
0.6831158917,-21.23309229,1.683115892,C0
707.2686314,329.8494389,708.2686314,C1
63.07555961,-35.47188856,64.07555961,C0
-31.55662061,98.43464362,32.55662061,C0
1968.654555,1410.772322,1969.654555,C2
133.6577323,30.87230059,134.6577323,C0
2303.447976,1730.614329,2304.447976,C2
852.2813155,266.5622844,853.2813155,C1
390.7822025,532.6999258,391.7822025,C1
83.98639269,60.62178862,84.98639269,C0
2304.535344,1567.915579,2305.535344,C2
-130.2769458,11.37868646,131.2769458,C0
-18.97274426,-3.555692723,19.97274426,C0
24.90509625,-195.453411,25.90509625,C0
2051.385511,2030.842108,2052.385511,C2
1932.402672,1422.671396,1933.402672,C2
78.45319969,-79.08309232,79.45319969,C0
486.5469443,504.1401909,487.5469443,C1
2207.874819,1545.121482,2208.874819,C2
23.76085324,-135.3851295,24.76085324,C0
1455.222407,1922.135875,1456.222407,C2
2192.308316,1720.444023,2193.308316,C2
270.4510435,-117.7260333,271.4510435,C0
113.9046142,31.83052245,114.9046142,C0
2307.022947,1809.484886,2308.022947,C2
-79.51571211,-5.935797301,80.51571211,C0
32.14726968,4.503671522,33.14726968,C0
-42.0099597,102.2434139,43.0099597,C0
1770.403231,1676.787033,1771.403231,C2
-127.6772072,73.58853468,128.6772072,C0
1486.840052,1403.557465,1487.840052,C2
-31.31286448,-258.058641,32.31286448,C0
-79.14368513,-64.6972638,80.14368513,C0
2230.145335,1601.365462,2231.145335,C2
841.0360719,514.4034891,842.0360719,C1
718.2474574,538.4325659,719.2474574,C1
566.5822832,482.3211725,567.5822832,C1
-211.206128,-96.83358386,212.206128,C0
711.8602163,291.8935118,712.8602163,C1
1755.407397,1844.500344,1756.407397,C2
748.4672238,527.6453241,749.4672238,C1
47.92311517,-109.7433233,48.92311517,C0
1780.615352,1379.201958,1781.615352,C2
684.8962224,640.3460262,685.8962224,C1
-31.85174284,-49.69802951,32.85174284,C0
914.5685221,446.4305138,915.5685221,C1
1638.726005,1533.768644,1639.726005,C2
135.6424202,139.678708,136.6424202,C0
576.4944735,617.1602369,577.4944735,C1
854.8348598,627.3561215,855.8348598,C1
103.514392,98.10038532,104.514392,C0
826.3120185,453.9870145,827.3120185,C1
596.184797,256.3301248,597.184797,C1
-59.70968289,111.3365085,60.70968289,C0
139.5242771,-101.3986952,140.5242771,C0
-45.49113265,-128.3788136,46.49113265,C0
694.9200074,464.6997051,695.9200074,C1
87.98647909,-11.18976055,88.98647909,C0
86.34312187,57.91820889,87.34312187,C0
645.2309974,675.5967437,646.2309974,C1
1051.50582,241.0362896,1052.50582,C1
2205.162432,1491.082531,2206.162432,C2
2075.227281,1652.226901,2076.227281,C2
2243.378508,2119.889175,2244.378508,C2
2263.276415,1682.395397,2264.276415,C2
2044.208403,1528.483332,2045.208403,C2
1814.868261,1310.198279,1815.868261,C2
-57.51855738,96.56556712,58.51855738,C0
762.8132115,449.0834344,763.8132115,C1
2217.360267,1787.022471,2218.360267,C2
714.343095,428.0338456,715.343095,C1
691.4077821,492.053389,692.4077821,C1
758.5423328,375.1177337,759.5423328,C1
2018.904911,2025.343629,2019.904911,C2
2081.130831,1732.03442,2082.130831,C2
381.7560818,553.412574,382.7560818,C1
1974.597867,1571.613031,1975.597867,C2
844.9119625,579.8622877,845.9119625,C1
-99.13951961,-173.8843637,100.1395196,C0
16.02841643,26.2569577,17.02841643,C0
709.9790129,309.3301239,710.9790129,C1
832.5380931,563.6878663,833.5380931,C1
1910.044002,1247.805977,1911.044002,C2
2041.653129,1694.010272,2042.653129,C2
753.9218944,567.5335241,754.9218944,C1
1934.11178,1641.582487,1935.11178,C2
716.7020162,418.0298571,717.7020162,C1
7.932928171,-65.00764127,8.932928171,C0
2392.104172,1619.934305,2393.104172,C2
666.6526255,634.4532744,667.6526255,C1
-89.45953079,7.633499755,90.45953079,C0
961.7701653,453.6053905,962.7701653,C1
540.5994957,388.1172527,541.5994957,C1
99.38180759,-98.47338593,100.3818076,C0
606.0152611,522.8469016,607.0152611,C1
634.4877945,300.3748086,635.4877945,C1
-19.5893749,-3.263490496,20.5893749,C0
1081.336343,632.7107023,1082.336343,C1
-188.571255,-137.3761687,189.571255,C0
1812.582577,1519.819751,1813.582577,C2
2398.910104,1731.442471,2399.910104,C2
451.9920174,316.5151762,452.9920174,C1
1518.080385,1257.473414,1519.080385,C2
68.10879326,115.2898865,69.10879326,C0
2010.939468,1734.413128,2011.939468,C2
555.9186178,435.3285625,556.9186178,C1
131.9993031,-120.281754,132.9993031,C0
609.8337874,608.0551901,610.8337874,C1
1945.737251,1943.634858,1946.737251,C2
2477.166796,1748.394892,2478.166796,C2
746.6484042,466.5822966,747.6484042,C1
1867.75975,1918.605759,1868.75975,C2
504.5298427,474.2171476,505.5298427,C1
-278.2577738,-71.27581631,279.2577738,C0
-40.01067692,42.89022602,41.01067692,C0
1737.589882,1695.792159,1738.589882,C2
1881.088049,2109.70854,1882.088049,C2
654.8430794,469.1156468,655.8430794,C1
2352.117273,1884.204366,2353.117273,C2
612.6297527,382.6637775,613.6297527,C1
1964.557823,1670.043171,1965.557823,C2
2321.027042,1671.360975,2322.027042,C2
1971.466529,1692.302678,1972.466529,C2
215.1011275,-101.9660706,216.1011275,C0
741.2928454,647.0323166,742.2928454,C1
853.6545532,478.1972452,854.6545532,C1
1025.250932,348.6328622,1026.250932,C1
154.4713286,153.3594855,155.4713286,C0
2.793893868,-282.9319916,3.793893868,C0
861.5654252,498.9225489,862.5654252,C1
260.4135756,153.339575,261.4135756,C0
487.6847495,415.9856197,488.6847495,C1
2399.602655,2009.190558,2400.602655,C2
381.9349689,411.7563396,382.9349689,C1
2000.01714,1810.426935,2001.01714,C2
819.4893782,195.5088948,820.4893782,C1
519.7397351,364.2837248,520.7397351,C1
-14.5145115,-225.0996028,15.5145115,C0
1974.877942,1324.497882,1975.877942,C2
83.62410098,-55.21637606,84.62410098,C0
651.4870303,521.0969977,652.4870303,C1
2026.964269,1812.97104,2027.964269,C2
1029.438206,498.5792064,1030.438206,C1
472.5424902,361.1976359,473.5424902,C1
810.8834022,368.3262005,811.8834022,C1
570.6756572,345.1517518,571.6756572,C1
68.92796512,-65.40868164,69.92796512,C0
-197.1254095,-118.0656539,198.1254095,C0
1737.996559,1265.300387,1738.996559,C2
409.0751155,458.6243158,410.0751155,C1
2505.174749,1659.53522,2506.174749,C2
1912.955821,1869.597773,1913.955821,C2
-37.96306853,21.2961198,38.96306853,C0
579.9480493,485.0476102,580.9480493,C1
-7.233658769,-45.23068813,8.233658769,C0
498.9504792,337.7085227,499.9504792,C1
2111.867222,1326.689607,2112.867222,C2
2333.059176,1734.448042,2334.059176,C2
991.8133873,391.8875957,992.8133873,C1
1868.918107,1518.97268,1869.918107,C2
-74.76320211,151.2755773,75.76320211,C0
427.6372976,204.1802035,428.6372976,C1
699.9741313,310.3452043,700.9741313,C1
2030.390652,1433.742258,2031.390652,C2
501.0697383,282.3124959,502.0697383,C1
2473.798132,1426.400585,2474.798132,C2
2026.266167,1941.218859,2027.266167,C2
2504.066211,1602.028398,2505.066211,C2
-9.759493682,139.4742859,10.75949368,C0
2002.984469,1436.80646,2003.984469,C2
144.465072,-26.15911682,145.465072,C0
745.6140494,328.5592393,746.6140494,C1
-85.78380018,49.80235458,86.78380018,C0
128.2108984,-40.21803434,129.2108984,C0
2212.510698,1292.89702,2213.510698,C2
2110.895791,1819.361192,2111.895791,C2
430.4355151,644.6875631,431.4355151,C1
-183.6575894,21.37170281,184.6575894,C0
2299.811563,1399.569793,2300.811563,C2
-43.55688228,-12.88506985,44.55688228,C0
134.9943309,-115.0982656,135.9943309,C0
2292.206512,1557.303156,2293.206512,C2
2134.797966,1271.97994,2135.797966,C2
535.6256316,535.2411691,536.6256316,C1
140.8199709,-137.4712365,141.8199709,C0
491.5081245,440.8105419,492.5081245,C1
-170.6014151,63.5206783,171.6014151,C0
2233.557964,1641.370557,2234.557964,C2
1057.289324,492.2505183,1058.289324,C1
2384.956408,1563.521261,2385.956408,C2
66.856649,-89.55133153,67.856649,C0
89.55998669,37.12053405,90.55998669,C0
678.6376451,519.1941039,679.6376451,C1
1793.538727,1808.96431,1794.538727,C2
543.1335826,360.5344963,544.1335826,C1
1975.323703,1731.239094,1976.323703,C2
2280.518403,1683.919767,2281.518403,C2
-6.220930213,-183.1916771,7.220930213,C0
1929.51696,1456.197229,1930.51696,C2
32.87704143,-25.96920935,33.87704143,C0
946.9224096,585.2651515,947.9224096,C1
1802.229585,1368.959689,1803.229585,C2
1805.541212,1398.726621,1806.541212,C2
749.7862324,594.5020699,750.7862324,C1
298.1363071,226.8833452,299.1363071,C1
124.6962015,1.431539057,125.6962015,C0
2382.936541,1772.859643,2383.936541,C2
1792.46035,1626.666817,1793.46035,C2
539.4422779,391.7207715,540.4422779,C1
1440.230293,1683.129604,1441.230293,C2
2170.301391,1326.986511,2171.301391,C2
52.40277902,83.31140155,53.40277902,C0
82.10688697,-51.30378021,83.10688697,C0
2106.133874,1222.529875,2107.133874,C2
749.462046,317.5654136,750.462046,C1
-90.42312939,-4.764429105,91.42312939,C0
1971.681717,1749.116999,1972.681717,C2
564.9124843,548.6779437,565.9124843,C1
553.190945,326.261891,554.190945,C1
725.682236,317.6352759,726.682236,C1
2354.697659,1894.376862,2355.697659,C2
1771.288806,1527.631314,1772.288806,C2
508.5393203,463.7262864,509.5393203,C1
-41.00398252,95.08487114,42.00398252,C0
779.095058,367.0387904,780.095058,C1
2191.275925,1907.487785,2192.275925,C2
794.3574139,325.2031427,795.3574139,C1
1703.232346,1398.730527,1704.232346,C2
811.3787608,512.2972623,812.3787608,C1
-242.6843596,-158.7986065,243.6843596,C0
708.1602274,373.7425266,709.1602274,C1
2080.204725,1501.692727,2081.204725,C2
759.4896243,486.9588409,760.4896243,C1
2193.290648,1655.852064,2194.290648,C2
2430.662523,1712.789311,2431.662523,C2
-300.4997591,50.16501783,301.4997591,C0
1602.273346,1613.674715,1603.273346,C2
31.38057054,105.9384154,32.38057054,C0
1685.479073,2050.897447,1686.479073,C2
516.5079092,386.9975145,517.5079092,C1
2370.015608,1765.979556,2371.015608,C2
691.2770365,523.1174367,692.2770365,C1
-48.88891209,160.1962736,49.88891209,C0
1923.175908,1857.568291,1924.175908,C2
2108.55778,1996.947905,2109.55778,C2
2585.089485,1666.610864,2586.089485,C2
758.2396569,111.8734635,759.2396569,C1
647.0635989,244.597239,648.0635989,C1
709.553569,502.3189541,710.553569,C1
728.963399,199.92988,729.963399,C1
2001.606728,1737.521927,2002.606728,C2
621.9841884,474.0611315,622.9841884,C1
1847.744716,1906.190866,1848.744716,C2
1054.881095,439.822295,1055.881095,C1
875.0803492,577.0548758,876.0803492,C1
2201.613887,1510.700275,2202.613887,C2
884.0837735,668.0717551,885.0837735,C1
6.118121208,-20.18370975,7.118121208,C0
637.7354352,378.4370978,638.7354352,C1
259.3006604,148.3186203,260.3006604,C0
486.3642838,350.9600038,487.3642838,C1
2079.765591,1289.563497,2080.765591,C2
782.9961707,492.2341627,783.9961707,C1
621.3716,387.4383465,622.3716,C1
1659.978813,1549.985441,1660.978813,C2
953.6160777,426.7136906,954.6160777,C1
1657.65081,1776.290696,1658.65081,C2
668.4513172,418.9772501,669.4513172,C1
2317.984742,1412.410359,2318.984742,C2
334.6620117,381.2467113,335.6620117,C1
639.229952,415.7621364,640.229952,C1
1036.981836,216.3238784,1037.981836,C1
534.9593258,328.0033679,535.9593258,C1
584.2894021,536.6042159,585.2894021,C1
-216.199656,-10.70256928,217.199656,C0
2191.220781,1421.125684,2192.220781,C2
850.3741132,428.3025069,851.3741132,C1
256.778242,456.4675679,257.778242,C1
2416.370213,1695.244752,2417.370213,C2
528.4446169,390.5769804,529.4446169,C1
2055.71277,1651.245519,2056.71277,C2
2117.204198,1452.37166,2118.204198,C2
620.5442396,248.5731145,621.5442396,C1
1808.93965,1813.539684,1809.93965,C2
-87.66405791,-10.20914753,88.66405791,C0
-148.0569778,153.3865426,149.0569778,C0
22.82333645,25.80862773,23.82333645,C0
-90.70349674,1.083714367,91.70349674,C0
974.4890876,457.2002342,975.4890876,C1
163.1309357,-4.097347856,164.1309357,C0
13.28107377,240.1141013,14.28107377,C0
57.63675141,-67.59624571,58.63675141,C0
680.3054936,494.3134807,681.3054936,C1
2400.844239,1794.146996,2401.844239,C2
2480.943104,1728.630798,2481.943104,C2
-6.805989654,8.675261565,7.805989654,C0
2138.118539,1442.468115,2139.118539,C2
477.4092132,591.4745348,478.4092132,C1
20.6982026,-60.32672021,21.6982026,C0
477.6769411,500.2543336,478.6769411,C1
235.2300268,-123.8460932,236.2300268,C0
697.8689166,594.3819415,698.8689166,C1
2115.114922,1510.526229,2116.114922,C2
631.1427874,476.1045168,632.1427874,C1
1815.201504,1142.763626,1816.201504,C2
-36.03575624,103.3305498,37.03575624,C0
732.1282112,298.4447491,733.1282112,C1
11.14766008,31.66848856,12.14766008,C0
-105.6897861,101.549581,106.6897861,C0
2242.205844,1835.229526,2243.205844,C2
-61.32057114,67.88073125,62.32057114,C0
383.6644527,436.9280779,384.6644527,C1
354.8154272,673.9974576,355.8154272,C1
1961.49586,1673.953304,1962.49586,C2
265.4354992,-102.8072973,266.4354992,C0
377.7434747,303.1580235,378.7434747,C1
2113.640499,1552.996799,2114.640499,C2
1628.029037,1839.035156,1629.029037,C2
-171.2715558,-58.94994964,172.2715558,C0
607.7335565,64.01717367,608.7335565,C1
2191.279731,1163.532199,2192.279731,C2
-37.04498473,-111.7122296,38.04498473,C0
190.2235697,101.3900629,191.2235697,C0
-72.22760982,-77.52539722,73.22760982,C0
1656.09922,1910.44318,1657.09922,C2
1695.957496,1945.828233,1696.957496,C2
2367.980587,1335.306818,2368.980587,C2
991.3564624,342.3452857,992.3564624,C1
917.5392115,398.8503094,918.5392115,C1
671.8044399,461.4436705,672.8044399,C1
73.81998751,-19.26945134,74.81998751,C0
-250.9524645,68.41139937,251.9524645,C0
2150.990208,1457.749472,2151.990208,C2
2418.151703,1691.487858,2419.151703,C2
45.98633066,-64.75766002,46.98633066,C0
979.7056825,551.1988984,980.7056825,C1
-66.35146531,138.9452915,67.35146531,C0
606.8160309,287.6590443,607.8160309,C1
364.0918629,438.8165968,365.0918629,C1
660.9030598,463.5125599,661.9030598,C1
42.5929135,131.496333,43.5929135,C0
6.941486151,40.0421525,7.941486151,C0
2304.007671,1696.389371,2305.007671,C2
-138.0021159,67.15090228,139.0021159,C0
-91.54779581,41.52952738,92.54779581,C0
853.487497,617.7218181,854.487497,C1
1443.992409,1776.64483,1444.992409,C2
2103.282294,1515.701777,2104.282294,C2
637.64415,174.8520236,638.64415,C1
1972.77272,1260.799541,1973.77272,C2
-14.25992509,79.51382563,15.25992509,C0
2165.092434,1829.603503,2166.092434,C2
657.6913539,430.5305438,658.6913539,C1
-113.3154924,-118.3842991,114.3154924,C0
-199.0002171,-85.15585764,200.0002171,C0
726.2633453,204.0973164,727.2633453,C1
-95.54319669,-350.4312293,96.54319669,C0
-53.09942975,47.62381928,54.09942975,C0
789.2724193,414.5215909,790.2724193,C1
2185.100168,1446.423062,2186.100168,C2
784.7256369,709.5609564,785.7256369,C1
900.7109179,420.1223685,901.7109179,C1
868.2040286,442.9969639,869.2040286,C1
-129.0319945,-57.69351201,130.0319945,C0
-72.47085968,-55.19158418,73.47085968,C0
886.0389534,403.745778,887.0389534,C1
2392.057853,1297.73862,2393.057853,C2
811.0841776,527.2042185,812.0841776,C1
10.46222841,37.60158117,11.46222841,C0
3.191939802,35.29993926,4.191939802,C0
26.2208139,145.3288148,27.2208139,C0
2257.265853,1665.732354,2258.265853,C2
1760.977783,1528.022058,1761.977783,C2
1802.964942,1675.684082,1803.964942,C2
2027.88797,1553.317876,2028.88797,C2
699.36385,360.7925944,700.36385,C1
542.9924655,336.340088,543.9924655,C1
1969.540199,1384.366472,1970.540199,C2
1614.281489,1433.181143,1615.281489,C2
754.4568965,608.3903679,755.4568965,C1
2070.60222,1768.182413,2071.60222,C2
704.1246331,492.4412719,705.1246331,C1
1021.257391,430.3908655,1022.257391,C1
2337.97695,1359.73392,2338.97695,C2
775.0491901,467.1515852,776.0491901,C1
750.7189667,200.328992,751.7189667,C1
606.2537059,413.1397134,607.2537059,C1
136.6725587,27.00701021,137.6725587,C0
98.72146884,19.296195,99.72146884,C0
2480.467403,1373.723565,2481.467403,C2
1932.634548,1824.858093,1933.634548,C2
-46.97797109,61.91332621,47.97797109,C0
929.1957673,426.6848149,930.1957673,C1
874.6054514,485.6019593,875.6054514,C1
2144.904897,1899.924196,2145.904897,C2
-27.51892699,-30.02875128,28.51892699,C0
2010.190485,1156.892021,2011.190485,C2
2533.700439,1627.420373,2534.700439,C2
848.2816837,652.9882838,849.2816837,C1
20.27955867,-35.87256809,21.27955867,C0
2066.322942,1886.142449,2067.322942,C2
-62.20882445,-132.2133993,63.20882445,C0
864.158195,499.2401586,865.158195,C1
31.21340176,-40.93276714,32.21340176,C0
185.6263819,21.79824147,186.6263819,C0
31.55176579,141.8498175,32.55176579,C0
2445.293399,1753.002745,2446.293399,C2
-19.25529012,-127.2021275,20.25529012,C0
41.26338365,77.7693973,42.26338365,C0
-46.11227409,34.86748995,47.11227409,C0
145.9906282,-82.64604054,146.9906282,C0
2095.755569,1426.006876,2096.755569,C2
135.2447932,-60.07452411,136.2447932,C0
1875.194368,1588.466928,1876.194368,C2
2083.825802,1495.087853,2084.825802,C2
-40.81167732,-179.6254442,41.81167732,C0
-103.4404769,5.287048947,104.4404769,C0
61.45131501,34.33012119,62.45131501,C0
45.62956149,-178.5035742,46.62956149,C0
589.5580345,443.5802589,590.5580345,C1
19.48899496,10.33293627,20.48899496,C0
2291.816885,1319.291876,2292.816885,C2
1851.391389,1821.474335,1852.391389,C2
92.7112609,-183.7751038,93.7112609,C0
1975.630054,1944.985516,1976.630054,C2
2041.005309,1312.98901,2042.005309,C2
688.9078343,533.5708135,689.9078343,C1
757.85218,536.7318952,758.85218,C1
2153.06947,1577.704044,2154.06947,C2
559.7497653,474.0128191,560.7497653,C1
-178.0077234,84.70323571,179.0077234,C0
2264.011592,1585.412978,2265.011592,C2
2064.475358,1391.420798,2065.475358,C2
-167.7555667,75.02016166,168.7555667,C0
593.7993133,395.7995884,594.7993133,C1
1871.485925,1375.0965,1872.485925,C2
2210.410922,1928.609731,2211.410922,C2
87.74891405,37.78388222,88.74891405,C0
2252.599924,1869.747354,2253.599924,C2
2264.760538,1618.415746,2265.760538,C2
-43.02654732,72.53360895,44.02654732,C0
559.7804641,468.3865275,560.7804641,C1
2041.145365,1378.333292,2042.145365,C2
300.6822303,108.3892832,301.6822303,C0
1801.88613,1680.684652,1802.88613,C2
672.2576974,337.8508835,673.2576974,C1
830.4851243,527.5950046,831.4851243,C1
616.6113265,161.306825,617.6113265,C1
42.82663391,67.79055219,43.82663391,C0
2486.246288,1537.27434,2487.246288,C2
-109.5760587,175.9770797,110.5760587,C0
492.6907349,410.5188024,493.6907349,C1
2130.096233,1236.584374,2131.096233,C2
55.26132692,-90.30504456,56.26132692,C0
-87.01565656,-140.2489092,88.01565656,C0
668.5341815,419.7137002,669.5341815,C1
904.2710403,137.0769542,905.2710403,C1
565.2666578,518.539833,566.2666578,C1
180.9085867,93.54208091,181.9085867,C0
1979.664594,1521.541285,1980.664594,C2
603.8077503,454.1606414,604.8077503,C1
2138.878953,1545.1721,2139.878953,C2
982.2236706,539.0633049,983.2236706,C1
568.5290331,494.1654155,569.5290331,C1
122.6386598,57.19771391,123.6386598,C0
-12.61378123,-13.42766784,13.61378123,C0
2355.199373,1467.15955,2356.199373,C2
280.1683178,-38.66714457,281.1683178,C0
-54.11425977,-12.5853008,55.11425977,C0
-153.0576886,-52.90562521,154.0576886,C0
121.6204601,2.036063588,122.6204601,C0
1654.114607,1720.284792,1655.114607,C2
2308.337283,1540.860653,2309.337283,C2
46.89592168,-52.18439335,47.89592168,C0
2505.029304,1426.734122,2506.029304,C2
843.5105052,561.8867683,844.5105052,C1
-78.50307314,-73.81170231,79.50307314,C0
602.4083157,410.304669,603.4083157,C1
2029.361338,1698.005674,2030.361338,C2
-133.1664758,165.0941467,134.1664758,C0
454.1690562,518.1024181,455.1690562,C1
-72.54867993,-4.248412472,73.54867993,C0
733.4343092,495.551766,734.4343092,C1
856.8332096,326.1941464,857.8332096,C1
927.1688536,349.055986,928.1688536,C1
2478.343435,1463.916613,2479.343435,C2
2279.609898,1790.771621,2280.609898,C2
613.463424,639.2177819,614.463424,C1
572.7317368,490.1043248,573.7317368,C1
495.2877547,476.5303181,496.2877547,C1
2264.950832,1933.890132,2265.950832,C2
147.4646222,-51.83850157,148.4646222,C0
806.7826708,358.6678516,807.7826708,C1
702.0994803,419.7083208,703.0994803,C1
2298.454397,1654.690602,2299.454397,C2
2334.352159,1296.983193,2335.352159,C2
2837.308071,1489.993352,2838.308071,C2
62.40307664,14.6130595,63.40307664,C0
2292.757174,1986.557944,2293.757174,C2
2381.577899,1697.99853,2382.577899,C2
1150.752451,492.6667165,1151.752451,C1
-10.14347472,-43.86954573,11.14347472,C0
2583.966708,1837.612366,2584.966708,C2
559.1009887,240.7681712,560.1009887,C1
-153.5094151,282.3397088,154.5094151,C0
-129.1263786,-25.87016486,130.1263786,C0
589.3777727,450.0128609,590.3777727,C1
702.3708563,354.8521828,703.3708563,C1
895.6416556,420.476134,896.6416556,C1
2080.500557,1662.004379,2081.500557,C2
2213.443439,1539.67748,2214.443439,C2
2280.852069,1868.889017,2281.852069,C2
690.1678041,525.5989437,691.1678041,C1
2342.152679,1811.11125,2343.152679,C2
763.4095917,380.99958,764.4095917,C1
2229.331236,1380.859591,2230.331236,C2
1646.945013,1518.757963,1647.945013,C2
-1.796661061,-61.02018411,2.796661061,C0
13.82114737,-94.23374333,14.82114737,C0
806.6175438,347.251668,807.6175438,C1
-45.12222789,57.00868878,46.12222789,C0
-175.2257805,31.59402182,176.2257805,C0
25.74556388,30.93167381,26.74556388,C0
32.94696398,-87.14376433,33.94696398,C0
2283.283681,1549.225935,2284.283681,C2
709.3867555,431.4625431,710.3867555,C1
633.8514477,326.6592912,634.8514477,C1
-0.8477874843,-100.902275,1.847787484,C0
2129.844894,1474.009027,2130.844894,C2
2010.455519,1729.128144,2011.455519,C2
577.0728533,379.6002751,578.0728533,C1
587.0716474,417.9920077,588.0716474,C1
165.1037508,14.80228124,166.1037508,C0
609.2346421,461.4542255,610.2346421,C1
2130.383383,1614.016019,2131.383383,C2
874.6193761,432.4176225,875.6193761,C1
2111.32831,1249.693195,2112.32831,C2
1841.630312,1775.354841,1842.630312,C2
2181.527276,1269.850532,2182.527276,C2
553.1214337,220.6899431,554.1214337,C1
426.549535,467.2679399,427.549535,C1
547.6995199,520.594809,548.6995199,C1
-0.2431210855,8.709654913,1.243121086,C0
7.431439386,-39.36380606,8.431439386,C0
657.5392426,474.5193725,658.5392426,C1
576.2487919,437.9645299,577.2487919,C1
2018.914303,1356.26449,2019.914303,C2
2305.57305,1212.970182,2306.57305,C2
2316.346616,1873.6321,2317.346616,C2
1982.900505,1216.377145,1983.900505,C2
1976.905226,1513.193098,1977.905226,C2
2083.770227,1783.898967,2084.770227,C2
1916.25429,1763.050282,1917.25429,C2
659.065333,486.3034765,660.065333,C1
2179.885727,1422.21112,2180.885727,C2
1026.450668,534.8413233,1027.450668,C1
451.1887117,517.0035199,452.1887117,C1
1744.203314,1416.964327,1745.203314,C2
101.0742109,-116.866657,102.0742109,C0
150.0380652,18.79261934,151.0380652,C0
-54.39079592,69.30902808,55.39079592,C0
518.4787594,329.6456386,519.4787594,C1
787.4986833,447.1900291,788.4986833,C1
741.1905596,401.9000561,742.1905596,C1
496.334268,365.4778357,497.334268,C1
116.7772942,-14.09873514,117.7772942,C0
653.9716773,516.1564764,654.9716773,C1
525.715083,398.290162,526.715083,C1
2074.561266,1502.582028,2075.561266,C2
702.3514194,315.3719943,703.3514194,C1
-234.2624998,-137.6650943,235.2624998,C0
19.34032241,45.49129993,20.34032241,C0
31.16776569,159.0812498,32.16776569,C0
2344.196311,1787.17101,2345.196311,C2
851.9145497,486.4307402,852.9145497,C1
726.1915949,403.4363589,727.1915949,C1
615.3681097,598.7597056,616.3681097,C1
818.7042668,347.8205942,819.7042668,C1
733.4333357,433.2451243,734.4333357,C1
1845.788489,1705.810664,1846.788489,C2
421.7887152,632.3493158,422.7887152,C1
846.2031343,349.1704196,847.2031343,C1
-144.328736,-93.08192972,145.328736,C0
2002.99804,1630.807376,2003.99804,C2
877.6108063,352.9741711,878.6108063,C1
-1.828441937,-14.2803462,2.828441937,C0
8.922350014,-15.31177476,9.922350014,C0
104.6513924,-95.83217194,105.6513924,C0
156.6363991,-35.62863821,157.6363991,C0
65.22399741,-12.13410693,66.22399741,C0
680.4760997,402.1383527,681.4760997,C1
2218.650681,1406.400129,2219.650681,C2
220.3155936,25.78698761,221.3155936,C0
-196.9901823,44.6337135,197.9901823,C0
267.989603,-143.2005482,268.989603,C0
2519.508723,1705.485722,2520.508723,C2
54.59788911,42.77199617,55.59788911,C0
-41.77813718,177.0679105,42.77813718,C0
54.01562319,-20.27480638,55.01562319,C0
667.2733036,551.057975,668.2733036,C1
2110.048747,1812.528809,2111.048747,C2
830.4594539,218.7825354,831.4594539,C1
52.82252242,21.16705883,53.82252242,C0
1785.764243,2112.60345,1786.764243,C2
62.03295832,59.21186182,63.03295832,C0
1708.771382,1469.764357,1709.771382,C2
2345.571502,1904.856311,2346.571502,C2
539.6436651,626.077939,540.6436651,C1
1800.256058,1837.473452,1801.256058,C2
-204.8625333,98.55436308,205.8625333,C0
680.8980425,520.0399803,681.8980425,C1
-132.889553,-146.1141206,133.889553,C0
514.5731266,616.4673268,515.5731266,C1
2268.126884,1595.701283,2269.126884,C2
2277.927722,1621.431075,2278.927722,C2
805.0927566,348.2157052,806.0927566,C1
-190.007908,-101.3335225,191.007908,C0
237.4554167,-9.796250374,238.4554167,C0
770.0289545,431.1840967,771.0289545,C1
2036.097132,1911.837443,2037.097132,C2
688.7622965,211.0854851,689.7622965,C1
885.352363,462.4109531,886.352363,C1
619.7404922,552.1079656,620.7404922,C1
779.011454,294.6394515,780.011454,C1
629.7325682,687.0278031,630.7325682,C1
-49.68683264,-8.841613157,50.68683264,C0
435.1889689,586.6058173,436.1889689,C1
562.3363153,314.7502125,563.3363153,C1
590.9820773,507.8182965,591.9820773,C1
-108.7340032,199.6142398,109.7340032,C0
515.0618899,366.2376506,516.0618899,C1
2154.193838,1489.747835,2155.193838,C2
7.718971604,-86.58576356,8.718971604,C0
2107.883053,1759.530914,2108.883053,C2
2229.080894,1251.219574,2230.080894,C2
2390.170851,1437.032293,2391.170851,C2
13.45046254,108.0915649,14.45046254,C0
2520.513151,1691.533704,2521.513151,C2
1167.741658,1526.429511,1168.741658,C2
899.05252,406.0171227,900.05252,C1
986.8150307,344.2593242,987.8150307,C1
921.6986963,328.3177854,922.6986963,C1
840.8944741,392.2328462,841.8944741,C1
574.457021,347.0777733,575.457021,C1
1859.470683,2005.770336,1860.470683,C2
153.7979458,26.6431707,154.7979458,C0
1868.889561,1544.661693,1869.889561,C2
2331.687458,1322.420525,2332.687458,C2
-45.01545136,-29.48163519,46.01545136,C0
1778.994062,2002.656325,1779.994062,C2
1919.985807,1324.48664,1920.985807,C2
680.3598077,573.4089164,681.3598077,C1
628.3788968,542.9907351,629.3788968,C1
161.8798857,-99.33327317,162.8798857,C0
-146.4857709,-64.22290895,147.4857709,C0
76.14254836,-22.13937904,77.14254836,C0
2015.999656,1101.086594,2016.999656,C2
1730.608404,1697.188598,1731.608404,C2
487.5557522,589.1977297,488.5557522,C1
858.5389635,415.0899847,859.5389635,C1
2297.51037,1845.49113,2298.51037,C2
2101.817665,1714.423755,2102.817665,C2
1944.638954,1478.056416,1945.638954,C2
99.49623251,69.66676635,100.4962325,C0
1470.111863,1210.410992,1471.111863,C2
1773.961479,1626.628096,1774.961479,C2
525.1310947,169.3823223,526.1310947,C1
101.4041672,-75.33124343,102.4041672,C0
2281.636059,1596.954296,2282.636059,C2
-118.4701551,-31.72825513,119.4701551,C0
-5.373908497,98.99751194,6.373908497,C0
-123.2324907,-77.9341881,124.2324907,C0
40.09928343,33.86982517,41.09928343,C0
1894.588828,1500.739271,1895.588828,C2
12.44791009,-1.838404922,13.44791009,C0
797.3070433,529.2341846,798.3070433,C1
2365.500388,1634.938468,2366.500388,C2
552.7300294,388.3043327,553.7300294,C1
2220.797056,1583.112355,2221.797056,C2
5.266387739,-140.9807193,6.266387739,C0
1055.020756,318.2555249,1056.020756,C1
612.6580252,548.7621588,613.6580252,C1
797.5917856,572.8635287,798.5917856,C1
636.5163849,377.3112288,637.5163849,C1
1618.188621,1541.414882,1619.188621,C2
2547.412974,1833.908506,2548.412974,C2
2553.238978,1957.842666,2554.238978,C2
592.1358023,473.7674053,593.1358023,C1
2138.189216,1494.683595,2139.189216,C2
786.5789062,672.887491,787.5789062,C1
1751.384705,1443.826058,1752.384705,C2
2127.74112,1762.314962,2128.74112,C2
1977.65368,1673.19868,1978.65368,C2
1713.11872,1231.783938,1714.11872,C2
34.66528288,61.10328309,35.66528288,C0
630.5175077,473.45657,631.5175077,C1
746.7245249,447.4240985,747.7245249,C1
655.4629758,486.7595407,656.4629758,C1
-142.4693423,-24.72621351,143.4693423,C0
86.46416589,-18.12307039,87.46416589,C0
2347.735791,1326.219198,2348.735791,C2
2135.756302,1395.511487,2136.756302,C2
26.3539973,-117.4266642,27.3539973,C0
2066.760103,1605.578168,2067.760103,C2
2531.446458,1744.337828,2532.446458,C2
-11.78773389,107.2484313,12.78773389,C0
1928.614398,2469.515733,1929.614398,C2
56.96194618,-78.14545145,57.96194618,C0
736.1660416,257.051427,737.1660416,C1
464.1647347,384.4227139,465.1647347,C1
125.2359905,-44.52194037,126.2359905,C0
2113.843189,2078.218584,2114.843189,C2
-105.1184661,0.4432826269,106.1184661,C0
-57.75980519,-123.3733683,58.75980519,C0
50.40313573,-206.2154697,51.40313573,C0
-171.2316232,139.7541175,172.2316232,C0
646.8386141,624.9724822,647.8386141,C1
2160.58975,1470.782164,2161.58975,C2
2195.350655,1826.220706,2196.350655,C2
469.4895897,628.6680382,470.4895897,C1
1987.712192,1433.480831,1988.712192,C2
2807.546539,1293.804446,2808.546539,C2
1700.712423,1467.626808,1701.712423,C2
728.2389158,680.5281476,729.2389158,C1
74.87422517,-155.1473525,75.87422517,C0
834.4812116,326.5332359,835.4812116,C1
2454.233847,1547.982585,2455.233847,C2
910.0453907,478.6856721,911.0453907,C1
-97.46004987,-183.1417867,98.46004987,C0
788.4215129,727.4275563,789.4215129,C1
2163.686339,1733.331993,2164.686339,C2
2163.718923,1547.465693,2164.718923,C2
1884.516141,1591.623227,1885.516141,C2
2212.912046,1941.359067,2213.912046,C2
-97.48200095,-27.98734495,98.48200095,C0
-92.75534911,33.064997,93.75534911,C0
-32.81137929,32.36594543,33.81137929,C0
-80.90163484,35.59667032,81.90163484,C0
117.5734106,-110.7783283,118.5734106,C0
2198.610454,1327.544299,2199.610454,C2
326.2027717,758.6424429,327.2027717,C1
866.4155101,330.0960603,867.4155101,C1
1957.98889,1832.638879,1958.98889,C2
2310.897314,1373.215271,2311.897314,C2
483.833076,295.1479487,484.833076,C1
30.33236748,79.44346757,31.33236748,C0
2366.337851,1227.136878,2367.337851,C2
926.0275364,544.0896188,927.0275364,C1
805.7222639,316.015558,806.7222639,C1
2122.470616,1324.5663,2123.470616,C2
1950.918646,1583.133953,1951.918646,C2
611.0130597,394.2787021,612.0130597,C1
627.2202484,309.0050617,628.2202484,C1
-0.7370036853,57.18238116,1.737003685,C0
164.1241765,-37.2557432,165.1241765,C0
1766.263973,1242.645564,1767.263973,C2
29.61791244,145.1253377,30.61791244,C0
27.76656578,-188.1485636,28.76656578,C0
2112.319477,1290.306593,2113.319477,C2
-74.48383238,123.3265933,75.48383238,C0
2276.404408,1711.6299,2277.404408,C2
45.44762967,27.89623292,46.44762967,C0
765.4423648,432.1766659,766.4423648,C1
2028.169168,1615.684538,2029.169168,C2
2188.137565,1511.039404,2189.137565,C2
549.4463671,409.0405478,550.4463671,C1
-31.59079201,280.557723,32.59079201,C0
-212.5190159,24.72444813,213.5190159,C0
1963.395675,1509.98835,1964.395675,C2
372.9173786,514.2855629,373.9173786,C1
1818.82079,1786.895746,1819.82079,C2
2095.159211,1829.605723,2096.159211,C2
415.373309,417.4661269,416.373309,C1
-36.84912063,-62.09247525,37.84912063,C0
157.0333598,154.0853875,158.0333598,C0
756.0279752,473.6509034,757.0279752,C1
1897.096908,1513.706247,1898.096908,C2
-66.53949655,-84.30536901,67.53949655,C0
8.349682106,94.36987686,9.349682106,C0
383.780995,496.5727655,384.780995,C1
516.7899119,259.1352203,517.7899119,C1
2098.315485,1491.823368,2099.315485,C2
85.11995339,81.38418953,86.11995339,C0
2051.73452,1862.49184,2052.73452,C2
2070.645568,1411.58281,2071.645568,C2
2203.245007,1527.460128,2204.245007,C2
2163.046786,1632.249177,2164.046786,C2
779.4340799,444.1474793,780.4340799,C1
66.70770201,-48.81013005,67.70770201,C0
1801.401854,2066.596372,1802.401854,C2
90.21840522,73.20552115,91.21840522,C0
681.2967913,465.1899684,682.2967913,C1
-242.4527348,-101.5671567,243.4527348,C0
1848.706544,1398.749845,1849.706544,C2
706.3796033,556.6779147,707.3796033,C1
645.3654559,254.7788015,646.3654559,C1
1760.511713,1481.09582,1761.511713,C2
476.2883604,475.0381758,477.2883604,C1
828.752982,592.8226684,829.752982,C1
731.9510785,318.2244183,732.9510785,C1
2244.066778,1216.081745,2245.066778,C2
675.4948366,598.5764985,676.4948366,C1
128.4119422,13.64708027,129.4119422,C0
87.82583577,18.43067772,88.82583577,C0
1914.511418,1611.635956,1915.511418,C2
568.379361,485.1548062,569.379361,C1
2259.05291,1851.30094,2260.05291,C2
2195.875989,1526.894546,2196.875989,C2
-253.4381232,123.9534267,254.4381232,C0
2291.492679,1160.416607,2292.492679,C2
62.39028966,75.27931986,63.39028966,C0
2277.28981,1685.814874,2278.28981,C2
2312.436495,1466.540714,2313.436495,C2
2091.765522,1150.761851,2092.765522,C2
41.17429765,189.0004985,42.17429765,C0
2387.542032,1811.255606,2388.542032,C2
325.5011226,31.708419,326.5011226,C0
1748.208851,1939.116082,1749.208851,C2
1868.021343,1785.74493,1869.021343,C2
465.8171822,520.8455649,466.8171822,C1
-220.0812127,-34.99022837,221.0812127,C0
1950.992993,1683.714382,1951.992993,C2
2137.107891,1442.995851,2138.107891,C2
1802.366403,1764.1066,1803.366403,C2
2420.299727,1525.776821,2421.299727,C2
-4.367833254,33.29957476,5.367833254,C0
2081.107547,1668.274426,2082.107547,C2
703.297981,428.2309613,704.297981,C1
2246.963782,1370.420932,2247.963782,C2
661.4035738,184.0112686,662.4035738,C1
1044.192417,510.4100076,1045.192417,C1
-13.35896309,244.5424709,14.35896309,C0
546.5053451,389.3259036,547.5053451,C1
-39.20927721,87.80196194,40.20927721,C0
-41.73717405,-64.21726316,42.73717405,C0
1617.288364,1720.348265,1618.288364,C2
-70.39931174,182.3734076,71.39931174,C0
646.2743197,588.9065095,647.2743197,C1
2085.912456,1277.632183,2086.912456,C2
1965.37536,1412.945834,1966.37536,C2
2516.02581,1574.134413,2517.02581,C2
47.87693714,-53.39753043,48.87693714,C0
2034.762548,1610.494034,2035.762548,C2
-60.4439052,57.33830819,61.4439052,C0
423.8790274,539.5616922,424.8790274,C1
1013.080745,511.4752433,1014.080745,C1
138.947655,20.20944395,139.947655,C0
793.0184569,303.9640612,794.0184569,C1
-203.2291385,99.3960673,204.2291385,C0
-130.749314,6.592039477,131.749314,C0
2199.487918,1741.551753,2200.487918,C2
1965.02872,1887.612498,1966.02872,C2
145.2446433,-60.25376846,146.2446433,C0
1872.942187,1927.388137,1873.942187,C2
234.489267,290.9556836,235.489267,C1
1008.580162,274.8797144,1009.580162,C1
-57.51423858,189.0265267,58.51423858,C0
792.0881771,618.6266079,793.0881771,C1
2068.396553,1286.860205,2069.396553,C2
2196.356487,1574.686927,2197.356487,C2
653.6525294,400.6268531,654.6525294,C1
2222.286411,1764.185411,2223.286411,C2
1980.140533,1656.683023,1981.140533,C2
-42.17749634,-112.8651942,43.17749634,C0
-81.87600259,153.4123109,82.87600259,C0
1988.545515,1376.789191,1989.545515,C2
771.8174336,495.326994,772.8174336,C1
1962.655325,1572.49152,1963.655325,C2
2036.661381,1168.016593,2037.661381,C2
1763.965066,1248.921831,1764.965066,C2
2363.312291,1367.972865,2364.312291,C2
778.2699273,616.8322903,779.2699273,C1
49.54321847,124.6695598,50.54321847,C0
-62.47361456,3.22017353,63.47361456,C0
2617.67738,1556.456569,2618.67738,C2
72.01644915,-19.05296107,73.01644915,C0
2838.514214,1713.07968,2839.514214,C2
799.3623747,396.0137232,800.3623747,C1
2285.565083,1753.369718,2286.565083,C2
-25.12916788,-229.7377471,26.12916788,C0
800.8225317,629.8357604,801.8225317,C1
342.2156949,671.7673004,343.2156949,C1
2334.193013,1254.434947,2335.193013,C2
84.01681261,52.87165771,85.01681261,C0
856.5866123,416.5301645,857.5866123,C1
864.0218687,544.1282153,865.0218687,C1
1665.589379,1994.315573,1666.589379,C2
-18.48469765,46.54792481,19.48469765,C0
1958.253497,1682.309243,1959.253497,C2
956.4852477,268.1846056,957.4852477,C1
259.9727367,44.91004691,260.9727367,C0
-141.2949509,-65.53007318,142.2949509,C0
-54.34514477,-98.35051972,55.34514477,C0
926.9329992,394.1531276,927.9329992,C1
1903.477918,1632.349545,1904.477918,C2
-91.86265471,19.85849007,92.86265471,C0
2176.825531,1614.406178,2177.825531,C2
53.5081908,11.04287773,54.5081908,C0
-66.93691987,0.7473425139,67.93691987,C0
579.5741807,532.9117769,580.5741807,C1
16.92083166,108.1864498,17.92083166,C0
1961.079489,1643.60569,1962.079489,C2
2376.605286,1773.19605,2377.605286,C2
1621.559414,1822.069989,1622.559414,C2
50.39517555,-52.58075146,51.39517555,C0
-38.26122597,-105.5112962,39.26122597,C0
2487.341555,1576.351749,2488.341555,C2
-70.96737659,131.5151419,71.96737659,C0
615.1990975,600.3444478,616.1990975,C1
2144.533651,2018.120372,2145.533651,C2
2.25409184,129.8005929,3.25409184,C0
2838.673125,1925.267209,2839.673125,C2
191.6730035,121.0133058,192.6730035,C0
8.303271672,-24.70639227,9.303271672,C0
109.3195978,-8.101838235,110.3195978,C0
2290.327804,1332.49896,2291.327804,C2
595.5060152,575.4515933,596.5060152,C1
544.1958132,304.8460038,545.1958132,C1
-93.44300389,35.1957857,94.44300389,C0
26.08737115,110.3845403,27.08737115,C0
209.8882796,1.401888842,210.8882796,C0
185.3843946,137.7047269,186.3843946,C0
1919.647153,1862.062608,1920.647153,C2
2309.408166,1399.229396,2310.408166,C2
1988.873486,1713.595885,1989.873486,C2
197.6843267,-33.59661656,198.6843267,C0
766.6897265,464.3609318,767.6897265,C1
1995.902948,1541.071742,1996.902948,C2
143.9422618,76.75923475,144.9422618,C0
735.3601306,560.7512181,736.3601306,C1
1189.590077,433.58351,1190.590077,C1
2301.076788,1637.005592,2302.076788,C2
5.428741605,-20.21055328,6.428741605,C0
2195.182198,1794.795242,2196.182198,C2
679.9068229,389.5903882,680.9068229,C1
2359.693173,1491.452784,2360.693173,C2
2309.512314,2110.317855,2310.512314,C2
881.3907901,730.2187083,882.3907901,C1
1736.279719,1339.182626,1737.279719,C2
751.5576161,566.4878453,752.5576161,C1
701.7516345,686.7599462,702.7516345,C1
-34.7669607,100.6861172,35.7669607,C0
756.0997634,295.7961433,757.0997634,C1
-214.6241109,-69.42657893,215.6241109,C0
117.2211852,147.8212718,118.2211852,C0
-136.8867948,-94.23992387,137.8867948,C0
599.3502405,642.7195286,600.3502405,C1
-75.4549418,13.80663435,76.4549418,C0
739.4835145,438.1953086,740.4835145,C1
2330.427,1528.486043,2331.427,C2
2029.214291,2096.530947,2030.214291,C2
-161.5015002,69.53143009,162.5015002,C0
1687.293488,1646.206848,1688.293488,C2
2177.148936,1868.97786,2178.148936,C2
698.9252884,717.7935428,699.9252884,C1
1993.186568,1852.856852,1994.186568,C2
47.3699496,-39.03147085,48.3699496,C0
72.82566032,-4.118888381,73.82566032,C0
820.4193046,490.3600663,821.4193046,C1
76.88730939,-76.87341337,77.88730939,C0
2110.915059,1488.903313,2111.915059,C2
-260.2863114,67.02783304,261.2863114,C0
-65.65343355,48.34124232,66.65343355,C0
2152.86141,1408.373788,2153.86141,C2
1629.32575,1583.584803,1630.32575,C2
2356.414409,1496.228552,2357.414409,C2
802.8656751,315.0376489,803.8656751,C1
587.3564477,390.8712929,588.3564477,C1
2023.657645,1128.023465,2024.657645,C2
197.6871152,146.5366,198.6871152,C0
2116.979016,1903.149118,2117.979016,C2
-309.450047,85.18167042,310.450047,C0
2026.953208,1499.443789,2027.953208,C2
1827.571828,1652.177426,1828.571828,C2
612.2283001,416.3320565,613.2283001,C1
597.2923137,524.8731315,598.2923137,C1
807.2836962,264.2865346,808.2836962,C1
513.2037549,581.2915208,514.2037549,C1
2073.221281,1579.06521,2074.221281,C2
-117.0465609,-6.162132568,118.0465609,C0
558.934476,591.4080967,559.934476,C1
109.541881,15.57668143,110.541881,C0
562.9214145,377.4542989,563.9214145,C1
1995.479522,1279.774586,1996.479522,C2
1959.362539,1685.233709,1960.362539,C2
-169.5293919,-74.71419079,170.5293919,C0
733.9651331,460.3741302,734.9651331,C1
-25.07202499,181.358153,26.07202499,C0
872.1038562,415.5003033,873.1038562,C1
1873.554689,1511.922831,1874.554689,C2
1924.119374,1296.847518,1925.119374,C2
102.6887497,6.905242537,103.6887497,C0
647.0541235,467.887632,648.0541235,C1
499.5991277,607.996954,500.5991277,C1
687.8748832,412.5398702,688.8748832,C1
2389.72549,1712.293933,2390.72549,C2
2027.414097,1894.909439,2028.414097,C2
-144.7377518,-205.8609764,145.7377518,C0
112.6850545,-46.66691523,113.6850545,C0
786.0961802,595.525577,787.0961802,C1
2378.997358,1557.894052,2379.997358,C2
473.719623,642.3671098,474.719623,C1
2118.920465,1908.405044,2119.920465,C2
1677.108877,1745.557265,1678.108877,C2
794.369036,588.0685497,795.369036,C1
640.8229802,262.5528224,641.8229802,C1
1995.249406,1657.75987,1996.249406,C2
-92.43613667,-151.449973,93.43613667,C0
-95.67194923,-44.78572204,96.67194923,C0
2097.71495,1302.605702,2098.71495,C2
1917.788342,1418.765099,1918.788342,C2
1623.198642,1748.74194,1624.198642,C2
1945.585017,1640.565838,1946.585017,C2
2498.30047,1568.411359,2499.30047,C2
2082.312883,1984.483299,2083.312883,C2
764.9591689,560.0287266,765.9591689,C1
720.5206631,473.6366768,721.5206631,C1
94.68230881,10.96298258,95.68230881,C0
715.3271912,509.5309167,716.3271912,C1
636.4836092,224.8823935,637.4836092,C1
1818.871772,1306.445429,1819.871772,C2
2008.489015,1891.812962,2009.489015,C2
542.5269325,492.9819199,543.5269325,C1
2222.624392,1501.546674,2223.624392,C2
578.1991898,592.9307702,579.1991898,C1
212.6796205,38.80680771,213.6796205,C0
694.0105171,318.611159,695.0105171,C1
2039.514774,1716.448976,2040.514774,C2
57.46972167,-127.3180537,58.46972167,C0
1856.027542,1740.292199,1857.027542,C2
29.18576077,127.3283091,30.18576077,C0
933.3904165,543.4030687,934.3904165,C1
2025.796337,1726.165311,2026.796337,C2
81.44792494,-134.2799576,82.44792494,C0
735.876389,583.7866236,736.876389,C1
734.270745,493.9254477,735.270745,C1
663.7556654,254.4854646,664.7556654,C1
547.5826704,718.5185618,548.5826704,C1
564.5359008,433.6096087,565.5359008,C1
1686.097686,2000.420638,1687.097686,C2
4.179994752,-91.39364536,5.179994752,C0
95.20175446,47.36270035,96.20175446,C0
-220.1415247,107.1643477,221.1415247,C0
1.222746719,58.32759863,2.222746719,C0
852.357264,450.1149633,853.357264,C1
1787.957406,1686.848676,1788.957406,C2
-87.52800814,6.202733598,88.52800814,C0
2103.20696,1643.753508,2104.20696,C2
-20.86619747,68.64365658,21.86619747,C0
869.5667215,310.9011994,870.5667215,C1
-20.8410148,-24.32916883,21.8410148,C0
656.1169307,419.8765637,657.1169307,C1
1764.544822,2114.966307,1765.544822,C2
1980.261516,1866.593234,1981.261516,C2
478.402434,427.2398658,479.402434,C1
2172.432655,1682.803043,2173.432655,C2
726.8363434,314.0120184,727.8363434,C1
784.047329,387.3308008,785.047329,C1
581.8845937,621.1667503,582.8845937,C1
1759.52124,1450.978563,1760.52124,C2
2109.330492,1698.385071,2110.330492,C2
1829.006996,1105.779382,1830.006996,C2
328.2936609,394.8923528,329.2936609,C1
483.8975838,534.8259015,484.8975838,C1
548.4889832,444.2845284,549.4889832,C1
181.7994443,436.6318088,182.7994443,C1
664.7834852,402.9078501,665.7834852,C1
1971.568826,1123.491796,1972.568826,C2
22.07182539,71.30837908,23.07182539,C0
2140.224496,1509.1522,2141.224496,C2
2591.453114,1556.718558,2592.453114,C2
-173.3613782,-76.38629468,174.3613782,C0
2148.030901,1415.349536,2149.030901,C2
141.448098,44.9711035,142.448098,C0
-54.09097119,-11.56400096,55.09097119,C0
2066.278784,1975.034481,2067.278784,C2
37.18039426,-173.2948956,38.18039426,C0
901.0308474,302.5581706,902.0308474,C1
8.833540274,-186.1152434,9.833540274,C0
1911.440759,2003.198197,1912.440759,C2
459.599018,206.6451044,460.599018,C1
148.6345973,182.4020908,149.6345973,C0
101.258374,-118.5602198,102.258374,C0
-1.450182351,133.4341173,2.450182351,C0
429.4399781,607.261397,430.4399781,C1
772.0543872,349.5374366,773.0543872,C1
1832.870469,1587.745385,1833.870469,C2
1743.153036,1562.972433,1744.153036,C2
-89.76026605,3.170460301,90.76026605,C0
18.29432251,-50.43259912,19.29432251,C0
2248.820954,1882.783714,2249.820954,C2
805.0618993,384.402117,806.0618993,C1
604.8279723,468.2564797,605.8279723,C1
846.9186746,371.9743042,847.9186746,C1
134.4685275,-19.22974455,135.4685275,C0
729.4840339,316.5748099,730.4840339,C1
1927.557287,1815.458763,1928.557287,C2
985.1347031,430.9749052,986.1347031,C1
29.98463606,114.9453259,30.98463606,C0
1754.015232,1368.586903,1755.015232,C2
796.7138932,714.2633657,797.7138932,C1
-45.10929863,282.9439626,46.10929863,C0
1298.170231,586.8499659,1299.170231,C1
365.9463678,456.5487231,366.9463678,C1
1809.810014,1684.400675,1810.810014,C2
1898.794226,1293.098234,1899.794226,C2
-86.93631932,45.02336446,87.93631932,C0
-140.174189,-123.6637117,141.174189,C0
2436.018027,1252.413072,2437.018027,C2
-218.8488256,75.70309213,219.8488256,C0
41.69005538,-147.2154582,42.69005538,C0
2018.489089,1450.71797,2019.489089,C2
523.0265292,544.8584617,524.0265292,C1
2448.975105,1911.656137,2449.975105,C2
401.566695,361.3531507,402.566695,C1
128.1583173,5.102041236,129.1583173,C0
596.6834313,434.5893797,597.6834313,C1
608.5681035,386.8242517,609.5681035,C1
772.585657,629.8072312,773.585657,C1
2214.171501,1987.670568,2215.171501,C2
-128.9575255,-8.553147672,129.9575255,C0
831.1712667,527.5602518,832.1712667,C1
-77.66543849,-36.86525686,78.66543849,C0
71.31174722,-29.51544111,72.31174722,C0
2211.142855,1543.259075,2212.142855,C2
-7.98890204,14.8619208,8.98890204,C0
774.1309901,512.7096976,775.1309901,C1
2031.864728,1411.946053,2032.864728,C2
-49.90619095,103.792113,50.90619095,C0
746.8202861,402.4352431,747.8202861,C1
-47.26925875,109.8587429,48.26925875,C0
146.8876469,72.99939884,147.8876469,C0
-5.991276231,53.86128733,6.991276231,C0
-272.1945247,172.5315694,273.1945247,C0
2127.650626,1573.098835,2128.650626,C2
80.75998592,-112.6225943,81.75998592,C0
875.214228,161.5883561,876.214228,C1
2153.90656,1717.318773,2154.90656,C2
2304.165785,1168.11754,2305.165785,C2
1847.554433,1781.909454,1848.554433,C2
-136.4674229,-24.75654147,137.4674229,C0
548.2240924,506.558441,549.2240924,C1
2296.21125,1571.219065,2297.21125,C2
861.8729854,496.2326183,862.8729854,C1
2109.974096,1692.580089,2110.974096,C2
-76.07736168,-12.3379516,77.07736168,C0
2177.941505,1622.486941,2178.941505,C2
99.34425777,-65.93555144,100.3442578,C0
25.99839638,-14.36092926,26.99839638,C0
573.9216017,289.493156,574.9216017,C1
689.9322467,449.8223016,690.9322467,C1
496.1827325,621.7164604,497.1827325,C1
924.0300226,361.4816478,925.0300226,C1
-89.17166749,-96.20683503,90.17166749,C0
1735.246591,1587.563805,1736.246591,C2
767.3146257,323.1141161,768.3146257,C1
826.9610303,531.5196483,827.9610303,C1
725.3664074,544.5025699,726.3664074,C1
2166.644119,1506.043216,2167.644119,C2
1845.70931,1682.400427,1846.70931,C2
-36.68230054,38.40861292,37.68230054,C0
2037.208259,1556.880466,2038.208259,C2
120.6149774,61.97048875,121.6149774,C0
-89.03168219,-32.24770059,90.03168219,C0
2021.525593,1476.341142,2022.525593,C2
515.3696469,240.0931596,516.3696469,C1
371.8287027,539.3956559,372.8287027,C1
65.44223689,79.83180758,66.44223689,C0
2174.103567,1587.69832,2175.103567,C2
50.42172989,-5.249590723,51.42172989,C0
1392.539846,1177.407422,1393.539846,C2
905.6764049,327.9931549,906.6764049,C1
1604.585339,1573.757279,1605.585339,C2
675.6963671,354.4084392,676.6963671,C1
696.8452311,368.3864437,697.8452311,C1
673.5587963,630.8567732,674.5587963,C1
-255.2115146,7.893731811,256.2115146,C0
11.67612361,-24.22698434,12.67612361,C0
2375.153089,1531.295172,2376.153089,C2
115.7291129,-56.30752939,116.7291129,C0
2125.88243,1447.488187,2126.88243,C2
687.7725311,410.8821895,688.7725311,C1
-178.6490685,-51.94905346,179.6490685,C0
641.7934376,420.1361216,642.7934376,C1
631.2201988,588.9186264,632.2201988,C1
622.3390648,465.1494248,623.3390648,C1
-64.5178461,156.7079477,65.5178461,C0
1991.368411,1310.797253,1992.368411,C2
1836.358826,1497.723272,1837.358826,C2
2187.989013,1607.860728,2188.989013,C2
2210.577746,1405.988004,2211.577746,C2
-49.12618088,22.90858577,50.12618088,C0
-61.45658598,-4.727256912,62.45658598,C0
945.3143168,6.988655666,946.3143168,C1
813.485304,370.5949259,814.485304,C1
1957.097224,1787.486214,1958.097224,C2
806.3225431,337.7550127,807.3225431,C1
1804.355016,1554.61865,1805.355016,C2
664.4469677,443.4137275,665.4469677,C1
992.8281548,376.6010014,993.8281548,C1
79.47442484,47.99736217,80.47442484,C0
2035.606892,1467.814985,2036.606892,C2
2577.09501,1454.934123,2578.09501,C2
818.0179834,543.4471661,819.0179834,C1
2234.289537,1563.709388,2235.289537,C2
600.6750587,533.4494012,601.6750587,C1
1717.098064,1922.613681,1718.098064,C2
638.1707617,490.9690736,639.1707617,C1
14.49662449,28.59809685,15.49662449,C0
94.46102414,13.66546337,95.46102414,C0
55.12728136,131.4447027,56.12728136,C0
689.1093493,462.3145253,690.1093493,C1
2104.229903,1839.564489,2105.229903,C2
204.9961677,102.9821871,205.9961677,C0
1975.943143,1926.875987,1976.943143,C2
702.9151845,413.1361208,703.9151845,C1
883.6840627,267.7644683,884.6840627,C1
748.5866486,307.3945637,749.5866486,C1
791.4709416,741.6999349,792.4709416,C1
160.2473181,-76.30721628,161.2473181,C0
2303.646054,1444.012023,2304.646054,C2
1969.121919,1653.740434,1970.121919,C2
-119.6575104,-137.9399096,120.6575104,C0
1839.154623,1098.952969,1840.154623,C2
2580.105209,1500.478502,2581.105209,C2
869.4434141,504.5162558,870.4434141,C1
803.5628815,475.7036126,804.5628815,C1
1958.122918,1512.599064,1959.122918,C2
2253.545278,1397.987759,2254.545278,C2
2278.580909,1606.152957,2279.580909,C2
819.3296876,489.1925244,820.3296876,C1
2066.498191,1138.129266,2067.498191,C2
626.8255234,598.7835166,627.8255234,C1
2196.328492,1500.440469,2197.328492,C2
121.4929868,-201.3918637,122.4929868,C0
838.7942836,495.2174355,839.7942836,C1
770.0475277,614.7480579,771.0475277,C1
1855.712279,2135.498314,1856.712279,C2
110.1922977,112.690667,111.1922977,C0
-56.65111167,84.50066573,57.65111167,C0
99.96515627,64.81302958,100.9651563,C0
386.9396545,561.3833851,387.9396545,C1
567.0334918,394.7824967,568.0334918,C1
238.9130603,-86.35319442,239.9130603,C0
1939.197389,1371.876242,1940.197389,C2
672.6338694,379.102165,673.6338694,C1
-16.21995447,4.723813275,17.21995447,C0
603.1368591,389.7692011,604.1368591,C1
616.1068268,525.9085785,617.1068268,C1
1873.805751,1863.632978,1874.805751,C2
749.1309534,363.1419023,750.1309534,C1
647.5738307,522.6155159,648.5738307,C1
-78.88219454,-52.27641605,79.88219454,C0
202.6023578,134.5545375,203.6023578,C0
-2.889737457,-18.41882028,3.889737457,C0
664.2371992,413.657452,665.2371992,C1
-25.16532956,205.0142824,26.16532956,C0
2077.203953,1871.703805,2078.203953,C2
-133.1405023,-112.0398434,134.1405023,C0
457.1398895,493.1664114,458.1398895,C1
709.20563,432.2533063,710.20563,C1
541.1426891,532.9309629,542.1426891,C1
805.0286248,510.1331513,806.0286248,C1
2222.751874,1428.818241,2223.751874,C2
124.7129432,218.296525,125.7129432,C0
-143.6601395,125.6726474,144.6601395,C0
1935.224057,1584.906852,1936.224057,C2
1919.014124,1543.844163,1920.014124,C2
409.3203711,528.6361416,410.3203711,C1
19.78346408,12.98361852,20.78346408,C0
-98.51562032,-73.89148501,99.51562032,C0
830.713464,399.8109742,831.713464,C1
2004.232698,1475.120197,2005.232698,C2
1967.099525,1299.972989,1968.099525,C2
2125.716017,1905.885168,2126.716017,C2
996.4702817,397.4810701,997.4702817,C1
-111.0995905,236.4168416,112.0995905,C0
-26.52070409,42.67857023,27.52070409,C0
1987.694091,1792.832742,1988.694091,C2
1686.406847,1637.573679,1687.406847,C2
2016.591807,1647.42609,2017.591807,C2
2606.090942,1625.843555,2607.090942,C2
2255.213894,1586.272592,2256.213894,C2
810.8304435,498.1089832,811.8304435,C1
1920.667366,1908.202612,1921.667366,C2
713.6740083,306.4038077,714.6740083,C1
2197.747787,1714.706344,2198.747787,C2
265.3105634,487.9261695,266.3105634,C1
2040.871346,1426.582889,2041.871346,C2
1024.219315,426.6152812,1025.219315,C1
2046.949684,745.2187306,2047.949684,C2
580.7380119,507.2856488,581.7380119,C1
2180.111433,1420.500251,2181.111433,C2
768.150963,533.0415377,769.150963,C1
-52.41017757,40.82256782,53.41017757,C0
1865.83477,1870.602778,1866.83477,C2
34.50345491,-84.36625268,35.50345491,C0
238.0421999,19.51922165,239.0421999,C0
2159.785915,1249.418152,2160.785915,C2
2024.635129,1507.237563,2025.635129,C2
134.2792655,-50.14207138,135.2792655,C0
2216.982236,1412.854646,2217.982236,C2
846.4080002,287.2841262,847.4080002,C1
864.1801595,746.0713708,865.1801595,C1
1895.999186,1734.975913,1896.999186,C2
649.0051983,604.1192902,650.0051983,C1
853.2059675,461.6046757,854.2059675,C1
-107.578704,-51.69976734,108.578704,C0
421.6449907,493.7351613,422.6449907,C1
2200.174042,1774.519101,2201.174042,C2
679.3635353,350.480572,680.3635353,C1
1779.575005,1472.549487,1780.575005,C2
125.203056,-122.1899457,126.203056,C0
595.6406076,503.3461089,596.6406076,C1
-155.1031976,24.83483356,156.1031976,C0
102.0632734,-115.5967857,103.0632734,C0
1964.821002,1601.814075,1965.821002,C2
-22.29277692,137.756713,23.29277692,C0
2591.285687,1833.685619,2592.285687,C2
110.3402164,-5.789790674,111.3402164,C0
2063.639404,1137.120513,2064.639404,C2
79.10326337,44.76418672,80.10326337,C0
150.0932132,-36.84110714,151.0932132,C0
646.8982873,244.162735,647.8982873,C1
2323.740362,1753.69164,2324.740362,C2
64.92731314,-89.56143306,65.92731314,C0
26.9406226,-1.843390514,27.9406226,C0
456.8216456,377.7594996,457.8216456,C1
788.7572884,546.5956775,789.7572884,C1
91.97229621,-81.54907146,92.97229621,C0
625.6081857,437.6533606,626.6081857,C1
707.3573176,495.5422907,708.3573176,C1
2232.752512,1759.453599,2233.752512,C2
1793.569676,1849.661763,1794.569676,C2
1786.828624,1944.139713,1787.828624,C2
2426.616251,1668.565735,2427.616251,C2
25.3892984,65.50379638,26.3892984,C0
-73.3916453,56.58420993,74.3916453,C0
978.4761789,519.9813009,979.4761789,C1
43.97209856,138.3462577,44.97209856,C0
801.7661126,333.6397636,802.7661126,C1
2246.667539,1474.903682,2247.667539,C2
1615.614147,1390.363207,1616.614147,C2
2306.456484,1618.737795,2307.456484,C2
2192.485711,1400.066093,2193.485711,C2
548.9994854,414.2805649,549.9994854,C1
832.5497624,359.5785181,833.5497624,C1
1919.186279,1498.789253,1920.186279,C2
772.5188554,412.9591626,773.5188554,C1
2356.781691,1469.978261,2357.781691,C2
917.9352976,224.7451181,918.9352976,C1
-36.60373026,61.24363022,37.60373026,C0
1875.508584,1523.972563,1876.508584,C2
796.6233779,669.7016882,797.6233779,C1
2324.434065,1750.183774,2325.434065,C2
2418.735573,1318.782831,2419.735573,C2
798.0853656,435.5403832,799.0853656,C1
1969.058759,1888.145616,1970.058759,C2
714.7591099,410.676179,715.7591099,C1
-14.84389316,53.38445035,15.84389316,C0
1821.028602,1596.048834,1822.028602,C2
1827.511687,1912.856706,1828.511687,C2
561.8938468,452.3772111,562.8938468,C1
581.7977975,389.3022234,582.7977975,C1
526.0735452,533.4023555,527.0735452,C1
904.9527712,153.8688635,905.9527712,C1
-8.871414523,-94.13928889,9.871414523,C0
2370.769865,1805.88328,2371.769865,C2
846.4287381,475.2733708,847.4287381,C1
1946.773074,1422.297021,1947.773074,C2
1873.139883,1273.712632,1874.139883,C2
139.3004466,6.331550019,140.3004466,C0
1012.8695,625.0146587,1013.8695,C1
731.1207765,704.640412,732.1207765,C1
1924.487449,1461.618878,1925.487449,C2
77.76082217,-82.42342169,78.76082217,C0
2216.032749,1584.24462,2217.032749,C2
-185.3381253,231.2639427,186.3381253,C0
2001.334672,1216.840956,2002.334672,C2
436.8993944,416.8444058,437.8993944,C1
676.7944028,465.7874454,677.7944028,C1
499.8541831,354.0071386,500.8541831,C1
1975.558485,1219.326223,1976.558485,C2
1817.156466,2252.416614,1818.156466,C2
2297.049736,1955.881464,2298.049736,C2
569.2923143,540.1586847,570.2923143,C1
325.996713,478.838243,326.996713,C1
715.0349016,402.1106519,716.0349016,C1
812.7497045,174.4364172,813.7497045,C1
667.933239,502.344028,668.933239,C1
2035.669519,1588.630259,2036.669519,C2
1985.192487,1158.841764,1986.192487,C2
618.9151494,450.1535732,619.9151494,C1
854.0287142,561.8601333,855.0287142,C1
-53.70095674,25.78021758,54.70095674,C0
475.8134495,698.522119,476.8134495,C1
521.6985296,253.5547894,522.6985296,C1
2974.74875,1571.668018,2975.74875,C2
2017.280938,2030.832097,2018.280938,C2
92.40258876,-183.990105,93.40258876,C0
1995.342511,1401.414259,1996.342511,C2
1743.317689,1811.318983,1744.317689,C2
2229.184887,1612.330655,2230.184887,C2
796.3706241,429.1974146,797.3706241,C1
163.9781753,-161.7710086,164.9781753,C0
2183.960165,1346.663505,2184.960165,C2
506.0230485,236.6774936,507.0230485,C1
132.8193366,-95.92369708,133.8193366,C0
2267.446146,1332.446276,2268.446146,C2
2176.192308,1706.671451,2177.192308,C2
2206.857013,1526.392722,2207.857013,C2
-103.0022995,140.5513983,104.0022995,C0
-50.12868018,38.60097717,51.12868018,C0
511.0780992,537.5440137,512.0780992,C1
105.5368576,85.06392116,106.5368576,C0
1945.59845,1884.258328,1946.59845,C2
811.080884,440.7725657,812.080884,C1
2279.085453,1799.802459,2280.085453,C2
-79.13684893,8.927353398,80.13684893,C0
1720.262082,1258.187811,1721.262082,C2
710.1241768,480.4564381,711.1241768,C1
597.0605746,259.140773,598.0605746,C1
-72.95086001,-9.380542533,73.95086001,C0
806.9261494,427.5436455,807.9261494,C1
292.2688916,436.7302828,293.2688916,C1
15.34358079,167.907231,16.34358079,C0
736.0720175,292.9859483,737.0720175,C1
61.59313591,-57.99507587,62.59313591,C0
732.4942894,489.2339138,733.4942894,C1
770.2486699,496.4455452,771.2486699,C1
423.365971,607.2450503,424.365971,C1
-113.0191031,-8.953611925,114.0191031,C0
2388.366951,1693.882626,2389.366951,C2
720.4590247,431.8271018,721.4590247,C1
507.3239658,612.2605393,508.3239658,C1
1830.007467,1934.868284,1831.007467,C2
626.3081411,353.3075361,627.3081411,C1
2125.704696,1669.256605,2126.704696,C2
2366.379663,1803.992203,2367.379663,C2
2030.151458,1886.272201,2031.151458,C2
1784.741915,1379.178031,1785.741915,C2
-10.94888944,-147.5739594,11.94888944,C0
2078.038644,1659.656631,2079.038644,C2
1987.722986,1619.135829,1988.722986,C2
788.2562989,536.9114348,789.2562989,C1
816.8071232,334.3262101,817.8071232,C1
603.4117489,540.0830064,604.4117489,C1
765.9028716,279.5968327,766.9028716,C1
-39.98221091,-42.73753224,40.98221091,C0
921.4333387,541.0657898,922.4333387,C1
2084.425333,1401.044306,2085.425333,C2
552.9509226,320.1502876,553.9509226,C1
-223.0346152,41.58151228,224.0346152,C0
624.0462036,508.3420588,625.0462036,C1
2276.062462,1569.400362,2277.062462,C2
1906.336643,1864.723674,1907.336643,C2
2039.62492,1743.001483,2040.62492,C2
15.3181603,-169.307257,16.3181603,C0
2035.105627,1811.311377,2036.105627,C2
738.9531623,436.713762,739.9531623,C1
571.6796345,529.4336987,572.6796345,C1
672.0896504,484.1524255,673.0896504,C1
2136.859127,1552.126031,2137.859127,C2
2162.107083,1782.746261,2163.107083,C2
2223.53593,1478.071224,2224.53593,C2
72.10676194,-85.7262565,73.10676194,C0
44.87238382,57.03694268,45.87238382,C0
2445.412849,1727.429891,2446.412849,C2
2181.400412,1740.000389,2182.400412,C2
2125.283995,1646.322496,2126.283995,C2
-136.7102753,115.3388027,137.7102753,C0
2671.770948,1452.675077,2672.770948,C2
2135.793029,1607.068013,2136.793029,C2
-216.7174292,-20.24307605,217.7174292,C0
2062.675046,1739.165671,2063.675046,C2
2808.612226,1671.764613,2809.612226,C2
-165.0662801,-65.92483524,166.0662801,C0
2053.495022,1733.749148,2054.495022,C2
-109.5227178,-114.2535737,110.5227178,C0
626.9075579,403.1170115,627.9075579,C1
-26.13403418,-19.75673449,27.13403418,C0
931.0633378,167.3235181,932.0633378,C1
908.3788422,567.5548396,909.3788422,C1
906.0011153,603.5879884,907.0011153,C1
1709.330812,1523.805302,1710.330812,C2
2258.8229,1537.5178,2259.8229,C2
423.1324154,513.550059,424.1324154,C1
-75.8621808,123.9724314,76.8621808,C0
628.943078,526.1067177,629.943078,C1
152.8251457,-33.02626179,153.8251457,C0
2232.155416,1603.018545,2233.155416,C2
822.6762154,323.3346346,823.6762154,C1
2543.608429,1616.9675,2544.608429,C2
31.76300834,229.8957025,32.76300834,C0
1043.503326,477.4102586,1044.503326,C1
2154.589901,1893.225782,2155.589901,C2
2195.088351,1161.689196,2196.088351,C2
2010.226604,1501.078947,2011.226604,C2
2099.958194,1159.806633,2100.958194,C2
138.4156178,55.43963267,139.4156178,C0
-88.20121132,-103.3284866,89.20121132,C0
604.0432427,325.9686366,605.0432427,C1
2451.439084,1443.996616,2452.439084,C2
2558.894119,1661.594239,2559.894119,C2
2149.411418,1321.972469,2150.411418,C2
1656.297386,1774.575112,1657.297386,C2
1983.029413,1122.94885,1984.029413,C2
70.07593666,-42.28796171,71.07593666,C0
-26.10920838,-19.12712167,27.10920838,C0
1896.999328,1384.192355,1897.999328,C2
868.9482955,509.5929025,869.9482955,C1
70.18132525,-49.89429548,71.18132525,C0
703.8057974,630.7312057,704.8057974,C1
2054.290942,1635.269173,2055.290942,C2
2175.446596,1519.970096,2176.446596,C2
294.5845279,213.9095272,295.5845279,C0
404.5787675,340.945108,405.5787675,C1
926.2575294,413.1804515,927.2575294,C1
65.46624611,-110.4774438,66.46624611,C0
918.4830032,541.0282474,919.4830032,C1
2337.375332,1411.246147,2338.375332,C2
733.9679647,712.3643186,734.9679647,C1
-100.7405362,164.0942158,101.7405362,C0
-80.65948432,-25.51282666,81.65948432,C0
2018.637885,1810.638833,2019.637885,C2
20.67026428,38.15122312,21.67026428,C0
932.2049351,528.8510031,933.2049351,C1
2504.59512,1517.645624,2505.59512,C2
17.10090279,-107.9468288,18.10090279,C0
19.9628841,43.89203959,20.9628841,C0
2250.685049,1390.252133,2251.685049,C2
1881.089431,1811.072712,1882.089431,C2
-66.06068161,42.6787224,67.06068161,C0
2388.466541,1666.256506,2389.466541,C2
1923.448031,1943.978285,1924.448031,C2
361.7966933,539.0300295,362.7966933,C1
1934.706239,1309.251594,1935.706239,C2
2144.470856,1191.876974,2145.470856,C2
-179.6008738,83.89355875,180.6008738,C0
2145.139619,1323.917192,2146.139619,C2
2157.944764,1175.53342,2158.944764,C2
2012.069352,1461.555444,2013.069352,C2
2317.619254,1941.542374,2318.619254,C2
-11.65507495,13.02378781,12.65507495,C0
1982.502583,1477.911809,1983.502583,C2
2317.595792,1471.211529,2318.595792,C2
22.17554936,110.2980141,23.17554936,C0
1927.637444,1479.676498,1928.637444,C2
2162.634029,1618.043576,2163.634029,C2
623.1096049,620.2209681,624.1096049,C1
2403.486516,2018.468063,2404.486516,C2
-156.784554,120.1109881,157.784554,C0
1998.369306,1651.975858,1999.369306,C2
1994.584695,1375.40154,1995.584695,C2
1133.241567,475.7121051,1134.241567,C1
-19.50182994,93.33628267,20.50182994,C0
775.4770868,350.0735037,776.4770868,C1
901.5976664,471.932001,902.5976664,C1
1953.91683,1867.071175,1954.91683,C2
7.959819812,39.15205835,8.959819812,C0
1722.845173,1436.179008,1723.845173,C2
870.9714365,501.3797833,871.9714365,C1
612.267128,464.5570168,613.267128,C1
702.002624,649.6272164,703.002624,C1
2735.467338,1659.651639,2736.467338,C2
-193.1961532,1.877430317,194.1961532,C0
80.17228659,7.150250874,81.17228659,C0
764.2251817,411.7714645,765.2251817,C1
1036.69673,380.0444986,1037.69673,C1
585.1826733,488.8928835,586.1826733,C1
1725.357757,1714.243732,1726.357757,C2
689.9093722,382.94678,690.9093722,C1
1881.52859,1401.321678,1882.52859,C2
120.8749174,56.42170966,121.8749174,C0
-69.34109554,-71.57760441,70.34109554,C0
2699.147515,1902.253726,2700.147515,C2
69.62923095,-22.00028818,70.62923095,C0
771.1656124,615.3211487,772.1656124,C1
173.1399698,58.4228596,174.1399698,C0
701.0739131,614.2502617,702.0739131,C1
631.8543484,500.4349741,632.8543484,C1
85.76582318,-43.10016669,86.76582318,C0
836.6131621,652.6538786,837.6131621,C1
701.5942329,577.1889642,702.5942329,C1
1703.593585,1961.371319,1704.593585,C2
9.797014601,-60.26635976,10.7970146,C0
1839.990972,1795.047697,1840.990972,C2
2505.294471,1462.852166,2506.294471,C2
2007.710866,1173.20113,2008.710866,C2
520.0650357,200.1714177,521.0650357,C1
146.6415577,-139.2974741,147.6415577,C0
628.3698233,431.182369,629.3698233,C1
824.6136965,720.09297,825.6136965,C1
2252.214396,1895.088198,2253.214396,C2
19.24232488,-97.44595058,20.24232488,C0
197.7207731,60.81959998,198.7207731,C0
770.6804457,478.7036917,771.6804457,C1
164.0460664,-134.8612033,165.0460664,C0
607.9847749,579.9066183,608.9847749,C1
2090.869886,1589.804063,2091.869886,C2
18.63736797,-11.96061565,19.63736797,C0
-64.53854843,62.33174652,65.53854843,C0
-205.668639,69.56275664,206.668639,C0
2109.483637,1390.534388,2110.483637,C2
2447.121362,1644.353522,2448.121362,C2
2083.998246,1267.304026,2084.998246,C2
788.9184175,501.9365889,789.9184175,C1
45.55580508,57.06740609,46.55580508,C0
-294.5248457,1.632805489,295.5248457,C0
710.8753144,544.937242,711.8753144,C1
24.9163827,85.02229011,25.9163827,C0
7.71347968,-37.90664736,8.71347968,C0
1835.138783,1464.718424,1836.138783,C2
2435.372728,1658.066665,2436.372728,C2
92.3529627,116.1918927,93.3529627,C0
2397.199015,1859.193304,2398.199015,C2
131.4193917,3.22341685,132.4193917,C0
548.3048082,324.5708448,549.3048082,C1
95.32256823,56.8514098,96.32256823,C0
2079.650077,1586.555983,2080.650077,C2
87.09661788,-17.64985783,88.09661788,C0
673.3967631,407.3351984,674.3967631,C1
2504.842321,1484.290613,2505.842321,C2
15.47068411,-3.827356131,16.47068411,C0
941.2055329,352.1165831,942.2055329,C1
2094.189709,1631.263624,2095.189709,C2
208.0031287,-151.1084897,209.0031287,C0
1639.021064,1366.316968,1640.021064,C2
-5.040664253,74.48155599,6.040664253,C0
2175.188302,1356.062853,2176.188302,C2
774.7987517,378.6419666,775.7987517,C1
706.8925522,471.6557879,707.8925522,C1
1955.110746,1868.337403,1956.110746,C2
1063.802193,663.1131067,1064.802193,C1
2299.469944,1566.98811,2300.469944,C2
781.3239695,394.736778,782.3239695,C1
-54.98971529,68.26880048,55.98971529,C0
2043.372424,1804.589307,2044.372424,C2
2129.921356,1599.945845,2130.921356,C2
537.8662013,434.4951988,538.8662013,C1
2000.920752,1170.665534,2001.920752,C2
2368.97087,1966.455328,2369.97087,C2
894.8759731,186.6962042,895.8759731,C1
2297.908641,1590.982994,2298.908641,C2
-57.76268476,80.99003176,58.76268476,C0
46.48752326,-29.35072797,47.48752326,C0
502.6555469,530.4637667,503.6555469,C1
1916.315112,2017.715818,1917.315112,C2
769.9779823,451.6912274,770.9779823,C1
649.2612762,497.1345524,650.2612762,C1
1824.012556,1367.183832,1825.012556,C2
2152.639198,2000.407666,2153.639198,C2
530.2869518,682.838388,531.2869518,C1
771.3715032,371.8437579,772.3715032,C1
3.30403219,29.32170378,4.30403219,C0
697.8518558,517.5896798,698.8518558,C1
2281.39075,1371.834127,2282.39075,C2
761.0228446,259.9034008,762.0228446,C1
716.2368793,429.876978,717.2368793,C1
1729.606248,1575.898809,1730.606248,C2
49.14579609,-95.24520083,50.14579609,C0
70.26232028,218.5937487,71.26232028,C0
791.9932593,518.599216,792.9932593,C1
842.0191467,336.0778634,843.0191467,C1
656.7498266,453.7560172,657.7498266,C1
2103.202707,1596.392475,2104.202707,C2
762.0357688,344.926234,763.0357688,C1
2487.978244,1791.407098,2488.978244,C2
-236.0901676,-36.04984963,237.0901676,C0
1658.924542,2048.97869,1659.924542,C2
1986.760172,1728.754511,1987.760172,C2
602.8603935,451.9603485,603.8603935,C1
856.9223727,423.753548,857.9223727,C1
855.0087649,477.0159814,856.0087649,C1
2341.177846,2067.345984,2342.177846,C2
20.12620349,105.1469343,21.12620349,C0
1699.68153,1340.55918,1700.68153,C2
746.7203651,417.2776632,747.7203651,C1
-68.4896115,-59.39204395,69.4896115,C0
634.9461014,417.5234988,635.9461014,C1
2599.793272,1437.044956,2600.793272,C2
929.9545476,351.544233,930.9545476,C1
2075.865696,1866.147739,2076.865696,C2
2300.612227,1587.252241,2301.612227,C2
2049.624581,1778.030072,2050.624581,C2
1894.264777,1545.778092,1895.264777,C2
793.9783476,365.4969431,794.9783476,C1
2031.43758,1539.596506,2032.43758,C2
1984.661681,1764.732303,1985.661681,C2
2106.533168,1429.022069,2107.533168,C2
775.6845336,406.9128557,776.6845336,C1
2182.645177,1250.78026,2183.645177,C2
622.3956187,563.6916548,623.3956187,C1
981.9489286,165.3749959,982.9489286,C1
190.0095555,44.63712911,191.0095555,C0
-56.91314143,-112.5416825,57.91314143,C0
802.5239086,507.5880534,803.5239086,C1
2199.169389,1778.549899,2200.169389,C2
32.41015755,29.79587048,33.41015755,C0
806.7911811,676.2844678,807.7911811,C1
766.3902484,393.124598,767.3902484,C1
1979.630303,1410.335116,1980.630303,C2
1992.81425,1696.11356,1993.81425,C2
842.5567493,485.6762515,843.5567493,C1
861.410601,539.6435965,862.410601,C1
1728.938943,1904.438523,1729.938943,C2
917.2512896,369.630162,918.2512896,C1
-223.7727679,-73.0628616,224.7727679,C0
-6.947617267,-102.3440521,7.947617267,C0
2005.442535,1322.772198,2006.442535,C2
754.8523974,486.5713541,755.8523974,C1
54.72152224,119.0153007,55.72152224,C0
2208.110419,1934.265273,2209.110419,C2
-122.4435902,-72.07672532,123.4435902,C0
2415.139645,1417.572195,2416.139645,C2
695.8193098,465.3092099,696.8193098,C1
2193.354709,1667.561719,2194.354709,C2
1918.489911,1420.715776,1919.489911,C2
-65.51195492,7.0930972,66.51195492,C0
2468.036178,1877.720623,2469.036178,C2
9.492557874,-94.81722877,10.49255787,C0
-8.854562489,-22.45768343,9.854562489,C0
600.1471012,302.3565057,601.1471012,C1
2476.483774,1439.392117,2477.483774,C2
426.110004,498.8339199,427.110004,C1
450.8885839,391.0576592,451.8885839,C1
488.3047444,503.7518028,489.3047444,C1
114.1555964,-64.48783562,115.1555964,C0
630.7036429,172.3204934,631.7036429,C1
648.5182434,463.1259437,649.5182434,C1
2408.522241,900.4826696,2409.522241,C2
164.9409572,-36.7942416,165.9409572,C0
138.7538743,96.34377872,139.7538743,C0
852.6227025,365.6404047,853.6227025,C1
888.1996789,491.0776007,889.1996789,C1
577.4632701,303.5793171,578.4632701,C1
801.1310647,358.8251617,802.1310647,C1
960.3272674,282.6967885,961.3272674,C1
642.0249064,378.7838852,643.0249064,C1
726.3413554,654.2142553,727.3413554,C1
749.3962292,512.4225774,750.3962292,C1
136.0421974,-37.35018712,137.0421974,C0
36.01180505,-133.0873562,37.01180505,C0
2098.466645,1461.499329,2099.466645,C2
796.2700063,434.3581306,797.2700063,C1
699.8966636,508.5343729,700.8966636,C1
438.1069887,401.3832842,439.1069887,C1
1885.981689,1310.066978,1886.981689,C2
1979.513069,1570.734322,1980.513069,C2
668.7205906,606.1729216,669.7205906,C1
681.3568047,503.710585,682.3568047,C1
132.4654275,-47.109945,133.4654275,C0
22.16977368,-38.03097481,23.16977368,C0
606.6693922,490.4151689,607.6693922,C1
-104.8245319,-149.9574895,105.8245319,C0
802.0910582,462.4435676,803.0910582,C1
1834.730579,1805.963979,1835.730579,C2
1946.189782,1408.777206,1947.189782,C2
828.3004997,470.6346966,829.3004997,C1
2011.009428,1529.492998,2012.009428,C2
972.038155,622.4658122,973.038155,C1
2088.942774,1908.34388,2089.942774,C2
854.2690448,350.452274,855.2690448,C1
2060.350236,1273.530033,2061.350236,C2
-65.54004906,144.4788693,66.54004906,C0
755.9442719,332.1041813,756.9442719,C1
-130.7342516,4.799125915,131.7342516,C0
482.693179,542.6136975,483.693179,C1
-163.2996897,-179.307091,164.2996897,C0
715.0054416,630.2431328,716.0054416,C1
894.0634181,469.8154003,895.0634181,C1
776.7957343,439.9053579,777.7957343,C1
25.28037817,72.06872814,26.28037817,C0
1904.494199,1950.231878,1905.494199,C2
724.6132784,539.8011451,725.6132784,C1
2058.079511,1395.966834,2059.079511,C2
671.6648351,542.8243545,672.6648351,C1
981.1374021,592.9566717,982.1374021,C1
340.0566007,446.8018934,341.0566007,C1
2204.591505,1597.021579,2205.591505,C2
-33.46667152,100.6651518,34.46667152,C0
804.5111848,706.3310863,805.5111848,C1
87.53264909,23.26886698,88.53264909,C0
736.6786994,581.9697931,737.6786994,C1
1810.441743,1732.849997,1811.441743,C2
-172.9710562,86.91308856,173.9710562,C0
56.78193751,136.0200682,57.78193751,C0
2034.525977,1526.198786,2035.525977,C2
-95.29755663,22.13743355,96.29755663,C0
2357.861226,1478.908182,2358.861226,C2
10.4212512,-73.57898948,11.4212512,C0
1791.492055,1585.50013,1792.492055,C2
-57.51693228,166.7135065,58.51693228,C0
755.2573163,589.8774979,756.2573163,C1
2592.83695,1336.765063,2593.83695,C2
5.032334906,52.9561052,6.032334906,C0
2001.115866,1543.526655,2002.115866,C2
731.3633664,468.708306,732.3633664,C1
567.8090441,617.5008052,568.8090441,C1
28.45541802,-173.7485765,29.45541802,C0
2855.134185,1813.221198,2856.134185,C2
0.913701103,24.46976982,1.913701103,C0
553.9001337,353.2728413,554.9001337,C1
2311.357356,1511.925009,2312.357356,C2
2116.549416,1568.677679,2117.549416,C2
565.2636316,351.2824793,566.2636316,C1
10.30469071,-24.2975488,11.30469071,C0
587.816806,607.5097903,588.816806,C1
-46.50663369,-24.04624387,47.50663369,C0
2140.557023,1488.149675,2141.557023,C2
728.3325048,477.7411339,729.3325048,C1
760.5006061,619.7864077,761.5006061,C1
518.5291218,237.5888666,519.5291218,C1
1733.793568,1788.416246,1734.793568,C2
1584.327193,1543.898359,1585.327193,C2
-61.62382309,37.10642433,62.62382309,C0
-25.65454013,5.8466904,26.65454013,C0
129.6322233,-187.9211309,130.6322233,C0
715.6792326,402.0899912,716.6792326,C1
-47.14739583,21.72753571,48.14739583,C0
665.1860192,634.0007309,666.1860192,C1
-70.16089779,-36.03978974,71.16089779,C0
130.6401221,109.1446046,131.6401221,C0
-77.0547155,106.2104322,78.0547155,C0
1756.579378,1737.810102,1757.579378,C2
2177.409358,1469.063915,2178.409358,C2
2131.225637,1249.702471,2132.225637,C2
-94.11132723,-76.19389816,95.11132723,C0
-55.13400805,121.4540088,56.13400805,C0
-29.95022168,111.3306803,30.95022168,C0
848.3077642,478.4784403,849.3077642,C1
2100.016006,1678.776387,2101.016006,C2
621.3214132,232.225514,622.3214132,C1
608.5946931,532.5493476,609.5946931,C1
2232.88961,1865.672297,2233.88961,C2
2270.274521,1304.833626,2271.274521,C2
909.071134,159.1433359,910.071134,C1
2486.840553,1708.458944,2487.840553,C2
712.9500857,589.9539624,713.9500857,C1
2147.577528,1715.936716,2148.577528,C2
2166.613655,1653.5391,2167.613655,C2
450.7462865,269.1780113,451.7462865,C1
777.3068378,327.4331636,778.3068378,C1
684.8696236,146.9835746,685.8696236,C1
2383.838867,1218.185303,2384.838867,C2
1727.136217,1671.548409,1728.136217,C2
-3.930780399,-176.4885356,4.930780399,C0
765.9119602,491.612924,766.9119602,C1
736.0118765,348.8083726,737.0118765,C1
415.0897615,426.2463125,416.0897615,C1
2518.129796,1778.043781,2519.129796,C2
-47.15785516,69.76944051,48.15785516,C0
555.4215903,511.6991876,556.4215903,C1
137.2770409,-199.7201442,138.2770409,C0
205.0599972,-100.345795,206.0599972,C0
1082.311631,374.7248076,1083.311631,C1
814.8720908,507.1377361,815.8720908,C1
-44.98824075,-97.14109535,45.98824075,C0
1879.407703,1538.310189,1880.407703,C2
750.4119251,539.1733182,751.4119251,C1
2371.202481,1470.321106,2372.202481,C2
468.0858987,433.3605911,469.0858987,C1
2069.217501,1585.188807,2070.217501,C2
855.975023,487.9924599,856.975023,C1
65.05567571,-101.8135352,66.05567571,C0
871.612242,390.8191815,872.612242,C1
966.5609197,480.9546716,967.5609197,C1
764.1185958,588.1621718,765.1185958,C1
2025.961204,1780.849187,2026.961204,C2
2045.762959,1580.218304,2046.762959,C2
1869.293017,2029.738621,1870.293017,C2
637.3746099,488.9792063,638.3746099,C1
436.0333357,371.920798,437.0333357,C1
585.9818186,501.7344546,586.9818186,C1
1808.577842,1320.32743,1809.577842,C2
575.9361026,305.213841,576.9361026,C1
2049.267838,1372.815186,2050.267838,C2
724.0045552,334.6029078,725.0045552,C1
8.822729552,75.62827838,9.822729552,C0
1991.187687,1116.633971,1992.187687,C2
-34.03696151,-47.82329724,35.03696151,C0
-11.33235715,-21.77818056,12.33235715,C0
2526.93685,2162.017648,2527.93685,C2
805.3164561,296.4807893,806.3164561,C1
-2.395461818,-41.78475173,3.395461818,C0
2415.945834,1764.856999,2416.945834,C2
-147.5459911,-33.47092475,148.5459911,C0
238.9235949,-125.3135353,239.9235949,C0
1573.296847,1667.235065,1574.296847,C2
520.2625141,414.4368373,521.2625141,C1
644.4933021,301.5174197,645.4933021,C1
762.9211513,652.2178514,763.9211513,C1
-20.54832618,23.02974594,21.54832618,C0
-68.96405381,-185.4209552,69.96405381,C0
-1.06620526,47.78380656,2.06620526,C0
-65.05406978,165.1860119,66.05406978,C0
403.9914903,878.873128,404.9914903,C1
-73.78860235,-19.60293363,74.78860235,C0
2130.021451,1303.929168,2131.021451,C2
1994.567265,1651.230222,1995.567265,C2
332.5764681,107.4432537,333.5764681,C0
2071.146558,1799.097879,2072.146558,C2
734.14288,700.9726619,735.14288,C1
93.93830097,4.298644232,94.93830097,C0
42.19998444,165.7502191,43.19998444,C0
-272.3057923,29.48677234,273.3057923,C0
596.5493415,355.7632497,597.5493415,C1
642.3355931,516.3057392,643.3355931,C1
756.8842039,239.5703258,757.8842039,C1
2014.262381,1386.178364,2015.262381,C2
600.848052,477.1312086,601.848052,C1
2141.214814,1276.5297,2142.214814,C2
-11.5480269,74.19455479,12.5480269,C0
684.1323565,611.8560779,685.1323565,C1
1882.635274,1472.049176,1883.635274,C2
608.4049123,429.2008015,609.4049123,C1
804.6110124,487.687275,805.6110124,C1
733.3736549,505.891782,734.3736549,C1
604.2182678,509.451694,605.2182678,C1
1984.117402,1927.380706,1985.117402,C2
-15.40297353,68.69778566,16.40297353,C0
-4.1991077,-30.04504142,5.1991077,C0
1956.714215,1500.134031,1957.714215,C2
5.168495683,-29.00338181,6.168495683,C0
857.5194143,399.6000559,858.5194143,C1
584.0443371,300.8240408,585.0443371,C1
2204.305317,1460.121009,2205.305317,C2
1870.476164,1796.751765,1871.476164,C2
2832.945493,1941.896853,2833.945493,C2
87.50529408,104.8441371,88.50529408,C0
-188.1598756,48.23372726,189.1598756,C0
2410.068502,1430.133109,2411.068502,C2
696.0176599,364.6995251,697.0176599,C1
2699.484687,2109.475147,2700.484687,C2
2316.496496,1989.833035,2317.496496,C2
118.5832369,-61.07960336,119.5832369,C0
507.0485066,222.9177198,508.0485066,C1
1962.808392,1472.342722,1963.808392,C2
2078.646084,1587.095199,2079.646084,C2
776.593754,356.5285375,777.593754,C1
148.8546561,-79.32554844,149.8546561,C0
2368.704673,1496.758274,2369.704673,C2
-152.6997927,-249.8359637,153.6997927,C0
55.83221058,244.5788159,56.83221058,C0
2.957483235,-25.27026258,3.957483235,C0
711.5643662,454.5463352,712.5643662,C1
-26.47217978,95.44838287,27.47217978,C0
1744.298033,1194.159152,1745.298033,C2
656.3427822,397.4533324,657.3427822,C1
509.8754678,622.6669774,510.8754678,C1
-78.72369664,-12.4886163,79.72369664,C0
-47.60422308,-273.0866324,48.60422308,C0
-88.68465655,-12.07030377,89.68465655,C0
95.26881695,-76.2903389,96.26881695,C0
117.666467,3.800694928,118.666467,C0
75.13711126,48.69433216,76.13711126,C0
7.714838489,-225.3331696,8.714838489,C0
2039.290146,1461.582097,2040.290146,C2
-1.700476727,-46.68485872,2.700476727,C0
2513.403773,1554.544546,2514.403773,C2
875.209405,457.9221576,876.209405,C1
926.3029625,486.797206,927.3029625,C1
1973.011011,1129.335107,1974.011011,C2
1756.046001,1939.25722,1757.046001,C2
1874.574439,1227.471988,1875.574439,C2
2475.714057,1002.080577,2476.714057,C2
-48.93873491,150.8876955,49.93873491,C0
1945.860839,1731.387141,1946.860839,C2
847.9237074,496.0542908,848.9237074,C1
2538.609334,1301.59328,2539.609334,C2
855.8057323,486.0181509,856.8057323,C1
86.17442085,92.04568824,87.17442085,C0
741.3665304,402.4448104,742.3665304,C1
2396.023427,1818.432267,2397.023427,C2
2157.605864,1606.177976,2158.605864,C2
742.1013134,482.0927034,743.1013134,C1
41.13111247,138.3896334,42.13111247,C0
1885.762836,1563.343931,1886.762836,C2
775.0965999,539.4585501,776.0965999,C1
688.6341786,408.8899542,689.6341786,C1
-80.5585852,76.73766213,81.5585852,C0
7.047189331,-282.4678868,8.047189331,C0
1741.930225,1825.897664,1742.930225,C2
2144.242082,1393.446599,2145.242082,C2
2199.714561,1763.510774,2200.714561,C2
60.8182642,-62.96741406,61.8182642,C0
1531.821346,1732.15924,1532.821346,C2
727.0626608,508.166295,728.0626608,C1
872.2845083,306.7657885,873.2845083,C1
2206.557101,1207.687396,2207.557101,C2
686.4888416,663.5887752,687.4888416,C1
717.0428443,278.1311728,718.0428443,C1
717.0163899,327.9572473,718.0163899,C1
80.05040541,-94.78084103,81.05040541,C0
-19.75023767,65.14229303,20.75023767,C0
746.136372,306.5590331,747.136372,C1
-134.2081984,-86.54577881,135.2081984,C0
686.3656898,430.3521246,687.3656898,C1
267.0055317,-126.8692678,268.0055317,C0
-63.55031341,33.50948135,64.55031341,C0
1150.760418,387.8589123,1151.760418,C1
826.6320283,275.7923902,827.6320283,C1
1987.824535,1458.269699,1988.824535,C2
2071.379596,1635.494329,2072.379596,C2
-121.9169341,88.05003984,122.9169341,C0
2314.483768,1673.825342,2315.483768,C2
800.0028086,417.307016,801.0028086,C1
1038.054866,358.0188132,1039.054866,C1
631.7656776,569.1004062,632.7656776,C1
-60.2931098,19.14407506,61.2931098,C0
2183.441862,1419.619323,2184.441862,C2
-13.84586311,92.15201139,14.84586311,C0
2214.508783,1933.105679,2215.508783,C2
895.3147266,618.9161056,896.3147266,C1
-29.69124335,57.9160469,30.69124335,C0
91.8604077,-48.2017793,92.8604077,C0
1642.309121,1521.728409,1643.309121,C2
-183.4378357,-84.39147636,184.4378357,C0
34.70754337,85.71744522,35.70754337,C0
-24.81167119,-113.947928,25.81167119,C0
-32.64394438,108.4100796,33.64394438,C0
1643.082953,1366.909771,1644.082953,C2
720.477003,477.64967,721.477003,C1
2247.510834,1403.672515,2248.510834,C2
-141.7978273,241.1755243,142.7978273,C0
2033.235258,1580.056118,2034.235258,C2
5.619740664,-76.18717937,6.619740664,C0
405.2984466,308.5663711,406.2984466,C1
-368.1450253,4.002548987,369.1450253,C0
782.9178229,431.878723,783.9178229,C1
-45.62071196,5.427756869,46.62071196,C0
619.9511598,520.2363991,620.9511598,C1
736.6581628,527.609384,737.6581628,C1
742.3991011,655.3246156,743.3991011,C1
99.66757205,50.37221616,100.6675721,C0
682.1629969,445.8534506,683.1629969,C1
-163.3378802,194.8081831,164.3378802,C0
769.4453358,315.1923325,770.4453358,C1
516.4830302,500.6582771,517.4830302,C1
1845.399677,1810.982542,1846.399677,C2
1566.313709,1395.231939,1567.313709,C2
668.9683468,580.9505658,669.9683468,C1
-2.195731973,151.0054016,3.195731973,C0
568.2113416,431.2942718,569.2113416,C1
1633.589382,1298.056233,1634.589382,C2
440.4479689,543.0306148,441.4479689,C1
2063.213504,1439.431965,2064.213504,C2
773.4216274,414.2530799,774.4216274,C1
-10.62787788,153.2406639,11.62787788,C0
-196.3723483,-23.72069368,197.3723483,C0
1967.708612,1796.800225,1968.708612,C2
396.6883117,362.845841,397.6883117,C1
2523.235207,1769.192917,2524.235207,C2
1967.121279,1537.641519,1968.121279,C2
1852.173668,1751.89566,1853.173668,C2
311.3651227,397.6201413,312.3651227,C1
848.4148093,529.4016393,849.4148093,C1
127.0657239,35.38212689,128.0657239,C0
-140.2042019,58.59259788,141.2042019,C0
1917.006443,1466.470805,1918.006443,C2
1883.386173,1681.51574,1884.386173,C2
784.7261009,223.0365652,785.7261009,C1
2095.484027,1636.842574,2096.484027,C2
720.3494898,503.0102399,721.3494898,C1
2276.103541,1599.924943,2277.103541,C2
2294.540062,1630.489667,2295.540062,C2
-146.6502879,-43.86193142,147.6502879,C0
1849.933544,1927.965859,1850.933544,C2
-49.80619073,-193.5810013,50.80619073,C0
123.1338025,66.50152349,124.1338025,C0
132.9542779,63.8536731,133.9542779,C0
1966.328418,1706.010747,1967.328418,C2
-159.1999903,-75.71584952,160.1999903,C0
1882.9796,1436.243251,1883.9796,C2
2017.43555,1659.346093,2018.43555,C2
0.3685970332,111.2075214,1.368597033,C0
23.5232678,304.1644332,24.5232678,C0
828.0088929,663.6504612,829.0088929,C1
2042.184375,1579.940395,2043.184375,C2
2508.227136,1592.177151,2509.227136,C2
792.8345528,700.3155313,793.8345528,C1
607.5736938,496.8976876,608.5736938,C1
2158.806639,1268.49024,2159.806639,C2
768.1179055,322.1525083,769.1179055,C1
1346.943428,1470.978368,1347.943428,C2
473.4946612,491.3699025,474.4946612,C1
39.38823261,237.9644261,40.38823261,C0
76.03533344,138.287388,77.03533344,C0
2027.243463,1984.059435,2028.243463,C2
119.5814039,111.8710503,120.5814039,C0
391.1083984,426.978287,392.1083984,C1
-8.515454666,158.7259661,9.515454666,C0
163.8471576,-16.40475495,164.8471576,C0
2220.899307,1690.093095,2221.899307,C2
2369.537026,1967.448345,2370.537026,C2
2070.537166,1771.958158,2071.537166,C2
460.0320215,517.6602329,461.0320215,C1
2440.25038,1539.744949,2441.25038,C2
868.7359231,268.9761165,869.7359231,C1
-92.86820211,59.22136594,93.86820211,C0
-2.302851622,-17.70858299,3.302851622,C0
-93.60442813,168.7459432,94.60442813,C0
621.8706018,530.3046873,622.8706018,C1
670.9314081,490.0451924,671.9314081,C1
749.3962842,515.1197602,750.3962842,C1
702.4023027,665.3087781,703.4023027,C1
2201.672704,1263.290519,2202.672704,C2
-8.927926524,-29.45927366,9.927926524,C0
2054.447542,1099.329032,2055.447542,C2
2618.366754,1678.040641,2619.366754,C2
-99.14818104,-9.229998693,100.148181,C0
356.0262994,556.00484,357.0262994,C1
1749.82368,1526.797718,1750.82368,C2
1975.850525,1556.147099,1976.850525,C2
519.5701253,562.5066797,520.5701253,C1
617.0212045,301.5644339,618.0212045,C1
1755.583418,1534.264811,1756.583418,C2
1892.113662,1289.456692,1893.113662,C2
2211.167385,1526.516503,2212.167385,C2
1842.163268,1320.216716,1843.163268,C2
2301.8311,1350.35695,2302.8311,C2
780.2149859,654.6825439,781.2149859,C1
2350.737954,1558.025421,2351.737954,C2
56.38654905,-84.32815227,57.38654905,C0
-183.0390588,-30.536497,184.0390588,C0
-65.54194426,35.82363673,66.54194426,C0
-114.1505616,46.28902029,115.1505616,C0
1856.845793,831.4158071,1857.845793,C2
1647.577382,1417.612989,1648.577382,C2
831.470143,659.5042633,832.470143,C1
4.414871168,-173.8590516,5.414871168,C0
843.1231124,365.3079358,844.1231124,C1
759.7095439,626.0952623,760.7095439,C1
790.3027074,534.7322544,791.3027074,C1
-69.7308322,260.9820433,70.7308322,C0
666.8435977,561.6723862,667.8435977,C1
-8.732129195,5.48171615,9.732129195,C0
1878.397687,1479.452712,1879.397687,C2
2236.332556,1642.128219,2237.332556,C2
753.1454951,385.6232901,754.1454951,C1
2037.945929,1647.936759,2038.945929,C2
-55.18414542,129.4886752,56.18414542,C0
-40.82191121,81.96936412,41.82191121,C0
27.69967124,56.56464573,28.69967124,C0
663.1510111,505.4926264,664.1510111,C1
-25.23201283,22.41066095,26.23201283,C0
-6.898755484,70.25465481,7.898755484,C0
1803.875379,1909.305638,1804.875379,C2
650.6882234,408.5317544,651.6882234,C1
-28.9016786,345.0339895,29.9016786,C0
682.8848505,550.4756977,683.8848505,C1
-101.0930279,54.2131678,102.0930279,C0
715.8323274,363.2942305,716.8323274,C1
977.8140003,336.9959745,978.8140003,C1
673.3830764,453.789278,674.3830764,C1
746.3473417,512.7383691,747.3473417,C1
2063.349415,1628.489518,2064.349415,C2
880.8029249,467.1282641,881.8029249,C1
2502.799225,1726.920731,2503.799225,C2
-163.7960105,91.07479971,164.7960105,C0
754.1552454,497.8484492,755.1552454,C1
-162.873244,-10.58095288,163.873244,C0
154.7512905,196.8665521,155.7512905,C0
675.9569408,368.212981,676.9569408,C1
25.63685249,73.06458504,26.63685249,C0
2194.712647,1851.825579,2195.712647,C2
1610.971955,1970.449607,1611.971955,C2
802.4664801,219.2626952,803.4664801,C1
2434.825891,1884.803437,2435.825891,C2
-58.91627857,-43.2708642,59.91627857,C0
2051.891907,1827.239535,2052.891907,C2
2184.273965,1975.835251,2185.273965,C2
643.9636735,354.2790523,644.9636735,C1
1901.65598,1649.838648,1902.65598,C2
732.3844099,613.6226716,733.3844099,C1
-88.82977205,-98.56615508,89.82977205,C0
1996.70173,1572.485248,1997.70173,C2
474.4415197,391.5875503,475.4415197,C1
-178.8970645,175.4448546,179.8970645,C0
814.1191852,440.6812838,815.1191852,C1
-316.5964066,-160.427667,317.5964066,C0
2127.122961,1336.23796,2128.122961,C2
1871.563393,1611.918802,1872.563393,C2
746.8661617,380.7068702,747.8661617,C1
466.7713118,699.7403144,467.7713118,C1
63.85389477,-24.32379745,64.85389477,C0
603.6815099,236.435771,604.6815099,C1
1028.76018,368.8266918,1029.76018,C1
-118.6655963,191.9296296,119.6655963,C0
654.0830314,403.0743961,655.0830314,C1
70.57668474,32.90691985,71.57668474,C0
1863.8076,1649.867492,1864.8076,C2
549.5337611,367.1030626,550.5337611,C1
2004.351496,1968.71846,2005.351496,C2
713.7098652,528.6156911,714.7098652,C1
2155.464898,1204.352378,2156.464898,C2
2609.688944,1348.514591,2610.688944,C2
1661.887478,1711.896204,1662.887478,C2
89.95954081,137.8681716,90.95954081,C0
2092.231714,1584.303429,2093.231714,C2
884.2959213,486.7455114,885.2959213,C1
2013.519169,1575.688519,2014.519169,C2
75.10827241,34.91004666,76.10827241,C0
1854.291484,1381.867433,1855.291484,C2
602.1112465,587.5907458,603.1112465,C1
740.0038365,540.7928165,741.0038365,C1
2226.633837,1419.209133,2227.633837,C2
-34.50818862,42.36044687,35.50818862,C0
1789.769468,1583.810489,1790.769468,C2
-194.076736,88.32483217,195.076736,C0
-124.2809748,-26.44760875,125.2809748,C0
2183.131565,1602.247363,2184.131565,C2
668.3594507,679.8632181,669.3594507,C1
600.4133307,496.1750137,601.4133307,C1
2085.516795,1236.471288,2086.516795,C2
1930.908799,1561.923082,1931.908799,C2
552.8547045,367.5850876,553.8547045,C1
2272.709435,1484.860161,2273.709435,C2
788.9696789,697.0943098,789.9696789,C1
2340.541983,1675.275976,2341.541983,C2
746.9793368,446.1274822,747.9793368,C1
1707.258779,1294.876961,1708.258779,C2
53.37877889,-47.20498556,54.37877889,C0
2508.730673,1987.536967,2509.730673,C2
796.7398512,406.6076581,797.7398512,C1
2.418669082,139.2014184,3.418669082,C0
2209.792348,1525.462691,2210.792348,C2
92.74623403,-68.75964493,93.74623403,C0
2426.086872,1655.27462,2427.086872,C2
658.8091762,261.3557884,659.8091762,C1
387.7264119,554.9519965,388.7264119,C1
578.6419659,286.2009374,579.6419659,C1
1966.551598,1438.664411,1967.551598,C2
1689.581091,1926.753973,1690.581091,C2
205.9963352,14.0104933,206.9963352,C0
-253.4111717,-37.67442764,254.4111717,C0
-22.1018893,-38.67830902,23.1018893,C0
-89.67511895,-135.8665839,90.67511895,C0
1743.947767,1495.36314,1744.947767,C2
254.3206084,27.12226951,255.3206084,C0
-104.8905023,-82.56596463,105.8905023,C0
95.91855542,-201.1728582,96.91855542,C0
728.530285,226.9220499,729.530285,C1
900.9941251,170.6507669,901.9941251,C1
2377.981866,1628.705642,2378.981866,C2
1826.462507,1814.626432,1827.462507,C2
2298.939034,1127.136287,2299.939034,C2
-88.74505573,-138.9673833,89.74505573,C0
448.9339197,398.394877,449.9339197,C1
186.6613689,-24.68747252,187.6613689,C0
150.5496444,-61.24706158,151.5496444,C0
2190.956899,1532.828683,2191.956899,C2
773.3749104,510.4445655,774.3749104,C1
-108.1598133,31.17851524,109.1598133,C0
587.7090859,269.2187077,588.7090859,C1
892.36327,291.0650017,893.36327,C1
1951.241123,1786.391201,1952.241123,C2
40.62036998,-0.483607114,41.62036998,C0
2079.493206,1523.056193,2080.493206,C2
1547.620063,1514.182838,1548.620063,C2
2359.104211,1731.486752,2360.104211,C2
55.5336456,34.61477821,56.5336456,C0
500.3138327,418.7851823,501.3138327,C1
-29.78724603,-63.60192364,30.78724603,C0
1767.176528,1566.666326,1768.176528,C2
2263.777613,1752.772976,2264.777613,C2
3104.827416,1615.087615,3105.827416,C2
2264.148862,1697.506621,2265.148862,C2
-18.23544316,8.543623709,19.23544316,C0
587.4533692,560.3717467,588.4533692,C1
254.6240347,464.4154684,255.6240347,C1
2097.549019,1766.035547,2098.549019,C2
2360.39103,2158.657931,2361.39103,C2
694.6747165,390.9225511,695.6747165,C1
2155.544844,1417.179168,2156.544844,C2
-40.45586947,18.76427809,41.45586947,C0
-96.17700128,112.8773751,97.17700128,C0
1802.497619,1431.93845,1803.497619,C2
638.4488769,441.397732,639.4488769,C1
-63.30009876,-148.055668,64.30009876,C0
-14.59603745,-14.53609544,15.59603745,C0
2413.125751,1648.391187,2414.125751,C2
18.65667834,-178.5370522,19.65667834,C0
-283.4826905,160.4900744,284.4826905,C0
974.1893361,393.8609011,975.1893361,C1
2374.433326,1713.061549,2375.433326,C2
2206.80465,1789.302131,2207.80465,C2
-178.0915055,51.59493924,179.0915055,C0
835.3868612,525.1496421,836.3868612,C1
82.97162944,79.24708358,83.97162944,C0
2246.047245,1511.475479,2247.047245,C2
877.8110417,452.6480395,878.8110417,C1
-151.4477882,-24.3859606,152.4477882,C0
-148.813832,-62.32654581,149.813832,C0
1889.820635,1220.72511,1890.820635,C2
2299.475503,1369.728964,2300.475503,C2
792.8997742,516.0961688,793.8997742,C1
174.3916898,-147.6686865,175.3916898,C0
2008.498665,1401.747096,2009.498665,C2
720.2208858,496.8859429,721.2208858,C1
1013.639463,554.6775453,1014.639463,C1
16.42497141,262.5796202,17.42497141,C0
147.6295767,15.96106197,148.6295767,C0
657.7653708,356.4430706,658.7653708,C1
631.7703545,463.1775618,632.7703545,C1
-115.157733,-167.7700765,116.157733,C0
2190.324848,1563.843908,2191.324848,C2
2182.854685,1623.159808,2183.854685,C2
870.7504157,494.2130614,871.7504157,C1
822.5117096,385.7251555,823.5117096,C1
2130.188135,1588.26684,2131.188135,C2
-65.98486142,66.36083192,66.98486142,C0
745.5826642,346.1891995,746.5826642,C1
64.51336977,-36.81219455,65.51336977,C0
2.673886831,167.160416,3.673886831,C0
-85.21463354,-195.4642266,86.21463354,C0
151.5478598,31.98122527,152.5478598,C0
754.9431004,552.4212623,755.9431004,C1
2562.770856,1193.59621,2563.770856,C2
587.643466,513.1604193,588.643466,C1
2037.121229,1495.358469,2038.121229,C2
601.9758984,496.8037189,602.9758984,C1
2714.936088,1528.931847,2715.936088,C2
7.066795324,7.939752576,8.066795324,C0
1450.927438,1653.223944,1451.927438,C2
1778.92225,1642.022767,1779.92225,C2
177.7178572,-25.58378366,178.7178572,C0
2658.017903,1749.008052,2659.017903,C2
2592.842618,1533.616396,2593.842618,C2
638.4353721,482.0604124,639.4353721,C1
875.411336,406.8822457,876.411336,C1
2340.989426,1615.261281,2341.989426,C2
584.2425849,328.1173334,585.2425849,C1
810.5655847,271.1972619,811.5655847,C1
540.9399049,491.9121202,541.9399049,C1
635.9065746,469.7436169,636.9065746,C1
42.83642225,175.7654546,43.83642225,C0
55.26332502,112.7190656,56.26332502,C0
-11.62074609,79.59739594,12.62074609,C0
582.0449153,324.0394995,583.0449153,C1
-9.21115541,34.77175611,10.21115541,C0
-160.7842867,-213.5759853,161.7842867,C0
1950.145165,1619.201886,1951.145165,C2
-203.6096934,-53.18154713,204.6096934,C0
710.0836916,540.9126238,711.0836916,C1
-106.0034087,-11.8612151,107.0034087,C0
967.573412,578.0092697,968.573412,C1
-228.9934876,83.24436839,229.9934876,C0
1750.709808,1596.767589,1751.709808,C2
535.236744,463.9547964,536.236744,C1
676.7279587,511.9043264,677.7279587,C1
723.5391273,342.7628083,724.5391273,C1
-76.65865919,-21.94773417,77.65865919,C0
669.8607602,388.2413664,670.8607602,C1
409.025936,532.1168927,410.025936,C1
2088.429732,1422.075472,2089.429732,C2
789.7036623,546.0396948,790.7036623,C1
868.7131839,306.0396073,869.7131839,C1
2106.003231,1782.165313,2107.003231,C2
2054.914017,1756.755538,2055.914017,C2
2110.819004,1842.455278,2111.819004,C2
-33.60861286,33.33639338,34.60861286,C0
568.5359068,554.217802,569.5359068,C1
825.6369605,243.4899995,826.6369605,C1
223.6996967,7.650388566,224.6996967,C0
526.6557987,327.1363622,527.6557987,C1
523.8280472,147.652683,524.8280472,C1
157.5435919,135.3719432,158.5435919,C0
123.5891243,-44.51603822,124.5891243,C0
1610.656445,1290.592621,1611.656445,C2
-189.7970181,-121.1199687,190.7970181,C0
291.2711145,-186.3784114,292.2711145,C0
2114.231031,1260.824506,2115.231031,C2
2292.754929,1668.094142,2293.754929,C2
709.4871068,506.2168781,710.4871068,C1
118.0032738,-134.9894546,119.0032738,C0
701.9891521,487.5884033,702.9891521,C1
553.9349661,359.9517675,554.9349661,C1
374.7773782,397.7237027,375.7773782,C1
799.4076559,621.457694,800.4076559,C1
-75.67297197,-68.14535955,76.67297197,C0
1832.465971,1714.458958,1833.465971,C2
2053.069686,1308.669965,2054.069686,C2
2272.176244,1443.820004,2273.176244,C2
678.4179431,294.156041,679.4179431,C1
2112.080044,1434.033889,2113.080044,C2
2021.080903,1480.134747,2022.080903,C2
2151.985976,1283.832925,2152.985976,C2
1555.426188,1743.612273,1556.426188,C2
118.6233391,-48.11177506,119.6233391,C0
643.9884767,605.5414123,644.9884767,C1
1993.500065,1604.243544,1994.500065,C2
1890.896422,1605.060712,1891.896422,C2
851.1384236,497.7876934,852.1384236,C1
616.6177152,486.111042,617.6177152,C1
2025.749597,2064.097962,2026.749597,C2
865.7976923,461.4308773,866.7976923,C1
916.6183347,360.2900504,917.6183347,C1
30.77639489,-135.326401,31.77639489,C0
646.9691604,480.7172277,647.9691604,C1
2402.442852,1371.446788,2403.442852,C2
-59.31934489,29.35307661,60.31934489,C0
71.12790607,-29.75794502,72.12790607,C0
485.5102844,716.0656532,486.5102844,C1
1936.281505,1503.768445,1937.281505,C2
564.7348172,306.6374592,565.7348172,C1
2040.365141,1243.017375,2041.365141,C2
808.0790365,817.2941064,809.0790365,C1
2040.218766,1706.803949,2041.218766,C2
771.1927903,486.5623663,772.1927903,C1
-58.18961734,87.97772576,59.18961734,C0
2377.748825,1595.537961,2378.748825,C2
2053.043796,1495.316647,2054.043796,C2
2064.916815,1587.795867,2065.916815,C2
872.5888914,490.8311351,873.5888914,C1
2731.520193,1605.108408,2732.520193,C2
1996.792791,1404.778523,1997.792791,C2
-155.6464597,138.5311565,156.6464597,C0
2435.01766,1366.099323,2436.01766,C2
-46.04274531,-209.2600761,47.04274531,C0
909.0567369,529.3807095,910.0567369,C1
76.38458106,-50.87587581,77.38458106,C0
2434.38381,1976.925623,2435.38381,C2
2219.907109,2058.636662,2220.907109,C2
681.1599074,410.8030054,682.1599074,C1
2283.395542,1496.510985,2284.395542,C2
48.87447896,43.26552261,49.87447896,C0
721.6332799,260.5661247,722.6332799,C1
28.91218893,50.24962291,29.91218893,C0
-120.7713543,46.07895094,121.7713543,C0
687.2379622,104.5047738,688.2379622,C1
1076.349438,568.1712941,1077.349438,C1
842.3224966,503.5516054,843.3224966,C1
1989.884345,851.7979027,1990.884345,C2
339.1910693,475.2416329,340.1910693,C1
69.07397504,-117.2650198,70.07397504,C0
151.8864747,13.17673214,152.8864747,C0
1940.47019,1410.096173,1941.47019,C2
177.4830856,-18.67462754,178.4830856,C0
998.8892297,596.4021082,999.8892297,C1
578.2974355,425.5550002,579.2974355,C1
621.3697692,485.2275956,622.3697692,C1
2236.523851,1686.868267,2237.523851,C2
-2.524329798,-60.49499113,3.524329798,C0
546.4968391,404.6182368,547.4968391,C1
731.8034676,493.212627,732.8034676,C1
759.4100618,374.9889139,760.4100618,C1
735.6586052,360.7051891,736.6586052,C1
1593.584667,1716.843244,1594.584667,C2
912.7688331,664.7179607,913.7688331,C1
15.53429525,103.0923725,16.53429525,C0
15.47387402,28.2519966,16.47387402,C0
2487.100144,1481.127004,2488.100144,C2
27.7116393,3.636934127,28.7116393,C0
558.0546138,519.0845757,559.0546138,C1
-1.469346422,63.24572715,2.469346422,C0
2248.997885,1533.731186,2249.997885,C2
2506.025684,1429.224521,2507.025684,C2
131.9366619,115.4955819,132.9366619,C0
-100.2654316,178.6782828,101.2654316,C0
2372.094075,1440.472823,2373.094075,C2
2094.001869,975.9014318,2095.001869,C2
1914.440282,1408.77089,1915.440282,C2
1734.090812,1425.141942,1735.090812,C2
102.2073356,-17.29654673,103.2073356,C0
126.2231612,89.76102156,127.2231612,C0
793.8068799,336.3975447,794.8068799,C1
970.3156875,597.2501685,971.3156875,C1
2056.735772,1344.406434,2057.735772,C2
1916.846239,1728.045329,1917.846239,C2
501.2633849,486.8855768,502.2633849,C1
-44.6860102,-43.45240606,45.6860102,C0
730.8632866,463.0695593,731.8632866,C1
768.1335082,377.1205084,769.1335082,C1
2078.127931,1936.460584,2079.127931,C2
738.2667604,381.5566206,739.2667604,C1
2232.595893,1767.728916,2233.595893,C2
-198.378437,5.002624218,199.378437,C0
899.7911326,543.2280076,900.7911326,C1
2384.801522,1967.223862,2385.801522,C2
2473.426311,1780.449229,2474.426311,C2
431.6456775,463.2323224,432.6456775,C1
2145.976179,1692.301939,2146.976179,C2
2032.959809,1667.706695,2033.959809,C2
733.8961846,377.3271235,734.8961846,C1
811.4456854,564.7234827,812.4456854,C1
900.1920171,430.4309522,901.1920171,C1
815.6205756,249.3051133,816.6205756,C1
-51.78454492,68.70339082,52.78454492,C0
12.06763534,107.5385171,13.06763534,C0
-80.72064144,-21.89002863,81.72064144,C0
552.2502267,537.3221942,553.2502267,C1
605.5751319,681.6427961,606.5751319,C1
741.4999199,698.9679994,742.4999199,C1
2160.786433,1453.203159,2161.786433,C2
800.699152,403.2410254,801.699152,C1
23.2375624,-26.86201467,24.2375624,C0
2300.755819,1676.087084,2301.755819,C2
-85.31533215,-24.54525469,86.31533215,C0
8.815178495,71.26751672,9.815178495,C0
2164.888789,1792.31804,2165.888789,C2
744.8546213,441.5414392,745.8546213,C1
2826.208099,1844.610308,2827.208099,C2
627.8629825,542.9155165,628.8629825,C1
-10.60419245,3.549429794,11.60419245,C0
