Object_ID,Intensity_Marker_A,Bkgd_Intensity_Marker_A,Bkgd_Corr_Intensity_Marker_A,Intensity_Marker_B,Bkgd_Intensity_Marker_B,Bkgd_Corr_Intensity_Marker_B,Intensity_Marker_C,Bkgd_Intensity_Marker_C,Bkgd_Corr_Intensity_Marker_C,Distance_Marker_A-Marker_B_microns,Area_um2,Circularity,Ch1-X,Ch1-Y,Ch2-X,Ch2-Y
1,3795.138191,40320.8068,-36525.66861,38389.73568,43102.8205,-4713.084823,76003.47284,47673.74756,28329.72528,1.950008899,2.3870532,0.5900210241,59.02167417,85.52431902,59.27822426,87.45737793
2,245922.6637,57038.21,188884.4537,199292.2072,41157.80788,158134.3993,202867.7015,54401.19574,148466.5058,0.2699289769,2.789614738,0.7548784208,15.12849206,73.4016111,14.86705167,73.33445027
3,294162.0862,48720.10525,245441.981,123754.3497,47564.78241,76189.56728,202121.6515,46415.84938,155705.8022,0.3109209978,2.360608884,0.6133835302,10.60644556,66.99498882,10.88929867,67.12408563
4,46890.1029,57473.89949,-10583.79659,46394.99129,59454.86178,-13059.87049,124497.3414,50207.75085,74289.59055,0.4855276639,1.452084805,0.7951215067,9.985802655,40.40169181,10.43615231,40.58313683
5,863104.0974,58738.41979,804365.6776,630042.1915,49705.54471,580336.6468,306845.2089,46421.56374,260423.6452,2.701888196,1.562875835,0.7650066122,78.95382006,9.583218941,80.06681533,12.0452184
6,51406.66325,61475.17352,-10068.51027,40566.82115,47512.08891,-6945.267758,74023.66771,48147.68656,25875.98116,2.225862103,3.749487293,0.5427721555,29.0061694,38.54071011,30.75837655,39.91338349
7,46977.11417,53705.04984,-6727.935666,49242.44809,42442.65444,6799.793644,120599.7817,60436.8718,60162.90991,1.384054996,3.578309904,0.7642386573,78.42501808,74.82522662,79.80837557,74.78129142
8,51047.50153,52709.7555,-1662.253972,50088.8125,52208.18235,-2119.369851,138107.7904,49539.23695,88568.55344,0.9869513121,3.594487278,0.7100571338,58.73797755,47.22601886,59.30677048,48.0325841
9,154855.8161,41845.02478,113010.7913,69719.73536,34753.04026,34966.6951,209108.9487,51444.80691,157664.1418,2.643103526,2.708802533,0.5986578597,70.17329774,47.21176935,72.66992386,48.07944111
10,825581.1107,40004.89807,785576.2127,579382.0907,60370.06018,519012.0305,279212.0698,59948.87598,219263.1938,0.3209393776,1.920593191,0.8069086748,83.01612865,82.26212357,83.32623232,82.34481453
11,750497.3268,55978.83551,694518.4913,664383.1595,54746.18638,609636.9731,306867.9912,45786.54052,261081.4507,2.397255899,5.767037075,0.6908823567,71.27590112,88.26510583,73.36881989,89.43409124
12,52954.02594,58503.48298,-5549.457041,47895.44516,47481.337,414.1081589,156706.1186,44809.75674,111896.3619,1.258764537,1.786228877,1,18.85692384,61.49603394,20.1076489,61.63807255
13,74907.62999,56102.2886,18805.34139,45221.49424,44862.49492,358.9993251,125484.2721,55779.07159,69705.20055,1.502547319,0.8699514105,0.9026787566,33.33946265,73.16569525,34.8418852,73.18505776
14,244703.4032,55132.94204,189570.4612,126962.1958,41953.06799,85009.1278,251899.8761,51631.99247,200267.8836,0.1564827492,4.12089501,0.9124475236,85.59067906,65.66032116,85.56929527,65.81533595
15,760741.1411,42524.31015,718216.831,584851.9451,52275.31754,532576.6276,247594.5587,39504.91296,208089.6457,1.049743674,2.564964298,0.9310031453,97.29308073,34.57843074,98.34242537,34.54948941
16,238570.3058,67621.25505,170949.0507,272866.5978,47885.45651,224981.1413,246749.0023,45904.70984,200844.2925,0.8982509505,3.350807159,0.7570317183,79.1471647,60.37951563,79.89818956,60.8722797
17,787452.2346,55804.30803,731647.9265,634383.6945,52809.49161,581574.2029,307391.4364,49093.92251,258297.5139,1.356460837,1.894887681,0.6979010735,84.90671333,70.2499662,85.46741634,71.48511726
18,235343.751,53366.09703,181977.6539,171847.1733,59425.23148,112421.9418,307919.5071,56819.66817,251099.8389,1.107116369,2.370704662,0.8410954584,13.599513,99.36445777,14.1935714,100.2986961
19,58314.24243,66854.64113,-8540.398702,54627.93994,56192.96362,-1565.023677,152979.3927,49233.21498,103746.1777,0.3874923144,2.02307799,0.8417822452,64.91952182,96.56011741,65.2652114,96.38504884
20,289725.7035,58522.51657,231203.187,213792.2028,55169.9517,158622.2511,180844.3123,52823.37704,128020.9352,0.06218715165,1.660961201,0.6820305431,25.66056154,0.3799006394,25.66512535,0.4419200998
21,293768.8625,48624.11562,245144.7469,226370.8227,64373.35137,161997.4713,300417.0526,47835.08706,252581.9656,0.5015584446,1.764439032,0.6088752523,80.72757777,52.4784883,80.86920924,52.95963423
22,909557.1344,74971.85745,834585.277,665854.7115,59552.52218,606302.1893,285389.3885,49913.59612,235475.7924,0.7435532186,3.064469311,0.8097709129,52.19343495,57.36054563,52.9345178,57.29998491
23,41214.21787,58613.32691,-17399.10904,67345.55303,59208.26559,8137.287437,111125.674,43446.75732,67678.91672,0.2815077934,3.209908875,0.6426517805,21.50653288,63.12201776,21.71164689,63.31482565
24,171213.2882,59762.46153,111450.8267,184777.0737,55862.55845,128914.5152,201384.1193,45333.65608,156050.4632,0.5921088983,1.870557581,0.6872018973,59.56620073,12.7754854,59.54969944,12.18360648
25,245762.41,57697.71079,188064.6992,121355.2085,54410.60449,66944.60403,224126.3698,56307.74015,167818.6296,0.3605185417,1.963786453,0.7454491985,91.03213668,41.88089236,91.37905391,41.97898444
26,258396.6826,62567.51406,195829.1685,187891.9761,53324.32875,134567.6473,185286.9732,42451.49868,142835.4745,3.982798777,1.302676194,0.5930884674,29.84799495,17.92387826,31.88001728,21.34930836
27,48852.66983,55841.35763,-6988.687802,65137.5716,58650.52558,6487.04602,203808.5086,61385.08065,142423.428,2.34313802,2.817689512,0.8904420729,2.027761581,21.86577262,4.07503645,20.72605275
28,62314.96104,53129.04855,9185.91249,43554.46169,43961.53946,-407.0777686,181728.3683,48371.89288,133356.4754,0.4501935049,2.735616395,0.8308827282,48.21284377,27.15053223,48.61672075,26.95164136
29,801471.4351,63124.35861,738347.0765,662202.2859,50177.76977,612024.5161,291312.6056,52291.99581,239020.6098,0.645608664,3.626199912,0.8556349287,10.08523504,13.65517577,10.63746655,13.98961696
30,763267.5926,51040.84522,712226.7474,730550.1414,35018.94432,695531.1971,276172.355,44986.23513,231186.1198,1.31724064,3.660207413,0.8404233855,54.02588912,70.24849191,55.34212896,70.29982991
31,823615.937,48301.99442,775313.9426,756700.0327,52637.22943,704062.8033,184599.6731,57104.86979,127494.8033,0.1803312184,3.300742779,0.7879590793,73.17170787,29.33359541,73.35203909,29.33358914
32,69154.34739,62140.46035,7013.887036,32007.00101,44313.00738,-12306.00637,142305.7486,47704.33447,94601.41414,0.5247753042,3.548204581,0.8310344941,71.74562251,46.39336605,72.17716809,46.69195863
33,45494.42519,56172.00913,-10677.58394,41248.2836,50572.86158,-9324.577976,68781.41342,45178.52235,23602.89107,1.622459582,3.463444448,0.776217535,77.15673139,45.91564358,77.41378801,47.51761018
34,64517.09136,65298.86752,-781.7761649,45980.85049,54904.48909,-8923.638607,96176.80858,56815.68563,39361.12296,1.264337978,2.961086668,0.7910687899,36.00153662,23.98851386,37.09405559,24.6248729
35,159917.5407,56189.93302,103727.6077,110525.4573,52334.97165,58190.48565,234796.5835,62210.48926,172586.0943,0.7995641643,0.887104948,0.7275109627,49.2120567,63.60372425,49.93602339,63.9430988
36,61926.48621,48448.70694,13477.77927,59259.24265,68887.69578,-9628.453135,93253.94639,43725.9387,49528.0077,1.378890134,2.839045718,0.535191084,75.96558494,36.64522846,75.87107,35.26958137
37,225508.7198,64128.45287,161380.267,176962.0145,54525.18055,122436.8339,185637.2038,51699.75953,133937.4443,0.6212910744,1.849878846,0.6871191229,91.06287563,72.56293908,91.50859042,72.99576806
38,53770.62552,65297.9867,-11527.36118,65767.72161,61560.0004,4207.72121,119793.1862,45900.17012,73893.01604,0.8082978184,3.278607317,0.7552864227,8.625623915,36.12978353,8.905821178,35.37160489
39,829236.1644,59301.54578,769934.6187,673540.0026,35102.16336,638437.8392,255159.764,30276.25707,224883.5069,0.5779475278,1.966486585,0.9835803245,2.473395463,18.03603688,1.994372987,17.71267823
40,179921.0819,54128.03597,125793.0459,176179.5226,45781.50463,130398.0179,238968.7502,49232.49985,189736.2503,1.327205443,2.484249397,0.5665193345,14.06711315,67.43423962,14.46971763,68.69890713
41,122978.4993,48074.83097,74903.6683,137843.7056,46596.00995,91247.69564,209190.2828,63800.81011,145389.4727,1.745668039,1.481786727,0.8139885031,97.88399161,36.35659245,96.56026413,35.21856677
42,174271.6925,40633.83574,133637.8567,178879.0562,50088.41491,128790.6412,218374.5139,44299.05324,174075.4607,1.829128413,3.880292391,0.5967461326,61.90423892,98.29885372,62.82713417,99.87808616
43,37540.89291,45614.79444,-8073.901529,52900.11254,47807.19963,5092.912909,187271.9648,52910.22095,134361.7438,0.8508413152,3.326739857,0.6719097654,25.75259729,46.69280055,24.94844696,46.41482
44,72537.10637,70877.74165,1659.364725,49085.29257,54195.13724,-5109.844675,174413.951,61930.72181,112483.2292,1.669137842,2.677228731,0.9766244452,32.12866251,6.063996694,33.59817524,5.272445396
45,66191.04088,74444.10144,-8253.060555,45558.7848,53852.62349,-8293.83869,167338.9563,50183.86847,117155.0879,0.0427419269,3.799729587,0.7709334357,59.48914034,90.33565087,59.52645382,90.35649736
46,821264.1692,52460.11016,768804.0591,704470.3194,52077.48007,652392.8393,281840.859,53149.58005,228691.2789,1.338007333,2.145308525,0.8496221423,37.94705444,64.48475119,39.2672842,64.2673644
47,601972.3942,63451.12179,538521.2724,731452.3185,47088.0116,684364.3069,272283.6644,48428.38729,223855.2771,0.5509688085,2.701205469,0.7651576095,16.89086649,96.5350465,17.03850487,97.06586618
48,769390.191,47545.92999,721844.261,799834.52,43904.89785,755929.6221,278541.479,41728.87282,236812.6061,0.7942914436,2.526064654,0.5866366542,79.64852553,53.35804548,79.6228888,54.15192309
49,52177.9254,57353.27746,-5175.352055,34981.9489,47981.19936,-12999.25046,150999.6361,63217.03684,87782.59924,1.229474714,4.836118055,0.6142029495,67.28124317,5.877851198,68.46654213,6.204461742
50,39915.44478,50566.51253,-10651.06775,36902.95693,50572.40303,-13669.44609,179031.7223,46419.44091,132612.2814,1.476680341,3.607293199,1,50.90534172,76.64329913,52.37979692,76.72433418
51,839347.6286,64018.72884,775328.8998,824067.8869,54747.88193,769320.005,221807.488,45726.88938,176080.5986,1.298462645,2.859038954,0.778223063,74.41626522,64.40731199,75.37314463,65.28502894
52,640958.1491,57675.3259,583282.8232,546429.2859,44276.12617,502153.1597,333233.0474,68895.58178,264337.4656,0.3385102185,2.538729857,0.6731448746,66.58718133,88.14558566,66.92205745,88.19505431
53,218500.0998,52184.7619,166315.3379,135523.4032,42316.78718,93206.61602,258896.0963,63139.91294,195756.1834,2.627782019,2.445648708,0.508751024,79.73874256,60.23546728,81.64534152,62.04381425
54,48499.85145,42772.15513,5727.696318,23265.27677,46341.30743,-23076.03067,135965.2719,46680.23691,89285.03497,2.864412069,2.281790369,0.8190071328,73.17028589,21.07820767,75.9003217,21.94524917
55,262980.9879,55619.63384,207361.3541,149755.0515,54423.30522,95331.7463,208646.9697,60224.96141,148422.0083,1.188234571,4.63076615,0.6467054454,71.73976232,38.03890714,72.27471826,39.09990833
56,50855.14165,57085.90284,-6230.761185,33651.80979,43978.73166,-10326.92187,78045.84383,42020.05216,36025.79168,0.7591673504,2.712554452,0.8356791548,31.03402845,77.03100123,31.55019411,77.58769511
57,223911.0561,60796.1514,163114.9046,151134.9149,38323.32261,112811.5923,183299.8928,49590.08544,133709.8074,1.213051391,2.457289664,0.8331695016,92.1811246,42.72145586,93.01615338,43.60135393
58,602496.5034,65582.80549,536913.6979,756011.7829,50110.62607,705901.1568,274285.0051,36154.12446,238130.8807,1.596169113,2.485914379,0.8815192361,5.897886635,55.66127786,7.250015055,56.50951401
59,829457.337,50031.18812,779426.1489,586581.8659,46033.06681,540548.7991,299304.2071,54575.40797,244728.7991,2.1649493,3.585465765,0.8445716191,93.09368281,87.14027735,94.9081345,85.95927331
60,234638.5028,53886.40781,180752.095,187301.2642,49013.46732,138287.7969,211469.4137,34549.67355,176919.7402,4.360280795,2.001387297,0.75684534,6.170083894,78.03554362,2.550908267,75.60375079
61,701177.2142,48657.00728,652520.2069,632672.0206,66250.46235,566421.5582,229587.2135,50453.05722,179134.1563,0.4296745005,3.446522623,0.8371185609,21.85545769,69.63750906,22.2851313,69.63838262
62,152889.2457,52283.24303,100606.0027,234650.0928,55222.87099,179427.2219,174323.6453,49430.36992,124893.2754,1.37319047,3.521549086,0.9319222451,83.45004492,65.73013528,84.42844406,64.76660678
63,829996.8115,64028.64302,765968.1685,702903.5144,51109.79893,651793.7155,315382.0531,56079.0235,259303.0296,0.5337103461,2.374723543,0.8071551296,81.47963902,81.80358816,81.87739506,82.15944889
64,809052.1932,49038.61843,760013.5748,647475.8551,54616.40088,592859.4542,247504.0449,50999.24264,196504.8022,0.9518009002,2.917190254,0.6839579913,77.84228788,51.85730563,78.79285353,51.90578147
65,50997.98905,57450.46378,-6452.474734,53924.96271,48067.59341,5857.3693,88900.7238,42341.30947,46559.41433,2.122579012,1.17176487,0.7660926215,28.93636045,15.20679141,29.75573058,17.1648451
66,205655.1172,50809.14693,154845.9703,209753.0181,49272.61049,160480.4076,217904.6081,45140.21417,172764.3939,1.474671013,3.396136656,0.7678073353,55.86349578,54.37794845,57.02282727,55.28932383
67,748642.0295,44146.38162,704495.6479,620777.3763,62044.65572,558732.7205,224026.9912,55401.07685,168625.9143,3.29200919,0.8310239939,0.8109951382,38.5511414,98.3474805,36.2055336,100.6573395
68,216552.7174,73018.87767,143533.8398,152704.1422,49092.95531,103611.1869,265338.4072,41212.98793,224125.4192,0.8500827896,6.495966791,0.6888892136,59.18125517,14.31041427,59.13840504,15.1594164
69,189369.8763,55935.13157,133434.7448,213159.1522,54581.8029,158577.3493,257439.0534,53216.80167,204222.2518,3.216728906,5.625362934,0.7463018085,18.84547715,68.98597455,21.54583752,70.73394443
70,818873.8241,58326.97322,760546.8509,463865.4629,65416.72414,398448.7388,311078.7348,51145.69029,259933.0445,1.249104477,3.343639885,0.663025193,66.90878672,54.4750281,68.13377798,54.7192788
71,939626.777,67245.17846,872381.5985,914474.2654,50614.20867,863860.0568,266149.2117,45719.11293,220430.0988,1.481235242,2.87680408,0.7503976371,31.85309042,26.69532879,31.83690516,28.1764756
72,224948.2982,65318.38499,159629.9132,135474.0128,43171.49622,92302.51662,222770.497,54162.69651,168607.8005,0.5962991925,3.060205361,0.8292992759,63.61424929,15.5411074,63.79164662,16.11040777
73,42417.886,46216.47456,-3798.588556,49668.39642,51985.69713,-2317.300707,146996.9075,55060.49822,91936.40932,1.085741899,2.061198605,0.8631843428,19.40474951,71.84079658,20.12649583,72.65191785
74,42451.5661,51464.98068,-9013.414582,62450.76915,64754.13551,-2303.366357,136125.2456,47772.53195,88352.71365,1.44439802,1.543676992,0.8881016981,66.24973447,10.25722212,66.96545155,11.51182751
75,46925.40061,55455.4044,-8530.003789,37719.07674,48748.85487,-11029.77812,131990.076,34130.60941,97859.46657,1.547370045,3.202152596,0.7989530383,8.158468166,30.13371798,8.741035814,31.56723428
76,644977.8108,51834.31574,593143.495,757927.9263,58164.74113,699763.1852,290636.933,44518.22679,246118.7062,2.730682397,4.786169245,0.6211215966,61.26255677,2.730268248,63.37572311,1.000772838
77,967465.4143,42902.30511,924563.1091,748796.3005,44999.55318,703796.7473,257924.3551,47499.55921,210424.7959,0.7259964084,2.627523277,0.7219579126,82.58334133,85.66057804,83.29462491,85.51515986
78,990014.6319,46410.54407,943604.0878,578370.6177,45426.31653,532944.3012,311011.9773,51146.51342,259865.4639,3.686714254,1.956528202,0.6635178532,16.21220747,79.82215322,18.27692746,82.87646056
79,161944.7482,51958.58469,109986.1636,147087.0456,44314.41262,102772.6329,137384.8113,54048.1626,83336.64871,1.632978334,4.374646762,0.7134104569,30.07175353,47.4548846,30.26808468,49.07601764
80,25710.89316,45567.91725,-19857.02409,43832.68604,53173.13179,-9340.445749,182819.7894,51908.3041,130911.4853,0.4299299526,2.893262243,0.9711582509,72.29603478,71.44390427,72.40603414,71.85952417
81,603667.4122,48180.87616,555486.536,860719.289,45432.02691,815287.2621,298384.5903,59112.68181,239271.9085,1.175155541,2.395423814,0.7967963591,90.96412707,37.67690261,92.135439,37.58193471
82,843989.881,62818.48248,781171.3985,575724.8413,59280.38586,516444.4555,357087.4046,39040.38239,318047.0222,2.014489514,2.745321243,0.914317206,89.30324685,65.55643715,89.98359195,67.4525644
83,186777.1014,43373.16058,143403.9408,189691.1259,42711.93116,146979.1947,217189.3856,51782.22399,165407.1616,2.317262498,5.192045117,0.9272833784,88.2471191,44.04551418,88.59296484,46.33682302
84,41871.59508,58095.4526,-16223.85752,44161.99306,50784.71895,-6622.72589,114012.7039,45771.64512,68241.05879,1.082262652,3.826661471,0.9093880423,20.60089449,71.58903007,21.60088358,72.00293133
85,913667.4419,54045.5545,859621.8874,957608.8443,63895.601,893713.2433,299578.8388,35302.08881,264276.75,3.92253065,2.810849574,0.9129270402,86.59857284,8.670781621,87.04375676,12.56796753
86,1021379.756,47671.73106,973708.025,718879.1167,45028.03893,673851.0778,277881.0721,54959.17811,222921.894,0.9758838817,1.440558397,0.6241255356,49.78885326,32.51649175,50.65481171,32.96645322
87,752176.1234,61186.71836,690989.405,768587.4776,40518.47968,728068.9979,308304.4444,53771.07239,254533.372,0.992434815,2.130857717,0.6999555366,83.72013091,15.73987325,84.24891058,16.57970592
88,874687.6689,67509.12752,807178.5413,674105.919,47280.82061,626825.0984,328233.0416,45564.59691,282668.4446,0.2737495085,1.392369695,0.6839275347,36.47146268,92.91175376,36.73681914,92.97901996
89,52549.29782,61890.59669,-9341.298866,49780.06562,57446.09679,-7666.031175,105325.3637,58879.20567,46446.15799,1.262086751,1.403835806,0.8628567853,39.96160492,16.19591777,40.76610056,17.16836301
90,685458.3002,65711.01753,619747.2826,551184.5943,56741.38797,494443.2064,274993.3567,61266.92953,213726.4272,1.275542069,2.751024696,0.8348819303,92.6741145,20.14991984,92.87872002,21.40894492
91,853378.631,64396.64082,788981.9902,914340.4007,47814.94435,866525.4563,286844.1266,50346.1098,236498.0168,0.3804321585,5.592583221,0.5586318692,76.9706059,25.00855628,77.30521584,24.82754573
92,858243.7309,57285.96937,800957.7615,750705.3652,48415.61873,702289.7464,296536.7338,37003.71066,259533.0231,2.011185943,1.967781178,0.6612998438,8.616315031,42.78066909,8.483303621,44.7874518
93,46335.21806,50889.10265,-4553.884591,50046.31091,44132.2768,5914.034108,137949.7983,49696.14648,88253.6518,2.110755875,3.564199764,0.9781726442,8.898108547,36.80307443,8.827308143,38.91264255
94,889657.5716,60177.43032,829480.1413,877714.9534,60349.21772,817365.7357,264445.6196,55455.39483,208990.2248,2.472087821,3.281959884,0.5886156746,23.94305792,25.58804115,26.34715011,26.16385269
95,62607.05279,58713.21996,3893.83283,59456.13145,63444.46618,-3988.334733,144160.6877,42265.173,101895.5147,1.570789953,2.098631038,0.8620388637,63.81623277,90.14700231,63.06480393,88.76760542
96,64943.10953,49911.43,15031.67953,55839.41004,53807.50052,2031.90952,148426.1223,37738.85578,110687.2665,2.513405926,2.217491175,0.7555002305,71.59728602,54.52240752,72.65148736,56.80404484
97,981736.4826,51263.86422,930472.6183,714001.9213,59441.78546,654560.1359,263104.6583,48661.22122,214443.4371,0.8849801229,2.397151432,0.9664191349,53.14893451,26.69762351,53.62719525,27.44224186
98,874790.5904,64500.05807,810290.5323,869464.988,52617.81434,816847.1736,310213.4963,56739.55453,253473.9417,1.61550861,1.740257247,0.8569638835,24.76230211,66.85685547,23.37123033,66.03540105
99,47507.71107,52560.52516,-5052.814085,36464.75477,49341.57265,-12876.81788,114296.8675,45169.96384,69126.90361,0.3673331391,3.198291463,0.4923308327,76.93244716,81.62877548,77.1996411,81.88084894
100,834514.1646,69136.41748,765377.7472,723083.5174,54580.58585,668502.9316,322115.4168,45924.50975,276190.9071,0.9337271888,3.861580184,0.8082690904,68.60802111,90.99543841,68.26646724,91.86445362
101,28594.97316,40321.09432,-11726.12116,58239.8666,49504.41345,8735.45315,144701.7437,51207.98432,93493.75942,1.796262345,2.32734589,0.6072636032,38.66954088,67.43094221,39.73331977,68.8783305
102,187655.2946,51625.40229,136029.8923,139996.5242,62911.57361,77084.95058,236299.8782,52839.38126,183460.4969,0.08175947347,4.603060699,0.7772015848,72.95924149,90.47476566,72.92479284,90.5489135
103,963363.3494,51779.43381,911583.9156,669794.3345,42114.75486,627679.5796,291018.9786,46219.06485,244799.9137,1.409296852,1.478279663,0.7170414105,91.65359785,57.91100848,93.00974175,58.29440298
104,839723.2944,50627.93313,789095.3612,898481.1544,56435.17925,842045.9751,301094.3282,40808.6569,260285.6713,0.7762204335,1.666530212,0.7657528346,75.19998486,66.57202813,75.78637948,67.08061392
105,216279.8233,55918.13785,160361.6855,161739.4228,48588.71846,113150.7043,220755.8948,36860.21771,183895.6771,0.07806887942,2.667824869,0.9185448739,84.67377253,96.02872843,84.74737933,96.05474361
106,210696.0243,48580.14735,162115.8769,184402.1875,50941.52192,133460.6656,173200.1139,51858.28003,121341.8338,0.6793379407,3.865892274,0.7658678709,17.10299248,80.72797111,16.78406577,81.32779258
107,226567.9355,63560.63877,163007.2967,168959.0451,56674.70882,112284.3362,126558.5426,47546.20296,79012.33965,0.8662988715,2.676327999,0.7740177359,66.28322309,21.59044636,67.00729277,22.0660479
108,865151.4112,61255.50307,803895.9081,696912.4246,53805.86459,643106.56,254493.126,53891.39918,200601.7268,2.228331525,3.980603349,0.8551965061,39.67381493,83.12170637,41.90206235,83.14106628
109,302427.4848,56115.20144,246312.2834,192987.616,47178.90636,145808.7097,247351.7717,56700.69365,190651.078,1.530505476,1.949217358,0.8072528405,84.70753835,76.24291193,84.90435599,77.76070963
110,196695.5535,36679.81495,160015.7386,88654.40697,38155.01581,50499.39116,238178.9778,51193.71651,186985.2613,0.8864698311,1.699148516,0.708230495,95.17163381,51.9530465,96.04860777,52.08245061
111,232905.9774,62289.89901,170616.0784,132438.8602,46970.86544,85467.99475,232940.1695,41987.94183,190952.2276,0.4413614662,2.95239659,0.9046112342,9.287462091,91.73576405,9.511019212,92.11631911
112,823812.1862,57593.40389,766218.7823,834467.8223,51677.64238,782790.1799,276092.9367,60372.57358,215720.3631,4.111668784,7.009804516,0.6718486042,38.23592534,7.443262573,41.30466182,10.17980722
113,49462.1114,50421.7608,-959.6494026,70219.9619,61724.62294,8495.33896,67751.6452,42705.64207,25046.00313,1.798040874,3.76610289,0.5648968772,56.23601725,38.05589522,57.9789512,38.49763297
114,61687.61209,53595.44973,8092.162359,25081.83821,38467.82759,-13385.98938,183637.3322,44597.82429,139039.5079,1.093013078,3.594326232,0.6276457389,0.8329366775,64.18716206,1.340396255,65.15523353
115,63631.64622,56643.89169,6987.754531,54085.42824,59540.86806,-5455.439824,57575.77371,42182.58728,15393.18643,1.179931436,1.847353078,0.7928979659,61.30811982,52.9217064,62.45563594,53.19637885
116,34716.70226,46519.4427,-11802.74044,54021.69365,52272.68204,1749.011606,140606.2957,51427.48081,89178.81493,1.804330315,2.358150927,0.6264598554,1.558659169,11.83258867,-0.2442000003,11.75974156
117,58105.64848,56338.47113,1767.177349,50154.18874,50331.20428,-177.0155351,136710.5613,47694.76023,89015.80111,0.9943548015,1.743381746,1,28.07856127,28.72402021,27.74019306,29.65903273
118,49738.15633,53321.09605,-3582.939721,38009.28105,51202.17789,-13192.89684,193735.4166,37510.19763,156225.2189,0.3151246162,2.844217778,0.8251539968,53.60403913,0.7999449282,53.79951003,1.047118252
119,257290.4036,82116.94669,175173.4569,120927.0397,47864.42458,73062.61516,292775.6268,47669.20829,245106.4185,2.072722193,1.622573702,0.7456453766,46.77256876,43.09688515,48.34546503,44.44676463
120,43716.29406,49532.76826,-5816.474201,39998.92026,44961.52996,-4962.609705,93143.25315,47041.24829,46102.00486,0.5773108871,3.44879653,0.786552769,96.63356485,25.61447892,97.11488285,25.93325916
121,57534.04475,52050.98178,5483.062969,47741.66883,46809.53746,932.1313731,147738.9205,43548.46912,104190.4513,0.6884089255,2.618236845,1,73.8209268,68.62352309,73.37172663,69.14518011
122,57811.20737,54440.73045,3370.476922,40298.99738,54490.60223,-14191.60485,102569.6799,34230.82844,68338.85146,0.2361306969,5.561284359,0.9938666466,90.44806772,33.79709969,90.49345186,34.02882795
123,830727.9172,48765.11097,781962.8062,729734.943,53294.89996,676440.043,292716.896,44956.42459,247760.4714,3.57198103,3.847365377,0.8306917947,29.70134564,6.564456701,27.88709394,3.487520035
124,825641.2182,60249.14733,765392.0709,815046.1754,51572.17609,763473.9994,227900.9687,46230.64343,181670.3252,0.4028169663,3.979919665,0.7867769794,11.86535154,46.1657544,11.7975649,46.56282679
125,757573.2967,54126.54082,703446.7558,712607.718,57403.76821,655203.9498,285433.2566,48499.56887,236933.6877,2.210205591,4.74524723,0.7548210611,79.95888833,73.96552347,81.7096307,75.31456384
126,755608.9876,51322.63386,704286.3537,456563.3178,53536.07541,403027.2424,313268.5534,56815.61191,256452.9415,0.3488087194,3.459668687,0.6595086553,14.82914764,79.81166261,15.11571803,80.01052169
127,143267.5627,46260.65892,97006.90377,164284.7081,55722.77064,108561.9375,213534.1101,48689.73986,164844.3702,1.953224489,4.929687759,0.5794155474,90.1012939,47.02379637,91.948998,46.39049119
128,902533.4801,56750.79598,845782.6841,700305.6666,48209.27095,652096.3957,228411.141,56586.80913,171824.3318,2.062277509,1.30128649,0.9961039997,45.99484363,8.933851817,47.74611285,10.02290859
129,692170.9012,42532.35069,649638.5506,775579.9965,53560.03531,722019.9612,258760.849,43734.47726,215026.3717,1.576983881,3.815057689,0.6314523187,11.33002181,31.47497461,12.75448261,32.1515761
130,196138.5634,55211.31573,140927.2477,137961.0005,45183.83951,92777.16094,168684.118,46708.73001,121975.388,2.832542283,2.487426557,0.7355097643,79.88865207,16.45724553,79.88433003,19.28978451
131,251596.9169,60929.41734,190667.4996,185815.3886,45485.55994,140329.8287,178140.2179,51824.98217,126315.2357,0.8506111472,2.595787983,0.9614481277,40.6126713,66.78844297,41.38289688,67.14940264
132,161326.0557,60226.84165,101099.214,181376.572,44861.11239,136515.4596,239734.9848,42442.31024,197292.6745,1.077343677,3.377521853,0.7364116243,13.26614289,56.92246958,14.30445394,57.20983617
133,277593.7813,64585.47281,213008.3085,136764.0946,59493.09594,77270.99866,176535.4409,44435.19996,132100.241,0.5868841737,1.825543394,0.8279177355,89.42395676,16.68944728,89.90196516,17.0299484
134,48004.94145,60410.44191,-12405.50046,24268.38021,40347.01118,-16078.63097,96814.28992,47480.73489,49333.55503,1.338346038,2.082049172,0.5254398383,55.82320078,77.55678861,56.79397978,78.47806937
135,193183.4212,63623.53928,129559.882,150547.0395,49621.75907,100925.2804,226855.3567,54108.60177,172746.7549,0.9329975186,4.664484636,0.7362877127,12.26590552,37.73296643,11.84557133,38.56591513
136,773081.8533,47235.26598,725846.5873,772402.7778,60224.21796,712178.5598,284959.5206,53874.63202,231084.8886,0.5986161489,3.339219665,0.6925741713,8.670815488,35.14086125,8.319530323,35.62556738
137,858631.6261,51214.82245,807416.8037,637428.9712,60429.0394,576999.9318,290041.1039,51516.20324,238524.9007,0.8054165799,1.557400826,0.545379525,1.411029276,37.84124692,2.215990624,37.86832264
138,975780.5164,64378.41139,911402.105,761252.7092,45039.43306,716213.2761,341346.705,65059.69781,276287.0072,0.7242047058,1.88905937,0.8531670755,38.9321104,6.386111332,39.53033142,6.794282942
139,877995.801,75650.02245,802345.7786,769698.1494,42616.70676,727081.4426,272299.6573,38490.33621,233809.3211,0.4859194911,2.397360026,0.9450327537,11.610501,50.23976824,12.09641161,50.23682978
140,899867.9182,63966.7477,835901.1705,625865.7404,34611.8862,591253.8543,308059.0611,47065.15584,260993.9053,1.218841447,2.073740405,0.7151324508,44.02633872,71.69826358,44.91801568,72.52921885
141,39587.8911,48639.33889,-9051.447789,53089.98973,46822.30907,6267.680661,148038.4247,42556.98623,105481.4385,1.441706688,1.359566446,0.8170617133,25.78072098,21.9081468,25.51574365,23.32529364
142,801095.9596,53186.96025,747908.9994,718823.6746,61977.5671,656846.1075,245792.9743,47742.43068,198050.5436,0.2712084333,1.780870538,0.777834656,59.49350201,83.20947485,59.50071987,82.93836248
143,190091.8935,49911.03309,140180.8604,175577.0459,51113.50258,124463.5434,144760.128,57997.89222,86762.23575,2.021613462,4.597950952,0.7065074888,4.827589399,3.970059474,5.812974418,5.735261263
144,267875.7522,57730.88534,210144.8669,139779.7605,49765.3887,90014.37181,282509.1057,49703.25226,232805.8534,0.7534505981,1.769102267,0.9154064142,7.540819751,35.33377657,8.291529055,35.39798984
145,806868.7833,53680.27035,753188.5129,618272.1908,59804.22437,558467.9664,291402.3698,52930.77933,238471.5905,0.7231108269,5.513212833,0.6787906265,0.8835730166,32.28178289,1.572837421,32.50042381
146,265008.0818,49094.65434,215913.4274,179866.5448,41011.45392,138855.0909,297423.0086,49238.69663,248184.312,1.445796325,3.359773063,0.8680400868,19.60572078,80.10656932,20.06531304,81.47737272
147,54008.51738,57932.27641,-3923.759036,47513.70457,59488.72965,-11975.02508,118977.8131,49522.54432,69455.26881,1.364707783,2.685737657,0.8612203159,15.91979331,24.81344125,17.14333018,25.41791197
148,998140.1209,42051.78262,956088.3383,778220.4839,60027.62147,718192.8624,242303.6261,66753.4684,175550.1577,1.310265667,3.920390804,0.6638935377,33.01534637,25.87731731,34.29897307,26.14018347
149,718650.9467,56558.10083,662092.8458,764555.832,49561.23628,714994.5957,246281.1518,47364.93586,198916.2159,1.957369803,3.94544046,0.7817183674,58.65990176,87.1921218,60.3055711,88.25187128
150,272859.5182,50665.2648,222194.2534,136373.6343,47021.05594,89352.57838,96697.69347,48888.90751,47808.78596,1.553278879,4.029981525,0.7066479521,87.77648412,82.26475962,88.25924551,83.74111213
151,41351.54396,48839.98796,-7488.443997,46822.16445,44230.59116,2591.573285,148548.1634,56518.22966,92029.93376,0.9911583337,3.401221775,1,86.31488073,77.50139713,87.10387703,78.10129686
152,817309.9676,53040.87931,764269.0883,803681.3863,59352.5649,744328.8214,355340.1576,58228.16465,297111.993,1.192601213,3.278774869,0.8875633877,97.68507494,0.2995450932,98.82680668,-0.04505075795
153,1056726.553,55332.47473,1001394.078,536154.096,54948.26723,481205.8288,282235.8105,44593.69632,237642.1142,1.204749978,4.590713847,0.7264111971,11.59091707,35.02562915,12.7487225,35.35865933
154,1000548.146,63398.51365,937149.6323,776161.0489,54514.31474,721646.7341,255496.2048,31822.70791,223673.4969,0.77048585,3.307686675,0.7384058685,84.24947663,44.55013727,84.90348271,44.95747558
155,829588.6891,50730.14046,778858.5487,751321.7209,53835.67628,697486.0446,211088.0311,48566.12962,162521.9015,1.268501781,3.475703682,0.6611421738,80.31230286,11.0393706,81.34721963,11.77288545
156,204904.2632,46676.52843,158227.7348,158601.0384,56871.07662,101729.9618,210445.1848,31424.50495,179020.6799,2.743782124,2.052856588,0.882018505,57.72037787,94.51629631,55.43327015,96.03203989
157,228720.1672,53943.49794,174776.6693,223728.368,52554.22911,171174.1389,216875.783,45855.72914,171020.0539,1.834049813,2.420121471,0.8444899862,50.96393081,24.23826838,49.76085889,25.62259374
158,247261.3235,61056.80968,186204.5138,182158.3416,52327.52033,129830.8213,220999.6742,51105.80613,169893.868,0.4797219402,4.329527119,0.8290443098,90.24966461,73.98040471,90.60691405,74.30057026
159,813676.6379,54273.66273,759402.9752,690632.0439,48601.98755,642030.0563,395137.5368,48822.16133,346315.3754,0.8933403311,2.127787613,0.7375863131,67.90913866,91.38549927,68.47781653,92.07445677
160,208591.8212,44200.07571,164391.7455,214200.0351,50431.17451,163768.8606,244551.6857,38998.12214,205553.5636,0.776296865,3.268188853,0.9292927455,17.92919651,77.84658612,18.55924253,78.3001044
161,807677.106,57671.07748,750006.0285,824324.9513,63844.55467,760480.3967,297517.727,41921.57184,255596.1552,1.30336492,5.481754479,0.6460985133,91.82666395,86.44412165,93.10223871,86.71183258
162,176597.5005,39742.34444,136855.156,143336.7922,52737.26804,90599.52417,127142.6312,44470.82801,82671.80318,1.210302891,2.069026696,0.8692150304,20.97412165,50.6660828,21.80025417,51.55058161
163,180996.6455,54547.67885,126448.9666,140931.4694,41593.62064,99337.84879,159156.7784,57712.40145,101444.377,1.588111011,4.52894262,1,81.8841834,60.1723372,83.44599773,60.46014368
164,853899.0248,57651.80509,796247.2197,697738.0633,55457.98384,642280.0795,206663.2679,51554.36973,155108.8982,1.294707452,6.508080979,0.8190754892,69.33036883,90.32729594,70.57532346,90.68276092
165,722926.045,64907.30246,658018.7425,789871.6034,52068.93566,737802.6678,356496.5795,51061.33964,305435.2399,0.3368425177,1.205625127,0.6904803148,92.82463217,38.57345337,92.49563199,38.64571515
166,846896.5775,60697.42588,786199.1516,722423.3499,40514.24367,681909.1063,316240.5937,54524.06272,261716.5309,0.3709350092,3.01889689,0.7625002011,4.58360991,0.4978961645,4.925648083,0.6414324626
167,35970.51152,42322.2086,-6351.697077,49719.19751,55531.48981,-5812.2923,128779.2113,44812.97126,83966.24008,0.496443578,1.479155271,0.7836164584,48.71565304,81.59366282,48.94520928,82.03384478
168,725668.7885,54692.84603,670975.9424,620667.1881,39588.36973,581078.8184,261260.0988,42849.97886,218410.12,0.3759397051,5.751921526,0.8038142973,39.47965904,81.46699927,39.54508726,81.83720166
169,63025.59837,53002.63447,10022.96391,53550.89433,57801.24295,-4250.348628,98112.27343,49703.62941,48408.64401,0.1114197495,1.796436392,0.7626505091,70.1266118,41.29850215,70.23782609,41.3052656
170,718144.9015,50048.05394,668096.8476,702765.6153,38054.55235,664711.063,330264.8137,59818.77638,270446.0374,2.108895487,1.538916964,0.7105082758,53.33579078,25.83940868,52.90375809,27.90357629
171,216218.0183,48470.4633,167747.5551,144701.9581,66251.25136,78450.70671,149866.6954,42880.87798,106985.8174,1.221244157,5.505234089,0.7818424306,41.05644296,77.87938963,42.01355406,78.63792482
172,887155.9207,56160.83501,830995.0857,834580.5696,53521.51114,781059.0585,317498.6077,50628.02013,266870.5876,1.311270214,3.716797984,0.7278347836,97.01365421,79.65569586,97.50160969,80.87279446
173,172027.2665,47222.25409,124805.0124,96428.41805,41075.78856,55352.62949,258199.667,56267.63735,201932.0297,0.6838251349,3.990019265,0.7142308937,83.29194407,97.36673395,83.88227592,97.71187903
174,51415.00201,54688.69255,-3273.690544,30077.12146,45775.63574,-15698.51427,169292.6672,53940.87775,115351.7894,0.8836142428,1.980524221,0.7157643139,69.58151975,28.05159499,70.29986868,28.56613258
175,46042.3761,52352.06539,-6309.68929,57404.3338,46158.45593,11245.87787,155895.3432,60767.07732,95128.26589,0.4151668671,4.804014733,0.6977915311,1.557026052,72.46797081,1.482352697,72.87636697
176,46955.6681,54183.79234,-7228.124233,14419.00277,48378.92974,-33959.92697,172086.1845,51405.18677,120680.9978,0.3582116497,3.232328127,0.7275750637,29.63055358,55.82737501,29.8703018,56.09352604
177,36087.83194,49604.46821,-13516.63627,38420.71042,50244.2841,-11823.57368,161443.0022,54020.52344,107422.4787,0.9891214263,1.864518696,0.8274404468,3.77360472,11.26509632,4.753725811,11.13196539
178,209991.8375,33772.99725,176218.8403,148925.0175,57622.15827,91302.85922,157651.9397,44592.65322,113059.2865,0.8155398034,2.920744535,0.7792594412,30.492686,86.15458076,30.90342496,86.85913642
179,838883.7899,41736.52484,797147.2651,690161.8538,41433.06768,648728.7861,223147.6536,61061.00115,162086.6525,1.143805918,3.209677222,0.7304810791,23.45960154,94.55768432,24.29684293,95.33699095
180,710020.3053,55965.97144,654054.3339,518319.3947,62593.73411,455725.6606,273956.1569,49548.76328,224407.3936,0.6342016336,2.165947161,0.8610497048,21.58953205,85.06982445,21.87309743,85.63710074
181,248614.1529,55547.64505,193066.5078,180291.1557,54197.70736,126093.4483,208532.9281,42253.29992,166279.6282,1.334564614,4.047290837,0.7004099532,16.87317231,79.38035321,17.33720307,80.6316478
182,185596.4819,43026.56692,142569.9149,191521.3267,56473.68403,135047.6427,295064.2902,51763.77327,243300.517,1.122635636,1.449989474,0.8434913575,45.76288807,92.2000206,46.41152755,93.11630527
183,166133.6893,62830.53862,103303.1507,149035.0374,46422.85269,102612.1847,206393.7004,45964.67778,160429.0227,1.59993548,4.46252215,0.7913717235,13.38319226,18.52911659,13.19018754,20.11736806
184,815110.6969,56030.95793,759079.739,855181.4679,54910.39427,800271.0736,261514.3294,49605.09165,211909.2378,1.448491015,2.854113243,0.7669273028,34.50347456,51.72683573,35.90879121,52.07785042
185,58935.85399,60031.31696,-1095.462971,47994.25024,50313.41171,-2319.161475,129598.6378,65472.55919,64126.07866,2.742633292,2.032216289,1,95.24179197,77.94507457,97.22367455,79.84090652
186,34152.48893,53605.88626,-19453.39733,23427.9229,45533.65625,-22105.73335,91534.57217,51823.99563,39710.57654,1.341442246,6.977824206,0.9725310463,86.39140354,50.72143274,86.88712702,51.96791801
187,768732.391,60206.86997,708525.521,633544.5711,45122.33985,588422.2312,273266.9625,51022.38491,222244.5776,0.627465231,2.025539375,0.8027109839,1.281091848,62.3296225,1.522885065,62.90862912
188,643282.0432,48126.06428,595155.9789,746362.4565,40612.03619,705750.4204,286031.5534,48445.8759,237585.6775,1.240537533,2.622576012,0.6178849205,50.81979031,58.56446724,50.90427687,57.32681002
189,775652.2525,54751.18371,720901.0688,743392.0279,51788.51628,691603.5116,190460.6405,37395.87605,153064.7644,0.4355746413,4.06235848,0.6772069182,56.73768776,76.64768604,56.78322596,76.21449839
190,66872.74991,67854.96458,-982.2146688,51077.67058,51542.78096,-465.1103819,113932.6009,41355.82696,72576.77397,0.8754911867,2.310924766,0.6772745893,67.09451698,87.11913255,66.4823886,86.4932063
191,764818.305,60181.79181,704636.5132,903172.2825,58187.26433,844985.0182,296012.8679,48215.68399,247797.1839,1.542711822,3.147438468,0.7871013893,13.44059583,68.46177551,14.22183174,69.79205
192,60275.4704,56839.11418,3436.356219,65949.494,46260.1824,19689.31161,183432.2765,46528.00727,136904.2692,0.962222564,2.311762061,0.8472421448,64.53442823,70.38825906,64.60765664,69.42882701
193,224924.541,58542.40439,166382.1366,251329.1002,59615.61765,191713.4826,244946.9575,42877.46313,202069.4944,1.795838713,3.371548615,0.8370307098,76.09676109,21.73997689,77.87911878,21.95960779
194,676341.7289,59793.67168,616548.0572,737188.4528,64117.8936,673070.5592,245832.5786,48070.16653,197762.4121,1.233667231,2.116714967,0.7321468969,82.60295922,50.12661115,83.65126609,50.77698607
195,38909.76846,50570.44478,-11660.67632,36768.45933,50618.70546,-13850.24613,169677.5647,43185.46615,126492.0985,0.7305567023,4.670828491,0.8952492433,10.35603849,67.05479108,11.00110108,67.39773036
196,166899.2735,61265.30827,105633.9653,126232.6565,48661.39041,77571.26608,193046.459,52578.486,140467.973,1.497099314,5.201605974,0.9061899922,49.83033215,21.89273388,50.37842004,23.28589791
197,913719.8042,63563.51133,850156.2929,606596.0189,54935.03968,551660.9792,262759.3948,45521.78589,217237.6089,1.663274202,3.415598365,1,90.87378251,50.12632062,92.12189128,51.22573208
198,721936.9536,55527.24262,666409.711,735039.0968,40482.63155,694556.4652,304443.3262,61848.72499,242594.6012,0.8497998996,5.14331455,0.8442977784,33.05983898,17.20742679,33.77637245,17.66430715
199,697559.4421,60500.22635,637059.2158,867622.2151,52295.54577,815326.6693,288772.4468,48426.80718,240345.6396,0.6874193035,1.693949539,0.6753106986,90.72477213,25.11819723,91.29852963,25.49681
200,631258.6558,55567.04856,575691.6073,879418.2669,57938.0389,821480.228,251613.7406,55589.26749,196024.4731,0.872528835,3.291794603,0.6702191568,36.18427334,29.31427198,37.0169524,29.57494832
201,115515.2108,52117.57389,63397.63686,199577.6717,51063.30305,148514.3686,270629.6239,44534.96362,226094.6602,0.7735117243,1.69560565,0.8466737489,16.74461828,35.87582996,16.93746017,36.62491767
202,221507.7882,64458.69324,157049.095,117551.8245,38072.75859,79479.06591,247407.5342,41217.99654,206189.5377,0.9385628759,6.565469274,0.800246371,25.28421752,98.83010596,26.18201888,99.1036987
203,650262.9906,64621.54169,585641.4489,707988.1763,46268.30133,661719.875,288627.556,64099.66714,224527.8889,1.461277806,2.234724585,0.7101014412,35.76220526,56.57281969,36.8303431,57.57002297
204,59503.11207,58622.78282,880.3292505,55454.56646,43683.70766,11770.8588,89530.69355,52911.54909,36619.14447,3.155559033,8.954598039,0.7733652268,94.24175508,8.962476341,94.34694484,12.11628165
205,832241.7577,56365.85123,775875.9064,637105.3917,56739.44891,580365.9428,326871.1177,54487.8247,272383.293,3.632587858,1.968836256,0.7694821754,1.726382205,16.13514165,5.354277353,15.95055742
206,60416.66944,52678.94738,7737.722053,42714.4613,53252.01427,-10537.55298,153833.0142,44856.85588,108976.1583,3.264959992,3.010741392,0.6805037651,8.107886804,16.46417382,8.767669359,19.6617746
207,782965.2821,42323.3859,740641.8962,730353.071,53472.66556,676880.4054,334304.7503,47249.07903,287055.6713,0.2935691704,2.612837338,0.9041884512,0.422554654,84.33017312,0.6946146908,84.44047359
208,695385.1445,51154.28301,644230.8615,753202.2224,59081.17607,694121.0463,209591.6018,52694.95709,156896.6447,0.1990146751,1.778598904,0.8385285925,45.57181087,64.29544344,45.42949131,64.15633203
209,775520.7034,52701.62409,722819.0793,694297.5934,41047.67785,653249.9156,238087.0156,53186.04965,184900.966,0.3692852205,2.961633966,0.8969156898,19.91327446,70.84279563,19.99932041,71.20191632
210,46431.86084,59206.27852,-12774.41768,54530.1482,55446.05537,-915.9071682,141341.3288,59147.48068,82193.84811,2.892613014,1.635846265,0.7769021004,84.93486003,43.71924142,87.82633333,43.80043381
211,853037.7854,41014.63117,812023.1543,768511.0658,59448.47766,709062.5881,265809.2865,49855.56302,215953.7235,1.159265272,2.695427132,0.8916949934,83.0510998,73.53964564,84.17521992,73.82292981
212,173564.2069,36531.1007,137033.1062,140647.025,46905.3421,93741.68285,191817.7105,58849.42934,132968.2811,0.1430245613,4.102980663,0.8544294834,75.51196636,1.575680763,75.59393145,1.692888904
213,36150.73408,53929.5487,-17778.81462,37824.2008,50463.75719,-12639.55639,169000.6857,52958.40512,116042.2806,1.97188103,1.068261297,0.8050142693,18.46078566,70.44639925,20.01825618,71.65577942
214,37541.33253,43119.34781,-5578.015276,48485.85075,52222.96342,-3737.112669,197973.8739,53645.13047,144328.7434,1.636639675,2.706034913,0.7790332569,68.47917387,60.5704272,68.26836376,62.19343321
215,34326.72583,38906.4358,-4579.709972,48192.70058,43476.43194,4716.268642,113096.6283,61462.75001,51633.87828,0.986004318,2.993333365,0.7293063626,29.51834139,53.86349687,30.17690582,54.59732069
216,220573.5571,49212.21851,171361.3386,163205.1077,62358.29687,100846.8108,235743.1565,55670.0977,180073.0588,0.05375890379,2.557739834,0.7571539956,91.644471,93.32321716,91.6610093,93.37436894
217,204528.9229,55036.56743,149492.3555,161014.1961,57431.70802,103582.4881,175544.8076,52024.09556,123520.712,1.218486368,3.750660787,0.6089838025,84.78893265,26.51716857,83.61940307,26.17524813
218,189862.2166,54900.60172,134961.6149,163210.7403,60616.30795,102594.4323,183954.2372,38492.42589,145461.8113,0.4581697021,5.892280776,0.7825418761,71.93921073,90.8615127,72.31668054,91.12119717
219,65809.08316,53621.18532,12187.89784,50570.40085,56910.59122,-6340.190365,173412.2231,46428.17633,126984.0468,1.213269685,3.222491631,0.6981244153,80.9687153,36.52309858,82.12846562,36.87947275
220,902618.7814,63927.90966,838690.8717,923345.309,59839.90348,863505.4056,237809.2691,60796.34331,177012.9258,0.4973840823,2.52793758,0.7795360187,74.84806636,41.5279531,74.9190687,42.02024325
221,200463.6454,43756.25147,156707.3939,175626.063,51642.37762,123983.6854,198276.6493,54638.17252,143638.4768,0.4594650931,4.573714238,0.5294235587,89.41086828,4.467768241,89.87031623,4.463799329
222,791152.1051,60091.84511,731060.26,677893.4186,56837.01255,621056.406,382055.5312,65162.42291,316893.1083,1.01511671,1.567032375,0.8575661926,2.578882543,53.08772368,3.416597795,53.66104305
223,67358.11578,57218.41097,10139.70481,62163.71878,60535.41262,1628.306158,125667.2387,42842.53121,82824.70746,1.256288384,5.59940002,0.7954898545,12.44250882,61.00651363,12.4010597,62.26211806
224,55302.44245,62592.86395,-7290.421502,51817.1495,58904.16133,-7087.011828,121717.4919,52769.74878,68947.74314,1.418684432,4.643847114,0.6757876799,4.249573926,48.56991659,4.777332462,47.25305045
225,1165858.601,52682.14738,1113176.454,613536.5895,74188.1667,539348.4229,252620.6614,32654.63625,219966.0252,0.03668957277,6.011019364,0.7427587904,91.90367034,91.44968448,91.94012115,91.45386334
226,57226.32369,47796.65519,9429.668507,33880.21561,49522.91268,-15642.69707,159974.9467,51724.77333,108250.1733,0.7785582395,1.393667301,0.9158354145,36.46662898,3.886625548,37.22041964,3.691811361
227,998685.4155,67786.95674,930898.4588,560139.162,56408.30492,503730.8571,328937.3127,58058.86278,270878.4499,0.6914056056,3.167504531,0.7652763343,40.04014929,79.26278801,39.45628578,78.89245693
228,811200.8797,65495.59726,745705.2824,778164.8581,50282.07324,727882.7849,275947.0202,56454.80876,219492.2115,0.9785048111,2.184266479,0.8748454863,15.68902667,12.5896645,16.49342811,13.14680898
229,39223.30172,52827.9143,-13604.61258,35640.26017,48796.57125,-13156.31108,117419.8019,38324.14889,79095.65304,0.4515363939,2.192508211,0.806122565,22.20402358,2.772320184,22.64700414,2.859803554
230,68717.85889,60642.62064,8075.238258,42275.30138,49477.60735,-7202.305969,206287.0397,47397.33234,158889.7073,0.2994207779,2.528839832,0.5523810808,45.14573756,33.24344442,45.43718093,33.31209982
231,148312.189,51252.31992,97059.86907,143406.9143,43931.74152,99475.17276,205408.0028,48732.10864,156675.8941,3.349096828,7.937540351,0.7715600238,9.829547492,15.9991812,12.15155612,18.41262801
232,141660.5618,45640.4412,96020.12058,157424.2471,50479.47183,106944.7753,200509.4948,46484.21347,154025.2814,0.5271890084,3.035638053,0.6307507927,40.00784596,44.91561658,40.35445603,45.31284411
233,56580.87976,57438.21912,-857.3393574,57689.56363,61958.48246,-4268.918831,197931.5577,56278.95133,141652.6064,1.263734559,4.067221953,0.7034988946,17.91544204,54.09101071,18.74935318,55.04054598
234,711625.1769,59862.17744,651762.9995,735673.5674,48982.92663,686690.6408,329445.8997,47246.24011,282199.6596,0.6586782228,3.55664181,0.9056389908,49.37702144,14.17274404,49.8379146,14.64331231
235,52268.83324,60270.79861,-8001.965379,52606.12599,53966.52111,-1360.395123,225129.1979,37684.1754,187445.0225,0.7483417006,1.504759527,0.6561890517,35.10450278,21.65101319,35.59643914,21.08708596
236,245734.0935,56454.65971,189279.4338,228268.784,51241.60462,177027.1793,228338.5327,44156.53564,184181.997,1.268443264,4.737760217,0.6966483561,62.37603917,50.19502198,62.83673275,49.01319724
237,147022.1851,58926.00697,88096.17808,134708.7032,51915.11338,82793.58982,233879.539,52335.54877,181543.9902,0.3880587621,3.394910286,0.8992274251,10.46946003,34.6091017,10.76132221,34.8648478
238,46669.40933,50838.6467,-4169.237367,61309.03992,53890.82426,7418.215662,140464.307,47276.46343,93187.84357,0.8134390268,5.231765166,0.7862554759,85.01422947,7.496129664,85.17521658,8.293479149
239,813834.8387,53590.03459,760244.8041,786124.0418,62724.53471,723399.5071,335652.4755,49133.98499,286518.4905,0.7600620522,3.722960936,0.7337865266,93.2633274,99.8812261,93.37768012,100.6326366
240,813120.3728,59015.70831,754104.6645,691498.6865,54734.9648,636763.7217,294980.4551,53756.17546,241224.2796,0.6559328965,3.873426715,0.7248088818,77.48083014,68.40534253,78.11306472,68.58006345
241,662189.5025,46363.9846,615825.5179,718038.525,57986.92731,660051.5977,293853.0288,36642.42809,257210.6007,2.193776887,3.045714359,0.8143188671,81.75485736,52.00787208,83.92976383,52.2949938
242,919714.2727,51932.36549,867781.9072,765419.1111,49055.40039,716363.7107,307912.9199,42274.26618,265638.6537,0.480815961,2.337562931,0.7955451665,69.75559055,7.38410116,69.58193919,7.832463953
243,930791.2308,53889.67002,876901.5608,704123.92,48700.35899,655423.561,205740.7369,43237.36101,162503.3759,1.095831412,0.8594056579,0.8320414311,21.83656097,44.97050265,22.67107807,44.26027192
244,167155.9752,50566.34623,116589.629,91282.15198,48188.45936,43093.69262,290211.7611,62436.19164,227775.5694,0.62814216,1.703702817,0.6629458946,53.21408152,97.08395811,53.50391731,97.64123523
245,60573.21465,52083.21864,8489.996004,51917.61281,49958.13031,1959.482495,198659.6486,51358.61481,147301.0338,2.007574202,3.863162656,0.6338146002,2.602359196,88.1454943,3.570951006,86.38703358
246,71813.2429,55990.23049,15823.01241,32509.84042,47222.85765,-14713.01722,161889.0626,55594.26146,106294.8012,0.160412126,4.4200048,0.7401347511,73.31289085,4.837615541,73.43369385,4.943155507
247,229226.6146,38563.20705,190663.4076,185133.2634,41242.96846,143890.295,168870.638,39552.48336,129318.1546,2.208925986,4.069900615,0.8447071269,63.71505734,54.86288689,65.32841903,53.35410656
248,45339.59858,39586.21584,5753.382741,46753.18305,45152.54006,1600.642987,136995.0114,42536.17901,94458.83239,1.724476183,2.461866098,0.9263484778,4.955669823,37.53055365,6.142808355,38.78136147
249,108963.556,35141.2401,73822.3159,137942.5711,62446.86529,75495.70585,263148.029,55244.22112,207903.8079,1.260237241,5.018878957,0.5744555839,95.51095336,80.09747008,96.47072856,80.9141888
250,915005.5534,63510.97202,851494.5814,622311.3994,51796.9743,570514.4251,221141.5786,51239.2829,169902.2957,1.793504099,2.460869583,0.9014504878,47.79272785,46.45357274,49.41388332,47.22071804
251,262330.0487,47002.9268,215327.1219,90114.69188,50276.21592,39838.47596,217553.329,57571.20593,159982.123,0.04396274658,2.898381567,0.8789929565,53.78344412,96.3091378,53.78245939,96.35308952
252,1053433.158,68259.74394,985173.4141,755667.5394,52847.83569,702819.7037,284191.3583,52968.49406,231222.8642,1.632950752,6.53147049,0.7727899489,67.69702185,0.8094996661,68.90331156,1.910132805
253,288868.5858,68576.59819,220291.9876,189564.986,70358.00309,119206.9829,147598.7525,40721.25904,106877.4935,0.8652054754,3.978168447,0.8401358425,22.18878093,32.2818059,22.74465663,32.94481625
254,1155765.466,40080.21087,1115685.256,663009.9126,45170.35524,617839.5574,285834.1899,48292.52144,237541.6684,0.5303841604,2.294191046,0.8202515001,64.78270149,18.23136046,65.07973371,18.67076827
255,904591.6186,52555.6873,852035.9313,625510.3517,49521.05178,575989.3,335077.3562,50861.87192,284215.4843,1.497551185,2.540069354,0.778613867,29.82951816,87.77781942,31.23698489,87.26625615
256,651006.1075,41480.87176,609525.2357,803745.4362,60851.81578,742893.6204,307302.8357,48854.47072,258448.365,0.8215123646,2.543117363,0.804458361,77.03793866,70.97221768,77.4361011,71.69079213
257,940342.7988,51303.83311,889038.9657,752726.1214,63544.82217,689181.2992,316768.5145,58866.58818,257901.9263,0.3066491151,2.826971386,0.7188384796,79.32813143,70.47300169,79.26123205,70.77226437
258,729792.8061,48989.74097,680803.0651,827660.8559,57968.39982,769692.4561,320654.81,46582.89795,274071.912,1.846843813,2.664824701,0.8642570729,49.69400403,78.80679211,51.34454906,79.63536508
259,861546.2235,39192.35209,822353.8714,859288.6388,52877.53145,806411.1074,369293.6009,54964.60656,314328.9944,1.666999461,2.089539476,0.7741519104,10.67449678,20.51356627,11.39628441,22.01620056
260,170551.4973,49771.09601,120780.4012,134593.2284,45843.32926,88749.89911,194903.9201,49684.65556,145219.2645,1.074143069,1.662692369,0.6836120638,38.25964829,76.90392492,39.00015708,77.68201879
261,1027270.156,67747.44643,959522.7093,932310.4236,51300.21544,881010.2081,302278.9547,58519.34812,243759.6066,0.6891086867,2.547601191,0.7009679564,92.57581267,74.94327438,93.14851242,74.56001757
262,156426.8338,63132.70788,93294.12593,97121.08873,58032.8911,39088.19763,260217.0848,55388.04035,204829.0444,0.1729019379,1.884575128,0.7907727656,42.61426378,20.41613109,42.7856961,20.43862641
263,822564.0635,56339.44407,766224.6194,813672.4238,45195.11575,768477.308,283342.7108,50478.96843,232863.7424,0.1113211665,3.096244492,0.681802009,72.28467282,19.39472465,72.2784435,19.50587139
264,135958.0773,44493.17778,91464.89955,207736.7433,46272.54401,161464.1992,188975.5965,47720.60192,141254.9945,3.099194405,4.615151513,0.7124917371,20.76148483,59.13746624,22.70232777,61.55368946
265,171743.3931,53364.81217,118378.5809,165868.3768,58662.42858,107205.9483,221408.4495,50413.14527,170995.3042,0.790433437,1.913088148,0.7170190562,43.98715788,24.86296198,44.52129802,25.44561053
266,173550.3853,67931.00371,105619.3816,191492.2401,34681.53441,156810.7057,221015.2727,56057.50405,164957.7687,0.7547301254,4.376917026,0.8157494157,48.49903218,86.42492796,48.99162094,86.99674425
267,52879.56574,63342.55201,-10462.98627,36441.89057,43938.4857,-7496.595126,170590.6683,45185.75902,125404.9093,1.109184625,1.836380774,0.6873125847,90.0312701,44.04175636,91.07652521,44.41287936
268,220756.0245,60888.80766,159867.2169,180971.6087,55402.87976,125568.7289,242412.2062,50626.10701,191786.0992,1.522928758,2.881672009,0.7939531414,50.67662005,18.08633258,52.08374925,17.50383843
269,254590.4914,38802.45334,215788.0381,159979.8258,48247.96874,111731.857,163187.2372,56748.68885,106438.5483,0.7774917094,5.008272869,0.6424881565,94.7723109,42.72433383,94.87374634,43.49518026
270,135890.3097,36433.73666,99456.57308,211302.1047,52055.83057,159246.2741,199219.5769,53300.64887,145918.928,1.563502744,1.923734442,0.8117631458,51.97412579,61.82463856,52.08359671,63.38430421
271,208139.8189,54926.97039,153212.8485,160780.5164,54756.12173,106024.3946,166119.4077,37574.56101,128544.8467,0.5238676491,2.191910043,0.9056812152,12.10774528,45.88138998,12.47348554,46.25645181
272,66103.00201,62594.43102,3508.570994,39620.96555,61558.04569,-21937.08014,112687.6503,41528.09825,71159.55204,1.175978527,2.614832948,0.8756127742,95.63649163,90.25181608,96.35660189,91.18152931
273,813528.2123,60793.69935,752734.513,519200.828,39571.38257,479629.4454,331968.7372,57755.02599,274213.7112,0.5817716535,4.422715882,0.8208621946,13.58548367,60.19124277,13.73924064,60.75232838
274,1032328.301,58366.71749,973961.5839,631499.249,54339.2286,577160.0204,253298.0946,48686.74078,204611.3538,1.472644315,1.13882904,0.7197679909,11.08625618,33.50321139,12.14499824,34.5268063
275,67967.14716,54737.72686,13229.4203,30601.0681,48370.45654,-17769.38844,184486.1678,50045.87755,134440.2902,0.123085203,2.21099496,0.8316741069,25.86897995,9.497238056,25.92357357,9.607553531
276,763629.0917,45540.24332,718088.8484,647631.6208,60062.05198,587569.5688,244697.0294,52594.12093,192102.9085,0.6284461806,5.677394838,0.6706919069,44.74682931,33.19809286,45.03478106,33.75668787
277,240044.7418,56489.70405,183555.0377,140283.9714,52530.35948,87753.61195,225866.1107,41997.94421,183868.1665,2.250966053,5.331823336,0.984485645,86.61751173,82.46528203,86.96531143,84.68921627
278,247357.094,64763.99641,182593.0976,129613.281,48330.47512,81282.80585,221633.9131,44996.53485,176637.3782,1.130580118,2.03755986,0.8051337809,78.5540153,50.43777559,79.36578189,51.2246977
279,31031.25099,58889.63831,-27858.38732,52447.93593,51287.55676,1160.379166,146027.2752,45491.7746,100535.5006,0.956950827,3.249543331,0.6316140522,97.79243087,19.75456753,97.9286178,20.70177818
280,63974.34461,54741.09227,9233.252342,51202.9935,43466.59084,7736.402658,144302.4789,39771.74305,104530.7359,0.9969953308,1.088040668,0.6994693667,85.74745173,27.55311025,86.59025368,28.08573072
281,42743.63823,56145.38551,-13401.74727,60874.11475,53170.66406,7703.450693,114949.2476,42006.06598,72943.18162,1.476042603,3.455859536,0.9447484212,73.75523186,66.66653103,74.34213474,68.02087469
282,240454.0352,63931.52657,176522.5087,159524.6283,44687.44179,114837.1865,177978.8775,37144.51285,140834.3646,0.4100391523,3.584102676,0.908683086,82.14509809,84.29392284,82.3609062,84.64257591
283,152633.1179,41290.66148,111342.4564,129342.571,48269.44929,81073.12174,223417.6534,56834.73928,166582.9141,1.207920787,4.478960639,0.7420303988,51.69233488,4.426310371,52.46150249,5.357682381
284,826437.9341,48827.24876,777610.6854,763265.5803,61749.48278,701516.0975,303542.5965,44393.52293,259149.0736,1.307340267,2.438957283,0.9000245914,68.65093382,41.2252668,68.57160382,42.53019796
285,67397.27821,67351.64967,45.6285397,50560.97859,54557.61562,-3996.637027,140813.8157,49954.77618,90859.03952,1.221242269,2.487682695,0.827881706,34.44919198,46.89440917,35.57566869,46.42272823
286,88250.25377,62418.44808,25831.80569,218338.9959,46419.77517,171919.2207,161671.2014,50410.41889,111260.7825,1.270653666,1.720028874,0.7270184975,95.45250186,95.50844154,96.27333809,96.47838413
287,175010.1234,59272.4942,115737.6292,161185.5764,56361.98732,104823.5891,247662.3144,67793.10699,179869.2074,0.2639990755,1.194140629,0.5027433408,72.27996392,39.423287,72.31714317,39.68465496
288,228741.5928,62034.60916,166706.9837,150659.4026,48262.24616,102397.1565,199115.8384,46209.86296,152905.9754,0.1448831141,1.916093646,0.4603685168,92.89315416,75.67524387,92.96347725,75.8019158
289,52376.59803,48171.65989,4204.93814,51983.81327,49626.87331,2356.939956,163964.4851,39952.9859,124011.4992,0.2144460505,2.674158667,0.8459794538,88.36548585,35.03419664,88.48173658,35.21439896
290,56056.86703,55383.18322,673.6838044,64137.74241,44996.59591,19141.14649,95927.08775,44558.47583,51368.61192,0.2186430671,4.122231708,0.6371818193,27.79186504,94.46895649,27.76527757,94.68597699
291,651491.9745,43112.26591,608379.7085,670418.5854,49301.88442,621116.701,254504.2463,53297.43699,201206.8093,1.73433381,2.188332457,0.9166136289,6.665167539,69.47230148,6.469276916,71.19553699
292,118052.3003,49087.20951,68965.09077,205926.2439,59395.35375,146530.8902,183613.0348,52108.32967,131504.7051,0.9219935838,2.697874778,0.7813089305,52.13839935,53.22341138,53.0119338,53.51838549
293,818744.9431,43716.52329,775028.4198,716361.6199,40088.86353,676272.7564,276521.1665,56311.94145,220209.225,1.768918662,2.983149752,0.9089509103,92.99245831,65.05124732,94.30785919,66.23395343
294,150283.1361,47451.29276,102831.8434,144605.737,54495.24051,90110.49649,256657.2395,36434.72866,220222.5109,1.520783109,2.002151402,0.6435534707,67.44419011,19.55556097,68.91359215,19.94752895
295,112514.3603,47245.46339,65268.89694,205095.5023,41507.33452,163588.1678,257053.9844,54637.19143,202416.793,0.7674134305,1.152199741,0.9230207959,11.83209004,48.14416066,12.35041491,48.71007823
296,76886.71456,71882.84374,5003.870824,47803.11817,52201.19143,-4398.073255,132894.2719,36850.35757,96043.91437,1.177645375,2.553418859,1,29.95731513,52.70082898,30.11030738,53.86849417
297,233495.4378,51606.21745,181889.2204,168634.6484,50022.65345,118611.995,200874.6411,62657.13096,138217.5102,0.805670693,2.874003688,0.8345277974,8.283163682,70.36769588,8.663168386,71.07811948
298,576223.8141,54669.11414,521554.6999,662297.6113,50562.89278,611734.7185,287321.2786,50349.42305,236971.8555,1.113452722,5.184033954,0.8367801611,12.0979968,3.843828113,10.98881158,3.94121968
299,124044.4538,51253.45187,72791.00192,185542.1193,56915.1761,128626.9432,231419.887,39578.33139,191841.5556,4.220472773,2.647488615,0.63348723,78.38050321,62.61079985,80.96263842,65.94920788
300,680542.4102,64197.38393,616345.0263,574264.806,51149.91947,523114.8865,267169.0429,55194.07054,211974.9724,0.5988979744,5.502296413,0.8682353595,20.71669473,32.20826014,20.33102654,32.66645096
301,204456.9868,56535.87711,147921.1097,165404.9377,49732.41027,115672.5275,226809.401,66608.37979,160201.0213,0.1004355444,5.082880545,0.916689063,24.61065645,32.50351895,24.60813699,32.60392289
302,204470.8633,41506.82148,162964.0418,88721.46282,43220.942,45500.52082,249048.5724,46223.46392,202825.1084,1.393161403,3.477881587,0.7997303708,16.23617005,8.732612821,16.6292328,10.06917571
303,938579.1251,40311.97859,898267.1465,724148.0866,52420.51904,671727.5675,288052.2695,53999.06004,234053.2094,0.9130683701,2.979323372,0.7508571463,71.80892094,4.604594553,72.35087586,5.339426994
304,889310.4319,57737.65501,831572.7769,806909.1701,62162.79083,744746.3792,274946.7638,53592.44718,221354.3166,1.212001202,2.997475992,0.8668184547,31.65044979,26.62365176,31.91566026,27.80628033
305,154004.4195,51789.0835,102215.336,88095.82833,45914.5849,42181.24343,158558.9873,50442.86669,108116.1206,1.028668605,2.502394976,0.7430307607,8.577655787,49.53577853,9.258588558,50.30681009
306,683659.388,56069.10241,627590.2856,558546.966,63355.42163,495191.5444,260186.4222,45820.91968,214365.5025,0.6828075283,3.162530707,0.6551923318,38.07217226,60.81049896,38.72359565,61.0151296
307,188900.7825,46914.72971,141986.0528,224473.7536,54997.39526,169476.3583,270785.9912,48522.89675,222263.0944,0.6238184326,4.645535309,0.8574987207,95.59068294,85.92751018,95.97498076,86.41890068
308,172573.3279,45848.40323,126724.9247,113902.6657,46471.25108,67431.41457,137342.7908,49139.33305,88203.45774,1.040586657,1.832292639,0.9830326474,29.34300859,94.8115638,30.07969253,95.54649057
309,260081.4891,59325.48948,200755.9996,164683.7595,49768.35075,114915.4087,284269.8439,42563.73527,241706.1087,1.032514021,2.758938585,0.8267303404,10.74623982,80.44798898,11.3959597,81.25045348
310,812143.8116,50492.03466,761651.7769,678412.2887,43302.04529,635110.2434,211791.0371,62162.34777,149628.6894,0.3588117651,4.010598274,0.8470610653,60.41096194,23.27427346,60.37489287,22.91727919
311,155409.3518,54003.55318,101405.7986,114898.0076,41825.79139,73072.2162,271624.4967,57116.67816,214507.8185,0.7086979897,1.938921225,0.7083314284,84.74529086,55.80399337,85.40335814,56.06705284
312,746897.6124,56147.90838,690749.704,655650.1716,47234.5305,608415.6411,309362.3707,49599.06054,259763.3102,0.5467323973,1.897538914,0.7904317021,38.1715542,98.98408464,38.38066609,99.48924653
313,62443.99551,68075.24307,-5631.247555,36119.68861,41194.69397,-5075.005363,209904.8717,45770.50863,164134.3631,0.6078239254,3.409737534,0.8282050677,93.09415509,66.21433673,93.49984506,66.66695751
314,713320.6297,56230.47496,657090.1548,642037.5899,53222.0042,588815.5857,332712.0621,51060.29539,281651.7667,1.078539893,1.837507546,0.9219094521,41.29870235,6.229521091,42.35413433,6.007458866
315,171154.9398,59550.49992,111604.4399,189146.9376,37407.4946,151739.443,189541.0543,48378.93186,141162.1225,0.8251097526,2.079971999,0.8741763993,63.02054903,67.94882307,63.09893464,68.77020105
316,88320.77037,64046.40656,24274.36381,58983.33067,51057.07997,7926.250708,128223.5093,37480.94397,90742.56534,0.5109088253,2.658493775,0.6536006898,0.3138944518,28.8364032,0.4509269598,28.34421429
317,207387.1554,57831.96884,149555.1866,155220.5393,65629.35773,89591.1816,191236.8453,49068.34626,142168.4991,0.5824293212,5.017557295,0.7975061141,75.50510906,41.4148563,75.83398724,41.89554649
318,53169.87936,63199.93127,-10030.05191,52857.58805,50776.55461,2081.033437,187457.7545,34407.20802,153050.5465,0.512362041,2.430606099,0.6631298839,46.27633851,91.74064406,46.22960184,92.25087004
319,634967.8635,59548.5465,575419.317,615774.3069,60149.8629,555624.444,203070.4665,55537.05605,147533.4105,3.508961265,3.747500983,0.7224656957,78.52382467,53.08323117,81.07367149,50.67261085
320,1051139.317,58260.35541,992878.9619,891563.8582,49354.06526,842209.7929,259763.7468,54773.15284,204990.5939,0.8885440591,2.303901356,0.7803606236,82.88662805,63.14149265,83.74174,63.38293435
321,831129.6296,51531.67299,779597.9567,767082.2291,54487.01752,712595.2116,228103.0784,46519.26565,181583.8127,2.263110317,3.41221664,0.7893422734,95.02657314,40.60273018,97.28903288,40.65699084
322,895616.6865,52905.8448,842710.8417,710257.6907,45674.55536,664583.1353,340367.9092,49196.12885,291171.7803,0.6366098132,1.32813262,0.6039595336,27.37519505,68.90520017,27.00859609,69.42565886
323,962718.7051,67956.96353,894761.7416,586743.396,58289.29241,528454.1036,284931.8174,49595.49989,235336.3175,1.823036564,2.664048091,0.8800690341,32.2623747,68.07406367,32.39448499,69.8923071
324,53469.95588,48653.14564,4816.810242,51922.8129,57766.64236,-5843.829466,52480.62184,45143.5743,7337.047546,2.068648561,4.084566301,0.9023740648,95.35994186,94.72295704,97.25662412,95.54873139
325,742715.8376,65157.85001,677557.9876,725513.0544,49729.17165,675783.8828,284922.7858,56017.68583,228905.1,1.469467529,4.480786984,0.9075826037,53.82868048,22.59028359,54.24878668,23.9984191
326,31248.74725,59375.28055,-28126.53329,45841.08428,50635.58045,-4794.496173,103474.164,49530.71313,53943.45091,2.063534396,1.305588095,0.8258016528,82.02842889,99.53338002,83.03740245,101.3334207
327,788672.2687,61583.80364,727088.4651,766008.8783,57316.75334,708692.125,228954.5005,41685.27837,187269.2221,0.7710177692,2.442077914,0.7886650979,6.323651609,95.33122783,7.04315589,95.60832347
328,228154.6301,44219.094,183935.5361,201093.6291,50607.88241,150485.7467,192630.4056,57180.48696,135449.9186,2.295526586,1.254553465,0.818644135,3.353117543,28.56650218,3.909378921,30.79361142
329,69420.4347,55168.81429,14251.6204,63573.75487,51543.14728,12030.60759,149641.6134,46330.16781,103311.4456,0.7783734798,2.510324473,0.7225219582,59.8277247,25.74710605,60.45587466,26.20677212
330,190357.7298,64057.12644,126300.6033,144815.1173,53687.83169,91127.28561,188422.9351,39948.24324,148474.6919,1.056380776,1.849733315,0.8589811565,96.62830983,15.29480095,97.18295385,16.19386177
331,51214.35658,44584.68951,6629.667075,64000.52767,48728.81391,15271.71376,179740.0377,48769.00939,130971.0284,0.9083975387,1.430298871,0.6611025049,75.69977822,62.11226434,75.9606508,62.98239742
332,884759.9552,46329.61401,838430.3412,608294.8472,55333.23506,552961.6122,310116.3248,60256.22733,249860.0975,1.139226935,5.891233083,0.8287118523,79.99312274,47.25575214,81.11625378,47.06492584
333,47068.5966,52267.64795,-5199.051341,35126.1843,49476.38025,-14350.19595,165457.7047,62921.6776,102536.0271,0.5884455263,1.405972633,0.9943386583,23.47527495,87.31283711,23.48013309,87.90126258
334,878421.0054,55217.81288,823203.1925,443570.5484,41256.60145,402313.947,289586.2921,43006.08966,246580.2024,0.1525353682,3.473373891,0.7032751818,49.60494933,57.11651255,49.75142623,57.15907493
335,806582.4938,49047.03764,757535.4561,804878.5898,47778.48864,757100.1012,253902.6249,57877.68621,196024.9387,2.013874077,4.300978194,0.6451699162,4.304181574,22.01623037,5.078296559,23.87537931
336,60533.9492,59573.71613,960.2330732,39611.25042,47720.01555,-8108.765136,100585.2808,34013.8238,66571.45704,0.5673176142,3.182425674,0.851610851,31.49938075,65.4460499,31.97858536,65.74971455
337,765690.4783,58163.54564,707526.9327,1024245.609,55336.25018,968909.3588,295763.4443,45141.32046,250622.1238,2.166106269,1.624038641,0.5708107986,2.650979754,26.05075633,4.494701732,27.18772847
338,636733.0999,53916.14208,582816.9578,594677.8541,57098.9786,537578.8755,283033.7198,48227.66779,234806.052,2.979747686,4.926246239,0.6810803897,9.623422951,22.33189675,9.566104982,25.3110931
339,788192.9526,54848.16266,733344.7899,713722.4037,52788.6956,660933.7081,259654.0483,48329.74088,211324.3074,0.1365647675,3.620424284,0.5727773109,23.45633067,83.46555267,23.59143824,83.44565591
340,729985.1531,53799.7281,676185.425,801242.8756,55793.48639,745449.3892,298252.3558,47422.84451,250829.5113,0.8632729203,2.223877503,0.8257531363,67.59610104,8.828528595,68.45873314,8.79527185
341,53524.19091,62833.25484,-9309.063921,56557.19656,62908.48745,-6351.290895,165915.2343,56396.95594,109518.2784,1.099393083,2.608729905,0.865852998,3.462903797,0.2624122986,4.464908762,-0.1899716098
342,35739.00884,45228.83245,-9489.823616,64898.43072,60052.46033,4845.970395,192387.3416,44392.68666,147994.655,0.3178857798,2.755309444,0.8402268205,23.25191388,17.27169956,23.39976501,17.55310925
343,49223.96869,48150.0328,1073.935895,59757.32908,45540.68834,14216.64075,158595.6327,55276.4978,103319.1349,2.642720234,2.602010679,0.6478357712,58.36322397,51.53501494,60.40700333,53.21040628
344,241092.7764,60846.04592,180246.7305,186616.7595,50658.29917,135958.4604,191061.9948,61231.95346,129830.0413,0.7341237739,1.725637385,0.9055745153,23.62898824,83.54289551,24.36286679,83.52392229
345,178943.951,52447.9048,126496.0463,181022.8824,43883.46783,137139.4146,206359.1611,48257.97178,158101.1894,0.446954777,1.781364758,0.630811533,34.88593964,86.16335935,34.68759824,86.56389557
346,218994.9823,54379.18951,164615.7928,149195.329,56238.04566,92957.28337,232013.1084,60512.23059,171500.8779,0.4459189822,1.763910648,0.6756800025,34.50727033,13.24132869,34.06388239,13.19388531
347,329617.4887,61680.62938,267936.8593,194909.7108,50332.60468,144577.1062,212761.1332,57765.80755,154995.3256,2.116981633,1.841836393,0.9862941925,4.033664532,40.4228495,5.943229685,41.33672704
348,29037.46065,43854.07382,-14816.61317,49463.4214,53435.48595,-3972.064556,180468.5941,46344.23415,134124.36,0.7425663219,2.070859293,0.7622277607,55.22783849,90.58417306,55.2484914,91.32645212
349,182756.2906,48410.51334,134345.7772,196527.6156,50051.63564,146475.98,224136.3198,49299.0479,174837.2719,1.832780447,3.580976338,0.9462652769,50.20642173,90.36131894,51.21840412,91.88938171
350,264165.8425,47534.13164,216631.7108,218485.0653,53000.9435,165484.1218,168776.1751,39909.20208,128866.973,0.3941615863,2.284731184,0.6698041761,99.92290435,82.24369916,100.1662753,82.55375389
351,51494.66066,44514.73472,6979.925947,47521.78358,47143.69132,378.092255,221341.9476,46351.80151,174990.146,1.13283844,1.473830472,0.7413710403,80.803658,19.71151807,81.4853062,18.80670944
352,61656.84481,52447.50313,9209.341677,31681.205,46682.80302,-15001.59803,156258.0586,43034.03944,113224.0191,1.283567825,4.669171578,0.6942432339,80.47836563,28.14874706,81.7525424,28.30373066
353,914681.4237,47706.16572,866975.258,913466.5023,54478.75754,858987.7448,294280.5229,57232.35545,237048.1674,0.8300975263,2.36486323,0.887703227,96.20530365,54.4497141,96.74721827,55.0785149
354,67540.16938,70818.63244,-3278.46306,49837.58695,45503.5713,4334.015657,109951.5552,56147.68817,53803.86707,1.245812361,2.361737504,0.6010976713,17.14759968,43.29389785,16.40178217,44.29179798
355,945335.7505,58910.37591,886425.3746,890755.7035,59210.245,831545.4585,302553.3136,58606.84108,243946.4725,0.4480326602,2.198544696,0.7369271433,37.29366995,42.5639454,36.86481682,42.69363062
356,844934.9426,48739.299,796195.6436,705795.3607,55857.4424,649937.9183,336593.5183,55116.62527,281476.8931,0.4076052881,1.714380543,0.8929553977,93.98939379,54.04862318,94.28098246,54.33343561
357,194469.1725,47829.9135,146639.259,211008.0459,55434.58416,155573.4617,199973.6898,41886.07507,158087.6147,0.5727432203,1.778346064,0.4802285856,20.48513168,70.2171683,21.0143649,70.43613633
358,847421.5566,50929.65336,796491.9032,788161.1491,52180.13478,735981.0143,217145.2381,54729.89402,162415.3441,2.235738807,3.764575104,0.7882014076,72.46894819,22.28064644,74.70351208,22.20817436
359,982856.591,58261.18829,924595.4027,806651.6333,45954.03857,760697.5948,323802.7038,43489.61462,280313.0891,0.7625319456,3.299124189,0.744708324,88.05648838,87.31182004,88.73799681,87.65387446
360,925925.097,46788.47039,879136.6266,709195.9887,44251.02467,664944.9641,333689.2206,52054.98807,281634.2326,1.182775354,1.966197349,0.8158467645,44.12725136,68.97298426,45.30773298,68.89935902
361,918312.5472,60862.78466,857449.7626,648908.9,48931.81634,599977.0836,261895.8895,53466.95332,208428.9362,1.37255562,2.296642252,0.8003370929,81.24537998,19.45277795,82.38064907,20.22418771
362,847405.8495,60266.49197,787139.3575,751838.7803,57935.8072,693902.9731,276697.7703,44694.02141,232003.7489,0.9663851902,3.651125982,0.6650092218,55.81024213,29.5052265,56.77641714,29.5253805
363,1205883.613,54528.38233,1151355.231,795936.8344,51151.90451,744784.9299,259908.7013,48451.98401,211456.7173,0.9519629633,4.397913651,0.5882579455,48.97450583,79.46714762,49.10915116,80.40954038
364,41207.73426,42360.9655,-1153.231238,56262.22124,56259.90001,2.321229891,124675.7964,40459.69219,84216.10418,1.199447178,1.425422278,0.7545341798,42.54849529,80.91499383,42.11510456,82.0334061
365,54254.28019,67146.30249,-12892.0223,44426.52513,49972.85522,-5546.330089,175381.0781,62739.19762,112641.8804,0.5101523898,4.869657886,0.7437351521,47.65264062,69.02958895,47.60789311,69.53777506
366,163938.4882,58114.27185,105824.2164,182753.2026,41487.17699,141266.0256,213659.5766,54294.62821,159364.9484,1.477050195,4.1573595,0.8395525178,40.16631268,54.23483665,41.418976,55.01746805
367,49583.47517,54228.52443,-4645.049262,65323.81883,59227.96888,6095.849948,129593.397,57546.98109,72046.41593,1.389491717,4.200071477,0.8403094154,31.60887907,94.12986319,32.94301731,94.51814454
368,43672.60035,45238.88912,-1566.288778,48788.50531,54422.01913,-5633.513816,148460.1707,55186.88525,93273.28543,0.4567629681,1.683502086,0.8146711044,93.03627295,1.73170945,93.48260867,1.8287498
369,42057.04728,51317.60438,-9260.557105,25494.76017,43699.63916,-18204.87899,213800.3347,40118.7486,173681.5861,1.801895357,5.379982459,0.907913909,11.26356687,53.37987176,13.04908307,53.62227387
370,881001.462,54268.86247,826732.5995,870861.5898,51915.03973,818946.55,228958.4214,48544.76637,180413.6551,0.9504342325,2.01899505,0.7123462582,51.44288721,56.47004571,52.25786599,56.95905984
371,829251.5654,72433.84336,756817.7221,648166.1883,57973.06999,590193.1183,223706.2121,59509.5447,164196.6674,1.573294331,3.480552067,0.6425979757,4.681408588,57.30443058,6.25443134,57.27519921
372,181365.1717,53835.49293,127529.6788,174793.9739,34087.57508,140706.3988,211921.8251,43087.2148,168834.6103,1.900780977,3.1035796,0.7862483313,65.18327795,7.705715778,64.55948248,5.910208181
373,69958.00253,64031.97299,5926.029539,13302.31396,37267.66946,-23965.3555,108765.247,53100.51509,55664.73194,0.6316864518,8.287345955,0.8462338423,23.95399851,0.6834196696,24.54898557,0.8955945425
374,219258.4567,60800.84019,158457.6165,177870.4355,60876.66998,116993.7656,243314.1376,37189.43916,206124.6985,0.2765987295,2.941292032,0.7279665192,99.8030547,14.84462843,100.0422409,14.9835414
375,180625.8615,58736.43273,121889.4288,206846.8973,49363.15206,157483.7453,159322.1966,48598.11288,110724.0837,1.569199961,3.467945663,1,85.21751987,64.9438487,85.00175633,63.38955316
376,263433.4236,67194.64823,196238.7754,148629.0546,58348.00318,90281.05138,182303.3095,47058.08519,135245.2243,1.55729476,8.379248624,0.8712793297,3.66519532,57.37414615,5.099075361,57.98172742
377,938183.3727,50025.00275,888158.37,660724.3638,62230.76427,598493.5995,318395.3521,44777.2044,273618.1477,1.147542493,3.003181661,0.9663671958,10.91282057,11.50709247,11.32824748,12.57680002
378,813732.9097,60587.01992,753145.8898,695690.7251,40723.50859,654967.2165,212406.4201,62301.05756,150105.3626,1.254488765,3.448296299,0.7536594688,94.67451402,68.41577045,95.51944179,69.34304556
379,55814.55401,59555.08908,-3740.53507,33728.40638,45975.59297,-12247.18659,144450.3696,56150.0385,88300.3311,1.620556278,3.408554454,0.6768137676,73.70065219,24.97677947,75.21174442,25.56227321
380,220788.9144,54185.13167,166603.7828,223259.4931,47823.34254,175436.1506,217220.9896,42865.52272,174355.4668,0.5132553522,2.86692994,0.8757522501,53.48563567,64.23101926,53.68137475,64.70548451
381,907050.4753,42729.91178,864320.5635,721355.1076,56039.63334,665315.4743,208490.3202,49474.79586,159015.5243,0.4215506021,3.034992348,0.9523139758,30.47066137,14.72887593,30.21193009,15.06168675
382,710585.7085,45362.27548,665223.433,737894.5067,55811.42971,682083.077,339178.5146,52749.3802,286429.1344,0.464726619,3.939019593,0.677867656,14.73733256,15.64659426,15.11388035,15.91895907
383,29419.368,43133.73743,-13714.36943,51560.29154,46894.00995,4666.281584,164143.6795,55338.38841,108805.2911,1.134272337,2.029037102,0.843043969,86.70580219,83.50881874,87.73503148,83.03209994
384,691374.2453,37918.47956,653455.7658,573707.1418,54330.16426,519376.9775,291640.0175,51338.73964,240301.2778,1.19874077,2.936074736,0.6409219842,36.25659765,38.36856279,36.86916452,39.39897109
385,606255.3165,60688.61934,545566.6971,680701.7747,50639.02352,630062.7512,249916.2368,38355.95438,211560.2824,0.5280718366,3.21284754,0.595315933,40.82574074,20.81242375,41.28970636,20.56024173
386,636189.6547,55799.06321,580390.5914,681718.1594,50199.1657,631518.9937,265481.1044,55995.33382,209485.7706,1.162931036,3.041180055,0.9483856347,80.67292879,86.78193926,81.80420619,87.05142034
387,50060.9622,53382.92125,-3321.959049,60236.97244,53085.66407,7151.308368,145136.312,31149.70117,113986.6109,1.825266485,3.060203673,0.631396061,90.71069374,14.42443181,91.51705081,12.78693799
388,802463.1871,48683.86266,753779.3245,909699.0714,45936.71142,863762.36,312215.4777,54884.64871,257330.829,0.9337969716,2.071937731,0.81540258,47.97931252,23.10488227,48.79021096,23.56793789
389,635456.9123,49042.44465,586414.4677,829158.5629,52376.41984,776782.143,285475.7427,49109.42982,236366.3128,0.3732335144,1.932902802,0.7964020521,11.17871288,36.37099595,11.28950354,36.72740678
390,886018.302,40057.67452,845960.6275,766384.2506,39826.85436,726557.3962,321302.2976,52435.6131,268866.6845,4.723789046,2.735855126,0.6152445477,48.32025643,47.89435961,50.98873557,51.79223108
391,191775.1355,60426.34529,131348.7903,168897.3395,56120.87333,112776.4662,230817.5033,53997.34139,176820.1619,2.414782925,4.350010329,0.90219773,10.06834981,19.40368312,12.23013143,20.47972997
392,250299.6778,53070.35846,197229.3193,125647.006,58089.7927,67557.2133,261579.1328,53400.2668,208178.866,0.9573794973,1.586818963,0.8804413277,73.16733147,53.7924102,73.79771355,53.07185907
393,120094.8627,58440.90776,61653.95497,202191.6249,60291.62496,141899.9999,180801.004,38993.02494,141807.9791,1.191226432,2.400983161,0.7823735145,61.91895221,88.93656007,63.03518744,88.5205801
394,1032685.462,55742.21848,976943.2434,719544.4131,40867.43689,678676.9762,328391.1768,41309.62322,287081.5536,1.223068211,4.063039253,0.9671207064,71.95752419,12.61922497,73.16980339,12.78132061
395,867004.6579,55068.14123,811936.5167,846236.4608,47902.21076,798334.2501,331506.5088,59784.94309,271721.5657,1.024792188,3.154715835,0.9077643037,33.40276719,33.13798989,34.27873223,33.66985855
396,682183.9205,63772.72181,618411.1987,755682.8555,50080.03803,705602.8174,246056.5983,38823.27925,207233.3191,1.061912806,1.622286308,0.8342920279,94.0470736,53.90957073,94.17024229,54.96431633
397,47836.75399,58355.7926,-10519.03861,49561.70898,45859.58907,3702.119902,156990.6226,48032.46261,108958.16,0.1889332278,3.241703292,0.6828662684,60.5478693,51.10462422,60.58782863,51.28928341
398,65854.96289,64602.20545,1252.757441,43922.85498,48681.18144,-4758.326458,115616.2274,48430.06384,67186.16354,0.7646028129,3.957137932,0.7834266266,34.45417201,11.43697897,35.0715346,11.88806754
399,54752.97333,55607.21616,-854.2428243,38908.46112,52201.87337,-13293.41225,148068.3173,64625.25471,83443.06263,0.1762186113,3.878572607,0.9278742902,69.16729338,61.55596897,69.34348338,61.55279377
400,274999.4942,53111.80811,221887.6861,156356.6004,63184.44307,93172.1573,196292.6922,46432.55392,149860.1382,0.9968051545,2.606906825,0.5095525373,46.86641832,5.280370524,47.42299652,4.453423596
401,920182.2211,56117.58622,864064.6349,742656.9704,52120.24436,690536.726,273010.6029,42210.46652,230800.1364,1.355731925,2.674842681,0.688079705,93.34186347,44.46097148,94.43251055,45.26626522
402,191822.6675,63138.41494,128684.2525,153477.9229,47614.57329,105863.3496,166875.75,54024.52856,112851.2214,2.508194243,1.518799741,0.8498730412,44.35220311,40.90381691,46.18441932,42.61671566
403,975835.1967,41427.91502,934407.2817,755372.3227,52559.35018,702812.9726,270779.0904,45476.65555,225302.4348,2.538877991,4.553070931,0.7029129958,97.45680655,30.12516784,99.6282306,31.4407738
404,57195.3306,52578.84351,4616.487093,43887.06181,45251.82302,-1364.761207,146379.7491,55614.91874,90764.8304,0.3657525904,2.538532227,0.8055850907,37.48267929,25.62753952,37.80129699,25.80714386
405,231668.9279,62927.24452,168741.6834,172625.504,50315.69134,122309.8126,200319.9707,41493.03519,158826.9355,0.3644322535,2.100958994,0.6609981335,19.36467415,61.7484437,19.69162416,61.58746371
406,651092.0744,63895.95767,587196.1167,771354.6704,54930.34574,716424.3247,295361.659,42100.37252,253261.2864,0.7665801826,1.894325834,0.822212957,40.66961867,35.391796,41.31429326,35.80657287
407,1107884.054,66290.92317,1041593.131,690125.3812,41994.38715,648130.9941,288296.0898,56459.37256,231836.7172,0.5863762257,2.913274133,0.6548895917,82.41072123,46.81961262,82.96363251,47.01487192
408,244210.5821,56736.76635,187473.8158,204304.5267,50932.71925,153371.8075,185996.7452,60766.04459,125230.7006,0.9539998038,5.413231597,0.9234287627,2.877731761,88.97440582,1.949604757,88.75373437
409,48549.34989,47295.12574,1254.224144,45716.01368,54517.35101,-8801.337321,168344.4818,47300.29075,121044.191,0.7237259509,6.812602106,0.6772674146,14.69070573,87.28658427,14.03387174,86.98269553
410,44655.29416,36456.43404,8198.860121,46538.69577,53629.626,-7090.930232,178647.7555,57743.07629,120904.6792,0.9655475882,4.420785158,0.8415459443,90.69689662,36.73383757,91.4039573,37.39136881
411,963164.8809,51619.42429,911545.4566,732495.5457,54498.57357,677996.9721,182233.3531,42996.16591,139237.1872,2.048935269,8.560478633,0.5911451691,68.60347535,16.39612491,68.38898865,18.4338028
412,51898.26102,67320.35443,-15422.09341,45676.42696,47097.88146,-1421.454503,123243.9027,57586.08676,65657.81594,0.7253163642,1.661719968,0.7719420405,91.22432299,28.55420366,91.57783908,29.18753628
413,52861.89477,47267.39438,5594.500388,40962.49207,41444.02459,-481.5325209,153013.5144,54073.83743,98939.67693,0.596488524,2.894176377,0.8299850449,98.96694505,99.87182357,99.56281397,99.84464288
414,1074779.976,64487.6086,1010292.368,758456.21,49771.90857,708684.3014,287348.5438,55063.47953,232285.0643,0.0621191501,3.786985289,0.8535684278,51.61067961,60.6906429,51.64900693,60.73952854
415,980891.0279,53716.4092,927174.6187,587330.8455,52628.72292,534702.1226,257292.5497,43493.44117,213799.1086,0.8723827477,2.396801899,0.8307220075,74.59687287,96.23851878,73.91430427,96.7817975
416,65429.5399,45101.74075,20327.79915,53561.44381,49165.70758,4395.736228,178154.5869,58688.95137,119465.6355,3.704955612,3.465839204,0.7782372587,8.901114959,72.16866901,7.816146946,75.71120207
417,152832.3284,66269.06019,86563.26821,223184.2489,67387.55477,155796.6941,220951.4271,55642.88601,165308.5411,1.40585608,4.06409728,0.768279293,77.36985064,88.0601907,77.67785644,86.68848965
418,161326.4721,54381.11573,106945.3564,159671.083,50497.73837,109173.3447,174463.7239,50599.87899,123863.8449,0.3571251359,3.525063373,0.6475295721,0.8831906104,80.41918947,1.212207654,80.2803149
419,226129.5941,53592.75054,172536.8435,172984.7878,51786.13022,121198.6576,228003.5098,51296.61494,176706.8948,0.7133805405,6.651801468,0.8236092639,81.65585162,92.55269878,82.35429066,92.69793893
420,283940.3461,60801.74698,223138.5991,142834.7106,49955.61084,92879.09978,232082.4394,53119.60603,178962.8334,0.6810680477,1.284661478,0.8399176248,98.48875398,59.81796451,98.12549934,60.39407192
421,51393.71635,38463.59381,12930.12254,49294.87519,55913.43834,-6618.563154,226582.7418,54701.14385,171881.598,0.4764013766,4.833061191,0.7712783239,97.2340496,63.16594277,97.67502591,63.34621525
422,815946.1818,41625.82831,774320.3535,601020.429,62421.9186,538598.5104,338348.6851,60071.53609,278277.149,0.1700831293,1.153388101,0.3872384994,19.96559697,58.71094207,20.06051792,58.85207422
423,210308.1314,56509.77756,153798.3538,187751.5638,60247.81797,127503.7459,203221.6103,42911.34063,160310.2697,0.7106611035,3.678097794,1,68.66150538,49.31801981,68.77399778,50.01972107
424,904703.1209,58316.27169,846386.8492,606685.2732,55553.52846,551131.7447,242005.1999,55015.32599,186989.8739,1.348961186,2.535211185,0.6995127409,34.18720955,61.09150968,34.78555749,62.30050762
425,166008.941,53572.4651,112436.4759,191460.9796,57756.17071,133704.8089,147446.1278,42212.60513,105233.5226,1.155583472,4.177064591,0.7791598953,5.436927695,52.2455891,6.282286474,51.45771748
426,853138.3453,54235.12858,798903.2167,841006.1422,50117.83927,790888.303,253881.6499,52512.20126,201369.4487,0.8678470256,2.796707257,0.7128526077,51.664132,20.65192207,52.42906165,21.06185022
427,800366.3251,56471.25355,743895.0715,605439.3818,46022.34249,559417.0393,251315.9744,45034.22622,206281.7481,0.7011225585,2.279566168,0.8180584287,31.89295385,27.45550021,32.48725539,27.82749284
428,60963.88174,62749.71049,-1785.828746,50543.79755,56260.56095,-5716.763401,167173.4394,45690.24219,121483.1972,1.523738968,1.374089971,0.8072942939,19.40475991,12.85346511,20.24758312,14.12288603
429,181483.3756,61458.46313,120024.9125,190471.1284,60642.95052,129828.1779,250017.1618,50691.49595,199325.6659,1.797036435,1.686401827,0.5644914588,19.94656391,99.71354439,20.21996007,101.4896622
430,186284.1754,41665.62857,144618.5468,140481.0283,44076.55105,96404.47724,234371.4444,51168.22048,183203.2239,0.466524493,7.863534549,0.8753230056,53.90872249,71.39603285,53.4562332,71.50960461
431,62833.48881,51746.28516,11087.20366,59851.48403,60603.54039,-752.0563575,91775.82953,45954.95658,45820.87295,0.5650787829,1.491789519,0.5946496264,38.0327276,62.37717772,38.36825282,62.83186097
432,57974.35639,58296.03252,-321.6761344,49541.56303,56141.89883,-6600.335794,135945.5307,48789.10972,87156.42097,2.024081041,1.910888962,0.7264433121,46.17746144,27.94014093,47.41560033,29.54136426
433,969993.3194,55463.74806,914529.5713,779260.8205,45704.6856,733556.1349,289772.3092,34386.44258,255385.8666,0.9649995446,3.122176527,0.5946882001,82.33318203,16.63348692,81.40224727,16.37935193
434,55857.6366,53967.39585,1890.240744,30092.31204,53864.41418,-23772.10214,127689.4806,44454.71095,83234.76965,0.1050026718,2.326490626,0.6468596781,91.27021155,37.22830275,91.34503969,37.30196624
435,687035.4655,64373.64636,622661.8192,590375.0703,38763.3628,551611.7075,348087.1187,52894.07801,295193.0407,0.7891869295,4.590884197,0.8207082571,56.99229414,90.722238,57.30470491,91.44695555
436,58710.51174,65255.99549,-6545.483749,54654.88009,54434.18781,220.69228,165186.0275,35650.85976,129535.1677,0.3879035039,1.82840686,0.7585349833,84.54048317,99.38186136,84.8319302,99.63784526
437,784620.4558,43390.9774,741229.4784,707327.4434,53036.4881,654290.9553,302655.2906,50316.62363,252338.667,0.3356456746,1.557900878,0.8382420333,10.64030848,19.44415906,10.68231805,19.77716539
438,46289.07612,47240.39191,-951.3157878,74853.93026,60504.38635,14349.54391,127608.0611,31904.37245,95703.68868,1.165604397,2.145310583,0.8729052695,15.00670402,33.01121863,16.16755419,33.11638745
439,103539.3531,45481.61416,58057.7389,158567.1307,65024.63066,93542.50004,176008.9399,52474.42118,123534.5187,0.7842673661,3.990482065,0.7797134323,37.86786043,19.58067228,37.93956968,20.36165441
440,995930.6414,47540.90856,948389.7328,823175.283,67048.4381,756126.845,291217.7938,37628.69017,253589.1036,1.054830916,3.324516541,0.5851304549,20.41468587,0.6562222214,21.03039368,1.512710495
441,76159.88723,53440.30602,22719.58121,58824.04119,58628.39716,195.6440298,142959.8867,44446.77439,98513.11232,0.3234413047,5.792342317,0.6537520417,0.3938455843,13.73426342,0.4515131165,13.41600451
442,204927.7476,62047.90195,142879.8457,186059.0523,36965.96723,149093.0851,229164.5299,55154.10424,174010.4257,1.398901767,4.459204794,0.7022753885,77.09036392,16.87633235,77.04868375,18.27461305
443,140449.0118,59405.39067,81043.62115,219302.2464,57189.04056,162113.2058,235112.5089,47726.16534,187386.3435,0.9052385374,2.91682052,0.7598178039,77.1089252,10.19729879,77.68590341,9.499765311
444,62037.06835,61400.14772,636.9206258,34202.18317,40774.337,-6572.153831,125933.5635,60597.94255,65335.62093,0.3764297044,4.872971603,0.912446755,44.94128443,99.01290011,45.31675134,99.03980592
445,855921.6724,56477.49183,799444.1806,774293.3221,54812.19649,719481.1256,345538.0353,57130.14143,288407.8938,2.140194183,2.286260955,0.8560182838,97.16583063,90.91737733,99.29653947,91.1186507
446,213789.9709,49317.55901,164472.4119,167087.3036,47511.23868,119576.065,261923.0516,52148.20667,209774.845,1.024243077,2.056495241,0.5868361323,0.1544276179,95.4469821,-0.7544228952,94.97468492
447,64153.12682,56011.4607,8141.666119,39872.22057,53917.47039,-14045.24982,137401.5026,54433.9861,82967.51645,1.428236326,1.678501235,0.5683281917,19.82869562,70.39660835,21.17645535,69.92395338
448,815529.6721,37684.13776,777845.5343,804062.3653,46624.78351,757437.5818,270118.1976,49362.63708,220755.5605,0.4693001396,2.970192578,0.5695618095,52.74950112,89.93173582,53.14260864,90.18807367
449,35440.97373,37942.29837,-2501.32464,42832.78265,53889.88071,-11057.09806,151803.0127,43503.96606,108299.0467,0.7335632146,4.795178062,0.6891058421,80.4487194,13.68462842,80.59562586,14.40333105
450,59171.44462,58421.46452,749.9800942,34370.65688,49449.78015,-15079.12327,84237.83553,36898.19291,47339.64261,0.9839883284,2.109575925,0.7245589897,84.88743091,67.13223275,85.53165334,67.87601396
451,158869.6342,36416.67443,122452.9598,186072.5659,51309.98337,134762.5826,158421.2768,55746.87672,102674.4001,0.8621285227,2.909329269,0.73798041,29.72597032,97.86687191,30.42319623,98.37396324
452,43917.58867,56224.05494,-12306.46627,56051.75961,52005.62809,4046.131518,157011.6422,44255.30385,112756.3384,1.434565159,1.10382171,0.8330434535,42.23719012,23.52165182,43.05326492,24.70148194
453,752525.6274,53684.80048,698840.8269,570682.5687,46654.07176,524028.4969,266877.6678,48468.54399,218409.1238,1.321378576,3.401188164,0.6050392039,39.96650227,79.00828163,40.29159554,80.28904535
454,760623.7781,51020.76558,709603.0125,730699.8691,55330.39353,675369.4756,320895.9405,51412.75399,269483.1866,0.8156375482,2.042593784,0.765255934,77.62096743,29.11220698,78.24563843,29.6366598
455,812835.9103,42365.0797,770470.8306,719037.2551,43612.16518,675425.0899,289860.2579,52699.97111,237160.2868,1.067425987,1.413073324,0.8784865665,12.82571588,97.91276629,13.52382577,98.72025673
456,70555.33749,62829.98275,7725.354742,50995.36066,46345.59311,4649.767553,141989.4329,49733.10817,92256.32469,2.002795415,3.647412447,0.7739021288,36.37859712,84.23002342,37.66319224,85.76657959
457,749160.2181,62157.03163,687003.1865,518212.682,50957.76097,467254.9211,284177.9098,50068.35325,234109.5566,0.4954200203,1.794779085,0.7645669567,46.68583421,83.69295362,47.14066952,83.88933549
458,693006.9055,50253.48922,642753.4163,720212.3434,47216.52763,672995.8158,315635.2152,51476.53281,264158.6824,0.7674129996,3.711363608,0.9264440786,13.39826775,56.83308672,13.3030529,57.59457004
459,59920.01344,65300.85444,-5380.841001,61121.06445,49598.45397,11522.61048,192961.6668,58381.96146,134579.7054,0.6761643506,2.325667703,0.6878900428,81.65242234,9.457171456,81.27201803,10.01618021
460,59277.95379,58921.61629,356.3374953,48071.85727,40779.64476,7292.212513,87744.66364,45824.85085,41919.81279,0.8810686081,3.07406289,0.8690941877,99.84835999,41.74771857,100.6707692,42.06382777
461,901961.4676,57007.54001,844953.9276,640388.9059,64635.29573,575753.6102,209653.5427,59886.76688,149766.7758,0.8358385138,3.758229707,0.7793325059,18.97948439,71.11534786,18.9832852,71.95117773
462,249541.9156,51745.99905,197795.9166,159716.8477,54069.34,105647.5077,206996.9052,59328.38385,147668.5213,0.09606494399,2.371256761,0.6651622973,38.35934847,97.4223166,38.44741531,97.46069244
463,848987.7412,62637.02908,786350.7122,801067.0138,51489.85405,749577.1598,295919.6971,55305.85062,240613.8465,1.14596286,3.332923393,0.7742988939,98.20156911,60.64061829,98.88684277,61.5591121
464,55725.22128,56586.76672,-861.5454395,31270.84545,53316.2544,-22045.40895,105070.0047,50539.37027,54530.63447,0.9090032918,3.441646169,0.6913771441,40.52004582,98.1703333,41.27519406,98.6763354
465,90443.17452,58396.1484,32047.02612,175508.7282,45568.08626,129940.6419,191938.5905,46627.20884,145311.3816,0.9270051069,3.790877736,0.828387542,82.79828007,74.32250571,83.71149964,74.48178058
466,75638.8545,70743.56292,4895.291582,54598.62159,53996.93558,601.686009,175169.5457,48564.40974,126605.136,1.393139291,2.465857362,0.717844952,82.75388304,34.76567577,84.03709804,35.30807447
467,849801.1405,65438.3547,784362.7859,631382.6496,49149.43087,582233.2188,268746.1943,52233.43921,216512.7551,0.6913115682,2.172029319,0.7373003546,51.17986741,96.43308859,51.43745177,97.07461956
468,733725.2645,49815.87415,683909.3903,719373.3467,45345.05682,674028.2899,269075.5428,44025.59025,225049.9525,1.563560321,3.000834017,0.6717086691,81.53026933,25.94820227,81.02835013,27.42901218
469,36780.04526,44920.72522,-8140.679958,59690.05557,51933.93865,7756.116923,158228.51,52382.5391,105845.9709,0.3599458028,1.56344539,0.8328684411,24.52926455,73.70659338,24.65580187,74.04356413
470,789487.8647,48582.34631,740905.5184,676023.0312,52355.54268,623667.4886,271875.8972,55066.28979,216809.6074,2.230078305,3.76705736,1,15.81636996,69.19671458,15.93542416,71.42361272
471,892465.4288,47127.92185,845337.507,791826.9835,39670.2822,752156.7013,283733.7601,49010.70599,234723.0541,0.5997721152,1.84650053,0.8389442402,46.06179987,12.82108614,46.60727515,13.07045195
472,218826.3415,46832.53297,171993.8085,181874.6686,49859.3064,132015.3622,173734.7614,44183.9141,129550.8473,0.7660745024,1.35951796,0.7454804901,36.13124148,73.83061432,36.81079311,74.18428046
473,176215.619,46302.9702,129912.6488,138895.6367,45505.29319,93390.3435,138132.576,49546.40574,88586.17027,1.095915597,2.227266166,0.8086915726,53.3862755,67.44789872,53.11076334,68.50861736
474,72444.89386,67809.52966,4635.364197,44711.08558,49780.72193,-5069.636354,69686.16503,57042.22186,12643.94318,0.5370080474,1.156783466,0.5788075785,39.16942205,62.57471559,39.54062564,62.96276912
475,53535.62105,57282.88627,-3747.265222,51569.10375,47791.97488,3777.128865,187674.8104,53846.65194,133828.1585,0.6424633818,2.295559255,0.7507078922,46.21893209,96.37655398,46.52481185,96.941529
476,50108.47033,53318.83061,-3210.360283,41220.83639,48174.4493,-6953.612907,134220.7128,62420.34701,71800.36584,0.3881413623,2.715876911,0.8963947903,47.78402516,91.9973363,48.13965446,92.15284037
477,48223.67619,56077.55836,-7853.88217,50924.29238,44570.63822,6353.654162,165969.488,54492.96227,111476.5257,0.1392923956,0.9157344506,1,5.342215045,55.50050315,5.405792517,55.62443973
478,914227.7505,50423.68451,863804.066,665694.874,47926.81473,617768.0593,220332.5579,42205.07674,178127.4812,1.220461106,3.03425442,0.7008180363,75.86051648,89.07913956,75.99426526,90.29224985
479,92085.43055,69475.79052,22609.64003,64099.5985,67862.16099,-3762.56249,106297.4754,54174.52804,52122.94731,1.030803179,2.477226109,0.5958075137,81.80303547,51.78135407,82.53699981,52.50512996
480,223025.4442,55765.46447,167259.9797,231789.296,55833.40785,175955.8881,281482.4755,50335.16584,231147.3096,0.644967293,3.758612101,0.8824324937,93.21965895,66.24668652,93.43928038,66.85310983
481,33238.31493,36575.09368,-3336.778744,37948.40401,48792.65949,-10844.25548,137655.7007,42389.00395,95266.69675,1.254000752,1.765599783,0.6639581263,83.90577597,51.15269717,84.90760259,51.90692613
482,949185.3564,52014.15297,897171.2034,591345.164,55078.24669,536266.9173,304009.9391,45745.46407,258264.475,0.4789131613,4.025738075,0.7421976089,46.88263771,6.402603389,47.32863901,6.228130865
483,56039.11374,47957.06436,8082.049376,31521.0747,43470.99142,-11949.91672,217620.9753,54791.68501,162829.2903,0.8893604383,3.081812557,0.9712159683,69.75535988,98.61404859,70.39235616,99.23469159
484,242393.1807,50336.90579,192056.2749,176627.893,42930.25561,133697.6374,233303.5942,47845.70548,185457.8887,0.9511315275,3.953125005,0.4767878338,12.55416135,2.38622124,13.07179742,3.18415863
485,702146.8038,59807.16573,642339.6381,633092.6813,60308.19943,572784.4819,355150.27,50568.68941,304581.5806,1.254304833,2.612413465,0.6770016428,72.79978946,48.20424707,73.0748346,49.42802433
486,198084.8399,57970.17413,140114.6658,210986.3361,49415.74553,161570.5906,169779.1109,51559.47575,118219.6352,0.5429641618,3.317818819,0.7937047832,12.02648291,43.91857348,12.50186462,43.65623342
487,947884.2297,47760.81966,900123.4101,779181.7306,48292.42712,730889.3035,286949.7732,49399.47931,237550.2939,0.3581516152,2.023793638,0.5182131827,6.568347422,74.63706771,6.762958299,74.93773228
488,242436.1438,49488.34055,192947.8032,257088.5416,64928.30504,192160.2366,202302.0109,51660.14104,150641.8698,1.116295559,1.926152567,0.6705575836,37.48507487,16.03318646,37.92834625,17.05769915
489,57237.14419,49956.28803,7280.856157,72836.40778,64000.61926,8835.788521,171303.7384,60566.8372,110736.9012,1.652623152,4.595517864,0.7129040504,10.66468706,15.32979445,11.53990225,16.73163669
490,53267.77678,45414.51331,7853.263473,50637.02123,52349.4343,-1712.413071,184707.1062,71762.11414,112944.9921,0.4680556098,2.268699028,0.7886996615,34.83747845,37.53185601,35.18315458,37.84742544
491,48315.74157,59104.5485,-10788.80693,51957.82158,44072.34308,7885.478503,117920.7449,61668.39314,56252.35178,0.8129405402,4.347131964,0.8264795699,50.08124852,27.1521702,50.59689287,27.7806471
492,46002.73534,50329.57944,-4326.844104,57756.84599,61709.17611,-3952.33012,144090.9243,30124.21437,113966.7099,0.6165719931,0.4662894907,0.7168289641,57.7662966,62.5161539,58.17463582,62.97812804
493,185386.1182,63682.89966,121703.2185,145474.7286,57023.98119,88450.74738,196574.9601,52773.60016,143801.36,1.52682909,1.474651395,0.9328646844,68.86993649,23.74790503,70.3958675,23.80026544
494,829982.208,34738.79911,795243.4088,837062.3785,51924.2454,785138.1331,193310.7133,53149.08352,140161.6298,0.3734782336,2.183641794,0.6558385537,86.8577013,54.70646083,87.23116524,54.70972917
495,164374.7356,51392.61018,112982.1255,160367.6798,58073.88241,102293.7974,261297.7979,46901.37269,214396.4252,0.423600896,1.903477953,0.6859129714,41.33571859,67.84142327,41.03345518,68.13819683
496,907109.8822,38604.1223,868505.7599,679014.6366,46151.11854,632863.518,281098.3807,55843.22257,225255.1582,0.4990038001,1.976823302,1,70.06852518,78.03321597,70.41927788,78.38814883
497,815227.3289,39514.70612,775712.6227,825427.386,47703.72604,777723.6599,303339.5169,42331.69236,261007.8245,0.5118338992,4.257870119,0.6821105409,4.25526972,98.93273748,4.398761849,99.42404588
498,853899.0177,62365.65527,791533.3624,679752.8894,47722.95731,632029.9321,272055.666,42700.24798,229355.4181,1.055268201,2.424729572,0.8250732843,82.34641475,77.74001292,83.21835062,78.33441919
499,61084.03418,60007.49983,1076.534341,74095.19798,59029.22253,15065.97545,189938.5565,53191.99886,136746.5576,0.134415095,1.611394106,0.8089878346,71.36863061,76.3420784,71.3907643,76.47465863
500,209197.4633,67614.04335,141583.4199,96760.40107,54380.86169,42379.53938,125254.7428,37319.49416,87935.24867,0.3987601734,2.349737577,0.6206742846,47.35450656,91.66806919,47.36257572,92.06674771
501,1024439.894,63862.44833,960577.4455,805595.2401,51591.88564,754003.3545,255243.5963,55269.25559,199974.3407,0.9065771,3.547718302,0.9722851508,25.53982435,47.40566624,25.63467094,46.50406424
502,40879.35259,54597.28675,-13717.93416,43739.46187,60469.00854,-16729.54668,32526.64053,43258.07602,-10731.43549,0.4390078639,1.85474732,0.7254014744,69.48319748,98.41355762,69.88162425,98.59790517
503,222033.4245,49859.91816,172173.5063,180098.0516,60807.34576,119290.7059,160640.7315,46494.34102,114146.3905,1.209719753,5.160416937,0.9537726315,95.63710671,45.13386313,96.09933002,46.25179492
504,195211.2187,67721.92365,127489.2951,190317.1833,55414.28312,134902.9002,100974.4936,45248.55857,55725.935,0.6194442997,6.6185132,0.7026909349,29.41308112,92.36971724,29.98120526,92.61659009
505,790409.5961,52320.35964,738089.2364,724298.9684,55712.36099,668586.6074,198916.042,46626.28448,152289.7575,1.537591413,4.341807735,0.7345748853,94.63996198,89.62126711,94.00760626,91.02280684
506,751198.4679,55745.4914,695452.9765,841398.7363,48643.36404,792755.3723,311586.1881,61336.42906,250249.759,0.9536619292,4.170645815,0.651753825,22.5604613,99.43023329,22.61641707,100.3822522
507,124397.3639,32666.60926,91730.75462,152728.0216,38505.40979,114222.6118,215349.5659,60187.45009,155162.1158,1.531493336,3.325239275,0.8105227488,8.358550763,55.58408139,8.428194002,57.11399043
508,1023867.306,54849.04626,969018.2601,853315.0246,48226.00862,805089.016,281762.1462,57501.30052,224260.8457,1.013357352,1.775050127,0.6044372663,19.43416505,8.552746458,20.44731001,8.532000247
509,50952.63662,63414.53334,-12461.89671,49388.62967,54015.05822,-4626.428545,160482.1351,47763.34622,112718.7889,0.8494137618,1.913157638,0.8772815119,79.82227514,27.635166,80.61711323,27.93472593
510,934468.2522,59383.09095,875085.1612,920690.5526,47231.98149,873458.5712,324097.1664,49483.07385,274614.0925,1.634462516,4.007021147,0.8413346839,55.06107638,52.92543121,56.44515532,53.79479489
511,220084.6302,48347.14831,171737.4819,87656.42151,44986.86386,42669.55766,212271.1468,57272.93696,154998.2099,2.348058971,2.112227768,0.6524873991,83.34579188,76.19481907,84.97192673,77.88865093
512,73904.58102,68964.40487,4940.176143,44114.24274,55289.69004,-11175.4473,171360.6328,42602.68017,128757.9526,0.6619569562,1.528370706,0.7128349159,89.43576057,22.36281716,90.09770552,22.3668044
513,67152.3218,58739.94615,8412.37565,29536.61754,44166.13843,-14629.5209,108422.2069,38363.16931,70059.0376,1.877480423,4.243313394,0.6950401152,4.366197109,0.6021056222,5.912645385,-0.4625212925
514,63120.79771,68582.26046,-5461.462749,43368.09958,49809.93332,-6441.833741,136404.2523,45747.28519,90656.9671,0.1498473786,1.213534714,0.696423767,81.91512718,35.25458903,81.99545818,35.38108476
515,51368.04447,56175.74576,-4807.701296,44929.44205,49253.69687,-4324.254821,122909.136,28654.51284,94254.62319,1.039510223,2.955480368,0.8612423113,48.46862454,53.47892418,49.37174597,53.99366021
516,239710.3261,60809.28779,178901.0384,194924.8131,49925.47033,144999.3428,185918.1136,39837.60751,146080.5061,3.411889007,4.831182935,0.7309989999,12.60243676,28.71803754,14.42829462,31.60026405
517,685492.1352,61771.2725,623720.8627,705953.0236,57736.5418,648216.4818,302598.0046,56798.97682,245799.0278,0.1654357926,3.352633283,1,82.9375067,91.89375804,83.09892209,91.93000822
518,786072.3982,56868.53684,729203.8614,678658.8433,45092.67912,633566.1642,247216.771,44577.85338,202638.9177,0.9380833674,2.621971067,0.5847017784,95.9367171,49.36068485,96.36204962,48.52456724
519,126597.0477,60978.54816,65618.49957,136186.4384,54000.94632,82185.49208,154601.6956,52594.51755,102007.1781,1.8060213,1.189207814,0.8453061779,55.84115821,62.80224999,57.59903503,63.21647461
520,150184.2402,40245.99586,109938.2443,200781.8367,52235.23931,148546.5974,140298.6554,44892.15062,95406.50477,1.245311302,3.506232719,0.705270234,11.9844763,53.3991956,11.58212075,54.57771597
521,56606.42253,53172.51915,3433.903377,33718.844,50813.43179,-17094.58778,127973.7091,45639.35784,82334.35124,0.9980758463,1.673849215,0.7954862879,26.73873577,40.55516501,26.01630569,41.24382325
522,785701.8474,70793.22478,714908.6226,620015.951,52570.13413,567445.8169,218129.7505,38019.50407,180110.2464,1.200529701,1.019845843,0.7715566279,86.069614,86.27653297,87.22014006,86.61940515
523,1073698.799,52845.98155,1020852.817,744723.9984,47337.93823,697386.0602,278753.1025,57268.76069,221484.3418,1.027395421,2.148899091,0.8978094725,46.35438878,1.573465093,47.37288073,1.70842991
524,176366.9803,51218.32771,125148.6526,206971.2586,59170.93214,147800.3265,217386.1261,55847.26807,161538.858,1.41673145,2.512313612,0.8866177926,35.58970213,92.65519378,36.76361712,93.44832152
525,240113.591,66465.2024,173648.3886,107490.6745,41954.17869,65536.49579,245549.3515,58318.75744,187230.5941,0.5809938896,1.070930048,0.6110646343,71.12432776,99.42264197,71.49305144,99.87163724
526,179327.334,42568.02724,136759.3068,122196.3506,57146.38513,65049.96545,215352.0682,32258.89841,183093.1698,1.86312516,2.803758442,0.6083849719,98.33509149,73.61037847,99.63179486,74.94821095
527,996297.5838,45678.34536,950619.2384,784123.5596,54509.3616,729614.198,295397.6455,62840.29416,232557.3513,0.5106527124,3.294909602,0.8077982021,21.24540125,63.14557819,21.75198835,63.0812688
528,758735.0271,57497.60335,701237.4238,557838.9366,37395.53491,520443.4017,312628.6635,47571.07791,265057.5856,0.7656872675,2.505793425,0.81303716,85.58739943,39.50091089,85.8526412,40.21918924
529,859275.7465,40879.73417,818396.0124,904555.5044,57044.69534,847510.8091,306960.2022,42898.84864,264061.3536,2.822114536,1.075167897,0.7462798414,29.81345924,14.80134305,30.81002857,17.44164228
530,200619.8254,58293.94927,142325.8762,153954.4833,52112.97819,101841.5051,174486.4643,52892.76584,121593.6985,0.5216374006,2.768220149,0.7057462574,56.37488165,96.6306528,56.89644902,96.63919979
531,998818.756,55066.37905,943752.377,899038.3292,55808.38336,843229.9459,333562.4135,46440.00711,287122.4064,1.867086574,1.725579381,0.7840404072,16.84742154,58.17091708,18.37398977,59.24590624
532,209064.1177,53247.67924,155816.4384,117279.182,36749.06129,80530.12068,206155.4707,40285.0149,165870.4558,0.6948062756,1.492600265,0.7498413355,29.22366551,41.04500152,28.76514178,41.5670281
533,176237.7693,54500.80853,121736.9608,174138.9662,53100.08552,121038.8807,231903.8501,47723.13341,184180.7167,0.4983039658,5.087990002,0.8379090048,16.7536347,86.14233768,17.18885531,86.38501002
534,857724.4391,58712.25559,799012.1835,884051.5108,49177.87258,834873.6382,247588.6401,66257.0462,181331.5939,1.737467617,1.526162958,0.6980845045,27.09927198,24.73681332,27.23486239,26.46898218
535,963518.3726,50982.89526,912535.4774,670589.4009,55375.49266,615213.9083,293645.242,47613.745,246031.497,0.6108505601,4.25528952,0.7890724069,65.12853226,62.59317852,65.70925353,62.78265469
536,811110.6494,64045.28869,747065.3608,753967.6344,42389.56534,711578.069,259573.089,48103.56867,211469.5203,0.3567182973,4.714861713,0.955609298,28.58845029,17.44737937,28.82719425,17.71242516
537,192950.699,56565.1031,136385.5959,209469.1611,44115.79,165353.3711,182869.9931,55097.53949,127772.4536,3.304022231,4.394620978,0.7629357744,90.18001037,64.55818353,93.48243847,64.66080678
538,246451.5182,56089.26042,190362.2578,114438.7198,44068.06467,70370.6551,183580.0738,50324.39551,133255.6783,1.227855992,1.318697105,0.7804157156,87.24509861,78.49593161,88.3536347,79.023926
539,165362.0573,60858.3343,104503.723,184044.0925,54898.20219,129145.8903,95605.33133,46890.15404,48715.17729,1.492826415,3.400432607,0.6702873029,21.6718483,57.31849104,23.13419517,57.01837053
540,741696.7113,71647.37103,670049.3403,925883.3002,71841.71703,854041.5832,325836.9632,42065.19233,283771.7709,1.868821507,3.141924272,0.84134304,99.44135586,97.1310906,99.39957508,98.99944501
541,864452.6029,42998.87241,821453.7305,596941.8223,56983.23732,539958.5849,304016.2006,42717.51006,261298.6905,1.503999798,2.819126034,0.580353325,94.54835941,43.68103915,93.34347858,42.78088495
542,166969.948,57751.43747,109218.5105,158207.6096,56790.4333,101417.1763,194967.2949,49362.32903,145604.9658,1.546159568,4.279415445,0.7264601958,93.05888488,77.96394095,94.26493616,78.93143758
543,737700.3407,64462.44496,673237.8957,675507.2095,51019.08641,624488.1231,293406.5136,53418.46793,239988.0457,0.6252086302,3.189056532,0.9101209544,70.16046515,44.57320071,70.6714411,44.93346367
544,45773.39246,46840.35191,-1066.959447,38455.20571,51399.32223,-12944.11653,126725.9901,43673.27837,83052.71177,0.6111458234,1.777172333,0.7460507405,72.76161672,33.21738734,73.35638453,33.07685097
545,197330.8733,81543.51932,115787.354,186179.6356,58811.61935,127368.0162,232140.2872,42898.73791,189241.5493,2.744461437,2.538698614,0.7914715007,92.1677162,28.70939191,94.77776655,29.55774664
546,69830.64804,60110.33686,9720.311174,47232.9381,46724.64923,508.2888734,122503.6773,50567.23166,71936.44563,0.7890031032,4.178249252,0.8407771662,50.03493884,54.08273999,49.82986253,54.84462555
547,749178.5231,64347.91934,684830.6037,673875.1069,44824.40305,629050.7038,272133.6027,49253.19021,222880.4125,1.230333242,3.214579463,0.7710618201,66.51281278,40.61120224,67.40575224,41.457594
548,187767.3151,48002.40612,139764.909,176977.6896,51787.40577,125190.2838,262675.1697,43230.69759,219444.4721,0.47395389,2.866950558,0.8174715161,54.1326301,91.7682792,54.57027819,91.95020345
549,759962.663,55115.41634,704847.2467,816961.3373,37631.78843,779329.5489,197286.033,48951.39792,148334.6351,1.129166061,7.508608348,0.4671307234,17.08713608,6.53925124,18.12953972,6.973314201
550,1015443.76,58789.87628,956653.8832,677286.8865,60980.10207,616306.7845,252725.6414,58325.23759,194400.4038,0.6652208312,3.958305974,0.7830508728,70.50903917,66.44456958,71.15082135,66.6195964
551,234411.4835,57222.12511,177189.3584,135503.8605,64193.5204,71310.3401,214610.1645,38381.6184,176228.5461,0.5761928693,4.24026428,0.6148923067,65.9330317,32.79500148,65.36674087,32.68863926
552,52725.17383,69330.53287,-16605.35904,51060.5042,54658.42325,-3597.91905,102249.8204,43181.19432,59068.62609,0.414141739,2.642128133,0.6324827609,35.00890776,23.60984543,35.29453056,23.90973374
553,206196.7612,55767.58633,150429.1748,140736.629,57308.93685,83427.69213,176959.1485,44344.41211,132614.7364,1.353159522,4.778202448,0.7888139205,24.6662102,79.67742393,24.48455699,81.01833511
554,466365.8173,62517.53402,403848.2833,680558.8431,50308.10855,630250.7345,273039.6668,54223.0271,218816.6397,1.598488075,1.498764,0.8232185294,63.15750626,74.20667493,64.75553943,74.24480775
555,913543.7262,65015.39938,848528.3268,726682.613,60230.58692,666452.026,276683.1,45569.87866,231113.2214,0.6632983944,7.643434778,0.7785062387,17.20443671,36.49677262,17.68898219,36.9497411
556,203796.9825,63511.91385,140285.0686,164228.4701,55319.24126,108909.2289,181997.6912,42932.48741,139065.2038,0.8461478777,4.787673486,0.7779344489,37.90288847,4.437616116,37.48269866,5.172059271
557,875210.1821,58734.57596,816475.6062,988263.1527,48993.20598,939269.9468,280078.0227,52513.27461,227564.7481,1.050611866,3.799546193,0.8560795449,29.74104236,79.09616062,30.2204352,80.03102307
558,810754.6442,63945.45151,746809.1927,590072.9779,56913.85302,533159.1249,311726.0481,42997.55787,268728.4902,0.516233356,2.749984215,0.5985300477,93.15774794,26.16948687,93.63219922,26.37293923
559,132407.3349,38027.24119,94380.09368,155846.788,46371.29366,109475.4943,275316.6407,63670.81158,211645.8292,1.694641789,1.672698477,0.7233823367,4.001461178,55.91990057,5.606807163,56.46274038
560,714107.0016,57833.15538,656273.8462,650925.9414,41545.43136,609380.5101,368929.4243,39032.70896,329896.7154,2.510579309,1.661385253,0.6955410107,79.06191885,56.33397184,80.62391323,54.36847393
561,51235.30703,61006.97318,-9771.666148,37327.93706,56020.84844,-18692.91138,105521.0455,54357.99284,51163.05269,2.002361148,1.400124078,0.7285309751,98.18555459,5.053763214,100.1426156,4.630251341
562,212690.427,47336.11946,165354.3076,188378.2453,43611.5356,144766.7097,223790.2315,61083.77144,162706.4601,0.7326879301,2.834060337,0.920641742,12.00409283,92.15640338,12.64724735,92.50737898
563,48525.44112,58403.85616,-9878.415042,37333.10804,49481.71388,-12148.60584,34199.29137,56088.53698,-21889.24561,0.9448010021,2.986035401,0.9061556595,33.85570502,52.59876687,34.77441517,52.81926764
564,833415.0606,47198.75775,786216.3028,751541.1474,49785.68069,701755.4667,301717.8209,60064.07964,241653.7413,2.422302741,2.577791048,0.8324561187,52.68583783,37.31372202,50.91246591,38.96378341
565,1014497.248,66368.64643,948128.6014,770553.353,51838.16812,718715.1849,292509.4992,49204.77094,243304.7282,3.538591952,2.852701281,0.6741818506,72.82665123,18.39718208,74.55657441,21.48408973
566,55743.45451,61019.18507,-5275.730562,46671.59716,44071.84652,2599.750643,103814.3192,64836.71026,38977.60899,0.9934952723,2.30699416,0.7757499973,50.30240451,26.14421245,50.84740499,26.97487925
567,135206.8343,56399.56047,78807.27379,168119.9091,57219.64406,110900.265,264519.4007,50134.86766,214384.5331,2.656913816,3.404843195,0.6388497037,67.56867667,10.72698434,70.16082865,10.14394133
568,47600.32677,61000.87743,-13400.55066,44469.86358,49389.36429,-4919.500711,158782.9012,42480.19888,116302.7023,0.6846586508,3.187446356,0.5707316412,15.26036981,54.96501436,15.5411707,55.58944076
569,750229.4049,48221.82799,702007.5769,706368.1901,49682.91115,656685.279,294462.4891,47702.54231,246759.9468,0.69405547,1.761770775,0.6878883849,75.04768066,10.20774804,75.60127497,10.62637237
570,48214.89834,53803.44435,-5588.546017,53597.60639,56688.06504,-3090.458645,185987.6173,59601.83381,126385.7835,1.945118848,5.190655941,1,83.03953452,47.01502292,84.4342122,45.65916102
571,45135.43812,54854.17871,-9718.740581,44663.30813,47220.31003,-2557.0019,124976.0235,49468.74905,75507.27449,1.831949642,3.526078694,0.5957312586,38.09368574,59.1654988,39.87265532,58.72811256
572,861382.6161,48990.64495,812391.9711,672852.765,45956.51175,626896.2532,280647.4489,59685.31931,220962.1296,0.2657308451,2.594713579,0.774262066,77.34210103,98.23410498,77.54436109,98.40645274
573,779058.1355,48038.08555,731020.05,622650.4068,62861.98689,559788.4199,219037.0132,57035.90024,162001.113,1.466543193,2.158850052,0.8599179285,34.21812441,20.31250575,35.65134445,20.62335821
574,872033.964,44340.13023,827693.8338,846020.0296,46606.19111,799413.8385,234648.622,43611.53229,191037.0897,0.642382147,2.882972062,0.7556994851,10.73017635,8.344929515,10.10488989,8.197716536
575,903681.9017,50416.75413,853265.1476,739140.8212,57406.90108,681733.9201,396701.6514,48009.34134,348692.3101,0.8844512853,1.646321891,0.7433336394,79.6600116,84.50236652,80.45878133,84.88213091
576,1019304.452,56277.67442,963026.7779,761913.8826,52186.92782,709726.9548,301639.3443,50404.46271,251234.8816,0.557687058,1.415998901,0.7400430372,16.97152268,81.91239547,17.45908409,82.18313285
577,185262.9034,71183.50584,114079.3975,189399.3144,53039.322,136359.9924,188607.9454,52166.50622,136441.4392,0.8016168834,2.652576855,0.9367367308,2.986318282,39.39899265,3.452699601,40.05097278
578,609930.538,50265.46993,559665.0681,770270.6474,40984.70325,729285.9442,243568.8477,51007.52907,192561.3186,0.9060955879,1.576990508,0.8232973183,17.37185372,29.69936701,17.84668916,30.47107973
579,236878.9921,66166.13283,170712.8592,191380.3947,49025.08658,142355.3081,174037.5841,46824.67752,127212.9066,0.4241491049,1.353206249,0.7101165192,68.08073805,15.77751892,68.3453536,16.10900206
580,765060.3395,46571.71643,718488.6231,738811.2486,50222.0073,688589.2413,256361.3737,52568.11136,203793.2623,2.924392169,2.120234267,1,67.37076573,26.50213891,70.2948365,26.54549427
581,204438.8008,70592.82751,133845.9733,135833.1984,58134.44539,77698.75301,268182.0032,62724.39691,205457.6063,0.6675043944,1.138760556,0.8596404259,36.94825837,70.79248776,36.75712703,71.43204302
582,486036.7329,52168.8164,433867.9165,672695.8188,60540.12036,612155.6984,312509.2497,45551.88302,266957.3667,0.9317775601,2.900258554,0.9110434882,69.67823685,14.84444699,69.99023693,15.72243638
583,719025.7969,72744.21053,646281.5864,775290.151,55697.33631,719592.8147,301136.9799,44695.09203,256441.8878,0.6958106707,1.16930717,0.5444146537,7.518529339,12.95928129,7.703812623,13.62996944
584,863701.9944,44394.58427,819307.4101,538481.6701,56448.85402,482032.816,226691.4973,44522.12014,182169.3771,0.5086712299,1.396696184,0.8190900881,52.3303954,47.11594001,52.51988577,47.58799914
585,67250.02547,67495.11377,-245.088299,47078.54224,52613.63194,-5535.089696,129368.3515,51630.07716,77738.27431,1.159198619,3.940501411,0.8333478167,27.15095243,86.77671374,27.69114434,87.80235215
586,170164.4433,53940.18546,116224.2579,181905.6903,49004.72702,132900.9633,190946.3445,51900.63101,139045.7135,1.002613558,2.090307986,0.8529775139,18.06993734,4.829592716,19.00052976,4.456455065
587,203889.3768,62712.43534,141176.9415,170339.842,47919.60094,122420.2411,188224.8912,56614.99918,131609.892,0.5062014812,3.142820168,0.6296083939,22.11405119,58.83861771,21.80023972,59.23581073
588,869393.3145,57534.75716,811858.5573,562227.9957,66202.48977,496025.5059,326637.6329,39616.08231,287021.5506,1.34881031,2.580851894,0.7090606714,74.63364793,15.98590369,75.17953434,17.2193125
589,116771.7223,56665.25241,60106.46988,190946.8462,57619.22475,133327.6214,189657.0992,30993.30749,158663.7917,0.4092655371,1.469565442,0.9405672239,25.70667572,28.14508002,26.11592591,28.14862491
590,28245.71575,54582.48877,-26336.77302,36365.75047,53744.23299,-17378.48251,142189.9501,46300.91626,95889.03388,0.4122269248,3.953310113,0.5959781736,75.6648679,30.5143464,76.07139679,30.58264938
591,809143.1682,46118.32579,763024.8424,788575.1264,43583.14354,744991.9829,245635.3578,52058.79136,193576.5664,1.212527037,3.009571304,0.795039325,26.41901261,38.97495942,27.63151942,38.98196282
592,229935.9512,60110.00391,169825.9472,197095.9771,56777.13362,140318.8435,240290.4874,50898.70457,189391.7828,0.4836617806,1.687191844,0.5033125006,97.30361472,79.63360007,96.95064086,79.30293685
593,858821.4714,58229.51118,800591.9602,673063.3052,53330.11399,619733.1912,274498.3596,51144.88468,223353.4749,0.4627268048,2.171228838,0.7358128412,77.47938516,34.72827329,77.08229305,34.49071497
594,35771.94603,48818.1905,-13046.24447,51380.30315,46885.62463,4494.678519,117742.5983,59444.57672,58298.02157,2.290946189,2.852904934,0.7878111933,37.03526637,61.0708157,38.72297975,62.62002775
595,182927.7895,63191.75397,119736.0356,136986.8488,52433.38006,84553.46877,199450.9275,39987.61273,159463.3148,0.3502273754,1.74277214,0.8489812758,37.17624783,35.70485913,37.50032933,35.83763863
596,779108.5965,66639.44677,712469.1497,546601.1503,58789.78791,487811.3624,236565.5921,45407.78534,191157.8068,1.331362658,1.547484777,0.9039326378,67.55217123,22.99624459,68.87365083,22.83432428
597,916107.167,66657.11128,849450.0557,726836.1797,54953.08276,671883.097,293424.7069,56939.63326,236485.0737,1.5368807,2.750553993,0.8177798642,7.146007594,56.66778926,8.449735124,57.48160546
598,850919.1038,48685.63736,802233.4665,853587.1414,55657.45288,797929.6885,303993.5677,46155.9525,257837.6152,0.1693189902,2.554618123,0.7952172253,36.63792584,74.74535021,36.46861641,74.74355122
599,246974.6409,59806.96117,187167.6797,132482.3106,54472.70755,78009.60306,206109.352,49656.97789,156452.3741,0.7178616621,2.067928346,0.9796993334,34.36861231,43.14878273,34.04219766,42.50942458
600,886582.922,59460.30393,827122.618,890992.2418,60201.48691,830790.7549,227308.9331,54843.08058,172465.8525,0.7146421666,1.455037613,0.9608542899,54.68228209,90.62839929,55.39419686,90.56602306
601,846646.8788,51794.41955,794852.4592,703347.0982,49034.35446,654312.7437,215473.3398,47392.68784,168080.6519,1.478796211,2.136607098,0.622337374,84.34901413,32.66267536,85.15297722,33.90383675
602,34828.95794,35045.57131,-216.6133728,34728.23778,46785.333,-12057.09522,87703.86662,49495.08512,38208.7815,0.9438920166,3.255812978,0.7997865784,99.60399759,54.00913663,100.0702306,54.829843
603,52148.73489,56423.30549,-4274.570594,42045.04075,46660.42827,-4615.387518,23912.94414,45926.78888,-22013.84474,0.7073275357,2.041261755,0.7826132419,34.74721074,35.46459202,35.26068985,35.95106036
604,1048317.474,39053.7208,1009263.754,854791.2594,53006.91819,801784.3412,239004.8332,53623.48458,185381.3486,0.5600682717,7.51620978,0.673728123,20.42848774,21.82451139,20.85591941,22.18642109
605,35434.91564,42959.66367,-7524.74803,30904.52048,41181.30443,-10276.78395,200501.7335,37536.67203,162965.0615,0.4867427059,3.675612153,0.8742401929,26.20978822,54.29427189,26.671239,54.44913193
606,249245.8779,54321.74688,194924.131,224414.8757,44735.00647,179679.8693,188092.3028,57970.67844,130121.6244,0.9431853111,3.963139263,0.8217291008,97.26603773,41.45099908,97.51563577,42.36055906
607,154811.1123,46668.18398,108142.9283,205309.0649,53498.08098,151810.984,292180.9841,58008.45829,234172.5258,0.4018783673,3.357934597,0.6764245723,33.65898572,34.18733963,33.59317714,34.58379323
608,954771.2863,62412.1214,892359.1649,710781.3607,52696.22086,658085.1399,268057.4326,34684.23908,233373.1936,0.9500481821,1.396244143,0.7887115934,83.76860726,92.48586289,84.69361679,92.70253988
609,207781.4256,57725.56356,150055.862,125310.2183,43972.65032,81337.56798,217673.338,57074.5654,160598.7726,1.675231731,1.800822365,0.772648339,67.55549299,40.39409648,69.08674051,41.0735686
610,63399.63297,56150.52723,7249.105741,39419.75723,54606.31578,-15186.55855,165784.0893,42914.5251,122869.5642,3.716599625,2.894124909,0.7550041609,33.60340152,33.57941291,35.83557204,36.55103327
611,47278.56306,53299.01117,-6020.448112,43998.11374,50042.24499,-6044.131255,102992.5451,48839.3354,54153.20972,0.8756771589,3.524062642,0.9429645332,56.26048172,0.9644294188,57.07398871,0.6403663458
612,49228.06387,48285.8278,942.2360662,26350.93891,45789.30973,-19438.37082,119354.3766,53687.5862,65666.79042,1.188886976,3.98032306,0.6934797709,99.16293561,67.89700418,100.2871249,68.28385133
613,65080.08193,62015.91219,3064.169739,51551.49949,49993.42076,1558.078728,41013.91358,40396.60824,617.3053415,0.4521111827,2.567047197,0.8420891932,91.92137366,0.09356341002,92.34816305,0.2427456415
614,172650.0773,59697.86826,112952.2091,134548.1266,50142.29636,84405.83023,211172.5965,45966.46852,165206.128,1.643086615,2.35208458,0.8041536726,73.1056895,96.29807422,74.46995627,97.21377605
615,52637.96918,61489.63375,-8851.664572,44418.17124,51333.79799,-6915.626744,42450.92438,43953.85522,-1502.930835,0.4858573465,2.673643849,1,45.6275727,10.98907964,45.61794763,11.47484164
616,43290.20659,53692.30108,-10402.09449,67468.77367,55303.38844,12165.38523,147196.5133,44850.36889,102346.1444,1.252185595,1.175778568,0.8106776226,95.90471879,96.60583363,96.56228584,97.67146693
617,996012.8877,59334.27545,936678.6122,676287.8375,51076.37619,625211.4613,248449.8848,58321.60251,190128.2823,1.972106741,5.336623091,0.9005354868,91.40881513,64.59333571,93.21657828,65.38149649
618,817017.6353,51448.68902,765568.9462,753275.0409,59656.61341,693618.4275,313410.8962,50060.18314,263350.713,0.7598402468,4.474682786,0.8570677111,84.02354999,15.91133646,84.70219474,16.25309442
619,217250.1859,62401.41057,154848.7754,266353.6804,43928.65562,222425.0248,196591.5761,43206.93005,153384.646,0.7453208626,2.353186085,0.5968303923,76.80574658,81.87592913,77.49912361,82.14929975
620,64427.34718,60674.00185,3753.345332,51852.81507,63191.38714,-11338.57207,167209.8114,51763.97072,115445.8407,0.3632587507,5.667073928,0.7668039225,80.55931745,97.19984748,80.81381258,97.45905616
621,227440.7586,65463.61811,161977.1404,220181.6695,54601.59082,165580.0787,204850.6919,41388.93656,163461.7554,0.5628672646,2.957321265,0.6257427338,58.90062676,85.78354208,59.37639103,86.08432093
622,827987.0677,58735.38383,769251.6839,623139.0427,54334.1366,568804.9061,231431.6857,49051.16139,182380.5243,0.6438585264,3.005566598,1,74.29745679,9.270664799,74.69633495,9.776085432
623,42393.75444,42011.94997,381.8044711,52059.49742,55982.84411,-3923.346683,194360.6985,44978.56028,149382.1382,2.176336848,1.946737905,0.7606928511,4.495893536,87.64975782,6.254896508,86.36821554
624,926336.1871,69590.61753,856745.5696,693590.1699,51818.7225,641771.4474,275387.5369,47649.71245,227737.8244,0.2782676489,3.899157698,0.563100747,34.02020992,10.40879624,33.92669454,10.67087974
625,158335.1773,51838.52913,106496.6481,136627.4734,55381.06424,81246.40911,233415.1791,58379.01234,175036.1668,0.6043742985,3.390296693,0.8649270659,81.47786559,53.27069428,81.94324033,53.65630373
626,162656.4907,48245.8558,114410.6349,207633.5242,48699.58466,158933.9395,267308.7677,55936.8082,211371.9595,0.371111689,1.928095198,0.6893073697,0.6037750143,90.91544589,0.2585825631,90.77918857
627,964759.9161,65779.31397,898980.6021,705880.5586,48199.95594,657680.6027,283467.7091,52367.20796,231100.5012,1.236044316,1.382135611,0.8892367956,44.11955049,21.58745277,45.07777885,22.36822416
628,57148.20744,65180.66671,-8032.459267,67444.35857,58548.61667,8895.7419,92462.8674,55454.65335,37008.21405,4.631894683,2.266473802,0.5898678462,13.81043322,93.58868393,13.66710197,98.21836044
629,244974.4829,62008.761,182965.7219,200208.7623,47524.55351,152684.2087,243716.7399,58693.77347,185022.9664,1.011368987,3.017682138,0.7976426271,87.10794585,88.28567622,88.03392746,88.69240129
630,242456.982,48430.07512,194026.9069,82735.04092,44957.98574,37777.05518,235278.001,43463.16079,191814.8402,0.8574061974,2.790364476,0.8995866418,8.870977491,76.62874098,9.193896523,77.42301341
631,71154.92236,47881.27533,23273.64703,55858.14201,56380.78489,-522.6428793,25334.33898,53662.29908,-28327.9601,2.207757369,5.528234472,0.7270093758,96.98819208,18.06449332,98.58568324,19.58837475
632,756252.0895,55879.16131,700372.9282,629249.5257,47550.69594,581698.8298,268470.524,54448.80898,214021.715,0.901064761,2.228286698,0.9127926876,64.72290145,4.926654469,65.2449616,5.661073223
633,29521.11465,44698.11166,-15176.99701,46450.87957,58862.916,-12412.03644,116140.6473,57262.14298,58878.5043,2.145110636,7.197479316,0.4135613716,52.62532773,85.36987134,54.69684379,85.92693583
634,58196.1886,62761.3012,-4565.112598,36922.50483,55052.32787,-18129.82304,135132.8277,52457.67315,82675.15458,0.5623498549,1.433221375,0.8576335416,59.82258412,25.07611093,59.77300467,25.63627094
635,832698.2661,61805.69325,770892.5729,861279.3702,46827.37678,814451.9934,257811.0149,44999.75413,212811.2607,0.1680468258,3.331019891,0.7448097099,42.65923782,7.899992068,42.7787218,7.781825596
636,210522.7197,48258.23326,162264.4865,147370.9093,55347.92701,92022.98228,201020.3748,40744.70376,160275.671,0.9980319881,3.383832068,0.8141999629,30.13984375,33.98017908,31.05411622,33.57996202
637,770311.3411,57330.7243,712980.6168,829438.6254,64215.21116,765223.4142,302782.2606,53712.24566,249070.015,0.9502557766,3.380221323,0.752053891,62.15657573,24.4962472,62.84306409,25.15330107
638,179986.5362,50889.35693,129097.1793,198600.4935,47850.65464,150749.8389,142349.6281,59246.72322,83102.90485,0.3623336069,2.897667547,0.7320672309,20.62574598,55.11728306,20.91217739,55.33919
639,113621.3593,51255.18187,62366.17742,192077.8165,42914.22256,149163.594,219927.9681,43575.11226,176352.8559,0.3506149529,2.110472301,0.6968200844,29.96775726,96.02959947,29.91343498,96.37598067
640,902722.7054,58701.92058,844020.7848,824657.7872,37856.95507,786800.8322,241097.2916,55370.98099,185726.3106,0.6145439228,3.144084277,0.7688481707,27.18546661,99.88878055,27.79915092,99.85628745
641,49430.7895,49356.38555,74.40395328,53670.97762,66654.06914,-12983.09152,117592.2578,55083.48952,62508.76827,0.9170857759,1.6910581,0.7046976143,91.96303164,87.11170146,92.54131355,86.39991754
642,236654.9236,61252.67327,175402.2504,183197.1292,46444.07786,136753.0513,185985.8845,52727.76876,133258.1158,0.1942586771,2.687006295,0.7666662529,3.198829648,47.56349904,3.28601891,47.73709186
643,205922.152,57406.64637,148515.5056,200032.9267,60662.62066,139370.3061,219095.7537,49689.89822,169405.8555,0.6729504493,4.153634455,0.8733143655,15.62863973,18.92586563,16.25682196,19.16721473
644,808880.3524,58976.48032,749903.8721,730679.9612,51597.68152,679082.2797,255415.5915,47860.24467,207555.3468,3.274898032,2.179436495,0.7191787441,75.23983962,4.839851327,76.26704894,7.949481231
645,50439.00076,39935.84602,10503.15474,64665.99704,60061.25722,4604.739824,149397.911,54529.83551,94868.07548,0.5966718681,3.42343679,0.8937143066,46.99261774,57.90829309,47.38817933,58.35500143
646,209338.6721,58132.5545,151206.1176,140675.7419,57982.8172,82692.92468,173635.8463,50695.066,122940.7803,0.3834079807,2.408655975,0.8741341715,90.05870354,94.76555495,90.14294935,95.13959281
647,298668.9091,64121.62735,234547.2817,180423.9674,55007.8741,125416.0933,221755.9761,51370.15119,170385.8249,1.203312829,3.275860284,0.943569349,18.06587524,70.84915032,19.0432826,71.55103108
648,34940.7261,42528.68048,-7587.954375,41529.44607,45357.90849,-3828.46242,154707.759,53354.52836,101353.2307,1.307713855,4.869422558,0.6547026628,12.78130972,56.49646971,13.16857175,57.74552682
649,66932.6573,53213.43481,13719.22249,55669.98675,57681.50932,-2011.522565,88373.11568,41809.54438,46563.57129,1.936433676,3.422905764,0.6472417209,7.629611037,12.9030653,8.613351127,14.57100739
650,846006.7108,49016.11857,796990.5922,681363.509,43689.70292,637673.8061,260342.2884,50191.20275,210151.0856,0.5708610057,2.154404435,0.557348662,54.21084239,94.63298288,54.23712319,95.20323862
651,264569.8427,44992.89252,219576.9502,200782.673,62317.56605,138465.1069,230867.2888,46678.17102,184189.1178,1.458107576,2.651361374,0.8896683222,73.85975039,57.42787526,74.6360668,58.66214044
652,191289.8047,54579.96406,136709.8406,246419.7913,61774.06774,184645.7236,236440.875,44089.37754,192351.4975,0.7148513167,3.790462664,0.5576632226,9.258679543,18.53241162,9.967523033,18.4399275
653,694484.2392,63502.88254,630981.3567,660470.938,53888.29198,606582.646,295649.6632,45763.75848,249885.9047,0.8445135812,2.773518709,0.8752007404,18.04269251,35.36937533,17.9582721,36.20965885
654,201643.1124,46636.19513,155006.9173,169990.6805,48820.81771,121169.8628,124339.3045,46489.43965,77849.86487,1.117255762,1.881724329,0.9054647716,70.04729671,90.34735286,71.09979935,90.72218434
655,56805.85634,60973.59003,-4167.733685,50047.34002,53597.9389,-3550.598885,169403.6259,58159.18132,111244.4446,1.887010023,2.424214558,0.6679852597,32.29596325,28.83483499,33.63205223,27.50229116
656,948094.6783,60111.36293,887983.3154,741853.865,42290.4152,699563.4498,374347.8347,45418.96968,328928.865,0.9004937023,1.45787659,0.8188450545,46.85844574,40.17248288,47.75491068,40.08739755
657,44398.21823,55939.50615,-11541.28791,46651.20763,50262.65341,-3611.445776,120111.2579,49082.24383,71029.01409,0.4878407801,3.666904366,0.6819445155,66.34348029,85.31436106,66.61695384,85.7183423
658,734751.8309,55114.39825,679637.4326,780313.1021,47863.07272,732450.0294,287557.0452,41960.27082,245596.7743,1.382855059,1.389539281,0.9207734911,81.46929273,37.43194648,82.85214749,37.43284817
659,226029.6916,50503.33896,175526.3526,166338.6359,61740.88529,104597.7506,176040.4654,51740.14559,124300.3198,1.07558267,2.792152307,0.7739588202,70.91629177,25.94577332,71.51313708,26.8405659
660,46387.20645,55850.09003,-9462.883577,70765.94662,56450.69837,14315.24825,117954.2944,41872.95017,76081.34427,1.535016024,4.275587456,0.8888545965,43.23229261,8.47625794,44.20853188,9.660838488
661,44441.5038,50925.16275,-6483.658952,50944.53788,47331.65551,3612.882368,100835.1004,52122.6171,48712.48328,0.1575043572,2.077320275,0.7004354581,88.33609987,18.75354044,88.32199253,18.91041175
662,239986.7107,59339.02626,180647.6844,202242.1723,45883.0113,156359.161,159996.2905,40652.94606,119343.3445,1.476695638,1.817400362,0.8672879721,69.04039618,73.04289541,69.73535028,71.7399492
663,643588.6713,59349.46928,584239.202,700632.3662,60318.30644,640314.0597,214294.989,40786.42909,173508.5599,0.619886047,3.211181113,0.7586278151,3.229802543,99.18319126,3.774872795,99.47841513
664,188278.784,46978.6061,141300.1779,182067.7082,46167.51278,135900.1954,266611.4201,58758.30382,207853.1163,0.4704072943,5.83346489,1,23.50783393,91.39878287,23.96276306,91.51845954
665,208953.6488,48020.28504,160933.3637,161144.7727,64748.64808,96396.12462,251741.0355,41490.25129,210250.7842,2.361300291,4.062258582,0.6877438481,44.16464195,11.04129873,45.71861763,12.81919036
666,56997.16802,68166.64646,-11169.47843,61103.67305,48754.60571,12349.06734,136048.3767,40019.53521,96028.84145,2.608764237,2.321864475,0.8503380393,55.51715086,16.23419579,57.40511817,18.0345375
667,836994.7688,68613.81849,768380.9503,757154.6496,45955.95956,711198.6901,255671.2972,44539.89859,211131.3986,1.029655755,3.897565483,1,3.121963655,5.027268995,3.839161669,5.766063948
668,294292.7964,54160.47692,240132.3195,125404.1045,49532.20943,75871.89506,295810.0478,45816.83652,249993.2113,1.766112612,2.430326146,0.8571632286,69.84887423,65.41584371,71.16464361,64.23775004
669,228065.3575,62961.91698,165103.4405,199253.9017,53957.32883,145296.5729,199034.2736,42963.91369,156070.3599,0.5325187623,1.996831677,0.8173927537,18.27895409,25.3561192,18.77544624,25.16357888
670,201980.7865,54196.89831,147783.8882,179886.4502,44993.20515,134893.2451,191161.3529,44749.42842,146411.9245,2.37707746,1.843272581,0.809836821,97.0562782,81.19251614,98.40701285,83.14853586
671,186153.6883,67029.43782,119124.2505,181840.0773,44969.8896,136870.1877,198839.6508,43758.87297,155080.7778,1.513528247,2.172032927,0.8256453171,22.46191582,89.67300593,21.02094262,89.21001136
672,749025.9435,42609.28038,706416.6631,728680.56,38034.49286,690646.0671,266049.7364,66757.75047,199291.9859,0.1240071216,1.484547459,1,83.77895398,89.802926,83.90169734,89.78526718
673,49116.68084,67429.22197,-18312.54112,39386.37877,49015.35818,-9628.979417,176406.5384,59550.84692,116855.6915,3.083054905,2.594492819,0.6046144973,97.15758718,44.51786162,94.31216872,45.7047994
674,42150.24803,45286.10721,-3135.859176,29312.13139,44645.90026,-15333.76887,164980.6164,45836.51555,119144.1009,1.220075995,2.413377305,0.9023207447,35.44935819,66.54634057,35.69080245,67.74228794
675,777991.041,65593.50506,712397.5359,818646.1161,56209.05318,762437.063,235578.6199,45849.43822,189729.1817,1.507604734,3.409824926,0.751083262,95.11731067,48.46297825,95.91358555,47.18281485
676,64240.2448,50271.63361,13968.61119,48197.01652,57724.98826,-9527.971739,95898.20294,47280.4069,48617.79604,1.813574967,4.19343651,0.8236008928,40.615288,73.79400392,41.98967327,72.61073757
677,743069.3928,61872.68277,681196.71,622804.4583,42963.00321,579841.4551,223837.3998,59399.19491,164438.2049,0.342624132,1.874422576,0.659627161,24.32787009,48.43622834,24.4855888,48.74039295
678,44501.73395,43383.88298,1117.85097,32875.36654,41677.43127,-8802.064736,98406.49064,37586.38289,60820.10775,1.828176317,1.88127094,0.7624547355,21.22722146,93.66934874,19.65717159,94.60592336
679,907055.6328,59603.58021,847452.0526,865832.5127,46017.66319,819814.8496,325402.9785,50341.10485,275061.8736,1.654511021,3.903893889,0.9303025281,92.08525729,21.21891377,93.51709629,22.04791544
680,288486.5503,53348.32922,235138.221,152606.2482,53802.32705,98803.92116,204957.4052,50219.1985,154738.2067,0.2571565177,3.392255861,0.7640131592,57.03215084,39.13871833,57.15527628,39.36448281
681,727628.9274,50548.94532,677079.9821,563402.3077,48758.37051,514643.9372,268563.1039,46403.66978,222159.4341,0.3796920584,3.738734826,0.7421564107,38.72956547,53.1391323,39.0602521,53.32571313
682,75024.2245,68310.62637,6713.598134,57989.90104,51406.84285,6583.058193,186839.1894,60784.52921,126054.6602,0.5771380133,5.108227144,0.768904218,13.19030232,85.40564048,13.56922749,85.84096105
683,51745.16181,47419.54569,4325.616118,55085.2404,48124.57505,6960.665343,81007.82811,58171.29831,22836.5298,0.8845277986,3.513839363,0.8011172137,20.24415703,4.748368106,20.19457434,5.631505119
684,70779.24978,57358.63958,13420.6102,56383.48782,54441.85938,1941.628444,123116.4861,43973.36649,79143.11957,0.1457285558,3.24750703,0.9463335656,63.65461384,14.80601795,63.7276834,14.93210384
685,788645.0573,68986.84236,719658.2149,759248.074,58485.81362,700762.2603,233247.2003,45163.44548,188083.7548,1.252461299,6.106168055,0.7150645591,39.78225356,69.38516019,40.30448308,70.52355188
686,880029.0262,53519.38172,826509.6445,540672.7675,60176.43408,480496.3334,307289.2392,61834.5364,245454.7028,1.590754187,3.027645512,0.857772943,85.86204858,70.44506873,85.56448716,68.8823928
687,915632.7941,47761.25234,867871.5418,901397.9416,48075.86378,853322.0778,225677.2476,49890.93184,175786.3157,4.191490104,1.733158628,0.8938697735,70.8686677,91.63202878,71.57712104,95.76321301
688,780111.4397,40232.90821,739878.5315,835643.061,59083.98136,776559.0797,304422.1552,47335.32696,257086.8282,0.4090688603,2.978050229,0.7257779765,70.11596629,62.87243271,69.7915259,63.1215828
689,969321.9595,50006.51214,919315.4473,737576.4547,45340.4857,692235.969,218045.7383,50091.43632,167954.302,0.8305389949,2.130693823,0.769064818,66.49425814,39.32187139,66.00119272,38.65352903
690,66028.11834,53257.2048,12770.91354,44427.41805,49276.73614,-4849.318094,186727.8041,64140.51292,122587.2912,0.4682220852,5.327294793,0.7332167155,26.84790671,82.34549497,26.94194254,82.80417698
691,78276.97308,57059.52198,21217.4511,47914.07488,48573.6077,-659.532811,174829.3389,58738.7038,116090.6351,1.321620039,1.956143547,0.7329461137,12.6592429,40.94774231,13.10115444,42.19329188
692,717176.6772,60348.79399,656827.8832,929108.5188,46852.80061,882255.7181,309374.5058,53418.93267,255955.5731,0.3976125779,6.071356069,0.745374178,93.48993411,61.13117135,93.4701897,61.5282934
693,40894.39709,47998.44913,-7104.052036,43641.03162,55565.28132,-11924.2497,98966.69908,61960.02157,37006.67751,0.5081014694,2.820844421,0.7659017688,41.86863287,51.10479041,41.50812809,50.74673538
694,70749.31046,58315.18721,12434.12325,31343.597,52365.25527,-21021.65827,128564.9747,45922.82871,82642.14596,0.3575830911,6.244822176,0.707218881,72.90987778,91.36167257,73.26705251,91.34458797
695,52417.07337,32534.72814,19882.34523,64169.55067,55573.9814,8595.569274,101371.6727,47732.31312,53639.35955,0.7355384884,1.443157733,0.8993402242,91.43513033,37.86724238,92.17048128,37.8838509
696,789722.616,63666.15042,726056.4655,572830.651,50712.59513,522118.0558,353091.7123,50635.79056,302455.9217,1.111355323,1.96916856,0.8947728904,44.62071922,38.94048649,44.99487138,39.98696669
697,40727.18328,52454.66931,-11727.48603,31981.96537,43405.73691,-11423.77154,104078.1697,50967.62495,53110.54472,0.249663802,2.462022848,0.912871547,20.31440686,67.35111333,20.54414697,67.44884507
698,80801.42588,65123.16634,15678.25954,41549.46229,51194.39846,-9644.93617,243388.3034,54187.65271,189200.6507,1.216888332,2.591924786,0.8479511787,98.41500219,1.61528784,99.62929613,1.53586843
699,786684.1584,45192.55736,741491.601,777738.5451,43199.82793,734538.7172,288409.1578,47455.1899,240953.9679,1.049285228,3.713474983,0.6195913758,85.52917675,80.83469881,86.56496061,81.00248227
700,937439.3216,65413.88252,872025.4391,618791.1223,54155.29047,564635.8319,291126.3912,57526.96307,233599.4281,1.605204641,1.739777695,0.8129566104,49.96099543,97.98287646,50.59102958,99.45927035
701,55472.7923,58768.8818,-3296.089498,44572.06984,46630.51686,-2058.447019,198063.8583,53873.55767,144190.3006,0.6023432739,2.924733487,0.8353321758,64.10830754,64.35702919,64.60554991,64.69698132
702,837937.2946,60981.41639,776955.8782,846095.9912,52934.54807,793161.4431,200295.0718,46329.1354,153965.9364,1.07911956,3.05467076,0.7582254032,3.07468206,85.21398853,4.077812375,85.61176811
703,817750.5513,64840.70288,752909.8484,455363.9872,57700.32688,397663.6603,281545.3048,41584.25399,239961.0508,2.189239366,2.182868236,0.7595844268,78.53863908,47.933294,80.55355775,47.0772147
704,835728.6813,67412.28444,768316.3969,988551.4174,49615.12361,938936.2938,270536.6612,42184.18332,228352.4779,0.8724127493,4.819648212,0.853209885,87.15512359,26.33331433,86.99647277,25.47544842
705,71437.01642,66673.53068,4763.485735,44577.35136,41408.40105,3168.950305,136762.5614,46561.67628,90200.88512,0.2859629822,2.312530696,0.9835253108,70.04836395,74.85195763,70.32680411,74.91711824
706,204726.4913,44342.41455,160384.0767,136446.894,60513.22359,75933.67044,216877.5972,47292.19395,169585.4032,0.2858001508,1.233422905,0.8171078874,40.32422024,28.36211995,40.46193765,28.61255086
707,708163.3488,49543.91278,658619.436,611266.8277,47641.19582,563625.6319,305912.1312,53556.99504,252355.1362,1.982127324,2.991688294,0.962802136,56.81572866,71.1039313,58.56438764,70.1706465
708,147813.2432,57397.27971,90415.96351,160525.3337,46160.14734,114365.1863,190423.9751,46569.65827,143854.3168,1.84563687,2.569166616,0.9635311519,30.69467372,53.19527323,32.00293414,54.49712964
709,741672.6193,54714.93034,686957.6889,709581.0286,55605.31737,653975.7112,360269.1294,45603.46224,314665.6671,0.2156803683,3.080769927,0.715912419,27.7389826,48.6421571,27.84055832,48.83242111
710,49534.27633,62810.64037,-13276.36404,35388.87195,47423.65434,-12034.78239,142965.3623,51542.55159,91422.81072,1.172145606,4.919266645,0.6324302811,40.30164842,4.946046195,41.46064955,5.121093949
711,233109.0462,59353.50466,173755.5415,165675.0602,51733.31164,113941.7485,277320.6474,61192.51796,216128.1294,1.285169501,4.324277657,0.8219250747,4.881546148,34.65327565,6.108596879,35.03538447
712,60431.5531,60440.77951,-9.226413405,35940.45206,47254.0758,-11313.62374,167166.9931,43007.40777,124159.5854,0.3654263198,0.9801151452,0.8226757118,15.34895117,25.53327426,15.69770575,25.64239181
713,77397.34961,66494.30485,10903.04476,51828.89315,58888.22297,-7059.329817,159486.732,44843.38174,114643.3503,1.827963741,5.430749418,0.7893872947,97.69311755,41.18669699,99.4399313,41.72529998
714,737077.0814,65764.33072,671312.7506,697838.6213,58516.34619,639322.2751,296497.8554,48745.98123,247751.8742,0.7309237323,1.358256927,0.698071859,36.83528608,86.47381372,37.42790544,86.90165924
715,196974.0421,56119.25126,140854.7908,130817.8171,52112.98426,78704.83288,212655.7487,57696.62326,154959.1254,2.55174782,2.882947876,0.6214913201,23.14018943,22.78738711,25.15984008,24.34701148
716,53604.30472,58855.62781,-5251.323087,42682.34133,52377.16495,-9694.823618,126298.9132,49813.7255,76485.18773,1.765843373,1.884630685,0.3235932853,35.06005591,79.8054761,36.18250501,81.16867485
717,36637.5319,48788.51382,-12150.98192,41460.35669,51470.41959,-10010.0629,147603.1595,44651.93509,102951.2244,0.6384714006,1.928358887,0.8547196469,89.92212521,63.18509694,90.55884174,63.23240214
718,45573.60711,65369.48729,-19795.88019,59249.99713,57746.26165,1503.735483,118435.6209,50711.5775,67724.04343,1.912380497,3.435430866,0.8465711039,10.5851415,60.05887531,12.42680695,60.57411073
719,227105.3593,52146.41122,174958.9481,95610.26585,57912.63792,37697.62793,213675.3146,43510.92289,170164.3917,0.3036520895,1.406416621,0.6916562459,17.64837008,5.557932033,17.3917313,5.395632532
720,62043.50021,57494.96777,4548.532447,53294.22519,60480.37777,-7186.152583,192780.4197,53727.52012,139052.8996,1.079642765,3.184949005,0.7012906263,56.37564696,44.93723798,56.55296741,43.87225631
721,52763.43021,53402.50848,-639.0782645,46913.14498,60131.98995,-13218.84497,153658.7971,54005.91792,99652.87919,0.6453262876,2.050226283,0.92698991,22.86230674,77.22307656,23.50239244,77.3051516
722,57587.51034,50752.46593,6835.04441,36725.78624,46757.60895,-10031.82271,115821.5493,45734.73066,70086.81863,1.528067846,1.32173652,0.847792537,81.29200523,75.13044931,82.67441585,75.78155008
723,911677.8973,65521.52431,846156.373,771694.6978,44167.36076,727527.3371,212812.3391,46184.43105,166627.9081,0.6258207389,1.247834801,0.9716266694,29.60690997,26.67464125,30.06730823,27.09853398
724,831458.0312,42608.86945,788849.1617,619915.8379,74963.7846,544952.0533,245993.7512,52583.74803,193410.0031,1.416394788,1.973099902,0.7845178279,98.25713769,18.95631253,96.88391359,19.30334246
725,186974.5865,51070.19102,135904.3955,176313.4319,47092.59805,129220.8338,184722.376,58015.0527,126707.3233,0.809676904,1.985892957,0.6234973893,71.43163542,76.11913508,72.23072158,75.98860543
726,59456.04901,55593.07979,3862.969217,32459.05512,42338.92166,-9879.866543,117064.8195,44346.13124,72718.68829,0.8000652501,4.732222857,0.517806789,68.93975606,83.1005442,69.64638401,83.47575259
727,130527.1426,43202.11349,87325.02912,170862.2341,54220.78428,116641.4499,219727.8575,62456.58167,157271.2758,1.181379696,3.809806583,0.6071236255,0.3521395249,94.03511309,0.5985232574,95.19051477
728,253743.6629,58329.46723,195414.1957,176795.0724,43091.93611,133703.1363,148261.8408,28409.23755,119852.6033,0.7355883892,1.295321584,0.7291863432,45.469143,86.03977769,45.96760968,86.58072246
729,1047776.307,53426.19256,994350.114,887200.7452,57336.66921,829864.076,233316.1456,48203.76003,185112.3856,0.3857127247,4.82874761,0.7701819412,43.08478465,29.08548318,43.27554028,29.42072428
730,898824.5415,62436.15118,836388.3903,823523.0478,55681.5065,767841.5413,300130.5304,51696.62455,248433.9059,0.8444387212,3.121999433,0.8248021672,1.550934682,98.58207649,2.371279958,98.78235226
731,915390.883,50108.57372,865282.3093,664870.7435,45485.98723,619384.7562,269453.9717,52521.33199,216932.6397,0.9655809983,4.669965864,0.9415224562,26.71162184,36.91352185,27.11648225,37.79012593
732,777524.4974,53122.26324,724402.2342,660789.5754,49706.92986,611082.6456,317180.9021,52173.99723,265006.9048,0.929677328,3.038412765,0.8907721554,4.625159496,34.45609888,5.554231368,34.42255204
733,63145.11182,61296.66392,1848.447899,58831.85474,56111.01727,2720.837476,162676.5549,55340.30661,107336.2483,0.7753610095,3.041046357,0.7648835119,31.12407177,70.93578254,31.66986519,71.4865041
734,934286.7428,59274.91537,875011.8275,761676.4168,45261.89268,716414.5242,279215.9867,55793.5748,223422.4119,1.711463347,3.131530251,0.770395502,37.96475451,24.54505971,39.56398738,23.93550166
735,66588.93328,77743.49858,-11154.5653,46813.62401,51267.13514,-4453.511128,101599.4347,31912.18855,69687.24616,0.8534890746,2.841051731,0.6367875425,54.2008186,3.189688017,54.63099452,3.926839482
736,54304.40556,47672.71753,6631.688034,37880.06765,55696.29413,-17816.22648,180404.8078,48991.32138,131413.4864,1.40771189,2.07551927,0.8663188566,51.65549062,61.52304076,52.82158447,62.31163311
737,735832.1308,50104.79272,685727.3381,791476.0161,53758.84455,737717.1716,309429.9747,49348.18623,260081.7885,1.2255145,1.995189003,0.8540855768,88.77249821,39.74654227,89.82958397,40.36658701
738,171698.715,62805.32442,108893.3906,154289.4952,43769.19995,110520.2953,179052.116,48548.06798,130504.048,0.9197873389,1.025803623,0.7739041697,62.74614104,85.5454903,63.28439738,86.29133805
739,798093.625,60019.54419,738074.0808,742088.7451,53872.13896,688216.6062,317516.7121,60209.18387,257307.5282,0.8541887027,2.243952685,0.695755856,27.59056562,90.74702565,28.05041586,91.46687014
740,50855.15427,52277.80975,-1422.655475,45268.76674,46598.03159,-1329.264855,146075.8572,61205.55663,84870.30061,0.3848764665,2.080750612,0.7619472992,77.05950061,97.5579134,76.84867032,97.23591886
741,173968.8696,52042.79969,121926.07,133434.2744,48843.48782,84590.78661,224273.3728,29304.62859,194968.7442,1.066841795,4.770497176,0.9299989167,41.37511921,88.34919252,41.09201937,89.37778665
742,834879.652,46005.7744,788873.8776,633593.836,45434.51103,588159.325,302331.521,54396.08483,247935.4362,2.050660871,2.562636576,0.8759253395,50.63008143,49.16258618,50.24564977,51.1768906
743,44757.26585,52887.25689,-8129.991049,50392.16121,50651.38661,-259.2254002,135547.3256,55461.27123,80086.05436,1.557482132,4.2976863,0.6622217676,2.898788859,73.85943241,4.153959665,74.78154782
744,895874.965,50195.65669,845679.3083,675546.5359,44462.96008,631083.5758,284186.0604,45118.91831,239067.1421,0.4365025408,1.457619842,0.7141989551,54.55415604,50.65545515,54.79468294,50.29120074
745,833643.031,47389.18657,786253.8445,750644.9105,60602.78504,690042.1254,314276.1261,59125.93872,255150.1874,1.411723261,2.809756753,0.9209420618,19.36247218,97.59449076,20.66523372,98.1383427
746,736214.2686,47104.35171,689109.9169,967707.574,59662.18387,908045.3901,309782.6005,48397.94656,261384.6539,0.516672821,2.881893365,0.6413009924,4.805559745,11.45217417,4.504304293,11.87193119
747,32275.17546,44407.61364,-12132.43818,51187.79769,49176.83529,2010.962398,157810.8031,53821.95299,103988.8501,1.13640435,1.998351431,0.6918140073,92.24820786,40.39619337,92.80451781,41.38711924
748,36915.4222,52540.50465,-15625.08245,59404.43033,58245.17434,1159.255994,199249.3046,64867.67417,134381.6304,1.372646067,3.542742645,0.7314014,40.1413249,75.05184493,40.99481437,76.12688584
749,190828.5266,62799.71951,128028.8071,99171.23053,42791.89082,56379.33971,247379.2509,49313.93076,198065.3201,2.39782436,3.311504008,0.7031923931,9.040105773,49.9454256,10.16936493,52.0606881
750,971872.4262,51953.8221,919918.6041,669418.1657,63465.32139,605952.8443,203506.8771,54272.00198,149234.8751,2.022292034,2.648149918,0.8563368007,54.19828638,4.478612141,54.51878121,2.481877774
751,728391.9957,50989.19821,677402.7975,594991.9106,58273.10524,536718.8054,270931.9176,48727.43818,222204.4794,0.6216675277,3.690001501,0.8844400511,71.69142631,68.17090999,72.31246427,68.19888077
752,146706.3132,58239.61685,88466.69635,239127.7165,53679.71956,185447.997,218333.3578,54981.67903,163351.6788,0.390939463,3.33689979,0.6729936606,88.18652613,38.34717558,87.82003838,38.48326522
753,48045.50302,51427.65737,-3382.154345,61834.67158,52381.1623,9453.50928,73006.17138,57270.47342,15735.69796,1.517470792,3.904485839,0.8137887939,11.40711201,71.93693816,12.04583871,73.31343581
754,864435.9168,60603.68801,803832.2288,610385.987,51034.30532,559351.6817,309658.8275,53105.65709,256553.1704,1.014468386,1.850831269,0.8049596655,59.62448175,90.99863946,60.0695813,91.9102493
755,731169.1209,61740.60615,669428.5147,836754.2831,56039.06753,780715.2155,215169.3873,48301.96548,166867.4218,0.4003023006,2.10115328,0.8177650908,81.37995765,73.80241259,80.9806562,73.77412321
756,756433.1351,46537.69664,709895.4384,720267.4296,57604.49954,662662.9301,319697.8948,47213.42046,272484.4744,0.5743449481,3.408901218,0.7541552875,8.816764114,27.1503697,8.272182273,27.33286008
757,61629.89884,59144.0569,2485.841935,46844.70826,58755.54951,-11910.84125,143034.6799,50351.98643,92682.69344,0.8595213554,3.084910735,0.8639747417,0.4183504051,60.38262762,1.09357619,60.91446133
758,685166.4225,43442.73153,641723.6909,692311.184,47493.44725,644817.7367,291989.2866,40598.34947,251390.9371,0.3568979545,1.634468916,0.4867589449,21.75456776,14.47935929,21.95485652,14.77475828
759,43791.18268,60102.58883,-16311.40615,58449.02198,59318.4932,-869.4712166,91043.78794,57199.27761,33844.51033,1.316830417,5.385978543,0.7950840416,45.55645125,95.86268837,46.21298674,97.00418016
760,881445.4144,54039.17643,827406.238,802042.7652,48555.81241,753486.9528,281543.4953,50689.54359,230853.9517,2.833483471,2.778371503,0.7486883843,56.13831121,88.63111044,55.93858706,91.45754616
761,933607.7429,56835.63293,876772.1099,867142.4387,57334.39212,809808.0466,271964.0445,44129.99888,227834.0457,0.5846505137,1.187411363,0.9317405361,19.31793058,50.72543901,18.98977918,50.24156622
762,214309.1755,54411.83164,159897.3439,198623.7895,47863.43397,150760.3555,162946.144,45927.22043,117018.9235,0.4425072667,1.184246763,0.6156220927,64.91628374,46.0152267,65.23897253,46.31802138
763,177749.9276,56521.26789,121228.6597,190424.6915,51052.79547,139371.896,232942.9891,48760.32599,184182.6631,0.9970084525,2.684075352,0.7267613136,60.3122501,29.55179379,60.87410538,30.37541051
764,738676.3933,56505.49806,682170.8952,702083.564,61763.67264,640319.8914,278735.7644,44730.16633,234005.598,0.997378623,4.472639966,0.7253765531,16.05194511,82.69195107,16.14144819,83.68530565
765,744820.232,54252.99572,690567.2363,853013.3545,55656.42152,797356.933,258144.5336,46824.78556,211319.7481,0.9846967494,1.220118708,0.680832878,7.978682824,0.5199045192,8.742307799,1.141599449
766,77708.78976,66570.49047,11138.29929,48128.18669,52061.33236,-3933.145665,192402.22,38609.16391,153793.0561,0.3563690611,3.190977267,0.6571577143,45.46733249,47.52100327,45.31679713,47.84401722
767,49766.08651,55116.49315,-5350.406647,51350.24265,53717.78485,-2367.542198,161411.0002,47113.69408,114297.3061,1.321484511,2.068504249,0.8263297392,80.51710292,93.99851909,79.59324547,93.05363353
768,53877.29368,59877.09426,-5999.80058,74027.84621,65869.06052,8158.785687,124732.1584,56376.65857,68355.49983,3.166644866,5.34157073,0.5847535063,10.08647734,13.72648833,12.36190976,15.92877055
769,219846.7256,45541.18803,174305.5376,181911.6309,59044.07162,122867.5593,233199.8458,51417.23657,181782.6092,0.5948685813,2.977073694,0.7741616537,15.14366524,66.98694927,15.65472514,66.68250484
770,75825.61677,63155.13241,12670.48436,39390.74655,56837.13099,-17446.38444,208374.4636,42946.57262,165427.891,0.7328659674,6.668345369,0.8227786094,44.87936485,37.09753447,45.59471625,37.2567981
771,919092.7354,69081.34058,850011.3949,684906.7192,49930.83205,634975.8871,297544.6586,46356.46904,251188.1896,1.453176254,3.727333117,0.6504661029,85.50818717,56.2017684,84.22924756,56.89172107
772,47570.54035,45070.19043,2500.349922,41666.02141,49909.89139,-8243.869984,135365.3351,43825.92183,91539.41324,0.290934616,2.865375173,0.9237733536,12.98472579,75.55708201,13.27553192,75.56572741
773,750128.418,52674.71353,697453.7045,727532.6478,47127.33916,680405.3086,349440.9721,52990.95026,296450.0218,1.325493175,1.208108608,0.6931085637,68.61000483,41.64776913,69.79297949,42.24568476
774,198661.6836,52753.83758,145907.846,181388.7702,51650.03465,129738.7355,178150.7762,47974.84596,130175.9302,1.844734926,3.286023368,0.8589164158,85.31530722,40.25170438,87.1202082,40.63299086
775,803815.4714,58732.85747,745082.614,720550.9056,52437.45036,668113.4552,331080.6644,52713.97227,278366.6921,2.733591605,2.711105061,0.6070595879,44.33958865,27.90342744,45.80457128,30.21131586
776,63376.75185,54968.17191,8408.579946,55631.68967,65590.96085,-9959.271174,114607.0743,51539.96801,63067.10626,1.850546921,1.904824898,0.653304007,79.50594282,35.20775736,79.71679465,37.04625278
777,58358.04372,60204.27651,-1846.232792,50686.96584,46476.49043,4210.475409,107106.4989,65438.57051,41667.92841,2.824325708,5.756104223,0.7432314763,35.60320338,19.46277987,36.87177368,21.98617938
778,74231.05435,66192.42061,8038.633743,59531.85196,52761.32289,6770.529074,222288.5307,55490.36359,166798.1672,1.322681845,3.093731145,0.9206067017,58.75249483,83.15881993,59.95619501,83.70708368
779,986785.3844,55381.21861,931404.1658,664603.5604,44495.67306,620107.8873,306895.893,54667.07962,252228.8134,1.344381685,2.197813021,0.745400456,78.94368547,69.43261525,78.26210777,70.59141375
780,847533.571,52824.59214,794708.9789,635161.9087,51827.98826,583333.9205,231381.7285,55972.40953,175409.319,0.2386569035,2.875760673,0.7917840487,67.09182404,18.52793877,67.24819891,18.70822747
781,1041274.133,56706.42375,984567.7096,836508.8807,48940.47851,787568.4022,243994.8035,56851.29423,187143.5093,2.172921428,3.557629303,0.8636182484,68.07986704,59.65646925,69.79697433,60.98805856
782,1016591.881,47934.0764,968657.8048,591435.209,43818.78778,547616.4212,278949.7045,47899.87005,231049.8344,0.4935999852,2.913023881,0.900015009,8.638374414,74.02955836,8.612625772,74.5224863
783,996614.5102,57774.5446,938839.9656,554665.3271,54694.56887,499970.7582,284033.8567,56898.19155,227135.6651,1.542777144,2.878786088,0.7590360807,6.543118119,89.75701589,7.088111166,91.20032593
784,147399.8002,54997.30938,92402.49087,181283.0559,56177.59089,125105.465,197885.4321,54580.6879,143304.7442,2.879873174,1.726994329,0.9613038396,98.37586762,44.0245319,101.2340676,44.37718235
785,80263.31095,63991.17087,16272.14009,57529.99753,53536.8857,3993.111827,171536.1005,50123.79057,121412.3099,0.9641842522,2.905969122,0.9018415106,99.1538806,3.157730758,99.28354273,4.113156844
786,46568.77803,51769.9955,-5201.217465,61973.02559,53794.0637,8178.961893,158994.1462,63192.58972,95801.55646,2.459581185,4.003576736,0.8083050362,65.97854146,30.71520725,68.0330478,32.06744365
787,66383.14781,54172.51432,12210.63349,47174.00819,58137.2739,-10963.26571,123449.499,38467.8531,84981.64586,0.7551196807,3.280880667,0.7105691289,24.56172523,80.07955126,23.82777094,79.90202145
788,796358.4294,38933.83815,757424.5913,775254.9812,58740.08629,716514.895,310853.4112,55663.71596,255189.6952,1.266588487,4.152598189,0.5966626293,93.6925402,65.4483298,94.33130397,64.35460806
789,185416.3576,64357.44379,121058.9138,188638.4334,53407.96042,135230.473,199952.1575,50091.56164,149860.5958,1.181142471,4.000402944,0.8366941595,66.3367171,64.78015375,67.51192185,64.89843871
790,911056.428,61569.00221,849487.4258,744145.0819,56482.39508,687662.6868,234111.8072,46827.39881,187284.4083,0.5828602749,4.029986648,0.626360811,47.88273096,78.71328913,48.43335185,78.9044507
791,63837.14435,62026.68277,1810.461578,64227.83721,54455.70088,9772.136331,132462.0044,45087.89534,87374.10906,1.512846613,2.503053886,0.7348072578,6.093625333,46.6216824,6.856579805,47.92805346
792,136178.9035,58121.23248,78057.67099,159225.2874,49976.74333,109248.5441,171919.5421,49358.00324,122561.5389,1.633867487,3.845941742,0.7285103503,28.66064364,88.24157082,28.38125645,89.85137384
793,779450.1895,57986.74232,721463.4472,719232.0623,58782.84889,660449.2134,327090.6181,48643.90425,278446.7139,0.4210365277,3.306310101,0.7112844187,9.746950347,73.19112119,10.16391322,73.24954826
794,47558.89355,48778.59116,-1219.697608,46486.101,49449.94031,-2963.839316,141091.921,56571.70187,84520.21915,3.197215825,2.613197647,0.88710884,57.60553102,20.73038361,60.57009952,21.92768167
795,582025.0771,54151.16502,527873.9121,655729.9166,39473.56613,616256.3504,237910.0615,65712.92027,172197.1413,0.846061629,2.841986887,0.8117400201,50.2433441,73.71256982,49.85987981,74.46674183
796,53324.25489,66752.76125,-13428.50636,57744.66833,57332.57683,412.0914961,128695.3437,48662.79435,80032.54934,0.3132131139,2.562994034,0.848163339,76.84430534,50.42564198,76.97558992,50.71001289
797,62564.40727,68483.02238,-5918.615115,50237.86305,41861.01522,8376.847834,112036.7062,46781.51156,65255.19467,0.3783869539,1.315948795,0.5693730949,25.82155655,34.19044731,26.13687066,34.39962115
798,853790.9285,54909.67592,798881.2526,640393.93,51900.69527,588493.2347,290852.383,39215.51006,251636.8729,2.208427039,4.556890925,0.7665899086,82.31337589,1.853855771,83.18447821,3.883222847
799,223360.5602,49884.82147,173475.7387,200335.0978,51599.73847,148735.3593,200702.1017,53570.91984,147131.1818,0.1343447938,3.637295892,0.9320624394,94.43746294,82.75958604,94.51422715,82.6493328
800,182177.6264,70647.74043,111529.8859,202035.5833,52889.41493,149146.1683,174240.5052,49284.23784,124956.2674,2.176702362,3.712888374,0.7420880152,16.95426727,32.86531105,18.67475459,34.19871143
801,222764.5461,53410.82634,169353.7198,165426.0625,43132.06442,122293.9981,233223.5828,54973.84077,178249.742,1.00463429,2.73694979,0.736362466,9.335852291,12.9433068,10.14199088,13.54283215
802,833639.0825,52954.19935,780684.8832,663620.7425,54126.61081,609494.1317,314868.9552,52534.19485,262334.7604,1.965580969,2.812284351,0.9629573836,13.08173737,61.90440373,14.49563681,63.26983294
803,597856.6693,59384.87359,538471.7957,788962.259,61687.55832,727274.7007,338608.0506,55122.50678,283485.5438,1.765317289,4.01947814,0.8781459576,12.37731246,42.45165717,13.97633411,43.1996377
804,294375.8519,55339.98905,239035.8628,163626.3414,50136.00774,113490.3336,218124.2815,41317.97304,176806.3084,0.2898711717,4.054858735,0.8811054787,94.76642685,11.36001008,94.74003085,11.07134323
805,218665.8765,50038.15456,168627.722,151504.6876,47640.53099,103864.1566,156375.9688,41972.99968,114402.9691,1.597104674,2.884557658,0.7563438292,40.50345907,31.91511462,40.89108875,30.36576425
806,134910.9352,72938.75032,61972.18491,212214.169,63280.93898,148933.23,314509.1477,61270.33281,253238.8149,0.4144101169,2.036687364,0.6833851061,58.75291994,70.60509226,58.6654345,70.20002184
807,45134.72623,42924.6792,2210.047024,53590.8536,55039.89362,-1449.040023,211876.4757,48585.37248,163291.1032,0.4135388219,1.2900326,0.762437534,1.495004593,97.30428125,1.843073036,97.52758086
808,272515.4533,64349.23013,208166.2231,211355.6388,44149.85797,167205.7809,257057.6229,40468.72371,216588.8992,3.219553175,0.9025983526,0.8740186939,9.11603646,17.52115292,12.31019185,17.9247542
809,931235.7973,55917.44741,875318.3499,587724.276,46123.00544,541601.2705,280539.179,38364.00583,242175.1732,2.03497473,2.644410882,0.5362651073,65.09008194,52.01476747,64.77223896,54.02476697
810,52517.52737,59823.54079,-7306.013425,46313.12304,48298.31535,-1985.192313,145559.494,53280.97835,92278.51565,0.3280490021,4.250070329,0.8920609017,35.30575367,49.6846335,35.32223184,50.01226839
811,833467.6692,53291.07651,780176.5926,732479.0329,58652.01392,673827.019,252750.2401,59001.04627,193749.1938,1.139243833,1.220323955,0.8744669212,35.22758463,91.17527815,35.11382502,92.308828
812,204126.1242,56905.60755,147220.5166,163307.9848,61617.44868,101690.5361,197194.6884,65236.25548,131958.4329,1.49471546,6.804572949,0.946686109,8.212384036,97.67204681,9.630418113,98.14464988
813,201435.054,58448.02805,142987.026,166777.1222,47011.05088,119766.0713,219258.5997,43814.41183,175444.1878,0.668171671,3.601226959,0.8434339196,29.59675189,66.77742905,29.89284434,67.37641373
814,886094.6949,66632.45701,819462.2379,704349.4902,55662.24938,648687.2408,251204.1241,50707.32232,200496.8018,1.534938433,8.281015982,0.7915801306,38.21688361,34.48465837,38.7989093,35.90496893
815,22879.60852,34766.22591,-11886.61739,41018.70325,53270.9872,-12252.28395,151433.2665,52417.76651,99015.50003,1.928110384,2.261759167,0.7601753717,88.47628896,4.589135732,89.6944507,6.083689726
816,929089.976,53454.52026,875635.4557,781115.0086,60753.72317,720361.2854,299676.9511,51889.43013,247787.5209,2.477528748,2.449716858,0.7864400876,69.05557057,2.960879497,71.117405,4.334556127
817,791366.1076,44934.83607,746431.2716,669559.943,53909.75814,615650.1849,282555.4012,52281.37168,230274.0295,0.3904067202,3.903892096,0.97106897,90.64695774,59.53586005,90.77722964,59.90389081
818,879142.3953,53821.97419,825320.4211,896105.5759,54023.31661,842082.2593,271598.3265,47254.85884,224343.4676,1.2921481,1.808406818,0.812001737,67.96886635,40.27359552,69.09825496,40.90139173
819,267735.5451,67179.38845,200556.1566,127205.2901,59167.54448,68037.74561,186430.7248,52778.73058,133651.9942,0.2409868604,2.776844236,0.5595238496,25.70972156,80.73995462,25.94643027,80.78516141
820,52930.77311,53264.61157,-333.8384534,68195.36023,63108.9462,5086.414025,158606.3,48260.39253,110345.9075,0.8380831647,4.908286731,0.8522173541,16.07984042,49.93808082,16.02445405,50.77433182
821,223179.9434,49741.96177,173437.9816,197584.1842,66428.29986,131155.8843,128976.6153,57080.92922,71895.68606,0.5050829217,3.485075723,0.8166277439,4.756590294,88.58821132,5.059767573,88.99218198
822,801023.2482,60756.73599,740266.5122,560944.6674,55424.77755,505519.8899,270894.5065,54585.9787,216308.5278,2.234585743,3.123474998,0.6649376387,58.32756685,68.6849845,60.33497917,69.66665105
823,829383.0752,70975.55366,758407.5216,808772.2035,49277.12984,759495.0736,291439.723,53069.74567,238369.9773,1.084103701,3.683932868,0.7112849781,62.86526593,16.53584953,63.30063817,17.52868983
824,176133.3773,61538.05282,114595.3245,200005.7955,50798.66599,149207.1295,220090.3906,53909.01918,166181.3715,0.247912232,2.673602306,0.6921419664,56.4931328,25.95208767,56.74094086,25.94490159
825,1068766.034,39696.29027,1029069.744,844567.5738,57647.14103,786920.4328,283195.3623,44541.37784,238653.9844,0.3573578368,2.855814106,0.9648860622,74.62552639,35.58375672,74.41988697,35.87601867
826,865476.2351,52730.34421,812745.8909,424786.2967,37270.78975,387515.5069,307087.8471,59471.11828,247616.7288,0.7400200547,2.838077382,0.7732417841,82.87918519,64.73562997,83.24764726,64.09386258
827,842110.6211,52112.38223,789998.2389,846922.7635,49569.42859,797353.3349,290778.7369,57307.884,233470.8529,1.363199427,0.6668122794,0.7695339589,85.10589867,89.80215298,86.46800572,89.85671531
828,140894.5396,44891.41564,96003.12392,167954.7177,61948.25779,106006.4599,255307.5528,54306.06129,201001.4915,1.953764327,4.903615452,0.8179215816,23.91421014,51.17330151,25.83216389,51.54565679
829,1016615.65,52631.40923,963984.2409,704277.3495,56072.85569,648204.4938,335809.8911,59333.27478,276476.6163,0.8813130447,3.571073758,0.5654272231,55.27245022,25.10468339,55.04074762,25.95499309
830,54845.60425,48708.64407,6136.960171,55027.12091,46347.47473,8679.646186,81956.98602,56376.1127,25580.87332,1.457609376,3.657862652,0.9335960192,61.73860178,59.65004903,63.06203229,60.26091462
831,50342.36178,66870.22043,-16527.85865,61044.29281,58021.09815,3023.194661,119145.799,46240.80314,72904.9959,0.03902304106,3.600074535,0.8887172222,30.13189853,18.26612778,30.1436415,18.30334203
832,36043.73458,57295.69606,-21251.96148,62198.28831,58153.02746,4045.26085,131732.3932,64005.96456,67726.42866,1.374837797,2.189106037,0.8545362354,51.30760001,69.61687498,52.68032516,69.6930631
833,815027.9386,42634.62878,772393.3099,719801.6005,43066.5202,676735.0803,280093.8907,61787.63792,218306.2528,0.7110044471,3.175496141,0.620087507,45.3107536,53.37146566,45.58991723,54.02537314
834,51126.51675,56488.41328,-5361.896534,44723.20231,46357.40116,-1634.198855,165744.8931,39320.28738,126424.6057,0.3929635135,1.16996238,0.6394609735,30.289449,56.11052344,30.65171445,55.95826029
835,186425.9437,59036.60797,127389.3357,130728.8199,51120.15659,79608.66327,172801.405,52099.64542,120701.7595,1.169525114,1.922012366,0.6527171728,56.75130513,12.20699676,57.74046596,12.83097581
836,67090.7407,62951.50098,4139.239712,62988.44857,57569.48599,5418.962583,188738.7682,57046.99801,131691.7702,0.1879442172,3.701494202,0.7297301238,8.260842512,44.68338374,8.439329988,44.62451736
837,225402.3969,60691.6505,164710.7464,182078.9919,45663.18394,136415.808,186121.5806,49750.76542,136370.8152,0.6297867313,3.668758001,0.7843512125,35.57499017,12.77756177,36.19244586,12.65354645
838,778529.0674,54248.58747,724280.4799,680468.6981,45015.64455,635453.0536,215566.5749,46200.2191,169366.3558,0.9089004523,3.917429291,0.8028411512,73.25800078,53.00885831,73.62697247,53.83949657
839,58855.28426,62665.05032,-3809.766065,53360.85198,50726.72793,2634.124042,59812.62869,48763.61731,11049.01137,1.896892528,3.169127869,0.7751350352,59.731025,43.00497688,58.33883471,44.29338964
840,809765.6738,70636.97745,739128.6963,680821.954,61157.83077,619664.1233,280614.2783,45908.77629,234705.502,0.1060787028,3.740938928,0.8573573782,75.11502657,46.16421491,75.16963741,46.25515637
841,843413.0053,66381.56402,777031.4412,819326.1205,51185.70534,768140.4152,219183.31,49722.98945,169460.3206,2.86825328,1.887841755,0.7311161063,44.27154033,27.88640113,45.45001341,30.50137304
842,810491.8237,53359.72049,757132.1032,890715.9149,50080.39537,840635.5196,270585.1618,49601.02106,220984.1408,1.375482753,2.536819676,0.7421602734,74.60983583,72.25483097,75.93625094,71.89072141
843,1111177.816,49539.44222,1061638.374,696120.6507,50411.21486,645709.4358,330528.7314,45903.63337,284625.0981,2.628648408,6.034643545,0.7720143766,74.6237485,52.24080733,75.51437494,49.76763588
844,805099.4338,68014.60515,737084.8287,563950.711,47586.58381,516364.1272,296912.011,53863.74077,243048.2702,2.11807952,4.114408127,0.4731989956,38.56902449,80.31496647,38.96257508,82.39616295
845,870439.1456,51202.8938,819236.2518,731793.8656,67060.93903,664732.9266,332041.5568,39963.77083,292077.786,0.1186205388,2.848206017,0.9169119388,72.34274241,9.819933497,72.38401126,9.931143725
846,250306.3335,52538.62657,197767.7069,139498.921,61748.06521,77750.85583,155886.4755,39923.49769,115962.9778,0.6437790878,3.171277112,0.6225089798,41.58947715,6.743651834,42.03041474,6.274583015
847,231387.9964,54741.08967,176646.9068,173191.8881,58592.64769,114599.2404,288461.9828,65483.90237,222978.0804,2.473176002,1.587892676,0.7567363179,73.57393497,80.64574261,76.04410391,80.76766446
848,874691.042,64875.59885,809815.4432,623817.1027,50276.82652,573540.2761,245523.5179,43203.80152,202319.7164,0.414295127,1.257066285,0.6748538279,71.64539134,81.43762583,71.80295665,81.82078849
849,163875.9746,62857.24056,101018.7341,210180.9941,54487.18078,155693.8133,255240.6882,45947.92399,209292.7643,1.362716334,1.647092959,0.7955884081,42.09344308,83.92922499,43.17184867,84.76231394
850,231679.4499,47236.97779,184442.4721,135465.8556,63439.87413,72025.98145,174402.3418,47355.29283,127047.049,1.690700403,1.546082535,0.9427564796,93.21472688,23.94032527,93.67344009,25.56760829
851,42422.62201,45920.48603,-3497.864022,51195.57957,55377.10537,-4181.525804,159010.1047,47524.82726,111485.2774,1.562908376,4.291658931,0.7670046376,77.18780495,19.36838405,78.2701273,20.49588613
852,165905.8875,46083.8766,119822.0109,147003.1179,55531.46872,91471.6492,203094.6975,45480.14492,157614.5526,1.796535038,4.999368949,0.9226707485,89.29446871,58.66074363,91.03178393,58.2032789
853,163765.7991,54880.15423,108885.6449,215253.4992,60312.12833,154941.3708,253637.0774,50881.12898,202755.9484,1.104949204,1.698361244,0.7804035629,67.35602164,31.6649414,68.45314871,31.53369763
854,1046160.142,65474.29244,980685.8495,741749.1839,49840.7683,691908.4156,284164.0079,46418.57027,237745.4376,0.8543727744,2.718113014,0.8890484926,83.33706809,35.10576998,84.01693223,35.62320363
855,963533.8984,50619.04637,912914.852,721252.7405,52634.63539,668618.1051,272268.0247,48242.02662,224025.998,0.2944779237,2.473994071,0.5997492397,10.05339641,80.25977589,10.34067273,80.32450271
856,846383.8704,54093.79543,792290.0749,552409.419,44446.63797,507962.7811,276125.6796,47615.39295,228510.2866,1.104055799,2.099316615,0.930077134,25.00692791,85.22875595,25.04235227,86.3322433
857,256849.2705,53803.37263,203045.8978,184884.676,59235.18591,125649.4901,230626.6807,50415.30122,180211.3794,1.184660349,3.968961685,0.7742926928,90.6254893,38.6066864,91.60744703,39.26939234
858,789460.2751,66603.26212,722857.013,707086.4494,45835.65149,661250.7979,253755.5707,54971.38364,198784.187,0.7665327832,1.785844417,0.8312755599,51.4857309,13.36785818,52.2511138,13.32588764
859,45056.89089,48453.76305,-3396.87216,64196.06047,70610.57489,-6414.514422,167215.0559,47225.51652,119989.5394,0.7372098234,3.764917534,0.6008528236,79.61895554,62.88789527,80.3191202,63.11865004
860,284621.2674,60653.51266,223967.7547,173527.5489,45687.13245,127840.4165,213911.2814,44929.44044,168981.841,0.5615974452,1.831128287,0.6524743027,92.64078625,31.9171817,92.57992128,32.47547118
861,48790.95294,49896.18141,-1105.228472,57135.14869,53887.73779,3247.410892,98006.56726,35425.25345,62581.31382,2.033505518,4.186414429,0.5974573615,24.47582041,40.62918,25.57653742,38.91933593
862,727505.0827,40243.34216,687261.7406,733638.9869,35442.1033,698196.8836,193016.2279,46715.237,146300.9909,2.398838039,1.532631079,0.7460571656,41.79402128,60.94046079,43.95865338,59.90663692
863,269350.5296,60345.55567,209004.9739,138904.3229,49803.27332,89101.04959,190875.0266,45657.82589,145217.2007,0.3183474558,1.792903388,0.8986704812,81.73634368,69.62488487,82.02935168,69.74934937
864,47848.33108,54861.39196,-7013.060887,52529.2618,50773.74887,1755.512925,142168.4933,45212.05357,96956.43974,1.935275774,2.902232827,0.8631566707,90.9665978,54.03327544,92.78882639,54.68502332
865,877805.7663,61519.67755,816286.0888,662585.525,55742.90439,606842.6206,287602.9674,47874.11594,239728.8515,0.9575180565,2.218965083,0.8253555659,9.055212802,43.23604647,10.01032891,43.30382584
866,868615.4252,65681.99929,802933.4259,727504.7181,50692.16212,676812.556,262850.2016,41316.31667,221533.8849,0.1533738074,0.9661256493,0.4326179505,39.53945788,89.56988276,39.47106603,89.70716379
867,901771.6396,62954.38894,838817.2507,842096.214,59010.2122,783086.0018,248872.1359,60317.16809,188554.9679,2.587843727,1.603735058,0.6664378572,39.1137133,19.84281391,41.63806455,19.27308948
868,863182.941,53003.52971,810179.4113,808534.1563,50336.82966,758197.3267,252167.9389,46419.03367,205748.9052,0.03265519415,4.82362287,0.8418756433,31.15474489,63.83807246,31.16997275,63.86695973
869,240614.9207,60867.24215,179747.6785,80627.3359,43798.55551,36828.78039,222617.8458,63351.2666,159266.5792,0.2371597089,5.492481299,0.6766750272,49.82022348,65.89830545,50.05721667,65.88941982
870,780251.3111,54285.16753,725966.1435,678735.0525,54110.09966,624624.9528,214356.1286,47769.00855,166587.1201,0.3955690737,2.474207246,0.7704220288,28.08439421,11.3086808,28.34263545,11.00903709
871,839199.2391,47802.55908,791396.68,515841.5625,46623.27515,469218.2874,219457.2216,43256.2235,176200.9981,1.755746137,2.586820109,0.818136207,30.64164975,58.67548765,32.39051108,58.83082138
872,58622.35903,62739.39459,-4117.03556,59014.40041,59659.61009,-645.2096793,125506.718,50307.64932,75199.06869,2.06161099,1.615914405,0.5913040419,35.81572317,50.68452825,33.84566107,51.29206031
873,227352.0113,54496.61401,172855.3973,151766.7175,45773.5466,105993.1709,181537.5599,47148.75498,134388.8049,0.7941561049,1.600094789,0.6676499214,99.85590816,17.4556601,99.69181203,18.23267772
874,149638.2554,48659.48443,100978.771,180923.9922,50614.66789,130309.3243,215414.7351,51808.9921,163605.743,1.323340226,6.048671984,1,13.85335497,24.52364677,14.78427718,23.58310799
875,871478.9727,47364.07459,824114.8981,761615.4445,58467.54551,703147.899,264346.7931,57757.89791,206588.8951,0.5639545444,4.255902627,0.732221223,40.48404455,95.77254822,40.78374279,96.25027795
876,289265.8858,52212.79174,237053.0941,172644.5024,54242.17472,118402.3277,182321.5204,55090.46521,127231.0552,0.7104130543,1.164227617,0.873618627,50.95709905,29.24012971,50.39207882,29.67075584
877,122169.7724,55863.43248,66306.33987,92104.50294,57954.33841,34150.16454,194716.8639,42304.50126,152412.3626,1.187734587,2.717384713,0.8859516965,19.14503588,4.667854854,18.51414244,5.674178316
878,190810.7813,64554.37904,126256.4023,124860.6334,48006.84448,76853.78891,197276.284,38686.49679,158589.7872,0.4612492233,3.644823261,0.9817725592,95.59484088,63.83223674,96.03410077,63.69151862
879,760163.2832,57870.23195,702293.0512,817518.9493,44923.08131,772595.868,266345.349,59643.82553,206701.5235,0.9181880352,1.701467155,0.8907408595,50.60582178,84.61146768,51.50669079,84.43397318
880,781430.0165,54748.86453,726681.152,813510.9992,36467.61798,777043.3812,247765.0439,49810.11563,197954.9283,1.619009436,2.992603405,0.9897847035,72.39060945,9.862360117,71.11988616,8.85913838
881,189592.5841,65411.43211,124181.152,196168.5589,45355.82215,150812.7368,220906.9458,43393.63379,177513.312,1.227219186,6.527993175,0.7114801392,58.61325215,79.16773492,59.8395731,79.21468023
882,883067.4934,84602.48601,798465.0074,765823.107,45890.54173,719932.5653,317397.0198,50003.55953,267393.4603,0.2504671489,4.303273993,0.7843151522,46.07132886,79.01475153,45.90569023,79.20262818
883,591956.1142,63882.35423,528073.76,785283.6688,32453.04472,752830.6241,299963.5907,52123.34293,247840.2478,0.5242247319,2.008029729,0.8070612375,48.00157701,38.81374587,48.34064501,39.21355139
884,1015576.941,43276.16082,972300.7804,782545.358,50823.34365,731722.0144,241079.9956,44598.43634,196481.5593,1.515431184,2.029499642,0.8679123616,22.33057558,1.30888155,21.38256911,0.1265891129
885,42805.24702,66078.67784,-23273.43082,59264.81261,60835.78553,-1570.972926,115871.4487,61613.13497,54258.31375,0.8592303159,2.426145121,0.4940965607,86.23455215,6.280011225,87.06118068,6.51445098
886,220403.4123,54901.10835,165502.3039,107667.3284,59728.87188,47938.45656,282586.4286,53876.19816,228710.2304,0.8141216206,4.174656321,0.736573678,82.44608488,43.16396967,82.72403141,43.92917535
887,982243.4386,57506.22137,924737.2173,847670.0677,56863.64297,790806.4248,290667.3769,55483.13811,235184.2388,0.5677592333,2.015178363,0.7537083191,71.85994384,90.82086481,72.20612546,91.27087463
888,781272.4789,67704.72674,713567.7521,633948.9459,53004.04521,580944.9007,279149.8998,54420.03905,224729.8608,2.020060915,6.551053451,0.8635267233,41.72531259,62.2915661,42.03301463,60.29507779
889,40658.63003,51000.36979,-10341.73976,61769.47067,54551.90036,7217.570309,126639.7516,65085.26697,61554.48462,0.4112817484,3.561921489,0.8029488035,68.03457212,76.30612242,68.14118437,76.70334591
890,58274.37221,60659.63875,-2385.266533,43668.58524,53547.94779,-9879.362551,170025.1265,45098.40116,124926.7253,1.614301644,4.930669268,0.7259564851,68.42443006,15.88290613,68.68049872,17.47676894
891,263867.2336,66563.18497,197304.0486,115953.0509,55712.86266,60240.18825,141816.8591,45948.30879,95868.55035,1.079247364,1.958732434,0.9608949298,79.32595691,85.8349347,79.960766,86.70774183
892,770220.1989,48067.62221,722152.5767,723673.1388,53787.31877,669885.82,344521.5343,47329.97858,297191.5557,1.021409839,4.006099849,0.5947339512,62.43729804,75.69656309,61.41634503,75.66601769
893,769296.3222,53955.80878,715340.5135,618798.4404,37967.38929,580831.0512,263167.4617,46375.78837,216791.6733,1.741192095,3.895637865,0.8737075259,78.85136567,16.67179463,80.43036676,15.9379653
894,172185.2011,57136.38928,115048.8118,209411.9998,54402.50789,155009.4919,167642.9096,40071.61723,127571.2924,2.1336584,3.921821288,1,55.88255344,61.57870403,56.40852149,63.64651828
895,806652.6714,68935.87393,737716.7975,540990.3698,44693.85738,496296.5124,275499.7981,63699.73942,211800.0587,1.728987441,2.920025246,0.839833085,76.58525012,57.56379516,77.7531592,58.83870142
896,187039.7632,49546.84159,137492.9216,136338.7439,59270.02874,77068.71516,239988.8291,56500.75779,183488.0713,1.922643749,4.500489984,0.8053350521,18.00527142,72.99536856,16.09067374,73.17108052
897,896657.5243,60623.23434,836034.29,586755.9227,53840.23601,532915.6867,290171.4204,46963.692,243207.7284,0.5176845419,2.696021256,0.662554835,30.21574439,17.18265298,30.6601828,17.4481182
898,201305.6564,52869.42516,148436.2313,168829.8465,60835.58984,107994.2566,188704.2047,47458.71866,141245.4861,0.6714189037,1.685212803,0.8029555309,98.60809524,78.43616965,99.02196012,78.96486541
899,676240.712,51536.33569,624704.3763,745680.7469,47957.24083,697723.5061,275939.8294,52086.80903,223853.0204,0.5779612935,1.202397867,0.7851096778,46.20715479,60.33955107,46.37166492,60.89360492
900,57222.02013,53809.77709,3412.243037,60360.42783,66765.3378,-6404.909972,89698.80589,41529.16097,48169.64492,2.543154343,5.631893691,0.7758764746,53.58852864,95.12072461,54.65169849,97.43098518
901,835835.6575,44162.93693,791672.7205,643599.3094,50087.78489,593511.5245,273482.8697,41467.39933,232015.4704,1.233784437,2.291444254,0.8405404859,96.35040363,92.49573121,97.38661956,93.16541813
902,628996.7762,65406.51893,563590.2573,458504.4944,59478.28103,399026.2134,292323.9386,55437.94514,236885.9935,0.3213303399,2.227850181,0.9452595757,24.74148653,21.38489677,25.06215478,21.40551378
903,62255.3502,64507.13602,-2251.785815,36736.94507,53706.93026,-16969.98519,137203.3968,50801.85618,86401.54067,1.829063247,0.885553242,0.8049002999,88.45667573,38.37914686,90.25317384,38.72275547
904,68865.40794,73754.54873,-4889.140795,46349.2083,43511.75807,2837.450228,106218.6061,52149.48762,54069.11848,1.072162103,3.380989437,0.6990132062,6.592149723,67.70498792,7.175869065,68.60432284
905,704745.4933,68075.2092,636670.2841,564464.9127,49689.19165,514775.7211,246056.6318,55681.32531,190375.3065,0.4923118067,2.611831472,0.6847156884,26.869843,38.12645727,27.33335266,38.29237809
906,226403.7593,57171.84012,169231.9192,179493.0207,49019.02983,130473.9909,218892.7063,47858.42567,171034.2806,1.061693907,3.139683547,0.6154690635,98.36913246,24.73217676,99.24962097,25.32541696
907,223271.3908,50436.17288,172835.2179,164070.6806,53973.28221,110097.3983,148745.4553,51450.76917,97294.68608,1.221648471,3.139557084,0.6348210827,87.52505782,17.95373222,88.63527244,18.46348557
908,149134.2157,51612.86347,97521.35223,210488.4057,45338.84122,165149.5645,209260.3091,47028.01384,162232.2952,0.06434004985,1.716369771,0.8204818645,66.38702952,76.38797485,66.39796384,76.45137897
909,957295.5762,67381.80851,889913.7677,792987.6054,45477.54013,747510.0653,292023.8072,48535.03706,243488.7701,1.087453927,1.666087027,0.8089439246,47.36672043,8.865164206,47.83428717,9.846967336
910,72028.8645,72298.4074,-269.5429002,48045.73393,41354.787,6690.946932,122033.6794,47773.02273,74260.65669,1.264502253,4.777819734,0.8295591842,83.61579197,42.28841067,84.51122026,43.18125675
911,72859.12143,56100.39006,16758.73137,42983.30566,49563.42264,-6580.11698,84055.04928,66387.02017,17668.0291,0.6526659538,3.367517367,0.5512374059,48.93813681,10.95904632,49.29809015,11.50347855
912,49279.82148,53945.2232,-4665.40172,47259.76672,42235.38216,5024.384556,158412.8368,50497.20199,107915.6348,1.058241178,2.631031404,0.7591539283,54.67821388,63.04155171,55.69774046,62.75793233
913,45164.83603,58620.63703,-13455.801,58045.9272,56162.47827,1883.448931,129386.4516,58631.19129,70755.2603,1.323716354,3.589270781,0.710284844,90.01116755,18.9554167,91.27881998,19.33657585
914,826233.3228,42381.17183,783852.1509,1037603.137,58781.08617,978822.0504,242456.2039,38305.37741,204150.8265,1.376788873,1.635238465,0.6430361346,71.27178266,5.841368472,72.6224345,6.108365129
915,869323.5046,49575.86186,819747.6428,720453.0825,53654.50738,666798.5751,306201.0906,51142.39535,255058.6952,0.3368381764,1.546130291,0.946926562,90.78367627,68.5563243,91.11415707,68.62145803
916,167120.4276,63059.63565,104060.792,195248.7855,50196.63122,145052.1543,199811.3762,49340.63512,150470.7411,1.8043884,4.390554247,0.977419594,46.06281993,67.72377034,44.28623534,68.03930908
917,46201.24749,51220.11302,-5018.865531,43517.80634,55342.42451,-11824.61817,63396.19695,43591.23627,19804.96069,2.465136597,1.252738895,0.8129159978,99.44243841,74.49174644,101.5141906,75.82768849
918,62314.69851,50926.26753,11388.43098,48336.08553,49841.00844,-1504.922917,146433.6556,46362.15945,100071.4961,1.817270396,2.704088098,0.7838214629,1.756890561,55.37669643,3.573990657,55.35181807
919,184681.6296,59166.73137,125514.8983,171743.0733,54210.67707,117532.3962,213255.9747,39315.39457,173940.5801,0.5756789043,6.02498709,0.8161328425,55.14204976,67.9590486,55.63399784,68.25803572
920,61889.93429,44743.62973,17146.30456,67915.79755,59766.46703,8149.330516,116113.8728,48493.981,67619.89183,0.8068373346,1.655101151,0.765832945,41.22247594,76.35369954,42.02637636,76.28492024
921,48241.11492,36244.52504,11996.58988,44333.80505,49870.60789,-5536.802833,158640.0442,47679.37669,110960.6675,0.2946924602,2.888433215,0.7964039061,27.33806404,50.89458672,27.62385105,50.96648545
922,68264.68867,64353.16722,3911.521452,54159.28273,57883.4512,-3724.168477,151792.1665,48506.79577,103285.3707,0.6465813749,3.86482668,0.8962821492,73.75099846,89.34113935,74.1060179,89.88153612
923,117331.7224,53193.83372,64137.88865,190120.2162,59320.03126,130800.1849,170832.7454,48679.73745,122153.0079,1.002212485,2.500130731,0.8019346979,18.20205233,44.41100151,19.20260037,44.46873785
924,134708.7831,49080.77709,85628.00602,184419.4826,55653.58915,128765.8935,154498.8833,48543.79921,105955.0841,0.4154250684,4.26601944,0.6912628785,63.84913181,5.020849483,64.26091571,5.075731233
925,215033.2718,63157.9351,151875.3367,141735.0846,37588.78223,104146.3024,212228.4487,60258.24185,151970.2068,0.6562974849,2.142059873,0.6171064432,37.0680621,84.36465031,37.39787495,83.79724404
926,793249.6082,58148.22752,735101.3807,686988.7072,53412.63896,633576.0683,248215.7428,41735.2034,206480.5394,0.5100160456,3.504484409,0.6995343571,61.35783887,21.49714764,61.60386863,21.94389782
927,848088.6932,57029.5266,791059.1666,635687.9093,51805.78975,583882.1195,324003.24,57230.35336,266772.8866,0.6174316103,2.919908029,0.6432508468,12.59374126,88.24851186,13.17084576,88.46799352
928,656260.5793,40243.25068,616017.3286,473086.4778,53530.27107,419556.2068,221615.676,52091.82281,169523.8532,0.6023129843,1.375288804,0.7254304496,34.65576508,68.09086443,35.20836328,68.33048113
929,233393.2593,49274.11595,184119.1434,176691.2539,49271.41562,127419.8383,200634.9652,45828.1342,154806.831,0.9089339169,1.599021726,0.7402246365,63.28366088,85.78157582,63.6340602,86.62025406
930,266151.2885,58894.40126,207256.8872,159889.5839,65505.85451,94383.7294,181393.7937,38821.8814,142571.9123,1.646338366,3.229790063,0.7619658751,40.12925646,80.16911091,41.5410881,81.01596477
931,68166.91797,55214.37095,12952.54702,53990.55292,48829.30112,5161.251796,145185.4438,54634.41471,90551.02905,0.1107474073,3.271501795,0.6020786554,42.86850171,90.22841845,42.86047208,90.33887439
932,863206.4348,51935.77678,811270.658,844612.3366,50602.75664,794009.5799,327039.7063,46525.20772,280514.4986,1.070699623,2.430496775,0.7001662483,62.60923588,80.38779646,63.6765316,80.30248798
933,218165.3949,37102.88085,181062.514,146915.5376,61648.08683,85267.4508,216926.2239,50729.19561,166197.0283,1.292870397,4.824942282,0.9249953376,76.92364683,90.40399148,77.45257594,91.58371512
934,216500.816,46803.63989,169697.1761,209273.2885,46358.29012,162914.9984,127316.1038,53987.84419,73328.25959,0.8128419511,2.397587073,0.4682693572,78.86867471,41.5994232,79.48332145,42.13132678
935,894857.1705,57300.95617,837556.2143,855931.0982,59237.56836,796693.5299,252107.483,45313.54141,206793.9416,1.567140132,3.396988149,0.7159218004,24.31218082,24.08856291,24.40077208,25.65319698
936,962417.1871,58973.9889,903443.1982,702648.8778,56090.09936,646558.7785,255008.7002,49421.32077,205587.3795,1.080360793,4.391229825,0.7478740422,37.12642024,69.64128627,37.11983408,70.72162699
937,623840.6489,40231.87185,583608.7771,629347.8688,47925.24801,581422.6208,296587.8607,65316.37101,231271.4897,1.002494345,2.854890137,0.8800289598,85.44052718,27.93659841,86.44243652,27.90235559
938,885516.9396,54566.35473,830950.5848,808848.8441,54839.27922,754009.5649,378261.7519,40519.83185,337741.9201,1.40949414,3.78249454,0.6901132474,16.82246532,73.96645462,16.38179714,75.30529191
939,1060807.687,56236.93869,1004570.748,884787.3331,56158.7381,828628.595,229260.0847,53350.2565,175909.8282,0.2933674597,3.618472858,0.5877065019,9.19078596,22.52550396,9.149759081,22.81598849
940,51949.2006,56508.55055,-4559.349948,59907.33536,61289.46928,-1382.133921,146701.0177,57218.04736,89482.97036,1.125010013,2.993158506,0.8915440825,69.73795378,14.05544682,70.53177984,14.85262165
941,898517.4701,50302.31676,848215.1534,825178.0134,47377.62968,777800.3837,228259.4678,56426.10584,171833.362,1.178681549,1.497279254,0.8336625459,21.22795874,55.19710885,22.35732898,55.53447076
942,60723.77834,66749.84131,-6026.062971,62926.04783,69752.69463,-6826.6468,158853.3084,47262.13984,111591.1685,1.211627555,2.823937738,0.7209919532,62.04812594,6.072140568,61.19337456,6.93088465
943,181641.337,59023.16075,122618.1763,180455.7394,44540.72071,135915.0187,233504.9471,53029.18676,180475.7604,2.908857171,2.145417804,0.7851589877,1.849227758,2.250470229,-0.1305762735,4.381626263
944,1011293.366,62096.35978,949197.0062,702872.9885,47192.02108,655680.9674,261721.8655,53178.2649,208543.6006,0.7305558083,4.878758487,0.8286289314,85.32718355,4.758466987,85.65902648,5.409306489
945,42974.63169,38488.84758,4485.784103,54922.9038,52474.05616,2448.847642,47767.04832,41971.97435,5795.073968,2.080306602,2.513369907,0.7019606361,84.06464488,77.33070811,86.10157387,76.90810207
946,49547.17331,59316.86674,-9769.693427,30837.53167,37313.12745,-6475.595782,148468.7816,51697.7717,96771.00991,0.4090533748,2.498504159,0.8768688309,79.32908659,20.54813303,79.70014464,20.37596861
947,175513.3305,63280.19445,112233.136,152092.4503,50176.71664,101915.7337,205114.3373,41452.96552,163661.3718,0.526230221,2.622592145,0.7483047332,98.37954567,14.74073631,98.67484213,15.17630289
948,253954.4623,57598.54053,196355.9218,144896.3081,53054.98473,91841.32336,215374.1239,46635.87965,168738.2443,0.2883631476,2.452528263,0.80759562,3.632632366,29.39938297,3.900440692,29.50630353
949,182153.367,41082.34534,141071.0217,149640.2397,39758.72912,109881.5106,301232.5054,52503.96707,248728.5384,0.9534001201,4.129922247,0.8589064127,9.174605761,14.99334432,10.09417769,15.24505698
950,46933.57222,35575.33044,11358.24178,58354.06942,53265.11495,5088.954469,169861.4926,56531.86328,113329.6293,0.9618832652,4.036676232,0.9353942746,78.79031162,56.97323225,79.65774768,57.38889328
951,902161.5785,49470.00238,852691.5762,653904.6858,58290.345,595614.3408,222838.3638,53982.16892,168856.1949,0.6113003005,2.361254622,0.7710628788,58.26112576,85.4281705,58.87232642,85.41713391
952,868516.7854,78746.53288,789770.2525,726942.887,51175.33826,675767.5487,260310.0341,44326.58442,215983.4496,1.756250293,2.037988281,0.7757395324,30.91982356,70.66296993,32.50052563,71.42834309
953,36277.35438,51703.44963,-15426.09524,42048.6355,49071.86958,-7023.234072,155019.6073,46562.08413,108457.5232,1.110912488,4.119184768,0.760960123,12.43458081,72.16047001,12.95935596,73.13962147
954,768887.7169,51015.04794,717872.669,645954.702,57406.23472,588548.4673,283187.4515,47723.07243,235464.3791,4.516302926,3.436578022,0.6703286864,53.66142253,29.09237584,56.86171247,32.27908833
955,56619.89519,53277.80944,3342.085751,32845.78703,40191.93097,-7346.143936,109410.833,39981.50542,69429.3276,1.156313095,2.482939496,0.781300362,99.49665123,11.70475747,100.6046869,11.37412649
956,46322.6959,40340.88662,5981.809275,27673.29601,48005.20059,-20331.90459,131346.2948,45954.63517,85391.6596,1.034175173,2.473040132,0.7500890029,57.35562183,17.23727064,57.98905157,18.05475768
957,58507.65927,46515.43507,11992.22419,61099.83301,60935.75766,164.0753485,104637.2543,43531.50774,61105.74655,2.225998153,3.281027772,0.6301708364,16.20909478,4.234762229,17.94479461,5.628467314
958,214555.0493,42588.47239,171966.5769,116036.6796,43770.68448,72265.99514,230968.7079,59714.91897,171253.7889,2.418994909,1.453301507,0.737969585,99.65975455,30.61370292,97.2836016,31.06695065
959,46624.5535,53751.21199,-7126.658487,45315.24583,38173.5124,7141.733433,144921.0966,54546.9952,90374.10142,0.5177714076,1.977049941,0.7678959387,51.37713684,40.38455301,51.89359465,40.4214116
960,898780.7641,64471.91543,834308.8487,500931.7723,43077.73632,457854.0359,342882.9508,45462.02843,297420.9223,1.262740802,1.814033115,0.9379372214,17.4171197,40.94748964,16.27306705,41.48195935
961,805150.858,51345.3433,753805.5147,687031.3906,55381.74046,631649.6501,282003.7283,51195.22629,230808.502,0.5085197681,1.459483924,0.6019667506,92.82991682,74.2691573,92.93575746,74.76654056
962,61114.14438,54559.13682,6555.007561,55906.3455,57112.99205,-1206.646552,195036.8405,60368.06265,134668.7779,2.369969537,1.474585371,0.6127089453,25.6431691,46.07777184,27.9339013,46.68547376
963,162473.1623,45106.03194,117367.1304,158917.8421,48650.52272,110267.3193,188397.3397,48054.75683,140342.5829,3.491473657,4.867943229,0.8522474842,70.69166998,53.47011419,74.01175962,52.38965451
964,683907.4197,54551.88649,629355.5332,673709.3909,54005.09438,619704.2965,260264.0368,56781.52002,203482.5168,0.8363487943,1.64219086,0.8965789729,26.84530946,5.536441187,26.99051927,6.360087601
965,49368.68126,49821.52194,-452.840686,44596.83134,50047.79661,-5450.965267,126072.1207,51859.93017,74212.19057,1.106614794,3.941183513,0.9236677569,70.4939398,64.23784607,71.20680081,65.08426528
966,870266.2585,52901.40736,817364.8512,442610.161,54660.4136,387949.7474,268008.4134,42348.71902,225659.6944,1.827216913,1.643941943,0.7158455756,8.097587169,80.47880147,9.138225779,81.9807312
967,881635.3708,74130.98228,807504.3886,450751.5928,48178.26737,402573.3255,338684.046,45500.93207,293183.1139,0.8422317277,0.8505289176,0.5933041388,46.42435856,78.19123069,47.2000597,78.51931913
968,34021.1031,41808.03881,-7786.935703,45988.67784,56689.79441,-10701.11657,145961.8311,63144.10152,82817.72959,0.6919960842,2.864903659,0.778168028,11.368881,91.87693278,12.05999812,91.84206567
969,214144.7778,58138.71149,156006.0663,164500.3972,52773.82392,111726.5733,205691.8835,51781.63912,153910.2444,1.524890554,2.627197029,0.6294153483,62.13224697,73.39109081,61.17394626,72.20494118
970,54748.43596,48058.19836,6690.237601,44595.41193,45070.28962,-474.8776821,136924.815,52851.28756,84073.5274,0.8587543482,4.246027063,0.727251332,12.9260984,48.05278115,12.12490362,48.36188622
971,202948.6414,50440.30898,152508.3324,177143.4534,58325.438,118818.0154,232243.8502,54489.92887,177753.9214,0.5178345006,3.501001544,0.8564437572,87.91163095,86.89149457,87.95164214,86.37520815
972,169846.5348,56215.43019,113631.1047,146555.3315,46223.41611,100331.9154,216201.1709,61914.5264,154286.6445,1.295666871,1.807774545,0.7839065934,22.99408357,49.8439713,21.9875172,49.02814241
973,185452.1598,63166.76489,122285.3949,170282.392,50989.4138,119292.9782,187548.0834,38477.72987,149070.3535,0.4929176017,2.687604054,0.7960579883,26.8149594,5.25818471,27.20956588,5.553571713
974,48901.15768,47121.7887,1779.368987,34884.59774,46296.12266,-11411.52492,124668.0313,52795.30007,71872.73128,0.7456621957,2.112892138,0.6736048657,22.78356548,61.86702031,23.31199115,61.34092296
975,37711.16015,55135.42058,-17424.26043,44096.69737,55433.07907,-11336.3817,190306.7602,53684.9853,136621.7749,0.1035646552,4.481250244,0.9581823734,95.63830148,20.2285524,95.73915737,20.25208382
976,52689.60692,56503.08425,-3813.477329,44619.26305,43876.53505,742.7280068,132632.3052,46066.32479,86565.98043,0.7908439028,2.657194229,0.8362973352,16.21846326,66.4658224,16.98326483,66.66709989
977,280968.822,67985.90456,212982.9174,191098.8235,63922.55818,127176.2653,156951.2441,49549.86362,107401.3805,2.867853924,4.010720703,0.7848389863,27.99504434,16.96781274,30.84965339,17.24311854
978,181540.9175,59977.55802,121563.3594,131233.0703,52190.09211,79042.97822,199960.0955,55591.14308,144368.9524,0.7712288494,4.779141104,0.8464346754,68.05680956,4.538406843,68.45428235,5.199322359
979,158079.1343,52623.5718,105455.5625,175657.1886,57536.52564,118120.6629,265083.4921,51881.54414,213201.948,0.5849672683,2.816442242,0.6874537894,38.50203707,16.15693678,39.0385022,16.39015742
980,42012.70891,43104.80172,-1092.092809,37097.4177,44259.80346,-7162.38576,114723.6609,58120.24881,56603.41213,0.3612324467,2.318598448,0.8776848588,20.85453474,57.57767017,20.88489034,57.93762492
981,706134.7246,51897.82781,654236.8968,745259.518,48356.05979,696903.4582,282325.0434,55191.36539,227133.678,0.5265648448,2.634599761,0.6961128965,45.45973901,57.27610955,45.96992033,57.40643821
982,221449.9174,60505.94716,160943.9702,139135.1714,51396.66043,87738.51093,159699.5742,43727.80155,115971.7726,0.664422871,3.369527777,0.6061974488,20.47871574,74.42190957,19.94103652,74.81224124
983,979167.8302,49620.14959,929547.6806,779756.3966,58143.12275,721613.2738,293906.0587,52494.33166,241411.7271,2.064165963,3.979306727,0.918230134,75.94223878,32.17793714,77.81251066,33.05135814
984,834545.2493,50908.55102,783636.6983,700036.5068,40820.24334,659216.2634,254252.553,38260.07216,215992.4809,3.309537679,1.828450443,0.5901598679,69.37990504,88.95666807,72.68934038,88.98269396
985,154978.8046,60044.31265,94934.49197,155230.9103,41529.4886,113701.4217,234974.7962,52660.24723,182314.549,0.2826788889,2.482804987,0.5682155322,4.350812718,82.95286227,4.615601167,83.05182909
986,928510.7474,44270.5541,884240.1933,547660.1443,51824.03841,495836.1059,252823.1005,53793.47556,199029.6249,0.5114559032,8.385353435,0.6606195375,97.923999,98.48895645,98.23943078,98.89156039
987,47351.33371,56685.67734,-9334.343628,46967.99123,52075.60071,-5107.609478,139304.7523,47369.82404,91934.92831,0.909699176,2.650240946,0.8307718373,92.89910588,55.42988036,93.80562005,55.50593722
988,60093.57533,53599.85812,6493.717217,29374.76644,36600.38903,-7225.622594,199385.4463,57524.21614,141861.2302,2.924568174,2.077093908,0.7513703738,92.62708492,69.36253573,94.76338482,67.36520708
989,63389.03602,61526.90976,1862.126261,45480.98487,51347.78704,-5866.802175,192426.2731,52508.80884,139917.4643,0.8834439909,4.571999676,0.8694398347,97.85971534,99.49660392,98.73982513,99.41992248
990,161155.8058,52674.69575,108481.11,203322.953,61687.97261,141634.9804,187151.3823,54325.25181,132826.1305,2.633372212,2.71326188,0.7113059913,76.63817782,66.28104726,78.19863613,68.40227782
991,816731.79,75308.63182,741423.1581,728253.1034,36986.46038,691266.6431,256975.0046,49206.0837,207768.9209,1.002821372,2.643896075,0.863151276,78.56981511,71.61315001,79.48696564,71.20758174
992,55002.40805,55174.12197,-171.7139192,43899.99095,49332.48743,-5432.496477,160406.6379,49154.35308,111252.2849,2.055847726,1.406909517,0.5505588146,67.76309568,99.28719846,68.90209646,100.9986853
993,804365.5451,63666.06219,740699.483,689980.9723,53438.42266,636542.5496,373914.3058,53366.40382,320547.902,1.011920241,1.554854499,0.6903938024,77.86565266,45.32276677,78.82943076,45.63117291
994,894874.9898,53754.07027,841120.9195,796096.2762,42772.89064,753323.3856,377948.1184,66880.88303,311067.2354,1.493275124,3.306343837,0.8057473026,41.61039392,83.7653616,42.37825082,85.04609045
995,149184.113,48177.78696,101006.326,210556.8714,57039.07496,153517.7965,198577.7273,49021.0587,149556.6686,3.133654845,2.094066849,0.6051193045,85.59687323,19.66424448,88.72355378,19.87319765
996,808359.3081,57919.87002,750439.4381,942687.3368,54354.69978,888332.637,338970.4702,54911.86484,284058.6054,1.504036725,1.44411881,0.7663222041,38.87519114,69.48430691,40.22799327,70.1416142
997,56186.12485,60476.50533,-4290.380483,69008.52678,63819.62523,5188.901558,67670.2886,49785.26386,17885.02474,2.660582342,2.519373164,0.8224839808,16.14693122,51.85231943,18.23169957,53.5053286
998,275815.7893,57792.39093,218023.3984,173354.1522,50558.49823,122795.6539,227510.8497,45783.59956,181727.2502,0.8856257557,2.33497422,0.614697522,18.80034882,16.69120309,19.68136289,16.60094134
999,963179.3668,53344.94749,909834.4193,751203.4556,65922.93367,685280.522,228948.8632,64305.43928,164643.4239,0.9142341298,1.798033142,0.8704237312,80.31022636,78.38145799,79.40987386,78.22274624
1000,55381.86781,55290.77739,91.0904155,57795.18783,47413.62025,10381.56758,131178.7466,42068.94907,89109.79755,1.143803729,2.954792279,0.5434003497,52.88622351,52.68103405,54.01663568,52.85554849
1001,997685.8322,61244.93854,936440.8936,781946.6219,45292.11713,736654.5048,316664.232,55884.6829,260779.5491,1.020328743,2.615035269,0.676165508,53.59416628,27.77788821,53.52611478,28.79594505
1002,148347.3023,54187.59703,94159.70526,189019.0557,65537.95933,123481.0964,245625.3065,33763.2612,211862.0453,0.4473328795,3.36794133,0.5774791871,12.41364554,97.53158378,12.86090088,97.52325494
1003,50439.91623,64243.48523,-13803.569,62970.37738,51926.10553,11044.27185,170267.0103,61857.21223,108409.7981,3.642790802,6.569578311,0.7725569665,97.59556215,65.54899296,100.1520437,68.14405115
1004,54413.50633,57625.21417,-3211.707844,76780.59999,69700.36961,7080.230384,167693.392,49606.75394,118086.6381,0.06759825844,2.387337375,0.7744268572,60.50919481,67.70750585,60.5718473,67.73288675
1005,323277.6138,66309.74461,256967.8692,149230.0198,55939.73701,93290.28275,189531.1996,36617.20867,152913.991,0.4778364533,5.9852148,0.7087466456,40.88770145,56.59118827,41.08244113,57.02754149
1006,183907.0927,67220.88207,116686.2107,209924.4209,57016.15103,152908.2698,213356.339,49271.96482,164084.3742,1.094393551,1.46827125,0.9128473114,48.32756868,68.91372271,49.39597727,68.6766566
1007,212792.0737,49104.85105,163687.2227,184631.1141,46984.40177,137646.7123,181079.5818,41623.9574,139455.6244,0.4518371672,2.754235829,0.8449333225,90.62025166,45.06980589,91.00520151,45.30638662
1008,56467.09641,56979.29845,-512.2020416,68611.2732,58231.33451,10379.9387,236181.9049,58676.67942,177505.2254,1.325462857,3.405460194,0.5774936345,21.00100484,20.30204038,21.64824301,21.45873158
1009,49060.83976,45851.34103,3209.498729,49109.22234,52688.37385,-3579.151514,112238.6062,27966.42001,84272.18616,0.4135563102,2.259743274,0.9334986864,95.50992176,83.29964987,95.89431072,83.45220789
1010,799155.0745,42867.73862,756287.3359,857211.4564,70046.8096,787164.6468,331671.6813,44376.02763,287295.6537,2.393209658,1.153070924,0.8606573209,36.84601601,58.76149243,37.91572179,60.90232918
1011,216387.1815,64908.15431,151479.0272,165868.0752,45595.79733,120272.2778,182924.2711,59107.69435,123816.5768,0.03908786713,2.865370222,0.7973310233,90.35851958,85.29465573,90.37380928,85.25868232
1012,58623.85627,58044.02038,579.8358858,27064.00235,41205.21887,-14141.21652,219377.0553,54860.4272,164516.6281,0.8290397525,1.571132108,0.6325436141,36.45393207,64.11637633,37.28297175,64.11673248
1013,250649.2433,62331.2473,188317.996,183236.3157,50333.04682,132903.2689,220573.5031,51716.54338,168856.9597,1.005429728,1.912561302,0.9496796161,17.12027058,31.7754833,16.89632569,32.75565554
1014,68034.97028,62986.90391,5048.066374,59762.04978,57996.64418,1765.405598,108415.9808,61140.53362,47275.44718,1.546030113,2.980023607,0.8669304966,41.13586694,55.15796114,42.29436256,56.18172724
1015,56257.06949,62505.50476,-6248.43527,58254.83752,62707.68115,-4452.843629,136944.6743,57970.00938,78974.66495,0.9629526815,1.225517262,0.8940758191,29.27229487,48.36294451,30.2347066,48.33067158
1016,975026.266,49986.55775,925039.7082,873090.6823,52007.44987,821083.2324,326828.6035,34728.99186,292099.6116,0.7217096665,2.354519396,0.6799911558,96.20994538,90.99097166,96.68041137,91.5382619
1017,75436.66489,55081.54996,20355.11493,64407.40655,60568.74965,3838.656904,65162.3055,50532.70641,14629.59909,3.67088691,1.659385054,0.9236050145,62.0144484,75.80352301,64.52283744,78.48370866
1018,651430.6245,46356.76374,605073.8607,832731.2244,49534.64621,783196.5782,280705.9575,54442.52784,226263.4297,0.872165564,3.147356283,0.6335435545,94.76415676,90.41990557,95.59536491,90.68403769
1019,230513.1042,43970.14262,186542.9616,190454.5538,62568.98626,127885.5675,245968.2736,43959.42884,202008.8447,1.114954619,6.159052229,0.8146516439,25.90939201,66.36513753,25.37359525,65.38736167
1020,47359.68621,45848.26014,1511.426062,42629.86158,44355.69954,-1725.837966,135176.7019,53770.45948,81406.24246,0.2031467566,1.613559795,0.7569454696,9.754112854,39.22212443,9.952107804,39.26758436
1021,61181.49891,60391.59073,789.9081798,68191.40784,57561.54173,10629.86611,155778.4083,52108.42353,103669.9848,0.7497864413,1.916115747,0.4378570754,98.74153276,44.13037194,98.19783971,43.61406043
1022,663128.0702,67924.96172,595203.1085,628799.7087,37957.95207,590841.7566,311532.6641,46626.7611,264905.903,1.039997145,4.679885837,0.7854624017,20.23427231,55.25365799,21.26701774,55.37625872
1023,64968.57908,60464.41593,4504.163147,27364.14709,46065.75065,-18701.60356,91131.16223,58918.26976,32212.89247,1.321133375,2.288078802,0.805067927,83.01258799,94.99382013,82.91232408,96.31114338
1024,153099.8824,47315.89031,105783.9921,196310.9543,52181.94188,144129.0124,209693.3077,57819.70442,151873.6032,2.005824221,5.443905875,0.7351712542,98.01665355,82.77135357,99.99281297,83.11504641
1025,206068.0604,61484.39606,144583.6643,161877.5838,48408.59362,113468.9902,206905.1993,53768.71276,153136.4866,0.1890334981,3.725065149,0.8483259703,4.683659039,60.15916509,4.549456371,60.292294
1026,194061.9256,43988.63144,150073.2942,160454.1135,45559.78145,114894.332,174295.6302,40211.51489,134084.1153,2.290339882,2.909712464,0.8676320127,1.760161915,7.838807745,0.6718593376,9.854063133
1027,837663.5692,60227.56302,777436.0062,703998.3746,55472.99942,648525.3752,259424.5908,39804.36783,219620.223,1.756944507,1.702210259,0.624624372,35.47412004,19.71092451,35.62576917,21.46131205
1028,31544.57577,47391.04756,-15846.47179,64456.5633,59322.03064,5134.532668,186273.7358,48790.79725,137482.9386,0.4647294808,4.614489674,0.7017959406,22.87921652,59.68704767,22.94428866,60.14719885
1029,777168.7131,65501.35084,711667.3623,905837.8219,58070.4058,847767.4161,285549.337,56103.91686,229445.4201,1.227482441,3.230234916,0.6345543663,87.96952239,36.85235062,88.49753286,37.96046528
1030,203046.2523,52433.93295,150612.3193,211127.7331,56991.37308,154136.3601,191264.4947,49678.1183,141586.3764,1.126844547,3.948163122,0.7867989217,24.00094039,25.44008808,24.8360004,26.1966946
1031,252324.7324,47196.86114,205127.8713,144575.7578,50255.77855,94319.97929,222646.4708,58601.86499,164044.6058,3.271252051,2.427838668,0.5573045627,0.4552930811,50.98448195,3.722300777,51.15106735
1032,32755.21153,51136.7552,-18381.54367,43471.85166,60899.71413,-17427.86247,70848.03489,51288.28319,19559.7517,1.430371121,2.489806175,0.823067022,85.7529897,75.32278571,86.75720789,76.34136677
1033,54721.94135,53090.89014,1631.051211,63147.12069,61882.76766,1264.353025,114929.6702,56801.85974,58127.81042,1.661272721,2.308986964,0.8216191265,92.61449492,27.62932556,94.26218125,27.84135581
1034,624396.9823,54575.44157,569821.5408,852419.3,49206.10655,803213.1934,196597.4902,54219.01285,142378.4773,0.9048353056,2.235165252,0.808743598,92.79023479,98.83408362,93.53244611,99.35162519
1035,720894.3283,45405.01075,675489.3176,678545.9257,59366.81171,619179.114,294431.7017,57783.16449,236648.5372,1.43927646,2.592462231,0.7617764376,8.256238874,34.14332016,9.148581574,33.01405436
1036,738312.2929,40946.6792,697365.6137,774687.1782,56027.72524,718659.453,341713.7568,60038.14168,281675.6151,0.2829358537,3.750237374,0.7572341978,28.90591432,75.66657374,28.62975874,75.60500434
1037,745453.1103,65186.02238,680267.0879,629136.345,48113.14988,581023.1951,318294.549,43500.94562,274793.6034,0.6014342331,3.106573229,0.8279305085,58.81526271,76.23394366,59.41248416,76.30500472
1038,867446.1776,53856.94731,813589.2303,669706.7065,53538.21545,616168.4911,263863.3425,46238.1052,217625.2373,0.4760195953,2.445643414,0.7312779102,41.34564409,59.62755424,41.09600822,59.22224376
1039,124151.6074,47402.48909,76749.11834,174376.3304,52957.02307,121419.3073,181598.687,45451.75219,136146.9348,1.085618138,2.789206423,0.7355799804,33.69990168,19.08279073,33.64600208,20.16707002
1040,73633.18176,74509.59553,-876.413778,48394.23655,54049.73057,-5655.494025,149645.7094,57556.35823,92089.35119,0.7363829801,2.865173355,1,12.87768405,25.18835452,12.86240082,25.92457889
1041,578222.2883,47105.1772,531117.1111,728884.8313,54801.1717,674083.6596,299841.3985,45016.97574,254824.4228,0.3460601027,2.861130762,0.9856359789,46.13898329,15.35104488,46.46393925,15.4700458
1042,898204.7735,67844.44629,830360.3272,640880.0285,59002.39153,581877.637,320910.5039,55217.46889,265693.035,0.1758011999,2.328153959,0.7581014992,52.88270785,35.11735008,52.73700256,35.01898327
1043,911148.9857,56763.47498,854385.5107,646963.007,47654.36744,599308.6395,248716.9972,39796.85159,208920.1456,1.175714723,0.9890619188,0.8054389974,36.26472319,90.00131835,37.06123143,90.86611875
1044,235249.2548,61362.75083,173886.5039,164931.3779,41649.25673,123282.1211,208895.6562,52314.74559,156580.9106,0.5271621488,0.8160140295,0.7565768663,25.24941674,66.13120687,25.36035783,66.64656306
1045,241126.0625,62697.88562,178428.1769,208814.9815,52878.27601,155936.7055,220218.5066,41025.90247,179192.6041,1.572980037,4.157447828,0.6199989849,53.85662116,70.13145737,54.38903636,71.61159258
1046,706755.8268,54960.11613,651795.7107,616594.5116,51917.34209,564677.1695,297565.4255,42665.26252,254900.163,1.783098814,4.490373518,0.7012464441,81.49737492,4.394557118,83.27651006,4.275731477
1047,118546.6063,42767.23668,75779.36962,153614.6885,48878.24008,104736.4484,164883.4835,52774.57606,112108.9074,1.109862692,8.033333011,1,95.6817793,84.0269946,96.76599236,84.26422287
1048,266576.8318,54335.1055,212241.7263,157110.9327,59101.46119,98009.47153,210285.5094,50576.44591,159709.0635,1.72357757,2.871508375,0.6466647545,62.65723109,0.9969467189,64.32430984,1.434631629
1049,1035448.957,57544.96571,977903.9913,735568.3617,60617.5772,674950.7845,283812.0285,47654.42726,236157.6013,1.950293264,2.041265518,0.8152722911,60.71317649,53.87672277,61.51189877,55.6559604
1050,641737.4034,50036.07638,591701.327,498259.2755,43722.24485,454537.0306,330370.803,49998.34554,280372.4574,0.6690539534,3.833246528,0.6932059211,1.569408108,98.22158512,2.148068667,98.55742013
1051,1007773.942,60070.25925,947703.6828,794167.129,53444.89297,740722.236,286486.7169,49138.48533,237348.2316,1.281387055,1.656287948,1,65.45085013,10.87451836,66.72929263,10.78769918
1052,36912.06769,45782.35115,-8870.28346,64173.76467,55111.40133,9062.363337,83275.93461,55264.54189,28011.39272,1.491377421,3.873530919,0.8423123818,25.03152223,0.09137316836,24.64416622,-1.348821934
1053,820327.5993,45238.50494,775089.0944,585331.6902,46173.24858,539158.4416,256787.4793,45063.19197,211724.2873,1.113071583,3.025455751,0.8420325973,70.61165463,75.96761403,71.70456458,76.1785078
1054,976750.8509,41695.91093,935054.9399,712035.5954,64099.28937,647936.306,336698.6616,55849.54719,280849.1144,1.684018259,3.647416054,0.6472596306,8.292766787,13.67701693,9.495066692,14.85616596
1055,153532.2808,58168.3899,95363.89086,121125.2896,52811.73791,68313.55167,188970.7432,55112.09958,133858.6436,0.7123212171,2.246365683,0.7626728682,61.93476784,62.26029638,62.58200215,62.55776783
1056,71335.43833,65566.1522,5769.286139,38143.50978,51104.76031,-12961.25052,148269.6235,57277.25117,90992.37235,0.70772014,4.195150278,0.8158960702,56.39682115,15.16590006,56.87626429,14.64532147
1057,195078.0276,59096.40628,135981.6213,104107.47,56932.85919,47174.61077,278218.4588,48056.28018,230162.1787,0.7258747694,5.397602341,0.5241949479,81.97933443,19.81055073,82.39634972,20.40468239
1058,807506.291,69886.54953,737619.7414,849317.3796,38110.59057,811206.789,285178.7174,53813.94511,231364.7723,1.642731415,2.922245379,0.701333768,96.18170425,47.37389995,97.38524144,48.49196288
1059,900443.6509,53822.10233,846621.5486,684370.2884,65768.74678,618601.5416,289657.9684,43464.57161,246193.3968,0.8778026894,6.464840143,0.6726586097,92.74857076,72.37058888,93.10203828,73.17408018
1060,669245.1138,57824.79731,611420.3165,696358.3615,59339.96702,637018.3945,323874.7387,58617.42929,265257.3094,0.2404769496,2.948004638,0.7451854597,43.05740823,60.2455072,43.26555063,60.36594767
1061,220515.2525,45329.43403,175185.8184,184140.1671,66090.728,118049.4391,234253.5482,34846.25215,199407.296,0.1295140125,3.717911733,0.9387686943,79.43258349,12.64632995,79.43348107,12.77584085
1062,1091676.009,68976.55879,1022699.45,621014.4629,35763.9621,585250.5008,221234.8142,46692.19704,174542.6172,1.362412928,3.534414685,0.9260820358,79.2639751,87.86344017,80.31572441,88.72946116
1063,712271.3043,56307.01904,655964.2852,793823.1411,53658.0586,740165.0825,291861.041,48959.07135,242901.9696,0.7276165942,3.247325224,0.8577801036,57.83415049,36.09947555,58.30123999,36.65737636
1064,62375.64434,58282.76428,4092.880055,56696.57632,61807.00881,-5110.432488,168516.9242,38436.95525,130079.969,1.139746056,7.014674219,0.971023736,41.85553885,78.32264182,42.97584383,78.53225532
1065,182138.856,49752.73294,132386.123,157872.9762,57454.99345,100417.9827,197021.4079,40491.73448,156529.6734,0.1306772505,4.97363181,0.5064682405,62.65682661,48.59822533,62.78690227,48.61074996
1066,882996.0053,72283.09487,810712.9104,865321.1499,55097.08034,810224.0696,341464.8283,46689.17445,294775.6538,2.002813996,3.375853022,0.9114318582,25.90004117,36.9215644,27.16522178,38.47416928
1067,191589.8147,43939.11083,147650.7039,203926.4557,49600.18645,154326.2693,217807.2577,55299.09911,162508.1586,0.2372889923,3.484912898,0.6591881866,86.40631073,85.34960791,86.5182379,85.55884073
1068,251192.7647,48489.43057,202703.3342,200499.4008,57801.88271,142697.5181,148820.1282,40809.48771,108010.6405,1.028251353,2.273832628,0.7413348073,24.8986613,57.2874583,25.40591568,58.18188205
1069,48785.07384,51112.05353,-2326.979695,63591.68563,57207.96485,6383.72078,104032.6135,43839.90377,60192.70975,2.891821213,2.397946545,0.9353589406,72.27938585,90.81610687,74.43382772,92.74509888
1070,200767.6458,52322.85351,148444.7923,196989.3464,49673.23798,147316.1084,281647.9364,44124.26894,237523.6675,0.2102022341,2.344117428,0.9868534442,38.52453303,29.29204524,38.57469327,29.49617493
1071,856860.9422,58095.09352,798765.8487,703847.6035,63349.02088,640498.5826,290988.8871,57791.0974,233197.7897,1.16664591,1.626687468,1,68.16280998,45.65326733,69.22646771,46.13253229
1072,30089.30942,53029.16215,-22939.85274,45829.90461,45603.58579,226.3188177,137730.5393,51369.82074,86360.7186,0.5171862571,3.098171482,0.8599014792,83.29729963,45.44116401,83.76789744,45.65568515
1073,155019.3633,66059.171,88960.19231,173745.7001,62085.40438,111660.2957,223888.8811,49338.14882,174550.7323,1.073459433,3.482291902,0.6238286881,9.868792549,35.68913569,10.42901955,36.60481077
1074,641220.5517,41744.28362,599476.2681,777316.9856,44718.5407,732598.4449,302287.3279,56867.81292,245419.5149,1.400900116,4.22791106,0.8946861771,12.35399189,32.9599085,12.68572877,34.32096389
1075,675749.4882,37984.53798,637764.9502,743979.1228,56361.65286,687617.47,256180.3437,53415.43609,202764.9076,0.6426204522,1.746067915,0.8976832972,73.82694992,55.9864932,74.26700773,55.51818757
1076,30701.29088,58988.23749,-28286.94661,68376.11144,56452.1808,11923.93063,166865.6098,51760.68256,115104.9272,0.5668714978,1.665946466,0.8054713537,12.99767693,22.95220294,12.99997293,23.51906978
1077,630601.8175,44290.01864,586311.7988,679891.7889,45146.60623,634745.1827,349128.4621,60540.78265,288587.6795,1.091256259,1.730995095,0.8689069777,93.91091827,10.52136673,95.00211986,10.53229031
1078,166071.5306,61312.84482,104758.6858,204110.1904,53237.01603,150873.1743,194318.8244,46297.84703,148020.9774,1.635185796,3.211935568,0.7574405853,52.88835776,29.98812995,51.28869666,29.64913594
1079,66705.45829,62595.23742,4110.220872,47781.36054,50935.58178,-3154.221232,216860.4622,53410.01956,163450.4426,2.755986689,1.949314333,1,75.25043028,51.4351478,77.91788115,52.1280897
1080,927776.0703,62180.41815,865595.6521,870008.6987,51642.33456,818366.3641,329089.6658,51296.27432,277793.3915,0.8440286908,9.136579836,0.8704283334,89.97869169,86.62551615,89.51989399,85.91707483
1081,816421.5895,47597.20588,768824.3836,686255.8719,61626.76165,624629.1103,297315.1972,45298.36036,252016.8368,0.4525405018,3.757409866,0.7414826408,84.27762083,61.63902883,84.10722625,62.05826456
1082,753673.2219,61817.24543,691855.9765,752698.8976,55775.10289,696923.7947,289770.9032,48982.11364,240788.7895,0.9126397036,3.429900114,0.9117715088,70.74832173,17.656119,71.42388974,18.26973052
1083,62401.62399,67308.70113,-4907.077142,48481.23612,53864.96895,-5383.732824,166557.6475,60932.61733,105625.0302,0.5642173264,2.628937733,0.9841516593,45.8882904,67.0349308,46.30816665,66.65804207
1084,729905.4657,60195.21544,669710.2503,914943.2939,45990.23843,868953.0555,231698.033,46346.85724,185351.1758,0.8220451704,1.598234601,0.9301831094,6.298760242,50.07250562,6.742401228,50.7645612
1085,927083.9632,49659.93384,877424.0294,671228.6598,48047.9075,623180.7523,301191.0675,39775.48288,261415.5846,0.5508584491,2.816030069,0.6630563288,7.678418036,21.57087358,8.11702617,21.90414215
1086,183197.0955,72415.52426,110781.5713,167225.0468,57184.63424,110040.4126,264100.9915,52393.4664,211707.5251,1.782953242,1.593313563,0.8701536029,26.13236215,7.003975544,27.70984732,7.834916456
1087,975284.3394,44481.47084,930802.8686,876809.7465,55145.82399,821663.9225,335955.7959,48626.25374,287329.5422,0.6222915812,2.140414373,1,44.03548105,72.65530154,44.5640362,72.98374676
1088,773132.9514,69765.00659,703367.9448,463594.0958,52838.94402,410755.1517,271602.2861,50558.02951,221044.2565,0.8315878592,2.587053032,0.7034743035,50.5971037,87.98664815,51.42493288,87.90767208
1089,185333.6897,63987.20278,121346.4869,223004.6972,53802.93613,169201.7611,233768.5191,35090.80193,198677.7171,0.6736263956,2.576602421,0.7106789017,33.14463099,72.88992316,33.3633235,72.25278416
1090,52909.31218,47467.02534,5442.286831,63862.67423,54502.54936,9360.124866,216367.5015,49199.19727,167168.3042,0.7087342155,2.937265943,0.727987904,33.98607889,94.28986476,34.69256004,94.34633227
1091,70253.16295,65849.48827,4403.674682,36773.00216,45428.20476,-8655.202605,141609.8528,61483.96027,80125.89258,1.178102185,2.963610993,0.8570492838,32.49686451,33.69353372,32.16541104,34.82404836
1092,198273.1316,65122.6506,133150.481,144732.3868,46551.79417,98180.59266,268827.2976,42289.77629,226537.5213,0.7259812135,1.981823748,0.7613462928,14.11178693,76.12422316,14.03552577,75.40225851
1093,43928.86666,43400.05812,528.8085431,41947.08833,55056.97864,-13109.89031,179472.148,45239.823,134232.325,1.01955686,1.054079175,0.8833685821,56.91766546,86.49915405,57.90449774,86.75539268
1094,51484.68724,62261.42999,-10776.74274,48410.45104,51270.1395,-2859.688467,149749.9991,49698.96383,100051.0353,2.079876033,2.374557364,0.6102144021,69.22744605,40.21746349,69.35764795,42.29326015
1095,69497.42651,61573.9927,7923.433806,64137.37659,55397.92837,8739.448223,93957.20735,46246.86949,47710.33785,1.753498432,3.85633282,0.895698166,63.52722709,88.07876793,62.9255696,89.72581529
1096,53854.82908,60059.89915,-6205.070071,47906.79229,50212.48681,-2305.694525,138055.5851,47139.86367,90915.72142,1.671046169,1.716403077,0.8342236047,97.07320538,6.903503556,95.82982681,8.019928668
1097,925545.9664,52209.06871,873336.8977,683859.8718,46578.33287,637281.539,323717.0731,48479.50412,275237.569,1.005860898,1.987704271,0.9950843386,65.28000186,49.78152088,66.22062402,50.13787198
1098,816273.2728,48194.92649,768078.3463,834293.8497,70012.47962,764281.3701,208832.7393,57445.93773,151386.8016,1.670879184,4.491025363,0.9678649392,37.90580521,97.03563401,36.41916116,96.27292389
1099,54764.37639,52450.83796,2313.538431,47628.59169,50049.1554,-2420.563707,135299.9206,38029.41059,97270.51002,2.077709883,3.544336116,0.5349729312,58.05526318,79.4417191,60.09769654,79.82295957
1100,74231.63167,51305.55019,22926.08148,61099.74202,63066.75611,-1967.014097,118504.8078,37430.86194,81073.94584,1.179446633,2.839312619,0.7267240975,3.905398006,86.62229637,3.519630454,87.73687152
1101,47164.30548,40814.22317,6350.082305,44222.20039,46314.06707,-2091.866684,146410.5311,51197.23257,95213.2985,0.7405658098,1.812549824,0.75849652,28.7943254,18.73704472,28.14046099,18.38933929
1102,720782.2108,62116.39034,658665.8205,900375.0621,50168.19874,850206.8634,279763.2698,56832.50956,222930.7602,0.4871438755,1.990401704,0.7959929765,33.52904506,36.78356296,34.00997171,36.86114329
1103,816478.2656,58910.15598,757568.1097,868924.2363,51018.15785,817906.0784,247003.9245,49484.61483,197519.3097,0.5876741751,3.643729256,0.6756218547,82.45619379,2.194295427,83.01908906,2.363144039
1104,34086.29776,51997.78986,-17911.4921,49799.74114,55566.8509,-5767.10976,57775.74626,46347.06433,11428.68194,0.4095324785,5.776043412,0.7893168221,88.68825196,17.48919148,88.99564608,17.21858899
1105,44882.31498,49733.36859,-4851.053606,41438.26088,43250.28355,-1812.022666,211534.7564,59426.52262,152108.2338,0.08983622715,2.072535742,0.6491737518,19.20945745,46.63918991,19.29304829,46.60627914
1106,956388.6384,52763.11197,903625.5264,681872.0198,48926.29797,632945.7218,249013.7704,48328.98324,200684.7871,2.307247611,3.545781563,0.77622074,44.56578051,11.19636617,46.37664308,12.62611031
1107,67978.39678,51778.70504,16199.69174,33340.00538,44722.80424,-11382.79886,177678.9104,64220.09678,113458.8136,0.3669974056,2.077266779,0.8037137036,25.94002104,11.014735,26.18141215,11.29117202
1108,718063.1628,44657.89182,673405.271,827336.4799,42361.73303,784974.7469,263888.8659,37456.11388,226432.752,0.2405902991,2.440156999,0.8098192026,3.072125925,85.11804069,3.265140575,85.26166881
1109,903814.7519,57742.37317,846072.3787,774791.1835,50360.70893,724430.4745,312516.4758,43067.6299,269448.8459,3.879921145,1.522569624,0.8940378283,25.6543722,91.95929435,27.99723675,88.8665975
1110,62232.22936,58973.68006,3258.54931,43219.89009,46519.81846,-3299.928368,136682.1472,57103.84896,79578.29826,2.620474863,4.70562471,0.7591369846,15.31958229,87.30057605,17.87004204,86.69887549
1111,886765.7201,59772.72832,826992.9918,878871.2901,49993.23304,828878.057,292537.5494,45267.28692,247270.2625,0.1674338107,3.195467599,1,48.49676394,66.42657766,48.50404234,66.5938532
1112,160989.2017,48639.74879,112349.4529,175574.6226,49607.72216,125966.9005,166726.0121,46419.16364,120306.8484,0.4405065612,2.976228596,0.8273377997,37.55278279,40.40947754,37.50449499,40.84732948
1113,979973.3997,69087.49331,910885.9064,780469.7183,55113.1531,725356.5652,261691.5996,48272.78767,213418.812,0.934531356,2.66398718,0.7467181691,79.51530602,50.21606194,80.38091471,50.5682983
1114,56984.54759,57868.07686,-883.529275,55155.72588,50862.20113,4293.524756,137188.0156,60467.77368,76720.2419,1.44300252,3.358306813,0.540228972,90.26882742,15.95195474,91.45282076,15.12708138
1115,45293.05331,44211.35923,1081.694085,49596.4243,54226.10504,-4629.680741,158089.4107,55718.81953,102370.5911,0.2838476021,4.009185606,0.8302436315,53.54513224,21.36431634,53.79413294,21.50058122
1116,21206.25247,47704.45598,-26498.2035,35168.48431,46242.62359,-11074.13928,135350.0361,50168.10766,85181.92843,2.57288667,5.526397796,1,42.75716388,40.50801815,44.44673345,42.44840484
1117,639665.3551,47766.3956,591898.9595,994354.3324,47430.10288,946924.2296,242441.7336,51321.58289,191120.1507,0.4581752371,1.910392167,0.8616220014,33.20824534,14.44294893,33.10782451,14.88998383
1118,59604.45839,48827.3607,10777.09768,50876.82893,59912.3944,-9035.565466,228341.2426,40917.07294,187424.1697,0.6959594259,2.439228952,0.881961678,36.07759646,0.9583785632,35.64549745,1.503951627
1119,63066.74712,57107.76657,5958.980557,61967.26214,59494.34455,2472.917593,133401.7514,37694.98337,95706.768,0.2998458283,2.253644036,0.6359147128,27.96840664,90.29885148,28.08335944,90.57578716
1120,913126.811,40295.73651,872831.0745,838765.1677,47465.73618,791299.4315,252713.2903,55426.51514,197286.7751,0.804356617,1.216379235,0.8952032506,44.36999356,84.84956035,44.77144006,85.54657561
1121,147145.3296,53679.68115,93465.64848,199149.4788,54942.83407,144206.6447,185405.0737,54843.91966,130561.1541,0.6926941726,2.132672206,0.9333828386,75.55509846,91.82804556,76.24579424,91.88062452
1122,43231.2938,46070.84922,-2839.555426,52224.28961,59992.60602,-7768.316411,140601.8732,47954.3174,92647.55582,0.5774925075,1.331034604,0.9121611643,62.09546286,43.27341652,62.67215581,43.30379471
1123,67426.35438,58896.84464,8529.509739,59953.59291,57435.94971,2517.643196,211262.3007,50567.78654,160694.5141,0.4740942621,1.498505152,0.8477934002,70.95736942,81.91775404,71.30508601,82.24002496
1124,73308.86431,70696.92357,2611.940741,46722.47797,61613.57235,-14891.09438,145772.7878,42384.14038,103388.6475,0.6932326056,2.72786271,0.9196526645,42.48212035,40.87201167,42.96596844,40.3755618
1125,256938.9894,64350.48737,192588.502,196764.9664,59910.07215,136854.8942,164402.1424,48429.14306,115972.9993,0.6715243694,5.801089106,0.7819774527,12.38088077,51.14958548,12.927491,51.53966525
1126,49536.70938,59242.03776,-9705.328375,23664.22907,47942.58516,-24278.35609,141728.5799,38184.23385,103544.3461,0.7099190661,2.202609957,0.8101462659,66.04851933,38.92431258,65.84900458,39.60561938
1127,263147.7017,54125.56072,209022.141,165020.8573,48173.63668,116847.2206,218228.0654,53986.1926,164241.8728,1.996307319,3.947644496,0.852222994,46.67890754,97.59106763,48.52072138,98.36110963
1128,622255.4331,54682.23859,567573.1945,833940.3815,55078.18093,778862.2005,330845.5088,52706.92841,278138.5804,1.212214522,4.039416032,0.7299368017,78.59166955,39.07385109,79.06562097,40.18957242
1129,254010.4719,54582.48513,199427.9868,167202.8003,57059.68321,110143.1171,235386.5604,44663.2857,190723.2747,1.681217977,2.167532366,0.9099799221,40.66547855,9.69579806,41.60324387,11.09117976
1130,996729.9547,52696.81538,944033.1393,873483.1173,63577.40324,809905.714,238108.7145,67912.85236,170195.8622,0.7096089767,1.553896116,0.8728800683,80.39585189,81.30592927,81.04261994,81.5978813
1131,585338.5857,59203.75129,526134.8344,676012.9593,53322.81273,622690.1465,279677.5416,51213.58486,228463.9568,0.6619394254,2.611994897,0.5720315447,72.8582678,17.60363839,72.20478252,17.70909358
1132,52108.94908,51254.10646,854.842626,57732.75756,53746.60485,3986.152717,117890.2049,48754.57331,69135.63154,3.094806309,2.826091221,0.7534430164,97.6578924,31.86280071,95.18123318,33.71859844
1133,248426.5014,65994.0309,182432.4705,237944.9081,57493.00868,180451.8994,169937.3753,44892.94689,125044.4284,1.779164231,2.006616286,1,59.73651363,89.21684979,60.71299949,90.70409581
1134,965343.9436,63702.54115,901641.4025,910224.319,69425.76859,840798.5504,236488.6485,58790.85202,177697.7965,1.204221494,4.457984319,0.9701031187,17.70918525,34.91811399,18.70926672,35.58892428
1135,197540.4002,57349.13906,140191.2612,170826.3548,58599.28134,112227.0734,283725.6145,59816.85206,223908.7625,1.179570166,4.104577014,0.775726635,68.75064652,16.78141276,69.87360543,17.14245161
1136,40019.87012,38248.46657,1771.403548,29810.07299,47500.48874,-17690.41576,134979.1343,45752.56348,89226.57077,0.4681909991,2.007223477,0.8283433921,92.78887085,68.8610296,93.17916703,69.11962524
1137,926168.1861,67169.30153,858998.8845,752044.4957,49729.52218,702314.9735,238955.6502,51133.41085,187822.2393,0.213753335,3.464841201,0.8094677944,35.3332264,94.55020306,35.42368819,94.7438707
1138,154400.0745,58701.67512,95698.39936,135685.6524,55351.51856,80334.13388,141496.7558,46790.95126,94705.80455,0.9345827316,3.027980631,0.8150030498,29.69105539,17.86965019,30.577642,18.16530045
1139,157261.8964,60114.46769,97147.42875,158837.3317,47649.52004,111187.8117,202972.8012,46795.7836,156177.0176,0.5599613416,2.228205946,0.8218025449,36.94072962,40.67186905,37.48738163,40.79322919
1140,134476.6283,54884.5181,79592.11022,183674.3645,50443.27895,133231.0856,217719.789,61613.51589,156106.2731,0.3620784949,3.250072151,0.741951136,79.45597301,82.19123526,79.62654445,82.51061938
1141,245439.8701,58957.41602,186482.4541,192699.4809,49639.44753,143060.0334,231148.2824,50157.86056,180990.4218,0.8516353262,4.80142942,0.8415809621,96.09917018,49.11231756,95.72685958,49.87825983
1142,1023278.394,62429.9584,960848.4359,645283.2912,43917.18467,601366.1065,234396.0321,47319.24337,187076.7887,1.002397429,1.982112264,0.6675162252,29.74060953,85.20991121,30.4509581,85.91716331
1143,45627.02032,56502.83375,-10875.81343,38578.28608,53687.52021,-15109.23413,178390.9106,43540.07869,134850.8319,0.4719292078,2.600663775,0.7234305963,52.99993813,9.895187842,53.1296612,10.34893789
1144,828651.4475,48016.7772,780634.6703,681220.3696,67456.8785,613763.4911,328965.1804,46453.09984,282512.0806,0.9184424608,1.877577142,0.7918467521,71.46923206,0.05730868622,71.28338496,0.9567515174
1145,51836.79511,60956.59284,-9119.797732,41970.08166,44528.01289,-2557.931231,108414.5606,48813.83209,59600.7285,0.1040071586,5.717384889,0.6654918838,82.11881362,10.87254705,82.19121547,10.94721606
1146,216365.6426,58122.10133,158243.5413,244670.3011,63062.22367,181608.0775,183772.1723,52311.4177,131460.7546,2.232139498,3.798674534,0.6488679713,16.75443589,97.1644006,16.57327142,99.38917613
1147,649670.5999,52022.19461,597648.4053,734049.328,49146.62957,684902.6984,240078.8988,39875.3355,200203.5633,0.872302943,4.614531686,0.67463138,94.67369438,27.05492251,95.33113703,27.62823009
1148,675319.0593,56697.7482,618621.3111,714277.6326,54013.83766,660263.795,294704.0162,58269.07855,236434.9377,0.9960413693,1.173713306,0.621580371,7.495390273,73.25771672,8.49073197,73.22038957
1149,776831.7814,56634.87587,720196.9056,795398.703,39102.53033,756296.1727,239590.4024,48123.67359,191466.7288,0.8304917118,2.711845084,1,43.1303242,64.12976931,43.8399761,64.56117477
1150,65604.41831,56188.47518,9415.943125,58656.73891,47668.985,10987.75391,187331.3777,59082.93823,128248.4395,0.9678642434,3.648092863,0.7574542456,43.95871936,52.57428969,44.90507187,52.77721361
1151,174710.4322,50570.24119,124140.191,164048.4372,58745.84838,105302.5888,222504.3865,51636.0082,170868.3783,1.846644969,2.823686658,0.8885194333,31.06183237,89.2366658,31.65007432,90.98711404
1152,700351.616,51987.91707,648363.699,619064.1994,53341.16234,565723.0371,280602.812,54433.93102,226168.8809,0.2971356591,2.064246454,0.9354289216,70.07457359,94.22764871,70.21914079,94.4872444
1153,786686.0169,59713.82758,726972.1893,702447.9269,54126.35777,648321.5691,307680.0338,50183.08782,257496.946,0.7370004995,5.845096586,0.7573600772,80.22127737,72.18154702,80.50874337,72.86017286
1154,58174.26939,62386.04671,-4211.777318,36587.17835,48677.71006,-12090.53171,101469.7169,59047.12818,42422.58867,0.4864061968,1.910128241,0.6287903114,9.209597382,23.56178829,9.210062471,24.04819427
1155,574156.1886,65480.94403,508675.2446,741325.4634,55579.30527,685746.1581,245195.0191,54564.2587,190630.7604,1.870777994,3.5043616,0.9898201165,5.481558504,48.12130566,5.929299265,49.9377138
1156,1071630.109,48512.59439,1023117.514,614575.7041,56304.4028,558271.3013,230619.045,52581.76928,178037.2757,0.527311207,4.019073525,0.9372522879,95.66355233,85.5181838,95.73849268,86.04014266
1157,233217.4,53007.36761,180210.0324,186803.4124,53930.90423,132872.5082,164916.2924,48079.08689,116837.2055,0.1880708286,1.116631449,0.7694813251,17.05096715,91.28482233,17.15334893,91.44258356
1158,717075.9652,52799.34678,664276.6184,710320.9611,58303.41707,652017.544,270726.8419,40790.66774,229936.1742,0.5384113206,2.189351186,0.7431761325,32.62212457,4.058620925,32.36811941,4.533350455
1159,804842.8142,52354.47207,752488.3421,690888.3478,50817.71556,640070.6322,312071.7236,44019.67925,268052.0444,2.423880691,1.405476741,0.6418023927,69.02568815,30.61115003,67.61157332,32.57977312
1160,220799.4623,54037.20401,166762.2583,173430.3269,55459.18756,117971.1393,263151.912,56207.46767,206944.4444,0.8252910592,2.66198077,0.8605018862,7.691496042,45.62934645,8.075535716,46.35983865
1161,231529.7607,55282.27747,176247.4832,171117.4072,48348.34825,122769.0589,205030.9245,43150.84959,161880.075,2.290555478,1.951222306,0.7500974329,10.45103272,9.217750859,12.53792786,10.16195055
1162,176484.375,54910.71456,121573.6605,188586.0269,52078.8895,136507.1374,277751.8025,48977.82789,228773.9746,0.6878464625,2.902836448,0.9109847803,3.441466163,16.23551581,4.128077762,16.1943179
1163,49446.14707,64710.35481,-15264.20774,43487.843,55208.58353,-11720.74053,208566.7875,48241.00734,160325.7802,1.467146656,5.400422791,0.7169472339,98.53467126,25.31867329,99.98110364,25.5643411
1164,67420.19908,55849.83504,11570.36404,53711.78498,50383.89803,3327.886944,167435.5218,45563.71802,121871.8038,0.3120958665,2.136144682,0.7859297222,17.04561526,75.98888133,17.35415852,76.03583757
1165,46240.15621,59162.89482,-12922.7386,58033.25155,52234.41472,5798.836826,128884.5579,47365.86914,81518.68877,0.3639709845,3.480446694,0.8632571125,79.29404336,97.32955747,79.34967096,97.68925241
1166,924452.8758,44232.32671,880220.5491,492063.9844,52094.41175,439969.5727,338241.0371,49455.67599,288785.3611,0.9954842759,2.543097848,0.7296356593,73.4026777,54.69093857,74.28195501,54.22418343
1167,636943.8655,48269.98093,588673.8846,848086.632,55503.73181,792582.9002,320623.3529,47712.93004,272910.4229,0.4272281195,1.632188397,0.8920840103,8.195262237,68.57966958,7.826753543,68.36350943
1168,893920.5794,43988.08726,849932.4921,651408.2899,46209.77463,605198.5153,326260.0004,62618.80989,263641.1905,0.4309063012,1.511047816,0.7258543928,20.07840006,79.95472666,20.28672523,80.33192802
1169,148688.3983,58829.46668,89858.93158,110066.0419,51316.94436,58749.09757,185936.7387,51066.90461,134869.8341,0.7234162867,2.332607326,0.6620094117,82.79056198,31.05435492,83.38514514,31.46642528
1170,61869.78958,62711.08155,-841.2919637,45094.37301,53853.97206,-8759.599048,121384.3708,48704.04961,72680.32119,1.068295307,1.259945692,0.8979891073,54.89722896,22.81602777,55.32972653,23.79285975
1171,859222.8272,54727.83543,804494.9917,589378.0638,45530.38404,543847.6798,375636.6736,54129.12239,321507.5512,0.2462318786,6.314441379,0.6905600292,55.87961175,72.05405859,55.6372773,72.0976952
1172,66781.73658,60497.80959,6283.92699,56521.88076,54762.08942,1759.791339,104111.3589,40239.16949,63872.18941,1.155071244,4.397854277,0.7963053464,69.31915707,62.12354519,68.56362199,61.24984254
1173,917380.1748,52905.3167,864474.8581,645184.6076,47964.83782,597219.7698,233029.3106,48159.95256,184869.358,0.5929772243,2.958620102,0.8065992279,26.24622794,53.8827381,26.1687726,54.47063491
1174,907227.5455,54828.62173,852398.9238,869420.5288,51847.15236,817573.3764,275375.3709,36859.42969,238515.9412,2.509057007,3.584545456,0.7748850805,94.15013626,74.90713744,94.34021546,77.40898415
1175,898212.7444,58106.12595,840106.6185,724193.8185,59845.8588,664347.9597,257323.9543,45123.84219,212200.1122,2.730163308,2.329376138,0.6354562521,98.17208144,42.31677167,100.3087374,44.01632835
1176,78219.27161,62213.96222,16005.30939,46397.4575,52928.08199,-6530.624494,126812.9203,53115.68,73697.24033,1.187521821,0.892846927,0.8989584613,76.74864045,68.91724716,77.44882684,69.87638588
1177,691190.3137,58847.55328,632342.7605,828170.3667,59352.8822,768817.4845,321869.177,55571.32768,266297.8493,0.4598865296,1.924882673,0.6017023382,3.354953654,90.77615012,3.638786724,91.13799872
1178,31481.3558,45779.05272,-14297.69692,64578.3639,54329.81706,10248.54683,114627.6662,54699.19286,59928.4733,1.190941574,2.366943126,0.9841007865,20.04806844,46.10515325,21.17585201,46.48783597
1179,964116.3785,65484.78232,898631.5962,661990.5812,45764.5774,616226.0038,316793.7014,58089.67358,258704.0278,1.027950277,3.058590642,0.6125381284,54.22601334,76.61269526,54.44188439,75.60766717
1180,26424.93477,43772.93,-17347.99523,61268.90359,52649.70913,8619.194453,88596.68753,44161.92977,44434.75776,1.611743443,2.709839686,0.7624599295,39.37708442,78.12239671,40.13967206,76.70247523
1181,891262.3811,51864.97789,839397.4032,554131.5389,49911.6051,504219.9338,447776.5136,43001.9734,404774.5402,1.050228605,3.721158102,0.7711074198,12.53723867,15.22775816,13.29769091,14.50340153
1182,1021807.601,59447.874,962359.7275,720912.5895,58066.30872,662846.2807,274485.9458,40607.60549,233878.3404,0.37396637,2.062125528,0.6975077689,60.13870847,19.32731757,60.20568662,19.69523709
1183,33522.8508,37529.23091,-4006.380114,33249.32078,42150.86713,-8901.54636,72102.38076,40967.37155,31135.00921,0.9062684085,2.402759055,0.7328812325,94.53839507,23.36297731,95.44043155,23.27549801
1184,675909.2571,58080.24779,617829.0093,745320.3372,47806.26115,697514.076,367904.1428,72745.16211,295158.9807,0.2729572829,2.662872178,0.6734857405,82.64256378,78.18566269,82.69388841,78.45375122
1185,883119.227,66596.81964,816522.4073,445966.5774,54559.16255,391407.4148,280156.3887,57902.74129,222253.6474,1.604531343,2.530494506,0.7239717731,58.0005462,57.3862645,57.59216117,58.93795471
1186,40639.71402,43223.78813,-2584.074114,43174.23012,50979.52096,-7805.290842,155736.0938,48090.72329,107645.3706,0.655833328,3.911392892,0.6119018526,21.93537669,76.53001933,22.2589949,77.10044777
1187,64664.15882,54290.00591,10374.15291,56342.61006,52464.81892,3877.791139,218910.7211,49970.74161,168939.9795,1.73175813,3.218948586,0.7996066888,6.837310782,30.92798918,8.517238205,31.34850086
1188,667564.649,38576.22069,628988.4283,673507.707,51899.60732,621608.0997,322932.986,56245.89821,266687.0878,0.9405871087,6.268668709,0.8531414642,67.60658448,60.12746165,68.00779122,60.97818914
1189,826033.1987,53000.05751,773033.1412,715845.7276,44413.35509,671432.3725,315520.6468,43388.39367,272132.2532,0.8981337338,7.094507761,0.7552505806,38.33635053,6.020737055,39.23009411,6.109430979
1190,218506.899,63526.48209,154980.4169,197565.3834,61601.36574,135964.0177,182587.476,41225.86168,141361.6144,1.423852458,4.373653262,0.9342083893,3.563710279,93.6342937,4.917257984,93.19240635
1191,234161.0383,63788.03262,170373.0057,165868.4957,47864.29908,118004.1966,222509.4421,51253.51393,171255.9281,1.552727829,6.222070154,0.6533072439,47.60772116,26.35398331,47.33905715,27.88329145
1192,59799.63112,64072.78629,-4273.155177,48154.14919,38802.2038,9351.945391,92595.19234,49746.69496,42848.49738,0.8275542086,1.966366301,0.650911972,7.832631747,5.844824982,8.250971082,6.558854512
1193,177482.6045,54916.06957,122566.535,215091.2024,56553.13123,158538.0711,149155.8994,54662.09749,94493.80194,1.846290836,3.126677583,0.8765599145,43.46559236,86.09584327,45.04581149,87.0506717
1194,992745.9893,52853.16462,939892.8246,775764.1358,54832.78394,720931.3519,288449.5398,52989.70756,235459.8322,0.6009512663,2.744275875,0.6274734209,28.73838031,35.38209139,29.15406195,35.81608586
1195,63373.66538,51886.17236,11487.49302,66936.02065,62988.77443,3947.246222,197051.5498,59163.57214,137887.9777,1.923289731,2.027311675,0.6711400631,20.83057508,91.46681868,22.75386282,91.46405263
1196,754690.0723,54249.37323,700440.699,542174.375,46941.93958,495232.4355,280093.3671,61284.26244,218809.1046,0.744993901,4.436765877,0.6968348687,24.35231758,99.6451347,25.0551994,99.89206191
1197,28076.4881,50093.09799,-22016.60989,65061.536,61397.82148,3663.714521,147071.3757,39739.19804,107332.1777,0.4831478627,8.28959255,0.8824207785,1.319721234,7.319081726,1.802854297,7.322863341
1198,743041.188,36755.96696,706285.221,590107.845,52930.81391,537177.0311,204855.3208,46267.06488,158588.2559,1.610021392,2.013722742,0.9150389017,56.8840753,19.83738032,55.27914372,19.70946033
1199,78822.47693,66516.06052,12306.41641,69395.41917,53515.18767,15880.2315,159767.5653,50056.36024,109711.2051,0.117231541,1.885139673,0.8198063424,64.6846731,88.93921625,64.76609449,89.02355955
1200,831833.4451,50181.40885,781652.0362,488910.0026,55506.17699,433403.8256,257490.4283,57668.57559,199821.8527,2.606453331,5.845150693,0.8465932663,38.10870423,76.53389333,38.97912398,78.99071413
1201,162559.4671,54745.16555,107814.3015,122906.4594,32977.52846,89928.9309,253800.0227,56547.59449,197252.4282,0.3332784333,1.876347032,0.7071189069,79.76868664,13.85842889,80.02329753,14.07348192
1202,191694.9634,61870.46348,129824.4999,159392.8279,41579.41338,117813.4145,268102.8158,55141.90553,212960.9103,0.7574545556,7.393400654,0.7448729244,90.3192436,66.62613101,90.72531075,67.26554236
1203,73554.50856,69255.19687,4299.311693,51475.9519,48936.97187,2538.980026,70842.65146,52218.69088,18623.96058,0.4910522105,2.652811976,0.8193802379,97.70631439,63.33583021,97.86149526,63.80171772
1204,926450.6793,47243.38869,879207.2906,702595.7823,65123.8533,637471.929,306790.2626,40151.14326,266639.1193,1.191735805,1.888140357,0.72253604,11.2115868,72.92551156,12.40142778,72.99268791
1205,66315.73492,65551.39118,764.3437398,41967.92554,53766.26526,-11798.33972,65272.18466,52660.51004,12611.67462,2.926141117,1.477680895,0.8715321508,97.9031679,35.38554698,99.99582936,37.43080243
1206,44446.10908,50390.41855,-5944.30947,24872.24671,48167.60349,-23295.35679,116705.3345,59422.86136,57282.4731,2.629814757,3.313240496,0.7434719194,66.08739861,87.72720215,68.5881682,86.91352093
1207,991897.1958,45710.51346,946186.6824,733994.4395,61780.57909,672213.8604,227632.2488,51955.5502,175676.6986,1.761009819,2.15871473,0.7306313818,9.220807969,23.69919744,10.81943277,24.43781394
1208,37831.38927,37887.99255,-56.60328599,35064.22091,48278.87362,-13214.6527,168420.0144,57039.64572,111380.3687,1.052496613,2.0456129,0.8411646788,52.19979036,4.399056783,53.13009581,4.891277145
1209,224178.9227,53116.54944,171062.3733,162192.7148,59635.21087,102557.504,182329.8409,49380.1783,132949.6626,0.7536295909,2.479966192,0.7497907249,96.76198226,52.99175867,96.44488939,52.30808502
1210,822041.6595,54807.3531,767234.3064,717287.3546,46820.34273,670467.0118,297816.1903,43480.96945,254335.2208,1.236781171,1.781190583,0.948796334,78.70971302,81.9929802,78.37211648,83.18279373
1211,18764.98594,39998.95919,-21233.97325,51027.18473,51731.82474,-704.6400162,142775.6294,70368.70804,72406.92131,0.7176560214,2.392409351,0.8170015705,15.18075021,38.61685424,15.77874486,39.01363196
1212,31491.57458,38027.21293,-6535.638343,37259.14027,43043.44968,-5784.309415,130809.7338,59253.7793,71555.95448,0.7202011201,5.808268155,0.8507229909,52.84159237,24.83256371,53.33676319,25.3555317
1213,118572.42,52163.86607,66408.55392,188246.1582,47833.57573,140412.5824,172942.4432,51517.87024,121424.573,0.7525987372,1.434605583,0.6424290016,28.47903578,31.59950673,29.23048931,31.64100923
1214,687091.8601,67622.45684,619469.4033,708474.1184,65297.33077,643176.7876,292332.036,51092.32927,241239.7067,1.612869144,4.18454171,0.8302914071,20.89866854,10.22691187,22.4670541,10.60309483
1215,41125.96878,47411.09445,-6285.125677,53482.58868,54440.94601,-958.3573319,186550.5287,64373.67412,122176.8546,1.40790975,4.136639746,0.9124145092,4.327406604,17.40403289,4.641918595,18.77636378
1216,256060.3141,46082.84464,209977.4694,192110.108,64027.81477,128082.2933,204163.5211,48217.94964,155945.5715,0.5449086239,3.144591093,0.5829012278,10.7571997,20.79177659,10.84662134,21.32929792
1217,40488.38308,53218.98283,-12730.59976,39223.18422,36075.62289,3147.561334,163656.6769,47795.2286,115861.4483,0.5752952764,3.509947789,0.6636577942,99.24858613,12.25443772,99.75221054,12.53251524
1218,722029.614,44606.0821,677423.5319,709701.2281,40672.41904,669028.809,325600.7793,55016.52443,270584.2549,1.001500837,2.788043511,0.8761709538,44.6427515,49.51878647,45.49979448,49.0006347
1219,48849.08968,59664.11866,-10815.02897,35225.02133,54551.1388,-19326.11746,248650.4919,50777.61318,197872.8787,2.46644215,3.287771551,0.9296581226,5.468245924,19.9050393,6.56004214,22.11667171
1220,27744.99015,41612.63766,-13867.64751,50309.66975,51666.80556,-1357.135819,189608.2653,56968.27587,132639.9895,0.7145098126,3.914740503,0.878224521,58.52116455,51.14804716,59.1855681,51.4109011
1221,56745.73009,52140.78509,4604.944999,33778.45454,47932.45586,-14154.00132,138410.1199,39112.76152,99297.35838,1.526838006,5.069724316,0.6660916568,28.2812994,48.54980225,28.90970724,49.94132583
1222,728011.4177,69423.06412,658588.3536,574108.6694,63628.36117,510480.3083,346370.1831,47253.63083,299116.5523,0.1355629308,2.733232586,0.753888359,88.19478773,61.13145402,88.31903458,61.18567605
1223,954233.5557,60053.43679,894180.1189,640271.7516,57563.41121,582708.3404,244622.6773,57411.90007,187210.7772,0.3487497201,3.398573065,0.874510232,15.22459389,56.8522081,15.54469519,56.99063326
1224,910205.5286,59353.13078,850852.3978,736492.5184,47826.27317,688666.2452,230308.4394,50503.92527,179804.5141,0.6176612513,1.849095641,0.8712123192,99.36355926,15.60228388,99.87367342,15.95054953
1225,196556.4119,73135.85538,123420.5565,170993.4334,50031.58804,120961.8454,171392.3796,49597.25184,121795.1278,1.227202194,2.355320857,0.8536227835,95.01025774,51.1902016,96.20162548,51.48459612
1226,71860.06448,67230.0716,4629.99288,63375.88192,58089.62113,5286.260789,140214.9366,50922.83205,89292.10458,0.3278581452,3.352613241,0.9894597263,64.59813229,46.1879948,64.92585969,46.17873658
1227,866060.5529,54372.63159,811687.9213,784817.1457,57751.53966,727065.6061,344345.2266,54930.97186,289414.2547,0.2958616019,2.519864174,0.7688779546,21.35241658,94.17922574,21.55982049,94.39021792
1228,656451.9306,60072.43765,596379.4929,686630.607,59028.35192,627602.2551,269021.8752,49053.66839,219968.2069,0.5429876921,2.727101551,0.7274308184,79.26997229,22.78501126,79.58942953,22.34594099
1229,773247.3356,65863.80586,707383.5297,619676.4042,57034.53976,562641.8644,289774.4967,44775.87779,244998.6189,0.4964118613,2.576054482,0.8479080897,25.608383,19.88453153,26.04115708,20.12770089
1230,70585.17639,63853.98158,6731.194816,46094.69011,40887.93816,5206.751952,107374.2793,54005.8543,53368.42501,2.552179947,2.541964207,0.7059791727,28.04244876,94.58524192,28.69368208,97.05293673
1231,230167.6694,40605.23603,189562.4333,218250.7063,54398.2879,163852.4184,203673.2366,34654.84338,169018.3932,1.235343495,3.793214093,1,40.28991218,71.83507602,41.41515894,72.34487333
1232,51429.96065,59170.70969,-7740.749043,51779.79789,45057.47491,6722.322982,58954.06562,44678.69415,14275.37147,2.899471619,1.881148275,0.6989848375,56.86357681,93.73668533,57.84474567,96.4650994
1233,50464.66835,58162.02858,-7697.360231,66936.55971,58495.72351,8440.836198,133438.6772,50322.94082,83115.73642,0.7625061782,5.976943114,0.6727868699,21.80882353,93.69426555,22.13736227,94.3823629
1234,861356.8998,55134.41912,806222.4806,805131.2184,44142.54259,760988.6759,222711.403,53457.75878,169253.6442,0.294515552,4.782627005,1,1.800357332,6.875669814,1.96075378,7.122676676
1235,771049.8714,71307.60925,699742.2621,720276.2819,57019.32009,663256.9618,343401.0386,48862.16055,294538.8781,0.83900147,4.336984117,0.7297101988,82.39495468,25.06613419,82.91722759,25.72275774
1236,37992.42359,52580.2047,-14587.78111,52585.16772,57945.25114,-5360.083413,229695.9912,52836.12245,176859.8687,0.599326142,3.781249399,0.7869563097,67.37527717,13.25367086,67.96534257,13.14872017
1237,47463.70375,49189.12429,-1725.420541,36053.6305,48236.46292,-12182.83242,163602.5811,62792.29458,100810.2866,1.528259047,1.812954006,0.5659213189,90.36634836,89.64524952,89.6834763,91.0124589
1238,1118195.206,58473.39345,1059721.812,788914.9195,52225.63957,736689.2799,258164.0068,54507.60554,203656.4013,0.9733609123,2.15416664,0.9615169077,7.620980623,85.42485104,8.08941092,86.27808285
1239,64316.06853,67860.12337,-3544.054841,16325.25081,42508.44172,-26183.19091,90056.92029,44075.66671,45981.25359,1.435551419,3.73072286,0.7375072967,37.14895066,56.47360184,37.90443722,57.69427704
1240,665186.2769,55697.85109,609488.4258,615867.0176,41879.5146,573987.503,298388.4836,65114.18519,233274.2984,1.35484543,2.543113444,0.9521777446,29.09768206,50.85895514,29.13964752,52.21315049
1241,892048.531,57527.60704,834520.924,690278.5371,54878.70706,635399.8301,231408.4497,57981.56448,173426.8853,0.9808887751,3.228181083,0.5588227473,26.81792165,41.9131843,27.79104801,42.03634225
1242,737286.1065,71087.5807,666198.5258,645521.3653,48651.35436,596870.011,313899.2947,71296.01059,242603.2841,1.497007111,5.23217785,0.6259399349,76.96844974,15.12184466,76.60911983,16.57508666
1243,889057.0613,51547.26294,837509.7983,777403.7876,31906.44104,745497.3466,203209.4261,45255.62171,157953.8043,2.603999761,2.758146028,0.828022107,23.88654576,17.47885913,24.07254537,20.07620757
1244,51561.09814,56290.34096,-4729.242817,41073.86497,41625.65576,-551.7907902,106716.2113,46326.82349,60389.38784,0.5755899957,10.87195362,0.8478040043,44.92166352,21.82563104,45.24598594,22.30115056
1245,28141.70864,47209.69663,-19067.98799,47742.9855,47118.39552,624.5899896,83397.47664,39038.38159,44359.09504,0.2673920664,1.602483716,0.6845971379,45.72877202,65.41951466,45.82041759,65.16831832
1246,136033.0303,53394.49341,82638.53685,179640.0339,37052.19014,142587.8438,226724.9571,46257.0366,180467.9205,0.7178313568,1.978941851,0.8529097503,22.65087094,63.65028302,23.03815316,64.25467886
1247,510683.925,50062.85163,460621.0734,632653.2761,53637.45608,579015.82,303246.8257,49824.61442,253422.2113,0.3149704553,2.239484999,1,28.610664,45.06421649,28.30637851,44.98287322
1248,175177.0594,54395.26251,120781.7968,158538.8246,54529.83581,104008.9888,174246.0461,50831.44712,123414.599,0.8150474682,3.133929757,0.7037278212,81.63160235,60.74700579,81.99602581,61.47604483
1249,895499.5669,63000.32625,832499.2407,843706.8664,49607.14387,794099.7225,372361.1066,55744.01407,316617.0925,1.160970469,6.361628373,0.8753221072,55.1649131,53.12704345,55.38955571,54.26607291
1250,161321.9301,56681.92466,104640.0054,158155.1401,52750.77408,105404.366,177502.2692,58240.7791,119261.4901,0.9570080252,1.885184566,0.6314922604,18.43267134,72.07861331,19.31088404,71.69834127
1251,209574.6154,65325.13717,144249.4783,197516.8299,65938.71543,131578.1145,255593.3651,44478.36652,211114.9985,1.472485513,4.802376142,0.8096193472,29.58092812,10.06175905,30.67780909,11.04413663
1252,274188.2997,49661.06018,224527.2396,174628.4259,53855.89307,120772.5328,196032.7448,51411.51407,144621.2307,0.6332534405,4.700275395,0.9461016603,8.89317458,7.89307251,9.512619933,7.761553025
1253,52673.34229,54652.02311,-1978.680815,45417.87159,48689.3042,-3271.432608,126536.1883,45932.68432,80603.50397,1.364748324,1.934332895,0.9213099913,35.76590529,1.859175978,36.24119775,3.138486363
1254,680016.1936,52328.19045,627688.0031,893443.707,51685.5581,841758.1489,267543.8275,52682.58455,214861.243,0.7373675089,3.34477016,0.8700620444,28.89864702,97.2448166,29.42775414,97.75838889
1255,1005181.546,61048.3022,944133.2436,669294.445,41576.57934,627717.8656,256083.1645,55829.18868,200253.9758,0.5088369053,2.56761649,0.6692532985,39.54773335,48.36700615,39.67038886,48.86083874
1256,35318.66533,50291.97904,-14973.31371,34440.98107,41458.85592,-7017.874853,77084.15573,57283.20741,19800.94832,0.4334593089,2.344414859,0.6894760512,7.218662305,92.15420666,7.431222573,92.53196996
1257,205134.9479,53183.21617,151951.7318,201749.7015,45689.78417,156059.9174,195532.1804,57867.05744,137665.1229,0.1576522075,1.93407829,0.5836782344,13.94094464,54.5354433,14.09785496,54.55071977
1258,789313.4007,48253.94206,741059.4587,609350.3359,57619.61566,551730.7202,281731.0467,49876.64459,231854.4021,0.8546298696,4.082141051,0.8952893932,84.49678363,80.37684957,85.34646838,80.46865398
1259,1047861.563,62167.58593,985693.9768,653003.3893,48436.22206,604567.1673,335890.2668,53924.80618,281965.4606,2.457634265,1.812929739,0.8882798278,28.22846535,19.49827985,30.63631324,19.00610643
1260,58555.19085,53935.14057,4620.050281,29344.25821,35055.8619,-5711.603698,175917.0022,45173.28603,130743.7162,1.374868781,2.50651276,0.6909727182,2.484905745,25.30394065,3.457673839,24.33235102
1261,40997.2056,41628.63606,-631.4304625,53031.09328,54798.03368,-1766.940407,163270.2832,39949.27961,123321.0036,1.072463572,2.38364935,0.9003298019,81.41494704,1.633144378,82.33216483,1.077365972
1262,878196.0011,37663.12856,840532.8725,781690.4058,52179.49433,729510.9114,323217.1961,36437.15732,286780.0388,2.971615789,3.478794449,0.6342688606,80.14595324,1.0957913,82.48000983,2.934997718
1263,27073.63852,40596.62303,-13522.98451,58684.46641,59902.77393,-1218.307524,128851.0809,53369.11543,75481.96546,2.897280632,3.647614185,0.782192049,91.07154256,38.9637944,93.70759376,40.16607104
1264,751165.9227,53336.4736,697829.4491,593516.7177,45096.65011,548420.0676,302980.2519,54860.51381,248119.7381,1.330933923,8.953086408,0.8285484636,76.03151821,44.67971428,76.19755019,43.35917708
1265,51014.5588,58182.8304,-7168.2716,50166.392,50201.80915,-35.41715699,165543.8258,49457.28414,116086.5416,4.342961047,2.860243011,0.921819402,90.61973922,22.66283843,94.79928027,23.84298555
1266,54101.36802,61591.48016,-7490.112138,38462.55417,47054.10463,-8591.550469,166116.3783,54242.86034,111873.5179,1.914172841,1.786845613,0.6889461711,59.86470838,81.19694389,61.60145368,82.00178762
1267,646861.6214,46562.3537,600299.2678,877186.7493,50614.21643,826572.5329,270743.2225,50893.88312,219849.3394,0.09215389248,2.049125925,0.768150665,68.68325774,79.21583303,68.75597631,79.15922605
1268,826898.8708,53869.428,773029.4428,651460.5762,60231.43465,591229.1416,244932.2765,36895.14049,208037.136,1.579842502,2.860801385,0.9800810681,75.00484303,56.72286504,74.03834381,55.47315244
1269,220276.0749,64632.27513,155643.7998,182856.5087,56027.76048,126828.7482,228687.6984,52810.76573,175876.9326,0.7350531995,2.676576297,0.8057309175,3.71314878,66.11815783,3.784785397,66.84971193
1270,170145.4899,59296.84243,110848.6474,175887.2986,46111.41331,129775.8853,167664.8994,41051.61496,126613.2844,1.158302608,3.671712994,0.7903368574,14.90039354,9.150898401,14.81542644,10.30608043
1271,835675.8456,53402.5155,782273.3301,707331.0235,67947.45972,639383.5638,311605.6107,58931.47753,252674.1331,0.2383202568,5.959969815,0.7829087135,0.7245291521,98.23714274,0.9230472985,98.36900285
1272,231874.848,49732.50525,182142.3428,187547.5166,54811.75704,132735.7595,202029.021,51481.98424,150547.0368,1.071034178,2.662008073,0.7950959431,74.72310031,71.75433801,74.93363304,72.80447619
1273,579876.5174,68923.95392,510952.5635,541261.6944,39965.93085,501295.7636,237754.4354,56605.52119,181148.9142,0.3804554836,4.303198168,0.7877027757,10.23304824,51.17373645,10.46282908,50.87050858
1274,46998.90668,50557.7212,-3558.814526,40711.93388,46093.6059,-5381.672028,136190.2779,44482.37309,91707.90476,0.6187560769,5.589848582,0.75016451,41.76351583,28.0525396,41.99538421,28.62620862
1275,174116.4249,53753.67611,120362.7488,203298.8672,59619.73432,143679.1328,203299.6617,43473.94887,159825.7128,0.6201125217,2.172292062,0.8959538657,65.1631197,25.76938706,64.89158503,26.32688904
1276,42336.19153,62289.89896,-19953.70743,56043.49904,51088.28926,4955.209783,194030.3301,58546.3828,135483.9473,1.565891487,2.93533329,0.7102283542,36.18367826,10.11998354,36.07526399,11.68211749
1277,152317.8207,54337.7487,97980.07199,112813.7586,48063.53931,64750.2193,221869.8694,44143.00568,177726.8638,0.4312856515,5.1703149,0.8831765988,38.55204749,17.55538063,38.71010559,17.95665978
1278,722683.955,75465.30939,647218.6456,617006.1625,46181.68724,570824.4752,312258.6115,57934.6455,254323.966,0.3454233682,3.054152659,0.8328523287,27.03951198,91.13930341,27.25541145,91.40894155
1279,176030.4955,63740.29526,112290.2002,219880.4471,54796.94186,165083.5052,232151.5972,48632.9277,183518.6695,0.6771588289,1.697352017,0.7702213971,60.39792522,26.69436733,61.06851946,26.78842825
1280,39951.36491,46962.23632,-7010.871408,41948.86763,42018.25733,-69.38969962,109960.9451,41964.20815,67996.73692,0.4617994445,3.502966739,0.8333077446,46.08360529,14.50738906,46.40740904,14.83664559
1281,696440.3626,59486.78514,636953.5775,782811.1353,47021.62089,735789.5144,268678.1515,45045.76151,223632.39,0.8728331719,2.524782925,0.7336998144,20.75647098,63.10510771,19.88819385,63.01604271
1282,834809.5889,65226.98494,769582.604,712294.8144,47209.85346,665084.961,242401.7272,38621.23034,203780.4969,1.33932,3.119576083,0.7624458312,11.01715615,37.78849789,12.14444241,38.51168786
1283,66397.41984,56534.05033,9863.369508,39851.11269,45043.94438,-5192.831691,160186.3811,47743.17976,112443.2014,1.211555177,3.742746828,0.7774466765,6.118518568,59.94955812,7.27298983,60.31706602
1284,715912.8211,61668.10819,654244.7129,726980.4597,48166.59132,678813.8684,221457.035,41241.86068,180215.1744,0.378643024,3.388140921,0.6167596777,42.9434714,11.08089056,43.24399035,11.31123573
1285,44018.10667,59578.84732,-15560.74065,44065.90221,49440.38876,-5374.48655,84207.32092,48316.4199,35890.90102,0.7203567648,3.587896651,0.6960488176,5.179192795,46.46225112,5.230558261,47.18077422
1286,724675.5044,51875.54389,672799.9606,836360.069,44023.41765,792336.6513,193641.9789,46585.79127,147056.1877,1.025603642,4.032884393,0.8381503946,66.76831243,69.06419207,67.73103434,68.71059716
1287,183585.6847,51800.6748,131785.0099,200644.4127,46200.68101,154443.7317,153745.725,41611.31562,112134.4093,0.7566787278,1.877707303,0.5629682116,21.68219056,28.26719574,22.05434885,28.92602872
1288,661852.6508,55618.50377,606234.147,876209.4935,40902.39219,835307.1013,254960.4868,56768.46503,198192.0218,0.1060616543,2.807632653,0.8014134853,49.21174242,13.97041346,49.28617669,14.04596882
1289,725810.5443,51912.04511,673898.4992,809836.1086,54523.6456,755312.463,311281.637,32748.93088,278532.7062,0.6371977026,3.621034661,0.621717974,48.6841878,55.38000832,48.26001784,55.85550885
1290,60000.998,59556.06022,444.9377729,54981.6022,56589.577,-1607.974802,154158.4556,52359.3786,101799.077,1.60933199,1.432485668,0.6478436283,10.54265072,98.18322431,11.37903046,99.55814917
1291,34284.88071,42523.57061,-8238.689899,37679.82014,51557.75608,-13877.93595,165424.463,51755.56626,113668.8967,0.2293318783,1.160685103,0.8905678156,6.550134216,90.132679,6.712942161,90.29419273
1292,880551.8194,50498.19043,830053.6289,824104.7898,49241.14171,774863.648,199857.8586,43571.37249,156286.4861,2.46759272,5.017027608,0.803793442,65.98938051,59.26874165,66.39733653,61.70237797
1293,44503.4935,48398.98636,-3895.492863,41000.90533,47908.45542,-6907.550083,189039.7988,45522.73329,143517.0655,0.599230758,1.372720575,0.944975527,92.89048688,73.70124157,93.34966418,74.08625289
1294,531514.8679,51007.41113,480507.4568,852815.4715,48238.97395,804576.4975,189982.9008,44690.46032,145292.4405,3.364512942,2.284810525,0.8768936205,35.21773453,34.23381283,38.5162937,34.89672666
1295,250702.9309,60497.61427,190205.3166,230217.3537,49575.59628,180641.7574,188517.3266,49456.71413,139060.6124,2.61297147,2.163662724,0.7190412275,78.51336257,38.06753481,81.11608889,38.29869616
1296,70553.8378,58777.8336,11776.0042,193319.781,58517.1624,134802.6186,183395.5444,45401.30768,137994.2368,1.312111293,4.427354124,0.7811803696,40.19033308,29.50659203,40.84559004,30.64337449
1297,930849.202,55393.881,875455.321,711231.609,53069.97465,658161.6343,290250.5973,52575.89492,237674.7024,0.1097563887,5.480678673,0.8383428693,52.59918789,87.33126437,52.7089434,87.33082553
1298,822774.0787,67793.49262,754980.586,671617.9541,44728.76301,626889.191,286700.1576,52231.13501,234469.0226,0.7377127922,2.09182993,1,65.63718309,47.46085594,66.36459529,47.58370408
1299,871579.5328,47845.82059,823733.7122,543352.6619,48441.94792,494910.714,291630.1363,59783.00391,231847.1324,1.074295765,2.99653489,0.8223509947,70.96154457,20.8677519,71.56818337,21.75437513
1300,764804.0844,52951.63056,711852.4538,751891.0232,52068.20947,699822.8137,238452.6993,40493.9002,197958.7991,1.793831311,1.396084651,0.7068437003,12.14513631,28.21796272,13.23922406,29.63951214
1301,935750.5099,50494.69343,885255.8165,826439.1861,42619.02097,783820.1651,217158.8686,37815.17687,179343.6917,1.434968304,3.705093259,0.7178779647,7.801716396,53.81530983,9.219742572,54.03516386
1302,851411.3519,47145.41151,804265.9404,733812.096,59684.81689,674127.2791,224832.0754,50737.72749,174094.3479,0.9134924194,1.045286659,0.7869411788,41.4935664,4.561445517,42.37087956,4.815984333
1303,179853.4639,52963.32977,126890.1341,113144.7327,67031.15482,46113.57791,208423.1764,58173.51434,150249.6621,0.959822079,4.664835708,0.7973722837,73.55352483,88.28519165,74.30423314,87.68711518
1304,763791.4859,45400.893,718390.5929,916481.1503,64091.2527,852389.8976,271187.3559,43175.87303,228011.4829,3.047173026,2.22473467,0.8815683237,7.516276379,93.37044902,10.54320715,93.01980166
1305,50172.77338,59020.23319,-8847.459803,47529.43346,54710.49346,-7181.059998,138125.8382,50028.58532,88097.25284,0.5881149162,3.391737263,0.9255146991,28.71542615,69.86144939,29.30257437,69.82774295
1306,202694.9762,54630.38686,148064.5894,135270.9942,49822.13804,85448.8562,227514.9156,63646.81719,163868.0984,0.8770499605,3.175581757,0.7525751012,47.72587497,67.01037953,47.55366326,67.87035613
1307,46671.09631,61773.7454,-15102.64909,34043.97368,56691.75787,-22647.78419,96443.63635,52165.28418,44278.35217,0.3413676227,2.103422915,0.7161919911,36.59876675,68.13850709,36.85779276,68.36085227
1308,245867.7645,57696.18174,188171.5828,152863.5663,57745.85718,95117.70914,224543.7395,50633.45623,173910.2833,1.553947016,2.588891719,0.7682496115,34.81206923,69.59655189,33.90467147,70.85805125
1309,224717.9875,63332.66221,161385.3252,150694.8148,55364.76127,95330.05357,236337.0133,54093.34066,182243.6727,0.9396767636,2.179554545,0.9041860538,94.291117,35.44360804,94.29281697,34.50393281
1310,38998.43888,40867.70367,-1869.264782,53738.84594,44089.90868,9648.937262,199407.0287,54159.25693,145247.7718,2.502978464,3.172057395,0.8588354783,31.28447335,29.23819321,33.56853907,30.26188506
1311,218870.7558,48093.06165,170777.6942,211422.8549,39532.85613,171889.9988,207062.4103,53004.95675,154057.4535,0.7509661255,1.720320081,0.6645817691,15.7950599,41.10357081,16.29453869,41.66434801
1312,242511.8897,52066.6817,190445.208,182613.0117,40347.53402,142265.4777,218037.6775,47045.92093,170991.7566,1.135666552,3.886045109,0.7205721543,90.39871928,58.76039761,90.49425194,57.62875631
1313,743629.7848,71729.80096,671899.9839,697862.1665,56178.80461,641683.3619,304947.9557,53512.76182,251435.1939,0.3335232997,0.9548165632,1,12.67614145,30.70905199,12.62144322,30.38004455
1314,144787.5211,58435.69432,86351.82682,144304.2044,62245.71505,82058.48933,136901.9103,50187.79494,86714.1154,2.570159961,4.759269723,0.92585867,64.07700976,42.63091402,65.31913498,44.88099117
1315,205064.0078,44436.78598,160627.2219,156990.2274,45364.89703,111625.3304,220602.469,54159.99179,166442.4772,1.315656508,2.632907395,0.712883038,87.39280885,11.0262405,88.28039233,11.99739838
1316,879506.358,43131.02697,836375.3311,667122.6434,52115.90067,615006.7428,256947.4832,47943.69887,209003.7843,1.198177804,5.847565674,0.7664902437,41.13305073,55.50638766,41.91797507,56.41166321
1317,81249.31459,62917.35028,18331.9643,38388.33261,46749.82281,-8361.490194,76682.91355,46347.02526,30335.88829,0.9537324614,3.76990158,0.7118741325,92.54404107,8.40890712,93.04816253,9.218516386
1318,479981.3603,67480.95683,412500.4035,668613.0578,48455.79071,620157.2671,365860.0044,61759.45645,304100.548,0.6238432192,2.981046153,0.8821978792,44.571807,39.69260969,44.82189646,40.26413014
1319,48061.50407,47535.04825,526.4558179,40659.31617,51731.26716,-11071.95099,119540.366,40562.03633,78978.32963,0.8647801336,3.197095486,0.8446644098,84.59349371,28.90834759,85.30117193,29.40537498
1320,224649.5301,43837.11883,180812.4113,191053.257,61267.98923,129785.2677,229177.7689,61348.3382,167829.4307,1.040115818,2.631535358,0.9145417078,69.51922786,44.71822881,70.2269504,45.48044251
1321,84237.43232,67498.01624,16739.41607,49005.02342,49221.75072,-216.7273019,107749.3356,52766.30658,54983.02905,3.06244587,1.922697149,0.7763359435,0.6600984067,90.8282234,3.647706033,90.15533754
1322,124692.2406,34781.51483,89910.7258,127012.887,57456.48714,69556.39989,251399.669,56540.11159,194859.5574,0.898595088,3.330819977,0.6734659315,17.19267321,82.22785226,16.7953231,83.03382125
1323,195665.4051,52531.38024,143134.0248,216326.2336,55444.27902,160881.9546,225905.8389,48661.54145,177244.2975,1.642836796,4.589073444,0.8910492013,56.34978674,3.478996759,56.71458031,5.080820218
1324,158570.0678,53986.70306,104583.3647,210851.0542,52542.84712,158308.2071,245792.5969,51156.8746,194635.7223,0.3921338614,2.12268279,0.6689540112,10.57485672,5.768977402,10.87216561,5.513289336
1325,52975.43634,48680.80225,4294.634089,35311.11338,53170.22435,-17859.11096,147229.2819,48926.69076,98302.59116,0.352971086,3.305241788,0.6019079416,78.05482843,53.59940213,78.39662475,53.51128935
1326,52577.83072,54669.61351,-2091.782794,51050.59346,62634.19495,-11583.60149,72616.38263,39697.76869,32918.61394,1.4849356,3.101209983,0.5707254715,81.86270521,80.62669479,80.37950036,80.69836837
1327,773007.1643,60526.16662,712480.9977,534404.8427,50000.0451,484404.7976,324993.7696,54709.69359,270284.076,0.4931203669,1.528309365,0.7901921536,3.749132274,25.4096654,3.991878437,25.83889959
1328,185798.9721,47925.79825,137873.1738,200983.1304,52137.25411,148845.8763,263571.287,60400.99978,203170.2872,2.829475772,6.485729661,0.6802879889,3.613359889,82.56394573,6.431192561,82.8203676
1329,174735.7072,48248.90054,126486.8066,105097.4769,39226.21425,65871.26263,220850.0294,41781.45614,179068.5732,1.350671697,1.48211967,0.9809672961,30.25799017,57.98385912,31.60760377,58.03731155
1330,747658.9341,58710.08537,688948.8487,648693.9685,51025.34911,597668.6194,295621.81,44079.15057,251542.6594,1.790983158,1.104267833,1,91.87215828,19.81687919,91.19419465,21.47458422
1331,700090.7708,63235.77271,636854.9981,749817.7881,55417.25449,694400.5336,324935.6916,59726.60676,265209.0849,1.126882441,6.497797563,0.9560905307,0.9850970574,21.21274681,1.604261676,20.27120594
1332,757586.3368,52887.35488,704698.982,787356.5556,45378.48307,741978.0726,238632.7559,45208.35607,193424.3998,0.5935091197,3.432084494,0.6309620678,5.790734311,66.81545656,5.827996367,67.40779482
1333,31710.68748,41943.38676,-10232.69928,47996.87403,54097.26832,-6100.394289,131852.2741,50510.58048,81341.69367,1.098403735,2.214134507,0.7565377713,23.6069202,2.843592422,23.8019936,3.924535129
1334,844819.448,49559.34322,795260.1048,819974.5273,60763.56633,759210.9609,253516.6042,40738.80318,212777.801,0.417720038,2.213020665,0.5950301099,5.710469141,52.50867074,5.853489413,52.90114397
1335,69873.78989,59480.66956,10393.12034,55710.82355,57357.86744,-1647.043891,173655.1148,56582.74221,117072.3726,0.7092452279,2.242952069,0.5011182974,63.05170889,50.51841644,63.41218498,51.12922392
1336,860309.9793,65494.88516,794815.0941,617925.9523,52367.01644,565558.9359,279942.3882,50820.33168,229122.0566,1.898100772,1.98054345,0.7499339766,65.63173547,4.574366467,66.71166721,6.135306557
1337,656661.3861,47064.69293,609596.6932,624018.0724,33204.05648,590814.0159,215352.6007,46409.04227,168943.5585,0.6794931979,2.026582834,0.6842267455,69.71800695,22.68137499,70.12622769,22.13817444
1338,233914.4612,45984.95697,187929.5043,237478.3669,51240.94819,186237.4187,99219.56575,47418.98617,51800.57958,1.141081467,2.64576239,0.7617744397,90.70836637,10.34227457,91.48693417,11.17648023
1339,35592.42861,61311.53661,-25719.108,54365.41235,44741.12756,9624.284786,144469.5834,48392.13829,96077.44513,0.9439356247,1.7049925,0.7786148173,22.01664712,47.83719942,22.36065196,48.71621884
1340,656933.2506,55593.45833,601339.7922,663425.4361,57578.67672,605846.7594,294012.5411,60259.9478,233752.5933,0.3523517051,2.197110884,0.8197862592,51.97279092,97.77396767,51.89902542,98.11851139
1341,210252.7966,58023.32402,152229.4726,207476.0809,63296.03922,144180.0417,191793.4264,57782.76788,134010.6585,1.092266341,3.877571241,0.6396075292,97.37993834,51.59969205,98.47170436,51.63274841
1342,857521.3603,59009.7045,798511.6558,768078.0666,59323.20702,708754.8595,259318.3465,49308.05554,210010.2909,1.543927564,4.795821916,0.5531805697,67.03033442,78.05566684,68.54093224,78.37473823
1343,1024639.144,44037.08081,980602.0632,660220.6874,52242.82174,607977.8657,301041.4037,55633.18886,245408.2148,1.521112902,3.815561771,0.6525870317,77.59689639,51.01724145,79.03923354,51.50040603
1344,840383.5605,60211.23535,780172.3252,762319.2881,48918.57889,713400.7092,187909.2914,36241.76401,151667.5274,1.020127755,2.86723765,0.6378430472,3.676574239,32.53011346,4.639380091,32.86725665
1345,701328.6574,36483.06285,664845.5945,753539.8752,56620.62685,696919.2483,360754.8858,52109.93196,308644.9539,0.3862099771,2.389253725,0.626919449,30.77591835,36.76587011,30.98560481,37.09019978
1346,40059.33748,54389.25021,-14329.91273,39271.93483,56846.05293,-17574.1181,122551.7434,46491.03672,76060.70667,2.105950444,3.556351087,0.7221793094,35.71107189,92.76257038,36.90648956,94.49635349
1347,737354.297,50148.2784,687206.0186,495522.4996,50285.14602,445237.3536,200576.5782,52008.54501,148568.0332,0.7587215709,3.101172477,0.5896361368,92.24425763,45.9362467,92.01104118,46.65823597
1348,731402.867,64713.07862,666689.7884,951544.2515,48679.32961,902864.9219,298133.2927,52216.7046,245916.5881,1.775042885,3.257295409,0.8257157172,79.03704056,49.44115999,78.8622236,51.20757338
1349,878612.8596,54304.06353,824308.7961,728363.151,44777.5261,683585.6249,249267.5047,58493.36804,190774.1366,0.6280724881,2.290686293,0.7633830828,2.967095881,51.72176751,3.445660515,52.12852412
1350,816760.9459,60358.90057,756402.0453,938389.1213,58562.76712,879826.3542,303692.9472,44490.35841,259202.5888,1.726542458,2.008614254,0.6583749406,95.81296787,25.4393575,95.73293994,27.16404425
1351,38163.77321,49661.14446,-11497.37125,70190.26563,56302.33085,13887.93478,159319.8754,40959.654,118360.2214,2.427847623,3.274008766,0.9830524233,58.95646925,62.95096993,61.06535829,64.153896
1352,847452.9067,61515.55278,785937.3539,850777.9512,60805.93789,789972.0133,257271.8911,39460.2167,217811.6744,0.3964163625,7.353324373,0.9306022104,78.74468085,62.46550669,78.36482211,62.57887895
1353,70176.73238,65375.0007,4801.731676,53487.60441,54098.73332,-611.12891,95988.62227,35983.66882,60004.95345,0.4513089327,5.234697969,0.8254124262,92.10261438,20.09179948,92.47645,20.34463674
1354,846162.9925,48825.14758,797337.8449,596809.5137,50672.97685,546136.5369,256560.0085,60699.05636,195860.9522,1.05736035,2.463588618,0.9079985606,43.61864446,44.019492,43.92585047,45.03124068
1355,188342.7871,57755.86625,130586.9209,189541.3495,45998.58925,143542.7603,268599.7175,59562.12647,209037.591,1.21456307,5.426374859,0.8365852944,70.00984254,35.52983974,70.9495342,36.29934805
1356,748275.9047,62841.81521,685434.0895,1178299.957,52546.01034,1125753.947,258304.6238,51084.12968,207220.4942,1.023698912,1.638975422,0.8218511691,29.696591,52.88053119,30.34824849,53.67002594
1357,848500.8072,52326.34582,796174.4614,619864.6415,52834.53962,567030.1019,340055.1077,55433.71248,284621.3952,0.9748126623,4.590294957,0.9043903792,82.31959222,68.70059751,82.81573401,69.53970599
1358,58048.39309,49936.20236,8112.190727,55585.9708,56823.63156,-1237.660757,130689.5086,61597.59613,69091.91251,3.241620484,2.328848017,0.7808400994,9.580066976,70.11120312,12.81980425,70.22168288
1359,64471.77747,51374.69699,13097.08048,44978.26222,42086.92129,2891.340931,95512.11349,53208.74939,42303.3641,1.150869258,1.615444701,0.5468347314,89.98563521,23.1858179,90.13486273,24.32697135
1360,155696.9077,48345.40893,107351.4987,135192.0222,45856.91346,89335.10877,199951.8936,48200.17845,151751.7152,1.437378723,2.906139259,0.8470203566,93.99233303,47.32691757,93.9659017,48.76405325
1361,704899.2124,44337.32359,660561.8889,791745.3426,48093.12946,743652.2131,263696.7251,48747.68853,214949.0366,0.7181655583,2.948662344,0.5670524623,33.68157177,42.51146759,33.905378,41.82906555
1362,762146.7296,46574.54241,715572.1872,625397.4336,43598.89954,581798.5341,311850.1114,59749.68957,252100.4218,3.137898166,2.851839743,0.8451453193,52.81255086,1.114416911,55.07266121,3.291181973
1363,746299.6855,46708.32967,699591.3559,750580.4281,55598.87777,694981.5503,329856.4376,42819.9351,287036.5025,0.4378404338,1.610812607,0.7781221322,97.77334056,66.51753954,98.04859351,66.85803926
1364,192826.8803,43532.02968,149294.8506,172823.8459,48464.46445,124359.3815,179532.5921,61108.07023,118424.5218,1.54448783,3.200298943,0.7054745501,46.85960625,42.52212977,47.28755107,44.00614658
1365,883290.581,62176.42727,821114.1537,953863.9779,53776.12636,900087.8516,328753.9904,44170.05401,284583.9364,0.7289461764,4.06843703,1,30.57513133,89.80621268,29.86025922,89.94876231
1366,805699.2226,47742.72657,757956.496,765766.0635,43562.53631,722203.5272,304694.3051,46268.77034,258425.5348,3.003631334,3.280455442,0.713659506,80.65806005,46.6710761,83.66068196,46.59321163
1367,196898.4437,52679.64898,144218.7948,173691.9077,49168.07358,124523.8341,167794.849,50695.13853,117099.7105,1.752478464,3.944772389,0.6884074706,52.96322408,53.85401182,53.21792006,55.58788342
1368,156907.2773,53110.92251,103796.3548,172689.081,60076.10496,112612.976,241318.5496,53341.77219,187976.7774,0.5861121869,3.278968575,0.7350074037,95.25140004,97.80736724,95.74280563,98.12681683
1369,758198.3867,51874.80358,706323.5832,766566.3154,51428.53501,715137.7804,308409.8076,42830.06419,265579.7435,0.78360042,2.747314602,0.7123829227,32.92991491,93.01184718,33.65935219,93.29811781
1370,887769.6535,64454.26401,823315.3895,938429.7189,43804.85493,894624.864,286291.638,59728.78084,226562.8571,2.221939496,3.715754892,0.6736493401,71.59199439,13.49331317,73.59494873,14.45518063
1371,723646.4996,49790.70529,673855.7943,677327.8755,44767.24115,632560.6344,309838.0247,47169.38681,262668.6379,1.310515886,1.837123891,0.8051249072,56.42365263,23.78354905,56.96587275,24.97663297
1372,38164.81488,54722.4829,-16557.66803,50365.7315,58885.3474,-8519.6159,146596.9101,50827.43399,95769.47606,1.783570822,2.502073234,0.9146607338,18.70170473,74.06580117,20.1387608,73.00939466
1373,63917.84146,61599.22775,2318.613714,34198.0905,51528.05856,-17329.96806,184324.7669,40908.78832,143415.9785,0.3107819337,1.894972843,0.9092265061,69.58146003,36.62279267,69.36544329,36.39935996
1374,731315.8605,62184.95969,669130.9008,731993.9537,54566.32924,677427.6245,278032.019,52849.50065,225182.5183,1.041204898,1.572817825,0.6143546385,36.53233794,20.45159234,36.75096792,21.46958477
1375,73127.46541,71509.43943,1618.025972,51880.00055,48608.52274,3271.47781,150794.8758,59990.99623,90803.87956,3.465498332,3.85738273,0.8318574995,26.81003331,71.89474006,30.23308184,72.43549646
1376,194994.2312,62630.76518,132363.4661,230014.364,50540.61844,179473.7455,227938.1433,46222.728,181715.4153,0.7070969234,3.665641026,0.6503691041,92.38249374,66.66346322,93.0810509,66.55390067
1377,927965.7707,64580.06995,863385.7007,838250.9351,47707.19375,790543.7413,243584.1248,39747.36047,203836.7643,1.050716199,2.168771438,0.9487204113,11.67524661,21.65967968,12.61838041,22.12282456
1378,129076.7157,33344.98221,95731.73347,162227.0926,61125.7592,101101.3334,189329.834,44856.99057,144472.8434,1.315884729,1.331719794,0.6528783091,7.540714542,36.07321248,7.922286993,37.33255957
1379,83206.27688,52742.15566,30464.12122,147365.246,56016.24593,91349.00005,246806.3616,47332.96638,199473.3953,0.7916915233,1.709815276,0.7636360325,74.46253632,83.86378754,75.11889091,83.42109789
1380,168766.943,63311.77891,105455.1641,207394.4705,57624.1704,149770.3001,193383.0945,45713.87357,147669.2209,1.525839909,3.079018325,0.7497818104,22.09788792,27.97797229,23.11133226,29.11863787
1381,254257.1782,54907.93129,199349.2469,251076.5381,60202.07734,190874.4608,193111.1812,50411.17825,142700.003,0.9721939203,3.623624304,0.7691151688,27.75007113,58.22366507,28.6088715,57.76800846
1382,56745.03251,65086.04247,-8341.009959,38563.67524,42890.27477,-4326.599535,118711.0029,46492.32962,72218.67329,0.411484056,2.548348039,0.6775033186,26.3947418,25.01185411,26.77927363,24.86538089
1383,27789.08754,42388.16509,-14599.07755,31871.62347,39852.73489,-7981.111422,155000.0938,41698.19421,113301.8995,0.8943476452,6.350008029,0.8043858131,56.66920502,64.84785197,57.27315192,65.50747751
1384,706910.9199,49023.32388,657887.596,705810.7441,52752.62631,653058.1178,354444.6832,43258.03812,311186.6451,1.17798895,3.579675377,0.6707347672,20.69512927,82.63020839,20.65080833,83.80736327
1385,46290.37309,36271.28787,10019.08522,53191.42578,53371.56588,-180.1400942,134056.9878,55797.49711,78259.49069,0.8315502384,1.242052348,0.654041406,61.32173213,86.64042934,62.15316451,86.62642898
1386,699337.4259,55206.69207,644130.7338,814417.3368,52172.21603,762245.1208,314107.2089,45043.60965,269063.5992,0.379943982,4.438733066,0.9192640846,28.97626225,21.14432092,29.35550531,21.12125308
1387,168120.6726,53320.48693,114800.1857,152822.7622,48822.88811,103999.8741,281676.0624,48544.31493,233131.7475,1.202596634,1.603308575,0.6480462358,14.88731573,94.50636925,15.50925962,95.53565272
1388,183836.4436,40214.31842,143622.1252,143348.9155,55299.12826,88049.78724,236011.6938,41931.36477,194080.329,1.704392685,2.77344065,0.734986937,84.40924126,33.48058794,86.08690969,33.17995014
1389,669906.8358,50668.31239,619238.5234,855769.9822,51495.8385,804274.1437,284853.5242,43306.69392,241546.8303,1.987838783,9.597595019,0.6313160601,97.12428171,98.60161165,98.0364731,100.3677968
1390,337051.8378,67141.3233,269910.5145,151984.6122,41934.5524,110050.0598,207036.9666,45537.21298,161499.7536,0.8494000594,2.505288401,0.6005799923,68.49491741,36.39781322,68.87208811,37.15888004
1391,51147.36124,37344.17947,13803.18177,27704.39337,43142.60405,-15438.21068,222374.4534,45311.81424,177062.6392,1.390067664,1.678818507,0.7127135174,78.56292174,99.41410805,79.79929957,100.0494489
1392,776443.4103,36290.59968,740152.8106,611520.7319,46460.07286,565060.6591,256375.8184,51597.34932,204778.469,0.5414119099,4.178232784,0.6794817306,54.53441737,59.46040326,54.98598756,59.75908574
1393,287078.2056,57546.22549,229531.9801,115541.9208,49478.07026,66063.8505,218439.8959,65918.12482,152521.7711,1.465369073,1.8426958,0.8999866713,88.7795776,73.69429981,87.55874684,74.50478041
1394,620645.584,48420.67287,572224.9111,867122.4721,45333.75178,821788.7203,304723.3285,57871.32881,246851.9997,0.641122737,3.205799647,0.6006395429,75.03184099,44.65062987,75.61393375,44.91934232
1395,202096.7424,64965.75933,137130.9831,137037.2814,46483.31012,90553.97129,211742.1373,49407.85043,162334.2868,0.5854897883,3.560759464,0.6103254916,55.74550646,96.51454043,55.57538852,97.0747709
1396,258873.2909,60300.93282,198572.3581,242639.1462,68089.02374,174550.1224,160637.5274,47500.6849,113136.8425,0.5703411545,1.961437019,0.7012480993,97.81066005,88.66995411,98.30481615,88.9547326
1397,142062.9422,41875.99228,100186.95,201037.829,58662.08669,142375.7423,215175.6727,54320.61674,160855.056,0.2058632201,1.617680425,0.8899174262,93.78023722,3.588406044,93.84530462,3.783715794
1398,50194.85708,62214.4952,-12019.63812,50048.86946,55959.55193,-5910.682476,220604.6387,62785.30977,157819.3289,2.061309654,1.988417788,0.8123804723,56.75993225,40.7163371,57.09065658,42.75094244
1399,279849.8606,61346.36274,218503.4979,200749.2657,53266.67996,147482.5857,124872.322,56243.99082,68628.33122,0.3162382463,3.498512886,0.6319448746,71.82961979,18.29848457,72.14577197,18.30586204
1400,888602.849,63855.03386,824747.8151,730678.8598,48930.76943,681748.0904,225545.8314,60915.62396,164630.2074,0.4569308728,1.747157775,0.8468335717,63.48740898,92.64760173,63.77171496,93.00531102
1401,71626.33028,62231.39604,9394.934239,71956.58214,51753.23984,20203.3423,216306.1977,46644.60335,169661.5944,1.769974939,4.002715912,0.5744489825,88.6523196,71.21082462,89.24804059,72.87753629
1402,141711.7721,56818.44178,84893.33029,144470.8093,44596.02076,99874.78856,259958.1348,63176.0539,196782.0809,0.8433769604,5.740632566,0.7480048997,81.62300082,49.53707567,82.46635232,49.53052267
1403,920724.1824,53022.41515,867701.7672,833631.7199,52985.15734,780646.5625,250997.5249,46773.63,204223.895,0.4082839231,4.495973135,0.9578228256,13.81225237,91.39716104,13.87885313,91.79997625
1404,72560.66562,66453.5816,6107.084023,39427.64644,60394.84421,-20967.19777,138064.5992,51892.97161,86171.62759,0.9935855132,2.116066774,0.9050244102,2.093382441,45.60571902,1.595101622,46.46532846
1405,157666.9097,57591.87152,100075.0382,162658.4814,52488.16811,110170.3133,261164.7592,46021.32232,215143.4368,0.07090568723,5.14328141,0.7292751261,3.194017396,96.2676426,3.213991806,96.33567671
1406,819611.5488,57244.73338,762366.8154,715842.6297,39876.59888,675966.0309,210808.4897,46526.53702,164281.9526,0.3048666156,3.331749868,0.8818743945,66.66139162,0.1618666031,66.9587088,0.0944414797
1407,913449.2494,50408.78778,863040.4616,962256.1426,57044.81528,905211.3273,268578.0877,40587.66276,227990.425,1.060114683,4.427982237,1,3.157584742,92.99174536,4.158737779,93.34036512
1408,68090.08991,53301.69835,14788.39156,53023.62375,58417.89422,-5394.27047,195879.3615,36407.95549,159471.406,0.4830772703,3.904444949,0.7991203544,10.89374858,80.40500108,11.30992815,80.65027278
1409,624385.8266,47610.48248,576775.3442,657997.896,63910.12066,594087.7754,372253.4271,52649.34903,319604.078,0.6784568779,2.722385449,0.836436692,93.21729313,54.11601649,93.89006794,54.02839349
1410,62103.84564,60363.2974,1740.548239,46846.51046,41253.96627,5592.544188,147270.9101,51301.95481,95968.95527,0.6046754261,2.419535342,0.7138788512,78.01137525,7.79276202,77.85018146,8.375556095
1411,192787.8738,41221.64159,151566.2322,142711.825,47794.66901,94917.15594,177968.2489,33109.07428,144859.1746,0.1444244895,3.140469824,0.812722097,75.58972025,76.2153401,75.72516446,76.26547291
1412,50676.56015,45969.55205,4707.008101,58907.37933,54123.51719,4783.86214,167028.0408,48582.03001,118446.0108,0.6043607716,2.396217364,0.9751720745,2.197337131,32.87481004,2.584953516,33.33849687
1413,53985.81432,58483.8647,-4498.050381,72889.2995,62979.19315,9910.106357,133873.5747,55784.86976,78088.7049,0.9011792751,2.245285704,0.7614409631,78.08179877,34.9704147,77.54130572,34.24931045
1414,252401.048,35652.5964,216748.4516,192534.019,64177.76922,128356.2498,201594.1005,48980.4365,152613.664,0.9117059905,1.827396101,0.8748166627,86.83373776,60.01193402,87.70684414,60.27440889
1415,78461.45956,66395.46751,12065.99206,39701.97124,54648.12269,-14946.15145,99059.15894,47493.36792,51565.79102,2.127975375,6.901776036,0.9397080809,28.71672727,30.98169457,28.68941871,33.10949471
1416,51624.84175,55747.86236,-4123.020609,42631.18275,47098.3985,-4467.215742,137058.3586,47888.17251,89170.18614,0.258125682,2.868855334,0.784008556,52.05239442,2.898600814,52.28436313,3.011823529
1417,54988.66576,53830.14815,1158.517605,75691.12555,60209.4708,15481.65474,167063.1413,61254.8929,105808.2484,0.2500591985,4.69038511,0.7576872608,28.97471981,58.20545267,28.79573226,58.03083005
1418,54487.8805,69853.22251,-15365.34201,59231.49279,56818.50813,2412.98466,144936.3548,52462.96267,92473.39215,0.984250286,4.132868197,0.5759700853,66.89706221,55.66296044,67.64383755,56.30411192
1419,760748.0988,41886.76008,718861.3387,640737.6141,51342.5845,589395.0296,366306.4008,61842.66644,304463.7343,0.2603279862,3.29138779,1,77.83672461,8.342883342,77.73565061,8.582788964
1420,58793.96441,52477.95913,6316.005282,45239.2942,41253.35852,3985.935686,163301.1938,46374.8364,116926.3574,1.735726137,5.295130655,0.9318047842,83.58568911,84.98498106,84.93201127,86.08050005
1421,185643.387,55461.61895,130181.7681,162902.2864,39683.03496,123219.2515,168808.1532,45556.24774,123251.9055,0.4743810918,3.934559648,0.8681077184,71.41507462,43.72012938,71.877278,43.82692571
1422,745498.4313,57238.60301,688259.8283,794933.5594,53196.2171,741737.3423,251036.0828,43377.70659,207658.3762,1.118439513,2.781053442,0.8429635381,17.70849389,10.02964988,18.54139479,10.77609682
1423,176922.2138,40024.6843,136897.5295,181352.9186,58388.40833,122964.5103,268780.5519,46138.81839,222641.7335,0.2985688126,3.126651572,0.916119205,99.9985781,16.46530221,100.2031169,16.68280446
1424,193175.5405,71180.59435,121994.9462,230769.6194,63731.4258,167038.1936,156740.663,43531.37736,113209.2856,0.3743592454,2.291925743,0.8268271433,46.12690634,3.336993144,46.47776646,3.467538216
1425,76969.02614,49121.09996,27847.92618,53824.67622,59324.5464,-5499.870184,214839.0755,41093.74622,173745.3293,1.168787719,5.06342303,0.5125595331,98.21900428,68.22926116,99.23368036,68.80934494
1426,149893.2849,31959.90638,117933.3786,154461.5646,54454.16162,100007.4029,202598.2162,29833.27833,172764.9379,0.914783237,1.962235387,0.4716724483,29.87879913,64.23842308,30.54634409,64.86389257
1427,903766.7743,48939.07487,854827.6995,593568.111,57753.30247,535814.8085,274599.1255,47964.73198,226634.3935,0.3406855696,1.305160246,0.635618924,78.06675299,64.91335627,78.03590299,65.25264219
1428,805610.0027,59680.01583,745929.9868,671917.3943,59106.79212,612810.6022,238833.2027,53493.87694,185339.3258,0.7423471279,1.088195084,0.8573534717,98.21060602,9.087329933,98.49934499,9.771222519
1429,905021.0752,48272.85687,856748.2183,699637.5496,53347.03726,646290.5123,292596.2517,43391.85082,249204.4009,1.064076544,3.422956719,0.6969350403,83.72165131,2.226211967,84.70072342,2.642957324
1430,78754.19883,58017.23273,20736.9661,59021.81373,61362.37417,-2340.560435,142721.3187,40708.09411,102013.2246,1.94999116,3.070243242,0.7232452241,43.65079813,94.0908094,44.21484861,95.95744074
1431,968488.8207,54430.73659,914058.0841,930316.7908,49084.93448,881231.8563,300288.4542,54200.27121,246088.183,2.768034911,1.640912068,0.7430495714,60.35713155,10.14696275,61.67628059,12.58045058
1432,96324.36182,71880.00668,24444.35513,45174.27264,49938.91464,-4764.642009,174615.4677,54980.11915,119635.3486,1.110619413,1.806879864,0.9284800778,4.344352778,32.3191648,5.386537464,32.70299623
1433,797966.6779,62181.93602,735784.7419,715499.6492,55797.06241,659702.5868,408106.5082,54353.76761,353752.7406,1.726312843,1.211775272,0.7645222969,49.9350204,22.5820877,51.1125266,23.84448034
1434,192993.2967,44851.06286,148142.2338,195583.8675,48540.63489,147043.2326,225039.6109,40756.35568,184283.2552,1.430129552,3.2055255,0.5563060331,98.94259916,10.74041724,100.0590498,11.63417817
1435,38721.54096,40892.68855,-2171.147599,56882.75424,61775.09172,-4892.337477,109935.4459,43396.56665,66538.87927,1.948578017,2.465942465,0.6204494468,47.65188388,40.9758219,49.46292102,40.2567247
1436,161644.3694,57154.96919,104489.4002,114289.2326,58480.27443,55808.95821,272484.3834,67109.02991,205375.3535,3.377013463,1.238286486,0.8249394005,68.77560876,69.60359272,69.1994594,72.95390175
1437,797603.1172,60300.22954,737302.8876,757139.7949,35341.37656,721798.4183,337866.0122,44587.61571,293278.3965,1.019601118,3.952010072,0.7811935564,37.48862081,27.19904969,36.68301016,27.82401203
1438,74207.60439,65049.66487,9157.939522,34607.53175,46040.81477,-11433.28302,177003.5478,53250.232,123753.3158,0.5822026643,4.510774036,0.6881348185,42.09412942,13.55864135,42.55322287,13.91668205
1439,268134.2058,56054.10975,212080.096,210374.3263,48050.08937,162324.237,170012.4182,47228.4073,122784.0109,0.8755747734,0.9721403818,0.7876614698,42.64657183,59.86012547,43.1179312,60.59799507
1440,803415.9679,54851.66858,748564.2993,743957.6025,52924.00681,691033.5957,339868.9826,53375.46181,286493.5208,0.9598311194,2.382287618,0.8500380037,21.16164658,37.9148541,21.19258902,38.87418634
1441,788219.1733,54522.10298,733697.0703,729866.9021,49569.60731,680297.2947,302732.9446,49541.59297,253191.3516,0.9209734198,9.194362863,0.5757644605,81.19902401,61.9051021,81.59249551,62.73779185
1442,195860.2337,51846.14361,144014.0901,137056.231,51918.0213,85138.20968,152172.738,41791.4788,110381.2592,0.6495912467,2.451401636,0.992401402,93.86659495,46.83406781,94.23809041,47.3669467
1443,24890.30508,49085.22796,-24194.92287,38250.49248,45273.49275,-7023.000269,133499.3249,40445.10626,93054.21868,0.8488645874,3.907888683,0.9494881366,33.91569834,10.19328039,33.30978647,10.78779018
1444,35843.65123,45359.82652,-9516.175284,47134.53026,55874.10305,-8739.572787,98578.27746,36144.08434,62434.19312,0.8369869974,4.163638113,0.7249665355,25.68556534,26.32641834,26.44193131,26.68482838
1445,798066.2448,40450.92823,757615.3166,531514.1016,48623.65128,482890.4503,271384.9891,56713.20502,214671.7841,0.9771563453,2.160675165,0.8856105553,18.96848977,89.29447035,19.51899633,90.10179745
1446,654960.6692,61710.14318,593250.526,742400.8987,48441.09701,693959.8017,270375.3632,40013.23208,230362.1312,1.335752952,4.755932135,0.868293659,34.99977811,82.0742148,36.18950551,82.68149122
1447,172366.3416,56343.64304,116022.6986,168057.5508,57570.94333,110486.6075,274860.4788,58108.6965,216751.7823,0.2965420776,3.639247818,0.8927301689,13.27848879,13.74997031,13.52307713,13.91764186
1448,878885.8821,42300.55444,836585.3276,767151.066,51275.48435,715875.5817,200538.3559,56588.64515,143949.7107,0.5057051986,2.205846768,0.8314806657,99.96728985,56.97780148,100.1276713,57.45740084
1449,120318.0848,52833.95012,67484.13468,176290.0564,47195.83667,129094.2198,159495.8264,49999.21472,109496.6116,0.2742789587,3.721394002,1,47.74698946,86.22769008,47.9574302,86.40359812
1450,701450.7299,63094.45414,638356.2757,868728.2431,30305.07762,838423.1655,348265.7672,51827.27194,296438.4952,0.09858092371,2.799569363,0.9520785125,14.86894769,95.89469709,14.93434205,95.96846549
1451,18310.88062,37745.03863,-19434.15801,68594.58934,67400.7339,1193.855442,175737.0256,58358.30313,117378.7225,0.4374819046,6.197481893,0.6742082164,2.808739987,53.2576244,2.546376582,52.90754461
1452,815053.122,41521.93983,773531.1822,804275.6953,56796.65789,747479.0375,283534.4334,50833.37802,232701.0554,0.3768815917,5.993221775,0.7045209154,92.60843944,13.42440988,92.72715325,13.78210635
1453,141538.2462,59580.74613,81957.50005,142326.8321,49352.99033,92973.84175,244931.9565,64356.17822,180575.7783,0.7943889087,3.81649138,0.87017842,58.49424075,59.79090713,58.92343865,60.45937022
1454,1083186.931,54421.88819,1028765.042,744794.0473,49273.95064,695520.0967,243325.9433,56436.35776,186889.5855,0.7503322582,5.891515635,0.639330211,2.321556503,65.5362695,3.050044859,65.35653855
1455,41736.2304,45326.44065,-3590.210255,56627.75428,45260.0921,11367.66217,161743.4406,55393.64921,106349.7914,0.3059900266,3.926968368,0.7709609799,72.33492319,43.66568571,72.4449214,43.95122081
1456,149423.0804,47384.49135,102038.589,205227.1676,56045.16215,149182.0055,251536.703,51441.67034,200095.0326,4.992487743,3.946452991,0.9505489091,85.43467385,58.52184062,87.96989595,62.82272225
1457,800074.7907,70300.63253,729774.1581,698162.3767,39610.39195,658551.9848,334664.4782,55916.22647,278748.2518,2.047335893,1.133552396,0.5419130124,25.86686754,12.5406158,27.90725818,12.37212169
1458,907322.5616,49979.79635,857342.7653,654625.816,57725.46537,596900.3507,301227.3234,35629.7342,265597.5892,1.716118545,3.15042631,0.7926750135,84.78517809,40.13242699,86.344968,40.8480514
1459,1003771.348,61783.95848,941987.3896,777596.6346,58764.71647,718831.9181,337123.2401,54786.00726,282337.2328,1.077221565,2.572953684,0.562323432,59.64700042,15.24209536,60.18825962,16.17346252
1460,71866.2639,58988.56393,12877.69997,63478.83137,57550.27301,5928.558361,53884.61554,44161.27753,9723.338014,0.8046144199,2.706236704,0.7339484404,69.6349718,56.78922208,68.83763707,56.89721139
1461,57268.92351,57638.12428,-369.20077,52905.9615,57231.03947,-4325.077968,163195.0184,53071.22879,110123.7896,1.61017921,5.040597596,0.7141931206,41.49363328,50.24020305,43.0099716,50.78186273
1462,46052.07966,62743.23341,-16691.15376,33970.82698,40237.3061,-6266.479124,198203.7378,58678.13228,139525.6055,0.6980773971,0.7433986985,0.8908139021,59.05281831,89.02404861,59.61527659,89.43751292
1463,178615.0872,55546.22586,123068.8613,199918.4616,42645.39434,157273.0673,155089.6527,47354.63447,107735.0182,2.689058187,3.388634249,0.9198893628,18.63823029,47.04944915,21.23468247,46.34982781
1464,900394.1497,64441.0048,835953.1449,678741.5622,42054.36222,636687.2,352887.977,45149.6366,307738.3404,0.6894995343,4.015133544,0.7881938812,55.42892694,54.82159715,56.11649611,54.87315532
1465,55306.70304,45692.26849,9614.434554,62614.69144,60710.01394,1904.677504,138116.9417,43786.18821,94330.7535,1.352752425,1.544739692,0.7622122791,56.22471271,11.3408871,55.03476053,11.98427885
1466,214561.3153,57353.11899,157208.1963,207329.0143,58327.35697,149001.6573,200949.0768,45105.06462,155844.0122,0.4877925846,1.600888059,0.6790780711,20.8223259,86.2214246,20.74721019,86.70339891
1467,1075392.842,63485.44727,1011907.395,863254.5165,44470.80698,818783.7095,208027.4568,54446.19776,153581.259,2.17137233,3.92072873,0.7613588903,14.36925398,31.5589223,15.74359694,33.24000505
1468,857218.5405,55468.11279,801750.4277,636141.2476,52797.19381,583344.0538,227914.3122,61094.63937,166819.6728,1.080656346,3.971354998,0.5956104685,1.900916622,33.09793685,2.968225595,32.92861557
1469,777568.4895,67792.74889,709775.7406,847977.7597,56564.76076,791412.9989,293131.443,53538.60697,239592.836,0.3256100749,2.556342307,0.7737444775,23.77836531,19.53806322,24.08778685,19.63945468
1470,44784.01459,47389.55524,-2605.540652,46029.01597,46281.94944,-252.9334752,130917.9119,44214.46951,86703.44235,0.232824778,2.923395548,0.8791155885,75.71174482,30.56366522,75.59046055,30.76240501
1471,63636.64265,56530.39801,7106.244638,30171.84849,41533.331,-11361.4825,155731.2319,44723.91276,111007.3191,1.370267526,2.850971904,0.8554981953,27.22380488,95.50477511,28.58820247,95.37807742
1472,786859.5876,48008.20024,738851.3873,698675.1005,45430.71957,653244.3809,266253.0101,58413.872,207839.1381,0.5955597614,7.992991922,0.6199529253,96.78210658,53.70947465,97.37262031,53.78683715
1473,68594.66565,66966.57921,1628.086431,66393.17939,60236.7968,6156.382585,117488.6552,56620.68651,60867.96871,3.620537274,7.496598466,0.7449425222,71.33754903,56.93899637,72.12034942,60.47389576
1474,44570.13224,60936.09115,-16365.9589,66060.38888,68018.91117,-1958.522292,148709.1232,48683.61335,100025.5098,0.5988027768,2.574979575,0.893706271,31.71965942,39.00549337,31.7710748,38.40890203
1475,759789.3982,48004.17449,711785.2238,883237.6954,52192.85697,831044.8384,219968.7004,42146.6626,177822.0378,0.9750866334,0.8372824044,0.6652677494,75.90599708,80.3021292,76.7451021,80.79881494
1476,164805.2513,45877.44075,118927.8106,201148.7281,39596.38543,161552.3427,146985.1893,62493.28495,84491.9044,1.367611038,3.052399019,0.8849824509,59.32706352,38.02299856,60.24590921,37.01004123
1477,912540.0033,62183.52484,850356.4785,855941.7172,49118.5919,806823.1253,260867.9914,49318.17874,211549.8127,0.4032137404,3.036819836,0.7713222259,12.81979265,15.13518273,13.20025253,15.26871776
1478,683007.5154,48277.55589,634729.9595,704042.2294,51663.01195,652379.2174,304723.9917,56241.12745,248482.8643,0.3284241161,1.776467818,0.7036495886,80.01775804,63.06995433,80.03427763,63.39796272
1479,49452.28519,55042.72142,-5590.436233,52295.84655,46742.73852,5553.108033,128806.7542,59228.29849,69578.45568,1.766070816,3.310099102,0.8113737543,60.55417269,74.23528177,61.14859583,75.89831131
1480,990300.3828,49613.60988,940686.7729,865390.7766,40947.96436,824442.8122,257357.8793,37577.93642,219779.9429,1.452599404,5.728048904,0.9064236355,8.019532289,49.54982993,8.965252809,50.65239862
1481,734508.1377,45230.48551,689277.6522,616004.1623,46619.05242,569385.1099,255292.3185,59869.72009,195422.5984,0.6942541023,1.986446764,0.6780717011,5.661271486,37.65649093,6.160929011,38.13849831
1482,72289.75777,62543.35142,9746.40635,36473.98779,45422.77575,-8948.787966,139689.8301,50116.82248,89573.0076,0.5049551425,6.852994503,0.9172576868,20.28084331,1.958306315,20.77059209,2.081293443
1483,166217.8287,42831.85644,123385.9723,207770.9345,53434.79322,154336.1413,261547.8889,52654.74554,208893.1434,1.160581399,1.78789877,0.7224182957,57.01622333,19.43382411,57.34598232,18.32107608
1484,69172.28388,64483.73126,4688.552613,41733.28765,45761.82137,-4028.533724,143203.2989,54833.9724,88369.32651,2.84098336,1.962172794,0.9269684504,69.58072428,10.43148182,68.35966898,7.866289738
1485,65040.20226,55032.13994,10008.06232,34760.45335,48545.24905,-13784.7957,123638.4142,48919.14995,74719.26423,0.07072652194,3.225186338,0.7408663973,29.23787671,93.64067313,29.30686963,93.62510976
1486,920519.3176,55107.90752,865411.4101,797587.0729,47558.03637,750029.0365,277159.4671,46263.58181,230895.8853,3.613712447,3.597445779,0.8252261194,96.29656402,79.36153416,92.76770188,80.14002607
1487,650103.038,38113.08362,611989.9544,915097.3053,50693.81375,864403.4915,328870.9134,54898.91905,273971.9944,1.12015962,2.786921191,0.7821226894,18.17289,58.93354371,17.56618347,57.99191492
1488,63867.19937,62552.93131,1314.268057,66374.48595,52762.3217,13612.16425,114734.5561,50119.40953,64615.1466,0.956707003,2.600950614,1,96.57193746,24.82169799,97.40093023,25.2992535
1489,928631.2728,50261.69859,878369.5742,744181.7433,50474.73268,693707.0106,317344.8433,59636.10337,257708.7399,1.530945238,5.127681343,0.5751720404,67.56665292,14.59994755,67.79558959,16.11367848
1490,21577.0936,46510.59433,-24933.50073,55955.10837,55015.95375,939.154621,83404.07977,52463.13761,30940.94217,0.1378084625,1.742398043,0.8960262265,54.35207832,24.45699307,54.28088568,24.57498791
1491,864046.3139,52399.08898,811647.2249,693884.8595,46519.45707,647365.4024,226416.9411,45383.46784,181033.4732,0.664693411,2.810050035,0.9641952257,13.47826531,10.22274754,14.08117566,9.9428968
1492,953666.2123,61846.9496,891819.2627,679984.4759,55508.76901,624475.7069,229063.01,58612.4555,170450.5545,1.127368961,1.384235668,0.5593836948,46.52628909,81.92753419,45.51410714,81.43109844
1493,75975.1923,61683.75495,14291.43735,59636.96735,58099.41611,1537.551248,97686.87941,43671.17598,54015.70343,0.8967042482,3.631223875,0.8719516042,17.68793222,83.24671029,18.5730078,83.1027668
1494,38552.96532,53498.22999,-14945.26466,57822.59519,64209.81083,-6387.215647,161955.8287,46080.17747,115875.6512,3.170977764,2.509453343,0.8140135307,35.88196329,11.18422797,38.35884135,13.16417117
1495,963306.5955,44256.53396,919050.0615,633355.9834,53684.28354,579671.6998,251519.1832,52510.53268,199008.6505,0.6616189896,1.886526034,0.8631140218,20.69618331,4.476181262,21.31597811,4.244677289
1496,63700.46915,59563.45346,4137.015684,22579.56656,22032.52983,547.0367277,91732.94166,50024.95891,41707.98275,0.5377721007,3.81259997,0.9025218408,33.36104149,11.98707205,33.49008625,12.5091317
1497,53473.14374,46970.58365,6502.560087,60045.56149,44726.33712,15319.22437,145513.6652,60102.50268,85411.16253,0.4984783032,5.489559896,0.8694618991,17.23377344,43.85295898,17.29633571,44.34749572
1498,78652.76335,72511.09325,6141.670107,30779.75507,48718.89229,-17939.13722,133083.182,42949.87915,90133.30283,0.1647168059,1.604136831,0.7565326866,10.26197625,51.20713008,10.3532124,51.34427085
1499,40811.82407,46527.0058,-5715.181732,28770.01738,44219.86761,-15449.85023,163825.8771,53650.73313,110175.1439,1.940054032,3.675975559,0.720622882,49.36438128,65.65190562,51.15365528,64.9020335
1500,63354.86384,67059.45913,-3704.595292,37454.92546,43550.28433,-6095.358871,155020.8431,42234.84831,112785.9948,1.166965171,2.411947744,0.714023792,80.15706004,86.44074348,81.08453961,85.73251375
1501,850693.7591,51036.72839,799657.0307,791864.6196,53453.81726,738410.8023,270783.2905,55274.4169,215508.8736,0.6115446909,2.363791578,0.6321529089,66.86787827,35.90879766,67.3058128,36.33564687
1502,230524.3859,55868.2153,174656.1706,185385.7482,59202.68489,126183.0633,153034.6197,42058.1242,110976.4955,2.736484324,2.781455987,0.7947383274,25.2435313,61.69519725,27.94852186,62.10916884
1503,222768.4171,57070.76346,165697.6537,116938.1413,48051.70664,68886.43468,78334.49914,49384.99408,28949.50506,0.3898799454,1.861164724,0.8362443583,92.16109206,50.26419743,92.5315055,50.38585371
1504,62737.14165,71444.58169,-8707.440035,66073.26775,55831.26847,10241.99928,53035.36461,42259.82024,10775.54438,0.7472287689,4.989749183,0.6586925898,95.79372261,33.89405152,96.14361018,34.55430112
1505,550471.3472,53691.5502,496779.797,745756.994,49863.89601,695893.098,252895.0941,36818.2975,216076.7966,0.6930408132,3.019803642,0.6644514844,73.44700398,67.25010734,74.11547356,67.06720302
1506,766132.598,67791.63024,698340.9677,661279.5702,62345.03332,598934.5368,306838.6015,47037.46697,259801.1346,1.231289789,4.694090504,0.7461454412,12.45791332,11.05028821,13.47283623,11.74742953
1507,53655.63828,50715.65055,2939.987723,47500.87734,46347.99243,1152.884911,125313.3109,53313.89399,71999.41694,0.03593816939,1.653814212,0.628548485,49.22410148,64.92339303,49.2588706,64.93248482
1508,877493.9918,59354.95004,818139.0417,870998.4173,57337.41758,813660.9998,242955.9336,48796.74262,194159.191,2.036486701,4.122240989,0.6329768837,60.20035667,83.03782078,61.45293341,84.64353856
1509,785194.2292,63723.88121,721470.348,679786.2692,56729.62839,623056.6409,339812.5807,51043.29261,288769.288,1.378945337,2.555313483,0.8221266736,39.3733125,85.61576424,39.26185398,84.24133081
1510,783101.9544,60575.74088,722526.2135,676797.0995,49889.32274,626907.7768,381171.1693,54824.32295,326346.8464,1.348016899,3.224299951,0.7688273182,97.62925756,70.79773483,96.9162345,71.94173993
1511,918761.209,64735.34943,854025.8596,758793.1403,45857.38571,712935.7545,292467.7271,44250.93137,248216.7958,3.366321908,6.711583841,0.772893555,46.87484292,70.29672838,50.22382829,70.63793239
1512,62987.33182,47391.39584,15595.93598,32373.92131,46454.70372,-14080.78241,117480.0938,38351.09377,79129.00007,0.7524931195,1.789234626,0.7381921586,75.9664077,28.69573321,75.60602075,28.0351523
1513,805592.5566,57836.22476,747756.3319,711749.2677,49400.04818,662349.2195,322347.1223,48181.22337,274165.899,3.956075576,6.599624549,0.7662193488,91.1723232,26.40886487,93.43231264,29.65586067
1514,55983.01658,60561.19208,-4578.175507,55931.51439,51396.56711,4534.947276,104675.1297,32497.82541,72177.30431,0.473671307,2.30923251,0.6826113278,23.88220333,38.87493808,24.13871167,39.27314403
1515,934118.3283,58240.69815,875877.6301,746846.147,52719.07334,694127.0737,243963.0709,51128.21517,192834.8558,1.967457868,2.674308647,0.6442857003,1.524848109,47.17135885,0.3925335058,45.56239829
1516,838525.0524,57661.90963,780863.1428,696925.3239,57776.82919,639148.4947,193929.6153,50369.06123,143560.5541,3.484229839,1.634865305,0.6872508688,49.70939703,3.497954065,49.77789344,6.981510554
1517,39788.51881,48845.83094,-9057.312126,44066.69146,42132.55143,1934.140026,152097.3703,47767.40384,104329.9665,1.834265222,2.262090665,0.9669801891,85.18883154,19.14238129,86.80679107,20.0065201
1518,636271.1359,52504.82843,583766.3075,785874.7287,44060.0714,741814.6573,336809.6199,43578.38053,293231.2394,0.7264859615,3.493588984,0.8952448583,21.71225852,94.35315102,22.43583629,94.41808986
1519,52236.8792,52687.44824,-450.5690427,70302.12514,57175.62181,13126.50333,116610.0855,58653.23394,57956.85159,2.264264421,5.336516561,0.8012084359,78.01512675,94.17462278,79.65597106,95.73491869
1520,153682.8919,54644.38729,99038.50464,149118.3111,54789.04838,94329.26268,197768.8706,51250.25686,146518.6138,1.420147012,4.028995331,0.6840030516,89.77261789,59.42943695,89.93878324,60.83982931
1521,140190.2186,51858.56846,88331.65015,205566.6892,43979.3601,161587.3291,214508.3041,51115.8453,163392.4588,0.3034146124,3.300028885,0.8080195795,19.24144016,58.46150656,19.22746393,58.76459911
1522,242830.9695,56295.0468,186535.9227,155786.6775,57406.53073,98380.14677,259194.323,49893.73341,209300.5896,1.171106165,1.556891072,0.4036582058,1.126250939,13.33139897,1.616235487,14.3950741
1523,819645.4213,53242.08774,766403.3336,823519.94,40045.25908,783474.6809,251089.6639,56838.66662,194250.9973,1.044242744,1.646580478,0.8136819663,2.120094571,16.98200774,2.759728217,17.80742382
1524,65229.93165,58199.52273,7030.408923,27101.90868,44507.28828,-17405.37961,148090.4665,53640.90958,94449.5569,0.863004992,2.639090988,0.9922478174,4.926262124,62.68455878,5.738314506,62.97670351
1525,740987.7386,59436.20543,681551.5332,886728.3329,58635.51874,828092.8141,304486.9062,41772.28587,262714.6203,1.736775531,3.812875713,0.8107966499,14.44100577,42.23611179,16.13459361,42.6210137
1526,54182.49155,56590.99448,-2408.502935,42267.07211,50763.18811,-8496.116006,121653.2275,29213.19146,92440.03605,1.439884709,3.195238277,0.7245076794,38.27527013,11.33871509,39.59560157,11.91316513
1527,54405.19145,64381.36582,-9976.17437,53130.02943,47767.46694,5362.562489,156383.6977,60773.83128,95609.86642,1.125340149,2.742484767,0.8207712054,79.48474652,53.9146359,80.43896545,54.51117314
1528,705602.6745,52019.92164,653582.7529,698936.631,40641.59191,658295.0391,267059.8105,51829.13117,215230.6793,3.770929896,2.463658837,0.6691407515,41.5451259,17.6195219,42.71106742,21.2056748
1529,730680.7029,59955.33309,670725.3698,869037.1955,54733.49526,814303.7003,248920.6553,57558.23294,191362.4223,1.213637126,1.048218964,0.9496959836,31.19695463,1.497667426,32.23215645,2.131127964
1530,750474.2742,55478.33721,694995.937,638864.7473,37526.16364,601338.5837,248350.5682,66390.2576,181960.3106,1.084934411,3.209142158,0.7915347993,3.526769481,94.63495114,2.810279271,95.449644
1531,139898.1877,45825.89219,94072.29548,237936.8943,58217.84633,179719.0479,248424.6238,62967.60737,185457.0165,1.004582364,2.2091326,0.7821560524,76.44645057,14.06966433,77.44759426,14.1527127
1532,161486.3405,51954.71838,109531.6221,214835.5521,50858.00699,163977.5452,262846.2485,44209.189,218637.0594,1.054365353,3.041370842,0.8773631814,25.64640028,5.894688537,25.30675185,6.892849468
1533,223532.3913,53260.68849,170271.7028,153450.2199,55679.16794,97771.05199,184745.3054,48038.81379,136706.4917,2.986046296,2.735150594,1,18.27602828,87.14408457,21.08174616,88.16605309
1534,701445.5993,44224.49016,657221.1091,773291.9002,51319.94017,721971.96,328594.2444,48130.31087,280463.9336,0.4266927664,3.823465235,0.8096590429,31.55125838,29.13792012,31.1987451,29.37833872
1535,822296.6522,54328.23527,767968.417,867845.1847,57386.94984,810458.2349,274594.394,43253.62933,231340.7647,0.2413240543,6.117076609,0.8812921657,62.08317819,56.11331015,62.26516589,56.27179604
1536,64284.81004,56144.38224,8140.427806,38639.80392,44856.62571,-6216.821796,135393.5031,48220.34834,87173.15479,1.572462439,2.815996881,0.5596679602,70.63743781,62.06752696,72.18942472,62.32045922
1537,50330.27437,60629.72358,-10299.44921,39774.63709,42634.50374,-2859.866654,121332.4675,53239.96912,68092.49843,1.14302602,6.379282379,0.6131440469,27.99719964,14.88533053,29.12340121,15.08072375
1538,203071.1871,56816.00354,146255.1835,246180.8896,56870.65632,189310.2333,150199.6948,42866.76631,107332.9285,0.6677153589,1.569773646,0.9356837696,12.12792542,12.59751197,12.74243911,12.85869528
1539,53240.05551,44954.2396,8285.815909,57716.33516,60352.0833,-2635.748142,133696.3646,49111.56773,84584.79688,0.4981707018,1.649809692,0.9105181672,25.79331488,85.89502171,26.18907359,86.19759252
1540,224502.8276,62117.21587,162385.6117,179972.7667,67211.49499,112761.2717,173236.2494,49832.60341,123403.646,0.8819084911,3.679478274,0.8257697826,69.2799562,14.57950881,70.08586262,14.22135042
1541,62336.48953,51726.17021,10610.31932,29779.48725,42778.81269,-12999.32545,137653.6263,43291.8884,94361.73787,0.9218908608,2.034644234,0.9163174231,56.63695443,0.8780730617,56.95995461,1.741527542
1542,153867.9434,62530.11209,91337.83128,158421.9437,61271.86289,97150.08085,160534.5529,41807.23078,118727.3221,0.2340064599,1.624733341,0.5813132924,8.871512427,13.84186467,9.055943322,13.98589338
1543,144256.9658,40996.47086,103260.495,167995.78,64912.83942,103082.9406,219505.1512,55822.68664,163682.4646,1.265172249,6.693356449,0.7712374322,81.94076007,76.71724519,82.3608109,77.91065129
1544,799815.3158,60364.75357,739450.5622,867077.4883,56879.76965,810197.7186,292909.7722,51551.16921,241358.603,0.7022695596,2.865641226,0.7489821305,21.42880403,22.66696016,21.09325523,23.28387956
1545,776661.1735,71408.91795,705252.2556,878201.7712,47581.85856,830619.9127,244845.154,42659.52883,202185.6252,1.659907036,3.008136279,0.8426893331,60.81557779,99.29659181,62.39446025,98.78432084
1546,590930.3583,55840.01735,535090.341,617936.3716,39299.25167,578637.1199,300955.6316,50201.80202,250753.8296,0.3811424329,1.514536006,0.9193959782,42.35397738,70.30621751,42.72299101,70.40160354
1547,56743.47139,52809.9371,3933.534296,68351.80066,60715.45624,7636.344419,119020.8069,54012.60252,65008.2044,0.6685109637,2.743703452,0.8554405268,6.223966999,34.44515943,6.80694433,34.11798311
1548,61460.22907,49500.82942,11959.39964,72100.73093,59229.62617,12871.10476,109153.2027,61761.98556,47391.21716,3.578731689,3.255178223,0.7464702427,64.25096475,46.28876158,67.82496877,46.47265226
1549,60823.61996,51534.81359,9288.806368,38786.28292,46868.16354,-8081.880624,131283.7715,36610.38992,94673.38157,1.329798324,1.166292423,0.7913102061,40.14378259,18.50355545,41.41383847,18.89766412
1550,211054.0856,58613.43281,152440.6528,200046.0112,50800.38523,149245.6259,188730.2556,54838.50203,133891.7536,0.316003219,3.558259366,0.5296135246,96.32393404,40.29395784,96.44002763,40.58786312
1551,247537.8687,51930.21615,195607.6525,160733.0747,57335.96097,103397.1137,175492.1002,46765.87607,128726.2242,0.8116270398,2.036082442,0.8038781408,5.52408039,99.5196066,5.561820322,100.3303557
1552,111874.0299,73211.10464,38662.9253,209732.2074,59828.04291,149904.1645,209311.5113,48747.5416,160563.9697,2.26082856,2.443722862,0.6269146746,59.66399161,66.48009916,59.83535182,68.73442421
1553,985820.4914,56527.4521,929293.0393,855014.2343,53605.9987,801408.2356,327805.8001,55644.54642,272161.2537,0.5705124906,1.759691829,0.6523158907,21.10111186,3.256422427,21.27335823,3.800311838
1554,51311.12296,45164.01951,6147.103458,52796.33776,50222.08177,2574.255993,122701.9355,41812.3522,80889.5833,0.582273234,5.052173497,0.7631128478,92.41922081,1.778184693,92.86507287,2.152695115
1555,1039030.546,31960.52975,1007070.016,752714.541,54490.55146,698223.9895,261535.0422,47253.2824,214281.7598,0.3020357088,3.183197129,0.7155782848,65.93705065,18.28204782,66.19584177,18.43778068
1556,251667.4748,58609.19211,193058.2827,227215.8003,49978.86944,177236.9309,137987.4741,48291.13951,89696.33463,1.672198578,2.253649931,0.9557784797,45.07312405,65.97181487,45.29419939,67.62933524
1557,930586.4484,54525.42507,876061.0233,813269.7544,46098.98991,767170.7645,262669.8041,46781.52149,215888.2826,0.9240204322,3.93068947,0.8690865373,57.59976606,29.89240081,58.26686601,30.5317688
1558,56696.79571,53981.30955,2715.486156,44836.75348,56941.99229,-12105.23881,144002.9837,44621.4786,99381.50511,1.509092143,2.30108137,0.7401312863,22.57923704,82.56094268,24.08759897,82.51400251
1559,669279.4601,58043.5521,611235.908,665658.5929,41717.95043,623940.6424,360620.5738,43954.0806,316666.4932,1.31831836,3.296031503,0.9148774512,81.29605957,72.617359,81.59035476,73.90240905
1560,27324.71236,52569.21091,-25244.49855,50200.04749,50746.48066,-546.4331724,167038.9727,61478.31709,105560.6556,0.6306924294,4.197622928,0.812976091,38.13953668,84.90303765,38.69477313,85.2021788
1561,56541.01577,53894.33995,2646.675817,30768.42923,38556.35734,-7787.928109,221672.2238,42023.19153,179649.0323,0.8423386529,1.368491878,0.6959078954,97.90970013,64.49107528,98.01270567,65.32709219
1562,257427.5805,57209.84139,200217.7391,211710.3788,61351.82092,150358.5579,133858.3265,37089.38827,96768.93824,0.7388168804,2.667179596,0.8047907889,15.50465232,21.84032344,15.82731877,22.50495623
1563,215106.5658,54163.281,160943.2848,201627.2848,59151.59201,142475.6928,135475.0143,41400.55319,94074.46106,0.8820904718,3.557217368,0.7611028354,97.22941783,96.671483,98.044153,97.00955134
1564,259655.0785,50122.82181,209532.2567,148267.9517,45373.18464,102894.7671,278963.9897,44529.34179,234434.6479,1.485443421,1.661958902,0.8971851158,32.62275632,13.67650391,33.62351589,14.77423905
1565,37501.98507,46448.14876,-8946.163694,35987.38137,49012.98897,-13025.6076,147718.2838,49196.79908,98521.48474,1.170951826,1.983174693,0.6909500189,87.59938244,37.88990523,87.64673337,39.05989927
1566,1004726.931,56140.42423,948586.5066,826938.2241,70659.05146,756279.1726,281417.9314,68389.00852,213028.9229,0.03331599223,2.95881922,0.9624562839,41.4204337,86.70167264,41.45177748,86.71296524
1567,754960.1869,63367.58777,691592.5991,973596.8288,54938.83616,918657.9927,309367.2533,55188.7336,254178.5197,0.5409961891,4.483969481,0.7617845718,7.105543826,50.57394262,7.585427275,50.82372003
1568,171529.8575,51713.17332,119816.6842,172705.2468,55821.20576,116884.0411,233298.3133,52269.15678,181029.1565,1.67853845,3.346952658,0.7497669075,60.93325917,95.92207434,61.53913418,97.48745187
1569,836232.9439,55454.41299,780778.5309,602016.0718,43161.91577,558854.156,272090.4779,45231.45478,226859.0231,1.626154884,3.754365665,0.7559269262,22.80439692,67.45773047,24.33201126,66.9002593
1570,664415.8465,53743.84878,610671.9978,511835.6243,65346.71332,446488.9109,244174.777,43274.82789,200899.9491,1.330897171,2.950732199,0.6627152328,3.430983646,40.91126504,4.175360265,42.01452871
1571,56002.19774,58466.0756,-2463.87786,61193.81988,63087.04376,-1893.22388,161137.8623,48586.17002,112551.6923,0.245592767,1.727119176,0.6053025368,25.02764045,16.16285689,24.88151525,16.36024796
1572,852539.5467,45900.87979,806638.667,700665.8184,52682.05619,647983.7622,338292.8516,49270.99314,289021.8584,0.3571332165,2.443057471,0.7098983682,98.84600642,50.8274799,98.69170689,50.50539949
1573,72100.08816,64646.80482,7453.28334,37606.64086,48103.69,-10497.04914,131341.9813,56244.57654,75097.40476,0.4384791273,2.218177286,0.7154597358,59.66530835,42.26870316,59.60020218,42.70232181
1574,863596.6331,52884.86419,810711.7689,777263.7545,39573.32353,737690.431,319510.2432,36777.11329,282733.1299,0.5281399165,4.721653413,0.7933636117,40.18505824,59.56576233,40.58996856,59.90484846
1575,44450.04349,57431.6152,-12981.57171,63245.36894,64559.12178,-1313.752838,138711.2107,56193.16099,82518.04974,1.403003192,1.343281721,0.776945895,23.84719748,0.9581908333,22.60038319,0.3148619287
1576,126573.6629,41485.15193,85088.51093,112873.0669,56665.44357,56207.62338,232198.2018,48579.58101,183618.6208,0.2345402629,3.443364616,0.9453663901,85.02941641,78.29640687,85.09341107,78.52204777
1577,664161.3885,69061.45777,595099.9308,663661.8487,44409.33417,619252.5145,266688.0117,49336.41445,217351.5972,2.752868589,2.049390687,0.8437381904,27.21843551,5.04853956,28.94941652,7.189097953
1578,41075.18192,54258.50006,-13183.31814,44842.45528,48771.28069,-3928.82541,138651.2262,37280.52455,101370.7017,0.6134821864,4.107722734,0.849530738,18.59723445,30.28438805,18.72830857,30.8837043
1579,164222.0317,48901.58403,115320.4477,111946.8843,43306.58766,68640.29667,249428.2621,45007.92255,204420.3395,1.45340375,1.655887479,0.672143863,1.960316628,42.68858579,2.608607968,41.38777804
1580,788221.0005,49712.8281,738508.1724,643542.8347,34540.19695,609002.6378,237867.754,39597.70348,198270.0505,1.584925785,3.009560063,0.7699725643,71.48349742,58.49982324,71.74875946,60.0623935
1581,214588.9309,48063.06209,166525.8688,169703.5617,48500.40026,121203.1614,156041.9614,38264.74942,117777.212,1.509641695,2.406251848,0.9233285058,62.4188238,36.61829945,63.50145123,37.67040966
1582,899601.1943,58966.3919,840634.8024,796148.4838,57853.32084,738295.163,217159.8921,48965.84326,168194.0488,0.4580710306,4.707248206,0.9205432126,24.18945333,60.19613193,24.26876842,60.64728399
1583,46572.48383,48317.08605,-1744.60222,30384.92814,47090.23333,-16705.30519,136107.061,50516.77488,85590.28616,1.051391842,1.788368912,0.9029358136,74.78105857,78.52183388,75.53907299,79.25042083
1584,739206.7657,52341.32289,686865.4428,437394.9339,61650.94172,375743.9922,262570.6279,48370.54396,214200.0839,0.792016993,6.124807367,0.7374349662,57.8449644,68.6096713,57.90773972,67.82014602
1585,625697.7892,50572.01974,575125.7695,588907.6789,43176.2966,545731.3823,300967.6996,57158.44095,243809.2586,1.416337553,2.728936392,0.878801699,83.83988009,30.27887181,85.10915909,30.90731662
1586,1037414.08,62120.71834,975293.3618,823711.7815,65310.58038,758401.2012,299313.1521,51370.23724,247942.9149,3.152534194,3.247554767,0.921723187,80.55725201,58.91173578,82.10685736,61.65713104
1587,42315.84984,51552.47769,-9236.627851,64177.14013,51688.71851,12488.42163,70548.75499,38387.57946,32161.17553,1.420101558,2.953874467,0.6553883804,16.51505197,20.14955761,16.4691316,21.56891653
1588,21852.90443,40513.16511,-18660.26068,31504.22045,50935.52585,-19431.3054,112409.2092,40068.48525,72340.72397,0.9137078328,1.327039423,0.7546800491,7.006245684,85.49935413,7.670805277,86.12642873
1589,229217.5825,66057.38895,163160.1935,170103.7962,40884.3047,129219.4915,196694.8385,58406.50742,138288.3311,2.351167243,2.186484521,0.8670632731,39.77386787,54.00725513,41.92316263,53.05409226
1590,58471.45971,43208.02552,15263.4342,42333.70898,46798.96106,-4465.252083,173456.4156,50499.14175,122957.2738,2.504406812,1.723077762,0.7885085376,77.76925403,64.47429893,79.92271777,65.75283222
1591,913127.0745,43053.7254,870073.3491,848376.8976,40224.69285,808152.2048,272345.4849,46017.42422,226328.0607,1.672235591,2.628424769,0.8982277362,73.74800575,3.340230671,74.47560451,4.845877348
1592,33668.48,55013.84147,-21345.36148,55614.95713,44608.55527,11006.40186,168030.2649,36428.50521,131601.7597,0.7718532719,2.146730453,0.6551318413,6.01301585,70.46355834,6.309720086,71.17610593
1593,68475.08509,63462.14194,5012.943156,45723.62933,43001.96676,2721.662569,215193.3268,44394.02431,170799.3025,0.9724615532,2.807761499,0.6465169381,72.26398115,29.61020383,72.10650745,30.56983059
1594,869312.0744,58388.87329,810923.2012,885312.3502,49763.78359,835548.5666,271521.4989,46830.17757,224691.3213,0.5219057727,4.042759495,0.9783969511,61.7831112,74.1560591,62.23324103,74.4201969
1595,155714.5355,57442.15201,98272.38352,208361.4189,47798.3722,160563.0467,217538.9902,50544.11073,166994.8794,0.08259643079,2.396421748,0.8427868674,57.01348168,52.75573773,57.06840134,52.81743053
1596,50046.68744,54299.609,-4252.921553,47485.55091,46288.43352,1197.117392,115094.1096,39395.40852,75698.70107,0.8020287889,1.552959292,0.8538326428,86.39341353,62.55985021,87.08178544,62.97142558
1597,947338.0917,34888.74052,912449.3512,776357.9006,36361.36581,739996.5348,275673.3267,49304.96201,226368.3647,0.8585895889,1.347861029,0.858872644,1.544580331,25.91091617,2.254583927,25.42814192
1598,1015122.499,50361.00397,964761.4949,880405.6444,47454.68155,832950.9629,362630.5274,48501.90425,314128.6232,1.014604543,1.634262765,0.888817947,76.97990488,33.20796946,77.96704439,33.44244327
1599,948905.9099,64012.15483,884893.755,851953.2518,43802.75748,808150.4943,255481.0583,64161.75676,191319.3015,0.8087068301,2.310184928,0.8686648159,40.80844991,57.99486097,41.56882098,58.27025628
1600,243907.0655,59955.02085,183952.0447,155121.6943,52285.51972,102836.1745,144817.9104,46239.77723,98578.13316,0.7203913007,2.303874555,0.5169671907,4.77143736,33.23146044,5.424929539,32.92829118
1601,889021.7147,65980.88157,823040.8331,752488.8443,61707.79826,690781.0461,322370.0558,52252.43663,270117.6192,1.614167462,2.737055048,0.947549717,40.17867533,54.63812779,41.7558353,54.98178898
1602,157727.8531,42522.99672,115204.8564,173964.8967,33392.34753,140572.5492,128511.4398,55511.59353,72999.84628,0.7052587495,2.844209533,0.7596205757,6.835377347,84.2522245,7.248102692,84.82410534
1603,56663.17652,55963.25281,699.9237069,63032.01341,60985.47291,2046.5405,111586.749,32712.56025,78874.18878,0.0771434889,2.370882014,1,85.34256004,89.62820889,85.38881076,89.6899502
1604,68864.28748,68870.43328,-6.145791621,55408.71598,57458.17716,-2049.461187,97603.3649,52723.96039,44879.40451,1.226179639,4.031119241,0.6279031136,12.04678143,80.62196043,13.27013772,80.53879851
1605,38456.05171,53921.52106,-15465.46934,49473.93857,50939.28574,-1465.34717,120110.8881,59767.51678,60343.37132,0.7599501888,2.728642928,0.7528014966,82.78370708,97.53192701,83.52764078,97.68712668
1606,876666.6289,59188.31867,817478.3103,806768.381,58908.87178,747859.5092,341074.8768,48208.28346,292866.5933,1.493758133,3.61122804,0.8804371691,75.72751604,35.58045807,76.65343128,36.75263311
1607,57046.47361,57344.40695,-297.9333429,44966.81233,47183.5348,-2216.722474,196317.7862,45508.35345,150809.4327,0.6982609289,4.438919619,0.693326148,34.25890491,75.90149763,34.91475662,76.14113666
1608,58150.894,62427.20584,-4276.311842,51884.06796,55264.2973,-3380.229338,118702.7575,47236.93621,71465.82127,2.267035717,3.132018097,0.8594870268,35.13822771,92.41346871,37.31538645,93.04547406
1609,724049.9519,64040.95278,660008.9991,694734.4904,53104.15497,641630.3354,283522.7824,51392.71863,232130.0638,0.3187359082,1.670173409,0.7014166809,53.97000678,70.18889049,53.66136059,70.26845247
1610,767781.0474,63962.7626,703818.2848,796791.6478,54492.30749,742299.3403,262922.3574,43659.87929,219262.4781,1.01679405,2.287219854,0.8582192104,62.90444446,64.00420031,63.66956204,64.67387578
1611,747756.411,56469.48379,691286.9272,677346.0328,44945.4895,632400.5433,315845.3881,46903.43751,268941.9506,1.386694216,4.240922149,1,97.87977429,72.19950317,99.05910991,72.92894703
1612,227128.7667,54789.21512,172339.5516,172256.5776,62540.7499,109715.8277,132786.1183,54824.98724,77961.13107,0.6495332054,2.250754398,0.8008172523,28.39822556,65.02980006,28.91354862,65.42519295
1613,931975.2086,49647.48545,882327.7232,625236.6509,47425.76727,577810.8836,257810.7794,32736.7961,225073.9833,0.4160611189,2.446231996,0.7566425931,26.44674854,77.90962293,26.64517437,78.27531958
1614,729572.3726,47514.51707,682057.8555,744730.8206,56429.64747,688301.1731,255960.5863,60207.93356,195752.6528,1.154522471,2.901286436,0.6544099094,10.6201574,31.387744,9.982397822,32.35012898
1615,108029.5532,50902.591,57126.9622,72643.88401,53072.06827,19571.81574,173929.7495,50227.29449,123702.455,0.703262267,2.069642834,0.5993661427,57.52498158,16.64987198,58.1590786,16.95400811
1616,754189.5227,52479.96737,701709.5553,811204.1191,55213.39757,755990.7216,280587.0105,47576.98756,233010.023,0.3582567122,1.322410307,0.7505476039,5.473827503,50.375627,5.774643696,50.57019701
1617,52566.90008,55598.47585,-3031.575777,37954.18545,46855.59303,-8901.407579,173046.3159,53347.31462,119699.0013,0.2966192737,6.488743635,0.9432559733,28.63136585,8.721603495,28.9214533,8.783508811
1618,80602.29034,79372.73316,1229.557185,44689.95507,48327.25802,-3637.302957,134596.9897,44843.10536,89753.88434,1.370567631,1.03044655,0.7872890336,37.46666894,8.462143916,38.80055675,8.777102541
1619,33999.99965,44546.58562,-10546.58598,46456.29574,52955.10773,-6498.81199,126962.4949,45214.11838,81748.37655,1.658584705,3.185206497,0.7843639852,91.03367015,78.15636962,92.0682909,79.45269641
1620,948907.4261,69338.54219,879568.8839,472780.9238,49070.22318,423710.7006,298909.7239,45485.69342,253424.0304,0.8374784403,1.930698554,0.7822017089,2.141013433,89.89716473,2.639613863,90.57004492
1621,814110.6939,49449.96081,764660.7331,705765.2022,50438.4653,655326.7369,202271.5199,42697.83549,159573.6844,2.300126776,1.442863307,0.7164164067,37.92912509,51.40080891,38.18909698,53.6861968
1622,37132.17403,47256.47678,-10124.30276,59727.91063,56684.9876,3042.923027,144347.9998,51047.16949,93300.83034,0.1871788333,3.276421216,0.9070350511,42.74205099,8.109236881,42.92749707,8.134646822
1623,743711.3579,63175.71133,680535.6466,805256.6924,38694.77689,766561.9155,257375.7055,48439.81861,208935.8869,2.110980546,2.574400459,0.9367234268,94.42937923,40.55001083,93.10364317,42.19277155
1624,51552.50564,49774.11483,1778.390814,60648.16727,54594.92159,6053.245679,148950.9894,52475.78781,96475.20159,0.08066302405,3.129922058,0.7952086351,6.865158444,77.54958819,6.919933659,77.60880136
1625,64891.56392,55870.61968,9020.944237,24541.6358,40388.7763,-15847.1405,144989.2196,50245.95151,94743.26805,0.152989451,1.713125544,0.85458374,53.36897364,26.29066472,53.44197034,26.4251164
1626,230979.0571,51317.58185,179661.4753,182031.074,42139.70345,139891.3706,170246.6076,49051.15276,121195.4548,1.311262365,3.319779185,0.757681073,44.94975973,18.98787582,45.84149249,19.94924031
1627,47631.07889,55212.74183,-7581.662938,37718.15561,47711.68142,-9993.525812,171559.0245,50998.94408,120560.0805,1.760776528,1.94867754,0.7883980981,55.78881947,38.80511994,56.00357522,40.5527509
1628,54193.04734,61241.1353,-7048.087963,64044.4444,55506.38794,8538.056463,143894.226,51051.04781,92843.17818,2.446109918,2.55043819,0.8118970773,38.22714302,12.12152578,39.72447266,14.05581058
1629,815356.1403,60953.12642,754403.0139,726739.6777,56212.60043,670527.0772,331128.3014,45194.58355,285933.7178,1.006751763,6.279119754,0.8327211953,20.11016831,8.058753258,21.04840438,8.423804198
1630,23562.63878,44525.93477,-20963.29599,48194.91616,50853.08683,-2658.170669,209846.6797,47750.86536,162095.8143,0.6988131236,2.188763354,0.6965181057,52.85044404,60.19329323,52.47855432,60.78493316
1631,44101.36208,43853.51864,247.8434396,31744.49664,52711.90506,-20967.40842,135361.4204,60800.1109,74561.30953,1.374522607,1.349256667,0.8456999673,9.996227497,91.2294689,11.09270494,92.05835346
1632,898825.4341,45332.27044,853493.1636,834599.8093,40907.43511,793692.3742,245172.524,48111.78981,197060.7342,0.4036694707,5.124337833,0.6713120922,24.79653537,3.124767633,25.19893269,3.092745176
1633,55879.61815,61897.91844,-6018.300287,30835.94568,48203.09851,-17367.15284,128362.7373,53498.19329,74864.544,0.9129965632,1.66396536,0.5064302702,91.05952239,60.51708278,91.10698876,61.42884463
1634,964525.7128,49933.16256,914592.5502,675493.5426,46840.40776,628653.1349,285671.6091,44291.09358,241380.5155,0.5683134024,4.807528329,0.6017188123,80.65328779,98.67291847,81.04898159,99.08084805
1635,781062.6019,54144.39967,726918.2023,653767.8392,48162.50069,605605.3386,268019.4263,52732.27487,215287.1515,0.5428669655,1.712007413,0.7249452149,77.45184,5.042232111,77.9316204,5.296230771
1636,144909.261,48414.37579,96494.88518,125776.2079,59029.39451,66746.81343,306545.591,60030.44384,246515.1471,1.285342417,2.492837083,0.7067730587,27.83909376,55.73026601,27.16554328,56.82499651
1637,1038263.889,40183.26938,998080.62,626082.0359,51308.68904,574773.3469,213825.1115,52850.78484,160974.3267,0.5301687412,3.210988128,0.6882326823,72.8255944,93.89195912,73.22098684,94.24514987
1638,49015.12471,56877.23733,-7862.112621,45625.04311,44596.00023,1029.042889,117935.023,62779.17233,55155.85072,0.8567398214,3.264647106,0.6433402472,16.42979182,83.25303848,17.07950166,83.81150087
1639,246327.6771,56549.95502,189777.7221,179494.5657,52960.88259,126533.6831,189504.6948,57976.80138,131527.8934,1.614526493,2.299721759,0.6679542675,69.54191747,81.64981102,69.99656124,83.19900269
1640,1065612.056,61609.33767,1004002.718,828065.0336,38198.23819,789866.7954,309841.0308,37868.63309,271972.3977,1.512090881,2.555116014,0.7416110829,5.697424406,16.67724731,5.660871658,18.18889632
1641,65576.72935,59905.39432,5671.335022,41389.63213,47978.23453,-6588.6024,163334.3173,55199.53434,108134.783,1.004159852,1.43733083,0.8168746109,47.82975221,34.74575226,48.34282847,35.60893808
1642,44501.39079,49447.75713,-4946.366346,51971.1904,57436.18075,-5464.990347,190177.2151,47523.87992,142653.3352,0.6002750753,2.768807159,0.8679465774,61.47844181,39.75307571,61.98194993,40.0798933
1643,289685.1553,66860.22842,222824.9268,121428.7673,58726.31518,62702.45215,172025.6633,44151.48509,127874.1783,1.049755089,1.273782022,0.5998129181,56.15975159,37.25816658,56.9347907,37.96619209
1644,784296.8916,67977.13808,716319.7536,658483.5541,46551.14605,611932.408,283016.8822,55610.73841,227406.1438,2.625800084,1.940575168,1,36.19187846,47.13644225,38.00892379,49.03200874
1645,846379.1262,47832.45209,798546.6741,899499.3741,51547.01119,847952.363,289258.3432,51694.41135,237563.9319,0.3031721726,1.674946352,0.7599307421,13.97976909,50.16199866,14.25012119,50.299196
1646,82898.78238,71020.21338,11878.569,66020.02627,52167.42317,13852.6031,162044.6442,47375.7165,114668.9277,0.1084161247,1.730696513,0.9772271839,78.2793024,12.12607003,78.37354673,12.17966166
1647,199620.4316,46855.68077,152764.7509,106596.8227,58339.59511,48257.22755,215285.6828,39001.20358,176284.4792,0.9927292601,1.920415374,0.7117114713,67.24285635,48.34562094,67.93573533,47.63468487
1648,157117.464,53596.15178,103521.3122,125018.3772,34247.60363,90770.77358,197452.143,46297.67465,151154.4684,1.14924038,6.584219092,0.7800798063,60.83780309,36.98277298,60.99921356,38.12062188
1649,50582.38391,55017.04133,-4434.657423,53858.97025,62327.24806,-8468.277812,125558.9803,60350.57331,65208.40704,0.9068168491,1.947522807,0.7783599192,85.62614454,60.75432669,86.45359414,60.3833227
1650,218846.8327,51856.59011,166990.2426,160314.2043,45747.44344,114566.7608,224212.2123,48309.69572,175902.5166,0.8275318859,2.512108437,0.8197099094,86.39178542,76.54430337,87.18763269,76.77109875
1651,76370.26302,66915.4555,9454.807524,60732.3517,61707.43245,-975.0807492,111983.1714,53446.35584,58536.81556,0.3289297756,4.086723706,0.9475331575,53.70169938,36.32435934,54.02916952,36.35531263
1652,243720.8638,74920.98607,168799.8778,194292.9653,54621.38225,139671.583,190744.493,58900.7752,131843.7178,0.5833695462,2.061087743,0.8042759602,85.70664575,88.72742336,86.2383724,88.96739584
1653,16195.56904,38906.08668,-22710.51763,47807.2491,56910.88628,-9103.637177,125879.0992,52888.12582,72990.97334,0.4886791295,1.493162883,0.7177667928,74.80385863,92.95195592,74.51277786,93.34448526
1654,65643.2701,63404.21103,2239.059074,55009.44414,54580.92997,428.5141678,75963.62411,42481.9888,33481.63531,2.42664269,3.756648821,0.7114411342,95.4291992,19.86587839,96.15544772,22.18129581
1655,86739.10462,77131.04161,9608.063007,61342.88191,61831.19847,-488.3165546,190890.8889,54729.03255,136161.8563,0.2479750557,2.989205014,0.7579679583,10.638661,46.99043072,10.85411166,47.11320141
1656,64382.81998,56039.34162,8343.478368,42592.17687,53428.16606,-10835.98919,166518.931,65531.99795,100986.933,1.687486455,3.39283428,0.8664603532,6.604254757,79.0465958,7.71949233,80.31303004
1657,47993.85492,58562.64016,-10568.78525,50444.16385,48565.96114,1878.202717,114210.6328,57635.84131,56574.79153,1.947096078,2.578557708,0.7740671279,72.0031621,25.33394009,72.97182455,27.02298604
1658,234725.9355,47300.47425,187425.4613,133980.8133,58151.82111,75828.99222,277020.9915,51522.46748,225498.524,1.693516277,6.178470098,0.8373278778,81.33279088,4.423707436,82.78102803,5.301549412
1659,63059.90419,61865.68894,1194.215243,44197.68263,50550.29145,-6352.608825,136821.5884,50226.51326,86595.07511,0.7160747458,3.935460823,0.7357191397,69.83653434,15.98705998,70.04196286,16.67303531
1660,287238.1394,60423.12536,226815.0141,123022.3627,68056.18182,54966.18084,174331.7796,48654.33927,125677.4403,0.9202173976,4.570935887,0.7174193301,87.14801944,93.73750446,87.60682014,94.53518985
1661,1021208.593,59780.18202,961428.4114,593513.4776,59708.86047,533804.6171,250721.4832,59347.72838,191373.7548,1.458003861,1.419201394,0.816440075,14.10418842,53.30315851,15.5552364,53.44540833
1662,170852.2961,60222.78459,110629.5115,99923.55047,56267.7497,43655.80077,262815.7571,44907.44423,217908.3129,0.2598892948,4.242325993,0.7676772048,67.00629854,15.3314938,67.25419375,15.25345272
1663,69758.9706,56652.82379,13106.14682,58448.08676,55039.63379,3408.452963,118192.2962,37077.84069,81114.45554,1.834331871,3.99434218,0.728148123,4.202963983,24.01419415,4.828284501,25.73864991
1664,51838.88393,55956.79438,-4117.91045,46522.09308,44352.91995,2169.173133,112665.0074,47217.07409,65447.93335,1.23702758,1.487783928,0.3931288024,99.36718181,87.3840136,99.67128041,88.58308044
1665,952913.6359,49447.16792,903466.468,837117.6139,55709.92271,781407.6912,271102.596,41964.25769,229138.3383,1.598359481,2.658887316,0.7241247442,17.89308144,40.07635044,19.19269721,41.00680833
1666,805537.4751,52418.98824,753118.4869,636525.5318,57755.88423,578769.6475,229080.9927,54907.26671,174173.726,2.327412249,1.748508909,0.7052875614,96.69122077,70.84424354,97.49430721,73.02871143
1667,913737.7585,57765.80394,855971.9546,1005567.259,47474.1183,958093.1402,403637.7354,54573.74702,349063.9883,5.207871422,3.904689118,0.8698165299,20.29677237,81.50254771,15.18297243,82.48792826
1668,196321.2426,63632.46587,132688.7767,189795.3917,49977.93295,139817.4587,227498.1532,43921.57449,183576.5787,0.1781606817,2.91178971,0.8212261945,33.33251243,43.40591372,33.50856117,43.43326461
1669,742379.3149,62583.14183,679796.173,728078.3311,51107.41592,676970.9152,195011.9017,51088.61544,143923.2862,0.4308370217,5.466476413,0.6823693189,18.59747207,30.25452982,18.54684289,30.68238169
1670,895318.8136,59067.53694,836251.2766,763622.6962,45705.77253,717916.9236,276370.2794,35297.67542,241072.604,0.9515400997,1.420643489,0.7799170679,5.408607597,49.89308936,4.671243013,50.49452267
1671,40653.82365,57389.36844,-16735.54479,54305.03747,61428.72929,-7123.691819,107335.9108,35856.82499,71479.08582,0.9104843225,3.864338048,0.7193185855,82.47765229,84.45916454,83.38495492,84.53521486
1672,905493.9811,52822.40801,852671.5731,754084.1222,64152.87601,689931.2462,257651.2376,50784.35059,206866.887,0.924717646,3.018606249,0.6620085696,39.37388494,62.37139637,40.07803844,62.9707882
1673,191291.0493,71179.43198,120111.6173,190049.2312,43023.89302,147025.3381,232017.1313,59023.56658,172993.5647,1.460836766,1.709996727,0.9016889644,11.75651214,83.44518606,13.13138164,83.93892476
1674,269974.6345,61537.19393,208437.4406,145685.4126,52198.32986,93487.08272,238177.1514,37288.69566,200888.4557,1.532675388,2.588460639,0.8408727612,31.84047912,29.75772387,33.11519197,30.60872386
1675,231693.1986,75987.6385,155705.5601,178947.7525,53991.6702,124956.0823,183986.4007,49533.47761,134452.9231,1.326899901,3.439600544,0.9919685571,96.64264081,32.41922723,97.949462,32.189267
1676,543427.1936,60683.60467,482743.5889,944598.7819,42435.45593,902163.3259,179201.3217,43175.01002,136026.3117,0.2893356683,2.465090251,0.7676748145,22.53880917,40.18594537,22.76728568,40.36346611
1677,938061.4604,64153.81065,873907.6497,633021.43,61893.71328,571127.7167,282763.3616,46978.53278,235784.8288,0.4628747559,2.916789738,0.7855649139,72.12724366,9.206076426,72.27993208,9.643042426
1678,43331.50917,54733.94214,-11402.43296,67693.44632,60550.50085,7142.945473,195878.5202,61809.70339,134068.8169,0.9712940977,2.762184475,0.6011496855,40.45652126,31.06324923,40.53538513,30.09516209
1679,862886.3724,54247.88269,808638.4898,597555.1199,49640.91032,547914.2096,276688.9345,43302.66144,233386.2731,1.109731369,1.579710405,0.752074319,7.104073762,32.26958529,8.213204775,32.30608333
1680,222686.9934,60378.30052,162308.6929,135064.1037,43180.62986,91883.47384,183916.9116,34189.70523,149727.2064,0.7837932085,8.253132527,0.9626308016,88.51578241,27.57656729,89.26207848,27.81609592
1681,37134.73065,39681.37806,-2546.64741,55004.26492,57253.65729,-2249.392371,87604.69322,45469.59267,42135.10055,2.311747919,2.51477023,0.7196236851,25.12460625,38.57969472,27.31103382,39.3305029
1682,44766.67002,45646.50927,-879.8392465,51384.62601,49726.20756,1658.418455,74607.55463,45070.60915,29536.94548,0.5122931196,1.65967419,1,2.466320288,7.775040755,2.913288679,8.025367537
1683,866740.7734,59253.64411,807487.1293,693679.8975,44509.88062,649170.0169,329288.4079,43251.39449,286037.0134,1.416161336,2.862921148,0.8771959621,71.46235378,65.79322942,71.74604268,67.18068519
1684,169154.5984,65922.27115,103232.3272,176294.2714,53793.41761,122500.8538,273552.2063,56497.04616,217055.1602,0.9871171167,3.895946545,0.8351240071,49.74808088,28.79148004,50.11611186,29.70742403
1685,785715.322,59482.54391,726232.7781,703558.8719,58534.99855,645023.8734,264714.2751,41865.23322,222849.0419,0.9265888507,3.185283411,0.7929489437,6.716670147,0.2601024147,6.489934611,1.15852208
1686,46345.74184,43916.02668,2429.715157,56045.94538,55572.69071,473.2546694,133483.9724,41185.90068,92298.07175,0.3658842576,3.27081442,0.8874951778,4.8681222,67.41613997,5.227283012,67.48595975
1687,962803.3316,60637.3899,902165.9417,742141.0152,52247.09224,689893.9229,293909.2836,41601.41582,252307.8678,3.17524968,2.636004625,0.7934821188,96.76500533,89.4630783,98.740086,91.94929367
1688,27909.23107,48049.04774,-20139.81668,43374.54733,46533.53975,-3158.99242,151907.5781,40418.52155,111489.0566,0.6913952717,1.543613399,0.7981492417,48.23713196,17.81978155,48.7900626,18.23486603
1689,704338.7322,66508.8209,637829.9113,579680.2382,55557.36417,524122.8741,279458.6178,42856.21411,236602.4037,1.749174729,1.742914805,0.613512662,34.99629198,92.21260318,36.68331812,91.75048302
1690,287582.6745,58108.52426,229474.1502,196215.272,57971.642,138243.63,228821.5049,53089.6788,175731.8261,0.5781269976,1.311650702,0.7375480125,90.35676851,9.320389657,90.83469702,9.645682088
1691,46620.46575,58062.76038,-11442.29463,60106.13454,56511.88669,3594.247844,142412.8848,66048.2253,76364.65947,0.6982266263,5.1758658,0.6733514998,2.042021938,97.45533888,2.309820858,98.10016766
1692,909627.0659,60500.49937,849126.5665,730637.8851,50905.00281,679732.8823,231009.0572,41439.90494,189569.1523,2.87672379,4.236184762,0.7748889513,72.5835579,26.68018036,73.25589799,29.47723213
1693,1013700.821,53110.05495,960590.7663,827882.0922,43595.58617,784286.506,259777.292,58352.24219,201425.0498,1.11935725,4.575471274,0.7265316344,57.38593253,45.66094187,57.89363237,46.65853975
1694,55427.03356,55574.13947,-147.1059072,81897.32841,62249.26127,19648.06715,119810.1329,50925.0703,68885.06261,2.763477587,1.959804579,0.6667170843,48.24075727,58.71620383,50.90094206,59.46468581
1695,862816.2384,42567.46943,820248.769,809060.9279,50778.79976,758282.1282,226791.5252,42375.64285,184415.8823,0.5085046997,1.813005142,0.8530907418,81.36032983,58.51475409,80.90924544,58.74948778
1696,69365.58192,65794.41725,3571.164666,36656.59823,43700.04344,-7043.445207,91295.55563,47199.10286,44096.45277,1.004249562,2.962009702,0.9881318472,34.97057507,21.80376241,35.65778989,21.07146944
1697,52562.52391,57679.22062,-5116.696706,51881.00856,52326.72831,-445.7197548,88295.83185,49982.94913,38312.88272,0.5438518975,2.487474944,0.8365877973,94.03746642,56.17548352,94.58043061,56.20654431
1698,74774.20376,70878.37089,3895.832866,54054.22786,49701.98512,4352.242737,115084.7074,33127.58827,81957.11916,0.8349841565,1.750080593,0.7388489093,25.127203,23.64478406,25.86843663,24.02919432
1699,773506.5288,55209.54741,718296.9814,904901.6593,55931.10405,848970.5552,288185.9768,54174.80863,234011.1682,0.7225475868,1.402379206,0.6988177391,22.17123435,20.77986462,22.5996552,21.36169843
1700,718646.6744,59438.19852,659208.4759,707567.2346,43570.80609,663996.4285,335636.4595,48859.83152,286776.628,0.4642970538,1.039376828,0.7392310277,28.22453985,17.68862098,28.359285,18.13293562
1701,244328.7327,61588.45356,182740.2792,154819.2151,59057.57301,95761.64213,176002.7092,41155.10287,134847.6064,1.488203934,2.846946828,0.79156396,57.96567835,27.64386232,58.7289439,26.36629563
1702,81852.16255,65887.50821,15964.65434,43671.17946,46071.97964,-2400.800179,115329.7313,47939.71018,67390.02109,0.9724395915,2.750305836,0.8588137933,33.28370751,27.49038708,34.25613881,27.49440448
1703,142353.7874,55240.87581,87112.91158,188599.0416,46515.06137,142083.9802,202252.693,47390.82892,154861.8641,0.2622505977,4.285097665,0.8995308081,80.05119564,66.73982572,80.01300264,66.48037116
1704,646852.8446,65197.06663,581655.778,893056.9645,59688.84748,833368.117,315172.4583,44323.46185,270848.9965,2.220920419,4.40289036,0.7113084651,90.09174719,64.81809297,92.23809153,65.3887886
1705,678524.3844,48837.92124,629686.4632,863260.3378,71484.42296,791775.9148,275848.0257,45312.36025,230535.6654,0.8664164329,3.124751503,0.7080887387,42.07034477,44.9721986,42.89723986,45.23089138
1706,38019.98013,39854.1068,-1834.126679,58425.09611,43660.37737,14764.71874,167609.637,51327.7399,116281.8971,0.3770301,1.482103078,0.7953056121,78.11091398,17.77838091,78.28176485,18.11447863
1707,685810.687,45144.66095,640666.0261,577365.2089,54710.91983,522654.2891,273412.3763,57305.65793,216106.7183,1.357683289,2.921179786,0.7954238117,27.96830069,52.38783422,28.30298443,53.70361943
1708,37346.56354,46419.26267,-9072.69913,49576.20714,59889.87431,-10313.66717,182630.976,56974.71056,125656.2655,0.8736504906,1.494677472,0.7279444712,81.81403772,63.66581992,81.0509597,63.24040587
1709,72618.57414,59808.64343,12809.93071,62078.00053,66482.9201,-4404.919573,83880.97036,51153.79026,32727.18009,3.524632089,2.299695404,0.8730604688,44.13394642,23.19273886,46.13480598,26.09439225
1710,273966.7398,64248.76705,209717.9727,168581.7133,50752.57113,117829.1422,187408.8984,45299.14029,142109.7581,1.009351535,2.425710025,0.8608710385,88.60485487,77.92093135,89.59528211,77.72639495
1711,829689.5787,52480.49451,777209.0841,817077.9845,49164.67834,767913.3062,295631.9842,48973.86858,246658.1156,0.6266677813,0.6494005445,0.6037296758,32.52727488,31.11655605,33.0658769,31.43690018
1712,43264.54744,55352.80171,-12088.25427,49088.01208,51776.51166,-2688.499581,174598.8064,59028.56567,115570.2407,0.9207004499,3.56372843,0.8220799276,28.87871533,29.08540122,28.39330282,29.86774643
1713,926971.3608,56663.35714,870308.0036,796487.852,51543.1939,744944.6581,330453.1008,51422.2883,279030.8125,0.3799539925,3.882223946,0.9828853736,83.52329804,81.56588418,83.81656265,81.8074642
1714,585365.7957,38288.5556,547077.2401,799242.191,58357.89899,740884.292,315149.3231,57476.57092,257672.7521,0.413362959,2.812161225,0.7734789337,65.03252254,61.14257491,65.43830759,61.06378766
1715,51902.2198,60922.47555,-9020.255753,53173.55123,52529.09635,644.4548814,63389.53258,39958.15414,23431.37844,1.036785901,6.936083696,0.9973594096,33.36249622,37.68794815,33.32313462,38.7239866
1716,205521.7251,54661.15473,150860.5704,163317.3589,51877.63469,111439.7242,109326.0597,46598.74483,62727.31488,0.9153233491,2.870713879,1,94.98059446,42.70893787,94.25190837,42.15501241
1717,702691.7396,57868.94322,644822.7964,597660.0297,40822.4559,556837.5738,299272.82,50435.34555,248837.4745,0.3067879696,2.250437208,0.8468554989,29.27338365,29.77117897,29.47411905,29.53917862
1718,247516.2251,59723.91557,187792.3095,141204.0954,51015.51184,90188.58353,209702.4572,49112.77615,160589.6811,1.021023023,4.138827037,0.785940871,96.18220511,99.00199916,96.82856589,99.79238246
1719,254093.6781,55327.7845,198765.8936,166471.606,55536.29384,110935.3122,161010.9165,49580.18343,111430.733,1.044593306,2.264070017,0.9175328805,16.95646824,56.79120388,17.86416935,57.30816991
1720,244186.2281,59526.73962,184659.4885,135952.4845,48012.86246,87939.62208,158045.2399,46423.88108,111621.3588,0.8081653262,1.921803576,0.7070773857,79.12659424,59.15842578,79.62652659,59.79340518
1721,885118.5351,59623.03755,825495.4976,848738.7023,46867.14511,801871.5572,299307.4354,50135.73266,249171.7028,0.9642325974,1.907077612,0.7400890242,52.35230969,20.08911758,53.21280823,20.52418858
1722,1052745.914,49704.06218,1003041.852,520542.1803,61440.5271,459101.6532,322269.0865,50390.47878,271878.6077,0.9716991777,3.690671172,0.7111113278,89.61974181,24.91461579,89.54796065,23.94557154
1723,835959.0637,48457.72903,787501.3347,775623.4347,46006.30578,729617.129,279552.5687,46554.33562,232998.2331,0.5233389488,3.068701308,0.8735815374,10.93099579,17.09641629,10.42548891,16.96096725
1724,214871.6006,53886.97233,160984.6283,189650.0232,55977.98668,133672.0365,244254.3944,48120.29051,196134.1039,1.673639735,2.713298506,0.6657671129,10.23561932,34.58393655,11.38456762,35.80089496
1725,46320.16882,60120.57143,-13800.40261,51860.51386,50458.97725,1401.536613,162013.4047,41495.0195,120518.3852,1.643483135,1.537446696,0.9937611143,78.56857979,58.32463223,76.93998276,58.10393213
1726,225665.7554,67926.43418,157739.3212,144466.8208,45629.52039,98837.30041,239450.0483,47849.23504,191600.8133,1.556678708,1.670806841,0.6425392812,92.1731552,59.67435164,93.0668787,60.9489131
1727,59567.48018,65078.71977,-5511.239583,63608.90533,65202.8343,-1593.92897,178383.4254,57095.63519,121287.7902,1.649778601,1.597346046,0.725450525,74.26985534,97.68112569,75.83151624,98.21308873
1728,896533.0097,51187.89197,845345.1177,706881.0171,45287.30402,661593.7131,324476.4572,41918.1805,282558.2767,1.901007444,3.878156355,0.9727764096,48.373022,7.171030971,49.93572313,8.253525528
1729,41139.38366,47327.48184,-6188.098183,52774.84792,59096.04872,-6321.200791,131017.9779,52132.68558,78885.2923,0.9786446629,1.807813299,1,81.56642298,18.48926985,81.70319421,19.4583101
1730,982475.0163,54773.92327,927701.093,795736.4741,54973.73792,740762.7361,315350.3996,35826.92337,279523.4762,2.117287398,2.704603676,1,68.10611086,70.06188663,68.90261996,72.02364073
1731,795569.4836,54781.47167,740788.012,666108.1286,52053.65206,614054.4765,193861.525,55340.85781,138520.6672,0.832278467,2.861326329,0.9046842461,69.66986373,21.6286848,70.47970389,21.82063888
1732,155652.6808,56096.73983,99555.94101,172069.8692,48219.4284,123850.4408,305515.4741,49460.29543,256055.1787,0.6862991666,3.585220434,0.9821124715,54.893646,58.27046624,55.05657594,58.93714486
1733,829758.2366,57038.37074,772719.8659,447855.5585,48907.39716,398948.1614,249804.1626,46469.42136,203334.7412,0.5508338433,1.987022152,0.9432649445,60.29796654,51.70430308,60.72019013,52.05806169
1734,941071.8169,68502.06657,872569.7503,686427.9758,46956.229,639471.7468,255251.8071,47381.57882,207870.2282,1.646760957,1.882517985,1,36.22231033,25.38623195,37.36119402,26.57567115
1735,185364.6814,55937.32776,129427.3536,131976.3858,57851.46437,74124.9214,205659.4721,60515.55224,145143.9198,0.8062211236,2.771911421,0.7999351969,74.7385114,39.48428216,75.51971393,39.68356865
1736,39211.96261,44330.05904,-5118.096426,59432.61481,65861.67183,-6429.057022,102745.871,47132.74064,55613.13038,0.5827913123,5.042961569,0.7294829536,81.62898874,51.00105456,81.67931224,51.58166911
1737,136097.7143,60703.38112,75394.33319,190901.4198,54467.80402,136433.6158,283668.586,54213.18118,229455.4048,2.083499411,2.650664127,0.7510348683,42.02631497,49.11636519,42.7398427,47.15885454
1738,157603.5896,44644.31161,112959.278,118455.3221,39044.75513,79410.56701,229596.5712,50342.1228,179254.4484,1.413622515,6.398988541,0.8789947196,63.1376435,92.50641213,64.55006612,92.44818035
1739,192648.2629,46320.61144,146327.6515,276778.8306,50398.51838,226380.3122,224717.1429,57627.19464,167089.9482,1.126663658,2.190826134,0.8431345765,26.82440231,2.419818394,27.45752176,3.35176837
1740,748240.8818,51921.29743,696319.5844,720794.6987,60017.56337,660777.1353,319218.2068,41924.17913,277294.0277,0.7910962488,3.152947692,0.8761181908,78.63684427,71.7271741,77.87895025,71.95395578
1741,635615.9209,47956.47174,587659.4492,791684.3472,45977.17228,745707.1749,286676.7134,56835.06659,229841.6468,1.068169686,3.27847331,0.907858184,69.6668724,75.92815944,70.71114713,76.15282978
1742,875869.0531,59049.36913,816819.684,806289.2816,52358.49302,753930.7886,236527.5081,63349.71503,173177.7931,0.4184393388,3.770145033,0.6802047815,47.96337492,71.95465262,48.0609429,71.54774727
1743,66125.76181,58302.29646,7823.465347,49885.63874,50636.57188,-750.933139,105022.4408,38989.90969,66032.53108,0.7657579477,3.990419591,0.7598878554,36.72211826,76.89893119,36.52663228,77.63931654
1744,783692.9027,47582.61597,736110.2868,860212.066,56893.61495,803318.4511,280267.9051,39485.10498,240782.8001,0.3827061616,3.129616537,0.8004626565,81.37072308,99.91713045,81.60853519,100.2169794
1745,32156.31484,50142.87384,-17986.559,56127.6579,62028.22787,-5900.569972,77301.5178,47675.13465,29626.38315,0.7410078431,1.635087806,0.6558359721,66.98897023,81.59288323,67.12713564,82.32089624
1746,127664.0751,42455.18213,85208.89292,157618.2496,47764.51121,109853.7384,283144.7901,64949.30265,218195.4875,0.6382701808,2.555347315,0.6961657069,85.27426103,63.54901374,85.46983813,64.15658137
1747,981208.2722,55931.67322,925276.599,684524.8984,52224.23928,632300.6591,278888.4187,63733.62556,215154.7932,0.6877605532,3.747681368,0.9004134686,82.98884633,10.8711779,83.57425742,11.2321605
1748,619083.5765,54394.34112,564689.2354,880820.4809,57394.52559,823425.9553,344476.392,57893.50637,286582.8856,1.271196916,7.319762097,0.8385152431,79.44831019,69.78147884,80.48229159,70.52095438
1749,698251.6706,59803.69075,638447.9799,587371.7487,54189.93965,533181.8091,292920.83,44965.25258,247955.5774,0.6936663414,3.72309988,0.6288927568,34.43676479,41.62054862,34.97348123,41.18110754
1750,697915.5607,56557.25974,641358.301,680022.712,42457.61446,637565.0975,304773.2473,48035.9854,256737.2619,0.4061655516,1.407479494,0.6441894936,44.38874307,2.789257614,44.61019003,3.129745055
1751,764528.1618,54425.9629,710102.1989,623801.0714,40856.5574,582944.514,305211.1718,44161.28343,261049.8883,0.9621407283,2.613239347,0.7909783305,83.39159356,73.8345206,84.0888251,74.49753112
1752,61022.97189,54516.05448,6506.917402,65111.46834,65767.98125,-656.5129041,171203.3681,47734.34655,123469.0216,0.6349421855,1.51826752,0.6761691017,44.21615641,86.56541414,44.19823628,87.20010339
1753,49455.8993,38524.01893,10931.88037,61179.72883,49532.52384,11647.20499,90940.65512,40126.1175,50814.53762,0.2181539821,2.344032489,0.7164079965,22.41280463,90.66388767,22.33555979,90.86790824
1754,47552.02427,43531.96564,4020.058636,48883.16991,53007.84776,-4124.677851,165316.6718,34084.51553,131232.1562,0.4418291068,3.549061227,0.7828752258,62.0977521,72.26594137,62.22393446,72.68936901
1755,774862.9652,51610.44538,723252.5198,770539.6025,54577.54657,715962.056,312014.4992,49886.47543,262128.0237,0.8066184851,2.689217813,0.6993309723,40.88031589,21.64897325,40.81453441,22.45290495
1756,64309.25486,57584.86871,6724.386155,42836.05272,39570.57977,3265.472955,134166.1874,48283.07546,85883.11193,1.39402858,5.975348206,0.9441227775,57.02012847,88.99559908,58.33372284,89.46227405
1757,65781.60708,69183.51731,-3401.910222,60637.13048,56407.01857,4230.111907,165904.1204,44897.68327,121006.4371,1.46106884,2.522325362,0.8043075336,82.67013668,31.07719901,84.10029987,31.37612275
1758,46937.41093,46584.44034,352.9705963,52446.52059,56549.89371,-4103.373124,84235.45745,75120.92025,9114.5372,2.187095847,4.048445991,0.3167961809,77.79340094,68.86159921,78.61623501,70.88800794
1759,56415.04505,61155.27823,-4740.233189,44190.05294,46249.78809,-2059.735145,155394.8911,54653.58272,100741.3084,0.51552735,1.480590532,0.7895239781,5.998137721,10.47116674,5.50563139,10.3188317
1760,136631.2882,22852.09469,113779.1935,166733.0523,49900.51847,116832.5339,248792.7621,47883.67401,200909.0881,0.2608313485,3.96399355,0.9519864932,18.9564909,96.90919195,19.20981567,96.84706665
1761,215868.6684,55329.33528,160539.3331,135108.0228,47026.36506,88081.65771,197500.5799,47232.96549,150267.6144,2.968024356,1.986492442,0.8458514762,96.3376085,14.98232125,96.97643028,17.8807821
1762,169670.0104,50927.46234,118742.548,249316.05,52090.07738,197225.9727,251332.0381,52219.89861,199112.1395,1.305207749,2.084159103,0.8154644493,10.17192598,76.86323607,10.63449612,78.08372619
1763,49743.80037,51038.39441,-1294.594041,59138.09512,60222.2375,-1084.142375,216519.3498,45914.79338,170604.5564,0.3017171686,1.581805705,0.8769099561,53.84488163,65.02090268,54.1465353,65.02709244
1764,55358.10397,53891.4575,1466.646467,49091.36629,53056.96329,-3965.596995,180221.7256,46663.89024,133557.8353,0.2711628645,1.348764791,0.5943221946,75.16555393,0.6282885265,75.02094478,0.8576735564
1765,682846.6632,63949.72411,618896.9391,778138.4221,49940.63061,728197.7915,247595.8953,45961.14283,201634.7525,0.609199886,1.290405185,0.7922787456,3.889668783,94.87455571,4.412044937,95.18800053
1766,180362.644,52704.04351,127658.6005,129144.4588,45305.2651,83839.19375,232890.4464,38214.60301,194675.8434,1.374764052,1.74316053,0.6612243437,36.15997244,48.20149626,37.4898407,47.85303304
1767,43308.61616,56602.51902,-13293.90286,42406.29978,55070.65939,-12664.3596,124393.7704,41070.9686,83322.80183,0.6829634339,2.273513605,0.8788292142,69.88346402,72.66420785,70.49083174,72.97652742
1768,762567.651,52331.0817,710236.5693,859375.885,61152.23999,798223.645,262460.8257,45466.91499,216993.9107,1.300931769,4.076903191,0.7540808301,21.02694528,39.71486733,22.27977322,40.06536071
1769,736194.9914,60753.63242,675441.359,619318.1983,55518.0029,563800.1954,285629.8764,55811.34003,229818.5364,1.822223876,3.237315347,0.7731090892,47.86347594,64.39051293,49.48394679,65.22392405
1770,739154.9775,49195.13426,689959.8432,625127.779,49313.22857,575814.5504,282301.3453,48779.08703,233522.2583,2.271076663,1.712356105,0.957202592,15.1014939,91.81814685,15.21828435,94.08621854
1771,47525.19611,56267.47548,-8742.279375,44834.06118,48802.38738,-3968.326194,93805.01212,51128.48947,42676.52265,0.201485814,3.042578187,0.7206105192,51.96370565,89.88713103,52.13075459,89.99978618
1772,234398.2561,59141.06531,175257.1908,156095.8462,52362.69318,103733.153,224836.333,43506.49573,181329.8373,0.1976153828,2.022654058,0.8133075129,16.94507564,12.52725461,17.13428631,12.58427357
1773,47577.38462,57123.83458,-9546.449966,44458.25253,54903.82599,-10445.57346,153142.0188,50465.22298,102676.7958,2.448279208,4.54471567,0.8834287136,28.74657626,21.45905497,26.64725539,20.19932367
1774,73495.95484,69913.70597,3582.248873,51951.95393,55365.88648,-3413.932547,77564.08726,59185.9151,18378.17216,0.4671271756,6.563000627,0.5900993029,9.430965697,75.35744021,9.875959905,75.49952452
1775,44813.19696,53596.90958,-8783.712618,48893.09066,59616.181,-10723.09035,129771.7781,45529.16886,84242.6092,0.8380758878,1.350227971,0.8285185822,80.10747243,23.01276996,80.67713607,22.39807123
1776,668510.3522,59027.75428,609482.5979,945038.4191,64054.38485,880984.0342,263239.6638,43905.0184,219334.6454,0.5206651012,3.286314478,0.6552599342,24.8600689,70.26534316,25.29268333,70.55506183
1777,80223.22698,54472.11629,25751.11069,151638.0159,53588.51598,98049.49992,189482.4492,53993.76167,135488.6875,0.6546523732,4.156144438,0.7816602423,24.01385861,12.67197007,24.42537414,13.18111121
1778,61180.21997,60523.52074,656.6992289,60109.96161,43494.7792,16615.18241,152480.3505,41177.14394,111303.2065,0.8272245149,2.522089441,0.6807923855,93.34057172,59.48501231,94.07604016,59.86367651
1779,165919.9931,53743.83166,112176.1615,185696.7524,59745.74949,125951.003,233035.2317,48155.11474,184880.117,2.23945638,2.414109815,0.6800300998,86.04306191,2.40346631,84.92839877,4.345807929
1780,837034.2419,60260.43092,776773.811,711835.6828,47719.49383,664116.1889,259891.8834,41532.03373,218359.8497,0.4269987642,3.332967896,0.6049785099,57.86734149,65.76604747,58.19994959,66.03381565
1781,217255.8486,67606.83997,149649.0086,116399.3203,62887.66595,53511.65436,271679.3621,51384.10305,220295.2591,0.6055985084,1.788381289,0.64586487,62.82983257,19.1871217,62.44751026,19.6567803
1782,201799.6292,59353.38271,142446.2465,205488.5331,49180.58613,156307.9469,168752.6129,42365.20712,126387.4058,0.6637071397,2.557019014,0.8213993097,92.26224532,23.21159443,91.91424388,23.77675119
1783,814292.1562,61180.75836,753111.3978,705454.6062,51650.01186,653804.5944,232477.2092,53209.68183,179267.5274,0.4223233198,2.73834692,0.9224722907,30.93070349,67.98197278,31.3139926,68.15930423
1784,203871.995,65757.73084,138114.2642,88746.40804,46193.75637,42552.65167,224836.438,50110.30599,174726.132,1.439669015,3.134026317,0.7443089269,8.701417558,14.23874267,9.724587302,15.25154598
1785,623063.5899,56858.04477,566205.5451,711809.9297,46498.46115,665311.4685,311183.6692,55710.28656,255473.3827,0.3143511214,1.419386888,0.7365990768,0.01043116443,46.12194417,0.03879674516,46.43501289
1786,189488.912,63557.88389,125931.0281,130820.4397,62303.58159,68516.85814,165230.1472,52162.56417,113067.583,0.7645130975,3.076850688,0.9225125968,13.22110581,41.91293914,13.97774299,42.02239435
1787,55679.36696,52650.09707,3029.26989,46407.11184,46722.63675,-315.5249084,154813.76,46167.02141,108646.7386,0.6317064987,3.808261428,0.7101876707,36.38002642,98.93040375,36.95180112,99.19896806
1788,213859.039,50594.94261,163264.0964,135393.8472,49272.41914,86121.42806,158599.5528,51081.27762,107518.2752,0.9206492252,1.551179971,0.9576302563,49.31469287,34.80811896,49.975673,35.44897796
1789,217915.4624,68335.78472,149579.6777,133206.1523,59396.4732,73809.67906,207153.7795,59282.20903,147871.5705,0.2938994586,3.65506167,0.8458189994,3.17115202,77.13586924,2.879725248,77.173913
1790,847209.4417,63789.37744,783420.0642,668495.1284,42260.82138,626234.307,283524.5701,41470.61022,242053.9599,0.8033137045,1.602760658,0.8109275106,98.65479938,69.80705081,98.60981154,70.6091038
1791,42709.23866,57065.73824,-14356.49958,48767.32445,61394.24265,-12626.9182,177051.0178,58587.40749,118463.6103,0.3044010268,4.040967622,0.8511659116,22.36305484,6.605512221,22.64546538,6.719109198
1792,919747.5374,54000.64744,865746.8899,752610.4814,65743.19704,686867.2844,258430.6542,57679.24239,200751.4118,1.6250537,5.666236339,0.8995572874,72.64971009,82.14193362,74.27168567,82.24190744
1793,874160.5503,56571.30204,817589.2482,778243.5695,40079.93424,738163.6353,296838.0221,50387.3057,246450.7165,0.583443977,3.212269301,0.8419135002,57.81458695,21.88278523,58.38929727,21.98335823
1794,831684.7673,68796.63917,762888.1281,834417.4802,57460.17016,776957.31,238556.0939,48020.35599,190535.7379,0.870742607,1.201981381,0.8236288559,42.83949719,51.27283257,43.70211336,51.15414797
1795,324246.0795,77609.18113,246636.8983,167779.3467,54381.39564,113397.951,202111.2833,50996.48481,151114.7985,0.462622046,4.913158344,0.6766378735,82.01414919,64.98701693,82.40643317,65.2322361
1796,790557.9093,53756.23692,736801.6724,814889.5482,46625.59136,768263.9568,207494.8824,49378.64425,158116.2381,4.6800085,6.740817996,0.8632913469,19.07108497,9.768137922,21.78570544,13.58039648
1797,741181.7326,58187.20398,682994.5286,802993.4039,59348.33312,743645.0708,225222.8322,54293.58239,170929.2498,1.126012033,3.563028322,0.5427505603,92.60613449,11.88828817,93.54057822,12.51655405
1798,878493.9596,64135.89726,814358.0624,892552.866,50752.36386,841800.5022,225240.5199,53330.84706,171909.6729,1.043152947,4.63175843,0.715099548,33.59343547,75.50937976,33.43626009,76.54062365
1799,179488.1434,51826.61826,127661.5252,214938.2574,63902.7401,151035.5173,174880.3852,60141.02804,114739.3572,0.2619206934,5.941113253,0.6723448934,5.109418244,67.31400336,5.370943399,67.29961437
1800,756403.0849,52609.79208,703793.2928,696542.8595,51179.59639,645363.2632,323213.7693,58977.71543,264236.0539,1.530504562,2.361813107,0.7422795916,46.71911457,48.57610789,47.79167749,49.66791968
1801,178400.8232,40546.81411,137854.0091,179248.0782,41921.89452,137326.1837,253000.9211,52413.60902,200587.3121,0.288374605,1.540446659,0.7343448173,89.92059525,44.30972987,90.11855439,44.51942511
1802,241972.003,51700.98809,190271.0149,147845.5675,43781.84834,104063.7192,214522.4138,64003.43436,150518.9795,0.1086663652,4.755011314,0.7893854455,1.823663924,96.0213183,1.929450841,96.04616799
1803,54246.26548,50546.74706,3699.518419,55873.19017,55165.3041,707.8860672,137167.8395,51115.42731,86052.41218,1.000500554,3.050382458,0.9218847473,90.24732383,58.85482347,90.8646064,59.64220113
1804,132797.3824,47208.66777,85588.71461,164129.499,55910.56705,108218.9319,220713.701,53735.33354,166978.3675,1.22735563,1.111625409,0.789813849,13.84057963,28.4288116,15.00992788,28.80167421
1805,50011.51343,58251.11371,-8239.600275,44501.1229,59476.91083,-14975.78794,156849.4363,61665.86234,95183.57392,0.1757733713,6.378758749,0.7423315176,56.72165526,5.906511596,56.85324676,5.789978539
1806,294849.9285,42327.1725,252522.756,164570.4368,54591.77824,109978.6585,205911.5236,46134.97348,159776.5501,0.4320212298,2.323525825,0.9427494592,20.78030048,68.58449204,21.2108093,68.54837427
1807,895116.9977,41942.52855,853174.4692,885078.291,60091.66799,824986.623,267859.1283,57007.46793,210851.6603,0.911109886,5.20555761,0.8184883436,48.18535824,30.52318852,49.07804573,30.34089681
1808,794899.5009,66103.44697,728796.054,558463.5785,49938.15459,508525.424,294898.175,46542.57683,248355.5982,0.5250490667,1.88897089,0.7549137464,50.10102806,79.59051497,50.57508307,79.36479751
1809,80676.50774,70017.93449,10658.57325,65963.45403,70303.03199,-4339.577958,137313.9869,50178.39485,87135.59207,1.80806609,2.212494308,0.9157231252,40.54207475,31.46703781,42.0839249,32.41139002
1810,42581.72895,55496.57453,-12914.84558,49733.07502,48688.82716,1044.247862,120766.6595,39023.59401,81743.06548,1.938785564,1.437706205,0.7315172226,43.76525026,35.28614388,44.99448924,36.78543071
1811,49796.23809,48475.79044,1320.447646,60773.65435,68022.88794,-7249.233596,123815.8047,50287.17704,73528.62771,1.579467241,5.329984722,0.7454806408,26.66637166,48.03898514,28.23951176,47.89775127
1812,64651.38887,61184.30665,3467.082213,38808.71252,42948.42724,-4139.714728,96757.92783,52623.97603,44133.9518,0.4611323898,2.952727179,0.7705783516,19.26187623,73.02643427,19.65965141,73.2597109
1813,152440.9481,55014.06771,97426.88041,129137.4553,45180.15547,83957.2998,139152.1262,46748.87194,92403.25429,1.026436788,2.370311994,0.9614456847,79.32933546,34.42092262,80.34066059,34.24544052
1814,692680.9902,52273.38724,640407.603,808757.1924,50455.95046,758301.2419,300795.8663,51151.35214,249644.5142,0.4442646408,4.232943161,0.7182157611,88.00577614,85.66535295,88.40817434,85.85362604
1815,958068.479,56042.12713,902026.3518,717781.6597,60761.93523,657019.7245,260462.3282,49892.2809,210570.0473,2.347326534,1.815190545,0.8208686633,40.26351277,43.85337691,42.00702699,45.42503209
1816,56982.81859,55218.1377,1764.680889,23378.97601,41098.01012,-17719.0341,130257.7722,53210.90754,77046.8647,2.97554542,2.575867878,0.7636617666,64.38627812,81.13855573,67.35885972,81.27133053
1817,50892.5659,52711.65487,-1819.088961,61242.43977,65911.95327,-4669.513492,114119.8471,47831.52962,66288.31747,1.104939615,1.982141267,0.6636765718,42.07863146,63.82872124,42.27824151,64.91548128
1818,55440.07659,58107.73215,-2667.655558,57215.98539,54683.36411,2532.621276,138943.298,55766.06791,83177.23011,0.596182627,2.357663703,0.7207108333,15.80126341,99.53550893,16.3374865,99.79608239
1819,720406.8598,60793.62293,659613.2369,764965.9637,53642.87588,711323.0879,266029.6418,57237.5566,208792.0852,0.7267327236,1.697445014,0.6807197783,63.47609997,91.38754775,64.11819616,91.72791953
1820,219550.0724,69816.9567,149733.1157,164785.8354,67527.00877,97258.82661,226301.5066,52589.8502,173711.6564,1.87965457,2.798616531,1,57.63527317,65.99280892,58.24299651,67.7715089
1821,43447.17934,49666.56233,-6219.382993,38348.70294,45395.6784,-7046.975462,114840.3375,54921.55595,59918.78155,0.5697373349,1.214933113,0.9505071796,60.11670535,20.71173422,60.34832536,21.23226549
1822,175436.1297,69483.61156,105952.5181,184125.0529,49488.90396,134636.1489,240607.3677,42696.98822,197910.3795,1.705837752,2.760990886,0.9459277666,35.31414721,16.18871631,36.98242529,16.54470885
1823,53081.99618,47397.04873,5684.947455,60613.63277,63574.27914,-2960.646369,203037.0875,47060.91063,155976.1769,1.818952831,1.630522938,0.6567309617,36.03558847,87.33648751,36.8725904,88.95142317
1824,214792.2796,68041.85862,146750.4209,148382.3807,48053.38698,100328.9937,252708.8123,51690.9907,201017.8217,0.5455043419,2.511115669,0.5050590026,21.23729184,40.53496615,21.74915068,40.72358089
1825,846070.7863,65345.29069,780725.4956,996808.7122,50852.80678,945955.9054,335483.8681,31085.5782,304398.2899,0.7515074306,6.079133697,0.7903746199,31.15733443,7.848620629,31.13082416,7.097580934
1826,162778.5099,51502.39928,111276.1106,209634.8901,62102.0878,147532.8023,252185.4708,62907.51482,189277.956,3.582886449,3.528263761,0.8275504262,12.64239759,42.50580048,14.77400311,45.38561527
1827,227190.5219,48452.12987,178738.392,151927.3851,48632.76004,103294.6251,133868.8492,52577.96271,81290.88648,3.487129551,3.10647042,0.6464559395,40.75380199,40.82816165,42.60461905,43.78358864
1828,129662.3478,54774.61193,74887.73591,161369.2948,59917.46609,101451.8287,116537.5197,46109.6715,70427.84819,0.9939334742,2.912375053,0.8513242461,88.29257998,2.42301634,89.26437743,2.214417521
1829,187204.5766,48713.87403,138490.7025,172290.324,52724.07205,119566.252,273113.2999,51528.04086,221585.259,1.812897252,1.977537756,0.6409115928,37.60113672,37.54103693,39.12736778,38.51941067
1830,913512.909,51578.73713,861934.1718,820669.307,54659.62523,766009.6818,266093.4051,45098.85022,220994.5549,0.4441939637,4.026610261,0.9465129386,94.71136756,49.17559939,94.98631337,49.5244734
1831,791824.4388,64571.92745,727252.5114,856281.783,56876.28815,799405.4949,258107.0882,57755.21556,200351.8727,1.257926196,1.887921619,0.8419074675,72.73954526,44.5238606,73.85769495,45.10015877
1832,682622.0666,43020.21211,639601.8544,913013.4017,38049.74697,874963.6548,297413.298,51001.30521,246411.9928,0.6237810479,6.378203129,0.6110197964,59.03457134,64.28484672,58.75019279,64.84003285
1833,47622.89098,54728.84586,-7105.954881,42519.70773,42490.98938,28.71835735,165888.789,42647.85786,123240.9311,1.247878809,1.954673418,0.6661579898,44.63779185,94.5650511,45.37584911,95.57126828
1834,865028.7844,54704.86345,810323.921,756075.6113,55987.58515,700088.0262,276068.0068,43845.45137,232222.5554,1.77262403,2.504166931,0.7156768813,76.27776479,9.365799229,77.58730661,10.56049424
1835,774698.0979,43709.1804,730988.9175,712414.1435,62760.99519,649653.1483,293280.8743,51940.14907,241340.7252,2.039948335,4.390383983,0.735157431,61.24527362,96.08566893,61.68527076,94.09373727
1836,248230.1788,68043.46278,180186.716,146559.405,47260.93542,99298.46956,209006.7794,44740.97976,164265.7997,0.1815686973,2.278984252,0.8631902611,71.86845319,62.06380403,71.95357756,62.22418182
1837,44809.09655,46201.22012,-1392.12357,24148.61733,41211.7584,-17063.14106,194665.6086,55991.48922,138674.1193,0.6425140777,2.804043377,0.7944571414,17.33153144,90.12235348,17.3523276,90.76453092
1838,292983.2873,62641.25089,230342.0364,160565.0878,53440.5933,107124.4945,234429.8007,57256.80933,177172.9914,1.346507196,1.6348019,1,98.13791322,44.3584407,98.74986372,45.55785648
1839,688124.9994,61456.92323,626668.0762,784049.027,52096.19526,731952.8318,293867.9941,59820.24965,234047.7444,0.6287742472,1.437407707,0.616554885,32.15762758,97.17954225,32.23248183,97.80384498
1840,973772.1086,57023.47121,916748.6374,903376.7449,55017.98441,848358.7605,285474.1519,49198.1139,236276.038,1.360865784,1.642545709,0.5804736909,16.56130031,65.71768881,17.14967362,66.94478804
1841,878141.4999,58407.98967,819733.5103,811023.4654,56692.53804,754330.9273,333104.0668,56567.88323,276536.1836,0.4109871454,1.699686457,0.9058202599,20.02915363,64.58890999,20.00803696,64.99935428
1842,60246.02076,63157.66798,-2911.64722,48690.89967,52295.55191,-3604.65224,124109.0273,54941.3024,69167.72487,1.24962513,4.484689213,0.7366829646,77.11265582,70.20706748,78.31471043,70.54857546
1843,76617.58606,55702.68233,20914.90373,199830.0709,48034.94697,151795.1239,244196.9279,65874.46704,178322.4609,1.472458102,2.827257634,0.7101170251,36.77424968,22.14058453,37.41551472,23.4660701
1844,796332.3578,66790.4281,729541.9297,583198.606,50644.30526,532554.3008,296523.108,41482.00319,255041.1048,0.7729525946,5.951218523,0.9169626153,37.27485103,8.04415369,37.74717585,8.656007418
1845,878614.2944,53988.45592,824625.8385,609377.4582,59549.95397,549827.5043,276187.2875,58000.69614,218186.5914,0.20642899,3.345832728,0.8126235287,11.01328314,44.65886655,11.1768096,44.53288233
1846,145284.5983,54069.14915,91215.44915,137026.0466,57017.61286,80008.43371,267726.1006,43598.72938,224127.3712,0.6642539346,1.913546566,0.753915065,24.78240217,7.160263827,25.41777204,7.354012148
1847,792780.2493,60103.04694,732677.2024,662100.8753,50165.21007,611935.6652,292778.2492,45393.82301,247384.4262,1.964983052,2.587034728,0.9801404661,34.89439786,54.75745551,36.61388266,55.70852355
1848,41477.05303,50161.81608,-8684.763052,25472.35817,42938.7997,-17466.44153,168467.8251,51419.49298,117048.3321,2.111376675,3.641333651,0.7552094495,37.63680082,25.19079188,37.47825861,27.29620772
1849,184804.3407,52748.59461,132055.7461,132162.7735,40785.02802,91377.74548,221408.8547,47481.18852,173927.6662,1.353811835,2.037784191,0.6547378731,41.02601944,92.88492609,42.25043405,93.46252053
1850,1023888.649,53229.97179,970658.677,479161.0901,47086.0564,432075.0337,325467.1093,63746.87454,261720.2348,0.7983384511,2.448129881,0.6517657868,87.73681882,15.45790276,88.38372277,14.99007847
1851,51509.99427,58970.37407,-7460.379806,31151.48798,44488.97046,-13337.48248,145986.78,44857.55894,101129.221,1.394256493,5.534037484,0.6313723979,41.2860663,92.77826003,42.6553539,92.51557649
1852,138160.6636,68518.61086,69642.05277,172417.2322,42860.0308,129557.2014,250056.3641,57068.2251,192988.139,1.378925765,2.513953377,0.5313619585,11.80295755,96.89338757,12.37780322,98.14677846
1853,222296.8891,55661.83594,166635.0532,178345.9699,53832.3726,124513.5973,186923.1595,49921.69157,137001.4679,1.32246264,5.408497554,0.8521760921,38.51150626,98.17242708,39.82663138,98.31154343
1854,620594.4843,63090.26534,557504.219,742916.6651,63491.02877,679425.6363,318597.4358,42116.74377,276480.6921,2.060219095,1.952849208,0.840344633,88.01677229,40.34396088,86.15336488,39.46520294
1855,751082.2481,51059.64494,700022.6032,640337.6881,55117.15881,585220.5293,266170.3754,61766.57897,204403.7964,0.3842961753,1.476382752,0.7742498353,78.66147812,58.82565659,78.8440739,59.16380202
1856,871019.1603,56069.31213,814949.8481,590477.1718,47199.8247,543277.3471,290791.6638,50198.50715,240593.1567,1.782834945,2.069688418,0.838568584,45.32256834,27.75261024,46.9051193,28.57360531
1857,867745.5417,52499.74874,815245.793,829796.7192,70136.62609,759660.0931,208235.4215,45954.74827,162280.6732,0.5058376723,11.96046148,1,41.50095111,33.58174159,42.00515056,33.62241914
1858,816217.5798,47128.50445,769089.0754,700831.1738,50107.63759,650723.5362,279219.3914,58454.61662,220764.7748,0.9730372284,3.869801913,0.6874589254,30.60156297,37.08979159,31.48659153,37.49417495
1859,62212.39702,50371.59554,11840.80149,30322.76756,40773.84152,-10451.07397,171933.2105,46181.85303,125751.3575,0.6534436914,1.719285033,0.7432152126,79.19102697,58.04519573,79.75541299,58.37452396
1860,161647.324,51069.08727,110578.2367,220409.3008,58128.68259,162280.6182,184079.1449,50647.33041,133431.8145,0.05269508682,4.005150404,0.7567350001,9.688660717,34.65490451,9.73591841,34.63159179
1861,188161.9346,44042.25662,144119.678,258666.702,48874.24229,209792.4597,238077.1864,52602.64283,185474.5436,0.743836613,2.444807219,0.7085836916,85.47414687,10.68427667,86.19709917,10.8592992
1862,777881.2409,64624.53154,713256.7094,540213.0066,50205.5136,490007.493,270107.2284,36655.251,233451.9774,0.4883379406,4.114125499,0.8406181813,85.41224938,22.61756777,85.55986032,23.08306208
1863,123874.5042,60776.59692,63097.90725,177831.911,47436.25467,130395.6563,173398.8012,47116.28623,126282.5149,0.8327566577,3.36204893,0.779581939,1.120662836,44.92092781,1.940030896,45.06965452
1864,200726.4888,57577.73706,143148.7517,120292.0423,54734.05736,65557.98495,169333.134,38344.49626,130988.6377,0.02,3.070801344,0.5496670134,25.28695653,65.86227592,25.29498321,65.88059456
1865,755664.9075,55749.48342,699915.4241,817442.2415,56604.72038,760837.5211,243981.798,45460.75837,198521.0396,0.4594351071,5.49461734,0.7758540361,24.08683019,60.36009089,24.45081881,60.64043514
1866,885606.8081,63855.28883,821751.5192,632937.3735,57656.63234,575280.7412,301728.6044,55301.20637,246427.398,2.153636979,2.417825811,0.7585870188,8.34819927,44.60662629,9.525315048,46.41010922
1867,212552.6876,42996.67015,169556.0175,160015.9749,59966.50508,100049.4698,239123.6116,54213.52663,184910.085,0.7718511736,3.146457912,0.8446004283,63.49133136,38.3742292,63.70545725,39.11578454
1868,64831.38448,63850.51971,980.8647715,64737.20824,52792.22284,11944.9854,118569.4854,52997.39985,65572.0856,0.867933568,3.501319176,0.8573677476,2.220835795,20.61162893,3.040715549,20.89641985
1869,157015.7127,63841.85151,93173.86122,100719.8996,55256.67785,45463.22175,225688.407,58180.56598,167507.841,1.272309753,6.510296697,0.8320667218,16.90997339,34.38086244,18.12501893,34.75826994
1870,44003.80131,55192.91408,-11189.11276,55253.69542,44202.16045,11051.53496,170987.9802,43729.16431,127258.8159,1.178895128,3.61523577,0.9357932013,82.38221407,33.93849136,81.30044137,33.46991742
1871,623923.9348,54530.54143,569393.3934,814885.3561,44884.38728,770000.9688,272985.1429,44192.37174,228792.7712,0.9047687343,3.439475198,0.7639733629,60.90840761,68.77525309,60.00984176,68.66948977
1872,210850.3234,54445.81576,156404.5076,197485.4344,60997.37518,136488.0592,159675.6478,50292.85251,109382.7953,1.72528737,3.051946325,1,36.91199376,58.42640941,38.41667193,59.27054215
1873,25102.42298,39749.72382,-14647.30084,31602.43711,48352.16002,-16749.72291,193341.0751,47690.86826,145650.2068,0.2189514612,1.450752697,0.8335453994,52.55603165,71.85324259,52.77498293,71.85296206
1874,584876.3138,56951.63109,527924.6827,601575.0875,52849.1168,548725.9707,347738.3108,50604.85479,297133.456,0.4666311784,1.587194089,0.767221689,4.152004453,52.35811743,4.41410114,52.74418735
1875,46789.35728,47221.97762,-432.620348,56492.16952,51770.18084,4721.988673,177024.8998,44704.12229,132320.7775,0.8610125381,4.512614729,0.7363852029,58.47095684,31.35562933,58.56063357,30.49929956
1876,54513.86205,58704.64935,-4190.787301,45662.74566,35458.02211,10204.72355,120837.0591,53535.76565,67301.29342,1.320407197,2.485141039,0.7475259392,14.28552822,71.5908447,14.28524433,72.91125187
1877,214320.1166,54715.02451,159605.0921,186581.5286,50847.91106,135733.6175,202628.6645,38685.17279,163943.4917,0.4185623289,4.054753875,0.5122390184,46.39768808,14.76397417,46.71637602,15.03532711
1878,43518.52214,56812.69888,-13294.17674,29911.99027,51040.71293,-21128.72266,151281.9869,51880.5784,99401.40847,1.557141772,3.489737171,0.8376466376,68.91112218,29.53412751,70.24712778,28.7342653
1879,53480.04422,46723.67727,6756.366954,55571.12367,48045.00672,7526.116955,43415.43544,45991.23026,-2575.794814,1.135295398,2.859753809,0.7502093924,84.22841274,38.62470755,83.76801783,37.58695412
1880,866233.438,59026.0606,807207.3774,828011.2191,54535.6621,773475.557,322570.5523,48022.44091,274548.1114,1.287088997,1.480204351,0.8845588622,79.74674652,16.84185128,80.98142647,16.47830828
1881,55684.49406,49565.50955,6118.984505,61620.35528,58216.30841,3404.046868,174551.1874,44491.8726,130059.3148,1.859239922,2.753585191,0.7636278179,99.14395273,78.36777902,100.946185,78.82465108
1882,736060.2509,55697.47181,680362.7791,808161.0477,45969.1131,762191.9346,286161.5621,51304.39513,234857.167,3.666290048,3.713776164,0.6123643968,56.7955654,18.83349828,59.05417421,21.72146797
1883,48014.11713,49614.68692,-1600.569784,55508.6444,57599.21829,-2090.573889,177345.2835,44767.48453,132577.7989,0.7400908983,2.952841305,0.7795870347,80.9567794,11.6135295,81.16218567,12.32454483
1884,220672.5015,53928.01662,166744.4849,186722.0627,53667.86865,133054.194,212986.1025,38236.6818,174749.4207,0.7200956385,2.549099605,0.7586850407,23.22039034,89.93423557,23.71465642,90.45791369
1885,735356.9019,47281.37424,688075.5276,748682.2193,52351.07488,696331.1444,274868.2823,49799.73296,225068.5494,1.621982983,4.149809216,0.5973512981,61.75504809,70.73606822,63.26904775,71.31799073
1886,787403.4579,53086.46791,734316.99,885736.7729,62065.29256,823671.4803,323495.4057,52721.77559,270773.6301,0.2875157639,2.326691407,0.7898145854,32.32575855,2.000065081,32.59945598,2.088127711
1887,887453.3029,47888.4571,839564.8458,855285.9014,62682.58995,792603.3115,279505.7744,52270.45176,227235.3227,2.26745167,3.461770196,1,21.95115947,96.56909125,23.90956454,97.71188899
1888,265897.814,59470.73539,206427.0786,188798.5104,47831.70494,140966.8055,232146.2549,57933.62507,174212.6298,3.660233999,4.813312011,0.5792586568,68.99335503,7.005492197,71.77437501,9.385248661
1889,61586.34446,65533.39141,-3947.04695,65469.96495,55948.47793,9521.487021,147200.4947,46370.91538,100829.5793,0.3986455898,3.734119,0.866155696,45.0048294,29.99753219,45.3903054,30.0991519
1890,893140.8064,48193.08538,844947.7211,754425.1944,46656.19448,707768.9999,292410.0723,45637.32327,246772.749,0.6423026774,3.503671982,0.7986418736,62.21660944,21.19624168,62.63209584,21.68606183
1891,210256.4659,52505.82896,157750.637,169911.2663,47119.60223,122791.6641,160409.9901,35788.65282,124621.3373,0.3249458855,2.113331888,0.7640246401,65.26465826,32.43085805,65.56172313,32.56254818
1892,40788.59002,59801.47423,-19012.88421,50922.99645,60302.44193,-9379.445474,143001.4887,47793.8284,95207.66028,0.5782774527,3.572638998,0.8674301047,49.37606343,11.74547885,49.91090911,11.96535362
1893,722564.8803,69802.84985,652762.0305,836089.6378,49143.67567,786945.9622,276086.8129,42713.82148,233372.9914,0.454269792,2.149042973,0.8791752807,22.39681418,83.97368966,22.72526066,84.28751119
1894,115961.7343,40365.46229,75596.27198,97924.78659,46945.44823,50979.33837,166646.9956,40015.82965,126631.166,0.4791260081,4.048279834,0.889569141,52.30281864,78.0432246,52.65108631,78.37227074
1895,815255.6881,54073.13455,761182.5536,759799.0801,41946.9218,717852.1583,288713.2083,49254.23406,239458.9743,0.8382667225,3.126391085,0.7795667513,26.8744247,84.02308428,27.66343094,84.30621014
1896,172866.3414,48474.69945,124391.642,61713.06903,46914.33434,14798.73469,165049.9699,42102.54927,122947.4206,0.2025266741,4.481232983,0.659586502,8.282443979,37.04774185,8.219309439,37.24017648
1897,758218.3029,48925.93474,709292.3681,696174.5307,50046.94973,646127.5809,335730.706,46367.05525,289363.6508,0.6542902041,2.867160996,0.8212782887,78.66605996,15.68017224,79.16755799,16.10040479
1898,105336.6511,46346.83962,58989.81152,153635.5304,50538.15763,103097.3728,184566.6483,54218.59273,130348.0556,1.095101774,1.630584586,0.7560124106,82.15373265,30.71588552,82.87253323,29.88970538
1899,51335.61645,55115.51613,-3779.899683,50751.99224,42781.53292,7970.459319,197509.6798,49023.55198,148486.1278,0.8367118687,2.184339035,0.6986400906,87.35139444,63.53584819,86.6129915,63.92935531
1900,212720.9344,74739.31445,137981.62,158444.5024,50768.06202,107676.4404,188083.5811,57130.09456,130953.4865,0.2879367727,1.442936556,0.7031767139,54.65805953,88.76705403,54.87435551,88.95711622
1901,51458.20894,73404.54668,-21946.33774,38293.89611,39806.98936,-1513.093258,98598.82006,50138.27233,48460.54773,2.107506517,4.943591149,0.6775928389,79.63494826,39.77304564,80.20085312,41.80315288
1902,1012747.054,67227.13197,945519.9216,710005.9866,51863.91143,658142.0752,284881.2484,44292.34148,240588.9069,0.4702871582,2.222104814,0.8070093691,12.61352442,33.43322941,13.0148748,33.67835772
1903,172626.6458,57434.14994,115192.4959,132495.0622,39681.77239,92813.28983,187652.8112,49816.45591,137836.3552,1.530953871,2.402503003,0.8422201213,16.84532126,34.26364338,18.31915195,34.67794138
1904,150546.8298,53492.92372,97053.90613,208131.4742,56097.07689,152034.3973,248427.5756,40914.10456,207513.4711,1.271737641,4.85520516,0.8258444313,35.44007064,24.57874572,36.41102731,25.4000616
1905,245821.6558,52443.31679,193378.339,130435.413,69050.88825,61384.52478,180942.3469,44644.19513,136298.1518,0.6283014435,2.941716717,0.8012846837,78.88943014,66.27715449,79.363693,65.8650411
1906,116181.4352,47454.71419,68726.72104,251592.8055,53740.26488,197852.5406,131072.6711,55223.20032,75849.47082,2.489162145,2.730758807,0.8177599492,7.94404664,74.22767393,6.283196912,76.08172526
1907,913307.8438,56766.21184,856541.632,684032.0604,55795.71434,628236.3461,324972.2963,36625.33147,288346.9648,1.28203458,3.598146673,0.7357502919,15.44317653,74.0411803,16.28092137,75.01164217
1908,31652.90066,49240.63931,-17587.73865,33268.77974,42416.08804,-9147.308301,102220.1458,53886.5364,48333.6094,0.7871652652,1.743174047,0.8269752998,30.84388346,16.78370197,31.61886852,16.92164147
1909,989227.6161,58873.2971,930354.319,763362.2951,61929.52348,701432.7716,291826.1955,59488.46653,232337.7289,0.9070201028,2.993972898,0.5126455379,40.48832539,72.94502837,41.27801593,73.39120584
1910,780196.8129,55258.91572,724937.8972,872890.6377,47597.7316,825292.9062,247317.0579,43592.88807,203724.1698,0.5820163862,1.558168945,0.7969428352,89.20281009,28.12938955,89.42888661,28.66570333
1911,960366.591,47785.70524,912580.8857,776984.9643,54612.61685,722372.3474,235965.3789,50286.43612,185678.9427,1.288807717,2.902944064,0.7841680058,2.849655984,95.69831613,4.031332661,95.18385956
1912,75402.70982,66453.76455,8948.945274,36369.65826,44068.65907,-7699.000814,134621.6774,55155.68985,79465.98754,2.187529177,3.094862798,0.6905500733,59.74807222,20.12503606,61.55633637,21.35607816
1913,70697.93389,54448.01999,16249.9139,57108.80287,46427.72377,10681.0791,151860.8209,48497.56425,103363.2567,0.5301488832,3.535109168,0.7173885437,39.39054932,33.58113373,39.82524175,33.88461409
1914,683176.7292,51494.92223,631681.807,817046.0416,41952.84334,775093.1983,288422.6203,60914.29676,227508.3236,0.400517959,0.9685428793,0.926269081,52.86826121,82.35671503,53.16101525,82.6300458
1915,205061.9757,62263.81215,142798.1636,132532.9641,50073.62332,82459.34075,197312.0504,52054.80108,145257.2493,0.5310904008,3.494648164,0.8233839483,28.0670549,13.13472146,28.37204253,13.56950826
1916,761681.7281,48185.20586,713496.5222,707310.3067,47492.81162,659817.4951,247797.1151,47464.26697,200332.8482,2.274169501,2.064641559,0.9191756353,74.74272249,35.67569085,77.00185247,35.93680129
1917,837094.3241,56173.10261,780921.2215,595851.8411,59917.98332,535933.8578,245159.0534,42073.41901,203085.6344,0.5628463048,2.783837931,0.6901948704,25.52919284,0.8982833928,25.72702962,1.425214669
1918,940369.8079,73589.15315,866780.6548,775052.2427,70073.55385,704978.6888,261938.9543,57547.55051,204391.4038,2.268081993,3.595529101,0.6820841801,2.237516308,21.51606971,4.246578286,22.5686218
1919,755998.7306,63133.28568,692865.4449,584717.1296,53763.74558,530953.384,247027.0754,49668.09121,197358.9842,0.8529482631,3.886148518,0.8969614219,15.33875293,29.82171952,15.10238568,30.64126284
1920,910230.9383,51472.02905,858758.9093,746433.9285,55443.17503,690990.7535,213680.8534,44148.04641,169532.8069,0.3893832057,3.365809566,0.8081818968,43.45769007,16.30210848,43.84705117,16.30625699
1921,52009.64887,54916.4258,-2906.776927,62438.91988,50974.24355,11464.67633,103855.3238,45013.81039,58841.51343,0.6736760728,3.086464177,0.5371430069,17.80755693,61.34752324,18.01716792,61.98775967
1922,692748.8927,41190.41422,651558.4785,769374.9759,48186.52758,721188.4484,346589.2154,47561.01067,299028.2047,0.8198629405,4.970286661,0.7283507854,43.81101588,75.86774334,44.1604643,76.60940434
1923,47950.02496,53248.49004,-5298.465082,76010.39665,66249.69126,9760.705391,172397.3728,52890.45005,119506.9227,1.797997076,3.355197454,0.6674658168,58.08555635,24.80408135,56.82932749,26.09042599
1924,80705.36966,53671.07283,27034.29684,42624.78703,50245.19408,-7620.407049,104121.4632,52830.97629,51290.48692,1.47375939,3.355890728,0.8430946311,66.21585113,34.57836928,67.53246591,35.24055676
1925,979466.0884,55394.31424,924071.7741,752966.3072,56105.26379,696861.0435,241736.0156,59761.38655,181974.629,2.51571949,2.331718123,0.7952605661,41.02222849,68.3752397,41.50545914,70.84411246
1926,971600.7287,56459.27119,915141.4575,607598.2407,55521.14949,552077.0913,307714.679,45633.8783,262080.8007,2.283772235,1.501443812,0.847684603,64.03864076,6.533018247,66.15664598,7.387225214
1927,1029358.893,51352.91506,978005.9781,658802.402,34878.18242,623924.2196,258647.919,54090.28122,204557.6377,0.2258382235,2.039156791,0.8257455226,12.82029912,63.76070608,12.68578771,63.5792961
1928,51867.38061,53803.76287,-1936.38226,30950.30453,50611.47144,-19661.16691,141707.373,43361.9917,98345.38131,1.110639115,3.619520629,0.7479738238,15.58374661,19.66945787,16.06158103,20.67205127
1929,54658.09051,58998.81245,-4340.721944,53380.2816,60007.07365,-6626.792046,155139.2152,56219.1645,98920.05075,0.3590767636,1.740295429,0.9315342736,43.71825833,50.57843426,43.79966513,50.92816137
1930,806386.4742,54095.21845,752291.2558,730973.4722,54293.47688,676679.9954,367459.2939,46974.78816,320484.5058,0.2800090049,3.758248763,0.7336628518,30.51093617,66.77116852,30.75218399,66.62902587
1931,226033.3997,55482.15576,170551.244,181497.9953,56979.15404,124518.8413,265214.2198,63909.47261,201304.7472,0.3914460712,2.33350709,0.9528620549,55.93291517,48.96354011,55.91247551,49.35445218
1932,795825.7963,47375.01008,748450.7862,804927.4718,46246.63645,758680.8354,208022.9311,53881.84738,154141.0837,1.407933318,2.759767585,0.7984083583,80.15647829,53.41648893,79.78834327,54.77544177
1933,753316.9519,49549.84997,703767.1019,981331.5042,61901.26965,919430.2345,263116.48,41114.36636,222002.1137,0.5509442818,4.045142629,0.7581128617,22.3584591,52.33125055,22.35375739,52.88217477
1934,877296.4349,48192.83331,829103.6016,758990.8225,48014.72664,710976.0959,327091.4806,56929.47522,270162.0054,1.220815908,2.796952791,0.6131730508,71.1874846,97.4101616,72.30659576,97.89799526
1935,839004.9919,67604.78874,771400.2031,805847.9152,59366.31483,746481.6003,288561.1668,59477.62329,229083.5435,2.223939823,5.099464247,0.7808757974,85.36647039,84.56948274,85.76786011,86.75690008
1936,1057736.261,61946.26492,995789.9958,611332.1086,55677.29548,555654.8132,274679.6491,54015.24241,220664.4067,1.430332165,1.586729127,0.8194815629,86.21914975,16.03184404,87.43411013,16.78664294
1937,738703.6347,48144.54177,690559.093,721169.5422,51582.60576,669586.9364,344465.3683,60409.50826,284055.8601,2.116044352,4.380488534,0.7163639837,63.48168577,7.336187923,61.49949964,8.076851054
1938,858964.7706,64988.93004,793975.8405,742243.335,58286.93973,683956.3953,272828.5675,48861.57584,223966.9917,0.08236626997,5.650679758,0.798765468,66.91670315,99.79937733,66.98777715,99.84100291
1939,47901.49868,50750.19166,-2848.692984,52802.51671,53233.43941,-430.9227032,59493.38988,38292.18849,21201.20138,1.304110509,4.139453572,0.6941917737,33.42359023,19.72393553,34.62718858,20.22598657
1940,82492.04016,71947.41582,10544.62433,44552.11359,54272.52993,-9720.416332,60479.35937,50575.06151,9904.29786,1.752795795,2.832765163,0.8264079662,82.82473979,72.12809682,81.97253184,73.65977391
1941,164258.2311,56806.38124,107451.8499,151921.9501,62514.93544,89407.01468,177701.0042,65235.99274,112465.0115,1.357380568,1.442774328,0.8329868816,95.21639926,40.47113822,96.41617094,41.10598461
1942,226176.4909,69098.59282,157077.8981,211127.6835,60108.37509,151019.3084,255380.6602,53708.18971,201672.4705,0.6028758707,3.70754918,0.9142849377,62.89941635,27.0891583,62.82532775,27.6874644
1943,708950.1294,60513.11442,648437.015,699361.9102,57016.88796,642345.0222,269314.3084,40988.48042,228325.828,1.743845737,4.339101579,0.6792692592,3.444844746,83.30941654,4.903235705,84.26549905
1944,838795.467,46521.74564,792273.7214,844162.0911,57820.79427,786341.2969,272975.5645,38080.96001,234894.6045,0.4236060292,2.238788705,0.6581689423,63.81398086,99.03441499,64.17384735,99.2578835
1945,56470.82488,50723.39198,5747.4329,41871.85074,34964.13099,6907.719746,105220.6565,55608.50398,49612.15253,1.311315623,3.089485035,0.7581252583,94.57079228,72.97201027,95.85930295,73.21550345
1946,636423.5902,50749.78371,585673.8065,709044.8786,58116.91196,650927.9666,210416.0304,43919.82809,166496.2023,0.7990126581,2.001294933,0.7012824215,55.37916146,70.53251377,56.15134432,70.3271973
1947,888154.3038,62265.54874,825888.7551,727316.5579,58316.37286,669000.185,193237.2409,49353.63438,143883.6065,0.6500440262,4.230026974,0.6318475026,73.66819029,10.72205844,74.31070106,10.82073543
1948,80548.31734,61937.23559,18611.08175,51253.22383,51246.67257,6.551257782,108553.7872,40316.79682,68236.99043,0.3401268175,4.162611015,0.6895269109,46.39467249,65.41949865,46.71454059,65.30386711
1949,210872.7027,54345.46004,156527.2427,104959.0439,42481.53453,62477.50936,272299.4916,42126.84796,230172.6436,0.6843700759,4.317297459,0.8784775794,95.56435059,44.25218154,96.24486163,44.17960657
1950,60110.47447,59726.9734,383.5010695,49427.39342,55131.57764,-5704.184229,156149.2271,46218.23322,109930.9939,0.6779496295,3.340446679,1,20.95171887,0.6607855785,21.00601564,1.336557405
1951,1037025.773,63767.16596,973258.6073,765625.906,48886.23505,716739.671,321789.277,53431.12339,268358.1536,0.5852073574,4.339651245,0.8657423396,48.18490013,29.45064407,47.68288144,29.1499035
1952,55181.36646,68641.00436,-13459.6379,55586.88996,52506.40037,3080.489598,148929.7503,43892.18503,105037.5653,0.900568044,1.727288614,0.9697065641,62.05664919,43.50876051,61.81126898,44.37525422
1953,39180.81207,51416.02013,-12235.20806,48397.76984,48052.13811,345.6317274,152506.0101,60646.49001,91859.52006,0.9281903237,5.825671838,0.8607162806,76.9537526,67.25179333,77.87403842,67.37267048
1954,200505.6513,57561.19611,142944.4552,181064.2529,62232.6758,118831.5771,136033.3137,51549.21774,84484.096,0.3473858902,3.545099932,0.7880782483,54.07972563,4.164233816,54.31516435,4.419665931
1955,53602.16569,49406.82724,4195.338453,58605.94929,61224.25305,-2618.303766,189393.9235,71046.2918,118347.6317,1.085405485,2.005091195,0.7373810295,80.24729746,33.08449575,80.13745111,34.16432854
1956,842269.5535,60431.03272,781838.5208,684210.1484,60831.93094,623378.2175,284429.25,54368.8818,230060.3682,1.22296176,3.859587607,0.7099930763,32.99686648,20.79180081,33.51165692,21.90113676
1957,215977.1709,45946.49797,170030.6729,201678.7532,57421.0761,144257.6771,265250.3072,46249.62659,219000.6806,0.873835049,3.34486711,0.8617154259,39.35042546,37.0748892,39.86018839,37.7846282
1958,193934.4853,51084.44845,142850.0369,245639.9363,36297.36146,209342.5749,143711.2554,50186.00022,93525.25519,3.060347606,3.438462344,0.7986217421,16.5446862,65.2287079,19.34608834,63.99668779
1959,38842.26995,53218.6142,-14376.34425,44345.6732,46399.57385,-2053.900657,102247.9996,39610.47714,62637.52245,1.367007807,1.755313417,0.861749156,13.12125014,91.27336543,13.03654355,92.6377463
1960,665424.0796,49343.29849,616080.7811,805369.4613,34310.15929,771059.302,280726.4313,51669.14159,229057.2897,4.407053925,2.748298734,0.7194549596,68.69337944,8.893779559,73.07747341,9.343050392
1961,594147.5651,55016.85142,539130.7137,528936.1316,50789.15984,478146.9718,309231.3876,53040.77243,256190.6152,0.3192404511,5.107358467,0.7528694685,2.359767596,61.73870108,2.678525713,61.72115888
1962,58744.81187,67735.98874,-8991.176863,49253.07465,53532.9173,-4279.842649,152885.0392,36231.54846,116653.4907,0.2206771706,1.749542203,0.656753917,21.76134816,92.88663896,21.91700849,93.04306234
1963,51008.25585,59462.67413,-8454.418272,48194.65015,49832.02483,-1637.374682,182840.9052,47767.58005,135073.3252,2.64969363,1.430797873,1,94.81668538,53.07801748,96.31642005,50.89360171
1964,164937.4598,60881.70647,104055.7534,156484.4539,47512.02433,108972.4295,196471.6294,36479.60306,159992.0264,0.9603879404,3.668338576,0.609245031,92.39690517,55.77820593,92.40942285,56.73851228
1965,171276.0045,52336.3343,118939.6702,173517.5257,63778.09309,109739.4326,197961.599,45969.22192,151992.3771,3.101288165,3.081698055,0.8399132778,25.30179726,36.60654157,27.82399636,38.41111908
1966,58189.34335,50636.28736,7553.055981,44465.80069,50663.85696,-6198.05627,188679.6156,51810.47851,136869.137,0.6364150895,2.285715565,0.667154768,82.93060038,15.05995679,83.43427816,15.44897203
1967,705192.3765,38804.86366,666387.5128,834926.6796,56612.37303,778314.3066,225582.295,43950.30635,181631.9887,0.4712430787,1.888267022,0.9164443174,98.5707692,53.28902684,98.85901616,53.66183205
1968,995116.6777,78500.59606,916616.0816,533237.2222,49189.77349,484047.4487,276011.2808,53489.2538,222522.027,1.454909768,2.814461126,0.605834307,37.01485815,37.22870934,38.37980348,37.73238252
1969,48382.56033,59457.99176,-11075.43143,51121.84649,44351.87995,6769.966541,112186.8372,46595.64954,65591.18769,0.7105161802,4.489206812,0.7376452818,31.64014922,83.34423386,31.81461271,84.03299778
1970,51895.06005,56832.4056,-4937.345551,62250.09292,49962.31446,12287.77846,138516.469,59840.39634,78676.07267,0.9375659311,4.412183181,0.8067677092,40.45238356,33.99168021,40.57742487,34.92087047
1971,621447.4117,53211.05441,568236.3573,612902.297,51984.96522,560917.3318,216838.9234,41567.07697,175271.8464,0.4193823308,1.881725296,0.6830233888,86.36542287,29.80407625,86.76489924,29.93174836
1972,82254.95813,64105.79199,18149.16613,45929.76025,48240.41095,-2310.650699,61480.60948,54364.48651,7116.122969,0.6426272227,1.830007752,0.7276094467,80.52636004,92.42480992,80.59373834,93.06389513
1973,780955.79,49502.97696,731452.813,533504.0647,49237.13205,484266.9326,287677.8666,44122.15832,243555.7083,1.425765819,1.98254452,0.8756643147,74.40190487,7.067651117,75.23291869,8.226195116
1974,50928.03939,49070.36469,1857.674694,47926.00334,54719.03153,-6793.028186,160394.7712,51773.28626,108621.485,0.4423919072,4.534892147,0.6979358642,48.55890774,15.88044191,48.86690858,16.19800463
1975,73525.01259,59485.66583,14039.34677,59380.66936,65824.09459,-6443.425233,80525.76054,35862.78162,44662.97891,0.8091763596,3.666753882,0.9160829207,97.72821023,69.66014549,98.44591395,70.03386698
1976,63658.93119,68375.71829,-4716.787101,32144.59971,43949.27431,-11804.67459,144718.1629,52315.77282,92402.39011,1.018481644,3.168605438,1,4.085083121,29.35283664,5.091235386,29.51083182
1977,302874.1464,68865.25829,234008.8881,153008.7415,48452.34742,104556.394,209038.5582,57990.14991,151048.4083,0.8816543367,1.82255044,0.7743793911,9.218300239,80.95094254,9.900220646,81.50977966
1978,32709.84712,39894.91593,-7185.068808,39555.59887,47122.99885,-7567.399979,234119.5457,48957.43231,185162.1134,1.548057643,1.343776182,0.6357306962,96.26226726,93.89601299,96.8908775,95.31069727
1979,939605.7448,63818.04917,875787.6957,1003235.084,44575.95497,958659.1292,211110.5764,62146.13127,148964.4452,0.718092879,2.71209653,0.7700122448,47.86987577,28.29908753,48.55902826,28.50089495
1980,203922.3912,69086.86311,134835.5281,159648.9029,56894.89531,102754.0075,223847.6012,51213.01724,172634.584,1.297873304,1.944108267,0.8398831971,33.29147175,10.28991031,34.3418541,11.05225672
1981,55623.46858,59339.78447,-3716.315892,49001.38603,49947.91385,-946.5278231,179393.6707,49997.72711,129395.9436,0.7427273238,2.424880687,0.8634840598,17.90444037,31.92652457,18.54939446,32.29486964
1982,10374.59806,35970.59405,-25595.99599,66911.86801,52616.29263,14295.57538,199150.364,46018.8396,153131.5244,1.300358093,1.73122528,0.7294608083,82.33418879,18.57453431,83.27732604,19.46975679
1983,187431.27,58449.07072,128982.1993,200277.6812,52784.0331,147493.6481,254011.1551,60964.60195,193046.5532,0.2923677673,5.469025075,0.901885159,99.79352021,68.11055905,99.99671011,68.32077983
1984,73047.16099,68875.03407,4172.126924,48231.57236,58789.25605,-10557.68369,107860.5215,60768.29502,47092.22645,1.042663086,1.730440784,0.6838548307,80.25385961,21.64850019,81.18765358,22.11236992
1985,944525.6817,60646.48074,883879.201,697226.4264,47182.09666,650044.3298,236047.5473,46060.50066,189987.0466,0.6006601102,1.178715682,0.749666894,80.53956688,24.77936023,81.12497951,24.91383931
1986,718073.8097,53216.80656,664857.0031,886391.1106,51067.27363,835323.8369,281516.9587,57755.3203,223761.6384,1.097938466,2.527098336,0.7860500012,68.3563459,54.6230318,68.78884625,55.63219597
1987,118140.9997,48444.07787,69696.92178,167732.3383,49194.10596,118538.2323,176672.5263,61448.57867,115223.9477,1.580206002,5.504444706,0.628019902,46.7902994,23.08685951,48.07600171,24.00556543
1988,961968.8436,57670.73912,904298.1045,686124.0117,47365.47506,638758.5366,265440.3835,54166.42808,211273.9554,0.9595942699,3.195235515,0.7245586031,38.68091149,13.72033647,39.48188503,14.24878945
1989,972695.6447,52677.07243,920018.5723,777860.8813,43801.11876,734059.7625,284249.0066,39374.52465,244874.4819,1.775502544,1.710532957,0.7057260608,12.43142946,98.75636181,13.6749993,100.02362
1990,72469.23626,56882.52847,15586.70779,49294.71559,48546.79389,747.921704,113634.1592,50006.97518,63627.18399,0.2798837958,2.552071228,0.7950709435,53.42766387,89.94750289,53.51833926,90.21229132
1991,44031.46167,53333.93477,-9302.473094,51543.61821,58956.7714,-7413.153189,188819.5265,48996.36883,139823.1576,1.432282556,2.053474187,0.8410814289,70.2662056,75.06461906,68.85866332,75.32968142
1992,927511.0804,53585.72526,873925.3551,757227.1816,68713.47091,688513.7107,302705.3812,51458.5362,251246.845,1.651192332,2.51524318,0.6886070046,14.72964571,77.62269611,15.75719348,78.91520595
1993,1166636.894,46188.8616,1120448.033,630275.285,45852.86688,584422.4181,240700.0168,41426.7435,199273.2733,2.550808106,1.75530392,0.6776842231,62.03586522,68.60200716,61.89445694,71.14889265
1994,32298.34347,55184.3986,-22886.05513,41210.33792,51097.68383,-9887.345907,133684.7034,45214.53365,88470.16977,1.773413158,3.734482942,0.7258995917,80.37611843,39.6242405,79.37881551,38.15782272
1995,61124.49962,64111.64644,-2987.146823,32132.82702,37208.39052,-5075.5635,136784.7084,58812.56428,77972.14409,0.2102666874,7.618374986,0.5468743326,49.40451257,36.31779285,49.53585032,36.4819954
1996,201532.058,49926.65606,151605.4019,186237.2559,49917.32302,136319.9329,256211.4889,43031.09378,213180.3951,1.041161643,1.910865272,1,68.69165183,75.83420842,69.40849655,76.589292
1997,707353.6347,62920.09726,644433.5375,869398.277,58441.51998,810956.757,212758.3982,41661.26126,171097.1369,0.3134743366,4.792619491,0.6501526155,86.50205326,92.13194026,86.78068609,92.27557139
1998,23146.89393,49320.46624,-26173.57231,66807.45945,59761.01299,7046.446461,88949.57558,53089.20467,35860.37092,0.649623426,2.79882995,0.549734705,75.43188895,10.05461244,75.88108999,9.585326789
1999,620552.1804,52592.16483,567960.0155,632449.7173,53104.65441,579345.0629,305416.7758,47105.90498,258310.8708,0.5254857016,3.824123407,0.7385467104,51.48274624,57.5031272,51.96288212,57.71667992
2000,237931.4975,68024.76313,169906.7343,184918.1134,38897.24732,146020.866,191222.5634,45479.52361,145743.0398,0.4970136791,6.150810839,0.6745431115,82.45596139,98.16602575,82.72002697,98.58708628
2001,765038.6472,48865.53952,716173.1076,544134.807,55029.07358,489105.7334,256204.3306,40736.2426,215468.088,1.487035299,3.389284596,0.7396715691,86.06226838,26.9138868,86.41112932,28.35942131
2002,34990.47942,47192.28684,-12201.80741,52887.01804,50607.81825,2279.19979,98872.15627,45842.18226,53029.974,3.332049616,2.262641016,0.6632980587,99.33685778,44.59061724,101.6767588,46.96283519
2003,218306.62,51596.98575,166709.6343,198054.9482,49123.76402,148931.1842,198673.5475,47132.54355,151541.004,1.419138695,4.13369353,0.8083647372,53.68603831,71.78319814,53.89173476,73.18735041
2004,212363.2874,52632.62308,159730.6643,180498.6891,49941.4839,130557.2052,152555.9236,53959.46228,98596.46132,0.3497368396,2.057660572,0.842173414,28.98268282,72.37899375,29.30358058,72.23992368
2005,76976.52646,73604.41442,3372.11204,45200.03868,57979.64537,-12779.60669,98011.99672,49391.77814,48620.21858,0.5881616,2.563400959,0.7380385483,60.64085444,65.82827279,61.04504809,66.25554502
2006,70206.68207,69159.46542,1047.216656,55346.84455,57596.92335,-2250.078794,192054.7643,55707.44705,136347.3173,1.283970566,4.492826093,0.743694309,73.09969512,82.77091338,73.62957201,83.94044785
2007,54602.32372,57322.59305,-2720.269325,55328.19607,55213.85309,114.3429843,198144.0964,61461.38127,136682.7152,0.8389030498,2.417658126,1,9.554204303,28.66852443,10.33022173,28.98720184
2008,51702.27047,49023.68294,2678.587529,46835.92656,40478.26654,6357.660015,109910.9441,52454.29487,57456.64919,0.886040938,2.460413384,0.735057196,50.48310604,96.89285924,51.03480988,97.58617837
2009,67668.96794,60426.45785,7242.51009,50469.51985,49376.81351,1092.706334,80591.63016,45406.99609,35184.63408,0.9017596801,1.725106947,0.6521456102,39.44185218,41.96101099,39.58086918,41.07003131
2010,797839.1634,48912.56075,748926.6027,666844.4597,48954.63838,617889.8213,263603.811,22215.8261,241387.9849,1.505567618,1.176261188,0.6091735831,22.67486593,95.42900516,24.01903692,96.10719259
2011,793510.7754,61634.52135,731876.254,649504.4215,51736.06982,597768.3516,306912.5447,40621.35164,266291.1931,0.1790891652,1.323901985,0.8553770073,53.31668317,35.00531855,53.2744569,35.17935841
2012,763879.3871,55019.08346,708860.3036,699815.4099,51549.12125,648266.2887,276402.5202,50302.97977,226099.5405,0.5667876376,2.398983239,0.8241164069,1.045635381,82.49729478,1.421770244,82.92128864
2013,917516.3758,68595.63748,848920.7383,853749.2868,43966.66816,809782.6186,353654.9839,46407.70644,307247.2774,1.327950358,5.313354825,0.61881004,70.98007089,94.72104525,72.10428281,95.42786892
2014,66418.00644,63400.50674,3017.499693,73664.80218,60223.14772,13441.65446,62956.97283,49411.61561,13545.35721,0.2704744314,4.868454303,0.8876392402,79.02427307,30.58055445,79.14273076,30.82370912
2015,55990.04364,55597.11224,392.931397,37429.6437,41270.04335,-3840.399652,15207.04447,40998.48195,-25791.43749,1.709764564,3.876266505,0.8320353941,98.59242372,63.21644601,98.86651774,64.90409743
2016,147571.7308,57835.15141,89736.57935,237490.6525,44891.86046,192598.7921,264998.3739,56365.97311,208632.4007,0.488678475,4.4921078,0.605051609,49.45668561,45.06620904,48.98829146,45.20554161
2017,288658.4477,62063.99775,226594.45,160041.0114,53743.1459,106297.8655,219518.195,55299.40615,164218.7889,2.205065488,2.367774688,0.4972036905,30.3628957,14.2090585,32.49707645,14.76366317
2018,1259024.61,57624.93007,1201399.68,685988.5692,59384.02122,626604.548,347456.511,56633.16732,290823.3437,0.2288456459,2.893124013,0.5990326742,3.486051204,10.87296317,3.676091195,11.00045878
2019,66767.32781,61743.73839,5023.58942,43386.65529,49365.62737,-5978.972087,90073.76598,34485.74249,55588.02349,1.64838454,3.309258147,0.6448582727,19.82485125,82.63382866,21.26167574,81.82592584
2020,37382.79548,41133.10604,-3750.310557,37403.11691,49951.67973,-12548.56281,132256.2534,60370.87785,71885.37559,0.1246829121,2.581937236,0.8350655289,83.48207592,11.17716754,83.48551793,11.30180293
2021,46827.27093,55667.05747,-8839.786548,57747.51185,51741.72496,6005.786893,187730.6722,56263.95905,131466.7131,1.329387207,1.740199894,0.8191635475,7.104869374,78.88053329,8.243743885,79.56627026
2022,767166.0311,59822.44462,707343.5865,554519.3869,41286.16519,513233.2217,232704.4775,39931.47344,192773.0041,1.062163727,2.200465876,0.8879318629,91.52049993,46.3443198,92.1954489,47.16446349
2023,814337.0739,48505.19148,765831.8825,797170.8209,54855.44525,742315.3756,295504.5381,55099.97908,240404.559,0.4121789955,1.159403898,0.6463530779,30.21999194,7.998013224,30.57910163,8.200329199
2024,47502.38805,58695.17249,-11192.78444,53796.38427,63823.40345,-10027.01918,140235.4421,42718.10729,97517.33486,0.4902082403,3.394376669,0.7260911645,38.90103204,33.97887742,39.29638483,34.26870546
2025,187428.0297,40480.65173,146947.378,164324.3211,48825.29313,115499.0279,172106.155,51914.31946,120191.8355,0.5969521535,2.828579693,0.548286894,69.64044333,81.77010743,70.19559904,81.98954765
2026,884579.617,33170.37331,851409.2437,872419.001,56682.99053,815736.0105,338156.525,61636.21261,276520.3124,0.3394653299,3.226199944,0.9178087645,23.3550339,80.94168654,23.60776277,81.16832464
2027,752609.2802,43413.26045,709196.0197,841333.2686,62277.73059,779055.538,273389.9185,70330.48439,203059.4341,1.259567464,3.259535566,0.7959200161,45.69314624,62.07959457,46.38469928,63.13233604
2028,998944.2209,55631.52858,943312.6923,832328.8122,51082.93724,781245.875,265631.211,47939.85825,217691.3527,0.4938793421,1.458156173,0.7497972744,19.0300754,74.68415126,19.25583194,75.1234129
2029,141129.3285,47340.27317,93789.05532,207111.4823,46920.13244,160191.3498,261142.5492,51958.35479,209184.1944,1.86043169,4.09922935,0.6664939683,66.62536649,53.48760099,66.80808623,55.33903815
2030,129027.7985,54813.50759,74214.2909,183116.6735,53343.02245,129773.651,257991.203,55302.46006,202688.7429,0.419005298,2.259559461,0.7926634745,21.47850637,2.864544583,21.8826921,2.754093986
2031,123737.4571,42830.50067,80906.9564,156463.7891,58344.94201,98118.84713,229209.0845,53190.82617,176018.2583,0.7785212737,5.918505405,0.6953674596,44.56058159,92.03671868,45.24486871,92.40799555
2032,222902.2411,41661.63179,181240.6093,251372.8408,51815.56007,199557.2808,214830.9921,42514.34169,172316.6504,0.8368368064,2.492407284,0.6689488966,65.3145192,47.18649276,65.56500027,46.3880223
2033,131396.4985,42112.52046,89283.978,214706.0058,54869.42427,159836.5815,150741.6879,46161.8885,104579.7994,2.565755058,1.432359107,0.7074204219,97.2874645,28.1517942,99.60748629,29.24751221
2034,40639.42777,62842.20133,-22202.77356,50895.63539,55766.68024,-4871.044853,175171.5319,47877.32877,127294.2031,0.5956930446,3.340797945,0.6208836437,13.7235467,3.445318784,14.24151504,3.739527894
2035,60312.34791,52775.03291,7537.314994,48948.69224,56363.31718,-7414.624936,185842.3898,66924.48963,118917.9002,0.6653222403,1.700130897,0.9458032959,12.40837957,28.59083415,12.82257405,29.11150354
2036,711411.0846,56149.05391,655262.0307,749906.5683,48707.20243,701199.3659,266453.748,62887.90996,203565.8381,0.4705196534,4.386494586,1,6.979482821,92.97290928,7.439503479,92.8740673
2037,917625.8262,50150.64795,867475.1782,937532.2431,51202.12666,886330.1164,251818.1966,52426.69483,199391.5018,2.004934106,4.125488229,0.8173964732,70.71754392,7.07436514,69.74767652,5.319623564
2038,189704.9294,50569.11369,139135.8158,175942.1987,47799.23338,128142.9654,268448.8449,50557.93484,217890.9101,0.3955252014,2.703419009,0.8135029286,58.33360545,66.00270485,58.42333564,66.38791736
2039,223170.3339,37847.59665,185322.7373,121398.4427,47613.73138,73784.71133,226905.5864,42237.10892,184668.4775,0.3790712076,3.249508569,0.6555535133,36.48398307,60.43277125,36.42288604,60.80688638
2040,656425.6067,37363.46449,619062.1422,614822.174,63771.25885,551050.9151,282023.6857,42210.82808,239812.8576,3.628879917,2.968597553,0.9474483914,82.61727577,31.26400782,85.06431898,33.94369977
2041,253914.401,58472.42724,195441.9738,129857.6194,42481.68023,87375.93918,218835.7873,42170.45431,176665.333,1.253552988,1.927665496,0.5805964712,85.35359333,55.77408896,84.10629803,55.89918705
2042,780755.9482,50472.82349,730283.1247,582326.3853,51333.46353,530992.9218,315147.4046,57666.43875,257480.9659,3.055643968,1.683828787,0.7545783908,88.77278623,41.09244742,91.70402073,41.95547951
2043,923671.6379,54475.82756,869195.8104,836690.134,39353.58387,797336.5501,359316.2787,50092.11959,309224.1591,0.4734119858,2.095717576,0.6380996801,3.05810407,57.6282485,3.531437151,57.61960542
2044,48331.19521,47592.50869,738.6865261,53961.35835,51851.36177,2109.996587,103001.7836,49299.73215,53702.05147,0.7568184396,5.410945101,0.6913535743,95.29998572,80.30344859,95.61948466,80.98952043
2045,219770.474,60561.33721,159209.1368,167619.7556,58379.62941,109240.1262,187120.6653,48704.10763,138416.5577,1.643079929,1.994595165,0.8620312725,2.014188687,65.77740945,3.584492328,66.26099825
2046,685191.7605,58308.56445,626883.1961,817121.1934,50911.72041,766209.473,308704.7134,46037.62556,262667.0878,0.8538251976,3.004955306,0.8513468816,1.24698989,84.36070163,1.912767664,84.89526447
2047,234830.4255,64631.82813,170198.5973,225427.6659,53793.9911,171633.6748,242010.9606,59302.60829,182708.3523,0.7030425875,2.032325368,0.5490228419,97.07512417,45.2630234,97.50409709,45.8200253
2048,157793.0142,47851.79555,109941.2187,149577.6464,50923.29228,98654.35414,202731.4497,50648.58445,152082.8653,0.8690882612,3.516545226,0.7719969939,31.47512066,62.24536459,31.72049326,63.07909518
2049,57197.76255,65079.52161,-7881.759056,77087.86294,61217.82506,15870.03788,102184.4505,38408.76694,63775.68359,0.2439642492,3.339558396,0.6738277599,57.51821555,22.12947632,57.74010108,22.02805953
2050,39420.62049,47468.39988,-8047.779397,35498.34503,46018.75921,-10520.41417,148739.7775,53568.66767,95171.10983,0.6088354833,2.558263484,0.5271634264,46.94901484,94.5130722,47.41038025,94.91034114
2051,129022.103,54825.94626,74196.15671,197985.2515,60571.01373,137414.2378,193796.1465,56786.29526,137009.8512,0.4944679308,3.419113385,0.6000915976,91.62740671,53.69351609,91.9591282,54.06020313
2052,771325.8534,48984.41601,722341.4374,748380.232,52640.77518,695739.4568,330976.2518,51568.34757,279407.9042,2.481187915,1.2762621,0.8664439837,36.00629975,65.93953949,37.52772024,63.97954633
2053,841521.5002,65282.83772,776238.6625,563339.8063,60335.40664,503004.3996,253122.5538,48796.46103,204326.0928,4.614303499,2.269856975,0.7622985308,84.59765176,59.18978204,87.17001675,63.02054372
2054,59489.42198,54962.32184,4527.100139,46143.91421,55246.34298,-9102.428773,118561.9287,43835.92973,74725.99892,0.7826916337,1.768158178,0.743151517,89.73236766,23.24121358,89.71879408,24.02378751
2055,697245.857,54775.05484,642470.8021,676037.8151,50955.64404,625082.1711,297181.656,42320.53037,254861.1257,0.5011521279,1.966624834,0.6041325871,54.10234541,46.70650149,54.38977752,47.11703314
2056,1115374.743,45853.72716,1069521.016,759442.4312,56132.70501,703309.7262,270877.5169,55507.22969,215370.2872,0.7777203383,2.432150402,0.8414045255,73.2917755,4.307725462,73.40464547,3.538239079
2057,53956.67163,61173.87789,-7217.206265,31363.68996,51804.99671,-20441.30676,119300.5466,49744.66515,69555.88142,3.276710888,1.854986384,0.7577292291,23.30342077,87.60026933,26.35233717,88.80066218
2058,204227.8326,62172.73982,142055.0928,125050.341,46324.45298,78725.88805,181194.1981,50129.63969,131064.5584,0.7283526393,2.26821774,0.9095110459,75.96389626,98.0238491,75.50088786,97.4616029
2059,790560.831,44383.33445,746177.4966,617672.1828,55795.24742,561876.9354,315994.6817,52933.83492,263060.8468,0.6009948873,2.853577166,0.6705422755,44.88482281,86.78316467,45.32679166,87.19042182
2060,744596.9348,63664.85506,680932.0797,775094.5442,47721.71007,727372.8341,267971.1581,60127.47022,207843.6879,1.11771225,2.998253525,0.8431417991,29.61806355,74.77778306,29.39270885,73.68302467
2061,206261.0876,53940.61589,152320.4717,170556.9273,49937.50731,120619.42,235692.5338,55319.54704,180372.9867,1.161752213,4.030423352,0.8787603687,98.27206776,9.498028834,99.2586398,10.1114975
2062,194471.8793,60979.23895,133492.6403,139266.6693,37160.78366,102105.8857,188585.664,42683.79033,145901.8737,0.7989244986,3.687135511,0.8051951278,49.54974529,24.81459635,49.44152902,24.02303486
2063,868284.6292,57309.767,810974.8622,789878.318,57363.0654,732515.2526,256583.3222,49373.27336,207210.0488,0.4306927075,2.325335629,0.9032380868,10.28633503,3.664498443,10.67883403,3.841813828
2064,65184.32423,58664.3179,6520.006329,68597.13531,60832.9756,7764.159715,182589.6976,42073.11128,140516.5863,2.024683883,1.571230947,0.6103221739,51.67561478,69.33471658,52.77765968,71.0331988
2065,114879.6229,63291.32709,51588.29579,151060.6353,58102.29488,92958.34042,174930.3246,50287.26342,124643.0612,0.4793435303,4.730817539,0.8852676398,46.33973044,68.12066022,46.75553001,68.35915748
2066,814078.1893,60881.9526,753196.2367,673459.2293,46405.23044,627053.9988,287044.7519,45026.8206,242017.9313,0.3694950822,6.43301894,0.7460263829,41.2233541,9.424147515,41.56960738,9.553125338
2067,64579.51923,53166.29608,11413.22314,48739.52353,56411.7937,-7672.270166,121431.8355,42557.98625,78873.84922,2.286777446,2.316441292,0.6926810178,46.64390151,35.30572729,44.5972315,34.28568174
2068,228309.5464,50759.78797,177549.7584,183276.8279,54369.31886,128907.5091,189910.7276,49752.67327,140158.0544,1.52256312,1.517985668,0.7003058606,71.59131975,23.2570233,73.10261803,23.4418907
2069,62310.65117,59351.99377,2958.6574,33253.32599,42222.82269,-8969.496703,192731.7309,39479.96808,153251.7628,0.5010604037,1.678988809,0.7709800907,89.21697194,18.14950802,89.69690303,18.2934791
2070,47466.45604,49147.25003,-1680.793985,32621.60063,41601.57014,-8979.969517,218609.7543,60782.20039,157827.5539,0.5126319643,3.469737792,0.7783206096,25.85809156,10.70469649,26.36692859,10.76695727
2071,747911.9193,50789.36407,697122.5552,733722.6047,48117.21734,685605.3874,235351.1636,47963.99009,187387.1735,2.081613379,2.702780615,0.8217144278,3.053246112,96.40297308,4.850678762,97.45290171
2072,772586.9546,59918.78267,712668.1719,957860.6879,41490.66708,916370.0208,258542.5446,49998.0511,208544.4935,1.180384193,4.039812031,0.9467642158,56.60671918,40.45175109,57.66216199,40.98028427
2073,49744.0547,50900.60237,-1156.547665,51262.16324,59656.68692,-8394.523686,159693.3478,49096.5739,110596.7739,0.612541486,2.416796336,0.7815425936,57.4238797,2.257473723,58.03557937,2.289576317
2074,199691.6839,66734.98693,132956.697,195592.5605,51879.74985,143712.8106,173955.2235,47000.38793,126954.8356,1.8595422,1.967543914,1,20.45380977,91.01155201,18.83346044,91.92389254
2075,179880.108,59000.18233,120879.9257,120748.0626,58902.73016,61845.33244,233479.9471,53173.10845,180306.8387,0.9812102858,2.528975517,0.8821218661,79.09406285,94.54161452,79.99814591,94.92293779
2076,898388.2443,53508.65387,844879.5904,787282.3151,47765.84612,739516.4689,242922.9885,43749.56321,199173.4253,0.6514940124,2.500295285,0.8393769352,19.10057669,48.91963509,19.34807356,48.31698283
2077,746857.8555,59473.88925,687383.9662,882433.1049,53362.52448,829070.5804,294976.7958,55290.49905,239686.2968,0.5080529955,5.17505541,0.8226832014,36.48929231,36.55587116,36.86729473,36.89532958
2078,971628.9412,60988.62895,910640.3123,754385.6933,46907.97533,707477.718,317671.7496,54153.09352,263518.656,0.8047394932,3.838701631,0.956456708,95.06312675,3.128487579,95.8297455,2.883740051
2079,834720.8961,48440.3609,786280.5352,673094.0748,48282.46081,624811.614,271640.3585,58447.08594,213193.2725,2.192155754,4.248682423,0.5982559872,89.8764211,74.55797631,92.0653635,74.67662707
2080,49105.19112,49003.96882,101.2222965,54545.81406,54863.78751,-317.9734474,184019.1407,47321.84779,136697.2929,1.885819399,2.365339172,0.8298647739,30.97157639,36.61246768,32.67903894,37.41302152
2081,53451.1287,48913.68669,4537.442017,54372.06787,56295.83909,-1923.771218,156522.5049,53832.58502,102689.9199,0.7146502322,2.356167152,0.8454490559,5.187060457,34.79833806,5.830315072,35.10970353
2082,692672.5115,59523.20749,633149.304,809238.3361,44874.25738,764364.0787,195183.8558,43644.6318,151539.224,1.094455167,3.09417318,0.7171282537,63.22463001,27.59496779,64.24803312,27.98288295
2083,123716.539,64167.38605,59549.15297,210069.1288,53179.97636,156889.1524,241352.9274,46124.42665,195228.5008,0.2342441521,3.835668797,0.8113931764,91.34054984,8.281422322,91.47887762,8.470461331
2084,239966.1338,54238.55513,185727.5787,208029.0842,45119.57925,162909.5049,141522.9064,39089.95702,102432.9494,1.61458982,1.901170337,0.7817331638,54.8231385,7.012444922,55.98459241,8.134017524
2085,36732.15063,53537.334,-16805.18338,48675.82386,58116.51906,-9440.695197,135242.1304,50856.58877,84385.54166,1.096599024,2.854198008,0.7142484839,15.40608151,40.95517389,16.50089826,41.01766945
2086,178039.0989,60946.65838,117092.4405,220421.7866,50425.65038,169996.1362,200781.5311,51575.09076,149206.4403,0.2112111164,2.74141217,0.9316617916,59.43313383,96.9418233,59.25522968,97.05566638
2087,60266.03448,55220.42414,5045.610334,51887.70511,60271.65394,-8383.94883,152475.5032,46111.48331,106364.0199,1.386653048,3.238291422,0.7287735832,89.43574751,70.97781908,90.3812141,71.99216596
2088,815173.2247,51290.33684,763882.8879,774128.0511,49024.54631,725103.5048,227816.3052,46393.61033,181422.6948,1.329906103,2.904621029,0.6707821854,47.57537173,2.35432535,48.88656517,2.576635938
2089,239665.1797,57482.75364,182182.4261,250813.9261,58203.68702,192610.2391,175236.1499,54135.05759,121101.0923,1.458536939,3.431120981,0.9945890667,98.53753212,69.82887718,99.12419535,71.16422592
2090,59885.3389,62087.5866,-2202.2477,56032.76561,50198.77731,5833.988292,87458.26227,46196.16415,41262.09812,0.2365432304,5.878270344,0.5221659337,34.96570733,81.92936508,35.13523341,82.09433055
2091,854635.441,56478.11592,798157.3251,696882.7608,40395.66028,656487.1005,198427.9796,34677.19991,163750.7797,0.7272456046,4.949573002,0.7681120419,10.41267151,34.63080886,11.10066127,34.39510513
2092,252284.1552,39372.53857,212911.6166,168209.4936,46776.89291,121432.6007,239993.5689,51838.9411,188154.6278,3.123708204,4.969256657,0.7971327294,19.08373207,82.67160757,20.1335578,85.61361689
2093,68388.51946,52020.8895,16367.62996,40843.7148,54431.1831,-13587.4683,159474.9847,53191.96419,106283.0205,0.621358385,2.856432185,0.7378128696,85.51814116,86.69044707,85.90110802,87.17975539
2094,899681.0059,61403.18954,838277.8164,664820.8999,51801.0199,613019.88,292752.7827,50436.12247,242316.6602,0.8097282201,3.210482285,0.7231390307,71.69207326,71.69495177,72.49540769,71.59339596
2095,691204.5792,57393.90012,633810.6791,749737.6606,47926.29927,701811.3613,323639.165,57953.14606,265686.0189,1.97094902,2.149359923,0.7904934502,24.91414815,76.72560323,26.14467933,75.18598216
2096,197799.5931,52166.69648,145632.8966,148113.0872,49143.2826,98969.80456,273736.0794,58230.53206,215505.5473,1.023781044,2.259225276,0.6872685364,53.11189322,78.56237708,54.08635968,78.24846191
2097,68686.83871,65479.65669,3207.182016,69487.38436,54022.18572,15465.19863,111021.0578,47200.20966,63820.84811,0.09893452709,3.049047937,0.771793636,89.09958133,58.53743715,89.18456001,58.58809942
2098,868076.9392,48779.68988,819297.2493,614257.7622,45781.28978,568476.4724,272888.7261,37963.8127,234924.9134,1.908763724,0.7852827318,0.7775206268,36.53117294,43.30365953,36.30848531,45.19938872
2099,850924.3378,63492.20331,787432.1345,726132.5019,48768.74635,677363.7555,261474.8178,51517.60861,209957.2092,0.5703801344,4.866204444,0.5311841553,4.18072407,83.05204443,4.666854274,83.35039142
2100,62267.87117,58847.04565,3420.825523,43453.71149,60706.69059,-17252.9791,210104.2021,50866.46335,159237.7388,0.3459928766,4.604409243,0.70421619,64.09281446,80.85220884,64.43716089,80.88592244
2101,788248.1794,46277.03557,741971.1438,777871.7741,50602.32694,727269.4472,282555.9354,57993.63393,224562.3015,2.210922686,1.35992457,0.6761070115,97.83688425,23.34711056,99.4303872,24.87973168
2102,54596.81819,55955.85603,-1359.037833,49010.31099,48918.91118,91.39981105,124222.6452,47203.00194,77019.6433,1.213271962,1.209662632,0.7174117197,88.05783199,15.42117521,88.82070727,16.36459991
2103,45592.93064,50107.59869,-4514.668059,41907.43602,47589.3366,-5681.900573,87378.63226,44350.43568,43028.19657,0.5260362647,4.200968743,0.8334664946,30.63523,10.50475864,31.0599957,10.81506213
2104,226729.8294,61245.61907,165484.2103,162156.921,49887.28238,112269.6386,232134.0678,59355.99566,172778.0721,0.832859688,6.427278632,0.8055778686,56.55970392,67.67375849,57.37799156,67.82887326
2105,45309.42089,39465.32087,5844.100013,54386.24747,58260.00762,-3873.760144,144153.2302,55708.09544,88445.13472,0.9709430447,3.662884942,0.6974485704,8.38811866,52.06214887,9.214370052,52.57208909
2106,163351.6762,49816.95727,113534.719,146464.0182,44087.49195,102376.5262,138711.5526,42865.35982,95846.19278,0.5946510701,1.756366783,1,40.49095668,67.5023656,41.06721464,67.64911934
2107,32843.30325,42886.30336,-10043.00011,51237.19252,52064.14239,-826.9498724,115609.6261,48790.76327,66818.86285,2.342091869,2.517821314,0.6838194305,0.6967171591,1.551510605,2.827347093,2.524038448
2108,823208.4879,46697.72403,776510.7639,663245.4158,49069.76562,614175.6502,269174.9548,38716.15956,230458.7952,1.132964658,1.781649572,0.9859982663,24.86526637,86.24623707,25.99526563,86.16431887
2109,965618.3537,58582.13008,907036.2236,945192.5647,46840.04092,898352.5238,255111.7633,45989.31542,209122.4479,0.4155784267,3.009643989,0.9236995926,17.42643665,50.00075587,17.26901051,50.38536273
2110,222034.5706,54966.30786,167068.2628,147433.6207,41308.62263,106124.998,143832.6824,49805.66837,94027.01402,0.4395667301,2.418387841,0.6479318457,3.300859793,53.96717433,3.603380687,53.64826992
2111,220371.9776,60598.93228,159773.0453,205410.6963,64560.16788,140850.5284,275879.7415,42494.90718,233384.8343,0.4015456501,3.334535346,0.7241700294,19.68597338,66.68318072,20.08735129,66.67157524
2112,151388.1241,54025.49704,97362.62703,199432.7504,49830.90326,149601.8471,182656.3841,52569.72772,130086.6564,0.3221397509,1.600123411,0.7955167129,31.94812433,49.91417008,32.20542668,49.72034149
2113,181046.1017,56245.57615,124800.5255,197053.3925,53570.44652,143482.946,114222.8708,45576.3452,68646.52555,0.3646649042,1.255523519,0.7534966949,45.85595716,1.141790326,46.18467915,1.299658454
2114,191870.8484,41215.64688,150655.2016,138210.1428,54760.5385,83449.60427,153332.7734,45690.37116,107642.4022,0.7804708642,1.681167495,0.9410697094,4.229090451,54.44230749,4.313287825,55.21822345
2115,22707.51329,47865.52814,-25158.01485,24619.04857,46015.389,-21396.34043,102014.5126,43528.19177,58486.32085,3.599291035,2.136382313,0.7363086028,30.8309261,83.56492994,29.22539275,86.78628968
2116,800160.7195,42738.35216,757422.3674,632685.6781,57189.8303,575495.8478,364924.7821,41744.29513,323180.487,0.7222196689,1.591411344,0.6517889103,93.68499872,43.03116747,94.30690852,43.39835878
2117,323433.1123,69013.19689,254419.9154,146812.7101,45693.21925,101119.4909,205193.7753,46719.40756,158474.3677,1.266386143,3.995364525,0.8650716407,85.17715499,57.65701357,86.43576309,57.79715462
2118,64379.26926,54331.53652,10047.73274,36173.81961,46791.48169,-10617.66208,100958.5159,64649.72166,36308.79419,1.682183545,1.940643949,0.7890839471,47.59599148,94.00408603,49.23528269,94.38153243
2119,267200.2535,47859.3694,219340.8841,193446.1697,43767.80622,149678.3634,230983.3444,62924.00343,168059.341,0.4591443339,2.652877745,0.9649476709,82.7595812,7.951314529,82.47654575,8.312845237
2120,184054.7103,61956.93814,122097.7721,181176.4036,50763.18759,130413.2161,133251.1833,42808.16523,90443.01807,3.492887658,3.14779786,0.9115019143,21.11903601,87.16922667,23.7983936,89.41005399
2121,69176.57615,58166.0642,11010.51195,64223.48068,50667.80732,13555.67336,85945.66915,64077.39882,21868.27033,1.989264105,1.029527329,0.7363098746,66.82483478,19.79983825,67.48818745,21.67524085
2122,892124.6394,47414.42754,844710.2118,744979.0549,46560.57363,698418.4812,344317.2431,58583.04899,285734.1941,0.6499739708,7.013468999,0.6951781308,2.496887282,21.19352264,3.013295699,21.58822317
2123,227047.6125,57626.28407,169421.3285,167756.629,50657.86453,117098.7645,184402.6313,37084.96107,147317.6702,0.4870044247,3.108504052,0.9592751416,48.70754402,83.40297092,49.18999436,83.33652556
2124,51210.73283,50293.47598,917.2568491,54644.69605,57713.39437,-3068.698319,140161.6779,52778.72901,87382.94887,1.389787805,2.016686284,1,32.99324252,98.2904625,32.12775431,99.37786321
2125,236153.8592,41998.47998,194155.3792,148469.8197,35612.7722,112857.0475,195195.1427,58912.74544,136282.3973,0.529460194,1.518531702,0.9437762271,38.57405904,92.35201985,39.05823338,92.5662704
2126,43312.87735,51526.57119,-8213.693838,49228.23804,50491.65559,-1263.417549,153539.0799,42612.57181,110926.5081,0.2954287764,1.543044048,0.8386959598,20.39501968,4.455676794,20.47126191,4.741098034
2127,920532.5552,68840.33507,851692.2201,610357.7177,50932.3485,559425.3693,247558.3463,54586.48654,192971.8598,2.283235367,1.888677452,0.7127864249,40.15967064,41.50444466,41.59356042,43.28127438
2128,672936.4758,42509.04592,630427.4298,845737.0018,51918.68328,793818.3185,293586.6048,53612.98164,239973.6231,0.3200260175,7.825962188,0.9633429072,24.07261971,79.30325787,24.36538654,79.43250273
2129,861391.0615,36959.2635,824431.798,640166.5641,49208.21391,590958.3502,222654.9378,55629.51003,167025.4278,0.6992310879,1.788246242,0.8998556978,15.58933448,70.78112484,15.94215655,71.38481408
2130,819976.9143,62356.97538,757619.939,780521.2254,45571.61788,734949.6075,265528.233,53280.1539,212248.0791,0.7272773201,3.291328448,0.7651730312,3.690861361,68.26061451,4.088461963,68.86958583
2131,874865.8926,64764.87738,810101.0152,718953.1174,47907.01792,671046.0995,288422.6498,47544.28513,240878.3646,1.394605753,2.145027164,0.6373646355,79.56866352,32.20732737,80.60993753,33.13505236
2132,206078.1374,63595.92185,142482.2156,172750.4633,50681.74052,122068.7228,167348.7526,49207.72836,118141.0243,1.036504614,1.15831977,0.8443281911,26.50515322,19.64427204,27.15648279,20.45056704
2133,57774.80686,55839.37514,1935.431711,61877.07954,54522.91531,7354.164234,150591.2184,37091.32032,113499.898,1.345169848,3.588156196,0.9319382422,46.49282926,87.76459896,46.59230445,89.10608567
2134,780584.6995,57251.05721,723333.6423,612489.1227,59917.60409,552571.5186,285031.7389,68001.80258,217029.9363,1.159611681,1.880407293,0.9126270764,59.82831139,98.9546184,60.73257324,99.68057278
2135,794354.9035,55276.65375,739078.2498,730389.1617,52294.81769,678094.344,224682.4962,57525.74044,167156.7558,0.1163727008,2.590649414,0.7252904126,53.19724585,6.6628311,53.31170094,6.683870041
2136,56245.82083,62556.23158,-6310.410753,32910.56742,37231.30494,-4320.737516,127845.451,62263.44822,65582.00273,1.447877611,3.837328304,0.6306589828,95.77100895,42.65915888,97.2156132,42.56185454
2137,62158.4865,60870.86862,1287.617881,78541.90322,52406.43483,26135.46839,140205.9038,47903.50794,92302.39582,1.06757947,1.531134551,0.8349188496,96.85994709,27.47016112,97.92173095,27.58125094
2138,248161.265,53219.56932,194941.6957,58885.36121,63015.72219,-4130.360981,280266.3021,49463.43124,230802.8708,2.407889961,2.946046505,0.5717901777,84.88844846,5.651004582,87.29543218,5.584948364
2139,217060.2803,62519.40563,154540.8746,167551.637,52672.4193,114879.2177,150661.4527,44382.11097,106279.3417,1.080011956,3.059123768,0.9430542716,32.99684412,27.40815076,32.49413097,28.36403011
2140,583491.8886,43844.11697,539647.7717,584150.3622,52859.61247,531290.7497,271749.5987,42248.97795,229500.6207,1.223046384,6.580277145,0.9308788456,1.049656899,30.49816872,2.25211237,30.27468875
2141,175301.9484,59528.20033,115773.748,145631.7329,47669.72849,97962.00445,249596.9055,53544.69185,196052.2137,0.8119769589,2.767337884,0.6216747517,89.20621831,72.15174613,89.56725028,72.87904421
2142,258450.7472,50420.52061,208030.2266,188137.0704,54167.41528,133969.6551,220152.7023,47261.34815,172891.3542,0.3938754444,3.007514845,0.8864213717,23.10753311,72.69962173,23.39684199,72.96690106
2143,961826.4886,63294.19413,898532.2945,824147.695,49074.54182,775073.1532,249160.5139,45710.3541,203450.1598,3.010575594,2.065227514,0.9060675103,95.22420599,8.948293374,95.91924459,11.87754017
2144,51507.97628,58885.03814,-7377.061858,35801.54993,41880.86376,-6079.313827,168599.4838,53315.18237,115284.3014,1.303299504,2.923930844,0.8985475964,67.65097198,69.73507146,68.13987269,70.94319633
2145,963481.8046,63410.09278,900071.7118,918194.4219,56025.84672,862168.5752,286490.9644,47587.1957,238903.7687,1.522436922,0.8659698061,0.9926365732,92.99607383,51.06774121,94.17982651,52.02510414
2146,52210.12435,58779.17497,-6569.050623,32304.32544,40022.6874,-7718.361967,79211.78088,49029.59707,30182.18381,0.9266371555,5.195793723,0.6570860667,25.65628084,94.26683988,26.36787802,94.86037662
2147,774604.7321,64847.16043,709757.5717,646995.5688,44328.07805,602667.4907,290490.4245,52732.69432,237757.7302,1.830793487,2.045308236,0.737681245,35.59165318,56.52277489,37.28471869,57.21943402
2148,47104.52714,51738.01286,-4633.485724,52446.23104,50486.29414,1959.9369,91567.38819,56333.22067,35234.16752,0.8905219978,3.715262474,0.6828356618,50.13150903,46.34242535,50.66520965,47.05530197
2149,813166.7709,59958.02395,753208.7469,798100.0327,45229.7036,752870.3291,268534.9088,56211.84906,212323.0597,0.5993028964,3.235779601,0.9371096347,94.97683117,31.59960302,94.47125327,31.27780347
2150,213186.2856,69145.82142,144040.4642,180981.2139,54130.00053,126851.2133,184201.4995,51048.77968,133152.7198,1.97298336,1.733362345,0.7320173123,80.54557213,50.50272437,81.3622712,52.29873828
2151,79803.1055,72152.12099,7650.984515,60356.37297,56779.31267,3577.060301,162751.9486,51198.80096,111553.1477,2.316891332,2.173544533,0.8450032387,35.11996998,69.55369035,37.26981435,70.41749278
2152,293688.0422,55860.24482,237827.7973,142723.3493,39360.81658,103362.5327,193886.0799,39466.3283,154419.7516,1.386457788,2.209983078,0.8421635245,57.79516534,31.14573085,58.40959543,32.38860689
2153,32439.23702,41329.86579,-8890.628769,69419.29625,54589.74728,14829.54897,137460.8973,42245.63819,95215.25916,0.1618597558,2.03603262,0.7891519733,36.78646972,64.44532793,36.94777496,64.45871448
2154,649224.1125,68657.79555,580566.317,756928.9652,58724.29928,698204.6659,314717.7984,67025.99039,247691.8081,1.68290543,3.444915738,0.9311203356,95.36548121,61.12873014,96.18321572,62.59960775
2155,950469.7547,60440.24422,890029.5105,673044.8782,55702.94892,617341.9292,252704.1925,39461.03336,213243.1591,0.9746495909,1.537761444,0.7911412582,11.70219258,14.80875412,12.67646642,14.78169269
2156,48837.38647,61343.7485,-12506.36203,54806.96943,54081.41494,725.5544804,172083.8239,50152.04696,121931.777,0.7301744911,4.565330698,0.6678339886,63.51619187,59.20692523,63.62572838,59.92883696
2157,212825.5295,51605.88407,161219.6454,187764.5582,55857.86033,131906.6978,208602.0405,41471.25257,167130.7879,1.049464069,2.223993465,0.831889235,89.97141077,10.19331949,90.63583057,11.0056748
2158,50733.80059,58345.74658,-7611.945996,32362.27001,48960.28911,-16598.0191,154170.2079,49700.00729,104470.2006,0.2954551904,6.045293592,0.7828615626,33.94144659,91.34499889,33.65982478,91.25565166
2159,1040640.088,65790.32258,974849.7657,743664.0262,53551.08785,690112.9383,243033.9345,39427.61693,203606.3176,0.6133058882,4.910865592,0.7107963412,54.57746617,51.58234184,55.18366184,51.48922409
2160,190392.4159,47059.90685,143332.509,214107.1678,70785.57645,143321.5914,221388.9309,55465.84505,165923.0859,0.4555245245,1.648287293,0.8465398391,59.25347469,24.88540389,59.48896294,25.27533706
2161,593276.6431,51924.003,541352.6401,710206.6274,53126.15173,657080.4757,292179.609,35034.82203,257144.787,1.229502757,2.065434016,0.8748604519,50.41125092,32.6141762,50.90201086,33.74148792
2162,23434.82424,41183.89421,-17749.06996,70394.31618,61955.51399,8438.802195,185790.3363,54501.03607,131289.3002,2.165020323,1.913132765,0.7745111515,11.16696832,45.44281238,13.31965568,45.67357222
2163,46084.28985,42133.0668,3951.223046,44093.9859,51629.15191,-7535.16602,204596.0601,39350.84125,165245.2188,0.7233579829,2.187682956,0.7908106456,79.10880864,62.19860606,79.66071272,61.73100724
2164,807329.9919,57459.27166,749870.7202,835585.0348,49760.3307,785824.7041,306385.6753,48040.65173,258345.0235,1.60676029,2.153387781,0.8549059347,51.3809507,94.11055084,52.98309559,94.23224885
2165,48261.76862,65595.10223,-17333.3336,35758.15531,45763.28746,-10005.13215,143408.8148,49964.68639,93444.12841,0.3305197986,2.386155592,0.8655478875,3.494177459,77.65390645,3.816060317,77.72897151
2166,150437.6115,56158.85701,94278.75451,198911.2609,44851.46351,154059.7974,207287.6463,53160.07926,154127.567,0.4688115619,2.778058829,0.848557775,96.85716936,15.40893331,97.16231781,15.76483878
2167,168213.91,54904.75404,113309.1559,196120.1621,61761.33612,134358.826,247352.3182,52634.01514,194718.3031,2.845478665,2.998083866,0.5235902293,44.83017111,27.16977493,42.67439219,29.02702183
2168,62098.04997,59779.59086,2318.459115,56249.75606,55166.688,1083.06806,176692.7225,59161.76886,117530.9536,0.4779846344,4.814765339,0.9254326287,83.45577974,2.416441982,83.66210689,1.985282593
2169,46425.823,63535.89215,-17110.06916,41174.95429,54393.72979,-13218.7755,158061.1024,56011.84255,102049.2599,0.2923542503,1.620243383,0.6998424379,96.1325333,57.5365474,96.17637052,57.82559637
2170,180418.1421,69662.73597,110755.4062,182930.5414,50113.17624,132817.3652,249281.6501,52990.23109,196291.419,0.398758044,0.8888787659,0.7919502403,78.08170621,85.37436761,78.44476247,85.53928618
2171,73992.6782,62739.01099,11253.66721,53427.71311,54025.51986,-597.8067461,130114.1898,49082.83364,81031.35612,0.6874306592,4.199330763,0.7156965358,44.99791389,75.48501219,45.52381973,75.92771294
2172,741547.0034,40690.4868,700856.5166,629720.1514,60656.10787,569064.0435,234839.7604,44198.63243,190641.1279,0.7190111771,1.061534687,0.800745605,35.86182149,89.04970527,36.27723618,89.63656787
2173,166714.3894,57400.30547,109314.0839,232435.6311,57846.71603,174588.9151,238359.6141,41778.44428,196581.1698,1.550020745,4.179083742,0.5599463677,24.81317093,32.82526885,26.36317905,32.83152374
2174,51571.94866,56996.89632,-5424.947661,27689.96982,38642.35617,-10952.38635,64813.08746,48772.3669,16040.72055,1.238841029,2.792726316,0.8224720527,83.62017844,43.40567943,84.37944807,44.38457509
2175,143865.3703,46825.36169,97040.00861,148928.2246,49336.48265,99591.74191,240454.2455,47984.93401,192469.3114,0.6697299466,2.369058677,0.8835190292,82.83124065,99.53997161,83.26223598,100.0525935
2176,843037.9713,50491.99246,792545.9789,751717.7546,65928.95708,685788.7975,226040.5168,49894.10555,176146.4113,0.4325002442,1.83863417,0.738271329,41.00008024,72.02818038,41.06397741,72.45593453
2177,969862.9431,50877.91251,918985.0306,949428.5757,54456.83754,894971.7382,314828.6737,53848.41094,260980.2628,1.150296759,0.879092928,0.8859776292,37.32814082,11.18651858,38.45429599,11.420948
2178,60135.50176,50861.99014,9273.511618,45381.81823,49882.31581,-4500.497579,232009.9923,59491.99279,172517.9995,2.95919853,1.657190188,0.8095808436,58.00664039,69.83967382,60.89429093,69.19288923
2179,255136.4684,57179.9487,197956.5197,174209.9774,43430.42731,130779.5501,212213.7962,40832.77211,171381.0241,0.1178214977,3.881565239,0.7492792106,88.81994258,44.21899938,88.9303873,44.26003436
2180,756397.7233,51108.14555,705289.5778,798166.896,50954.32215,747212.5739,173370.8097,44561.38365,128809.426,1.034766209,4.141326966,0.6028402014,45.37389718,69.00277367,44.75292842,69.83050485
2181,190538.84,44731.26127,145807.5787,127212.9668,48743.23288,78469.73395,263594.3358,52238.84138,211355.4944,0.9491633242,2.731628472,0.6778089267,16.22565869,79.69810017,16.38087399,80.63448643
2182,54150.75657,52085.85736,2064.899212,50017.83576,44702.65609,5315.179673,160009.251,53772.23204,106237.0189,0.9113456936,7.416299532,0.6947568934,37.7895203,95.01820684,38.56566486,95.49585796
2183,195540.6804,62948.86641,132591.814,171999.3766,41204.68922,130794.6874,208794.7422,46026.46069,162768.2815,2.439963427,5.70436583,0.8513298048,69.71093607,85.94860618,69.89420785,88.38167687
2184,259842.515,53931.97658,205910.5384,178421.8494,55459.82522,122962.0242,256589.8267,49941.82355,206648.0032,0.2804971865,1.552409053,1,42.14266985,25.37014735,42.42288098,25.38281207
2185,197511.1887,54335.321,143175.8677,153711.5979,54788.03412,98923.56382,194446.3336,51801.16231,142645.1713,1.473996886,3.116487464,0.8596160549,72.06998425,1.29070992,73.52121004,1.032619779
2186,50994.10817,36889.64655,14104.46162,52213.28054,49220.15712,2993.123413,93000.16872,53165.4604,39834.70832,0.5412112704,2.132741634,0.4493910485,97.26065879,67.46550688,97.76144462,67.67074623
2187,973456.0655,63115.83917,910340.2263,781884.4413,39787.04708,742097.3943,331530.684,54648.31166,276882.3724,0.7035601088,3.76934785,0.7807740769,93.69679491,77.39022531,94.20580957,76.904529
2188,211933.7825,47393.41495,164540.3676,197106.6906,51008.62437,146098.0662,289950.928,50593.87001,239357.058,0.4898178266,4.996779238,0.7118642806,14.95765877,27.06000533,14.95055007,27.54977156
2189,175803.7785,52788.57545,123015.2031,175686.8432,64105.60973,111581.2335,173748.7024,51025.84913,122722.8532,0.616429121,5.131255456,0.9006693363,26.55544256,96.66369084,27.07269742,96.99900007
2190,152516.8919,53164.50389,99352.38804,165684.8177,46743.13404,118941.6837,212994.7434,63397.07078,149597.6726,0.4009110691,3.794726143,0.7348259107,12.37289473,39.84363208,12.63920714,40.14331089
2191,180052.421,56699.25322,123353.1678,155052.8926,47513.81703,107539.0755,209305.0943,64080.34848,145224.7458,3.492700823,5.486829251,0.8372850325,18.42012954,60.15637347,21.81855116,60.96240667
2192,926577.1315,61875.93026,864701.2013,789205.4124,32330.23457,756875.1778,276714.8502,53272.42376,223442.4264,1.576333501,3.228200442,0.5768356623,16.07781974,87.77516264,15.79378606,86.22462977
2193,929149.0229,49933.83054,879215.1924,699205.3706,50193.13037,649012.2403,282106.9207,44224.76426,237882.1565,0.4564377651,3.38395174,0.6131559668,55.90509243,79.52775483,56.28972514,79.77350494
2194,862249.7122,52676.95626,809572.756,771037.4764,56128.56019,714908.9162,256158.1701,53899.86968,202258.3004,0.4664282009,6.126255541,0.7719446075,61.98048001,37.35011983,61.92701767,37.81347396
2195,206514.5537,43136.37401,163378.1797,120476.1457,51784.84313,68691.30253,196506.3051,40958.08365,155548.2215,4.228255406,1.079489474,0.7713075909,39.86687915,63.56914406,43.32302512,66.0049599
2196,191088.6698,57185.89764,133902.7722,62505.74687,40034.84632,22470.90055,228910.5029,47299.88526,181610.6177,1.747380213,4.971662457,0.5398152781,51.85445555,68.46997956,52.80112358,69.93870596
2197,53663.3,64511.4226,-10848.1226,48664.63216,52930.89746,-4266.265307,179958.512,67171.90365,112786.6083,1.506693834,2.937715983,0.7291349051,85.00905567,39.02835475,86.28564021,38.22806843
2198,43694.79663,48449.03854,-4754.241908,72199.47126,61003.22997,11196.2413,175441.8983,57131.23799,118310.6603,0.8680941517,2.93261667,0.413058495,86.56978401,0.2904046119,87.43293509,0.3829122783
2199,179454.0118,47354.90338,132099.1084,129081.7142,52424.44017,76657.27404,166075.0171,42347.03273,123727.9844,0.4042492917,3.751983331,0.8416081323,53.22601414,73.17521362,53.48042217,73.4893697
2200,726856.599,60321.59661,666535.0024,991520.171,52381.85833,939138.3126,325087.027,64001.97823,261085.0488,1.154234671,2.635507667,0.7379991082,45.61323224,97.7998424,44.93365514,98.7328122
2201,203831.4225,51993.59724,151837.8253,110790.0118,47155.35498,63634.65685,171846.0738,43608.57656,128237.4972,0.174680461,1.70365169,0.6900602116,82.52851742,16.83025032,82.67720834,16.92192514
2202,765325.2604,59266.50956,706058.7508,814928.3088,60550.68643,754377.6223,219815.7994,46896.69968,172919.0997,3.339071229,2.549587215,0.6571839149,25.09294292,67.76772451,23.37695097,70.63212119
2203,923947.0426,53093.1877,870853.8549,770571.6428,45073.90852,725497.7343,265240.4623,31227.72385,234012.7384,0.5794615391,1.781230755,0.9311749209,79.36628902,28.43660006,79.94222562,28.37278233
2204,674707.2172,35691.18154,639016.0356,856928.2281,51637.76257,805290.4655,214251.9134,44331.75886,169920.1546,1.2405122,3.210082219,0.6933603813,23.25394344,92.96114274,24.37555464,93.49110391
2205,306258.265,66672.84328,239585.4217,190887.478,63398.32695,127489.151,149207.771,50163.59231,99044.17866,2.166801186,0.8874357117,0.7713064098,66.17330666,63.46790341,66.93889379,65.4949465
2206,29068.38201,47322.90788,-18254.52587,43105.77067,43595.60652,-489.8358514,180166.8471,32970.46488,147196.3822,0.8940204027,1.89868366,0.6551904298,73.39720281,47.53560481,73.79530534,48.33609645
2207,25961.83795,43494.66787,-17532.82992,63392.45895,64269.95744,-877.4984943,174178.8505,63900.66316,110278.1873,0.9501222839,3.122978897,0.9282632456,75.05394478,58.97641044,75.93672942,59.32772743
2208,248874.928,53161.81548,195713.1125,219879.9178,60837.70356,159042.2142,189200.4191,57918.89323,131281.5258,0.535851603,1.801331939,0.6651684552,3.524617047,25.16268742,3.483716387,25.6969758
2209,190265.27,54991.78358,135273.4864,134780.3119,56701.31392,78078.99795,259808.5192,59697.72908,200110.7901,1.823833351,3.7257225,0.848591566,88.81929429,74.87215379,90.63252934,75.06848697
2210,872289.6241,54243.81353,818045.8105,896222.7518,61679.82076,834542.931,306689.5265,33923.17769,272766.3488,0.9740896823,1.610349283,0.737678589,54.07585594,32.07374373,55.0039708,32.36946914
2211,53092.28532,49751.31814,3340.967174,20032.19519,39074.95964,-19042.76444,74742.64216,48728.55757,26014.08458,2.189548392,4.484732515,0.7655224609,66.30521493,69.0292616,68.31214344,69.90468156
2212,52946.15532,44778.13485,8168.020464,46816.69838,43837.02907,2979.669308,91281.30766,59276.12591,32005.18175,1.486553815,3.492103054,0.5818005946,60.11441862,62.00024806,61.60096945,62.00322557
2213,205692.0851,57904.92768,147787.1574,204639.3173,50386.46276,154252.8545,206969.3729,56504.25274,150465.1201,0.7574207775,2.017596724,0.8141671878,36.7045086,11.75665163,37.04303205,12.43421204
2214,98480.3931,36556.83556,61923.55753,105633.6553,43604.08455,62029.57079,141133.6293,46131.45622,95002.17305,0.5431162792,1.90569201,0.9132558097,47.23652963,96.13848499,46.70838442,96.26512591
2215,865129.8069,46360.88747,818768.9194,695910.5651,45522.32954,650388.2356,320001.3263,38941.96637,281059.3599,0.6926603631,2.350536402,0.6753240181,67.80418034,81.51509613,68.03356854,82.16867048
2216,39025.69068,53354.49119,-14328.80051,23891.24679,40904.96926,-17013.72247,142127.6885,56798.71687,85328.97168,0.4916722379,2.535712467,0.7947333583,21.79014518,53.82061546,21.5491777,53.39204077
2217,604393.4073,54538.21223,549855.1951,836353.1022,61294.44404,775058.6582,345922.314,57437.31318,288485.0008,0.6288291826,3.306262386,0.8284977089,24.97581498,75.57776693,25.57717365,75.76159808
2218,176346.4264,39541.4865,136804.9399,185946.2297,51936.75125,134009.4785,188660.1613,56175.61191,132484.5494,0.7091259709,3.982859147,0.7093776347,63.27367595,70.24370048,63.72273372,70.79252355
2219,51464.18089,66733.06482,-15268.88393,54545.17749,55939.98908,-1394.811585,120922.5074,51226.55524,69695.95213,0.9596642971,2.956146171,0.6600872458,59.6289528,79.74024488,60.15227746,80.54466198
2220,776328.5404,66323.70319,710004.8372,897003.0124,43663.27757,853339.7349,317245.8847,42826.5618,274419.3229,1.765945414,2.995748507,0.8861750274,72.14510484,71.62568495,73.81316074,71.04589817
2221,836420.3812,39010.16115,797410.22,634222.7599,53357.31483,580865.4451,300509.0391,55890.22007,244618.8191,0.2256484713,4.520549989,0.9686292851,78.36911711,91.74657665,78.50596919,91.92598886
2222,970450.2386,51780.09158,918670.147,876661.6835,37334.98533,839326.6982,268194.4854,51731.41443,216463.071,1.240555215,6.849851314,0.8572539479,21.03034719,64.91043786,21.95072024,65.74223753
2223,44934.16781,57706.63604,-12772.46823,35024.80075,51775.97219,-16751.17144,152158.5418,45127.22028,107031.3215,0.3453782591,1.192172733,0.9574125091,68.21576096,62.92091505,68.4640393,63.16100671
2224,906477.1149,48323.79498,858153.3199,540398.7981,56828.23616,483570.5619,229322.8174,45658.46008,183664.3573,0.6017493699,1.704872549,0.8354966114,39.86785659,83.24562382,40.24633967,83.71344094
2225,66783.5686,52864.33286,13919.23574,61119.07517,53260.92692,7858.148256,133813.9604,61893.63109,71920.32934,1.205031663,2.407278766,0.778873343,9.116944548,3.225127218,10.26536895,3.590124079
2226,200461.6796,62168.92302,138292.7566,125725.2674,30689.20628,95036.06109,233547.8324,48945.89265,184601.9397,1.088744787,1.759335109,1,7.546312484,87.69260229,8.456882995,88.28944947
2227,932387.3893,50493.29524,881894.0941,840618.8103,51534.20057,789084.6097,230796.5378,53733.72192,177062.8159,1.78072599,2.180546661,1,65.07969858,41.35352902,66.48028518,42.45322999
2228,965920.7562,47392.51155,918528.2446,794686.1809,45389.76044,749296.4205,327388.6368,49798.97188,277589.6649,1.226168587,1.655341797,0.6920051246,51.18821184,93.88035214,52.08224203,93.04118623
2229,826427.228,53815.34175,772611.8863,870618.9117,46071.52993,824547.3818,240809.0374,47042.95012,193766.0872,0.6084467511,3.258873835,0.8415664477,88.02341862,63.6689619,88.18406063,63.08210451
2230,763366.6184,52234.2251,711132.3933,678039.6623,53065.68557,624973.9768,224723.0273,55913.23705,168809.7902,0.9970923587,4.970568557,0.9019886886,59.69500719,86.7877834,60.0258608,87.72838378
2231,46435.66682,47160.03466,-724.3678375,46069.78612,44736.70899,1333.077127,156159.8624,48913.29756,107246.5648,0.5940549843,4.45991365,0.8228520227,36.06114583,33.19038453,36.56927604,33.49812633
2232,211399.3913,58807.42346,152591.9679,178877.9097,63207.29947,115670.6102,256734.905,53285.24815,203449.6569,0.6402289572,2.60187631,0.7496112454,89.90205774,27.04936706,90.35954661,27.49724768
2233,1041676.262,61858.57566,979817.6862,623846.5369,59723.62699,564122.9099,254939.1986,57836.40201,197102.7966,0.6638659898,5.84752841,0.7803009023,68.49326225,77.3625853,69.1244115,77.15674877
2234,904505.8041,50922.88908,853582.915,706752.5821,52372.16037,654380.4217,307949.4535,48354.96265,259594.4909,3.193736294,1.615062186,0.8182976003,57.13328986,71.23237835,59.75776933,73.05228467
2235,46146.45884,59199.73656,-13053.27772,51712.67912,53809.60918,-2096.930055,155835.1882,38346.8036,117488.3846,1.091644657,2.654638281,0.7539650469,73.95736105,94.09954056,75.0310407,94.29677154
2236,36756.16599,49851.47495,-13095.30896,38294.8219,54488.07239,-16193.2505,43067.25359,36316.46056,6750.793032,1.524177722,2.017745555,0.5849216798,47.13294186,41.31991936,48.29241937,42.30922701
2237,618782.6422,54945.09667,563837.5456,739771.4319,36989.8723,702781.5596,334760.8702,53303.38233,281457.4879,0.3083572768,3.210597875,0.6573274886,92.62953143,38.73448333,92.68616224,39.03759579
2238,273132.7748,30932.48558,242200.2892,205442.6315,66302.23467,139140.3969,247271.182,58907.39099,188363.7911,1.370978393,1.647655004,0.6030960878,47.07349097,77.13661582,47.58355892,78.40917719
2239,49881.59492,65658.4224,-15776.82748,40942.4624,46410.51012,-5468.047728,122138.896,47046.50859,75092.38746,0.3186473383,2.670423901,0.8599788644,69.99620342,0.3040555354,69.91994168,0.6134424662
2240,754242.9254,60332.00256,693910.9228,841772.1705,51688.64525,790083.5252,397870.7697,47352.77765,350517.9921,0.7348491054,2.891469851,0.8007559372,44.87684319,86.83252517,45.4184553,87.32917347
2241,40852.65512,54531.47339,-13678.81827,58414.71838,59311.23601,-896.5176238,185293.1184,41840.45089,143452.6676,0.6302308353,5.379442323,0.8773538608,54.3502293,82.87142873,54.73614136,83.36968849
2242,815500.1129,45370.17902,770129.9339,1091036.828,57458.91574,1033577.912,245615.08,48898.53557,196716.5444,0.2569857619,3.605203751,0.7322373742,55.45419517,94.87431694,55.64477912,95.04671021
2243,163283.6649,52718.56688,110565.098,131920.7039,58462.43193,73458.27199,209044.9067,57705.97807,151338.9286,0.9264965296,1.057561085,0.6764743476,5.917929748,51.56292937,6.842226934,51.49912865
2244,163556.5662,38763.94074,124792.6255,202513.9101,46879.60821,155634.3019,200027.9572,51596.19264,148431.7645,0.7600857187,1.521279365,0.6602574021,36.23690231,18.29786981,36.98638709,18.17136739
2245,693998.0442,55853.65826,638144.3859,534666.5828,49001.31671,485665.2661,316618.9316,63297.59919,253321.3324,1.150937385,1.62694445,0.8795572852,53.61360769,19.14269539,54.44281299,19.94086544
2246,268714.9856,53223.19482,215491.7908,175921.1281,49840.87421,126080.2539,224243.1449,54344.04855,169899.0964,0.9756583976,2.175448033,0.6964920634,38.27665514,20.12296293,38.98852769,20.79015614
2247,61340.58582,62541.51604,-1200.930225,65995.4759,62336.32782,3659.148074,107670.7045,55939.26703,51731.43747,2.362338074,3.055021475,0.8180889302,42.57349777,94.29604832,43.73844444,96.35117372
2248,49382.6872,54706.69857,-5324.011371,53139.75236,56534.9508,-3395.198438,130371.7126,49547.9512,80823.76137,2.179840241,3.019770696,0.7757105026,52.77973882,16.78814727,53.79379335,18.71775782
2249,868168.2116,57786.96684,810381.2447,769133.0859,51084.25418,718048.8317,285481.0696,43479.8674,242001.2022,1.17760871,2.708902672,0.8786149003,4.539068978,92.29387769,5.574841167,91.73357576
2250,813786.3618,57337.08134,756449.2804,743790.0145,38614.32289,705175.6916,250963.7513,49829.33741,201134.4139,0.8230154423,5.488022317,0.9821358607,7.58467335,37.87448839,6.89844041,38.32884372
2251,708008.279,51562.59208,656445.6869,734405.6811,55068.86715,679336.814,314677.6706,52394.01602,262283.6546,1.137106259,3.87052368,0.6018384683,55.31160264,33.39754481,55.93519645,34.34840832
2252,191823.6657,49965.11528,141858.5505,218259.0883,58885.3097,159373.7786,195693.0797,51799.85625,143893.2234,1.106974285,6.234461581,0.7243008586,6.885755972,5.295915675,7.112846154,4.212484959
2253,624392.6062,51504.89598,572887.7102,854239.5521,55853.83874,798385.7134,305813.3646,46269.34559,259544.019,0.5759064664,2.550879002,0.6697629323,61.49167863,66.31284325,61.72064892,66.84127571
2254,768115.2837,40343.14744,727772.1363,781271.929,60796.22492,720475.7041,275987.302,48723.88474,227263.4173,0.6770869124,3.785594004,0.9391265261,48.59830911,53.29793743,49.18298223,53.63941075
2255,27763.42853,51259.71376,-23496.28523,55948.65182,58065.42039,-2116.768576,114610.7848,43236.08186,71374.70299,0.3159430761,4.396843025,0.6519597242,82.66874506,29.5938358,82.96401898,29.70623394
2256,53950.47068,51309.81819,2640.65249,30944.76236,41490.01872,-10545.25636,152503.4054,51436.46142,101066.944,0.6112365017,1.541354658,0.703624092,3.950902554,15.42111055,4.47763233,15.73121667
2257,580282.7291,57836.12982,522446.5993,823924.3808,73676.55331,750247.8275,202052.466,21575.48273,180476.9832,2.838873499,2.73555732,0.7321907876,98.62308151,30.69564505,96.47361953,32.55010345
2258,963083.5163,45584.61835,917498.898,902612.514,58200.8905,844411.6235,220709.9169,58661.58293,162048.334,1.935425983,5.758962414,0.5823391102,7.863423609,2.247818394,9.068719083,3.762128981
2259,957228.8453,45889.38305,911339.4623,783118.5767,46560.91641,736557.6603,318297.8864,47382.83401,270915.0524,0.1986912173,1.258567595,0.7541711224,9.255868672,96.54721134,9.254793431,96.74589964
2260,224988.7573,63179.46222,161809.2951,132715.5477,51058.48466,81657.06309,204822.706,51578.42869,153244.2773,1.507249001,1.689577088,0.8806887025,43.57021476,56.20251445,44.65419778,57.24978728
2261,130980.8197,54687.91687,76292.90287,177137.4851,54105.16098,123032.3242,224157.5904,54497.0625,169660.5279,4.233820602,2.510739004,0.7702517074,54.80068006,7.937585107,55.55821119,12.10308429
2262,43916.30113,53210.30839,-9294.007268,69637.21842,62776.32952,6860.888906,124124.9462,53096.56543,71028.38078,2.135443597,2.129067723,0.9222374307,75.43168832,86.3405811,74.73945842,84.32044815
2263,228462.9362,48624.71573,179838.2204,189924.5745,53923.36869,136001.2058,208278.2799,65348.73179,142929.5481,4.433849212,3.558873521,0.9254731083,80.08938842,15.38830445,83.13234935,18.6131157
2264,764978.5677,34950.95875,730027.609,853578.764,50473.55878,803105.2052,295366.227,43003.90952,252362.3175,1.193512462,4.5872701,0.6888173464,87.24233734,74.80274912,86.07907121,74.53575866
2265,223421.1903,56156.87285,167264.3175,201679.0281,54386.71373,147292.3144,183490.7997,41271.32199,142219.4777,1.181707563,2.961683917,0.8718611875,65.82667568,10.15360068,65.31260611,9.089568143
2266,37033.44743,38402.93473,-1369.487304,38980.006,56298.6228,-17318.6168,97574.78451,48304.81428,49269.97022,1.583663183,1.865937647,0.6772088783,20.81380813,56.4858143,22.24316027,57.16768051
2267,54367.15129,51372.35848,2994.792813,54652.04106,46918.37643,7733.664634,98382.97518,44450.91195,53932.06322,1.665196953,4.397798075,0.653863993,4.514679256,6.984719162,3.470071056,8.281513133
2268,294556.4418,70070.455,224485.9868,138905.9145,43052.24056,95853.67398,213179.2228,48628.65981,164550.563,1.825458397,5.077427035,0.9443132678,15.67920054,40.64245713,16.38612921,42.32547532
2269,147577.582,61616.24113,85961.34083,156064.6739,50834.40553,105230.2684,221995.6427,38424.99799,183570.6448,1.179212694,3.673842681,0.8755294851,99.62193395,30.05236101,99.41624052,31.21349528
2270,148761.674,53722.56447,95039.10957,217053.4389,44655.48042,172397.9585,171359.8837,48831.61994,122528.2637,0.6182491706,3.641435789,0.7779194224,88.05252921,36.9698668,88.66890929,36.92182894
2271,709831.9852,61346.273,648485.7122,690089.0311,51738.51862,638350.5125,301787.2101,44969.72533,256817.4848,0.5275979446,4.169152495,0.9058550173,71.87461323,94.71582448,72.35301211,94.93829719
2272,677710.942,57160.646,620550.296,749111.7048,43124.33117,705987.3736,279095.2512,48871.18868,230224.0625,0.2339827672,2.244251434,0.7290341355,87.81381514,6.909405317,87.78735976,7.141887677
2273,245327.504,59136.8687,186190.6353,135569.4338,56438.76898,79130.66486,265561.1757,63543.94609,202017.2296,2.335398787,4.179459936,0.835798539,59.84266928,14.48989427,61.02395123,16.50450601
2274,1127298.755,61450.97508,1065847.78,853563.385,46483.99332,807079.3917,268991.7502,40574.28338,228417.4668,0.9054853425,1.858523828,0.8322812665,88.82108748,30.67913813,89.22303209,31.49052228
2275,221978.8696,58060.65375,163918.2158,201309.3588,51014.90338,150294.4554,245171.1904,58545.78408,186625.4063,0.474660014,3.286775624,0.8037333711,55.09394437,38.55267747,55.16473932,38.08332663
2276,64793.53562,60115.57285,4677.96277,26559.04934,39794.41512,-13235.36578,196293.5917,56650.80585,139642.7858,1.828281021,1.349759743,0.7931329818,59.46758693,68.87150529,61.2910745,68.73920046
2277,123935.9983,50506.41848,73429.57978,135191.6153,46586.00483,88605.61043,209050.5491,56937.43849,152113.1106,0.8720650266,3.205230902,0.7363054933,59.75702241,75.34687524,60.51377938,75.78025302
2278,231175.5873,62676.21178,168499.3755,186795.4066,56062.27324,130733.1333,249586.8494,53498.75379,196088.0956,1.76547952,4.11115814,0.85359409,40.68941823,40.34421896,41.75622186,38.93750365
2279,173341.5702,51015.54072,122326.0295,117525.8956,48288.18552,69237.71013,175571.5665,41816.82659,133754.7399,0.7291455326,3.181399264,0.8081780216,68.97829229,18.89874449,69.64282591,19.19882495
2280,772706.9059,48640.79221,724066.1137,651164.3465,47231.89132,603932.4552,288302.686,58643.00528,229659.6807,1.460442713,2.8836163,0.5891572185,41.14123801,71.90286997,42.37199876,72.68907663
2281,69491.09601,49682.7567,19808.33931,44684.17688,59967.0428,-15282.86593,135436.4875,50976.46244,84460.02508,1.506761969,2.235852727,1,6.750563202,52.07593512,7.454416844,53.40819699
2282,811501.2003,56783.23148,754717.9688,741315.7373,62058.45636,679257.2809,238667.1454,47377.418,191289.7274,2.00900473,1.743416611,0.8271192596,57.19159057,68.21786896,58.66459754,69.58401335
2283,60342.91623,65473.52908,-5130.61285,25248.28652,50801.30524,-25553.01872,179565.2396,51944.03959,127621.2,4.185752481,2.739673131,0.7382764331,34.55938546,90.60611667,36.7506735,87.03977673
2284,64276.5144,48487.83952,15788.67488,46575.57236,56851.66376,-10276.0914,74406.68054,35769.96454,38636.716,1.262288005,3.884571529,0.796182169,16.41313765,24.88168374,17.60493853,25.29759437
2285,224045.2985,56615.81834,167429.4802,235327.8028,58959.40276,176368.4,267722.4489,45202.00319,222520.4458,0.7951462134,3.012674394,0.981102088,97.88958333,90.66370564,98.52361689,91.1435587
2286,1018557.094,56251.32916,962305.7651,614963.843,56380.09581,558583.7472,162207.9724,47640.71912,114567.2533,4.204024481,5.54439807,0.7460006008,56.50920614,40.16278834,56.2009031,44.35549285
2287,952973.0565,46426.3262,906546.7303,771155.922,51417.2699,719738.6521,248454.9357,53830.70225,194624.2335,0.5615512964,3.235978421,0.7810299526,62.67536001,10.85924483,62.74022469,11.41703729
2288,62725.60077,56684.9418,6040.658961,31527.16064,51347.54317,-19820.38254,186700.5548,44100.3898,142600.165,1.9297196,0.8852144198,0.6806315964,37.52990817,7.986847826,39.23901189,7.090866698
2289,233729.5604,59784.74578,173944.8146,114473.8117,45213.26674,69260.54498,268454.1867,41671.12291,226783.0638,1.470857482,6.543387672,0.5049280489,68.31089913,14.6016469,69.78065158,14.65865121
2290,40553.04127,49352.17119,-8799.129919,52793.56261,46778.31603,6015.24658,174433.6159,53274.37263,121159.2433,0.5148831752,3.643114058,0.5970562799,18.31009346,83.82624662,18.73897788,84.11113753
2291,796213.8921,54499.92984,741713.9623,609545.5964,39587.988,569957.6084,288010.175,46177.7266,241832.4484,1.000713122,2.120005732,0.5112796555,29.04834085,61.13356546,30.01318553,61.39908662
2292,248531.8137,57439.68797,191092.1257,144322.7064,56899.72246,87422.98389,199461.591,55641.34173,143820.2492,1.138838241,3.465019477,0.8516060309,0.2214161967,72.45158005,1.00910062,73.27407977
2293,818547.509,50894.20305,767653.3059,765434.1833,62560.7211,702873.4622,284526.5468,45526.0144,239000.5324,0.2681955322,1.753038333,0.8750145721,62.48948432,52.92359885,62.73814261,53.02408716
2294,37934.496,43823.52913,-5889.033133,35659.79851,49326.35936,-13666.56085,128178.3366,58090.28617,70088.05042,3.300748273,2.441376268,0.8492576076,11.65458531,41.94803954,12.68787871,45.08288307
2295,38481.25969,57340.97975,-18859.72006,47052.30852,40930.82661,6121.481919,188847.8442,61627.2214,127220.6228,1.562124646,3.252131918,0.6838443984,14.85864025,54.2721264,15.75788459,55.54946466
2296,67280.1151,63014.40779,4265.707314,35964.25827,50639.24818,-14674.9899,143418.565,44828.07535,98590.48962,0.8735357664,2.196168496,0.6401987513,89.18017883,79.19915043,90.05363373,79.18726451
2297,1082835.54,40552.65071,1042282.889,679026.4186,53136.69327,625889.7253,240166.9267,46538.20393,193628.7228,0.6030661083,4.486692941,0.7570441497,82.2962083,31.29280736,82.72195849,30.86569437
2298,858614.4685,66544.24133,792070.2272,724051.4793,53226.64072,670824.8386,308289.7584,50590.08795,257699.6704,0.5779346585,3.272567375,0.8717591509,26.04908942,84.7310858,26.61155993,84.86388411
2299,158372.7457,41268.90359,117103.8421,183636.8271,38752.43079,144884.3963,220193.2369,46839.28113,173353.9558,0.7973097721,1.694479262,0.6323972024,56.31596271,58.18705168,57.06055142,58.4721666
2300,62644.38161,55593.24377,7051.137844,52773.20074,57238.75413,-4465.553382,110052.3181,41882.09402,68170.22406,0.5590723667,4.492047097,0.6703884156,52.97699386,32.29825998,53.52804725,32.39261076
2301,618831.2158,60741.5871,558089.6287,701711.45,46231.81797,655479.6321,297415.1972,53487.06451,243928.1327,1.783620148,1.433386967,0.8108207033,49.47328859,70.12270633,51.18591169,70.62092614
2302,287183.7594,46525.65629,240658.1032,217471.1103,53819.13322,163651.9771,206881.8803,42316.7638,164565.1165,1.751019835,5.281854323,0.8509618334,35.73768469,55.21347328,36.97084491,53.9703376
2303,61159.01776,54203.67336,6955.344394,58653.41074,54992.65481,3660.75593,172496.5768,55370.17756,117126.3992,0.2035992459,4.256708272,0.7736330989,97.43019234,89.31406913,97.61494523,89.39962041
2304,1079265.661,58635.70835,1020629.952,896786.524,49033.10855,847753.4154,249815.2356,49253.32714,200561.9085,1.247365283,5.347590197,0.6875430796,28.44041396,16.3744141,29.68720986,16.41209874
2305,198555.7732,44739.8191,153815.9541,160511.6379,41483.43532,119028.2026,217654.9181,55908.92246,161745.9957,0.4002097417,1.696048804,0.6335041981,48.59568633,38.95595599,48.73500886,39.33113204
2306,22232.89438,46827.9119,-24595.01752,49752.55618,53591.26759,-3838.71141,135975.4957,38900.87098,97074.62475,1.427814576,2.474398302,0.9383979983,91.81308079,12.40417021,92.10396234,13.80204087
2307,905803.2477,63215.22467,842588.023,718407.422,41225.92279,677181.4992,247970.7798,49965.27603,198005.5038,0.9969857812,2.67213515,0.8252362022,52.49588518,39.03786275,53.49096604,39.0994641
2308,239504.186,54104.37363,185399.8124,137625.9252,53189.8712,84436.05396,185761.5539,44232.50007,141529.0539,1.37174739,1.958659474,0.6349195265,53.63348074,31.06228169,54.52276194,32.10672885
2309,189844.6345,68062.03393,121782.6005,170434.1153,51763.02853,118671.0868,254373.3228,54093.77253,200279.5502,4.130878706,2.617558258,0.812496811,37.85637546,85.30907556,41.98444949,85.15687933
2310,890364.9183,54394.09479,835970.8235,557479.9104,47676.86075,509803.0496,284811.55,55694.90551,229116.6445,1.640358736,2.785412885,0.6429347078,67.16338956,59.75783231,68.21993566,61.012618
2311,680779.055,45513.03583,635266.0192,977591.8424,53121.05944,924470.7829,296559.4807,40969.9225,255589.5582,0.3113924256,3.607178376,0.7808334848,86.74255025,5.438158767,87.03180408,5.553473377
2312,1054052.858,59602.27113,994450.5866,685036.0602,29169.36651,655866.6937,260895.3623,51263.33068,209632.0316,0.3664486883,2.652186016,0.8068887976,84.125386,64.67417404,84.46732878,64.80593054
2313,170275.3955,67100.74293,103174.6526,142401.5251,46851.79373,95549.73133,159772.9324,52667.7602,107105.1722,0.6492999707,3.043489471,0.8697606924,49.27924058,48.27843505,49.86394311,47.99609943
2314,241231.5957,55653.80588,185577.7899,119814.5297,41594.29256,78220.2371,141320.875,43562.9717,97757.90329,1.048820211,2.797495349,0.7333687997,87.3111034,73.96067297,88.20979243,74.50139642
2315,258245.3293,58560.29988,199685.0294,196878.1053,55906.754,140971.3513,144019.6022,44841.20912,99178.39306,0.7981444751,9.058183182,0.7524471386,99.60588725,70.09424532,100.3383741,69.77723177
2316,42494.62601,55322.47721,-12827.8512,53410.77404,49781.09659,3629.677452,167238.1869,55127.73563,112110.4513,0.2847706439,2.308613905,0.6627734701,38.61473861,65.16548099,38.83587693,64.98605924
2317,826980.4843,44127.24733,782853.237,753662.7901,52078.19727,701584.5928,294164.1587,62317.29057,231846.8681,1.225551456,4.220114533,0.5517634531,41.10832005,57.12485448,42.29062072,57.44756411
2318,209832.9488,46663.19874,163169.7501,130641.4623,51737.7651,78903.69724,233765.0588,48954.69714,184810.3616,1.068405793,1.80276132,0.7237548187,25.57112646,43.34290987,26.58278473,43.68647716
2319,262546.3886,54804.57988,207741.8087,109869.3438,43955.46951,65913.87427,179742.727,35175.65914,144567.0679,2.431099553,2.609345373,0.8698301566,33.99640276,16.71015103,36.13836799,17.86003362
2320,157897.7511,55487.61176,102410.1393,223344.1955,61460.97345,161883.222,142012.3843,55692.04147,86320.3428,0.2363608101,2.04869733,0.8904926224,70.78028545,81.71165914,70.90160958,81.50881218
2321,869196.808,55174.70621,814022.1018,750863.5768,50273.56384,700590.013,306745.4805,50444.47368,256301.0068,1.00309458,3.517822982,0.6684392841,14.55269826,16.70949647,15.13453725,17.52660241
2322,766904.7228,61124.02976,705780.6931,658226.0494,49930.27337,608295.776,287617.7404,57460.11224,230157.6281,0.9307177978,1.212621037,0.7232604506,39.61576176,56.81214046,40.35320363,57.37995655
2323,191355.9131,61542.87827,129813.0349,202593.1994,61951.21645,140641.9829,207369.3974,49625.34485,157744.0525,0.4576170074,1.033858424,0.8125758692,47.60852908,26.91833932,47.17556247,27.06650556
2324,605310.8495,50247.03398,555063.8155,650833.6097,42837.14903,607996.4607,357345.7899,65098.52162,292247.2683,3.651972816,2.234436462,0.8963569595,44.420947,71.3300906,48.04474413,71.78285963
2325,43963.62051,48763.23518,-4799.614673,46274.57304,44298.82901,1975.744035,135663.5152,46656.84214,89006.67304,0.7570831711,3.21309724,0.5709940938,42.58368095,62.7496134,43.06372922,63.33504366
2326,852197.2096,50275.40306,801921.8065,886125.9468,47019.11856,839106.8282,268931.6845,51207.80523,217723.8793,1.577294709,2.190163214,0.7311215866,90.73463098,54.97654412,89.25523979,55.52359102
2327,51116.31323,49499.8164,1616.496831,55984.50091,53714.94014,2269.560774,173322.917,51312.39934,122010.5177,0.8820179722,4.38370096,0.9007257324,68.12297441,10.19182449,68.26617007,11.06214093
2328,35308.3803,44027.78726,-8719.406955,65247.50761,64944.32445,303.1831597,112544.1685,48168.57169,64375.59681,0.543406238,2.662563682,0.817286566,90.18977639,61.43068445,90.15687729,61.97309388
2329,49986.46046,40571.28888,9415.171579,64199.84443,63149.6021,1050.242334,145997.9511,55253.57459,90744.37653,0.5058425912,2.037322236,0.7301082592,19.77790899,99.80798884,20.03710959,100.2423755
2330,830300.9546,38271.17479,792029.7798,1012518.337,60380.9691,952137.3679,250840.0515,59357.702,191482.3495,0.4900289781,3.812368247,0.6199080182,86.21020072,35.95584059,86.68137113,36.09047656
2331,224233.8316,63725.94928,160507.8823,137924.5802,44862.87854,93061.70167,185905.391,52030.04795,133875.343,0.3112348629,3.926146701,0.7268516912,96.24676161,69.76067304,96.12840316,70.04852442
2332,796405.0956,53879.92675,742525.1689,699602.5491,42334.06817,657268.4809,260386.6133,33117.20548,227269.4078,0.5718323076,3.978165612,0.8155203527,13.86269336,3.29238498,13.80589598,3.861389589
2333,600283.2823,52713.554,547569.7282,460633.1111,56817.97849,403815.1326,273601.1413,49969.11991,223632.0214,1.477166801,6.615018335,0.6255311001,50.02503385,45.68994018,51.45582578,46.05716792
2334,254593.2524,55480.79975,199112.4526,215250.4273,56632.55616,158617.8712,262938.9727,56915.4232,206023.5495,0.3470694721,2.158484599,0.666347091,97.31656559,46.85673184,97.59824768,47.05949381
2335,42943.09918,62321.62904,-19378.52986,41683.92097,47318.48344,-5634.562473,88742.9725,49341.09678,39401.87572,0.2611144909,2.869648983,0.8544148197,19.6136588,10.49897094,19.84880287,10.61249647
2336,690361.0798,43033.42218,647327.6576,699487.6474,54233.57114,645254.0762,209229.9058,47908.53755,161321.3683,1.612850679,4.75605891,0.8162882086,75.39861865,57.00183195,77.01046559,57.05872456
2337,830025.3627,44275.10485,785750.2578,954460.1783,59513.61548,894946.5628,302033.4683,43703.14842,258330.3199,0.3674478818,4.237469719,0.6969026409,55.44022025,85.88184472,55.73906685,86.09564055
2338,65019.04108,63789.91812,1229.12296,41033.806,50261.9425,-9228.136497,159695.4407,38196.61653,121498.8242,1.544723848,3.519321638,0.6332061052,73.21233488,67.00873246,73.98425613,68.34675688
2339,700420.5361,53831.95665,646588.5795,827840.5455,35575.13826,792265.4073,298273.7688,53565.31981,244708.449,1.847960793,4.078951448,0.6342525249,0.2470548412,74.20924354,0.01717459107,72.37563667
2340,50883.81878,54337.99986,-3454.181082,37255.14529,49692.97682,-12437.83153,123423.4925,37779.58296,85643.90951,0.4787363612,1.815541277,0.6751419728,29.86047943,95.00096787,29.86201829,95.47970175
2341,219961.162,51326.96974,168634.1922,186612.5962,62719.72553,123892.8707,263200.47,51868.57208,211331.8979,0.8324449659,1.493198054,0.7348199347,58.42821496,83.37311412,59.22692234,83.60770128
2342,866386.8746,54762.29179,811624.5829,666983.3196,48282.30907,618701.0105,289876.8793,46216.47592,243660.4034,1.376467758,2.729675135,0.6548537001,8.084197415,0.2905433975,8.109821154,1.666772635
2343,208240.6795,58086.72242,150153.9571,205316.0873,43173.31844,162142.7689,276826.7458,54402.15254,222424.5932,0.7558231875,1.671926395,0.6576905126,36.44696002,5.674179531,36.64570889,6.403403487
2344,677550.6671,50986.94803,626563.7191,700028.8487,50670.9554,649357.8933,225830.2019,51223.55748,174606.6444,2.179955129,2.374454363,0.666822842,0.4954355414,20.84208155,0.2514435652,23.00833922
2345,70196.89728,48580.15312,21616.74416,121744.8923,48031.70285,73713.18944,333148.9884,59176.90856,273972.0799,0.3214991467,1.897787889,0.7591699923,95.33548742,76.21002286,95.65693694,76.2043742
2346,153485.2594,58730.40323,94754.85615,153494.3539,56968.09449,96526.25941,190182.4281,56285.24249,133897.1856,0.2148468323,2.420956629,0.761869765,50.81063166,7.562310676,50.87449033,7.767447782
2347,198477.3192,55045.45467,143431.8645,170750.4023,51843.92949,118906.4728,173256.1388,62556.42693,110699.7119,0.5435544737,7.356428479,0.7059344236,75.43212025,56.69005695,75.91758762,56.93454192
2348,800917.3362,58515.13135,742402.2049,783008.3226,46375.84172,736632.4809,297068.7621,45859.82247,251208.9397,1.335712276,0.7555691079,0.6937983773,25.7485378,55.6134007,27.01459437,56.03910958
2349,832082.4839,57089.77854,774992.7054,866567.2001,61044.74827,805522.4518,260726.3174,36540.52746,224185.7899,2.161695652,2.199579447,0.9379942808,3.796839577,54.74400993,5.826696556,55.48738651
2350,70947.04334,69639.96315,1307.080192,34005.80991,35773.38576,-1767.575846,123587.9022,45926.85752,77661.04464,1.09775971,3.036081717,0.6865625764,38.49139315,12.24770598,39.57431673,12.06783685
2351,38065.13562,46172.09786,-8106.962239,42131.67231,59041.65796,-16909.98565,162776.4968,38436.84094,124339.6558,0.8537369767,1.971558159,0.6949579368,96.64147896,14.90370512,96.88599992,15.72167598
2352,644146.0566,49031.35996,595114.6966,920901.9191,58119.20382,862782.7153,214818.1322,49672.69153,165145.4407,0.7509844764,2.837505561,0.7842298366,76.98417725,2.01911391,77.65838797,2.349897193
2353,236415.4571,60780.09668,175635.3604,168744.895,50425.40977,118319.4852,207599.335,39208.46963,168390.8654,1.966410763,4.856671536,0.5548824903,80.07851006,57.62525542,80.0555887,59.59153259
2354,808791.3424,52541.56267,756249.7797,590737.3684,44241.18088,546496.1875,341579.5233,43836.02826,297743.4951,1.062400721,2.199403989,0.788918025,7.585703479,41.53591517,8.432009705,40.89368385
2355,51295.60688,50539.10323,756.5036527,36178.29861,52234.70369,-16056.40508,143527.8009,44772.14882,98755.65203,1.203681109,2.467918827,0.8877280186,9.555610553,0.5132402284,9.034954966,1.598489495
2356,566084.3621,49573.73793,516510.6241,723842,54466.90909,669375.0909,247558.2131,54318.49375,193239.7194,0.7970869535,3.350690074,0.8960428352,84.82951025,74.69143828,85.54575781,75.0412054
2357,251296.3416,62710.91743,188585.4242,113072.8925,45811.16235,67261.73011,203333.6593,44086.47572,159247.1836,0.6380770526,2.266150752,0.7746146744,47.10492344,32.65047308,47.36338279,33.23386068
2358,818179.0583,57033.72415,761145.3342,698942.5962,45063.48741,653879.1088,298678.2535,53984.09235,244694.1611,1.095598925,4.219169557,0.8820471862,15.79636613,85.67929813,15.49044825,86.73132059
2359,728795.9152,46631.50109,682164.4141,686047.008,53402.4447,632644.5633,252823.0699,41762.62313,211060.4468,3.191187494,3.414932499,0.7216180493,14.57494177,13.55177435,14.16496973,16.71651771
2360,216734.8677,68622.26459,148112.6032,221476.7166,52117.18174,169359.5348,204721.9765,45788.26311,158933.7134,0.08245630525,2.689897639,0.6846339335,6.863560844,53.70287095,6.887732597,53.62403714
2361,232522.2459,49816.59044,182705.6554,114373.4284,51821.80146,62551.62698,247421.5837,58307.31418,189114.2695,3.294581218,2.39078499,0.8776007915,31.30076152,32.11811953,34.21996419,33.6453789
2362,68559.6724,66620.2539,1939.418502,34803.67911,43730.2485,-8926.569387,68746.47864,51596.67343,17149.80521,1.536693487,3.18360151,0.8268859831,12.55035027,79.05106071,13.93909156,79.7089547
2363,51264.96132,53899.94294,-2634.981629,56407.15015,47103.61495,9303.535209,91390.64953,55625.39939,35765.25014,0.689874748,2.194348373,0.7597183774,81.57454202,6.337777952,81.98774084,6.890221523
2364,866092.8362,62941.93566,803150.9005,739531.8447,50943.29881,688588.5459,305752.5164,50369.78103,255382.7354,1.422184263,3.099310565,0.8022970977,66.5808459,25.08825301,67.61893301,26.06035549
2365,160479.2268,57956.38662,102522.8402,207220.8477,43677.31469,163543.533,143062.1037,55412.00119,87650.10252,0.6537321309,3.138031366,1,15.35981975,51.81153351,15.01133643,52.36463844
2366,731968.0903,48407.28771,683560.8026,633596.3305,46640.23684,586956.0937,333234.5377,39126.73816,294107.7996,0.6045315492,2.009875982,0.7868339023,96.16381984,35.40899718,95.98110289,35.98525485
2367,33781.74497,56167.08458,-22385.3396,48720.39447,48998.04581,-277.6513363,225849.7478,52791.99286,173057.755,0.7797406553,3.501394455,1,34.73150578,85.31407611,34.68484017,86.0924191
2368,73137.7009,62410.73514,10726.96576,56505.95539,47716.42967,8789.525719,122187.3592,57259.00978,64928.34941,0.1967358601,6.815189621,0.8156550884,47.95421564,78.86792044,48.14581867,78.9125666
2369,825466.5107,52474.97666,772991.534,800359.965,41794.31536,758565.6497,261277.9927,50901.76044,210376.2323,0.844398825,6.071247236,0.6769432924,18.8219322,68.08462551,18.88983608,67.24296142
2370,38884.29903,41932.3192,-3048.020169,49725.48138,49581.81162,143.6697577,148539.8048,59387.722,89152.08275,1.627388455,2.277034745,0.6560936629,20.74939577,71.93680018,21.85107397,73.13458912
2371,46557.03538,49742.51127,-3185.475886,47728.15409,58973.45883,-11245.30474,150131.4594,40474.20391,109657.2555,0.9438546676,3.6736674,0.7733838687,74.86573877,93.15411619,75.41791532,92.38863419
2372,180178.6384,56650.37418,123528.2642,175568.47,43257.03439,132311.4356,196080.0191,51896.82588,144183.1932,0.9045302526,3.518650939,0.4988554391,26.17814986,23.92576269,26.1240325,24.82867259
2373,645420.8886,53654.71463,591766.174,633405.7984,47298.29618,586107.5022,241284.6175,54978.95363,186305.6638,0.4715684708,1.703766074,0.8783966675,13.02155866,49.05255205,12.8095923,49.47379673
2374,166337.5882,52617.80209,113719.7861,148531.1831,43362.46384,105168.7193,282331.6877,44172.64287,238159.0449,3.411299286,3.877064075,0.8685278143,15.64829079,81.25655444,18.61819087,82.93484415
2375,142367.4694,56454.57254,85912.89689,183764.7766,51467.80445,132296.9722,197554.3934,42346.25879,155208.1346,4.032644764,1.750724062,0.781848276,22.26960999,11.63402183,26.15162021,12.72591031
2376,218861.6477,45471.37718,173390.2705,194685.1076,48953.14594,145731.9617,187201.3514,27161.13877,160040.2126,0.09732007414,3.652788901,0.5725706818,5.559553679,2.693623072,5.648323909,2.733510953
2377,675012.0595,43314.34216,631697.7174,899445.5424,60796.21544,838649.3269,265238.0129,50270.41043,214967.6025,0.6759904233,3.528320501,0.8683528585,21.06950001,65.14679574,21.67926453,64.85499052
2378,78155.85242,60780.99178,17374.86064,42215.04135,51128.839,-8913.797651,168567.9111,65099.45214,103468.459,1.302316703,3.132917828,0.6187294359,68.13939874,79.69512017,69.31243328,80.26082218
2379,951458.5836,37952.92554,913505.6581,673175.6651,62923.54036,610252.1247,212341.5605,43934.97575,168406.5848,0.5885140169,2.984158041,0.8058117035,18.52898987,47.72475425,18.55358698,48.31275402
2380,187819.6876,44578.39053,143241.2971,170006.1163,58176.45803,111829.6582,316027.52,51299.402,264728.118,0.9278295488,3.727852509,0.7581895008,12.79718197,43.47484325,13.68329513,43.74992714
2381,792850.5472,60869.3456,731981.2016,633634.0317,47586.8084,586047.2233,283819.8875,54881.64872,228938.2388,0.6542931582,1.429518871,0.6350983239,7.667308484,19.85328709,7.916537574,20.45825353
2382,40148.73234,50145.32331,-9996.590969,48115.20575,48975.15513,-859.9493776,134476.4182,52717.34524,81759.073,1.045242852,2.718547672,0.9011947776,14.06809727,43.90771551,14.76597921,44.68585009
2383,843031.2464,57227.74817,785803.4982,585960.016,55532.87964,530427.1363,307393.1353,54993.08023,252400.055,0.4937525782,3.67279972,1,79.08462423,93.22635217,79.27401711,93.68233676
2384,610895.3652,64711.24164,546184.1236,800453.4356,62578.89654,737874.539,248911.0344,54680.06348,194230.9709,0.3535755286,2.730134427,0.7414027781,96.3861883,86.44771327,96.59341586,86.73419606
2385,40602.61402,54045.61804,-13443.00403,45374.44033,54634.15634,-9259.716005,134620.2439,56340.03676,78280.20713,0.3298122212,3.692375992,0.978707144,49.78735417,50.67773967,49.47932789,50.79562061
2386,68946.89603,56421.68201,12525.21403,56812.17101,51665.40452,5146.766488,176704.651,54919.45143,121785.1995,1.329713288,2.903362042,0.7557311886,49.55052318,98.68826139,50.82639358,99.06281733
2387,49751.19358,64999.96857,-15248.77499,58925.64068,59803.89514,-878.2544576,181291.3626,51827.61669,129463.7459,0.1919690609,2.237865564,0.5843827264,42.44442358,40.91499906,42.63574339,40.89922406
2388,138803.4776,63716.0125,75087.46508,131051.9851,50247.13172,80804.85337,155629.058,47094.36421,108534.6938,1.803744397,2.059818954,0.7241120216,19.12404508,60.66184424,20.87050832,61.1127988
2389,61924.55169,59377.48967,2547.062018,43240.21862,49533.49673,-6293.278108,184154.565,57858.37238,126296.1926,1.307808129,2.88710311,0.7123411722,25.06404834,37.37393408,26.36500633,37.2402538
2390,934708.3566,53258.30322,881450.0534,532822.8272,38141.8615,494680.9657,267692.7321,52888.06593,214804.6662,0.4492757256,4.504220709,1,63.95605291,23.94953039,64.30015049,24.2383998
2391,222954.4478,44038.5329,178915.9149,116107.4957,52975.87525,63131.62046,236211.2708,51116.85855,185094.4123,0.4886992661,0.8191423028,0.5965460881,76.21777961,43.99224203,76.65834204,43.7807433
2392,228215.3083,62487.17587,165728.1325,167904.3623,56276.82458,111627.5377,212043.3472,54707.31054,157336.0366,0.8341341177,3.580314779,0.777210901,92.38726485,33.95433961,92.69318341,34.73035092
2393,945180.8406,69939.65667,875241.1839,760012.8208,53472.22293,706540.5979,280613.7167,55101.17868,225512.538,0.7239902787,1.427672847,0.8589780578,65.20509124,96.90629903,65.81549464,97.29561845
2394,123771.5438,40818.51455,82953.02922,153398.5636,42009.6881,111388.8755,136655.3536,44504.65366,92150.69994,3.375549484,3.363547322,0.7252510479,56.15232126,69.08766365,57.28016276,72.26922111
2395,823659.6613,39904.30776,783755.3536,752709.6508,57251.2758,695458.375,229306.9596,51473.06079,177833.8988,0.4967679517,0.9193776908,0.9364962838,18.22325424,87.28820568,18.61583586,87.59260356
2396,237581.8698,62985.98298,174595.8868,132474.8388,48626.36272,83848.47604,204195.6854,40339.38611,163856.2993,0.2474627553,2.563860637,0.7370153773,27.43316194,46.45290855,27.66940382,46.52658072
2397,825777.9969,47703.90993,778074.087,734299.024,46213.37617,688085.6479,395351.3784,55952.95947,339398.4189,2.447238701,2.352040774,0.8643917191,71.90267735,74.31477405,72.66071514,76.64165092
2398,792274.9328,69196.12523,723078.8075,726013.6621,65538.9435,660474.7186,310147.5053,50679.47922,259468.0261,0.772997662,1.402518958,0.7409461158,99.25207563,19.81874961,99.54157166,20.53549045
2399,55134.59356,56205.22035,-1070.626799,56622.57935,52593.92703,4028.652314,152331.6909,53513.24326,98818.44767,0.238393267,4.936933672,0.737202693,79.50032884,64.14007254,79.7386945,64.13644512
2400,915736.5495,44161.23055,871575.319,691166.9709,54686.76745,636480.2035,261871.0765,46225.18524,215645.8913,1.062661122,3.478043515,0.6286694918,42.27560711,12.04898441,43.33406342,12.14342425
2401,52102.1139,64100.4338,-11998.3199,44700.21342,53493.44762,-8793.234196,132453.7021,41158.90852,91294.79356,3.893951509,3.779595942,0.8373650496,92.88104717,78.62308294,93.2646377,82.49809476
2402,234852.5765,64681.11037,170171.4662,162805.6141,59391.33952,103414.2746,184369.3104,55658.79252,128710.5178,1.142997564,6.431781394,0.9545400456,33.01027758,71.9460629,33.70294847,72.85526611
2403,197180.689,43021.16085,154159.5282,120175.3399,45924.01739,74251.32253,164244.181,54126.70889,110117.4721,1.646717302,2.134255559,0.8493155392,12.35847999,78.24427405,14.00143056,78.13295795
2404,246910.818,59470.68504,187440.133,187356.3283,54998.50253,132357.8257,202189.5963,56645.48064,145544.1157,2.143288282,2.024396497,0.8398781756,88.93142033,31.96832495,90.95258601,32.68146867
2405,29775.2222,54860.31616,-25085.09397,58103.13236,59009.96794,-906.8355819,86529.36937,49268.74394,37260.62543,2.797304791,5.894244587,0.721662714,51.98934945,86.50844865,53.17408813,89.04247871
2406,59988.8427,46464.90083,13523.94186,49167.6509,56372.12479,-7204.473898,126512.9353,53331.25094,73181.68438,1.596220466,4.050725698,0.8634036726,68.23823259,89.25080087,68.99221361,90.6577239
2407,59999.12565,62929.43635,-2930.310702,65510.67913,62882.01092,2628.668209,153807.5568,49632.3046,104175.2522,1.307091665,4.725037184,0.8834267805,32.33189833,48.54547415,32.72434531,49.79225961
2408,40121.74509,60616.14326,-20494.39817,26391.2058,36451.44007,-10060.23427,75422.32329,52760.73934,22661.58395,2.043807687,5.081948791,0.8063676832,78.45164854,67.21494519,79.27729699,69.08455865
2409,740632.9183,50265.60989,690367.3084,749393.4182,50331.03645,699062.3817,334946.09,56516.83488,278429.2551,1.5982834,2.847519404,1,77.55091568,45.43596034,78.85645519,44.51396445
2410,249398.8758,64715.30589,184683.5699,173615.78,50200.13288,123415.6471,270428.9472,44073.21425,226355.733,1.041252491,2.541804409,0.7986409805,94.22402206,52.49401935,95.10457688,53.04974406
2411,986993.7599,57455.4317,929538.3282,812875.8858,60088.38414,752787.5016,352159.0744,43729.81821,308429.2562,0.4162492484,4.010898675,0.8789462217,15.01265019,75.98545123,15.28135606,76.30335152
2412,55676.28884,49018.57483,6657.714011,49543.61392,45333.50682,4210.107108,135245.2381,32314.15034,102931.0877,1.444581065,2.258982722,0.8823193043,19.60205215,31.96315199,19.22068681,33.3564843
2413,809049.6537,58817.44284,750232.2108,763799.3056,47362.56362,716436.742,223404.1843,52764.67735,170639.5069,0.7065813688,4.056357995,0.689060631,2.125862666,55.15045375,2.768119896,54.85589836
2414,737803.9575,45295.899,692508.0585,733412.3731,60348.4787,673063.8944,285461.6326,46601.07025,238860.5624,1.105512133,4.012154763,0.4998004709,54.47986647,15.63440608,54.8725246,14.60097652
2415,238756.5869,58509.82552,180246.7613,232501.6751,53114.06384,179387.6113,221091.6413,43659.32934,177432.3119,1.274290808,3.196604042,0.9533401332,48.71020457,65.77877564,49.98402937,65.81323491
2416,27628.68129,45784.69385,-18156.01256,38954.93557,31568.57031,7386.365257,198970.6728,56147.93235,142822.7404,0.720777344,3.332083248,0.8626057466,41.73535773,96.16460244,42.2442217,96.67507031
2417,786002.7934,38001.83644,748000.957,633574.9055,41882.39564,591692.5099,258017.4222,47249.96866,210767.4535,0.9115550342,1.258721999,0.9247099671,38.11322051,37.43424128,38.07394761,38.34494992
2418,864122.8107,58700.84785,805421.9628,751941.7356,54361.88234,697579.8532,225793.1075,58040.78198,167752.3256,0.5071183096,2.603832208,0.8106664224,83.27733975,64.1968037,83.20469133,64.69869133
2419,608833.1181,54001.87675,554831.2414,682324.5259,38226.70315,644097.8227,281843.614,65440.76467,216402.8493,2.792547988,2.648820314,0.7190635442,99.12490004,21.98834092,100.3471908,24.49918335
2420,726014.9824,58200.91122,667814.0712,775833.7543,53140.31374,722693.4405,251610.7532,46894.28161,204716.4716,1.44647104,3.742431996,0.5319088271,28.99582277,18.9558321,30.2030444,19.75263473
2421,59805.53275,57708.2295,2097.30325,52468.62382,50344.46639,2124.15743,123726.4856,44369.2185,79357.26709,2.964621542,2.089900526,0.9588052738,4.621428938,8.901626331,7.241708327,10.2883912
2422,879244.8982,62401.03794,816843.8602,741506.1729,48767.98789,692738.185,290458.2939,52753.65874,237704.6352,0.2271042235,2.540673341,0.8257328189,95.32498398,63.82090986,95.42670133,64.02396136
2423,271289.8607,63953.7231,207336.1376,195709.5222,64287.88415,131421.6381,230640.8741,49358.86699,181282.0071,1.382730471,2.730842811,0.8426697821,32.28018566,37.68033216,32.99318991,38.86505513
2424,143937.005,48884.32895,95052.67606,141308.1142,36855.03068,104453.0835,240936.6649,38633.29384,202303.371,2.45826798,5.64532931,0.7728392353,43.42937284,91.89647457,44.73812274,93.97740108
2425,734483.3025,49583.24352,684900.059,600786.8876,50899.8844,549887.0032,235497.4474,54749.32721,180748.1202,0.06342687537,3.461108293,0.8953944181,20.18154128,41.3064611,20.15786612,41.24761847
2426,76672.87479,67589.37783,9083.496959,32632.15835,50198.35553,-17566.19718,117485.8837,49138.90508,68346.97863,0.2787634217,1.812217138,0.7235355638,7.375331638,16.07270584,7.51284517,16.31519104
2427,271159.5859,55795.35608,215364.2298,234802.9244,66775.71316,168027.2113,250645.142,52989.28582,197655.8561,0.7692757155,1.23348743,0.8008375544,8.40767002,46.13058592,9.176816174,46.11646788
2428,161970.6077,54687.85487,107282.7529,119794.6845,49879.54993,69915.13461,135334.8498,44325.30763,91009.54218,0.7168823389,6.147776975,0.8695164757,12.14830032,50.32573181,12.56964411,50.90572294
2429,239399.1163,52911.90312,186487.2132,196663.5946,52455.48833,144208.1063,275551.3242,47231.23613,228320.0881,2.518358147,1.745649035,0.6832946985,6.063664636,13.81311664,7.011571368,16.14626914
2430,279064.6248,64042.09425,215022.5305,175604.1507,59977.57863,115626.5721,211826.1402,48262.73159,163563.4086,0.6160109538,2.483470843,0.6085044333,84.57329117,97.30200414,85.08948086,97.63818519
2431,199603.7579,62888.49707,136715.2609,129130.108,52005.25323,77124.85479,217795.1487,46040.90715,171754.2415,0.6559921258,1.74543806,0.9530132879,31.63261517,4.988950746,32.04298071,4.477163882
2432,79415.4922,66231.21302,13184.27917,59646.03015,53161.45999,6484.570167,205195.6125,55825.23285,149370.3797,0.5202913779,2.538164897,0.6095681513,64.15723303,93.34227054,64.10742616,93.86017246
2433,243395.3865,67745.06495,175650.3215,119861.1105,51630.83632,68230.27414,200642.0197,50142.79916,150499.2206,2.122438141,3.641209839,0.6837176254,68.0417038,44.12508798,67.83825661,46.23775286
2434,912438.2681,60762.61534,851675.6527,600558.6447,45751.34421,554807.3005,260934.7946,47120.77974,213814.0149,1.757257322,3.034288142,0.7095748378,26.08850647,97.15431134,27.24757873,98.47510837
2435,46142.63946,59067.09893,-12924.45947,54624.46667,49626.12438,4998.342284,138600.1119,55246.35966,83353.75229,0.5331387393,2.267344751,0.8003528041,67.87569467,25.69229195,68.14801361,26.15063605
2436,56091.00964,55147.265,943.7446435,63917.6417,52224.98995,11692.65175,213982.9522,46669.38533,167313.5669,3.208710876,3.52797273,0.4720914386,41.13924899,7.138921301,42.85458652,9.850644487
2437,731666.6829,58855.82185,672810.861,810635.767,62273.92037,748361.8466,240200.1669,58790.21238,181409.9545,1.492243526,2.198433405,0.6782110076,6.290277663,53.60669018,7.780266821,53.52469597
2438,839101.7816,57388.70763,781713.0739,796539.7332,47786.13962,748753.5936,270813.945,51885.21504,218928.7299,1.541278356,3.834931255,0.6974224649,40.10937553,89.75077009,41.65063182,89.74252188
2439,826285.5116,53098.94786,773186.5638,716227.8656,67579.523,648648.3426,252540.8233,51002.4323,201538.391,0.5915409212,6.338009597,0.7255581804,25.2189497,23.64063925,25.02416102,24.19918918
2440,620585.1133,59830.4023,560754.711,809213.0652,63334.71404,745878.3512,350074.0782,40402.70067,309671.3776,0.616843241,1.871355216,0.7029832521,1.535585243,26.15483625,2.111975265,26.37454089
2441,201895.2539,62136.87772,139758.3762,219594.3339,40587.37356,179006.9603,211502.315,56327.79143,155174.5236,0.9139641515,2.074175643,0.8682892343,54.27962625,97.70952479,54.92591358,98.35577796
2442,794003.8085,53189.84551,740813.963,781660.4114,48424.71717,733235.6942,290214.9022,52957.23959,237257.6627,1.771026997,5.590189179,0.8560521855,99.87710215,46.28249376,101.6430753,46.14879492
2443,63571.4814,60115.79934,3455.682057,60464.94097,51759.65076,8705.290216,169271.0225,42507.64162,126763.3808,0.1058192146,5.086639672,0.7485889339,32.05485832,76.49402963,32.1454656,76.54869248
2444,796628.1331,49009.89271,747618.2404,936841.389,56442.22528,880399.1637,241223.7685,36245.32846,204978.4401,0.3684581164,3.657543192,0.6600935226,99.03868527,54.62671665,99.2265752,54.94366895
2445,766335.7305,51412.42556,714923.3049,725345.4485,50893.81182,674451.6367,257129.3642,53811.33268,203318.0315,2.530827548,1.699287462,0.6885635919,58.07347629,23.23931783,59.96446291,24.92135757
2446,671799.1653,54232.18143,617566.9838,865340.7029,58404.46047,806936.2425,279577.2236,46073.03202,233504.1916,1.657650935,3.211086733,1,61.11821111,11.2386111,62.41954599,12.26541884
2447,828172.324,52457.58803,775714.736,659295.5529,46417.30449,612878.2484,303456.1775,54067.11572,249389.0617,0.114246537,1.841263512,0.8887582233,94.31954381,3.706280832,94.30962185,3.820095707
2448,233244.4058,63884.89313,169359.5126,203697.0349,60666.43951,143030.5954,260205.3429,54277.10218,205928.2407,0.2824693067,2.493535802,0.7849633754,42.82588798,58.19588896,42.68403582,58.440157
2449,175280.0257,61777.44031,113502.5854,148934.8749,45429.05024,103505.8246,187379.907,56121.1948,131258.7122,0.4606608372,3.099281335,0.9482274248,78.13156153,6.789867762,78.58159383,6.888251361
2450,53455.88268,54094.54222,-638.6595386,54754.84863,56493.63019,-1738.781554,175377.362,42322.03922,133055.3228,1.346785383,3.824815563,0.6121296743,7.298442191,15.23439437,8.581408527,15.64406283
2451,143563.7657,44637.81677,98925.94888,167596.7914,59242.38281,108354.4086,210155.9487,43523.84655,166632.1022,4.981506725,1.545811721,0.5924317052,98.11797336,60.2178249,100.15188,64.76520138
2452,38152.19868,51481.22993,-13329.03125,58261.11268,57760.41023,500.7024449,160823.6936,34583.49705,126240.1965,1.04105762,1.329068989,0.7112194548,1.062803126,1.652953966,1.627554936,2.527514633
2453,802765.4311,58164.12116,744601.3099,567580.8219,61342.2434,506238.5785,279741.4095,49175.50626,230565.9032,2.766378319,1.768980046,0.9725816023,62.27530771,85.73648408,62.61798126,88.48155672
2454,699397.6232,58877.77205,640519.8512,1034902.751,60732.64982,974170.1014,309090.0198,56982.09778,252107.922,0.5328554618,2.501195852,0.8184538276,27.38024356,80.87786614,26.94431145,80.5714381
2455,686793.3953,69152.39464,617641.0007,717244.1688,35515.9819,681728.1869,293692.4621,47471.88348,246220.5786,1.83579232,6.254987852,0.7729005069,74.90989051,83.55899869,76.12000444,84.93949053
2456,1070864.874,58327.30245,1012537.571,755416.1378,49932.68548,705483.4523,263583.491,56894.41059,206689.0804,0.6877342771,2.519858086,0.7825488849,51.04330366,18.61185596,50.50565776,19.04070946
2457,55486.3744,50445.65688,5040.717518,36662.22317,44770.53669,-8108.31352,24406.80509,41826.36301,-17419.55792,1.007266318,2.230650956,0.6634399221,21.13724582,95.65653371,22.09606259,95.96516916
2458,665153.5847,57415.88561,607737.6991,663328.8346,43907.39114,619421.4434,293995.5709,44765.81811,249229.7528,1.267363412,4.617068821,0.7843811716,84.27268043,38.80638045,85.30233216,38.06744383
2459,144260.5092,62025.27871,82235.23045,168952.2189,47870.69968,121081.5192,232303.7205,50801.47391,181502.2466,0.6423947743,2.897060128,0.802956692,38.36720476,48.2750058,38.83498652,48.71529124
2460,62748.97527,64013.59646,-1264.621195,39253.36289,52698.06828,-13444.70539,88586.02996,47927.46493,40658.56503,1.095536445,2.900093646,0.9275333647,16.0986426,60.90644322,16.92184802,61.62930761
2461,232607.6171,54643.66984,177963.9472,140796.9519,46743.98406,94052.96784,234675.1776,55482.7394,179192.4382,0.3992399954,2.532433958,0.7878140657,64.13081806,27.48682473,64.33549587,27.82960684
2462,63234.28969,61311.83731,1922.45238,61104.47425,57067.07108,4037.403169,190288.5308,45091.06663,145197.4641,0.06997407002,1.648235242,0.7213412017,84.85270774,2.284066249,84.92100028,2.299314179
2463,290640.4484,53471.12981,237169.3186,156504.057,56185.27688,100318.7801,189591.1693,54441.21129,135149.958,1.261422645,3.549701754,0.8408780055,8.343371754,80.21663119,8.866510337,81.36446093
2464,803925.0581,58730.34672,745194.7114,727369.5195,45150.3103,682219.2092,230811.2076,42563.80588,188247.4017,1.027447186,2.217515804,0.6469553658,75.61557627,45.73189359,76.00181056,46.68398119
2465,935429.5528,56260.25616,879169.2967,824807.3823,51864.29559,772943.0867,279755.7657,56943.03294,222812.7327,0.7349910423,3.226838485,0.7742171595,65.30636055,49.75538224,65.74821529,50.342729
2466,194664.1826,48997.20912,145666.9734,218270.3567,53260.23503,165010.1217,156279.881,68760.85473,87519.02625,1.788092175,1.922854645,0.86494921,10.75977284,69.94288355,12.54378859,70.06355425
2467,50853.82664,54900.62387,-4046.797224,53048.16375,49793.32287,3254.840877,141196.6716,57018.04337,84178.62822,2.381592858,1.595342325,0.893918911,38.0325807,63.21662067,40.39589771,63.51109863
2468,29764.60646,43462.22849,-13697.62202,47681.95311,45798.70187,1883.251237,127774.7806,64922.24019,62852.54045,1.122406134,1.224296645,1,89.9119383,9.399654617,90.92712063,9.878403357
2469,739368.9027,48515.1789,690853.7238,785414.1428,58840.32809,726573.8147,236963.4106,41465.18226,195498.2284,2.583841634,1.078992968,0.5658046739,82.22789337,23.15650965,84.80654985,23.3201201
2470,120886.4365,47358.22877,73528.20769,170357.35,48728.79708,121628.553,188403.0981,47588.09422,140815.0038,2.203175616,2.854988659,0.9429002395,44.78486723,59.98765622,46.75452102,60.97479691
2471,224901.182,62347.37149,162553.8105,206615.2185,58059.16012,148556.0584,138559.0826,44406.713,94152.36964,1.503062213,1.772421562,0.7377402276,84.92033762,1.534128395,86.42255291,1.584578899
2472,848899.783,53617.45927,795282.3237,736411.7099,46246.79577,690164.9141,250088.4497,51390.38262,198698.0671,2.579736806,2.593089082,0.9823772381,1.594045407,10.61810608,-0.1092573336,12.55557911
2473,40505.91541,46691.03709,-6185.121683,53534.57608,52246.22842,1288.347666,179285.992,51312.15599,127973.836,1.13080365,2.392479645,0.8222248134,71.70268435,73.3157562,72.83308947,73.28573699
2474,663303.2376,56468.20041,606835.0371,719588.4536,55941.78738,663646.6662,351313.1331,53331.55121,297981.5819,1.017404862,7.012621953,0.7879720913,57.03062768,52.96500968,57.46905622,53.88310176
2475,887729.5921,69247.78441,818481.8077,861633.6704,54241.84858,807391.8218,260905.2208,50519.22864,210385.9922,1.778414284,4.235047164,1,97.54874941,58.38688141,97.42752964,60.16115961
2476,731231.9375,66270.57268,664961.3649,627820.5728,51524.79169,576295.7811,309569.5427,51831.11579,257738.4269,2.854271478,2.133440471,0.7322335585,35.80348351,85.31680327,34.17779369,87.66286343
2477,45552.73646,43472.05652,2080.67994,64116.52243,68188.58461,-4072.062173,160402.6762,55615.14671,104787.5295,1.354466511,1.449826037,0.8499348651,19.50118091,7.696570835,19.79222343,9.019398784
2478,150275.3084,53299.40764,96975.90073,164190.9046,56754.96482,107435.9397,184810.4412,52352.92948,132457.5117,0.4527388881,3.09019915,0.6457837649,16.87396872,84.34474123,17.30527815,84.20710158
2479,160253.8058,56569.02641,103684.7794,162515.0223,60462.01874,102053.0036,189721.5895,63305.08963,126416.4999,0.644853464,3.03002682,0.8506350887,72.32227626,44.71961819,72.92220306,44.95610038
2480,52293.66829,47894.94527,4398.723011,35642.02617,45815.36907,-10173.3429,136992.5888,51355.50482,85637.08401,0.8465567042,1.25644092,0.8443100494,1.930048541,45.25339954,2.222111552,46.04797959
2481,75360.19902,65195.97739,10164.22163,40799.04641,50353.22745,-9554.18104,129784.8061,58657.79291,71127.01315,0.5247136338,1.556539088,0.6093254629,93.99991705,82.49319096,94.31909343,82.90966525
2482,52412.52074,53472.22666,-1059.705922,54242.59474,55018.82658,-776.2318356,149249.1411,68764.87404,80484.26707,0.9057065105,2.789517313,0.7823350706,21.96894036,32.16028381,22.79072972,31.7795391
2483,167181.5456,59248.61756,107932.928,140229.3112,45684.02644,94545.28473,195882.3986,48142.90857,147739.4901,1.139044344,2.513514979,0.7579662016,34.09928649,14.03609539,34.18460782,15.17193969
2484,698410.4012,50108.27169,648302.1295,691941.1159,45970.37027,645970.7457,238090.5708,43450.7127,194639.8581,1.772062226,3.478935755,0.9421390497,41.67229588,33.92108966,43.34624324,34.50255741
2485,913643.2633,46366.76111,867276.5022,863543.4582,39163.93385,824379.5243,237591.824,51827.82414,185763.9999,0.4462137801,2.504383494,0.7596961724,45.81389686,45.16435453,46.21620122,45.35737769
2486,38193.99128,48530.23149,-10336.24021,40744.34882,54780.91878,-14036.56995,190912.9667,61938.56848,128974.3982,0.6277819855,4.281220187,0.6902121152,69.27426005,83.17229779,69.88535437,83.3160822
2487,650691.4773,53018.70848,597672.7689,537341.2101,53081.77093,484259.4392,294405.2662,52619.70879,241785.5574,1.917539229,3.213373141,0.7472973424,48.78254555,21.1180924,50.67348993,20.79983772
2488,146242.2979,42899.86001,103342.4379,160979.8073,48341.90111,112637.9062,205327.7483,43782.42898,161545.3193,2.699712518,3.167760559,0.8526917737,10.60384162,58.94889017,11.09322021,61.60387723
2489,936274.9063,46582.41766,889692.4887,676167.9768,60583.99653,615583.9802,289944.9571,43701.22603,246243.7311,0.9742758857,2.250406961,0.7897333612,11.27807962,32.99190273,12.246228,32.88280551
2490,185231.4597,45675.54064,139555.919,125477.4213,34196.99244,91280.42885,210979.2971,47060.2059,163919.0912,2.077848188,2.929532041,0.6906691458,92.97330053,7.564342928,94.9179435,8.296338012
2491,219797.4365,67703.43409,152094.0024,197889.3849,63392.45474,134496.9302,205284.1523,44385.72015,160898.4321,0.9100960027,1.966959477,0.7385408869,0.6178058142,56.95372764,1.20435409,57.64959821
2492,233370.1843,68148.29999,165221.8843,240328.1951,50489.99185,189838.2033,144984.8241,35589.68064,109395.1435,1.197811656,5.397169099,0.8521919564,18.7125745,91.19570719,19.01900628,92.35365897
2493,961769.9546,66307.80669,895462.1479,841967.0677,56140.6305,785826.4373,339879.8194,46465.17766,293414.6418,0.2567931802,2.223276299,0.7126968953,53.79433188,13.15045195,53.99886531,13.30572208
2494,189697.6527,51213.41616,138484.2366,245584.4419,60619.53418,184964.9077,221234.6108,43881.69156,177352.9193,0.6493119523,3.176696563,0.7628869642,77.26380176,36.15122995,76.66919421,36.41208983
2495,629233.7927,67695.28268,561538.51,732805.7681,48302.22307,684503.5451,274002.1185,61167.72696,212834.3915,1.470681389,1.828780229,0.5955871305,56.37536914,66.29462283,54.93025642,66.02157891
2496,688539.7453,69020.00652,619519.7387,569693.7488,53793.46927,515900.2795,279158.006,54701.2148,224456.7912,0.7842466071,2.453900114,0.8037824069,13.60914563,65.28134964,14.34881803,65.54197865
2497,213044.5067,61101.39287,151943.1138,159778.9496,60926.27265,98852.67692,168702.4578,40497.74563,128204.7122,0.8924342934,5.386245707,0.7043446553,32.19861054,12.2330277,32.94824328,12.71726909
2498,809747.2016,44523.36349,765223.8381,604894.7122,50643.54182,554251.1704,234986.3704,48671.05533,186315.315,1.224146515,2.27546479,0.8541847451,87.72572188,92.97492317,86.83763094,92.13240956
2499,193698.2682,51167.80794,142530.4602,139976.9096,49522.93648,90453.97314,220109.7667,61913.7675,158195.9992,0.1782300704,2.49883649,0.7274508245,87.44625789,47.64682486,87.54991996,47.79180808
2500,236095.2369,59789.11003,176306.1268,166583.9079,61143.84853,105440.0594,196565.8175,47978.74934,148587.0682,0.9308125717,1.391815571,0.7506533493,60.31286704,98.07973868,60.49693177,98.99217072
2501,69334.76263,65058.61565,4276.146981,49154.08217,51246.96265,-2092.880476,175753.8811,57381.71015,118372.171,2.685978968,1.697599533,0.9374261584,63.14997449,39.86956264,63.39162125,42.54464953
2502,694414.0719,56950.88845,637463.1835,802426.5875,46944.00205,755482.5855,352862.2091,50115.74769,302746.4614,1.53798539,4.600620073,0.7028172551,86.63123432,66.45544876,88.14227277,66.74208766
2503,210013.1648,51961.6749,158051.4899,251444.9548,60558.06365,190886.8912,190130.7855,52098.16409,138032.6214,3.014038381,1.804335143,0.8747044194,21.36078537,26.45463994,24.10818234,27.69409033
2504,70522.63271,65841.39215,4681.240562,42349.57093,48610.73163,-6261.160703,96470.61851,37835.00884,58635.60967,0.8465680636,3.778008095,0.7248470464,55.23690287,36.85329045,55.65668862,37.58844853
2505,934708.2382,53964.03954,880744.1986,521754.8202,44278.00854,477476.8116,295615.2629,49450.46238,246164.8005,0.8351852956,2.697437125,0.8044652921,86.59450494,79.86716871,87.2831278,79.39458748
2506,924982.8288,52263.07235,872719.7564,770010.5505,54140.47913,715870.0714,316747.5728,49838.54036,266909.0324,0.7738075496,5.136987777,0.9082343312,64.88468386,38.26643129,65.59285831,38.57830799
2507,735867.6865,48150.86733,687716.8191,652225.8899,60932.66311,591293.2268,276582.0769,64461.55329,212120.5236,0.3211496821,4.647813183,0.7379841201,13.45299205,96.39447304,13.73191911,96.55364846
2508,890044.1268,40398.01446,849646.1123,674809.2332,53114.30531,621694.9279,199352.6763,36468.89336,162883.7829,1.471775755,6.879276557,0.6983347285,40.09291032,39.90666537,41.20737274,40.86796521
2509,1041231.922,49246.49965,991985.4219,786123.2771,46195.24692,739928.0302,249291.5345,51946.73776,197344.7968,1.005883886,1.726414415,0.8964962601,4.864332887,39.95465366,5.870216767,39.9547683
2510,187466.1557,52542.03607,134924.1196,138662.6937,52796.33876,85866.35493,242822.4565,46784.98527,196037.4712,1.318842496,1.240052361,0.747662328,86.47805585,46.89219889,87.58742372,47.60539483
2511,83766.6591,71264.62578,12502.03332,37829.84797,50781.04167,-12951.19369,176040.5915,56876.49221,119164.0993,0.869740132,2.353128095,0.7859572935,97.15145021,37.39783916,96.32593559,37.12402624
2512,223841.698,58521.28158,165320.4164,243314.3627,47201.75255,196112.6101,147142.3134,55336.91656,91805.39682,1.802633858,2.302378457,0.8459892122,24.57277329,74.07457937,26.046833,75.11219046
2513,72482.15868,64052.17307,8429.985604,43724.31944,67059.48977,-23335.17032,71603.74664,46906.85944,24696.8872,0.2440760224,4.199359235,0.7677282833,5.97697226,76.70818018,6.22070424,76.69522539
2514,253346.3055,58206.58958,195139.716,198111.4348,64080.27936,134031.1554,243432.418,62766.56936,180665.8486,1.075745101,1.625530353,0.8098034702,75.43159248,66.64287981,76.4302618,67.04273868
2515,44080.6939,44955.7487,-875.0547984,46561.85753,53241.34948,-6679.491958,79625.08957,47091.69862,32533.39095,1.90240275,6.018405437,0.6178470693,92.98531897,97.32630872,91.69810321,98.72709843
2516,924837.065,43262.75876,881574.3063,651676.5739,47506.38413,604170.1898,255538.6433,56706.84201,198831.8013,1.450185474,3.23206532,0.7853243408,73.84173766,77.39241875,74.17111967,78.8047025
2517,97529.63902,51484.40605,46045.23296,233946.3299,64983.13309,168963.1968,194800.8732,49034.49764,145766.3756,2.06768707,0.7321780544,0.9351001013,95.88680399,65.99671379,97.053045,67.7041129
2518,963284.3714,57360.49943,905923.872,766982.8432,47393.13462,719589.7086,220939.9796,51997.31892,168942.6607,0.2403133401,3.337711488,0.760768531,30.87223978,89.49322605,31.06581112,89.63563615
2519,705016.4109,45092.95564,659923.4553,808976.7357,51514.35871,757462.377,345979.0567,50228.65375,295750.403,1.034974629,1.875494394,0.6555641474,36.30696242,41.71321827,37.26599935,42.10234633
2520,952921.548,44105.20076,908816.3472,900700.8303,50839.72002,849861.1103,324198.3743,45057.79681,279140.5775,0.5698428506,2.196404891,0.9140675501,22.61116816,16.86085678,23.14466269,17.06111776
2521,33894.66879,42312.8421,-8418.173306,28774.49121,42579.50697,-13805.01577,162057.6114,47673.74058,114383.8708,0.7599992427,1.438009284,0.7267356716,16.90572924,44.787706,17.16823872,45.5009294
2522,40451.47617,51175.18022,-10723.70404,60232.19847,54218.30923,6013.889235,166837.6519,54697.82524,112139.8267,1.725028626,0.8845431005,0.6831828741,89.33441736,47.75289196,90.11483507,49.29129111
2523,747187.0601,57765.46487,689421.5952,545617.8489,48137.4306,497480.4183,263626.6008,42515.78182,221110.819,1.004999828,1.554898423,0.8254535973,14.68234487,47.92229945,15.68400156,48.0042051
2524,873108.2382,51122.26435,821985.9738,669218.7571,54981.68812,614237.0689,246162.798,44669.81434,201492.9836,1.28867828,2.949954584,0.7793042846,60.31422124,48.86532288,61.23028009,49.77170465
2525,207857.6024,59939.70828,147917.8942,125319.3887,57340.62147,67978.76725,241760.1993,41157.82649,200602.3728,0.248397103,2.717678465,0.9787789477,86.97746098,65.35564114,87.22022876,65.40822369
2526,229427.7066,50762.82676,178664.8798,151798.3681,60758.78896,91039.57911,204441.6867,58176.70943,146264.9773,1.312878312,2.590908823,0.9007607795,39.28267476,77.8835456,40.01853408,78.97081766
2527,55785.77784,56232.6583,-446.8804556,54477.45934,58663.4356,-4185.976256,171175.5513,47784.75686,123390.7945,1.55463126,4.249039142,0.8205506013,60.91471671,80.80703052,61.99141974,79.68560779
2528,277868.786,52706.96188,225161.8241,226307.9077,49460.8245,176847.0832,149764.5005,58955.62813,90808.87234,0.9525955677,7.748769273,0.6165709142,5.963947931,47.40163607,6.900025312,47.57826408
2529,196264.7215,61552.86814,134711.8534,142208.8393,45675.09048,96533.74886,184151.3171,55136.40337,129014.9138,2.680943896,2.601627424,0.5982463663,22.37625604,47.21068629,22.36079876,49.89158563
2530,64195.26799,65216.35869,-1021.090699,48123.06044,50395.01518,-2271.954735,152025.7948,36594.25824,115431.5365,2.779376245,3.099171618,0.9091208032,27.40754867,65.24791906,27.38074465,68.02716606
2531,191471.7358,56771.66513,134700.0707,172488.3953,52422.3778,120066.0175,195853.7995,45373.50215,150480.2973,0.7412576587,4.509354546,0.69119461,23.62544362,8.987690763,24.0715734,9.579663012
2532,67975.08524,67599.56452,375.5207201,32431.88086,48241.28033,-15809.39947,123045.9047,50438.10794,72607.79681,1.419703917,2.847101495,0.6858120132,31.20128985,84.67733939,32.58876034,84.97814641
2533,861800.8563,48785.24122,813015.615,871181.2906,60076.20913,811105.0815,286732.3824,41567.51025,245164.8722,0.9016419576,3.210310253,0.8407519418,58.85980382,16.0564626,59.67089962,16.4502669
2534,75890.1277,66436.81442,9453.313283,53511.69472,60431.07838,-6919.383661,46259.58279,41366.19862,4893.384168,0.6415781623,7.680266936,0.8777198085,41.74383107,46.63703709,42.24883955,47.03275033
2535,703736.4894,50808.55062,652927.9388,647920.0474,50175.41464,597744.6328,304469.334,54882.20597,249587.1281,0.4214360417,1.684993711,0.7394892721,57.30741883,8.673121172,57.58336498,8.991652272
2536,1121761.552,63374.08578,1058387.466,739511.4958,50786.90054,688724.5952,261963.0502,41885.9132,220077.137,0.5294794672,4.344327058,0.8472013386,44.18799545,30.60269875,44.69373622,30.75946222
2537,62569.90288,64144.43378,-1574.530897,61483.20727,61921.05483,-437.8475628,150872.859,51509.67702,99363.18198,0.8797664978,3.246663203,0.9516381866,52.07798131,98.62269064,52.84400581,99.05535167
2538,73567.35352,58072.46437,15494.88915,53882.21484,46266.58819,7615.626651,126843.4256,65605.99791,61237.42769,1.167802804,2.563487687,0.8085422948,83.70895616,77.79537332,84.35981592,78.76498405
2539,808460.0464,58822.71946,749637.3269,665423.7475,46234.27598,619189.4716,284414.4822,47104.6345,237309.8477,1.171468028,1.564250512,0.9435737554,73.49932337,96.90493357,74.53999219,97.44284225
2540,865998.8088,53886.57781,812112.2309,864104.4598,49213.18432,814891.2755,245099.1863,49043.05445,196056.1319,3.73499276,0.924991743,0.774024362,85.7899822,15.85663538,88.67668728,18.22667857
2541,171194.57,55611.54911,115583.0209,203790.2526,50217.09984,153573.1528,282314.6152,47497.29168,234817.3235,1.204167236,2.961820329,0.8300621876,52.90592515,89.60944693,53.8694372,88.88718433
2542,222403.6404,61216.11797,161187.5224,168810.6158,65551.68526,103258.9306,176895.5201,57471.70703,119423.8131,0.8603685171,5.046685152,0.6795202612,80.79221918,66.97280735,81.43098006,67.54919135
2543,647101.347,54478.10617,592623.2408,552703.0255,50054.21937,502648.8061,304591.0828,48759.84952,255831.2333,0.5251573483,1.779896305,0.8791134293,24.46728508,78.26832305,24.87399908,78.60054883
2544,805133.5317,54131.90106,751001.6307,793902.563,57020.51409,736882.0489,232016.5233,59760.48795,172256.0354,2.444055034,5.662522595,0.9897911114,26.70043447,54.30852776,29.1429555,54.39510729
2545,975525.3167,64909.01704,910616.2996,590917.0085,52932.64061,537984.3679,303049.5354,41396.78139,261652.7541,2.626524315,0.915725938,0.7874643847,84.8423009,14.87896878,87.13737422,16.15617996
2546,260970.2611,48701.13359,212269.1275,155797.4753,32756.15996,123041.3153,213441.9327,43694.81095,169747.1218,0.9445062294,1.447192918,0.628039337,18.08242306,23.00575055,18.56841919,23.81562695
2547,50850.95621,47973.06911,2877.887102,53774.06863,56749.56623,-2975.497594,91636.74288,44696.97403,46939.76885,1.466637865,2.697362604,0.7746271511,70.80431792,58.25440676,72.27032038,58.29757398
2548,142054.5878,59086.35523,82968.23261,184275.7561,59110.25784,125165.4983,203278.3686,53941.64427,149336.7243,0.1073138352,4.081156335,0.6815534171,15.34910975,63.09703255,15.38545801,63.19800315
2549,175543.81,55445.88262,120097.9274,132563.289,41035.12142,91528.16753,179904.1076,44445.39264,135458.7149,1.235722059,1.964488207,0.9869855867,12.85414195,13.17174862,13.03541031,11.94939401
2550,112202.2793,53079.44413,59122.8352,182627.0871,57344.48713,125282.6,162874.7036,43640.09407,119234.6095,1.441605993,8.26133578,0.9274005096,57.59689251,15.0139741,58.47038953,16.16080922
2551,58653.45535,61204.1257,-2550.670352,50337.14747,50763.74683,-426.5993513,141981.8181,34588.58883,107393.2293,1.603928562,3.366392417,0.8752011494,29.10343692,83.11061512,30.17055818,84.30804531
2552,75056.24595,66195.76091,8860.485039,57128.6436,58678.28015,-1549.63654,117663.3916,42301.29041,75362.10119,1.026674207,4.758006526,0.7586386226,52.01944713,9.904757841,52.77449219,9.209080553
2553,911363.0124,58105.00562,853258.0067,581844.8729,69599.52694,512245.346,301033.5724,50962.32198,250071.2504,0.6742931444,2.067339992,0.571152809,65.19821436,64.28602676,65.18663431,63.61183306
2554,219034.032,54548.58892,164485.4431,187067.311,62019.13002,125048.181,231599.9424,35790.65327,195809.2891,1.379632028,1.481944604,0.5494508902,34.80420261,53.94019103,35.46035705,55.15379965
2555,913485.8835,65198.46024,848287.4232,835405.9729,73008.85379,762397.1191,272610.227,48510.98111,224099.2459,0.2841738945,2.937734172,0.7270619219,13.16419598,0.5521911092,13.35031377,0.7669350685
2556,162660.0045,50445.13374,112214.8707,196466.8628,52118.52683,144348.336,254877.7546,46307.23787,208570.5167,0.8818837235,1.619390598,0.7195024848,68.71190583,9.03263852,69.01804793,9.859678977
2557,741820.9819,61440.90458,680380.0774,612161.636,46879.37834,565282.2576,306751.7262,47659.48917,259092.237,1.859318801,2.203336589,0.5656236718,1.44409523,48.47272297,2.659660215,49.87965871
2558,60598.59469,58360.99224,2237.602442,47536.8815,50352.50534,-2815.623835,100076.1703,43865.38261,56210.78772,1.849104593,0.8207481456,1,25.35067852,62.84757396,26.07684796,64.54812262
2559,66646.46839,54266.82901,12379.63938,38499.84809,47006.92625,-8507.078159,152623.6155,35148.50964,117475.1059,0.6599607926,5.017966309,0.6130277224,59.73667868,31.26671735,60.39509388,31.31185806
2560,853099.9833,56349.03077,796750.9526,656487.4173,53384.37116,603103.0461,226090.7723,61817.31198,164273.4604,1.716265688,2.856126278,0.7911327041,6.422103127,62.28455222,7.455771302,63.65462449
2561,257286.2135,65315.37896,191970.8345,196936.1766,54865.79275,142070.3838,222219.8574,47095.10335,175124.7541,0.8357258886,3.670712174,0.8319170153,79.56779213,28.62172577,80.13507493,29.23542601
2562,278191.7889,63369.69768,214822.0913,232945.9725,76036.14085,156909.8317,249322.914,59932.35424,189390.5598,2.538528701,2.922124346,0.6203527339,2.565014725,74.88181868,5.103352587,74.85069208
2563,140562.9961,39055.61803,101507.3781,136803.2648,52748.77807,84054.48671,214227.2497,55044.30582,159182.9439,0.3211821701,2.358175664,0.8450441059,94.05242196,59.37033916,94.26864273,59.60783983
2564,43665.27413,46218.79279,-2553.518658,57224.22188,51821.20426,5403.017615,182257.9445,53089.10353,129168.841,1.009668759,3.354613642,0.7632142026,38.20187543,78.15035659,39.13917251,78.52572999
2565,246648.2198,55305.05161,191343.1682,115437.7702,51669.12492,63768.64532,158127.7494,33757.35236,124370.397,1.578409637,1.73042042,1,18.6099412,7.021240703,20.18297181,7.151439383
2566,892199.0674,61863.25835,830335.809,790621.1498,49112.10762,741509.0422,275485.4785,56272.44271,219213.0358,0.7483422293,3.950494164,0.9419587098,87.7773888,80.50647238,88.37192566,80.96094132
2567,77845.7142,59767.07153,18078.64267,45996.7202,53441.37823,-7444.658031,150789.6896,40032.48169,110757.2079,2.403645943,4.771259203,0.7635908805,64.97905677,92.00765554,67.05019844,93.22744487
2568,94506.62826,71143.0572,23363.57106,60693.92992,65287.11231,-4593.182387,67209.5623,45102.35305,22107.20925,2.666479732,1.631019338,0.6414211713,60.53915192,16.37805962,62.68897019,17.95552453
2569,460727.8542,45068.93336,415658.9208,781214.8483,63335.1115,717879.7368,256021.0671,49001.78075,207019.2863,0.8534125466,2.635673962,0.6485508843,7.80433721,11.09381036,8.643245323,11.25048248
2570,41404.05689,50491.18003,-9087.123144,34852.74915,45913.18984,-11060.44068,114966.4351,51465.40337,63501.0317,0.4380894269,2.630792844,0.6190373991,25.70107872,8.859369304,26.03410833,9.143998224
2571,887097.5883,52015.26741,835082.3209,860217.4453,58021.39598,802196.0493,277419.5847,40185.67941,237233.9053,0.2225580952,1.424790158,0.9883400911,3.667738298,61.38137385,3.809899195,61.55261165
2572,50486.13631,56826.5766,-6340.440299,59655.62323,54105.7274,5549.89582,72575.31834,49836.30671,22739.01163,0.2541232495,1.651386452,0.6836843429,94.70090041,10.12941885,94.92924304,10.24094584
2573,180610.0271,38406.37116,142203.6559,199427.6589,61366.04427,138061.6146,179417.7813,52780.53333,126637.248,1.741187848,3.760659947,0.6152584327,21.39122491,83.83991498,22.85479162,84.78315811
2574,952963.8451,65804.97018,887158.8749,577030.729,54167.73528,522862.9938,247467.5136,40154.99429,207312.5193,1.056799537,3.189589134,0.7599242162,34.27504504,56.98757406,33.37638197,57.54365854
2575,74946.15646,65996.07351,8950.082948,44854.76681,41076.16273,3778.604077,120080.0027,50163.83115,69916.17156,1.217898655,1.87772174,0.9578119082,32.34184418,67.59298634,33.42423794,68.15128812
2576,22569.65656,44699.53795,-22129.88139,58874.68474,57517.20744,1357.477298,201708.462,51212.81507,150495.6469,0.8445211936,10.27395928,0.8568199473,58.85883476,65.69078657,59.6321603,66.03017374
2577,47540.13589,53453.63545,-5913.499556,45597.83977,50979.57663,-5381.736855,147661.1728,58745.84013,88915.33266,0.5722777099,3.757045143,0.9273530786,50.48488821,74.15819498,50.97607781,74.45185219
2578,755058.0965,50410.49926,704647.5973,639353.3827,40785.29693,598568.0857,340489.0213,33575.62833,306913.393,2.926647281,2.627668496,0.7595935689,61.19332921,83.02922294,62.85898158,85.43564487
2579,249531.9326,65795.62584,183736.3068,147604.4496,50134.99118,97469.45841,226087.3025,61552.72736,164534.5751,1.328639664,4.866693369,0.7897183742,89.13633478,77.56900271,90.19746321,78.36855871
2580,63668.28498,64479.41455,-811.1295618,72618.35911,65478.72468,7139.634433,195682.5607,49608.63347,146073.9272,1.264835676,9.478831179,0.9018285535,57.08744928,56.71389753,57.40419707,57.93843014
2581,65064.46173,51048.16083,14016.3009,52525.38734,57802.13297,-5276.745632,161370.6093,65415.19943,95955.40988,1.393132071,3.979550476,0.854697139,22.21563839,43.42562961,23.31264532,44.28434537
2582,69203.70965,58680.93539,10522.77426,58219.38618,50563.48959,7655.896589,190759.3747,48572.39295,142186.9817,0.2386038127,2.009369984,0.7131809716,7.596189136,30.83482486,7.76974262,30.99856541
2583,845435.0314,61710.08832,783724.9431,657571.1078,57015.52429,600555.5835,282948.9616,57063.92076,225885.0408,0.4912881969,3.458014924,0.6169026837,45.6623324,0.9958242313,46.14495887,1.087670777
2584,205390.3324,47604.77626,157785.5562,157230.9705,41092.912,116138.0585,188898.3806,46972.59232,141925.7883,0.2386592318,2.194848742,1,87.66133459,49.61093812,87.89812857,49.64071796
2585,210443.2909,49955.19258,160488.0983,171124.4116,52951.52015,118172.8914,139471.2599,53130.79302,86340.46687,0.2529546218,3.123326617,0.5532617675,26.33834656,76.2970618,26.57479023,76.38695301
2586,210003.4021,59203.92965,150799.4725,185833.975,63074.037,122759.938,228912.3941,56211.49331,172700.9008,1.364871949,3.523506216,0.8749718464,8.116346468,81.17850553,9.455815298,80.91640118
2587,673870.8368,62685.31955,611185.5172,794341.9033,46383.56936,747958.3339,306878.0297,58473.30377,248404.7259,1.109576363,2.267786035,0.7197719605,30.22488697,5.359403893,31.25830515,5.763392232
2588,1067957.857,58515.48999,1009442.367,656842.8763,47891.17339,608951.7029,198838.7969,49127.05815,149711.7388,2.527729643,1.719299099,0.8064634988,72.1368821,16.32416688,74.4391772,15.28068501
2589,35901.89559,57312.90592,-21411.01033,60942.18352,50943.2494,9998.93412,91198.34964,40019.77203,51178.57761,0.3339648061,3.145121655,0.6482378073,55.15821683,22.94811656,54.8338937,22.8684485
2590,696160.3049,66657.93041,629502.3745,694624.6115,51766.33916,642858.2724,258639.9936,61944.78472,196695.2089,0.6286592831,3.790788378,0.6960816445,17.19500687,90.49061659,17.73663779,90.80975361
2591,181027.6822,48436.52356,132591.1586,103756.0632,49717.55833,54038.50485,237483.8784,42041.59938,195442.2791,0.4158004525,2.923868396,0.6675853785,33.36719586,2.514448518,33.29056266,2.923126102
2592,50449.47729,43903.31831,6546.158987,62007.19783,54039.47976,7967.718066,127911.2547,53537.65297,74373.60177,2.104196479,3.57428463,0.9240296078,60.8509515,27.00826839,61.96146425,28.79555803
2593,225855.3918,56196.90111,169658.4907,204085.503,49543.1273,154542.3757,244876.1198,54624.43334,190251.6864,1.172107873,4.210566474,0.7747962901,55.73246896,27.72486404,56.12770608,28.82832427
2594,806310.2141,44972.50627,761337.7079,724044.4204,50042.78711,674001.6333,350134.2398,64815.85066,285318.3891,0.8110931144,3.138896531,0.8686719553,62.7624566,16.99050157,63.56302424,16.86025755
2595,878487.7432,64967.99156,813519.7516,729456.8905,53100.52511,676356.3654,284586.3631,53450.54753,231135.8156,0.8084779558,2.999999401,1,83.50658147,23.52552854,83.37231932,24.32278025
2596,225364.213,51822.99261,173541.2203,161158.8251,50102.6573,111056.1678,193939.4354,46032.75969,147906.6757,1.319468117,3.702175777,0.6978633718,5.103985845,38.00514891,5.8241628,39.11074434
2597,195116.859,51707.81337,143409.0456,175841.2486,52917.32439,122923.9242,199265.0565,51027.87324,148237.1833,0.3273171633,2.741780902,0.8232073028,97.16844911,16.7658249,96.91908568,16.97784945
2598,825522.9776,60067.32854,765455.6491,648987.6015,52133.48171,596854.1198,326199.0224,49656.77534,276542.2471,0.940475262,1.742972429,0.8377854827,8.692239298,97.60790953,9.050158394,98.47761501
2599,869432.6981,64997.94251,804434.7556,565581.658,47418.00921,518163.6488,300366.1984,62840.64217,237525.5562,0.7189601659,2.092013319,0.9241712456,73.7595071,87.10075191,73.95556151,87.79246455
2600,1027515.524,39826.69236,987688.8311,812078.3746,59322.80384,752755.5708,373028.4924,53721.5477,319306.9447,1.050810902,1.494051498,0.8342311719,30.52201989,93.21445566,31.42141022,93.75787133
2601,58279.92324,62350.3279,-4070.404665,53583.46182,51417.85798,2165.603844,52046.87091,49087.58696,2959.283949,0.5335451024,2.031233592,0.8065958898,30.53911094,45.36718354,30.74019631,45.86138497
2602,59868.18237,66859.14067,-6990.958301,34849.01905,49946.1636,-15097.14455,100895.6948,49086.41547,51809.27932,1.637571841,4.157389608,0.7255790993,90.6567877,26.40061536,91.87010133,27.50039332
2603,156511.5262,64856.23318,91655.29298,154145.8826,42998.73072,111147.1519,236515.3917,51396.77057,185118.6211,1.1493536,1.069882053,0.7999723801,38.39633207,72.9869557,39.20641427,73.80229644
2604,866257.6385,50347.86771,815909.7708,835487.4693,50005.84582,785481.6234,264287.5887,63316.59509,200970.9936,1.367335808,4.335450766,0.791036114,2.96059643,55.3587564,3.544539733,56.59512909
2605,36079.53682,42812.74509,-6733.208267,53779.09807,42811.40798,10967.69009,160744.0479,44854.20595,115889.8419,1.933977781,3.363781787,0.700973495,0.8009474812,41.10765659,1.698771896,42.82060182
2606,763157.914,69752.57483,693405.3392,682401.1113,50725.30907,631675.8022,310151.8172,47545.50729,262606.3099,2.286041021,3.162239264,0.7356935918,85.56185164,14.51594023,86.38422773,16.64893838
2607,714460.0374,57181.83329,657278.2041,652290.4564,66294.32799,585996.1284,246726.2393,61870.36592,184855.8734,1.30576349,3.821025986,0.8328741732,83.86503918,71.6344589,85.06052036,72.1596665
2608,917474.1471,48227.17303,869246.9741,795284.155,64516.99905,730767.1559,309569.3143,41905.18958,267664.1247,0.9254557877,2.951104951,0.8736874698,85.09127611,23.67579742,84.41365736,24.30611578
2609,211204.0961,53524.96922,157679.1268,230992.3493,48395.69512,182596.6542,248695.711,40448.05956,208247.6514,1.747897671,2.6531366,0.6695915858,28.02668725,66.86365257,27.03786406,65.42234242
2610,696179.5626,50562.6726,645616.89,796107.5124,56302.17759,739805.3348,303560.3969,39950.7048,263609.6921,1.454369336,5.463016752,0.7484760633,40.37268759,35.53364478,39.34063191,36.55836485
2611,546705.4181,45810.29148,500895.1267,868392.5602,53088.13771,815304.4225,233599.8435,67957.91701,165641.9265,0.6623222686,3.058680232,0.817191102,17.55750794,94.63602228,17.65982525,93.98165086
2612,39222.04101,55608.35649,-16386.31548,59871.21564,43471.10207,16400.11357,125389.5987,55428.5442,69961.05454,0.09176928955,2.171528259,0.7082924337,35.55116544,46.16832444,35.46039698,46.15480815
2613,60389.16607,57514.33762,2874.828448,45456.97773,54042.6008,-8585.623068,170088.5638,46064.8393,124023.7245,0.5173776646,2.47023046,0.6964183279,19.24131935,69.09164547,19.55915493,69.49988583
2614,996541.9549,49646.46706,946895.4878,628771.5627,69290.3185,559481.2442,266679.9728,54811.97065,211868.0022,1.191747817,1.946347231,0.8974162395,41.84419692,75.81703406,43.03490829,75.76734199
2615,47764.10488,38833.90697,8930.197912,59343.04751,61202.59894,-1859.551423,129570.0535,53509.37183,76060.68167,2.78122958,2.175668851,0.611858519,2.277438632,30.58556284,3.598800367,33.03285546
2616,55983.92101,59373.9084,-3389.987391,64708.6234,66902.49344,-2193.870042,130298.0513,41537.50399,88760.54735,1.186946147,3.262680542,0.6185900756,43.7813028,27.2298802,44.82894879,27.78780405
2617,72811.62301,64258.96671,8552.656308,28650.8194,40285.97293,-11635.15352,142970.7619,46177.62737,96793.13458,1.059110536,2.015577724,0.7494098123,51.6193552,26.91979783,51.65143976,27.97842227
2618,1001436.501,45643.61721,955792.8838,930678.9716,44393.75137,886285.2202,291576.1261,41438.88874,250137.2374,0.9744588064,2.188187379,0.7745878552,1.445765708,95.83937077,2.05152069,96.60267338
2619,225526.8775,61127.75728,164399.1202,142392.2146,47139.36126,95252.85337,231555.5908,56665.44932,174890.1415,0.561219864,3.313625784,0.7242611677,2.350780532,63.20534074,2.822410773,63.50953254
2620,956527.3941,64457.13094,892070.2632,685329.029,44096.9213,641232.1077,316518.7349,55184.79575,261333.9392,1.873373469,1.791462063,0.8605380348,3.006797675,46.88772388,3.877896756,48.5462517
2621,762751.8447,65573.77218,697178.0725,669332.0713,62988.34429,606343.727,321029.1476,53596.31704,267432.8306,1.028339874,1.758210596,0.6678787986,9.198552046,11.51732364,9.355166485,12.53366749
2622,226366.9472,51333.82312,175033.1241,158000.5841,49410.30641,108590.2776,244881.3426,64068.56308,180812.7795,0.2721120431,2.550777713,0.864935287,45.60547679,47.45492399,45.6953403,47.7117693
2623,191672.1149,64589.63499,127082.4799,123137.6289,43908.81835,79228.81058,230278.3095,53214.86154,177063.4479,0.2354109245,4.403843767,0.7574884753,34.28746943,49.53737293,34.39601256,49.74626691
2624,190117.0031,56944.96611,133172.037,171544.744,48383.25061,123161.4934,230294.4916,50262.52371,180031.9679,1.233094702,3.522012518,0.6311765879,81.62485214,73.89123037,81.46924323,72.66799351
2625,40688.03185,56003.9085,-15315.87664,32942.15941,54750.25232,-21808.0929,172456.1891,45155.7025,127300.4866,1.919223195,2.526719847,0.8291533377,40.36317765,20.88666143,41.74069337,22.2230252
2626,787791.4841,44442.76146,743348.7226,579472.5283,56523.47067,522949.0576,287279.2956,58004.60886,229274.6867,1.376880552,3.543038195,0.7077650121,60.64742246,52.25462471,61.23904224,53.49792117
2627,795212.9414,62220.25398,732992.6874,883055.6067,51340.96859,831714.6381,269179.5911,43130.7478,226048.8432,1.785531158,2.232273207,0.6527113535,89.50171127,74.40024738,91.24727117,74.77593625
2628,755908.9596,73198.16528,682710.7943,878447.3248,64488.64727,813958.6775,322000.6116,48340.77965,273659.832,0.7972210251,4.721170199,0.9609448948,92.78349457,23.71853885,93.27575319,24.3456296
2629,147064.9487,50797.81555,96267.1332,175767.7702,55486.27018,120281.5,253164.4239,46405.30049,206759.1234,0.4682768287,1.21353773,0.7626417468,71.46608252,50.15952702,71.38126552,49.69899552
2630,883501.3622,55262.86257,828238.4997,627487.6078,60736.28729,566751.3205,211304.3322,48960.70526,162343.6269,1.252152761,1.121527757,0.8142443289,71.10953528,27.63627524,71.92143735,28.58953364
2631,930194.0832,56229.40832,873964.6749,783374.604,56271.12882,727103.4751,281576.1589,46998.34737,234577.8116,0.3044757291,3.658105966,0.6831615729,65.79555873,82.77441486,65.99778656,83.00203159
2632,53360.27915,52516.2548,844.024351,43283.27567,47230.44841,-3947.172746,157693.6765,53624.97275,104068.7037,0.1930415266,1.978828695,0.7611602952,95.50973714,58.69255392,95.60038379,58.52211855
2633,933664.4243,68474.12056,865190.3037,694653.0523,53824.67723,640828.3751,301820.3219,47036.30959,254784.0123,0.2598826896,3.805325265,0.6874865625,94.31266523,21.00792328,94.48290672,21.20428226
2634,52241.88373,60493.6608,-8251.777071,50703.09904,49296.71287,1406.386172,146566.0972,43401.21485,103164.8823,1.152004011,2.205635109,0.8552703867,24.25145054,68.63659909,24.18542192,69.78670929
2635,58986.58856,57488.41893,1498.169635,38173.23394,48079.85501,-9906.621069,166345.2207,44770.88559,121574.3351,0.2183755122,5.965380802,0.6883077197,33.35224184,62.49669141,33.29123184,62.70637128
2636,166499.1786,48812.76657,117686.412,164399.6943,63368.15827,101031.5361,305449.4255,59343.6171,246105.8084,0.7409241798,4.626969122,0.7816442441,2.392048029,92.56938919,2.968935054,93.03433004
2637,868202.4007,40827.72688,827374.6738,792750.62,47256.12274,745494.4973,323099.3884,45455.85735,277643.5311,0.9804682276,3.709330389,0.8000009108,73.41070338,41.16718255,74.36736058,40.95241537
2638,54067.59434,48535.6941,5531.900245,37847.29714,40724.75704,-2877.459902,142834.5252,51751.521,91083.00419,0.5987031025,1.65750948,0.7730987656,78.59285152,77.02583204,78.73911146,76.44526901
2639,170177.6692,40806.17205,129371.4971,209245.8743,63934.52033,145311.354,217562.1355,44721.43751,172840.698,0.4011577866,2.286490606,0.9474839382,63.46637582,0.8618124995,63.84758454,0.7368826034
2640,177579.4523,51552.5354,126026.9169,161166.9551,56422.94374,104744.0113,201303.4475,41208.71224,160094.7352,1.180569944,3.497357769,0.9662736859,99.85889296,2.910423443,101.0318255,2.776353797
2641,979592.9757,60690.16538,918902.8103,770600.3962,64908.15994,705692.2362,317166.2467,63405.99361,253760.2531,1.784869039,4.667616931,0.8508291489,96.78093114,43.16883718,97.55237638,44.7783805
2642,169471.1533,64097.1503,105374.003,164685.5866,53428.18513,111257.4014,131966.6958,43080.65187,88886.04393,0.1798765762,1.690279363,0.7279672179,46.94563237,29.93685602,46.90083447,30.11106489
2643,723503.6675,59765.68137,663737.9861,664783.8694,49512.41279,615271.4566,199101.4364,47868.42711,151233.0093,1.965488072,3.689095183,0.5574581891,74.13171456,19.24491976,76.01466042,19.80853156
2644,655849.4986,72791.33511,583058.1635,556785.5196,65617.12135,491168.3982,257767.5073,42681.60059,215085.9067,2.220489086,4.603884859,0.7210555202,79.20977377,0.03493591719,80.31615796,1.960159491
2645,274663.4677,71764.99168,202898.476,168590.5738,53594.62399,114995.9498,242612.4529,51886.48231,190725.9706,0.8624808866,2.783689456,0.5174006065,40.30100141,18.99258048,40.98089039,19.52326329
2646,832500.4581,47112.21201,785388.2461,696336.5764,52670.9552,643665.6212,329265.1876,55864.60801,273400.5796,0.6873595442,1.227984381,0.8370458793,87.81820616,65.86062922,87.70216619,66.53812303
2647,775524.9594,68835.38266,706689.5767,1101087.65,51422.17814,1049665.472,250692.2799,47076.57556,203615.7043,4.14826891,2.353657706,0.7237353586,73.05768517,93.76531733,76.66417643,95.81503822
2648,226178.2255,59814.90447,166363.3211,179997.4317,47919.17069,132078.261,221302.6254,63327.29945,157975.326,0.3313700771,3.043925464,0.7678396509,55.62517676,51.01925766,55.83037222,51.27945172
2649,34667.46708,45330.10665,-10662.63958,62381.96826,62491.63088,-109.6626267,80602.4479,66921.97898,13680.46893,0.532139094,2.15455394,0.7210983776,61.69383735,83.61398698,62.22211441,83.54999202
2650,809688.649,57417.37667,752271.2724,670344.0536,59912.8552,610431.1984,227030.8025,45727.51054,181303.2919,0.9766864772,2.678065027,0.9160659385,10.3270573,38.89570221,10.74301518,39.77938514
2651,44630.34879,65922.31667,-21291.96787,57537.89184,57297.36332,240.5285144,213286.9734,63304.52368,149982.4497,0.914674114,1.923808366,0.6118746603,38.33245418,78.14390071,38.94690986,78.82144994
2652,887327.374,68911.38302,818415.991,671194.262,60003.73634,611190.5257,255445.291,52508.58393,202936.707,0.166075753,4.964972501,0.8963588172,34.36722937,6.04496164,34.46926064,6.175998941
2653,63153.89206,67982.2112,-4828.319147,48852.17249,47967.55212,884.6203676,136861.2775,47651.26336,89210.01419,1.431537463,1.637774083,0.780964829,44.92079533,14.29985972,46.31195138,14.63747543
2654,65001.99797,56438.77456,8563.223414,41271.33231,57088.12175,-15816.78944,169879.4778,58955.06777,110924.4101,2.525549138,2.193170964,0.5062921183,12.07238919,30.02818443,14.5423475,29.50120777
2655,66372.11079,63305.35341,3066.757383,66959.1073,66112.98252,846.1247836,183411.279,44666.47818,138744.8008,1.653816851,2.54042056,0.8468372553,92.78077723,85.69150537,93.88908459,84.46400182
2656,58555.97794,60145.37513,-1589.397192,25478.76788,40030.68339,-14551.91551,131917.3375,58934.73813,72982.59935,0.1804537527,4.018457098,0.6143989743,55.02486182,77.63037193,55.18303339,77.71723568
2657,579336.372,35914.89992,543421.4721,773502.939,52573.98044,720928.9586,305536.2045,40681.49813,264854.7063,1.207006884,3.091166496,0.6341083754,70.91251368,50.61399771,72.02409305,50.14361816
2658,1010471.811,59405.80129,951066.0092,779773.1118,45901.42657,733871.6852,255255.2987,45498.63451,209756.6642,1.323240032,2.316661454,0.8143344354,54.36014253,26.1852169,54.74349015,27.45171159
2659,731970.7779,51866.04907,680104.7288,798017.7956,55519.03975,742498.7559,296182.3772,52304.02865,243878.3485,1.229315754,7.578324025,0.8409028778,87.91520208,9.084455819,88.0003639,10.3108182
2660,56894.82452,58140.43604,-1245.611524,49948.2876,54701.39887,-4753.111272,123178.4458,49798.06793,73380.37785,2.979141734,2.934806563,0.8908249294,4.523434909,44.16153235,7.500231229,44.27972345
2661,272929.1348,42510.91087,230418.224,121193.9541,63422.11605,57771.83802,226297.7566,46403.62945,179894.1272,0.6997778086,2.232272296,0.9919087707,44.58084143,5.055769823,44.48025153,5.748280223
2662,60852.39254,60464.57842,387.8141236,57813.5997,56208.25141,1605.348296,175239.181,57171.51404,118067.6669,1.249863931,3.593415703,0.7550564078,73.27670946,85.11985698,72.33620399,85.94302726
2663,874117.0248,50641.54371,823475.4811,772013.917,53378.5351,718635.3819,244238.1411,51643.10856,192595.0325,0.2767702186,2.004069811,0.903637471,14.70252936,64.47874075,14.81647957,64.73096506
2664,71742.64565,60459.82408,11282.82158,33796.33938,36538.18692,-2741.847544,172650.108,47946.14506,124703.9629,0.4467342931,0.7724921772,0.8098455003,72.51173186,20.32890305,72.95361315,20.39457235
2665,649001.5025,58918.72525,590082.7773,909158.2535,60260.45872,848897.7947,330134.2289,61997.55683,268136.6721,1.312704878,1.874398872,0.7901535696,70.87244916,7.339451102,70.9826363,6.031378898
2666,1110524.453,67890.76869,1042633.685,724925.8508,39119.18652,685806.6643,293251.8281,49334.28698,243917.5411,0.6345977137,1.51161243,0.7706880644,23.97792089,41.18142176,24.28614147,41.73614181
2667,52901.845,33906.03702,18995.80798,43750.43952,48060.66011,-4310.220589,142737.104,45437.69207,97299.41192,0.3396297562,1.143334861,0.8163493365,9.185949616,18.73824669,9.525054079,18.71936457
2668,46730.24912,59067.98673,-12337.73761,51836.37347,49966.9588,1869.414666,167514.1643,66495.01368,101019.1507,0.7015161409,3.533168283,0.8280858693,77.29538083,35.82626768,77.38432262,36.52212273
2669,713056.3338,58772.25381,654284.08,898205.0687,54204.93101,844000.1377,297028.365,56396.2824,240632.0826,0.6208415119,1.99683371,0.8047348103,28.8461224,87.62240703,29.10649795,88.1860104
2670,686768.3679,45830.52165,640937.8463,808479.7326,58249.11945,750230.6131,285067.5442,45027.49894,240040.0453,0.6723702883,3.459896146,0.6292557481,46.02853968,30.79951453,46.55203957,31.22145016
2671,771296.4729,52440.1442,718856.3287,858497.1991,65149.16593,793348.0332,285843.312,51677.0393,234166.2727,1.799076103,2.522515602,0.8347321461,13.38080077,22.35718898,13.46325911,24.1543744
2672,53252.1208,45020.10024,8232.020555,42259.79481,43360.84021,-1101.045407,142291.7038,51419.98404,90871.71971,0.2895528894,2.984120987,0.7247345253,72.94646687,19.96435899,73.23498253,19.93987247
2673,805419.6016,62817.0681,742602.5335,809555.2733,48217.69672,761337.5766,198410.502,44079.35346,154331.1486,3.484746143,3.773070083,0.7502069529,16.42822154,38.60833357,19.84885092,39.27372847
2674,53778.73668,58553.20693,-4774.47025,52838.52051,54270.7591,-1432.238592,186149.9923,41079.98836,145070.0039,0.5929498683,4.299167001,0.6360485261,93.97981446,76.63505391,94.33206205,77.11203523
2675,52510.2343,64637.48739,-12127.25309,60217.63199,66035.64642,-5818.014424,86191.39785,46066.97314,40124.42471,1.832890618,2.281833181,0.6373873773,89.79412023,85.813385,91.47644202,86.54090229
2676,808170.5232,53466.77469,754703.7485,664849.9551,50635.27143,614214.6837,340633.0397,49213.64409,291419.3956,0.7470586189,1.052725572,0.7206170795,12.16267669,84.93042066,12.6476304,85.49867807
2677,760615.3748,51988.3057,708627.069,697309.6933,49059.14352,648250.5498,259740.0864,44814.36956,214925.7168,0.7037638679,4.250868572,0.742950495,40.27331953,75.93939557,40.43220037,76.62499053
2678,598021.7389,57822.34031,540199.3986,761955.867,55753.70812,706202.1588,287806.9337,49211.77404,238595.1597,0.5228059434,1.907071091,0.6745845194,33.15096617,12.92247432,33.46027907,13.34396167
2679,681528.0958,38206.8799,643321.2159,774396.4405,50679.03615,723717.4044,314007.0292,58924.11333,255082.9159,1.472965839,4.828522806,0.7778810512,46.97163778,2.791974022,48.13452,3.696038909
2680,28287.66984,50972.20514,-22684.5353,42228.25338,50669.55865,-8441.305276,91578.50158,44818.73656,46759.76502,0.9970304903,3.515135775,0.6954693611,99.85310309,58.15472422,100.8045115,58.45287146
2681,49956.7774,58989.24527,-9032.467875,56402.0758,45970.75003,10431.32578,203973.5927,48019.42247,155954.1702,0.3448068811,5.093167848,0.7980833998,45.50358265,50.67963761,45.84545271,50.63473054
2682,195607.454,58304.11938,137303.3346,231054.5312,54063.39255,176991.1387,150307.2878,58473.91973,91833.36806,0.5295927581,2.475054559,0.745441792,60.97394436,16.78354883,61.33496978,17.17101385
2683,737857.315,60957.90459,676899.4104,568021.6896,55439.65436,512582.0352,342183.1537,45772.47123,296410.6825,1.210627583,3.848691626,0.8831822847,37.24480809,49.99475598,37.68625106,51.12203023
2684,257707.785,58464.95269,199242.8323,173293.716,59015.83026,114277.8857,194997.1379,51087.82029,143909.3176,1.006622556,2.99993143,0.8670520796,59.84408291,60.87978165,60.8174768,61.13628371
2685,732201.3973,52142.49983,680058.8975,629366.9904,50202.31196,579164.6784,213861.9964,45099.3119,168762.6845,0.3965353637,3.461374879,0.8980631763,25.11813534,35.06957176,25.47338866,35.24574035
2686,892265.1297,57911.74519,834353.3845,673725.6465,56360.71668,617364.9298,339329.4288,48697.65561,290631.7732,2.642897103,2.294237654,0.7708991693,49.69753927,94.7892888,49.93101264,97.4218532
2687,836980.5152,50836.35481,786144.1604,913137.6723,37453.5469,875684.1254,229353.9761,53144.91146,176209.0646,1.08593589,8.158324544,0.7733645697,28.77896264,54.93126796,28.86412045,56.01385972
2688,58456.98048,56330.58184,2126.398635,43788.8502,53937.25972,-10148.40952,171783.897,47709.99056,124073.9065,1.407928113,3.443021709,0.8612993269,33.35077847,66.73035527,33.41419269,68.13685455
2689,733448.0127,62465.57347,670982.4392,561525.6192,54784.58943,506741.0298,352163.5983,60447.9166,291715.6817,0.5843035322,1.618333954,0.6890813031,99.08511932,20.90683472,99.60479056,20.63971598
2690,40448.24771,43300.43101,-2852.183296,70143.39495,61560.61078,8582.784174,85890.07169,53425.37336,32464.69832,0.5354757091,2.898568994,0.6889618063,17.07551948,5.429265283,17.3176571,5.906867215
2691,791019.0593,55452.44786,735566.6114,581949.168,55606.91283,526342.2552,289228.8493,50984.84295,238244.0064,0.290607485,2.88145949,0.9072499934,19.19392389,31.03857486,19.28197542,31.31552186
2692,213539.3534,73527.8424,140011.511,153321.7291,61430.34887,91891.38019,195076.1328,47332.0374,147744.0954,0.9285391732,3.965758071,0.8573460907,53.58589811,88.96200594,54.47799115,89.21960058
2693,776671.028,64637.13986,712033.8882,915170.9142,51133.63037,864037.2838,342618.4495,53613.04816,289005.4013,1.522805855,3.933851824,0.8239938403,85.38981317,33.20740884,84.47167712,34.42230138
2694,1027223.918,50061.19372,977162.7244,603870.5496,48707.23558,555163.3141,228436.3309,53334.57961,175101.7513,1.268051063,6.062186617,0.7436634267,98.90029306,25.52650351,99.89195885,26.31678982
2695,1026680.475,51438.20821,975242.2665,763272.5151,55584.56939,707687.9457,246752.4691,44342.15176,202410.3174,1.334204897,0.7747273083,0.8660029599,7.346423428,1.462932275,8.104305379,2.56098403
2696,945113.7774,56713.75599,888400.0214,582548.9645,48434.32657,534114.6379,303781.3357,56512.65672,247268.679,1.14709602,5.091495684,0.5981727186,90.46314449,59.40155928,90.36644656,60.54457231
2697,153906.3525,45954.91025,107951.4422,193811.5462,52241.79132,141569.7549,137099.5542,61336.72163,75762.83255,0.5942652101,2.407832667,0.7448623776,61.33299227,24.92958166,61.80990784,25.28412739
2698,920896.6615,63751.86221,857144.7993,604655.2306,55363.2459,549291.9847,236467.7179,51276.93763,185190.7803,1.966885719,3.425282623,0.8522375936,64.21821417,85.07929546,66.18505734,85.06635775
2699,725756.1398,54582.45188,671173.6879,539523.3095,58865.01724,480658.2923,221260.5636,57263.45276,163997.1108,0.5794746899,2.895982762,0.6516760292,91.61962294,27.92315021,91.8062143,28.47176172
2700,932039.4938,52340.71942,879698.7744,878267.698,44075.77282,834191.9251,329402.1834,62777.08689,266625.0965,1.588818753,2.238517805,0.6632312198,51.64581825,52.39809743,51.71275222,53.98550566
2701,67559.01472,56967.81225,10591.20247,60377.82635,49585.90344,10791.92291,202804.6783,47642.09991,155162.5784,0.4974384014,2.781786821,0.844872766,73.29952635,76.89015895,72.87365904,77.14722313
2702,806709.0467,46377.3752,760331.6715,759077.1606,37950.83602,721126.3245,271364.4061,43539.42332,227824.9828,1.520135534,1.640205222,0.6750054778,38.51144503,26.2811117,38.94355056,27.73853986
2703,52548.92702,53196.97059,-648.0435651,57422.94655,48067.37635,9355.570195,73748.07124,50253.98262,23494.08862,0.4065015677,2.396571733,0.7512960618,56.96351905,15.61877505,57.34954359,15.49138363
2704,53281.73408,59574.7649,-6293.030816,47853.29637,54395.0397,-6541.743324,90366.18746,44457.55305,45908.63441,1.110028566,5.476326771,1,63.97215386,78.49412262,63.86801965,79.59925587
2705,833184.8074,59994.11639,773190.691,574122.1325,59211.23966,514910.8928,294868.2036,51384.8401,243483.3635,2.612227865,4.662685251,0.7735803613,81.18511122,18.00857618,83.30091969,19.54059737
2706,826568.6325,55563.30356,771005.3289,775527.7496,41730.59327,733797.1564,287127.533,48649.27399,238478.259,1.899610284,4.427565532,0.8247014438,18.13300745,72.53093458,18.53822754,74.38682141
2707,1041386.236,47684.67723,993701.559,801869.8115,63835.31551,738034.496,268977.9231,46340.83338,222637.0897,1.405243105,2.557889434,0.9511397886,60.66574976,14.97675764,61.01628885,16.33757745
2708,83936.26983,65868.31271,18067.95712,49937.04914,56485.95199,-6548.902854,124655.9676,44482.0339,80173.9337,0.9129754027,1.823580173,0.921564739,53.42606401,46.72925395,52.65223181,46.24478743
2709,115897.7029,57414.21272,58483.49013,153369.9054,47946.77364,105423.1317,158937.8207,75930.51725,83007.30344,0.3788134123,2.234989022,0.6662487065,13.50114976,31.12157991,13.87345054,31.05163896
2710,874131.2958,66217.88778,807913.408,668003.104,51072.10324,616931.0007,331616.2775,43885.48265,287730.7949,0.6996500404,3.519769861,0.7276852095,70.68142922,43.59468612,71.29534051,43.9302798
2711,901458.1416,56201.73687,845256.4047,681068.9398,41346.3921,639722.5477,292559.5526,57768.55761,234790.995,1.783304985,2.110207803,0.7732612092,25.6677463,52.65689986,26.66168261,54.13753056
2712,734800.1335,64086.91993,670713.2136,599980.495,51429.11516,548551.3798,316949.4017,38125.44791,278823.9537,3.144542404,2.008188977,0.8507262907,18.4341651,54.25222708,18.40795603,57.39666026
2713,173291.3041,38123.2133,135168.0908,176828.1592,65172.83033,111655.3289,149811.6344,55162.96684,94648.66756,2.253100321,1.928349531,0.735225188,16.52672191,27.94292697,17.95765766,29.68329588
2714,218408.7902,47929.10697,170479.6832,190125.802,40321.25303,149804.549,214642.0971,45300.39212,169341.705,0.1185271846,2.919226596,0.7373307709,51.39450986,98.98901458,51.51285364,98.99560589
2715,53575.48584,60872.35711,-7296.871268,46087.42733,58497.25095,-12409.82362,167915.8087,50127.43981,117788.3689,0.5272449076,4.05688476,0.8809756443,3.389305753,25.5225588,3.602295896,26.00486824
2716,43524.79787,51293.1064,-7768.308537,51673.6609,60345.17536,-8671.514459,177635.1576,53576.91286,124058.2447,0.5106977534,2.317140943,0.7068612206,67.29182395,92.46240786,66.78244456,92.49907982
2717,42396.96789,46224.70243,-3827.734542,45038.88427,51089.66164,-6050.777375,155397.8074,53384.11477,102013.6926,1.866195917,1.385899774,0.8536172999,67.21624143,33.36407915,67.28093372,35.22915344
2718,664401.5652,66023.03728,598378.5279,808693.7527,60708.94516,747984.8075,339392.1754,52445.6061,286946.5693,0.5925254486,2.959449519,0.9439721532,6.948664603,38.73439302,7.41738236,39.0968707
2719,865712.7351,61363.04788,804349.6873,676728.2146,60896.33921,615831.8754,316473.5012,51349.45545,265124.0457,3.562031285,2.701047181,0.5930594192,70.80735044,90.65908428,72.20947761,93.93354703
2720,154478.6961,56769.39744,97709.29865,208614.1818,64664.54309,143949.6387,254813.0807,58722.67726,196090.4034,0.8295958491,1.853886796,0.9112099252,61.45388635,52.77916638,62.25942092,52.97751791
2721,58382.21507,54457.1507,3925.064372,36381.01468,49050.17825,-12669.16357,148966.6145,44384.97933,104581.6351,1.950451821,3.389741746,0.9459650476,13.09895332,38.05483517,14.61513704,39.28180265
2722,700962.2676,47962.23741,653000.0302,614655.1217,56018.56386,558636.5578,293786.3263,56694.56109,237091.7652,1.713608074,5.92170494,0.7125722445,36.02255805,67.6726547,36.7452249,69.226426
2723,67754.27713,54372.63832,13381.63881,57190.08371,51313.15052,5876.933189,106750.4094,44296.90066,62453.50874,0.1222139574,2.233029551,0.7729414157,38.42099178,70.72282801,38.51153239,70.80491728
2724,577637.3291,48456.26685,529181.0622,603407.9908,47815.5201,555592.4707,305593.088,47295.93979,258297.1482,0.1525567581,3.004996655,0.8322578967,78.8512002,65.91393585,78.95523033,66.02552123
2725,215346.1502,62917.95031,152428.1999,189800.4286,59536.97176,130263.4569,233726.5715,50438.85306,183287.7185,2.42492131,1.620134381,0.7791704871,18.48969673,72.57134509,20.66875873,73.6352681
2726,861887.3309,63668.05391,798219.277,978682.4053,53456.12059,925226.2847,279984.5045,36527.81081,243456.6936,1.030413623,3.167456577,0.769601963,46.31003308,63.76106972,46.07799201,64.76501652
2727,879749.9311,39352.1547,840397.7764,672193.1762,44130.53246,628062.6438,252187.6552,51122.85279,201064.8024,3.192703285,2.375387175,0.7321276657,25.95676601,32.83406704,27.39035844,35.68681432
2728,677795.3201,55124.36409,622670.956,861374.7782,60536.77135,800838.0069,318742.6073,51244.92843,267497.6789,1.266689253,2.413665499,0.9304405242,57.77529836,65.95669401,58.9935986,65.60992868
2729,68607.12503,63820.05324,4787.071788,40321.92142,33191.70443,7130.216988,113742.8675,52240.41488,61502.45266,0.4461973215,2.852829232,0.8283717337,46.08196215,65.22564423,46.36591928,65.569825
2730,961173.7369,59075.48277,902098.2541,721325.5513,34864.94954,686460.6017,351827.1295,52172.66528,299654.4642,1.162245022,3.345940276,0.6953867948,58.26780503,94.46736072,59.36451982,94.08261384
2731,178806.7002,59762.21453,119044.4857,235054.2584,56107.24282,178947.0156,230236.4817,48234.56738,182001.9143,0.4869551366,4.827538367,0.6873066039,66.02684726,6.104827212,66.51358567,6.090300519
2732,127954.1775,70156.08573,57798.09177,133045.9298,46275.54165,86770.38818,239443.9794,49163.57814,190280.4012,1.053353252,2.106913109,0.6256130836,29.85464893,49.49053817,29.90694425,50.54259248
2733,812128.8372,61773.58865,750355.2485,681307.803,53727.5584,627580.2446,348725.268,63478.17363,285247.0943,1.403771593,2.643494912,0.6939362348,61.03986468,86.33704973,60.51097648,87.63737737
2734,263074.9357,52346.02264,210728.913,139250.2432,50069.37168,89180.87156,231823.5886,43923.43572,187900.1529,2.714336238,3.236755401,0.8095090668,60.08950405,53.69561834,59.6038281,56.36615014
2735,38267.35093,54312.78057,-16045.42964,46679.91055,51156.38973,-4476.479182,177858.1684,57421.55444,120436.6139,1.319904836,3.247449601,0.8104841741,5.74420607,66.40551489,6.988363699,66.84621952
2736,25892.73865,40247.82816,-14355.08951,35498.23757,36732.77815,-1234.540584,139245.6703,38608.75823,100636.9121,2.20793886,2.242835691,0.8553323471,72.0724185,44.17426936,72.94400436,46.2028975
2737,173027.996,50610.279,122417.717,156982.2599,53776.59351,103205.6664,259199.7823,61845.59649,197354.1858,0.8420340809,2.327243997,1,51.21491015,78.65378495,52.04103042,78.81671654
2738,49994.62729,67335.8827,-17341.25541,61897.20757,52174.64443,9722.563146,117819.9551,49466.43387,68353.52125,1.407729281,2.099025408,0.7636591706,60.69782771,51.94174016,61.89767452,52.67799376
2739,887744.5308,53825.70409,833918.8267,868858.2556,53414.70619,815443.5494,367327.0834,44371.7732,322955.3102,0.3331667283,2.591238456,0.948865563,55.37108489,72.36610594,55.45474334,72.68859831
2740,65295.66527,68429.43464,-3133.769373,62487.57171,55757.40738,6730.164331,124163.0653,46237.53771,77925.52761,0.7528263265,3.389162602,0.7148732914,23.08495712,62.4368803,23.68082381,61.97678209
2741,791416.3037,52921.18071,738495.123,667501.6036,42434.83096,625066.7726,292613.904,58921.56923,233692.3348,0.7752528266,2.022805649,0.8600185457,29.45784359,46.71633149,30.1020655,47.14760296
2742,46437.97533,54454.28512,-8016.30979,48517.62292,58113.2802,-9595.657274,166698.9601,46838.3251,119860.635,1.977378585,2.681047575,0.9223309304,87.78223474,83.69349628,89.72367713,83.31822638
2743,275433.6703,55866.88706,219566.7833,215744.303,57939.48165,157804.8213,277717.2683,54903.11698,222814.1513,0.4166177385,2.507649024,0.6890752612,43.21357143,31.00564081,43.49436636,30.69786727
2744,64809.46063,61599.96465,3209.495984,46532.08539,49393.17501,-2861.089611,115420.4921,45255.64561,70164.84652,1.313482367,3.884611751,0.8683646583,94.45023987,16.50337859,94.47561795,17.81661577
2745,63148.99275,48284.51731,14864.47544,44547.90643,55456.02015,-10908.11372,189632.8732,60134.81662,129498.0566,0.5525455263,4.120600597,0.7654850552,5.621553264,59.85561189,6.159461991,59.98194779
2746,774299.42,47155.62505,727143.795,772304.9722,47127.13503,725177.8372,356460.3514,47215.74133,309244.6101,1.451239808,3.034309272,0.753199143,71.42949071,41.99597843,72.82664876,42.38846584
2747,203218.061,53137.99624,150080.0647,137568.6805,61533.26926,76035.41126,209506.9083,53791.5966,155715.3117,0.4732158296,2.252680849,0.938380337,55.58894707,21.76068262,55.89898202,22.11819003
2748,41312.10188,54742.51501,-13430.41314,45365.4325,53270.86692,-7905.434422,111552.5847,52106.79944,59445.78521,1.083841553,2.609889865,0.8874043775,72.34286632,17.8347986,72.67981486,18.86493364
2749,49674.47084,52313.38257,-2638.911727,25406.58132,44610.05563,-19203.47431,163187.4639,46215.05715,116972.4068,0.1366029239,2.045966909,0.835005564,29.47420703,54.09920603,29.57602149,54.1902784
2750,212642.3693,61680.45579,150961.9135,203269.4023,51794.25464,151475.1477,181172.3865,48237.39002,132934.9965,1.726621471,2.529039829,0.7307545993,70.58356101,37.24712668,71.38298511,35.71672059
2751,198944.1566,58697.54251,140246.6141,156642.8213,35125.85736,121516.9639,212146.0924,50998.05096,161148.0414,0.6435019576,3.307930516,0.7873306746,24.66400847,83.22979995,25.25763755,83.47819336
2752,629936.2667,55112.8427,574823.424,745847.343,55144.06624,690703.2767,331545.6272,46559.25214,284986.3751,1.977356333,2.533475422,0.9124555679,93.56216551,17.85750216,95.20135476,18.96339396
2753,854221.2574,51008.27828,803212.9791,656513.1892,45135.94082,611377.2484,298698.3128,53002.39503,245695.9178,0.8395718263,6.032454139,0.8109512968,8.139056494,80.60328898,8.870614853,81.01523948
2754,54916.98136,44086.355,10830.62635,39726.48686,46198.94975,-6472.46289,158499.4256,57779.95454,100719.4711,2.226971997,2.23747395,0.7403304723,37.70205405,96.0141851,38.96414696,97.84899456
2755,49343.29739,48600.13673,743.1606624,50939.37445,44568.71006,6370.664389,136432.8957,41012.80824,95420.08742,1.197842248,1.131632268,0.8564137294,66.17032284,26.21622395,66.72773346,27.27646894
2756,211697.5382,70684.00192,141013.5363,185052.4758,48825.15224,136227.3236,177959.7008,49884.03828,128075.6625,0.5420300109,4.95783168,0.709245887,11.76253074,32.41132439,12.02930791,32.88315749
2757,121314.6029,68946.09448,52368.50842,202846.7182,48430.19086,154416.5273,168031.1122,45430.13911,122600.9731,0.7509108493,1.357616215,0.9286223053,92.9317616,25.24678857,93.60835833,25.57249392
2758,862209.4345,40373.31819,821836.1163,687711.7478,56766.12654,630945.6212,348845.6335,44516.97585,304328.6577,1.61856329,4.63154384,0.7440872677,2.753658458,15.21616774,3.353504474,16.71947472
2759,47193.66792,51969.71461,-4776.046689,50484.34457,46047.53996,4436.804614,129671.4937,57813.68772,71857.80601,1.575514142,2.265458737,0.6006115792,77.37816939,31.69160571,78.9535727,31.71029292
2760,923749.2772,61430.83218,862318.445,631236.6518,45194.96523,586041.6865,252724.5323,43483.55422,209240.9781,1.238771658,2.200025086,0.7077815077,92.47707186,38.16484013,93.71260255,38.2543897
2761,72809.40252,59917.71953,12891.68299,56965.30906,59426.74225,-2461.43319,93409.87842,40631.59737,52778.28105,0.9874844731,1.966049029,0.6701892976,31.06006395,97.87476808,31.71093008,98.61739777
2762,961408.3797,51720.58714,909687.7925,968923.8399,43644.70193,925279.138,263744.5531,46121.94995,217622.6031,1.519357329,2.765470137,0.8554164294,74.84652686,55.19455674,75.83491293,56.34848033
2763,871434.9971,61438.88203,809996.1151,694230.1131,45517.20051,648712.9125,278615.5623,43130.99805,235484.5643,1.0621461,3.701545077,0.9673705151,17.39519905,19.29323924,18.24671242,19.92812451
2764,28917.87665,36622.56605,-7704.689399,45837.5713,50450.53148,-4612.960182,134309.327,49090.78121,85218.54575,0.9819586175,2.802977537,0.650439478,87.70055526,57.33031891,87.90894269,58.28991122
2765,233896.5052,38701.13931,195195.3659,163172.3364,42031.16655,121141.1699,188988.9379,66099.13626,122889.8017,1.249436437,2.298856108,0.4538319248,59.49942827,23.3855759,60.31464343,24.33242101
2766,725666.2387,47941.10491,677725.1337,1137533.099,50756.037,1086777.062,213905.4599,52304.57798,161600.8819,1.113605444,2.838793714,0.6855033976,77.83579066,33.03832816,78.78733805,33.61683888
2767,906897.3431,49679.89357,857217.4495,832227.5098,56135.71909,776091.7907,274524.5823,54605.90733,219918.6749,1.521388666,2.863309682,0.8775178842,68.87039321,46.69270199,70.20257089,47.42749863
2768,283147.6292,41475.78705,241671.8421,156944.7098,55840.1034,101104.6064,162215.2308,61713.65571,100501.5751,1.21521075,2.060663799,0.7042738439,8.202670435,13.57172835,9.128946368,14.35833502
2769,829633.4159,67929.34015,761704.0758,724414.3171,50304.41846,674109.8987,322000.0245,49408.40171,272591.6228,2.294808383,1.633469918,0.5853957276,96.96727603,55.8957509,98.06787338,57.90941199
2770,165483.514,50340.17716,115143.3368,215233.1839,59848.83965,155384.3442,196809.0871,46703.83926,150105.2479,2.622585756,6.197848571,0.8557322817,91.33474411,34.13891321,93.57328194,35.50526033
2771,47892.70981,54626.90092,-6734.191109,53525.20696,58938.44915,-5413.24219,145778.2708,45229.60437,100548.6664,0.8855797594,1.273000682,0.783345031,44.43651964,15.53313895,45.21872841,15.94835087
2772,464349.6039,56233.79215,408115.8117,739208.0811,41084.01327,698124.0679,314694.5035,44268.11529,270426.3882,0.4118204134,1.300427901,0.583783197,94.52858724,61.80053439,94.8151107,62.09633899
2773,56283.83763,60445.51717,-4161.67954,43374.90979,46348.38845,-2973.478656,122786.4193,58998.66003,63787.75926,0.2986716258,1.260491149,0.8258985918,27.82517315,60.67123059,28.00649506,60.90856392
2774,38300.41997,46385.77037,-8085.350399,50455.79905,56643.38495,-6187.585895,112331.4204,62137.83519,50193.58524,1.268963653,2.02999826,0.8980548993,23.12601618,91.08659896,23.13310082,92.35554284
2775,174316.7063,63536.25838,110780.4479,139511.2205,57299.10017,82212.12029,198319.937,56838.81872,141481.1183,2.901133019,1.597123524,0.9403125804,38.10191101,3.287619607,40.61237557,4.741628026
2776,742751.8636,59689.20756,683062.6561,660695.6789,49816.01146,610879.6675,251863.673,30102.677,221760.996,0.3857105898,4.121732403,0.7144777044,69.90618612,3.349306903,70.04059568,3.710840757
2777,50816.72219,52965.08582,-2148.363623,35854.8618,44381.01852,-8526.156717,105129.7343,26407.70625,78722.02801,2.742818304,1.594271859,0.683263832,3.911900256,80.19889076,4.3026113,82.91373829
2778,64896.65886,56643.89894,8252.759926,44645.32848,57537.48061,-12892.15213,118921.4442,51200.14702,67721.2972,0.7010152423,2.987653475,0.5338013209,1.33023127,30.06323014,2.005511257,30.25143032
2779,814563.9748,40926.2619,773637.7129,737039.3476,53176.69134,683862.6562,278711.3368,50770.17664,227941.1602,2.983107966,2.8620562,0.922599762,28.51884365,58.59318736,31.36890768,57.71224005
2780,239469.4167,58872.65874,180596.7579,126518.0216,47730.09141,78787.93019,190593.8268,39273.71288,151320.1139,2.479368096,1.684865794,0.9252441609,11.47808481,4.054453489,13.84825401,4.782165041
2781,98342.68333,51020.11009,47322.57325,129840.0846,64746.70187,65093.38271,180283.519,42658.72081,137624.7982,0.4486717815,2.852902961,0.7320338623,2.055363127,41.1931932,2.073606225,41.64149394
2782,1096973.137,56712.37388,1040260.763,662421.9417,65055.47393,597366.4678,302022.7836,47924.03825,254098.7454,1.507554086,1.108227339,0.9681902871,33.77428875,91.60541744,33.96111584,93.10135025
2783,594862.6977,49068.05563,545794.642,822603.0319,55979.3643,766623.6676,244326.307,41688.25206,202638.0549,1.448136084,2.106027048,0.7543525055,24.87873639,16.64353792,26.32654267,16.67444256
2784,48814.4371,50647.78932,-1833.352219,31811.92508,35750.97125,-3939.046167,179708.8215,51276.06562,128432.7558,0.5349037496,2.655279286,0.9138763671,50.79721245,12.85353804,51.12629543,13.27523273
2785,226889.8189,48476.01084,178413.8081,144478.6229,43993.52231,100485.1006,225970.8495,40579.15407,185391.6955,1.598334164,1.43008147,1,64.99050277,49.29113654,65.94687637,50.57176984
2786,50322.41705,54228.81355,-3906.396497,55000.12402,54337.21766,662.9063641,125383.3626,45611.11133,79772.2513,2.535746564,2.27810793,0.8305061298,9.391318434,70.88972355,10.60785044,73.11459669
2787,860492.5725,65179.73633,795312.8362,682484.5679,41358.62198,641125.9459,286813.0643,51560.83338,235252.2309,0.7149673988,1.255761955,0.6781769017,50.97011171,90.32296873,51.641187,90.56961895
2788,46730.24482,55942.32118,-9212.076358,68624.09998,62599.00777,6025.09221,104602.3636,51422.73076,53179.63281,0.8333936189,1.41479427,0.7295122467,22.09371617,96.22330747,22.90965427,96.39298344
2789,705303.0237,49295.32024,656007.7035,743661.3173,34913.49849,708747.8188,286300.5903,46436.45272,239864.1375,1.320240567,2.32957081,0.7030432393,25.39153737,0.8776303222,26.71162271,0.8573861535
2790,691766.3045,70395.64555,621370.659,764591.462,47463.27593,717128.186,259731.1539,54205.9242,205525.2297,2.554424232,4.555535649,0.7669228069,61.61126219,11.64543471,64.02824593,10.81883158
2791,50783.37378,46417.68764,4365.686137,57719.61758,58266.82533,-547.2077459,173292.9638,58910.95505,114382.0087,3.24129807,2.083560792,0.9932298272,5.282511046,60.24194031,8.27202007,61.49447733
2792,38682.16571,51655.24414,-12973.07843,49182.80018,52722.60909,-3539.808918,117942.6678,43809.04461,74133.6232,1.216260046,6.684926966,0.7402042854,81.31455738,43.8883043,82.42740003,44.37908911
2793,250674.2157,69953.08595,180721.1297,207352.5274,54379.41504,152973.1124,257074.8423,50389.93104,206684.9112,0.8376167922,1.929154468,0.8066531017,89.18188642,2.755395994,89.61453715,3.472623456
2794,252407.2185,52812.41802,199594.8005,173673.4815,51101.62065,122571.8608,239063.3088,52200.96504,186862.3438,0.4626682531,2.412899632,0.8281720722,15.54982724,3.933854565,15.78130651,4.334453192
2795,1000102.736,61441.81009,938660.926,785094.5619,64307.4545,720787.1074,328158.9457,45066.64088,283092.3049,1.433848804,1.8801974,0.7385783152,98.69568312,70.87860545,97.36272034,70.35027543
2796,181450.554,56719.14386,124731.4101,141667.1835,58310.09922,83357.08429,198011.0508,50291.21674,147719.8341,0.1527607001,7.666080893,0.7547204744,38.98128879,50.37338131,38.86647388,50.47414523
2797,37481.56056,44509.7671,-7028.206541,38826.75687,44857.92278,-6031.165912,155390.7007,50136.92594,105253.7748,2.193096476,2.221500236,0.6147811742,18.38948344,38.84432084,17.72730923,40.93506173
2798,187822.3246,52973.97572,134848.3489,155588.8818,55856.23821,99732.64355,182194.255,48137.85766,134056.3973,0.7427910167,2.765672516,0.7905712807,42.51210041,56.68927756,43.24858658,56.78585197
2799,64800.42217,58345.35001,6455.072166,60716.48159,60310.56384,405.9177448,116287.1092,53329.71425,62957.39494,0.1756489582,2.727195959,0.7446009666,74.01217428,22.64819061,74.16134859,22.74092454
2800,71352.91418,61597.47899,9755.435186,56718.24822,51668.08895,5050.159267,195489.336,57143.00388,138346.3321,0.1894994033,2.53403444,0.9541620833,86.74964849,63.88143649,86.9369502,63.91021308
2801,228710.87,53482.96343,175227.9065,192987.4064,51254.00605,141733.4003,162431.9913,40424.29088,122007.7004,0.3938773058,3.249495216,0.7796111344,81.80248629,55.59807131,82.19041168,55.66628585
2802,789521.0445,54784.99227,734736.0522,644438.4579,45518.78808,598919.6698,292095.2025,63454.89765,228640.3049,4.42953987,1.681963181,0.6130445305,0.8603709007,85.29221038,4.054335326,88.36131688
2803,250604.5896,62934.76617,187669.8234,185295.4975,55611.54416,129683.9534,238712.8073,55630.82562,183081.9816,0.7186039954,5.831647866,0.7273752753,82.31090367,0.02495261455,83.01894421,0.1477137474
2804,772493.3899,54154.57426,718338.8156,737921.7015,49604.14135,688317.5602,285049.8068,44300.25091,240749.5559,0.5187339603,4.325710559,0.7302264372,78.22336675,38.9639902,78.5827995,39.33801295
2805,890993.7173,52709.14397,838284.5733,800431.8108,49276.88548,751154.9253,191635.4957,41183.74496,150451.7507,1.370116173,6.978110148,0.8843160025,79.41969187,47.95479821,79.52161561,49.32111804
2806,154928.1554,47961.3302,106966.8252,170728.5645,47313.28738,123415.2771,292673.0559,52696.13774,239976.9181,0.7783941518,3.62049062,0.9029513515,77.89526253,6.46126592,78.66794586,6.555382438
2807,55426.60042,58246.82442,-2820.223996,61749.83151,57165.41654,4584.414967,173831.4558,44659.27579,129172.18,2.802324004,4.032236735,0.8464513748,29.90081214,5.181804446,32.08855037,6.933038648
2808,850894.3719,57688.11607,793206.2558,575339.6816,65892.43152,509447.2501,295663.8302,41790.71701,253873.1132,1.878433423,1.948332755,0.9916275007,51.83887074,5.59218079,53.48348042,6.499799171
2809,855063.8973,51878.79006,803185.1072,764575.7437,59255.52533,705320.2184,242210.3859,67430.91406,174779.4718,0.5317438884,1.494221687,0.8772036249,48.91661978,60.99673163,48.55151957,60.6101396
2810,767447.4595,67805.3992,699642.0603,660146.3994,37341.70494,622804.6944,314620.6299,51095.51022,263525.1196,1.305213762,4.935954813,0.9027361771,15.64919135,8.182182173,16.10792357,9.404126412
2811,946549.9355,37914.70163,908635.2338,642601.5884,39230.25648,603371.3319,241226.359,57597.30135,183629.0577,1.627619862,3.09120558,0.719826626,50.2004113,89.7365929,51.57023259,90.61564697
2812,66821.99516,53582.43429,13239.56086,37020.59973,55983.80713,-18963.20741,144295.6599,50734.52763,93561.13225,1.271837918,2.826051531,0.7806182951,43.70373994,99.8742875,44.90524661,100.2913647
2813,638680.2034,49148.3081,589531.8953,634745.6694,56473.63299,578272.0364,262241.5031,51355.48321,210886.0199,0.6171188723,3.038907252,0.6463167597,84.13286498,34.67143921,84.37127657,35.24064534
2814,28882.28921,38828.22614,-9945.936932,51620.06166,51210.58168,409.4799788,138761.7329,54748.31246,84013.42049,1.456641128,4.233820175,0.6236111347,57.36628567,70.68465314,58.48781474,71.61415618
2815,64896.13993,49866.98368,15029.15625,45862.70404,56442.4607,-10579.75666,137825.0598,49324.3035,88500.75635,0.2690674444,1.387953129,0.5715890722,4.99995042,73.0834394,5.263177012,73.13919827
2816,54502.50986,49791.18646,4711.323402,58966.58478,52913.33962,6053.245165,98437.88617,41818.86279,56619.02338,0.8159723712,5.310534436,0.9969069562,79.09737113,60.8896589,79.69576287,61.44440049
2817,69420.85042,71312.26418,-1891.413758,49959.97219,50222.4505,-262.4783137,222122.8973,54003.5935,168119.3038,1.878057791,1.829551248,0.9826476704,14.64948898,82.73142595,15.99544375,84.04119954
2818,714337.7388,55299.1915,659038.5473,845357.9119,39295.6286,806062.2833,226404.3256,44023.36173,182380.9639,1.209809638,2.39317993,0.9281970283,36.09386479,98.25126094,37.04437565,98.99970496
2819,826023.3095,54133.59797,771889.7115,714092.861,56060.8739,658031.9871,234961.059,62143.50053,172817.5585,0.5716950119,3.289156954,0.7328057088,8.687404492,75.01672902,9.250012674,74.91520454
2820,208704.5006,64635.5113,144068.9893,157213.3049,59454.36286,97758.94205,208799.3252,48956.97929,159842.3459,1.672991567,2.632875026,0.61362702,42.32919537,43.57080432,43.99433346,43.73271764
2821,942404.0503,66114.90159,876289.1487,842904.6404,53743.49432,789161.146,259058.8118,48003.31974,211055.492,1.438931407,1.65117699,0.5488434805,6.272518053,37.28283538,6.274666237,38.72176518
2822,248139.8684,53562.60355,194577.2649,157033.5191,45858.09333,111175.4257,178979.9647,47878.93523,131101.0295,1.193808307,2.828037205,0.7846228044,61.19096043,98.24666598,62.3307601,98.60168004
2823,923554.1173,68785.67795,854768.4394,854317.7497,41415.64032,812902.1094,199419.4266,41001.57699,158417.8496,0.7121028717,2.325359628,0.6086178844,52.73234032,73.33537109,53.0513381,73.97202714
2824,768950.4597,49039.74328,719910.7164,671309.8867,48670.15671,622639.73,289591.7616,54687.57178,234904.1898,0.7423494678,5.45840085,0.62967822,11.75388136,90.8697022,12.44708604,91.13531472
2825,904831.3948,64960.21904,839871.1758,637290.7487,54398.92475,582891.8239,287928.5754,44811.34658,243117.2288,1.946447651,1.994527189,0.8370531934,84.03685376,95.36382746,84.27751021,97.29534057
2826,25380.26893,37068.48056,-11688.21164,38552.58435,51383.74378,-12831.15943,133324.4732,38353.08031,94971.3929,1.178783319,3.157919032,0.6677016791,39.90720277,26.62517456,40.72052283,27.47842751
2827,201536.3904,68441.84038,133094.55,197981.7566,66093.33519,131888.4214,216169.9398,57793.28318,158376.6567,0.8677624141,3.418758729,0.7363120809,89.1525816,14.92718176,89.88040816,15.39970701
2828,192524.3443,57072.77304,135451.5713,156004.228,53602.88616,102401.3419,197872.8222,50856.12754,147016.6947,2.873302661,1.001898168,1,55.20549689,86.06959509,58.00972638,85.44336416
2829,56703.00464,51268.44776,5434.55688,26278.47645,41862.12138,-15583.64493,78102.92341,51995.78423,26107.13918,0.2764937134,2.662543271,0.8571614953,82.74153856,37.65133246,83.01788735,37.64238153
2830,861772.7341,57322.52075,804450.2134,691423.5844,47175.16321,644248.4212,273059.0345,40502.82982,232556.2047,0.1385857197,2.329226778,0.6128360413,39.11193812,16.6738034,39.23383878,16.73972934
2831,68699.66749,59498.14385,9201.523643,54897.20396,44062.40709,10834.79688,194833.7302,62939.67758,131894.0527,0.7582079742,2.710078107,0.9943655505,72.46889077,76.87153012,72.80175606,77.55276432
2832,888473.9364,41499.42156,846974.5148,769591.9928,38260.32522,731331.6675,269315.3718,49641.21113,219674.1606,2.356463636,2.635454735,0.7262047187,78.92614524,87.0105644,79.22070452,89.34854552
2833,166397.7307,58287.30725,108110.4235,171821.0916,55238.89281,116582.1988,255200.661,55773.27003,199427.391,1.153237047,1.798696723,0.7786157218,53.47146969,16.42499041,54.61616845,16.56506339
2834,154043.2568,61937.87387,92105.38291,197256.9777,56400.00168,140856.9761,246755.0999,67181.89662,179573.2033,1.151820245,3.275928536,0.5552805068,88.38471278,53.1359082,87.62937672,54.00548126
2835,202467.956,51566.5265,150901.4295,137929.9004,58698.27564,79231.62477,188753.2086,43357.53888,145395.6697,2.256837712,2.235099852,0.910327068,45.93339765,99.62305109,46.79411394,101.7093118
2836,856312.2141,69981.05963,786331.1544,720826.4777,51379.3016,669447.1761,273701.2523,47940.20322,225761.0491,0.8671605014,4.389750135,0.7403481805,23.84456198,61.00923464,24.17366377,61.81151847
2837,252317.9983,56866.15745,195451.8408,162585.129,48138.60823,114446.5208,265109.7624,41747.20325,223362.5592,1.628234384,3.13538238,0.784600123,66.29836869,55.55843053,67.55558222,56.59310987
2838,205295.717,62543.16762,142752.5494,217215.5689,61793.6621,155421.9068,184511.3671,52135.08056,132376.2865,0.8632765389,2.442316544,0.7279042872,49.52424909,22.22271265,50.25293188,22.68560332
2839,46861.91968,62691.09082,-15829.17114,44336.49159,50039.22712,-5702.735536,106497.9867,38925.66635,67572.32037,1.808088738,3.616368287,0.7939306128,64.11295138,60.19490587,62.94168504,61.57233828
2840,218454.9166,45591.11537,172863.8012,164092.3205,56727.08293,107365.2375,247841.3271,41796.40845,206044.9187,0.7363604228,3.012964113,0.6599898324,40.88418306,17.44289154,41.04718684,18.16098376
2841,178650.7803,50792.08692,127858.6934,179375.6278,47427.48092,131948.1469,200660.765,55749.33575,144911.4293,1.424023748,2.675736878,0.8869961435,17.89249273,18.18675016,19.2936073,17.93234575
2842,43614.53606,56591.90013,-12977.36407,30477.39874,42999.78936,-12522.39062,109690.4205,48289.56767,61400.85287,0.8909640903,4.948743412,0.4533060561,17.19126793,12.39362651,16.76465745,13.17581607
2843,156901.5801,51723.87328,105177.7068,137997.0508,47837.22245,90159.82839,164872.9467,47050.36186,117822.5848,0.6067503777,1.493609734,0.868897444,74.46023775,90.74859514,75.05856062,90.64781933
2844,964027.5281,55637.2697,908390.2584,805841.8481,34942.2301,770899.618,337017.3728,43726.89608,293290.4768,1.00726354,4.303973736,0.858572049,29.91965026,44.50567154,30.54238094,45.29736993
2845,913847.0925,60314.4982,853532.5943,739570.0441,61699.78775,677870.2563,270564.3728,50219.28954,220345.0833,0.8218602827,1.039631082,0.8269278373,87.72595426,34.4039804,87.7501123,35.22548555
2846,235841.9579,65064.64601,170777.3119,179090.1045,57346.5775,121743.527,219434.9288,51713.91108,167721.0178,0.2935384476,1.953694026,0.7360001643,73.72121744,14.29542197,73.80708725,14.57611967
2847,241547.347,49366.72823,192180.6188,188284.194,49445.46054,138838.7335,206105.5784,47759.69787,158345.8806,1.014019246,2.322025844,0.6352686677,88.39668979,33.62661962,89.40190074,33.75998364
2848,1037033.03,56373.55391,980659.4763,857702.1489,53972.00223,803730.1466,319536.8616,64579.02912,254957.8324,1.562774395,2.715377487,0.786309542,76.71530507,62.43872838,78.10538283,63.15283456
2849,39485.12192,50708.17414,-11223.05222,55247.76818,46926.07753,8321.690652,180320.6819,57416.43682,122904.2451,2.049508738,2.546006376,0.8310689672,2.23160446,52.37843697,2.362568912,54.42375708
2850,55384.86968,41582.33977,13802.52991,55893.48373,48677.38331,7216.100415,184290.4863,46106.23717,138184.2491,0.5274520364,0.8883460692,0.8738617732,43.67564805,91.77287159,44.16863401,91.96040956
2851,210177.863,31373.12909,178804.7339,163690.1825,52964.75315,110725.4293,219899.2442,46048.05857,173851.1856,0.3569409329,2.24368988,0.8626408867,54.91060285,90.75005155,55.20006209,90.95890598
2852,222074.4794,51428.9396,170645.5398,228656.7045,55734.7261,172921.9784,216938.5488,47506.25949,169432.2894,0.3887128503,2.782138571,0.9236191137,28.55081208,6.379635789,28.72230549,6.728473416
2853,823028.0008,55110.8027,767917.1981,637550.4654,54459.75466,583090.7108,281649.6392,41940.3578,239709.2814,0.7242368406,2.31737673,0.826909823,58.92518366,13.32986649,59.59973152,13.59350295
2854,846160.2375,48645.15995,797515.0776,857331.3767,57440.33346,799891.0432,296106.7332,53686.59524,242420.1379,1.328338859,2.587299836,0.7507934187,75.11672324,61.51612999,76.44374642,61.45702322
2855,714817.7142,50947.21303,663870.5012,695002.628,36679.44416,658323.1839,297771.0221,62547.23563,235223.7865,2.338421101,3.659022168,0.9147511391,54.45299923,90.69748858,55.77578891,92.62581446
2856,198570.2296,47343.91415,151226.3154,161179.8134,46296.1718,114883.6416,228366.8216,56892.46173,171474.3599,0.3316990953,2.351293288,0.9289028267,50.56248461,60.78937423,50.40582493,61.08174733
2857,771856.0387,43895.96506,727960.0736,751362.8878,56018.4581,695344.4297,277402.8079,54383.91455,223018.8933,0.8869401723,3.004369014,0.9328620069,18.41117014,10.72792306,18.63499534,11.5861568
2858,771942.8337,53199.85822,718742.9755,616727.7905,50510.26836,566217.5221,304060.0615,52679.87145,251380.19,1.157146177,2.638417124,0.5415195919,22.87831425,91.92286448,22.28055924,92.91366024
2859,186495.5935,55158.35143,131337.242,208568.7847,55987.65483,152581.1298,206694.6475,53895.98094,152798.6665,1.506774919,1.413911945,0.8195123749,55.9917865,12.16317902,57.48557546,11.96578293
2860,276602.1389,55716.29175,220885.8471,189476.8859,52251.40831,137225.4776,212633.627,56415.68144,156217.9456,0.8133667939,3.29067517,0.8147922604,91.41314719,43.42067453,91.64684308,44.19974563
2861,164159.8587,44429.6203,119730.2383,193859.84,59220.65756,134639.1825,224554.8675,48259.29528,176295.5722,2.95285469,2.40339175,0.8134474643,68.67735476,25.67564248,66.24975634,27.35674829
2862,62828.23494,59790.74912,3037.485825,45723.19382,53333.25001,-7610.056184,168868.9215,63321.61811,105547.3034,1.010035883,2.110885976,0.7536661525,39.29306014,63.62510486,40.23130566,63.99909395
2863,318602.4765,57133.14594,261469.3305,168470.3382,42520.34881,125949.9894,162224.2772,46268.19866,115956.0785,2.220088255,2.15643772,0.5673392761,47.27064931,36.87332487,49.49030222,36.82936078
2864,50938.02024,63731.74399,-12793.72375,51847.38279,53710.2457,-1862.862915,230676.866,42355.08255,188321.7835,0.3089180939,2.073731189,0.5187390868,75.18366801,61.59176417,75.48381972,61.51869339
2865,795604.4024,66363.01991,729241.3825,668597.2107,51485.39979,617111.8109,262198.2666,51264.66402,210933.6026,0.1860601579,2.950484844,0.8222030761,5.130669931,69.95232802,5.312771595,69.91415255
2866,242191.19,51770.50819,190420.6818,80056.89014,51151.96004,28904.9301,194146.2708,52840.26551,141306.0053,1.025387358,6.096875584,0.6606363764,37.45113923,21.54782461,38.12035172,22.32472479
2867,55741.48784,70815.48192,-15073.99408,65316.91252,60056.31603,5260.596484,148915.7526,67404.66074,81511.09183,1.049758889,4.016179923,0.5642633131,1.878918204,7.603858486,2.434548501,8.494514817
2868,954517.8645,62961.71059,891556.1539,947306.3797,59319.07017,887987.3095,294805.1183,52183.2857,242621.8326,0.5221537749,2.366324717,0.7196097439,44.5982897,23.83112692,45.04331323,23.55799944
2869,56110.00976,62779.04109,-6669.031332,54196.28354,47403.17704,6793.106499,170167.6085,52852.45575,117315.1527,0.1321508479,1.933003578,0.8584965798,8.465383568,50.98352951,8.597350869,50.99049214
2870,46936.48588,56840.21598,-9903.730099,64014.73288,55064.73595,8949.996929,172674.5717,48322.42914,124352.1426,1.046439406,2.866090855,0.9341040566,3.068696114,83.61291153,3.995919163,84.09798147
2871,262007.7826,61243.40921,200764.3733,160088.9295,44036.83672,116052.0927,205604.9046,40981.22838,164623.6762,1.049953391,2.271365375,0.8494581363,41.87994939,77.29645231,42.89694265,77.55746349
2872,756228.6204,61555.88982,694672.7306,995031.0324,43839.43717,951191.5952,275463.3092,53795.86243,221667.4468,1.684543888,2.116719314,0.7463564599,7.551753754,33.07830455,9.070037203,33.80803291
2873,925273.997,69094.295,856179.702,787980.2874,53545.53233,734434.755,288043.409,50863.48034,237179.9287,1.811849795,6.60836477,0.7835285025,86.30494759,87.66887512,87.85235897,88.6113812
2874,790863.1073,52485.04604,738378.0612,840305.1943,48874.28135,791430.9129,327968.5157,54869.39681,273099.1189,0.959144135,3.199190443,0.8856784954,78.10104099,48.8867513,78.44254156,49.78304078
2875,135649.3116,71164.30633,64485.00525,166765.3361,48657.53034,118107.8057,177694.6418,56499.63572,121195.0061,1.097788516,2.22212354,0.8163616587,43.35007307,85.89699337,44.12449823,86.67507132
2876,56802.83214,64124.70581,-7321.873668,62312.58373,52060.06542,10252.51831,158863.7023,44336.44081,114527.2615,3.376058227,3.801700184,0.8206372073,17.41985264,24.25937772,17.9655982,27.59103361
2877,50914.27146,55016.22785,-4101.956388,24627.14218,42882.76854,-18255.62637,131143.8575,43077.01193,88066.8456,1.848933652,4.69142127,0.6147311729,53.05961968,77.27267093,54.10806263,78.79560331
2878,777686.0567,63078.49804,714607.5586,782100.6837,54716.93281,727383.7509,317073.677,49149.16118,267924.5159,0.9352459581,2.675756532,0.8370662933,56.54934749,84.81133814,57.29545267,85.37526373
2879,746689.0098,59263.4444,687425.5654,721960.2157,63688.15305,658272.0626,305212.5629,49388.39147,255824.1714,0.3781088566,1.569685378,0.6447714642,63.77753748,0.8702541878,64.08773973,1.086450567
2880,46844.24274,66651.12889,-19806.88615,37156.55732,34865.99491,2290.562411,82729.2913,54993.88721,27735.40408,1.554664001,4.57285025,0.6783899636,56.57303142,80.99301991,57.785816,81.96571397
2881,798966.022,57569.66714,741396.3549,785052.955,60139.291,724913.664,270146.9134,40808.91655,229337.9968,0.7302955799,1.445759357,0.8242550744,66.09660961,93.38445459,66.64287318,93.86914805
2882,56525.24785,44441.43193,12083.81592,22078.35442,50338.26125,-28259.90683,185239.0256,59274.39081,125964.6348,1.503898098,4.948988799,0.7799434433,59.17275925,93.92236965,60.10566278,95.10194605
2883,924244.6761,61988.47146,862256.2047,573993.9638,49222.1392,524771.8246,249471.641,34363.46545,215108.1755,1.723845413,1.197129841,0.7376287076,65.94958334,86.08025613,66.29383959,87.76937739
2884,767766.3417,62353.77762,705412.5641,680415.3486,54330.19005,626085.1585,315622.8358,57244.97041,258377.8654,1.044426543,3.457841174,0.8390997323,69.27915969,11.92283478,69.40967909,12.95907389
2885,768919.5039,60997.24384,707922.26,861611.4388,66203.60487,795407.8339,298256.8693,47204.49736,251052.3719,2.058990089,4.086406442,0.8606456658,71.16210971,81.94630614,72.95795283,82.95347428
2886,140287.2911,49608.14956,90679.14157,178826.7872,44166.48793,134660.2992,206782.7033,46051.90902,160730.7943,0.6034441527,1.246481605,1,51.86700424,61.86202192,52.33329255,62.24506246
2887,896513.3272,52509.88135,844003.4459,676184.7906,52023.53159,624161.259,261715.3737,47042.48624,214672.8875,1.857867159,7.28844418,0.7434962415,80.50290804,30.42417984,82.34159103,30.15788072
2888,259237.1194,46673.05734,212564.0621,157428.4318,59183.09271,98245.33905,201377.4765,48545.14561,152832.3309,1.55849728,4.092210394,0.5237457286,18.65282267,80.03884473,19.26567405,81.47178819
2889,48051.52109,63047.51413,-14995.99304,41478.68168,57534.11762,-16055.43594,183564.4276,49571.60169,133992.8259,0.853836743,2.069966454,0.6900550969,1.973068605,53.05575168,2.789606562,53.30535727
2890,58165.134,51313.55163,6851.582369,32603.58474,45953.08848,-13349.50374,143605.5797,46874.43461,96731.14507,1.371173025,3.099351868,0.7858796415,95.40133779,10.05699446,96.65852036,10.60435857
2891,783470.3431,51335.68197,732134.6611,865091.5389,46862.67048,818228.8684,270776.239,39935.83202,230840.407,0.4406217105,1.482391276,0.8572442922,36.39758159,71.01250867,36.82012851,70.88760233
2892,136505.6874,58100.78837,78404.89899,179097.9859,38768.97223,140329.0137,219251.8213,34975.97598,184275.8454,0.3969899353,3.457797356,0.8060824304,86.811886,12.91495918,87.09415896,13.19410607
2893,160266.6933,35664.82696,124601.8663,136831.7836,46209.93171,90621.85189,151757.0275,47211.34569,104545.6818,2.883814714,6.298803182,0.8714719434,83.01585647,85.04636673,84.10476362,87.7166979
2894,996407.0434,62383.47635,934023.567,757979.7279,31759.35319,726220.3747,272445.2017,41127.76626,231317.4354,0.8752662778,1.359095715,0.8069644628,93.7687024,14.80347453,94.58323839,14.48312756
2895,919358.6956,58206.7143,861151.9813,790792.7434,48572.86481,742219.8786,317343.9216,51428.46859,265915.453,0.2323732861,2.260567384,0.7843480436,49.52298032,87.36019664,49.75366281,87.38817753
2896,851432.4777,63337.76213,788094.7156,645780.1469,40904.91359,604875.2333,239749.495,50467.56969,189281.9254,0.4722061891,3.949205245,0.7296936971,89.19598651,64.51473965,89.59544909,64.76654977
2897,871572.3096,47869.77473,823702.5348,803130.7935,51537.86449,751592.929,309093.0872,51848.25668,257244.8305,0.4056004343,3.059618854,0.8888370758,75.87389288,95.560606,76.25286556,95.41606736
2898,237683.9685,66964.39675,170719.5718,131414.6054,44420.45005,86994.15538,215738.5407,46892.85133,168845.6894,1.438410421,1.914319225,0.7364613335,42.45862214,83.55042521,43.57937219,82.64879121
2899,848770.5232,50472.27835,798298.2448,535770.0972,53851.8608,481918.2364,305749.0789,37974.16427,267774.9147,1.771751395,1.37850092,0.8392967354,84.3153539,38.92228713,82.57605095,39.25981977
2900,763452.8135,43473.20183,719979.6117,667652.4282,47670.39961,619982.0286,262791.721,40427.14194,222364.579,1.788150785,1.830821764,0.664793077,53.10651047,56.97076385,53.90224848,58.57210212
2901,695307.1821,57489.63149,637817.5506,746228.1391,55505.91115,690722.228,259140.3644,43585.17641,215555.1879,0.3559833894,3.087984584,0.7281285104,36.90888992,86.74255545,37.10005485,87.04285554
2902,49575.77471,51812.51504,-2236.740325,55516.18497,53516.51137,1999.673601,104136.5808,45324.00661,58812.57423,0.3728135813,4.8965424,0.4460428725,79.84259038,71.23347548,80.2149158,71.21440322
2903,46864.72162,50454.95978,-3590.238167,46207.17201,50869.11749,-4661.945483,198267.1834,39028.23539,159238.948,2.449676609,2.950056746,0.6654679006,79.88235768,85.17411634,81.0329914,87.3367438
2904,55796.11701,59529.5875,-3733.470492,45746.60271,55696.31223,-9949.70952,131708.298,46339.39242,85368.90559,0.6706432622,4.235908627,0.6836777849,35.21918499,2.839078553,35.6277918,3.370870677
2905,733466.605,61339.58881,672127.0162,649052.4755,50383.52777,598668.9477,296741.1698,53433.54562,243307.6242,0.5870779181,2.963850646,0.8179929215,51.2475148,62.07681689,51.40603896,62.64208724
2906,224363.4657,53026.91347,171336.5522,226256.0522,57987.22613,168268.8261,141033.886,31342.92958,109690.9564,1.39777087,2.19223144,0.7623467025,5.017334326,24.87479633,6.3686181,25.23228139
2907,918172.3245,45097.37378,873074.9507,660413.7586,39315.09387,621098.6647,270632.7639,43757.12534,226875.6385,1.068907107,3.019528806,0.977976299,77.00871844,21.11305399,78.07480216,21.19069371
2908,940697.7663,59469.98527,881227.781,801525.6947,60017.99112,741507.7036,302780.8968,49150.40178,253630.4951,1.34551515,4.553068073,0.7773503322,83.34812479,43.90785363,83.53858361,45.23982076
2909,757660.9507,59542.67118,698118.2795,917654.6843,50858.64574,866796.0385,317634.9417,58332.66211,259302.2796,0.7113970191,4.307767372,0.6692375652,61.98396535,25.29242827,62.26459795,25.94613391
2910,73632.60046,58032.19422,15600.40624,32377.01803,46626.75737,-14249.73933,149398.9411,50971.09854,98427.84254,1.354991835,2.762013754,1,1.44918136,96.45439866,2.594007579,97.17922677
2911,659683.3205,58061.77463,601621.5458,789416.2596,49442.38867,739973.8709,307073.9328,44718.91277,262355.0201,1.048337726,2.114361641,0.9287403479,37.09077541,80.11494689,37.94902152,80.71696484
2912,248572.4218,46451.38403,202121.0378,185877.9998,51553.48349,134324.5163,224406.3205,43676.3501,180729.9704,2.894218072,2.725102687,0.7376357256,16.94444843,80.91317624,18.9831687,82.96746881
2913,255128.4667,58621.25696,196507.2097,188884.42,48262.7255,140621.6945,259148.292,47337.81899,211810.473,1.010824152,2.016592873,0.4779377508,19.0807827,48.67447454,19.2842915,49.66460061
2914,50527.70989,62411.08903,-11883.37914,42414.31711,63108.5688,-20694.25169,159874.2815,57484.83998,102389.4415,1.23500016,3.072944424,0.7317069352,71.4826258,35.74183361,72.54538291,36.37093831
2915,319780.3988,65554.77746,254225.6214,148865.9734,36846.2652,112019.7082,211529.9425,55076.17885,156453.7636,1.001521336,1.830010892,0.664516263,9.963486092,57.25870876,10.83278882,57.7560595
2916,872478.9323,50534.63538,821944.2969,713748.374,54941.62767,658806.7464,251545.4946,49311.19453,202234.3001,0.5852633931,2.099696723,0.805567983,83.12684032,71.71455063,83.32323746,72.26587757
2917,60170.92373,60829.72535,-658.8016278,45774.43578,55030.49974,-9256.063955,157636.143,51825.79412,105810.3489,1.942581918,5.90960515,0.7512469157,70.97843637,44.97174061,72.77104232,45.72019796
2918,770991.2745,59252.23606,711739.0385,909785.5251,48465.55735,861319.9678,278686.6311,43991.4074,234695.2237,4.892129856,1.220891388,0.8385164214,63.07304102,40.47202426,66.84196514,43.59102178
2919,770915.5904,61575.99743,709339.593,669969.3249,50815.05041,619154.2745,331354.8239,43170.25854,288184.5653,1.691403232,1.883626702,0.8099912906,5.839558638,61.90349278,7.525189252,62.04311486
2920,803682.0145,56687.4257,746994.5888,702533.3315,53382.97515,649150.3564,263111.4798,46146.87592,216964.6038,1.020682605,2.229525296,0.6276936504,65.69541903,58.56159497,66.59174094,59.04985721
2921,154627.9102,48296.26582,106331.6444,201635.4948,62875.5688,138759.926,269679.7727,45867.52147,223812.2512,0.4690591205,2.480430314,0.7464477902,52.75944055,9.206544585,53.10612195,9.522501005
2922,584202.4312,68429.10379,515773.3274,628169.7079,42517.12916,585652.5787,284626.6958,46415.74969,238210.9461,1.546650115,1.41096059,0.7529597644,50.39604797,97.16211811,51.48999489,96.06877155
2923,21597.89422,48263.09797,-26665.20375,29609.47273,52810.94483,-23201.4721,142740.194,52456.62148,90283.57251,0.3670876179,5.274058309,0.9615313951,78.99502601,66.45320536,79.18805671,66.7654432
2924,185680.2454,60965.92651,124714.3189,166443.6203,44890.16994,121553.4503,191076.6147,49449.86188,141626.7528,1.962765397,5.124818244,1,30.05790187,92.14391098,30.60341117,94.02934664
2925,60047.86446,63795.41481,-3747.550354,23041.85379,43157.50345,-20115.64966,192851.4159,53202.08663,139649.3293,0.3419248324,3.024339484,0.8726440404,73.95686693,18.499483,74.20320996,18.73660681
2926,1015266.103,60374.99727,954891.1059,690767.8135,50962.48581,639805.3277,320728.3888,51184.54815,269543.8406,4.227896772,3.694063115,0.588101387,56.86795561,11.94891818,60.65077434,13.83714314
2927,55296.76889,53442.90971,1853.859189,67703.59562,65120.90029,2582.69533,189394.0578,56104.48143,133289.5764,2.050510004,3.811601791,0.6807024448,14.16584768,31.67715572,15.3668122,33.3391652
2928,914042.7982,48025.23917,866017.5591,629308.2071,54549.95162,574758.2555,320273.5079,62262.10589,258011.402,0.5767890099,2.1727835,0.619428006,64.09091162,55.75212438,63.95331773,55.19198736
2929,855476.3332,68189.80056,787286.5327,753414.7281,49305.31168,704109.4164,341536.8781,43681.18658,297855.6915,0.9671783077,3.237835869,0.7403926528,3.334806434,10.35143799,4.160653109,10.85483758
2930,1018388.224,75865.81728,942522.4066,708447.4637,57761.59767,650685.866,316832.7053,41265.94367,275566.7617,0.1297163788,2.54373322,0.9171031035,16.27237948,81.90242444,16.38840075,81.96043655
2931,63653.06688,58252.92295,5400.143931,43300.37787,56115.20881,-12814.83095,97950.67463,47322.47576,50628.19887,2.010693884,3.272056568,0.8043196456,33.34457571,0.4531309355,35.24910411,-0.1915871966
2932,161502.0889,43386.04072,118116.0482,216118.6091,56293.11763,159825.4915,155517.8902,52348.44992,103169.4403,1.47153611,1.787799909,0.8109155907,22.73215195,60.18083452,23.58257868,61.38174789
2933,64684.78175,54731.47087,9953.310882,59033.20007,45820.3371,13212.86297,185925.4638,55260.52662,130664.9371,1.120416067,3.062728767,0.7615633918,42.72965941,79.32223057,43.40009404,80.21992182
2934,214642.0968,48765.83148,165876.2653,231341.4316,40804.87297,190536.5586,213075.9434,70383.07406,142692.8693,0.3791159336,3.323521922,0.8378775967,15.18874118,52.97789472,15.18977987,53.35700924
2935,60025.44553,51002.82979,9022.61574,42873.12223,44787.0927,-1913.970466,91366.5252,53091.5084,38275.0168,1.050826022,2.017228383,0.967647394,14.26895899,31.48014303,14.35961363,32.52705137
2936,67792.88299,63576.11243,4216.770554,68876.717,61699.43647,7177.28053,163183.8138,51428.24264,111755.5711,1.959360237,1.310857429,0.9028053013,2.411320066,25.64973797,3.259442391,27.41602817
2937,232295.0271,63022.18952,169272.8375,122083.1166,56549.57493,65533.54164,282321.86,55759.98565,226561.8743,2.22646877,2.015074084,0.6604847478,22.40897535,35.75146357,24.2783309,36.96087375
2938,49082.66814,49934.40953,-851.7413884,31545.06592,47415.46356,-15870.39763,124663.9431,46865.82962,77798.11352,1.124545059,2.090238129,0.8189968721,89.19551828,18.20611386,90.2174279,18.6754776
2939,267832.3742,62229.90998,205602.4642,137122.2371,47439.13583,89683.10132,174624.7482,54759.16864,119865.5795,1.325484659,2.174069089,1,57.11480396,19.26182727,58.01020038,20.23915774
2940,43833.08485,46445.82021,-2612.735358,43885.18242,51523.63307,-7638.450658,146443.6613,51886.28758,94557.37368,1.010708596,6.68022254,0.6407594787,54.25425101,27.90702368,54.59010532,28.86029895
2941,941929.8917,64154.97951,877774.9122,849900.4844,49798.48113,800102.0032,356962.2035,54473.51282,302488.6907,1.815801997,2.322410153,0.784225871,86.83300409,44.09569376,87.13806703,45.88568636
2942,219961.7165,55059.61102,164902.1054,204062.6401,58014.58251,146048.0576,208887.4233,51536.69185,157350.7315,0.8508914243,2.766466763,0.7752320294,17.77330695,66.80940143,18.02896327,67.62097771
2943,180945.686,51627.63644,129318.0496,142003.9261,48669.40602,93334.52011,290951.1711,55936.27675,235014.8944,1.082009796,1.896635836,0.7742224986,39.32635963,72.06201297,40.27616625,72.58029145
2944,959937.1987,61851.93043,898085.2683,628390.5788,54270.31278,574120.2661,276511.3024,48186.93751,228324.3649,1.056580389,4.894500556,0.8712341871,10.52280645,75.83205618,11.09882249,76.71781441
2945,42350.85311,49567.83504,-7216.981926,32467.98996,45964.00261,-13496.01265,88688.49741,34017.33191,54671.1655,0.454059345,3.659551933,0.8838011241,88.80085704,83.31843371,89.25465988,83.30317363
2946,878401.6202,50470.83166,827930.7886,809489.7733,53963.93827,755525.835,302235.6464,51770.60873,250465.0377,2.162333294,2.330868068,0.8178766196,20.05285986,97.39418119,22.18076767,97.77849047
2947,67880.55756,61644.36689,6236.190665,57369.97299,61067.25775,-3697.284763,142433.9461,54103.00714,88330.93896,0.7244263701,6.442996585,0.6215010759,56.33998331,22.72333355,57.06335202,22.76246522
2948,60964.31221,61736.96538,-772.6531729,29609.96582,36860.30021,-7250.334392,95859.45643,39069.3404,56790.11602,0.3929248254,1.6378009,0.6861142041,86.72553892,32.01965883,87.1008734,31.90340932
2949,756083.5275,65114.39852,690969.129,651910.551,54108.92265,597801.6284,310174.232,53208.05301,256966.179,1.546373386,8.502451981,1,41.77878361,85.53612369,42.95714533,86.5374899
2950,137793.2916,45806.99294,91986.29867,147495.1559,48671.78907,98823.36681,184979.9131,49231.63705,135748.276,0.2447914494,3.501676733,0.7097120767,52.08504285,88.32784202,52.16326179,88.55980032
2951,56599.48512,62477.62036,-5878.135237,32255.86806,42041.36282,-9785.494761,141367.0278,47312.61528,94054.41252,5.428600308,3.052904173,0.7288297954,47.45069004,17.02484914,52.87648061,17.19948595
2952,47810.52801,51930.58989,-4120.06188,45072.5732,45580.95153,-508.3783324,122553.5699,58713.34508,63840.22484,0.7147631142,1.535467758,1,2.664487136,63.74060733,3.108683296,64.30058598
2953,60107.99582,56213.68297,3894.312854,40568.25568,47409.06234,-6840.80666,114317.3178,52846.38882,61470.92894,1.975821012,4.022758503,1,64.21079436,8.153608271,62.86030998,6.711366751
2954,202087.948,71575.45837,130512.4896,108093.375,39140.10373,68953.27127,207781.8607,47507.15389,160274.7068,1.880389136,1.538525132,0.715889049,66.52693254,77.60646117,68.20976615,78.44546913
2955,226307.9145,55836.67262,170471.2419,198301.2615,65143.58782,133157.6736,199620.7303,52437.05006,147183.6803,0.6021055882,2.575079234,0.5473290288,21.79083209,28.18961387,21.82100773,28.79096283
2956,144154.1895,59190.84827,84963.34124,150512.2991,60495.16616,90017.13291,224566.4714,34118.21757,190448.2538,0.5523569619,2.421719741,0.6920751328,62.92096953,78.5857429,63.42959937,78.80113532
2957,43495.49274,40639.68235,2855.810392,36651.50832,47575.69563,-10924.18731,106911.2881,61480.92965,45430.35848,0.4381203302,2.48926524,0.8978898294,17.0944842,51.95734619,17.52484905,52.03941638
2958,253951.3193,57003.27966,196948.0396,116045.7969,52915.15725,63130.63961,208753.8523,49641.84186,159112.0104,0.1154260207,3.049568735,0.6377795094,89.09760387,26.32960281,89.16216245,26.42528643
2959,55752.891,60159.39617,-4406.505169,47415.3002,46259.67961,1155.62059,105820.2283,46153.81854,59666.40971,1.39916279,2.060278512,0.8690259633,44.42721122,80.78777208,45.55765127,81.61224876
2960,47139.7049,48328.19234,-1188.487433,44573.84516,50952.73517,-6378.89001,205870.1911,52909.68744,152960.5037,0.7032141654,1.886379094,0.8654529996,16.88668624,52.01872104,17.12612045,52.679918
2961,779544.423,58897.82344,720646.5996,679917.9188,58010.43968,621907.4791,280048.7768,55660.57007,224388.2067,0.8004528016,3.284043307,0.7363449185,95.15019177,88.69288809,95.88323958,89.01439329
2962,1123541.234,63196.78224,1060344.451,776303.1691,56948.55363,719354.6155,208525.3519,35131.76575,173393.5861,2.086834424,5.502616653,0.8121775083,31.09938244,82.34729929,32.87267563,83.44743981
2963,83091.70795,58059.31337,25032.39457,36090.86063,38709.59365,-2618.733025,99918.95387,45514.91859,54404.03529,0.2974674174,4.078218237,0.6827472996,83.15740898,81.65047929,82.86618023,81.58987668
2964,772531.4746,53450.53733,719080.9373,638549.9608,46881.92549,591668.0353,333197.9886,51798.16465,281399.8239,0.8789522286,2.309711204,0.7282572734,65.24306213,38.64252021,65.98306552,39.11681126
2965,176722.2889,57819.59988,118902.689,154340.8382,54476.708,99864.13019,181032.6527,40028.52021,141004.1325,0.8501670697,7.688326329,0.5415232017,97.145937,23.01708679,97.7552333,23.60999661
2966,694283.5647,45245.49737,649038.0674,665849.8979,41561.23816,624288.6597,246902.9969,49880.69263,197022.3042,1.640108892,2.616870004,0.7330940114,9.086608146,52.68507513,10.4525517,53.59290518
2967,178906.3599,52999.7765,125906.5834,199719.4464,59838.38493,139881.0614,194364.6799,45293.56829,149071.1116,2.240659393,1.533055688,0.6480781917,79.11873751,94.34917951,81.1233165,95.35028769
2968,951589.1132,71678.14967,879910.9635,864710.1456,50335.05232,814375.0932,292820.6623,57061.53491,235759.1274,0.5573791474,3.253760251,0.7769916875,72.99765913,6.693348723,72.48367488,6.908968066
2969,137917.2343,57682.46969,80234.76465,146413.2087,55200.37869,91212.83002,218617.9013,50236.1065,168381.7948,0.2052338075,3.513993389,0.7179040947,21.90508304,5.149075509,21.84220879,4.953709841
2970,197558.2619,54746.37765,142811.8843,153405.3004,54136.57345,99268.72695,251886.9935,50532.14858,201354.8449,0.7242843582,3.946449117,0.9404369069,85.80061589,28.61816445,85.38241155,28.02681602
2971,839418.3108,51399.77904,788018.5318,577994.8579,44678.53493,533316.3229,285462.7025,38979.66963,246483.0328,0.3607576517,5.213832991,0.7335793972,14.22076728,34.55599248,13.87939703,34.43932014
2972,841247.1928,51956.8555,789290.3373,605809.1912,45653.85629,560155.3349,234532.066,53592.66506,180939.401,1.72648424,3.824473537,0.8002794858,92.00974184,17.52211667,92.49350778,19.17943931
2973,87070.82077,44580.93844,42489.88232,186964.4215,61049.16515,125915.2564,191001.1347,58786.70896,132214.4258,1.4228319,3.008099947,0.7545896812,79.03331241,82.22760393,80.3157375,82.84391269
2974,875068.2948,53673.21283,821395.082,654455.9691,50007.7452,604448.2239,341464.7411,48774.10524,292690.6359,0.6815379143,7.884588438,0.7526323063,28.18173859,69.95646702,28.78019557,70.28257002
2975,925011.95,52450.37146,872561.5786,679854.0679,52745.21354,627108.8543,292581.7803,57354.21738,235227.5629,1.122432474,6.057626281,0.7705761875,28.22733598,13.27304435,29.3449271,13.16890624
2976,59484.33416,40531.33559,18952.99857,61473.10332,62982.16713,-1509.063811,147887.2149,47945.28467,99941.93018,4.288475335,1.311253531,0.9555545388,5.10412376,46.44801929,8.065418665,49.54991439
2977,842354.846,48381.11042,793973.7356,821447.782,52248.81615,769198.9659,329609.3498,56693.38559,272915.9642,3.024397286,2.588986452,0.7126306714,34.47705357,0.9274697949,37.20714684,2.228842026
2978,61100.89631,58644.07141,2456.824906,47743.37661,48504.11968,-760.7430702,108805.141,56467.16183,52337.97912,5.206908793,2.235934537,0.7948109928,8.968006085,28.40305338,14.02345654,29.64977703
2979,202762.2265,53167.08302,149595.1435,175003.05,64987.64906,110015.401,213237.576,54798.69529,158438.8807,1.570296788,3.721602779,0.7878963079,59.17977067,47.56830389,60.00984077,48.90127637
2980,57310.69265,55678.57757,1632.115085,44367.50675,50285.34014,-5917.833384,158787.5999,55007.61162,103779.9883,0.6282694577,3.592993179,0.8360959115,82.01924916,59.27346203,81.39816509,59.17871447
2981,717890.1587,56054.71374,661835.4449,767729.348,56023.84164,711705.5064,264346.0851,46739.8033,217606.2818,1.428820702,1.94363374,0.6502916203,56.62579294,5.088304817,56.18394365,6.44709023
2982,80674.86363,65796.88131,14877.98232,52554.23031,56931.44657,-4377.216261,173929.1433,56884.05099,117045.0923,2.900511037,5.207962125,0.8054852738,54.12665611,31.17754427,56.51080854,32.82944665
2983,64131.03673,63001.8364,1129.200338,57215.4485,57526.72356,-311.2750579,179284.8376,51900.92316,127383.9145,1.839714761,2.549864745,1,15.79228649,6.879742195,17.55237273,6.344348109
2984,948955.0368,58513.89413,890441.1426,609213.4938,50420.38713,558793.1067,253818.9843,51905.97919,201913.0052,0.1771118583,3.499163839,0.6804647871,14.0588807,72.50209574,14.23506644,72.48400724
2985,62005.93224,62620.65044,-614.7181982,27922.15791,50817.81461,-22895.65669,148178.3002,53457.4082,94720.89202,0.3704135232,5.161077489,0.6851801429,93.43744499,87.83796769,93.54126501,88.19353426
2986,288503.8556,53729.62764,234774.2279,201193.6727,56454.93596,144738.7368,269722.393,59886.09294,209836.3001,0.7727420792,2.033581271,0.7953570142,93.05183169,52.05137208,93.70982338,52.45656001
2987,183108.978,60585.93563,122523.0424,107280.1452,55081.9427,52198.20251,282462.3262,58312.3423,224149.9839,1.669174479,6.875493215,0.8693012221,59.51111836,51.94110728,59.88627313,53.56757656
2988,639008.8731,64128.33602,574880.537,809918.2232,46455.87667,763462.3465,293272.625,58252.46287,235020.1622,0.369898767,4.094019531,0.5942520369,2.086146224,7.571054031,2.437647571,7.686257766
2989,174782.2394,52352.90406,122429.3354,149677.8191,42111.51253,107566.3066,227729.9168,45586.49576,182143.421,0.2970911134,3.49030093,0.6763373917,43.87449391,19.52480489,44.13044376,19.6756452
2990,838062.0835,62768.90974,775293.1738,755540.6145,54948.04059,700592.5739,310344.8471,45725.69034,264619.1568,1.02461379,1.927780943,0.8306225511,66.21836037,98.03438053,67.06977778,98.60439967
2991,61069.76458,53082.75832,7987.006264,59500.69494,61104.91485,-1604.219914,200188.4149,55718.54512,144469.8698,3.724184071,5.701153449,0.834098367,7.076303286,94.17504997,5.848146617,97.6908967
2992,202471.354,56108.84063,146362.5133,123796.4358,58344.64805,65451.78776,226304.4819,47767.88978,178536.5921,0.1857013973,6.124933823,0.792163157,27.18761217,5.472194875,27.26506987,5.6409708
2993,1043977.131,61818.51997,982158.6115,640379.0917,48472.64518,591906.4465,247270.2313,53914.03563,193356.1957,0.6339787631,2.170112044,0.8313742815,38.03635524,85.60792778,38.50225404,86.03788984
2994,152630.576,66805.07009,85825.50591,157031.0161,35320.67364,121710.3424,205331.6878,35247.91661,170083.7712,1.315838136,2.274211691,0.6865314041,55.29096108,69.05245051,55.4579356,70.35765146
2995,63053.39257,59723.73904,3329.65353,58391.7099,66935.37266,-8543.662766,140570.5703,49958.41609,90612.15425,1.762481691,1.324053097,0.902150054,20.85025556,75.40223998,22.61038957,75.49317939
2996,50127.87654,47493.3385,2634.538045,53789.68638,56227.30152,-2437.615144,107243.5966,51661.16996,55582.42661,0.4653233492,3.933721783,0.6717968734,9.075154925,64.54182371,9.540290773,64.55503212
2997,839601.1459,56636.96961,782964.1763,690792.2495,59059.53181,631732.7177,179628.5133,41349.51073,138279.0025,0.577295171,3.142743397,0.6449855695,69.83022652,62.6734539,69.99674665,63.22621131
2998,757258.8809,65664.53022,691594.3507,814676.7948,51806.28295,762870.5118,178839.7689,42494.17336,136345.5956,1.32608851,2.273649191,0.7522523349,63.53603953,72.15290587,64.8621247,72.14993059
2999,28462.81064,41903.08139,-13440.27075,51815.47047,53835.32937,-2019.858904,263721.6104,56701.07385,207020.5365,3.957645758,1.971935309,0.8231433521,82.35867331,50.72554888,86.1513381,51.85632459
3000,38408.00194,50737.86297,-12329.86103,54185.79348,52618.35254,1567.440938,161021.7684,45296.58938,115725.179,0.826963164,1.903183914,0.9020064749,51.97272157,51.09654599,52.36334548,51.82543626
3001,68683.15035,66896.61172,1786.538631,53520.30367,49902.24786,3618.055802,182244.1939,50388.96647,131855.2274,1.66207213,2.426457873,0.828602344,16.89228289,19.82077325,18.31595799,20.67846374
3002,242510.4516,50600.95067,191909.5009,202171.7556,52961.45953,149210.2961,201396.6512,53948.13217,147448.519,2.435557219,5.395562415,0.672140442,84.20377187,48.19005337,86.08746531,49.73395687
3003,220125.0024,66225.38341,153899.619,180260.8751,48395.1644,131865.7107,269271.0606,41710.21851,227560.8421,0.65616711,1.811705178,0.8279718062,82.62540552,96.09750863,82.8019403,96.72948233
3004,228034.9099,67853.85211,160181.0578,193680.0595,50344.61833,143335.4412,172427.2999,62111.86719,110315.4328,1.743258011,3.085828443,0.8048648841,70.48401217,84.01891659,69.40404838,85.3873561
3005,63910.13386,57149.27296,6760.860905,41448.63407,60169.02992,-18720.39586,155510.1207,45185.15904,110324.9616,1.613315512,3.590685587,0.6958158694,61.36057656,65.80805885,61.77620598,67.36691713
3006,59275.36674,55895.31716,3380.049579,55724.40001,59881.92312,-4157.523111,129861.0429,39650.01964,90211.02323,0.4948965658,2.56593,0.7088744989,24.9345194,72.76950184,25.41000495,72.90674654
3007,25291.60901,43633.4812,-18341.87219,48619.5327,55006.65161,-6387.118905,139424.4359,53358.19502,86066.24092,0.5281148964,2.256622863,0.7412510763,67.15896481,4.203163726,67.41134637,4.667069852
3008,732883.2087,41493.69957,691389.5091,752096.7854,49947.653,702149.1324,296884.3558,48709.15562,248175.2001,1.748698282,2.867402814,0.8184470326,25.80211502,5.171776078,27.55031181,5.129899399
3009,50767.00407,55580.16766,-4813.163591,55229.12452,44136.52386,11092.60066,147184.6584,57301.26049,89883.39791,0.5136842566,2.160996848,0.5817490549,45.25177274,17.37929153,45.71387389,17.60364403
3010,181181.3082,51562.77845,129618.5298,199304.6245,56271.55994,143033.0646,265634.0971,52620.72909,213013.368,0.3531183818,1.881141352,0.8000127852,66.90714945,14.87154048,67.07863291,15.18022481
3011,63692.30715,45109.84143,18582.46573,49085.62166,50089.77761,-1004.155943,152832.1892,59390.68021,93441.50897,0.3400809633,4.198089158,0.598094146,54.13651051,81.91452147,54.46065699,82.01740063
3012,209653.8514,55098.55732,154555.294,215544.782,67376.88296,148167.899,217504.1273,56314.07117,161190.0561,3.467260005,2.08864148,0.6237744549,63.58828843,4.885489947,64.53162729,8.221955703
3013,1011855.942,61131.81438,950724.1273,801717.3497,49391.91232,752325.4374,259704.1878,46125.95691,213578.2309,1.057775183,4.55680588,0.7465583302,97.44917004,79.69119419,98.38234279,80.18926744
3014,924013.6497,62855.59947,861158.0502,718232.1273,45452.74178,672779.3855,321937.9435,46978.90591,274959.0376,0.7733747465,3.201050335,0.7796323596,76.07971159,25.25094661,76.06876275,26.02424385
3015,921736.0936,64012.26515,857723.8284,735062.8957,56178.39592,678884.4998,290915.4527,51482.11409,239433.3386,0.9496713842,1.577594036,0.7493647724,63.59736838,96.37498767,63.7178662,97.31698343
3016,197861.7028,50852.07246,147009.6303,152213.803,54314.44743,97899.35558,257713.8367,60084.1236,197629.7131,1.955030447,2.96379932,0.631553791,71.22475156,30.77646681,72.87907718,31.81826851
3017,41667.53255,64468.90644,-22801.37388,39869.03359,48381.75389,-8512.720308,123119.8334,45343.63465,77776.19879,0.6202258058,3.77953577,0.874910757,33.27027063,0.6340004886,33.33905542,1.25040028
3018,142686.4184,56884.129,85802.28938,168351.6452,46862.16366,121489.4815,227585.9618,47690.43962,179895.5222,0.2652857348,1.861276589,0.8426158519,62.25988008,75.95654011,62.45704367,76.13403107
3019,696372.6404,39559.14935,656813.4911,699661.7519,47219.70076,652442.0511,194059.1771,46490.93004,147568.2471,1.876720208,3.006585436,0.7582188932,60.93611905,71.31281316,61.21982859,73.16796481
3020,874567.5537,62184.7673,812382.7864,772962.576,45256.40464,727706.1713,361574.1122,62169.19832,299404.9138,1.026193808,2.091204582,0.6347208804,91.51240363,3.939191539,91.27100964,4.936589491
3021,243776.7022,58002.51502,185774.1871,152377.1994,56954.99662,95422.20277,261829.1142,47108.20241,214720.9118,0.3351924571,4.805969996,0.9122084869,71.79615337,97.55496659,71.46759596,97.48860387
3022,787985.1184,53854.17705,734130.9413,582480.1259,46570.24047,535909.8854,246265.1536,44607.50483,201657.6488,1.464662147,4.178118059,0.6209058301,56.67389375,92.8617356,58.0906881,93.2331235
3023,793972.2816,48511.07505,745461.2066,645341.6022,56392.47572,588949.1264,223277.3691,39997.72184,183279.6472,1.713920818,2.183012498,0.668186918,2.608686201,20.84775288,3.895080419,21.98032274
3024,52775.6865,60144.69665,-7369.01015,57568.60656,50533.23872,7035.367833,161845.5224,50389.18944,111456.333,1.948862092,4.797433769,1,70.17469994,58.83833082,71.79013035,59.92849045
3025,58657.39474,41067.13427,17590.26047,44183.21357,43525.11408,658.0994945,147696.0362,55910.65953,91785.37665,2.005359179,4.028611734,0.9355400351,1.234768682,17.2063623,2.420562278,18.82356946
3026,768525.6986,51920.43695,716605.2617,750991.4695,65185.51039,685805.9591,317040.4776,59302.6241,257737.8535,1.131396398,2.897395885,0.8989487193,84.06172108,97.15233104,85.13724744,97.50347327
3027,955974.3303,47379.91257,908594.4178,744447.5576,47531.91191,696915.6457,251974.2195,46668.28712,205305.9324,1.747007658,3.769393828,0.5900688967,87.82568213,31.72920909,89.43661744,32.40517002
3028,226760.2115,53470.47934,173289.7321,170637.0532,57241.10327,113395.9499,199241.1833,50595.18177,148646.0015,0.8428806339,1.367999729,0.7699531373,27.02544085,96.73130753,26.83053904,97.55134475
3029,180911.7233,52320.78958,128590.9337,139394.0337,55643.98432,83750.04941,174029.8645,62609.8172,111420.0473,3.684370895,3.750912862,0.9922872855,30.31730877,63.90675705,28.57120104,67.15109006
3030,235272.1794,60444.73517,174827.4442,203479.8693,54211.47897,149268.3903,167308.7508,65695.43535,101613.3154,0.8551029407,5.165513568,0.7810123128,0.2473387456,98.04327991,0.8701102297,98.62924639
3031,776533.1157,56136.58567,720396.53,645733.8806,49396.50015,596337.3805,266176.9315,45929.14577,220247.7858,0.4400574184,1.968919326,0.6710285951,80.00784341,90.30823525,80.44637638,90.27163788
3032,248564.4765,54122.74473,194441.7318,138953.563,51550.50105,87403.06192,255308.7218,45387.06818,209921.6537,0.5377968236,3.926469765,0.6238499343,59.67617791,50.62961677,60.17590096,50.82836862
3033,709058.3819,41117.48544,667940.8965,799534.5351,61770.13536,737764.3997,314855.1562,50325.40615,264529.7501,2.072332729,2.905428256,0.7219765082,19.75762482,95.01748664,20.21168611,97.03946371
3034,63650.84607,61329.29624,2321.549826,40034.0337,47523.34684,-7489.313134,95969.21883,47569.14607,48400.07276,1.747084843,1.97724744,0.7876620448,86.63518304,38.74230397,87.1328854,40.41699732
3035,938186.226,56323.90837,881862.3176,768371.978,48794.72177,719577.2562,278736.1551,57786.74532,220949.4098,0.8097074408,5.343178117,0.792416813,4.890144777,25.78970043,5.642132445,26.08993482
3036,60795.65945,59558.42652,1237.232926,50167.96869,53404.56838,-3236.599684,181789.34,50437.77062,131351.5694,1.700983789,3.477029943,0.7747643186,77.64903832,30.36118376,78.46840898,31.85181368
3037,880724.2163,55395.20251,825329.0138,926165.6182,37565.09746,888600.5207,240461.3842,50742.00134,189719.3829,0.2811543213,2.514376631,0.7690030844,25.77136626,1.33324242,25.99227113,1.507164215
3038,234626.9178,60065.55047,174561.3673,131915.859,49852.26353,82063.59549,198785.971,36909.01608,161876.9549,0.5399171115,4.448754074,0.7514072629,99.97901782,50.91458082,100.3865447,51.26874506
3039,749339.8311,32608.86999,716730.9611,909026.1825,53787.72267,855238.4599,294767.7844,54306.02078,240461.7637,0.7568537158,1.463205697,1,43.27016001,26.02477749,43.9991444,25.82128475
3040,208606.4602,37523.63157,171082.8286,151447.2064,51503.27948,99943.92697,221708.3337,45834.85434,175873.4794,0.9993725459,4.770985707,0.8502047945,62.70949173,18.92897315,63.69673558,19.08419901
3041,53113.73623,46842.45642,6271.279814,43605.90085,54919.44611,-11313.54525,100849.2257,53900.69845,46948.52725,0.9342151924,2.144050913,0.9532432545,27.23086386,13.5567137,28.16009297,13.65310507
3042,1027313.897,51583.50493,975730.3925,545726.5794,43725.23295,502001.3464,298511.3055,43685.55947,254825.746,1.715788127,4.40976642,0.9793262282,23.80727873,68.15987306,25.48720592,68.5088337
3043,43825.48216,57177.82351,-13352.34134,53150.39997,54042.15277,-891.7528046,179385.0843,38168.34684,141216.7374,1.164372464,1.016730399,0.71777198,97.61011735,72.73307469,98.26403125,73.69648522
3044,61910.02485,52399.58848,9510.436369,61002.43089,61656.45419,-654.0233004,132615.8789,62021.43435,70594.44452,3.056884094,1.569397046,0.7515202155,96.97153145,8.209141483,100.0202025,8.433072305
3045,64086.40744,67946.74838,-3860.340937,65740.92105,56218.72075,9522.200304,199161.4463,49221.93845,149939.5079,0.2195623233,1.708867279,0.8036811758,40.47129404,0.2724273288,40.50777285,0.05591656743
3046,49648.59227,44711.29669,4937.295582,71049.63229,63178.16815,7871.464135,144222.8875,60280.0478,83942.83971,1.408752137,4.718369144,0.8631252729,24.10519454,58.43999381,25.14857804,59.38653142
3047,946274.8372,51626.93343,894647.9037,780286.6416,49543.31045,730743.3311,288485.0734,55873.37571,232611.6977,0.7160353236,1.09276048,0.736654817,69.25358958,74.74503346,69.92405773,74.99638787
3048,48686.93896,56003.76209,-7316.823136,38447.66447,52144.62712,-13696.96266,84937.78851,36534.51103,48403.27748,1.152533359,1.656272429,0.9369910012,24.23511925,13.48796886,24.78889048,14.49874607
3049,686607.127,41336.3131,645270.8139,738106.7104,46093.92965,692012.7807,247798.8806,46114.21924,201684.6614,1.333869916,2.870129861,0.74908795,18.16343987,38.59998087,17.79156169,39.88096314
3050,189591.2438,65272.07899,124319.1649,86050.9417,44541.05574,41509.88596,232246.6182,53369.54815,178877.07,0.5446256025,1.144257291,0.6667804506,9.074849195,15.48323001,9.494735218,15.83009133
3051,36622.44432,39444.86595,-2822.421624,53058.95063,61859.33217,-8800.381545,117968.5263,44890.15414,73078.37219,0.5687283946,3.980448094,0.8478953386,31.22946271,8.164606314,31.32677572,8.724947429
3052,55846.7734,64528.32938,-8681.555973,44500.72226,51323.15502,-6822.432762,84900.44727,48159.04237,36741.4049,0.5817000586,4.210169936,0.8245225306,44.42436582,33.7581944,44.47207737,34.33793448
3053,234194.5721,76669.52021,157525.0519,153785.3791,59362.78425,94422.59485,210704.7717,64604.58097,146100.1907,1.145874206,2.928859334,0.9874623455,90.03473732,9.988099958,91.17892751,10.05020079
3054,961844.8442,46389.54404,915455.3002,692880.1449,58717.60503,634162.5398,231498.6062,63857.36534,167641.2409,0.09708128424,2.571786989,0.8631305854,76.25374833,84.90070363,76.32135318,84.97037687
3055,58481.28197,63365.00096,-4883.718986,40673.61944,43912.57701,-3238.957567,169076.7364,56970.25651,112106.4799,1.072801436,2.283812268,0.7116511492,30.04880014,3.746509391,30.91608963,4.377945746
3056,38691.50706,50806.44809,-12114.94103,58946.46709,54936.48854,4009.978553,161285.7718,34778.40864,126507.3632,3.567447238,1.878077876,0.8187475609,17.77638785,32.81287532,18.00191058,36.373187
3057,43827.14616,48331.38018,-4504.234023,31406.64838,47113.75776,-15707.10938,132529.1856,53925.19765,78603.98793,0.3496905668,6.132002975,0.8463500289,76.87001207,64.71418025,77.08348661,64.99114977
3058,675467.203,48451.50122,627015.7018,649970.5986,46533.85645,603436.7422,284006.7004,46869.98331,237136.7171,1.135443275,1.82660464,0.7336648691,85.70377071,51.35126233,86.43463921,52.22020575
3059,241659.5888,46382.72675,195276.8621,203809.5788,61977.98073,141831.5981,172446.5472,56637.67324,115808.874,1.18601713,1.963759527,0.8508836469,69.03733322,7.047630348,69.9011173,7.860350292
3060,29692.85352,48166.66842,-18473.8149,55775.87377,56998.64342,-1222.769646,108523.1113,49029.77884,59493.33244,0.8504939914,2.868497819,0.7966554229,16.77796051,67.56733298,17.50483585,68.00891228
3061,65953.51566,54252.00595,11701.50971,50838.3921,54107.09337,-3268.701269,80405.85225,52725.35156,27680.50069,0.8072734741,2.117972176,0.6480909972,11.66516234,82.39540219,12.40067146,82.72814353
3062,174520.2651,50533.13098,123987.1342,189685.1975,69905.67061,119779.5269,269196.135,47360.19887,221835.9362,0.3779291653,1.556728668,0.6779244552,77.87145829,69.74456262,78.17348428,69.97174262
3063,255192.0811,55094.00753,200098.0736,167203.0271,63031.43738,104171.5898,151242.8106,45837.82732,105404.9833,1.832473632,4.43204274,0.7832753693,56.92131745,89.42538545,58.70961661,89.82531761
3064,785385.6804,44597.25687,740788.4236,712392.1934,53860.23733,658531.956,280471.9062,48891.99115,231579.9151,2.223567367,2.529203593,0.6439622332,91.91168544,50.06698284,94.0943154,49.64227318
3065,769874.2101,54851.197,715023.0131,601527.4168,57990.11303,543537.3038,302296.9763,54191.51575,248105.4605,1.673493312,1.22929021,0.9628685173,38.79156383,26.73278371,40.44392994,26.99786127
3066,744943.728,67468.40723,677475.3208,666868.762,37803.56134,629065.2006,322218.186,46736.84257,275481.3435,0.7225956562,2.824696043,0.788754909,81.90661595,66.15155087,82.62913842,66.14126724
3067,743946.1821,72768.64343,671177.5387,778122.4638,55924.6337,722197.8301,200836.1494,60945.41479,139890.7346,1.545366748,3.446555763,0.9207854774,26.75011226,95.96295608,28.29538459,95.98003881
3068,740534.2796,41657.53699,698876.7427,707686.4771,51342.32473,656344.1523,297211.1789,41247.62714,255963.5517,0.7692855261,2.8252425,0.6948186985,36.18896347,11.37169397,36.5913375,12.02735803
3069,49111.62056,61459.211,-12347.59044,30479.0893,50002.5648,-19523.4755,183359.9367,54032.18691,129327.7498,2.757724875,4.282616486,0.8167828845,31.98684532,59.73216844,32.25147916,62.47716669
3070,762321.4341,49003.40812,713318.026,891267.3667,58645.66479,832621.7019,269915.9281,43137.98842,226777.9396,0.6731135533,2.580702906,0.854124187,46.41223795,73.54117541,46.57142933,72.88715709
3071,53225.73748,54964.14086,-1738.40338,58095.45293,62215.97025,-4120.517318,169870.1352,58461.18105,111408.9541,3.589120443,2.727798156,0.7256840488,30.62072607,6.662072068,32.83171075,9.489320258
3072,222932.438,49024.44913,173907.9888,167582.1394,45498.59153,122083.5479,167426.9314,39498.69169,127928.2397,0.7870237212,1.983942058,0.718835662,44.33592128,71.74780301,44.87196534,71.17155384
3073,955912.1127,55444.45148,900467.6612,730826.5129,54168.72681,676657.7861,270777.6352,43932.37979,226845.2554,0.8114732998,0.9860692165,0.7499416973,89.30790322,24.00982021,89.02446369,24.77018259
3074,821326.7772,60314.01591,761012.7613,681402.394,50074.91501,631327.479,247006.7701,36244.48581,210762.2843,2.438039959,7.12902289,0.9741127783,24.64933378,73.03242128,26.73846414,74.289232
3075,65676.23435,52883.08618,12793.14817,30616.98512,49632.16262,-19015.1775,166625.0735,55554.94862,111070.1249,2.552402246,2.422166534,0.7968275335,8.015703112,89.98278055,10.44692762,90.75989354
3076,1020735.146,50829.25534,969905.8904,872112.0778,42254.15578,829857.922,245723.2758,54118.03849,191605.2373,4.567728197,1.665827586,0.7670846853,99.8864963,60.99568917,96.29196639,63.81410993
3077,714085.0168,51840.05689,662244.9599,691742.4074,42561.51254,649180.8948,298008.32,64840.42828,233167.8917,0.7594319709,1.748796669,0.8458484975,55.17257779,46.72690511,55.93187507,46.71260275
3078,33076.9345,60222.89196,-27145.95746,44795.94994,46137.18093,-1341.230993,165974.9911,56702.66838,109272.3227,2.549439685,2.574253152,0.8757056966,19.50937017,9.896262366,21.63662367,11.30140836
3079,721415.0948,59583.17149,661831.9233,786512.705,49639.62041,736873.0846,331287.7336,42738.29243,288549.4412,0.2970201334,5.111811723,0.8145474832,66.56700682,52.33981727,66.79985947,52.52420979
3080,785391.2676,64255.39985,721135.8677,692091.7775,51432.06381,640659.7137,281947.4043,48771.24811,233176.1562,1.387616932,4.362323499,0.8745765642,58.33147157,9.701650029,59.63489563,10.17764001
3081,85675.88742,40772.17044,44903.71698,198496.2981,56944.72713,141551.5709,230856.1165,48706.14862,182149.9679,0.2176064777,2.482185085,0.8720822966,52.76959448,61.70374943,52.98698995,61.69416874
3082,84252.17107,63177.11117,21075.0599,40438.57506,42569.75224,-2131.177183,218214.637,58742.77193,159471.8651,0.7146452595,1.521795234,0.6380217859,89.66972457,25.78623167,89.90955541,26.45943225
3083,42263.48034,52484.93508,-10221.45474,30902.27701,53608.17077,-22705.89376,219961.7062,49967.21875,169994.4874,0.8420321367,2.029514458,0.8724295012,16.05181958,84.29709063,16.48680655,85.01806529
3084,1045176.168,50593.26022,994582.9076,567607.0336,51238.64988,516368.3837,368431.2082,48259.3676,320171.8406,2.188418106,4.554906756,0.6676311877,67.78558401,41.37952804,69.94597791,41.72862978
3085,218822.8338,70298.92456,148523.9093,126761.1011,30865.67852,95895.42259,150022.7391,47285.60871,102737.1304,1.556904485,6.238503903,0.8536430314,18.02225333,86.74984611,18.57592117,88.20497618
3086,190562.9234,61482.09505,129080.8284,198846.0458,70338.59004,128507.4557,286646.6561,51510.30327,235136.3528,0.8142529396,9.868146368,0.8757396495,97.78328181,74.88086159,98.58334236,75.03222525
3087,59335.21995,59669.30292,-334.0829693,48051.72337,48741.73193,-690.0085632,112985.6888,47622.36419,65363.32463,0.9065747356,2.021035343,0.716799501,86.58398685,62.78637744,87.42966666,63.11303233
3088,41258.86249,51563.05983,-10304.19733,62825.19571,55555.57695,7269.618765,119694.0983,45619.43577,74074.66255,0.9203080087,2.023521683,1,44.5183509,65.44226681,45.31084916,65.91014857
3089,51580.00906,57050.1971,-5470.188042,38616.24221,47787.83544,-9171.593227,105904.2875,50306.30636,55597.98113,0.8318176653,2.032983543,0.8676245028,7.930884151,98.17032072,8.473035004,98.80118765
3090,123844.8296,58057.199,65787.63062,176878.0524,56140.28145,120737.771,186838.7205,52518.76673,134319.9538,2.306613575,4.617080445,0.8348964247,17.51716534,92.4080263,18.96358345,94.20478472
3091,52259.58391,42715.93065,9543.653256,31000.48403,37788.16813,-6787.684101,176047.9905,51003.49528,125044.4953,0.8590134615,1.933757389,0.9442297357,27.84104609,58.3312859,28.58375752,58.76289204
3092,52997.89232,42524.31175,10473.58057,47491.34348,44659.07692,2832.26656,96532.17913,35531.53721,61000.64192,0.8796430108,1.67351102,0.575584944,76.89054905,31.7080259,77.71997273,32.00099037
3093,228067.5832,53643.66372,174423.9195,262643.6521,53392.65803,209250.9941,223583.1616,63061.26256,160521.899,0.9382822184,6.094529626,0.8394674401,14.24978963,59.89544988,15.16952759,60.08107208
3094,806495.7193,54681.68907,751814.0303,740640.8603,44706.83253,695934.0277,270438.9517,61793.95941,208644.9923,0.5248689813,3.879971278,0.7252712505,9.424285498,77.86316093,9.756900022,78.26918437
3095,41263.94309,51523.77032,-10259.82723,45996.76427,44993.67197,1003.092295,125597.0912,48598.17524,76998.91595,0.7891051174,4.963632003,0.7561080713,80.87324354,47.30003249,80.25208634,47.7867055
3096,111531.6284,51246.64688,60284.98151,236866.2363,51485.27489,185380.9614,264416.2991,54856.4703,209559.8288,1.016890145,1.976845069,0.8524317837,87.25398693,25.42115466,87.92945478,24.66101734
3097,281286.6254,37926.75459,243359.8708,181562.6925,63644.13787,117918.5546,252635.6817,63067.05106,189568.6307,2.192940334,3.443382055,0.8327035756,9.182901318,66.62233075,10.05877017,68.6327638
3098,263771.222,60359.33206,203411.8899,198863.6719,50720.21506,148143.4569,211883.6983,60599.27825,151284.4201,0.7723782501,0.9513112797,0.7905588771,3.726528121,4.532983206,3.256982389,5.146249027
3099,64298.1419,55871.8356,8426.306298,69280.4469,55495.80997,13784.63693,131674.826,46135.67637,85539.14964,1.009576837,2.017899766,0.8907350818,81.24399327,40.67879099,81.89796256,41.44792658
3100,41099.98555,61745.46652,-20645.48097,40365.68992,46613.02902,-6247.339105,138748.8608,45696.96519,93051.89565,0.9365835297,2.185455798,0.8201382915,91.63005928,99.45112327,92.00983557,100.3072533
3101,135680.4045,57067.6683,78612.73623,130421.7128,47822.65619,82599.0566,305490.8181,55585.85812,249904.96,1.143436733,2.502059425,0.7278707313,64.8842787,82.96997733,65.90911263,83.47708973
3102,981177.6487,34617.30406,946560.3446,658188.7747,46718.21946,611470.5553,237482.9926,54485.90471,182997.0879,2.284086589,3.002550176,0.6186063151,82.52946212,6.506299872,83.93750162,8.304764864
3103,74827.30767,62743.58754,12083.72013,62962.6893,62888.1817,74.50760657,156553.7069,44591.76358,111961.9433,2.223163375,4.729055929,0.8358830187,83.02103635,17.55493306,84.42517506,19.27854841
3104,215623.2141,55020.91421,160602.2999,168708.9676,59575.94367,109133.0239,205168.1966,44450.66332,160717.5333,1.195541529,3.649376041,0.6641925635,99.52874843,86.11090645,100.283651,87.0379672
3105,74204.78492,75464.36249,-1259.577572,56285.75421,57545.47145,-1259.717247,104409.981,47183.41402,57226.56699,0.9963072401,1.036268274,0.8590211162,91.71207152,35.26097973,92.50985332,35.85778147
3106,878518.1202,29922.36338,848595.7568,617392.3202,54421.90052,562970.4196,278329.0877,57893.49036,220435.5974,0.3371429341,2.096192833,0.7848555291,93.57815546,26.73415713,93.87596464,26.57612217
3107,69152.14133,71196.83754,-2044.69621,48496.47546,51744.4499,-3247.974442,154683.8403,50587.81777,104096.0225,0.06679181232,3.794473792,0.9099093359,82.63064029,39.61425105,82.68159379,39.6574354
3108,796542.2671,64405.82808,732136.439,955897.8391,52019.70038,903878.1387,353218.4923,71892.26276,281326.2295,0.7378195558,2.103132955,0.5624012611,78.02196274,29.08627445,78.67450227,28.74193472
3109,164310.0474,42769.3377,121540.7097,162798.5475,48935.81151,113862.736,197012.065,55419.30809,141592.7569,0.489732457,2.904275742,0.8216099746,44.53316886,13.47449621,44.99937908,13.62444926
3110,876152.7187,47125.73041,829026.9883,632240.7069,43225.76144,589014.9454,294023.808,45176.01066,248847.7974,1.314909159,3.240797448,0.5956851575,56.86934427,74.29895845,58.16733846,74.08872717
3111,44890.2371,39716.89605,5173.341049,60277.46432,57669.01166,2608.452656,146574.1732,39966.02714,106608.1461,1.314186314,1.50557695,1,13.49510914,68.22846032,14.78836614,68.46206681
3112,67534.86528,63317.98465,4216.880624,51235.04935,55670.38473,-4435.335387,117714.2871,54327.21329,63387.07383,1.340406627,2.55760675,0.8517522162,60.06241695,74.2630008,59.67262454,72.98052203
3113,737910.3772,49760.10801,688150.2692,715420.0113,52044.39492,663375.6164,327148.3281,47795.78202,279352.546,0.6819861385,1.591445063,0.9399613534,14.57973573,4.655635062,14.847239,5.282968378
3114,134057.9118,57371.48187,76686.42991,141824.3052,43927.50206,97896.80315,167183.2124,58187.97197,108995.2404,3.882699752,1.843758119,0.8160007962,5.683682965,59.05496638,9.521825703,58.46843618
3115,296929.7232,51175.50757,245754.2157,171576.5793,58867.48133,112709.098,192943.3021,47446.47426,145496.8278,0.3297543556,3.047250659,0.8833176104,55.85235467,9.88994681,55.66932543,10.1642427
3116,48480.91118,55033.01814,-6552.106965,43704.78143,36445.58991,7259.191525,171323.4987,63873.88249,107449.6162,0.7787045363,2.664089841,0.8975534975,56.72256519,45.02444051,57.28230744,45.56579933
3117,720827.2022,42689.07728,678138.125,762023.5029,51934.96449,710088.5384,237962.9569,36657.97304,201304.9839,1.583664849,2.194066651,0.6826745381,20.63014335,22.42766099,20.25165017,20.88989076
3118,741930.3568,50759.61145,691170.7454,744423.476,61224.05938,683199.4166,258162.1614,42543.06806,215619.0933,0.5624773094,4.934759543,0.8346799994,41.69282381,63.77897267,42.01277589,64.24158633
3119,153508.3839,50616.57031,102891.8136,97772.75389,46073.64062,51699.11328,158950.7276,39122.75914,119827.9685,1.395159678,3.641954094,0.6368016428,80.15158932,60.32501711,81.54595062,60.37220918
3120,57106.46193,58325.58784,-1219.12591,42012.12591,51805.30962,-9793.183711,122515.5414,45948.50186,76567.03954,2.436513757,8.629069725,0.7292685315,55.13020764,67.28310391,56.83261538,69.02620666
3121,71072.09894,46518.28063,24553.81831,83297.19797,62584.76818,20712.42979,94721.68398,52505.17371,42216.51027,1.114431418,6.347755065,0.7439244776,73.59401073,15.05438841,74.52094006,14.43571288
3122,39791.74378,53327.42782,-13535.68404,62339.17494,62828.54739,-489.3724411,205537.7202,31531.37179,174006.3484,0.5101316529,3.20342495,0.8498742123,54.90720181,75.74183232,55.41488738,75.79172884
3123,195125.0137,56587.16907,138537.8446,132404.4746,53785.52664,78618.94796,189084.6536,50952.32834,138132.3252,0.748192787,3.635728586,0.8251281467,88.7499484,87.85368643,89.49736255,87.81956108
3124,48347.92098,50349.8416,-2001.920617,56480.20807,55544.55222,935.6558411,124775.0626,49202.00469,75573.05792,0.2808499501,1.508824823,0.5372251749,59.42135037,12.82385091,59.67578449,12.94276253
3125,851226.0993,63134.7023,788091.397,637607.2066,61374.18256,576233.024,324322.694,44240.38589,280082.3081,1.859455305,3.001196026,0.940146338,28.84320476,59.63413081,30.49654035,60.48504528
3126,53863.94979,56769.43288,-2905.483092,40894.42781,55728.64456,-14834.21675,171592.0104,42780.983,128811.0274,0.7469840297,2.288304841,0.59685987,14.47879843,46.70852414,14.15710111,47.3826873
3127,64765.05748,59691.61534,5073.442145,30823.6308,38404.02142,-7580.390616,149483.9715,51893.97263,97589.99884,0.8197246682,3.034702011,0.8427966725,96.19547799,66.76643777,96.792706,66.20495114
3128,782074.2393,50650.37598,731423.8633,794071.8261,44531.46758,749540.3586,283266.5768,42951.96624,240314.6106,1.309576824,3.075165864,0.9443812583,58.40433744,12.36422142,59.48066879,13.11021222
3129,788402.1404,67092.41165,721309.7288,881066.9098,56409.90765,824657.0021,347249.5593,57192.49574,290057.0636,0.8159328716,3.017314056,0.8642063753,70.69353285,0.3714183992,69.9242906,0.6434713637
3130,720483.4882,65363.93745,655119.5507,765627.7591,49186.12324,716441.6359,343112.8543,45185.54477,297927.3096,2.257300287,2.14191799,0.8417912222,31.58186258,66.50839384,29.62601888,65.38141559
3131,135611.0816,53602.33912,82008.74245,127112.4233,54186.6035,72925.81979,238974.7184,55899.41648,183075.3019,0.8692384681,3.595544584,0.6855422274,98.37829373,94.56967864,98.2544818,95.43005421
3132,1069501.967,68092.04358,1001409.924,436766.9199,47947.68651,388819.2333,271069.0306,49526.87645,221542.1542,0.9906361056,2.160522331,0.5755491767,23.08112411,38.84091754,24.06140674,38.98376661
3133,50928.1123,54625.25456,-3697.142264,77568.41057,58028.49153,19539.91904,122927.0727,47006.16805,75920.90469,0.5960871978,2.71286414,0.685800094,17.43529419,6.192526691,17.96388378,6.468049817
3134,258198.7445,60057.36315,198141.3813,145317.9037,50055.27599,95262.62768,270955.6736,56014.89406,214940.7795,0.8045514769,2.392798518,0.6434296733,45.96869373,54.51107818,46.73606427,54.75283331
3135,58152.00842,55700.47838,2451.530043,42019.70949,48066.29509,-6046.585604,144753.6549,53261.16422,91492.49069,0.7037233661,1.3066852,1,21.06939923,5.895102803,21.52375847,5.357716293
3136,128112.4594,62766.0302,65346.4292,182931.2703,54227.79789,128703.4724,224141.1509,44738.40126,179402.7497,2.260413042,3.844029878,0.9831457017,85.00622737,36.69634442,84.81763669,38.94887647
3137,970681.5458,54492.89285,916188.6529,764670.0296,55306.6968,709363.3328,279591.9957,42396.38803,237195.6077,1.277040113,3.707411088,0.7423826115,67.16527701,81.83485328,67.74008068,82.97521822
3138,51138.23916,52149.86683,-1011.627666,36229.64319,50339.91141,-14110.26822,148492.88,47467.06703,101025.8129,1.544424322,2.26434578,0.8995967283,36.37379089,15.66182962,35.3833307,16.84683388
3139,270744.2272,55748.06252,214996.1646,104476.5168,46101.42523,58375.09155,190393.7707,42612.52346,147781.2472,0.7537967965,6.448676975,0.7873724402,39.12284493,43.52179014,39.53161094,44.15513045
3140,222301.9079,47487.88204,174814.0259,192242.0427,50545.28126,141696.7614,226499.2524,56727.29185,169771.9605,1.094818059,2.637320524,0.7829517946,57.21273855,46.59249103,56.65451164,45.65067932
3141,32061.28194,53249.07477,-21187.79283,35213.25052,44775.8653,-9562.614784,189979.3882,46315.43307,143663.9551,0.6721324297,2.679161733,0.8412356884,22.81677388,46.96628866,22.3756803,47.47343604
3142,135924.1884,57573.11863,78351.06974,190846.939,42132.11501,148714.8239,202426.3648,45098.69046,157327.6743,2.45949893,2.065840637,0.8488917591,52.37281417,76.13193029,54.24544174,77.7264211
3143,998263.4517,66344.60959,931918.8421,814597.6211,56608.20339,757989.4177,271764.3941,49750.16646,222014.2276,0.9880775349,4.84672742,0.8048819151,93.30085403,9.159131809,94.28859833,9.133472111
3144,847765.5945,59159.22719,788606.3673,737619.4863,46472.83743,691146.6489,321337.7331,46651.13577,274686.5974,0.3416722977,1.941736696,0.4803012393,18.23375446,13.52623052,18.49850632,13.31025272
3145,55413.89147,53770.17773,1643.713737,51025.69241,54317.90322,-3292.210812,127326.3897,56799.13384,70527.25587,0.8194448664,2.628025232,0.6902630871,44.78044117,21.41579691,45.48452465,21.83502994
3146,24677.21936,42305.013,-17627.79364,60799.26607,63755.89962,-2956.63355,144032.7153,53297.17486,90735.54047,0.4691854034,6.426023913,0.615473566,40.20851931,6.691806678,40.29926921,6.23148136
3147,825860.8274,47810.59216,778050.2353,767533.882,42383.13123,725150.7508,201982.3459,46908.89511,155073.4507,0.2179878062,7.721882475,0.8918624723,37.0491617,85.36028841,37.18011803,85.53455581
3148,62708.17123,61688.31993,1019.851305,39833.62504,38912.70111,920.9239249,112352.4522,45693.4698,66658.98237,1.757644485,2.578190455,0.7810848487,87.89155846,73.85202486,88.26318232,75.56993343
3149,783837.0239,43358.08482,740478.9391,743627.9696,43559.7099,700068.2597,281942.8237,51642.37164,230300.4521,1.915594452,3.887646366,0.8028252395,14.83962107,38.06419942,14.80084642,39.9794014
3150,167576.1839,52618.58182,114957.6021,123984.4765,48856.64969,75127.82676,166647.2515,54218.97447,112428.2771,0.9954616649,3.587069007,0.9146057063,96.81486952,33.028668,97.6140074,32.43510034
3151,1125358.174,47951.39065,1077406.783,740045.8842,68754.20773,671291.6764,303921.8091,53999.22299,249922.5861,0.8529470575,1.615348827,0.5506477506,80.91998636,56.69855016,81.7688582,56.78182845
3152,39473.56396,42365.20146,-2891.6375,50558.94742,45856.12838,4702.819044,91383.16303,54608.57951,36774.58352,1.538842458,3.609414342,0.7189275306,2.804371778,69.98299917,1.265686422,70.00498749
3153,80810.18877,65153.44458,15656.74419,34680.05224,54257.66762,-19577.61538,71466.3065,50097.60974,21368.69676,1.057543523,3.962605621,0.9102119181,82.17202934,75.98815034,82.72962745,76.88675073
3154,72241.91113,69844.99742,2396.913706,50807.40101,51635.86414,-828.4631221,137592.8483,47738.8455,89854.00278,2.906413408,5.019110954,0.6981299647,34.09381673,78.35862412,32.24567194,76.11550136
3155,748887.9792,40241.8269,708646.1523,711609.9958,53628.16663,657981.8291,281313.8679,54330.90815,226982.9598,2.227965668,4.819449893,0.9211225354,57.40357932,58.21682677,58.89019322,56.55736598
3156,758130.7966,62146.11289,695984.6837,881627.3401,44520.67824,837106.6618,291988.5226,54689.31617,237299.2064,0.5267050359,1.167464984,0.8861531999,86.60616717,5.032598741,86.94484652,5.435977585
3157,62677.01459,75615.16477,-12938.15018,60512.84891,58447.09924,2065.749669,199831.0282,56611.24173,143219.7864,1.17534133,1.625859578,0.8938785304,78.2828245,22.80443193,79.16868736,23.57687885
3158,231877.1565,62703.43168,169173.7248,222575.7548,45901.68766,176674.0671,240465.9371,48289.44979,192176.4873,0.4274701075,3.459546367,0.7902298969,85.99766866,18.16246281,86.0343322,18.58835773
3159,312611.8636,53189.80231,259422.0613,167054.2676,52176.21425,114878.0533,279730.5782,69837.71263,209892.8655,0.1175797274,3.316614178,0.8523647087,91.30746665,74.84334974,91.37310701,74.94090145
3160,181950.5441,50625.7283,131324.8158,151794.8916,51232.26722,100562.6244,179342.2818,52071.09885,127271.1829,1.401089716,1.774232099,0.6545054408,38.83791314,95.62768598,40.21652994,95.8776222
3161,800415.4853,60945.22836,739470.257,669399.9164,39035.97075,630363.9457,306370.9849,51032.881,255338.1039,0.5475652204,3.928257364,0.9015485639,97.26829063,92.80310891,97.05457811,92.2989714
3162,31133.21554,49417.19423,-18283.97868,22248.31836,35074.8669,-12826.54855,168893.1137,53089.41482,115803.6989,0.5122856279,2.83265467,0.777702225,82.28078686,41.05029831,82.55607748,41.4823303
3163,60543.67833,68701.77133,-8158.093003,35788.32664,49606.06146,-13817.73482,140080.3315,44091.75964,95988.57189,1.172849445,2.417866304,0.7640186146,93.7892101,8.701415126,94.58314704,7.83814231
3164,698174.9624,53152.51288,645022.4495,624762.3917,53704.54508,571057.8466,197569.4874,43253.0918,154316.3957,0.2913403659,4.094773138,0.7006643602,34.49958707,15.83259653,34.62366582,16.09619408
3165,210777.5004,52328.9043,158448.5961,156437.6659,56954.43408,99483.23178,137665.4539,38101.85351,99563.60043,0.6529993917,3.375990804,0.7354009138,22.3698859,73.95136134,23.01694195,73.86345988
3166,711123.5212,60418.81808,650704.7031,692667.1667,47446.94175,645220.2249,283452.376,53354.50156,230097.8744,0.4868686066,1.79170358,0.8725663605,84.11741412,54.72132736,84.40066637,55.11731878
3167,210302.3058,69438.74662,140863.5592,141577.3346,55255.4521,86321.88248,201007.8712,50174.46561,150833.4056,0.5979940765,3.580002835,0.7972366751,56.55702617,57.8768457,56.52196903,58.47381128
3168,154847.8757,52981.84017,101866.0355,139888.3612,48815.39193,91072.96924,210625.3247,50685.9521,159939.3726,1.264929171,3.154336599,0.9651393024,72.52118306,58.26366218,73.31226311,59.25069721
3169,203259.2816,44549.21602,158710.0656,158550.8799,45142.2212,113408.6587,211973.1766,58206.43752,153766.7391,4.51240075,3.375038814,0.8521414156,32.04158348,80.91386764,35.95713701,83.15667861
3170,1000684.352,57450.901,943233.451,732247.7529,53487.38458,678760.3683,283045.4928,49381.32013,233664.1726,4.133930116,2.368495598,1,63.74442624,35.81083128,67.35674239,37.82094327
3171,43829.34904,46105.54643,-2276.197388,44506.85986,52136.7007,-7629.840835,143342.2358,53097.99497,90244.24084,0.737766764,2.555059394,0.7503805494,11.53852014,43.44064286,10.85969995,43.72961164
3172,216807.3043,58638.12071,158169.1836,138213.7563,51149.82973,87063.92661,288765.9229,49917.14525,238848.7776,1.939138209,4.409617638,0.877204825,93.56644191,56.34551854,95.24790972,57.31139793
3173,237794.8295,48856.5279,188938.3016,117743.2145,48375.24877,69367.96577,98328.02001,41639.97042,56688.04959,1.197671968,1.491888103,1,42.96732522,3.760656455,43.46254867,4.851148034
3174,701324.2481,68949.95865,632374.2895,771433.4732,61051.00935,710382.4638,297584.455,61047.60648,236536.8485,1.453228765,7.043578104,0.8677570296,2.258751287,98.82648038,3.551080121,98.16183007
3175,889610.6449,51583.06746,838027.5775,661263.0426,61875.51698,599387.5257,243805.2872,55587.95275,188217.3345,1.36804971,2.137050109,0.6838933828,52.65163666,95.43924555,52.10200309,94.18646346
3176,59967.9514,61296.78816,-1328.83676,60472.26059,56674.28474,3797.975851,109825.185,44969.47592,64855.70913,1.151166109,1.835216385,0.6066953461,85.55420851,85.07395881,86.50001123,85.73019096
3177,57837.03999,45057.90874,12779.13125,44513.09472,47906.75983,-3393.665103,135926.0018,49400.42956,86525.57226,0.3024490307,1.705065704,0.7899991864,31.72873114,28.01745298,31.78873701,27.72101629
3178,138860.4683,49731.18962,89129.27872,186536.4541,62545.84628,123990.6078,238425.7141,46150.87319,192274.841,2.465944486,2.902820083,0.921266427,38.55755403,69.43500556,38.61942469,71.90017376
3179,959912.1176,45992.589,913919.5287,751990.2328,36419.98419,715570.2486,333396.5127,50295.08067,283101.4321,1.56210845,1.84510482,0.7254500914,51.74066936,57.31862858,53.27984914,57.58529024
3180,796062.8803,47108.95709,748953.9232,610361.3935,49649.20107,560712.1924,282355.7323,54444.88635,227910.846,0.4685627247,2.569192006,0.8347066521,58.58293883,29.72704671,59.05052745,29.75724456
3181,747939.577,47238.95942,700700.6176,522441.5012,57028.60793,465412.8933,261961.6513,52614.955,209346.6963,1.353137113,1.774642744,0.8086496616,98.53168532,13.11251397,97.54399998,14.03742354
3182,56264.23883,60343.58298,-4079.344154,44862.40229,40987.87723,3874.525066,85124.322,51381.77728,33742.54472,1.389018772,1.701575778,0.7583928333,25.82922309,93.61406822,27.14607415,94.05596916
3183,259249.4533,46216.25019,213033.2031,169251.3576,51279.04013,117972.3175,225506.2076,56139.3891,169366.8185,0.8273844192,6.530135068,0.9692657895,14.81457855,39.5570689,15.2687923,40.24862862
3184,199521.5369,66602.81166,132918.7253,214857.8789,61592.92982,153264.9491,148443.3962,47893.94462,100549.4516,1.425575512,2.219206039,0.7247705467,43.3905643,45.13434719,44.80996952,45.26684004
3185,42175.68059,41918.0179,257.6626927,41856.46838,47195.44448,-5338.976099,164379.7165,52002.50815,112377.2083,0.5016790675,3.090371775,0.5552235605,4.759893022,44.47001541,5.169366704,44.7598657
3186,53578.53749,47680.85596,5897.681528,48151.39296,57082.42626,-8931.0333,171544.4543,43660.82536,127883.629,1.072669932,2.625710047,0.7643964806,6.754581866,4.077347217,7.771598855,4.41837101
3187,868102.2114,44800.16057,823302.0508,638352.2481,65581.89281,572770.3553,293148.7344,45647.24215,247501.4922,0.8538132989,4.987370673,0.9675019294,73.49200452,18.07525594,74.34363064,18.01418126
3188,56447.67098,52886.32302,3561.347959,48798.33905,45313.01627,3485.322784,183427.5937,58202.10476,125225.489,2.600857179,2.834573601,0.8700261903,3.327412748,18.72338735,5.755072816,19.6566208
3189,207719.4844,50285.73413,157433.7503,150453.1265,50120.69595,100332.4306,232948.3108,57407.42113,175540.8896,0.5080360633,2.340643815,1,17.80966992,68.41840211,17.45629247,68.78340214
3190,161796.7755,42141.20019,119655.5753,164496.1105,48417.24016,116078.8703,241547.393,54750.59175,186796.8012,0.6002103308,1.242349039,0.7901131186,42.51421971,1.292147386,43.10318415,1.407790499
3191,1093998.175,43432.68378,1050565.492,644973.0647,42042.63973,602930.425,286027.936,47701.58055,238326.3555,2.467885228,3.181398451,0.7056640614,14.98489077,2.235658036,14.02085321,4.507461083
3192,184378.5714,45728.54166,138650.0297,191527.3872,40413.27652,151114.1107,203380.1451,42888.21146,160491.9336,1.289866411,1.731358978,0.8054577784,77.38515717,52.27151789,77.75206154,51.03493529
3193,58431.84824,62725.83296,-4293.984718,68016.0819,56884.24941,11131.83249,112608.3117,46788.70032,65819.61139,1.112320793,1.906145214,0.8189414524,86.10496095,53.88167258,86.78458833,54.76222023
3194,847798.1599,39730.96251,808067.1974,463261.2912,46546.24457,416715.0466,268334.7829,51913.26464,216421.5183,1.918361343,3.03177208,0.8651633116,48.37461187,44.18863396,46.54003327,44.74937596
3195,40764.48223,51790.55012,-11026.06788,23700.48395,54109.013,-30408.52905,129689.4097,53506.74197,76182.66769,0.9172220431,2.344681523,0.8646811236,11.12431206,27.76999183,11.83612248,27.19152645
3196,613976.1829,29834.85138,584141.3315,840116.781,55419.75259,784697.0284,226095.5495,47721.99758,178373.5519,1.77148885,5.309695247,0.7041596142,74.1558847,45.94665944,74.32321236,47.71022803
3197,46584.72475,44199.14873,2385.576027,42470.32916,43587.04196,-1116.712799,202948.3268,57660.20008,145288.1267,1.093564098,3.662312732,0.6290851065,33.30190094,83.41932627,32.96136316,84.45851656
3198,78759.589,65301.68909,13457.89991,62849.98778,62343.85404,506.1337379,213393.9591,60061.10087,153332.8582,0.7593731172,4.766276684,0.7597100911,21.74719899,49.28056174,22.37008801,48.84621533
3199,211554.8434,63581.46516,147973.3782,156107.9735,45166.95376,110941.0198,225958.0486,43131.80531,182826.2433,0.6040667585,2.871356651,0.6275517611,4.685938983,28.21619191,4.986142631,28.74038121
3200,48146.72894,46332.93507,1813.793869,45924.05174,41496.24746,4427.804286,173921.3331,52674.0727,121247.2604,1.675428289,3.292445049,0.6350702859,68.65534352,99.21498609,70.23940862,99.76069453
3201,39549.06445,55457.61163,-15908.54718,59022.85622,47638.42444,11384.43178,146611.0437,33023.29825,113587.7454,0.6743777784,3.058552755,0.6590723824,53.45170925,93.34018329,54.11481686,93.46295822
3202,186641.0268,66599.68329,120041.3435,184352.09,54266.18516,130085.9048,194923.0422,56317.33198,138605.7103,1.807849535,3.868285208,0.6414395218,14.32637627,31.96344438,16.12923719,31.82923392
3203,134349.736,42438.47025,91911.26571,196343.3514,48598.55003,147744.8014,224626.2059,53197.08039,171429.1255,1.218776953,6.083760849,0.7483528294,58.33229974,31.71339096,59.53425555,31.51160028
3204,244643.3788,48255.12377,196388.255,256942.9757,44166.79187,212776.1838,186659.5335,40109.9689,146549.5646,1.286520006,1.412798215,0.5916236651,32.55352651,70.30442797,32.1208468,71.51600628
3205,58350.32318,41794.45613,16555.86705,56096.85371,54053.39584,2043.457873,60703.5279,42005.63601,18697.8919,1.253934877,2.832066171,0.7208050492,80.55463266,51.50294716,79.69467289,52.4155379
3206,793289.5052,44152.05336,749137.4519,577200.6781,50612.69221,526587.9859,294616.9201,61303.495,233313.4251,2.186491904,2.89685435,0.7891116536,98.87220449,26.90717212,96.79634742,26.22046675
3207,192026.6225,59789.94564,132236.6769,208840.9483,45114.19575,163726.7526,212840.7842,48674.63202,164166.1521,1.780425465,1.715485017,0.6834406141,53.84236452,17.53527321,52.12629908,17.06089548
3208,916499.6824,52749.18936,863750.493,537911.7979,46737.11703,491174.6809,267523.037,48731.70421,218791.3328,0.2256850421,1.452805227,0.6143952947,43.56691364,37.65471757,43.5896254,37.87925691
3209,254778.4915,44237.00474,210541.4867,171289.6805,65128.14081,106161.5397,202632.8049,51717.14457,150915.6603,0.7095812569,5.300852741,0.5574355334,83.56788352,41.07702179,84.2141517,40.78403203
3210,48028.31895,55319.47613,-7291.157179,28445.02756,49389.98526,-20944.9577,21423.50538,55578.52411,-34155.01873,0.09813719394,2.460647,0.8729370088,40.33243137,89.59948003,40.38900646,89.67966836
3211,189511.3038,60981.72021,128529.5836,100913.5371,59798.70783,41114.82928,186495.2116,46042.82186,140452.3897,0.395508617,1.535252844,0.8370591518,25.45659439,4.089060316,25.72807085,4.376684372
3212,881255.5972,61319.11563,819936.4816,795712.4256,56644.67529,739067.7503,314782.7115,41942.40319,272840.3083,1.329018073,2.157926974,0.704245398,96.35786221,15.60139031,96.36523797,16.93038792
3213,728556.5564,56621.67096,671934.8855,745366.8172,62763.42897,682603.3882,282107.6659,60474.46099,221633.2049,0.7134164904,1.333655236,0.5505530205,11.24096166,55.05336127,11.58107893,55.68048433
3214,48947.06086,51222.51821,-2275.457346,17897.37704,46646.51611,-28749.13907,44115.10451,41380.32488,2734.779628,1.295468463,4.537259247,0.8371387477,94.0857643,23.50795009,95.0362025,24.38823741
3215,664682.815,56380.23164,608302.5833,779167.1561,50500.47573,728666.6804,317740.6745,44928.59478,272812.0798,1.069664715,3.024596527,0.9197109153,30.81385029,21.79992484,30.74959461,22.86765786
3216,803151.1379,60470.60202,742680.5358,815230.9993,56521.09487,758709.9045,291842.6554,45655.91176,246186.7437,1.499456696,3.95526576,0.6984757743,70.1500435,29.77539655,71.50166403,30.42462095
3217,141553.7403,27001.00721,114552.7331,170676.3823,60443.80315,110232.5791,244618.7343,56026.23555,188592.4988,0.4205679792,1.997713382,0.7946284979,99.26358838,34.51499214,99.44941441,34.89227998
3218,951125.6377,51123.8448,900001.7929,766605.2831,45687.20361,720918.0795,261532.3263,50050.42897,211481.8974,1.581945632,1.919924029,0.9186274665,97.4429491,42.44542805,98.75488898,41.5614791
3219,165233.4886,41002.80072,124230.6879,152137.9875,54244.39901,97893.5885,187074.7868,50102.59059,136972.1962,1.703971726,4.746214105,0.8450840497,82.09463697,45.17051044,83.40109662,46.26444044
3220,279556.2213,57549.95986,222006.2614,128273.8134,48203.01559,80070.79777,192073.1738,43327.54848,148745.6254,0.7985052298,2.794948077,0.9315724574,55.81231532,10.58012711,55.54926458,11.33406008
3221,620793.7266,48956.90601,571836.8205,824965.7241,48899.53664,776066.1875,330434.1163,55367.66796,275066.4483,0.5641433142,1.592013166,0.8371027345,66.14688829,14.01577031,66.65752878,14.25557016
3222,38676.42408,44682.28063,-6005.856557,50842.71722,53982.67487,-3139.957652,136454.8692,35142.54242,101312.3268,1.705713065,2.206050306,0.8183778571,34.57645841,93.53665257,34.7659997,95.23180187
3223,33837.05384,43600.83458,-9763.780745,44745.54149,46440.26667,-1694.72518,211322.7145,50967.81107,160354.9034,0.5263337857,6.996171224,0.7528578712,98.72018537,68.32407371,98.87867574,68.82597814
3224,755117.2791,47358.55641,707758.7227,648299.9792,44800.54559,603499.4336,308419.5424,64921.30053,243498.2418,0.6362675474,3.110735756,0.4889194184,14.5194119,73.98196579,14.8105362,74.5477246
3225,184900.7733,52845.47188,132055.3014,138187.4011,58274.3257,79913.07536,253317.8499,60078.51596,193239.334,1.392829383,2.93494758,0.8329657205,85.84226939,10.42545121,87.22776799,10.56816527
3226,76352.5278,60051.7195,16300.80831,54788.53773,46894.11891,7894.418811,117671.6815,42103.69311,75567.98837,0.5553265553,1.737467956,0.7226184922,26.5242848,59.97693965,26.9370829,60.34840339
3227,222029.4847,61309.37682,160720.1079,179140.1518,52367.16918,126772.9826,207138.4796,49394.48211,157743.9975,0.650870064,2.843923952,0.7943111454,35.89973477,84.54954722,36.51025774,84.77514319
3228,152889.3913,51332.02905,101557.3623,200216.642,51831.69643,148384.9456,247623.0351,48146.08231,199476.9528,0.836691186,2.858552439,0.8617861976,31.57884725,72.64899111,32.19375544,73.21638873
3229,673569.8619,69843.77172,603726.0902,853175.9545,51959.73301,801216.2215,231289.5842,45819.91598,185469.6682,2.225349233,7.254790136,0.8606463723,8.681640923,27.58808068,10.86657003,27.16586744
3230,84225.72768,66726.67101,17499.05666,66399.80909,57697.60093,8702.208168,159692.7649,35376.40544,124316.3595,2.443594834,2.588635479,0.8637909698,16.19304797,53.63447695,17.93978029,55.34330167
3231,774666.7281,58950.08595,715716.6421,824739.0855,49582.29868,775156.7868,180997.188,44780.85869,136216.3293,0.5370563242,5.693031285,0.7965565509,97.12070644,97.36728402,96.82093698,97.81289345
3232,216663.2803,51589.45316,165073.8272,191015.9068,49363.82581,141652.081,178385.9776,54285.6072,124100.3704,1.140849849,2.941610424,0.8060311784,32.21909941,84.74672763,32.89986848,85.6622012
3233,554145.9259,61450.19231,492695.7336,712310.1346,60375.84661,651934.288,291963.677,49523.0702,242440.6068,0.6766960382,4.798946396,0.7237145313,39.7588778,44.1846526,40.43377092,44.13528858
3234,676440.4721,47408.05517,629032.4169,902538.8678,52788.74067,849750.1271,284389.3495,49553.91695,234835.4326,0.296447971,4.788947258,0.7429283132,56.08075763,32.11459281,55.79153681,32.04953346
3235,222234.8522,47992.98696,174241.8652,156166.134,54717.80667,101448.3274,263613.3708,43022.73727,220590.6335,0.4735032747,2.363638541,0.8246836722,9.331978811,37.67317922,9.42541332,38.13737243
3236,49230.45906,60817.87376,-11587.4147,55917.24522,52021.95967,3895.28555,139949.3178,39033.48811,100915.8297,0.9207149862,1.375543625,0.667840663,4.781465912,97.51356895,4.772322339,98.43423853
3237,53365.97902,53247.02197,118.9570514,45267.19007,52542.12822,-7274.938147,172193.0413,61910.51821,110282.5231,0.798136904,3.685905976,0.5672865084,40.91651822,1.390405822,40.61882271,2.130946096
3238,37102.72876,43473.6604,-6370.931645,56545.54881,48927.19522,7618.353592,136384.8698,51641.54287,84743.32696,2.1096594,3.824556904,0.8043490775,14.42605432,68.2033402,16.32760419,67.28968221
3239,63523.18455,50564.61605,12958.56849,49094.84859,53281.34774,-4186.499149,123980.9716,42309.89549,81671.07606,0.8901305036,2.01162628,0.8888748294,51.67543509,52.77590948,52.56228394,52.69954565
3240,1040338.152,54226.0389,986112.1126,653649.0282,56030.79826,597618.2299,234949.2868,48480.88884,186468.398,3.212269686,6.83967772,0.8679380836,17.2830367,61.27041216,19.44123156,63.64967075
3241,263739.0936,55260.76893,208478.3247,158935.0498,45142.2728,113792.777,214061.4881,47906.05441,166155.4337,0.6935083149,4.369381926,0.687388677,39.0496831,4.982418549,39.20017631,5.659401249
3242,812227.4609,48927.3427,763300.1182,564792.1629,49609.88299,515182.2799,270475.8962,65369.52372,205106.3725,0.2754524654,4.378071439,0.8871270957,18.5175332,31.05641955,18.57253017,31.32632582
3243,55907.22656,50692.26623,5214.960332,54868.85561,46841.9788,8026.876806,143518.6722,51422.74303,92095.92913,2.717796149,1.810363429,0.6988379171,37.09763177,1.108676152,35.86681348,-1.314442133
3244,58154.16084,51251.89259,6902.268247,25860.19836,47192.05224,-21331.85389,208580.5364,56055.76513,152524.7712,0.1694953255,4.706832727,0.6534558584,96.5542783,82.31728997,96.64982622,82.45728733
3245,684286.2047,44010.42894,640275.7757,843347.3713,73559.78552,769787.5858,331922.9112,47052.88908,284870.0221,0.8602012228,2.800766085,0.7085582899,80.54649146,0.09358208563,81.39284451,-0.06014707511
3246,167825.196,50862.94585,116962.2501,191323.4957,44460.72971,146862.766,297932.4708,55653.72133,242278.7495,0.2378782757,1.20983184,0.5743485982,35.72972217,47.20753519,35.8029777,47.43385289
3247,196615.0008,59778.70159,136836.2992,138417.5638,43347.75865,95069.80516,143525.6922,48681.07595,94844.61627,2.080615135,2.094395036,0.7631630137,98.09433408,23.90972318,96.03879604,24.23178332
3248,188822.8672,59303.02216,129519.8451,121648.689,49474.76626,72173.92274,221366.2201,53778.20935,167588.0108,0.5021884688,3.554362854,0.679082672,44.34781186,47.23352755,44.77428777,47.49869082
3249,792551.4061,60235.21129,732316.1948,636244.0418,60025.63876,576218.4031,241032.9702,50841.01887,190191.9513,2.956391262,2.481137234,0.8977121451,65.22825496,38.42235663,67.91417355,39.65770703
3250,837649.9145,58305.2513,779344.6632,772296.3571,46438.06534,725858.2917,229754.7327,50227.8346,179526.8981,2.109724398,1.606627135,0.734246558,18.18587562,16.63547451,20.08388185,17.55662021
3251,65220.78418,70239.31943,-5018.535245,48606.50919,45995.66723,2610.841964,113664.683,53846.44935,59818.23363,1.379534795,7.440645378,0.7468903505,7.019207929,3.045639321,8.210444715,2.349887089
3252,914386.662,54173.25548,860213.4066,654257.8048,49787.12042,604470.6844,276566.6814,47978.59056,228588.0908,1.875474641,4.768831089,0.8923796759,14.39357535,28.66406586,15.27235132,30.32091767
3253,59929.86754,52558.10486,7371.762675,40251.91449,55457.50192,-15205.58743,148409.5716,53733.61131,94675.96033,0.1517792992,1.757110364,0.7602983,52.00580509,84.75941481,52.0180888,84.91069623
3254,77075.93518,67438.67964,9637.25554,64861.75387,53651.5464,11210.20747,171957.1463,65258.08363,106699.0627,1.842778793,2.663874919,0.6944389215,12.86579429,87.08306839,14.47219892,87.98600684
3255,61892.46993,56616.35233,5276.1176,43553.56659,50354.88062,-6801.314024,69558.40247,54902.72465,14655.67782,1.27647189,1.880830716,0.7966981576,5.283605774,70.87917179,6.531243623,71.14895
3256,69492.53947,49258.17105,20234.36842,49030.07413,47627.82031,1402.253815,131906.6636,46785.79661,85120.86703,0.8419888236,1.465419888,0.7526073884,81.57816821,16.4249616,82.40954605,16.29170975
3257,582694.3173,45657.49177,537036.8256,842461.5621,53051.23848,789410.3236,296289.5792,37570.32283,258719.2564,0.5749299822,3.494265283,0.7732432254,75.55834519,71.30755232,76.02258125,71.64671211
3258,264790.8413,73492.44109,191298.4002,119491.8739,52830.517,66661.35692,166084.9515,51098.65114,114986.3004,1.853836106,1.751711894,0.8564267978,66.87100083,24.0825667,68.49771831,24.97166656
3259,787725.9292,62081.03235,725644.8969,785975.7173,54583.67002,731392.0473,235055.6283,49906.13196,185149.4963,1.691686543,1.833324489,0.7195544753,0.2936149315,86.23924089,1.142524477,87.70250982
3260,55983.19566,60630.19504,-4646.999384,47778.97003,60170.41893,-12391.4489,143794.9821,32220.00756,111574.9745,1.322465812,4.06366264,0.9453960643,11.20531851,65.40741873,11.99887715,66.46533201
3261,893455.577,58996.18933,834459.3877,621713.3478,48399.28386,573314.064,318225.6532,67016.11446,251209.5388,2.264950591,3.322592002,0.7635791764,13.23003802,86.98909969,15.08606262,85.69095723
3262,208032.9639,49437.1596,158595.8043,213580.2172,52733.891,160846.3262,241055.7797,56154.0412,184901.7385,0.9719286448,2.445578721,1,47.92641949,25.81665287,48.89241549,25.92387698
3263,1109678.162,38883.25588,1070794.906,617903.9108,48936.67966,568967.2311,257060.0041,55736.82607,201323.1781,1.221982672,1.430879507,0.8191943453,88.60628691,55.99320843,89.45957304,55.11848309
3264,65135.86874,71217.17756,-6081.308823,48510.40432,49318.47901,-808.074696,183872.1743,55734.03155,128138.1427,0.3313786237,1.358594282,0.6746368857,47.54550296,38.33296236,47.78053422,38.56656908
3265,773726.3538,56779.62199,716946.7318,596851.155,55877.33842,540973.8165,300897.6861,52092.25537,248805.4308,0.471041837,5.770884723,0.7472009577,87.70213181,27.23142431,87.32734615,27.51675942
3266,1067994.641,45149.82929,1022844.812,734983.1175,61746.31537,673236.8021,260978.2562,52034.98184,208943.2743,1.267140912,4.133249539,0.7887113738,43.7063931,5.940866488,44.97283407,5.982977803
3267,32869.70544,53712.21476,-20842.50932,53676.39441,43818.56816,9857.826251,82024.34678,51410.93017,30613.41661,0.8261075312,2.611795727,0.7885939154,25.48558959,54.92269123,26.16319508,55.39524223
3268,869256.5354,59156.17584,810100.3596,633081.7221,53717.93255,579363.7896,292427.8327,62554.35416,229873.4785,1.058989632,2.157603262,0.8526095293,63.50982538,98.45212886,64.52919394,98.73909016
3269,164525.6251,49502.82526,115022.7999,193577.8279,44332.60283,149245.2251,204024.1795,41185.94974,162838.2297,1.18962608,3.867771872,0.8430614056,97.06083175,74.87875277,98.13837242,74.37465326
3270,519272.2691,49339.22314,469933.0459,839839.0175,46708.39177,793130.6257,316336.7717,52464.32454,263872.4472,0.7761213904,1.698810458,0.7181624455,64.19395481,35.87789234,64.6890123,36.47562346
3271,52406.72166,46287.18607,6119.535591,61743.39482,56426.27973,5317.115085,106052.1395,56688.70007,49363.43946,3.225419994,2.310101977,0.5298242308,84.12722643,59.55276439,86.50028006,61.73724387
3272,250421.3655,63566.32033,186855.0451,162015.5826,52701.99115,109313.5915,169698.5232,54164.8418,115533.6814,0.9193044735,2.457916584,0.9076383717,51.80249317,49.58097806,51.56851462,50.47000829
3273,885756.9229,49012.95532,836743.9676,645587.3857,52688.67916,592898.7065,260648.341,40364.28113,220284.0599,0.530655459,1.848292822,0.9396177526,98.46749817,43.49749377,98.85939961,43.8552765
3274,54033.43687,48396.28735,5637.149527,59832.07697,56316.59805,3515.47892,58299.98356,61985.40095,-3685.417388,1.969269896,2.859162898,0.7666032046,27.71067924,90.87444476,29.66711355,91.09891904
3275,891684.9077,53780.45722,837904.4504,718520.9459,47210.28766,671310.6583,286063.3734,41034.53683,245028.8366,0.8191333435,3.176277505,0.6419355201,95.88893196,26.91917098,95.32325778,27.51161688
3276,570580.666,57526.03477,513054.6312,622525.2781,60649.04945,561876.2286,280876.697,54433.74355,226442.9534,0.7426778708,3.90903047,0.8410876219,72.97697683,71.46491429,73.24081268,72.15914845
3277,57568.55293,53258.62843,4309.924502,43599.91105,58459.70779,-14859.79674,98240.65428,42544.21476,55696.43952,2.866648324,3.667226474,0.9029246326,18.98304207,35.77747152,21.60612254,36.93381119
3278,698711.9728,59741.31071,638970.6621,767241.0949,55638.90518,711602.1897,217262.6603,40186.92146,177075.7389,2.004078058,3.644565928,0.6893558786,12.4179871,47.60773832,13.27479904,49.41942321
3279,655449.4312,45570.72037,609878.7109,666409.9058,44298.53589,622111.3699,225099.1902,39132.33876,185966.8514,1.011728124,7.693527375,0.8281086188,97.99420978,40.84565918,98.93957173,41.2060542
3280,917875.5591,69399.17255,848476.3866,572811.9918,45367.07233,527444.9195,277668.4132,59006.75033,218661.6628,0.8067991852,2.75164986,0.7673427764,46.44087005,94.57985046,45.88928436,95.16864428
3281,189976.0177,51309.02103,138666.9966,191908.7283,62130.04268,129778.6856,241529.7556,49667.3497,191862.4059,1.361430314,1.913475757,0.7547517839,40.11434039,64.96795801,40.54485458,66.25952683
3282,149632.129,51437.86424,98194.26472,203988.5396,58442.65663,145545.883,137761.8362,47498.25497,90263.58123,1.302782873,2.82575635,0.7212074977,22.44147191,90.17294619,23.48401361,90.9541952
3283,55730.81577,55566.93507,163.8807024,52618.76794,60394.97838,-7776.210441,114201.2691,43775.16771,70426.10136,1.644330337,3.009616675,0.7015531821,56.48554146,99.03133391,57.35949974,100.4241796
3284,819174.7591,48320.46679,770854.2923,808487.3448,43929.10118,764558.2436,232431.7316,48741.46212,183690.2694,1.076295615,4.87766137,0.8397031146,78.74962257,16.03941827,78.27013558,17.00300765
3285,945282.501,50209.78838,895072.7126,705635.5249,58897.89822,646737.6266,219339.7784,40550.35811,178789.4203,0.438536388,2.660322338,0.5447189736,30.49740022,0.9018380902,30.80205005,1.217278491
3286,63861.93334,55493.73288,8368.200466,58568.82566,50978.14302,7590.68264,172213.6024,48858.54614,123355.0563,0.3426150957,2.564859675,0.5978258715,75.94818419,78.45991057,76.06987086,78.78018772
3287,165768.8826,46363.99547,119404.8871,172294.1789,61995.09944,110299.0795,182762.2393,41663.40967,141098.8296,1.482250155,2.972469401,0.9061029687,93.87722412,75.75464274,95.35477217,75.87261429
3288,63386.39982,49583.72846,13802.67136,54312.16971,53677.13622,635.0334902,167611.7351,59461.19818,108150.5369,2.462680262,3.717654695,0.5210593075,14.34659251,40.03753443,11.89209589,40.23813461
3289,75299.59578,68867.28593,6432.309856,51571.95358,48020.62952,3551.324055,129874.6622,47727.64524,82147.01693,1.234082675,2.85940205,0.9823238926,14.41912498,5.524312229,15.49496649,6.128898936
3290,716177.084,52626.06157,663551.0225,764506.5932,48777.86625,715728.727,317553.8648,55085.39453,262468.4703,0.8010999822,3.317582421,0.5629740396,28.31641559,61.96178184,29.0500312,62.2836037
3291,62457.24284,64280.6577,-1823.414855,53501.86675,49470.54149,4031.325264,144420.8958,43540.96297,100879.9329,0.2431216478,1.964975444,0.8635466894,10.74034152,87.13180102,10.95216527,87.2511276
3292,133437.8129,48278.9373,85158.87556,124014.3119,48893.14567,75121.16627,205943.7321,53600.87013,152342.862,1.066918018,1.632425188,0.7739474084,44.94897911,65.75268221,45.97594809,65.46346123
3293,60738.66532,53928.11625,6810.549071,43691.88457,51858.35199,-8166.467419,92882.48725,45215.68213,47666.80512,0.4099571213,1.567847628,0.756180445,16.60061076,95.30015825,16.75272618,95.68084939
3294,124804.0631,38695.94533,86108.11781,182614.4709,47886.48413,134727.9868,156025.2827,42507.7135,113517.5692,0.9380433691,2.502936249,0.7646342786,90.65516197,23.30134932,91.57851208,23.13597117
3295,38852.29658,58198.60945,-19346.31287,51635.2977,48352.47452,3282.823188,146589.6074,61955.29539,84634.31196,0.2844285171,2.425448804,0.7642448254,35.51363356,33.49221654,35.79149245,33.55299497
3296,214511.7691,41405.19911,173106.57,143076.3774,58219.10014,84857.27731,221449.1352,48166.15973,173282.9755,0.4241075762,2.411837669,0.7239807749,93.94005768,62.00696534,94.27582737,62.26605211
3297,40366.64596,66826.17096,-26459.525,45952.45261,51952.97579,-6000.523179,152841.2384,52707.46335,100133.7751,1.431440256,1.327585957,0.9058177793,65.84096495,7.701229762,67.22424595,7.333051971
3298,218768.8053,62914.53968,155854.2656,179831.9058,55146.90119,124685.0046,165031.4852,49410.03341,115621.4518,0.8289686568,1.68120686,0.7348277932,31.22497993,65.00015925,31.85381425,65.54030408
3299,764533.5529,47158.6564,717374.8965,578234.6111,54755.95078,523478.6603,278041.2913,51888.51418,226152.7771,0.8272041262,1.868557506,0.8562727818,99.59221389,48.57681068,100.1903017,49.14826287
3300,861023.4531,50520.2372,810503.2159,1002437.71,50451.30027,951986.4099,340678.9664,48278.11602,292400.8504,1.587352432,1.792415425,0.8058557913,68.96882293,49.68530834,70.19167546,50.69739501
3301,923406.7633,47115.35162,876291.4116,874607.0463,52050.334,822556.7123,294089.7934,47517.49254,246572.3009,1.350753063,5.795117954,0.7680451909,2.545857152,16.78086536,3.750954057,17.39100902
3302,235978.8474,56495.56092,179483.2865,202631.5564,58931.26064,143700.2958,215688.3811,67155.0053,148533.3758,0.8798583887,2.879921029,0.7736239966,78.41056682,19.11565854,79.00128045,19.76773843
3303,704840.8063,62808.19296,642032.6133,648216.3095,57383.61869,590832.6908,280369.6658,60310.84338,220058.8224,2.168756015,3.413121367,0.8257846884,7.342642868,7.917147634,9.307695842,8.834791062
3304,42865.2284,45991.64076,-3126.412358,50231.49439,53845.28255,-3613.788161,142100.3029,62937.23399,79163.06893,1.640523188,4.999473381,0.8306898785,50.32456499,73.36077391,50.49045108,74.99288853
3305,280938.8971,65061.13919,215877.7579,208176.4379,53493.8478,154682.5901,249424.1927,48942.19545,200481.9973,1.436352121,1.95328304,0.9073853153,66.33600078,57.69814212,67.37784093,58.68691738
3306,143556.615,57433.66177,86122.95328,166934.3332,51031.4311,115902.9021,250947.6449,42920.97156,208026.6733,0.7144248072,2.334733705,0.9848188397,64.70956769,40.14360711,65.376393,40.40001852
3307,220526.3503,50927.07019,169599.2801,185665.8856,53112.75536,132553.1303,241567.3799,47579.24384,193988.1361,0.9870260361,7.992289013,0.9045401345,34.81656511,65.28155319,35.77340797,65.03932988
3308,232107.5942,56787.40856,175320.1856,175291.6271,65922.15232,109369.4748,239163.7525,46336.61163,192827.1409,0.2297058008,2.341552397,0.7067565563,87.74946562,29.82822898,87.84183151,30.03854611
3309,256639.399,55827.11715,200812.2819,97253.78287,45467.80005,51785.98283,174888.8376,57996.86162,116891.976,1.067048049,4.671884964,0.6927612979,36.88800121,87.31347971,37.78862647,86.74123353
3310,43788.6587,51414.01548,-7625.356787,43585.15162,39683.90678,3901.244846,127774.6525,59398.90999,68375.74255,1.718408109,7.36840589,0.7078504199,59.79421262,59.06318872,59.68390191,60.77805256
3311,39421.25664,54617.04661,-15195.78997,67273.07308,54640.26697,12632.80611,116709.9611,47795.88921,68914.07191,0.8247357568,1.339533258,1,48.74984595,35.10991893,49.334471,35.69164276
3312,45295.73881,61237.27143,-15941.53263,74446.21037,52555.85541,21890.35496,269368.0557,55669.68835,213698.3673,0.9641695474,1.923098569,0.9909253994,19.94966918,65.0644401,19.59879378,65.96249877
3313,56756.34157,67003.80209,-10247.46052,69309.291,47214.02742,22095.26359,152853.6364,44924.21237,107929.424,0.5869621193,5.183881362,0.8087285575,53.88001083,22.73326174,54.39949602,22.46002252
3314,857072.473,41619.41725,815453.0557,587165.1246,51969.23472,535195.8899,296507.1449,45150.89282,251356.2521,0.9925968694,4.169982349,0.7557140255,31.64988527,32.81464704,32.64029256,32.74875359
3315,284237.5728,62793.21782,221444.355,161413.1894,53949.97731,107463.2121,216293.37,50873.71445,165419.6555,0.9404600814,4.18792494,0.9824334296,8.289485887,64.95263353,9.200583572,65.18579908
3316,42952.02603,56186.68659,-13234.66056,55520.70669,59175.23056,-3654.523868,97571.93715,36711.00165,60860.9355,0.979833743,1.288483146,0.6394142529,70.12225988,15.72889589,71.04782075,16.05047208
3317,181396.1803,50485.61561,130910.5647,142892.5412,65923.04334,76969.49788,163804.9623,52108.43229,111696.53,0.8170580268,1.426455256,0.6540019442,29.29584381,73.0999452,30.08106346,73.32580782
3318,34021.26155,49902.34716,-15881.08561,55987.86255,54239.37659,1748.485966,43451.45637,46533.95036,-3082.493985,1.951447319,7.749527597,0.7607783899,82.22765878,8.369891068,83.84259624,9.465392618
3319,54260.40546,57039.26958,-2778.864121,44905.88359,45880.15581,-974.2722111,108899.5171,40374.98416,68524.53294,0.2002741157,1.466095525,0.8015260052,12.87102448,81.7070667,12.97217908,81.8799177
3320,185999.7796,67388.19162,118611.588,178613.8825,46769.9099,131843.9726,223223.2638,55148.48146,168074.7823,0.8006445623,2.519669366,0.6814009672,39.07033983,3.185644685,39.24039721,3.968020682
3321,789154.3126,53470.96791,735683.3447,923523.2563,44602.90213,878920.3541,237585.7341,57472.5882,180113.1459,0.3311801281,2.533921594,0.6932622403,54.72083202,43.45040104,54.64452431,43.12813189
3322,1075382.319,52804.21026,1022578.109,641699.3724,45741.16301,595958.2094,356267.6842,57984.8102,298282.874,0.9619916097,1.982391689,0.643322314,37.89230914,14.41226476,37.85421591,15.37350186
3323,268434.0106,68204.46819,200229.5424,146749.7175,56862.16974,89887.54772,147202.8926,43492.99913,103709.8935,0.3515965865,1.128812605,0.7411556891,6.46614748,81.76435313,6.814913368,81.80887858
3324,194256.567,56402.08698,137854.4801,188950.5016,50067.53357,138882.968,190287.4369,60753.87318,129533.5637,3.973290846,3.151266912,0.8104886915,99.33128482,8.938268316,102.960836,7.321667454
3325,909976.6847,60957.98821,849018.6965,677043.7212,52019.88061,625023.8406,303043.3342,51755.60051,251287.7337,1.407651255,3.63432567,0.6855142678,96.9410365,16.08104553,98.24248715,16.61742997
3326,59159.13821,51533.97813,7625.160071,46247.34562,47894.7328,-1647.387177,170625.6282,59531.77202,111093.8562,4.347888327,4.698798303,0.7056479997,99.99377773,87.7114632,104.20284,88.80138413
3327,236581.5859,55691.39644,180890.1895,187592.5093,50331.11137,137261.3979,206265.3012,51334.59523,154930.706,1.444024827,3.875459395,0.9977070017,90.87762833,2.492586129,91.83127281,3.57691537
3328,121613.0742,43080.88087,78532.19336,172537.4178,54207.96068,118329.4571,194082.7416,46440.64084,147642.1007,2.065390874,3.211549375,0.9532967276,66.46873865,51.06752175,67.77971112,52.66351381
3329,922310.9737,48093.9933,874216.9804,545856.0405,55578.03936,490278.0011,293428.4633,52515.93746,240912.5258,0.6238203668,3.831472972,0.9324575457,11.21153957,43.56475864,11.56180304,44.0809634
3330,883074.0569,47679.66573,835394.3912,448334.028,53049.85544,395284.1726,296121.9158,47193.25144,248928.6644,1.152236119,3.092689116,0.7279052564,42.80507685,33.21905994,43.27922935,32.16890401
3331,54256.46042,53923.70439,332.75603,59171.09274,63502.1441,-4331.051354,147821.6497,47906.79354,99914.85612,0.97507828,3.873265714,0.7571047788,30.48402782,32.71747867,31.16241726,33.41788243
3332,40647.48231,61147.04781,-20499.56549,40253.58175,38913.56751,1340.014243,114766.3929,46938.78846,67827.60443,0.2199612077,1.912905009,0.4234301021,22.85200713,38.76057572,23.03602379,38.88107801
3333,41885.71626,57159.94606,-15274.22981,55264.39316,55625.37847,-360.985319,60748.21336,51638.05528,9110.158074,0.8286826527,4.608567392,0.761828899,89.61767521,41.80830396,90.4356582,41.9410397
3334,632342.0638,57532.23936,574809.8245,721299.4776,49288.09605,672011.3815,227245.2715,48604.95936,178640.3121,1.050708992,3.224703344,0.8371520905,26.48647173,38.3203636,27.48321118,38.65277879
3335,832002.2168,71845.7827,760156.4341,979794.4629,56096.21208,923698.2508,343540.7889,37662.12902,305878.6599,0.4089611891,2.397244683,0.5813434489,0.1865299231,71.94863556,0.5950254585,71.96814586
3336,49464.51022,58057.31374,-8592.803523,51414.89105,45997.71408,5417.176966,95527.98938,41578.81135,53949.17803,1.68918,3.534114729,0.8753342722,46.97266035,88.53931755,48.29850966,87.4926788
3337,797845.0763,58634.33521,739210.7411,702573.9349,61379.93707,641193.9978,242879.3002,58362.50433,184516.7959,2.688145189,2.624886426,0.5882172179,10.04970414,78.87518122,8.565332742,81.11633407
3338,56544.40821,52557.41999,3986.988212,43144.83511,40177.05869,2967.77642,103870.2808,48697.67232,55172.60847,0.3093885041,2.863538597,0.7212021343,5.331072159,52.38399165,5.175462879,52.65139957
3339,211934.0703,56122.1287,155811.9416,157742.2902,41794.50786,115947.7824,226442.3097,45364.56026,181077.7494,0.4789888804,2.696418065,0.7759099656,74.89404152,70.00451587,75.17939854,70.38922578
3340,164400.1942,57826.91493,106573.2792,159603.1913,51228.94323,108374.248,298996.7141,52406.08906,246590.625,0.3481544083,2.885024762,0.7495993837,47.99660236,33.29752913,48.33509121,33.21606263
3341,87318.45575,67388.03435,19930.4214,43637.01039,58577.30273,-14940.29234,167138.7441,44167.83344,122970.9107,0.8755075074,3.170617005,0.6753090094,1.944901848,12.4717036,2.285135576,13.2783971
3342,917769.2971,77158.28803,840611.0091,860673.5146,45971.92891,814701.5856,273071.5808,34578.78017,238492.8007,3.230408522,2.040904076,0.8199401046,70.20935611,91.51660442,73.31503322,90.62761123
3343,833191.1465,55698.92937,777492.2172,636552.0185,61905.14855,574646.8699,290147.9128,49953.89519,240194.0176,3.54562782,1.660671104,0.7605667045,97.15347675,41.96282369,97.51917129,45.4895423
3344,219454.6588,64259.96001,155194.6988,131640.8138,58707.4871,72933.32671,146867.474,39616.29675,107251.1773,1.287152019,3.210577373,0.7254824669,55.96352268,43.17699507,55.48366773,41.98263351
3345,284099.9449,55583.86957,228516.0753,250967.6049,37159.36687,213808.238,202873.1386,59663.71274,143209.4259,0.3703955184,2.732380404,0.9200836751,53.0743,26.23406686,53.44246367,26.2746667
3346,153097.2454,57469.00357,95628.24183,163563.3189,55913.64608,107649.6728,300567.0309,54303.94049,246263.0904,1.426138185,3.770779653,0.851509516,3.98449392,38.64831717,4.397655567,40.01329613
3347,39488.10728,41546.96712,-2058.859843,45502.83619,53472.55718,-7969.720998,126104.8148,39768.50576,86336.30904,2.410446804,3.916534269,0.9202551161,37.97875327,31.99422189,37.97431356,34.40466461
3348,864478.7189,58640.08404,805838.6349,674334.7221,39496.34427,634838.3778,325506.2478,57688.65092,267817.5969,0.4620575701,2.045447307,0.8055703993,50.01655417,29.83202818,49.64195479,29.56152401
3349,740250.3562,63401.2641,676849.0921,645942.789,50391.80922,595550.9798,247519.7435,50642.22172,196877.5218,1.410278883,4.349103719,0.860193149,16.55265496,87.1110949,16.94579262,88.46546904
3350,55426.45107,60417.98746,-4991.536392,27225.20516,50844.86767,-23619.66251,151592.7171,49287.26437,102305.4528,1.150854358,4.285767708,0.8361380203,74.62525798,93.10666443,75.74725295,92.85055307
3351,763135.8796,68219.95187,694915.9277,856750.4235,54225.74775,802524.6757,262081.115,49270.122,212810.993,0.8737483179,2.918176544,0.7144841321,93.85669616,69.75164135,94.49328913,70.35012738
3352,208105.6504,65451.23372,142654.4167,169145.9919,45719.83752,123426.1544,190240.22,60517.21614,129723.0039,1.454430533,3.245971264,0.9626124891,88.77186235,42.19197574,88.92223077,43.63861236
3353,954028.3628,54914.02988,899114.3329,680558.9639,52694.57837,627864.3856,293344.1239,42842.42636,250501.6976,2.065929507,3.218207578,0.4756280291,28.07880647,73.23095344,29.06372229,75.04699461
3354,725508.8852,55491.8506,670017.0346,947913.8284,40902.8486,907010.9798,330639.7907,63029.42508,267610.3656,0.4313489851,5.266184918,0.7243317693,83.70387411,86.09711684,84.08580867,85.89664754
3355,181793.7639,66542.7146,115251.0493,156410.5073,60005.98432,96404.523,219181.2075,45042.22812,174138.9794,0.4368853152,2.560811578,0.9264873108,3.687067924,86.66097909,3.81400081,87.07901834
3356,51620.99125,54356.336,-2735.344756,56082.67992,56203.62127,-120.9413516,163189.1666,44312.21049,118876.9561,1.529796957,1.503303037,0.803529361,16.35835002,67.41151831,17.64946983,68.2320598
3357,877248.5298,49348.29015,827900.2397,874066.8612,54008.85103,820058.0102,149447.5622,55641.50799,93806.0542,0.1393838195,2.545823265,0.69516841,95.11747559,73.00604384,95.24262413,72.94467861
3358,815085.3444,50256.15829,764829.1862,691101.4272,55047.6696,636053.7576,275074.2669,44798.11494,230276.1519,0.5235463573,1.352705569,0.6463871742,38.89706621,37.16635227,39.40966184,37.27287225
3359,235356.9363,53815.10311,181541.8332,249308.3524,46234.83138,203073.521,236960.4873,52262.99987,184697.4874,0.6315758251,2.387457783,0.8629924817,32.91328207,3.636226868,33.09856835,3.032441294
3360,849076.7874,45827.81227,803248.9751,628589.4315,59363.6692,569225.7623,286168.5759,52540.22929,233628.3467,1.100517549,3.144819873,0.8116529236,93.53544844,15.17463918,94.44970076,14.56203689
3361,178616.5649,54996.62318,123619.9418,134721.5516,47851.08262,86870.469,226465.192,73765.45871,152699.7333,2.652375461,4.232841112,0.6482577797,2.567930579,26.03600756,3.10293898,28.63386468
3362,75861.42749,75416.33527,445.0922176,64257.77216,55782.26879,8475.503366,129164.0482,45045.644,84118.40417,0.2213124139,1.72120209,0.8000618377,81.92212736,27.24124468,82.03492211,27.43165615
3363,59176.66776,61230.65366,-2053.985902,58450.90889,58568.1396,-117.2307142,146821.6032,57706.07448,89115.52876,0.4901240331,3.751939869,0.7963291268,10.98796956,9.792554746,11.47227563,9.717260658
3364,231487.8978,49676.17269,181811.7251,183745.5668,54885.17765,128860.3891,256724.8285,56274.00282,200450.8256,1.279993125,5.159891824,0.9594096961,95.18982382,73.17720777,93.93238323,72.93798909
3365,51881.52375,57992.68542,-6111.161671,51062.14156,57076.70419,-6014.562633,193548.6674,48023.22679,145525.4407,3.006563528,2.202676643,0.6259093118,39.08572744,86.17663157,41.49976883,87.96878905
3366,803637.2967,51588.28871,752049.008,558677.8247,61098.39637,497579.4283,355759.1735,41983.34592,313775.8276,0.2063875575,2.346573826,0.873470683,51.57943716,90.81350378,51.78434675,90.83815903
3367,241684.4609,41879.5097,199804.9512,129216.501,48718.65326,80497.84773,96393.97701,56259.38421,40134.5928,2.486429115,2.075311955,0.5628857757,28.77241199,46.72128114,28.76516943,49.2076997
3368,893031.1694,59123.21658,833907.9528,717367.9409,44604.24284,672763.6981,286804.332,48068.72707,238735.6049,1.261110384,1.392661226,0.9781575824,89.46892225,15.81650814,90.67419652,16.18760561
3369,70045.56048,53620.80122,16424.75926,19807.1167,43400.18644,-23593.06975,138561.7941,56691.60827,81870.18588,0.6573253663,4.179756478,0.66836329,54.39774223,20.4387975,55.02153331,20.23152635
3370,63801.35107,48992.91187,14808.43919,57486.9306,54499.6483,2987.282305,140124.7969,62280.45503,77844.34184,0.3288676441,1.113885706,0.7934947945,54.3230537,26.48478693,54.63738515,26.58148059
3371,254676.7586,63538.43053,191138.3281,112021.8861,55990.58988,56031.29624,150477.4865,54165.53444,96311.9521,0.8117151984,2.16051831,0.7032238476,0.8980470219,15.32281866,1.233891564,16.06179769
3372,53993.13052,48419.15937,5573.971152,48540.84193,45900.32508,2640.516843,136657.5047,49276.48694,87381.01777,0.4583968488,1.701792794,0.5476272135,11.26603451,83.37870965,11.64870779,83.63107611
3373,47539.13799,61806.25567,-14267.11768,51689.04824,48490.22018,3198.82806,79507.59527,52574.94562,26932.64965,2.54028749,2.730529185,0.7335276423,72.70612026,73.10243356,70.55083132,74.44697441
3374,1062903.496,57794.42295,1005109.073,657585.1375,49304.82621,608280.3113,235121.5101,60556.06071,174565.4494,0.7262599536,3.044246943,0.9705878177,24.99633364,58.82303009,24.98641119,59.54922226
3375,801559.039,48695.59017,752863.4488,639930.0964,55061.78071,584868.3157,240978.8439,41297.82096,199681.0229,1.533725773,2.29877472,0.8168532806,54.53141894,60.65625615,55.66148572,61.69320544
3376,46100.11746,71902.14314,-25802.02569,61050.56348,62522.14897,-1471.585482,78049.12433,48960.54236,29088.58197,0.4255756089,1.369814111,0.7371958883,56.89558741,98.10262599,57.17455855,98.42401314
3377,885193.248,65251.98775,819941.2603,894800.1375,47707.46814,847092.6693,299709.9781,60428.73614,239281.2419,0.3754067724,1.4463167,1,81.3303155,81.15479519,81.69509904,81.24346998
3378,175713.7533,60618.16834,115095.5849,220973.2469,63602.40422,157370.8427,197996.0735,43461.88722,154534.1863,0.4275753347,2.681428264,0.8680200744,57.54206654,41.56423417,57.78987809,41.21579464
3379,49087.2298,60036.46736,-10949.23755,56825.57676,60137.19418,-3311.617417,127276.7947,54528.20581,72748.5889,0.3158321647,2.744357205,0.6409155732,97.4930277,84.0279636,97.58328394,83.72530246
3380,725010.8047,65630.27218,659380.5325,1005854.079,58296.80853,947557.2705,251218.1017,55669.41894,195548.6828,2.779172378,3.392046986,0.6344018032,17.13756923,46.95687703,17.68387969,49.68182547
3381,50286.80409,59460.68608,-9173.881989,30600.18495,44653.39987,-14053.21492,168152.5929,56463.45512,111689.1378,0.1617982274,2.429197134,0.8480608376,42.20838014,29.02061532,42.3700789,29.01494255
3382,656103.2148,57730.26349,598372.9513,847228.4511,55983.60673,791244.8444,365872.3588,44667.02421,321205.3346,0.6789048903,2.638496094,0.969274152,70.13257806,49.75853118,70.52707464,49.20600579
3383,956973.61,52633.56855,904340.0414,564631.3371,45511.50487,519119.8322,335176.0467,49865.85548,285310.1912,0.9903343935,3.749297853,0.792005155,28.57898104,83.82381319,29.32935665,84.4701093
3384,219107.0186,57519.70671,161587.3119,160032.5267,61627.50097,98405.02573,219829.9979,43452.84334,176377.1546,0.3963329277,0.9525148971,0.7494065921,1.62598745,44.51161797,1.962257883,44.72138447
3385,52886.27749,59439.35069,-6553.073194,76461.58208,67249.46521,9212.116862,146480.6848,47250.27324,99230.41155,1.717331197,3.622433583,0.6683462637,9.078874585,55.53715621,10.79606548,55.51520449
3386,51088.86078,49673.78026,1415.080519,33549.50429,48516.10742,-14966.60313,130282.2806,44838.01054,85444.27006,2.132374055,3.032136444,0.7333728453,45.36343816,92.01777906,47.43139727,91.49762117
3387,1038647.705,64464.53974,974183.1652,705999.9687,50257.60315,655742.3656,295375.4097,48498.84398,246876.5657,2.25848022,2.63020128,0.7375423578,54.96185016,90.37292636,57.15355862,89.82781452
3388,595778.8803,55715.60172,540063.2786,854386.6254,54391.41781,799995.2076,267480.3608,40132.07891,227348.2819,1.284940429,4.266653151,0.7156403055,94.09203181,34.2940134,95.35288775,34.54163044
3389,1065563.223,46036.51007,1019526.713,817840.1195,57474.81075,760365.3087,235152.981,59698.19936,175454.7816,0.9324754791,2.646991044,0.9668507834,39.43713922,61.0279083,40.33115241,61.29295725
3390,60081.89339,59720.97883,360.9145623,49793.65538,49931.60031,-137.9449245,128472.6672,50711.71549,77760.95169,0.6343285403,4.65704741,0.7496594419,7.519253018,59.51183812,8.149527023,59.44023243
3391,850581.9725,57533.94587,793048.0266,634078.9095,55307.67789,578771.2316,305995.0386,37910.4241,268084.6145,0.3691666712,1.353807655,0.9598652462,5.754218093,51.36157805,6.116751829,51.43124383
3392,988942.5669,48848.31132,940094.2555,685082.2119,39373.86295,645708.349,248194.1881,58697.41297,189496.7751,1.237092348,2.24397629,0.8365607948,88.36003901,12.10007265,89.40354408,11.43562202
3393,814377.0967,54244.07232,760133.0244,632455.286,56884.05167,575571.2344,292362.0963,41167.22902,251194.8673,0.7535119642,2.311698085,0.7397121303,59.69655118,4.107174361,60.45002099,4.115144319
3394,31108.58089,57891.03483,-26782.45393,69541.64448,60714.70147,8826.943012,96369.24231,43498.6636,52870.5787,0.2995317803,2.370863974,0.6851388516,24.04171692,1.465658135,24.12050802,1.754641266
3395,122518.6854,52829.95755,69688.72785,159636.1058,43939.28468,115696.8211,236991.4464,49375.60304,187615.8434,0.8295255383,2.06969663,0.7706340667,37.13256335,51.11658035,37.89226172,50.78345724
3396,81199.52995,65698.69606,15500.83389,45347.99834,50963.63488,-5615.636547,99026.01375,50903.77505,48122.2387,0.5058824724,3.445526118,0.6080964544,67.7625158,4.959558728,68.26027099,5.049874005
3397,768505.6233,54846.91055,713658.7128,663406.093,53076.88541,610329.2076,297275.3402,57594.15437,239681.1858,0.1009955901,2.248012557,1,76.11294065,26.05530055,76.1770334,26.13335328
3398,1139399.12,53953.84574,1085445.275,512249.8925,54235.89765,458013.9948,266048.9574,56130.44114,209918.5163,1.495651875,5.567481714,0.8872730637,16.5266745,69.13534161,16.45250507,70.62915332
3399,61192.76431,55626.74312,5566.021184,57171.7817,53467.1674,3704.614291,170650.3283,51187.71682,119462.6115,1.036316509,1.703327101,0.8652706684,42.26615909,64.82793619,43.29297039,64.96797354
3400,717481.6168,57970.92449,659510.6923,699551.0236,53993.43689,645557.5867,280440.9878,50579.89783,229861.09,0.9091389387,3.652515448,0.683002647,39.95879291,55.03097069,39.94152842,55.93994569
3401,1132922.766,62572.23837,1070350.528,853366.4408,61927.52567,791438.9151,226866.968,43572.11876,183294.8492,1.195541022,3.050022296,0.7257578463,17.97467517,53.53146266,19.05652918,54.04029488
3402,270651.9338,56585.77921,214066.1546,202335.1981,48356.28212,153978.916,165049.7876,54299.31513,110750.4725,2.502487223,4.98871942,0.6949650541,4.536016465,86.23188164,7.037920206,86.17784491
3403,61163.7794,59110.71739,2053.06201,58270.44119,49581.79605,8688.645139,177735.314,47772.74135,129962.5726,0.4964643602,2.07787602,0.8844409427,33.01122126,20.36467171,33.50768454,20.36570798
3404,37663.01169,40603.58221,-2940.570518,31604.55934,37324.15401,-5719.59467,184373.6491,44640.2072,139733.4419,1.453187974,2.630804714,0.8461707111,12.39927896,8.494874354,13.54902828,9.383599166
3405,260259.9401,49339.64755,210920.2926,164045.0747,56461.13255,107583.9421,165212.4862,50626.94633,114585.5398,0.1975973038,2.719440711,0.9141068045,30.5508879,57.87600346,30.70396847,58.00094758
3406,55916.6347,62547.39431,-6630.759616,54185.10567,58316.58785,-4131.482177,159641.8132,40429.70613,119212.1071,0.2727375058,4.359860118,0.9284477724,88.94611037,65.16414125,89.190575,65.285066
3407,858239.9145,56612.84173,801627.0728,586923.5017,42704.80103,544218.7007,303757.0655,36055.47873,267701.5868,0.6994578592,3.463082253,0.958506956,48.8997611,0.8663200323,49.43831133,1.312643842
3408,773107.2037,50964.26678,722142.937,658547.4668,55059.09925,603488.3676,285084.1149,64948.5308,220135.5841,2.101684798,2.115483214,0.8144504219,63.15749961,30.34648497,63.68756314,32.38022823
3409,39800.26276,42153.00781,-2352.745045,36349.39963,52373.73854,-16024.3389,43919.13831,59142.21935,-15223.08104,1.078734091,1.659714038,0.5903149112,34.14241172,79.37796636,34.89538347,80.15043046
3410,779962.986,37630.93685,742332.0491,699254.6538,54503.29424,644751.3595,266325.101,60179.65021,206145.4508,0.9002915022,2.748040854,0.9638067638,89.55628025,56.1203896,90.01668184,56.89405308
3411,852481.851,48441.04255,804040.8084,475972.2898,48818.01171,427154.2781,348152.4049,62555.3957,285597.0092,1.568758216,1.861124497,0.8460977467,49.94954792,44.55719118,48.61405431,45.38027026
3412,72385.52469,76381.62436,-3996.09967,46233.39091,57017.45604,-10784.06513,92666.68644,43660.85675,49005.82969,0.3286779739,4.21825397,0.76768487,44.17351952,88.65345628,44.49190963,88.73504644
3413,740852.7123,56593.58722,684259.1251,802902.0248,57080.51895,745821.5059,266282.6838,50990.45237,215292.2314,3.055252075,2.46838137,0.6307114014,77.44946743,54.9835826,78.64659928,57.79453272
3414,76492.55133,65874.69731,10617.85402,47071.20358,51573.02212,-4501.818531,162038.4642,37172.97509,124865.4891,2.919911229,1.24141166,0.8543947357,28.03390412,58.8058741,30.9531155,58.86979974
3415,652052.4458,60229.50162,591822.9441,878281.2103,54846.75785,823434.4524,302044.9731,63665.62426,238379.3488,1.190396479,2.75937937,0.7135012493,0.4531886584,25.98848211,1.175415043,26.93475523
3416,39414.79812,49135.96366,-9721.165544,51887.34784,50474.54393,1412.803916,164131.3527,42330.82256,121800.5301,0.6768970298,3.47725838,0.8206382214,5.008241671,75.30627411,4.421942577,75.64456831
3417,145380.2771,41619.13599,103761.1411,123852.0737,54120.09144,69731.9823,188517.1994,53742.81367,134774.3858,0.4954736863,4.115695327,0.9054683251,65.07053948,44.63067122,65.56063328,44.7034877
3418,812310.405,75435.02589,736875.3791,686841.3239,64981.85299,621859.4709,243764.9321,28226.58369,215538.3484,1.5221026,1.299177229,0.8231235592,75.12696126,42.79485418,76.06825128,43.99100192
3419,619170.1383,47663.71048,571506.4278,844242.0719,50599.886,793642.1859,279181.2824,49251.47536,229929.807,0.02105304132,1.404650045,0.9741470823,0.967545553,55.29901244,0.9806332883,55.3155031
3420,213862.3431,49167.10556,164695.2375,107284.6853,54007.80423,53276.88111,214387.3648,53443.54553,160943.8193,3.86650741,1.675970978,0.5603119757,92.8349896,91.26038409,96.19531164,93.17300411
3421,827849.7587,58122.81259,769726.9461,645541.1848,63347.98489,582193.1999,257457.8983,50100.07835,207357.82,1.071724202,1.782974572,0.7170050196,46.76074196,83.95585381,46.78368046,85.02733251
3422,904076.5448,63977.15871,840099.3861,764647.9071,53110.97346,711536.9337,241220.4904,49586.77351,191633.7168,1.146900179,5.095952646,0.6510032251,46.99933004,51.49244981,47.58928554,52.47598046
3423,884219.4239,54798.30498,829421.1189,820273.221,47730.55654,772542.6644,310909.496,45949.92622,264959.5698,2.275893535,1.602414533,0.7812063173,8.928197967,16.14380755,6.744002793,16.7833252
3424,71000.60214,56394.45532,14606.14683,39152.71492,49051.46309,-9898.748171,157593.0512,57356.73941,100236.3117,1.171658483,4.527168339,0.7744070353,51.72607564,56.62307549,51.04197993,55.67186749
3425,806844.737,70050.26717,736794.4699,611599.1469,64012.08567,547587.0613,287957.0137,47444.18848,240512.8252,1.057710215,1.717066485,0.9621067962,94.24914403,35.29834289,95.25151341,35.63599143
3426,911641.4204,71501.03626,840140.3842,620388.8461,56040.22243,564348.6236,198239.9932,52303.86268,145936.1305,0.4812684012,4.099923767,0.5725594959,70.4809273,66.48374309,70.89380254,66.73103504
3427,42679.32526,51051.52654,-8372.201285,58311.24355,52149.35019,6161.893366,77027.73113,47040.54944,29987.18169,0.5071524085,1.99929811,0.7527622511,41.77466594,76.62277599,42.28116712,76.64846878
3428,70696.22426,51464.58226,19231.642,47500.70296,51051.49042,-3550.787461,150916.4734,48473.15038,102443.3231,0.4605225164,4.551196439,0.7551155519,15.61935212,56.72620535,15.90073254,57.09076817
3429,232648.7354,58794.82918,173853.9062,198800.6659,59697.90271,139102.7632,175114.3694,37053.83836,138060.5311,3.369811077,3.109860838,0.9262085885,33.79836625,72.53903,37.14608118,72.92429805
3430,152359.1716,56425.95628,95933.21536,138588.1125,58272.89051,80315.22197,191441.0083,49896.5739,141544.4344,1.05118683,1.593881212,0.9803636627,92.6665138,30.62071693,93.67282401,30.31685264
3431,940641.2799,43983.53541,896657.7445,471717.0383,43769.6615,427947.3768,308390.3723,41019.99224,267370.3801,0.7121787224,1.023228593,0.8029992206,74.53689782,55.14795716,73.99744224,54.68299887
3432,212591.1472,60451.40303,152139.7442,150826.7479,57779.57779,93047.17011,175501.4216,42660.74481,132840.6768,2.753860301,1.955920224,0.7852042532,86.72275331,30.27355564,88.27330114,32.54941767
3433,958353.3926,55815.45467,902537.9379,753989.397,34430.9801,719558.4169,245667.1641,52762.52315,192904.6409,1.823263065,1.639222561,0.6752995715,39.12297828,8.267183864,40.88856452,7.812218534
3434,63208.52929,60608.64641,2599.88288,39486.9772,51904.73581,-12417.75861,150738.5961,43070.73131,107667.8648,1.753357958,3.292669115,0.7675683586,37.95279907,31.2133244,37.96986349,32.96659931
3435,841955.1359,65103.6358,776851.5001,750098.8283,45808.86688,704289.9615,322751.8235,54554.05948,268197.7641,3.100970915,6.431775172,0.691680432,95.02464458,15.81459387,97.69393142,17.39286139
3436,49596.64551,58763.25093,-9166.60542,44767.20125,53063.04991,-8295.848656,166454.2008,51018.97684,115435.224,0.499183088,2.18021672,0.8219726623,85.2431915,42.71940638,85.73116253,42.82461109
3437,58707.60198,50558.70031,8148.901666,42973.41107,46016.08175,-3042.670678,124164.2802,52809.97709,71354.30309,1.616892298,4.50239581,0.7112265438,63.99283502,21.43570861,64.83850585,22.81381657
3438,725011.2271,53839.0034,671172.2238,948336.1553,56937.74755,891398.4077,230637.6032,39876.03253,190761.5707,2.406844364,3.313180154,0.8699669031,44.44124008,90.18647214,46.58707638,91.27655762
3439,66100.28616,72030.778,-5930.491838,60574.53523,49776.55656,10797.97867,118426.8123,50009.2825,68417.5298,0.4501323449,1.938650832,0.9202405892,75.01571655,6.351795854,75.40639612,6.128214544
3440,75376.93329,54911.49013,20465.44316,41700.87988,58261.4499,-16560.57002,213347.9313,57554.46408,155793.4672,0.6274697418,5.457446374,0.6979455906,94.72611823,81.21923041,95.22855702,81.59509413
3441,657348.3855,56929.30531,600419.0802,828940.1101,62456.23259,766483.8775,281494.4479,53127.89464,228366.5532,0.09117194299,0.8507909872,0.795049361,73.26191196,74.18318793,73.27494376,74.09295216
3442,49597.2087,50310.64692,-713.4382212,57539.69494,55750.53308,1789.16186,86695.63632,44786.1853,41909.45103,0.889826942,2.799081507,0.779969236,30.22958332,25.24021343,31.10001945,25.42496443
3443,62800.62858,59513.51871,3287.109874,43804.31653,51739.04167,-7934.725146,70189.42111,49431.12188,20758.29923,0.2689313714,2.093564193,0.8623840746,34.59008209,59.7825423,34.62171686,60.04960657
3444,234821.8001,60457.07081,174364.7293,159618.5986,43876.26934,115742.3292,189012.3953,52549.74093,136462.6544,0.2203482435,5.981332198,1,32.16262376,2.330548245,31.96417443,2.234781796
3445,881484.5803,67074.75268,814409.8276,673831.9372,52979.73177,620852.2054,270137.5622,38729.16393,231408.3983,0.66760183,2.103509353,0.6160155436,28.33533388,96.50172898,28.99729329,96.58834272
3446,58322.88621,66047.17984,-7724.29363,61935.43487,60046.85273,1888.582144,86083.64572,49215.16835,36868.47738,2.675828827,3.928910947,0.7388707757,67.88325459,28.75053132,69.28223014,26.46953871
3447,62721.96135,57636.46199,5085.499363,51114.31925,56263.35633,-5149.03708,133170.3781,40996.67368,92173.70446,4.022221269,1.315191733,0.8937845657,27.20118784,80.54831018,29.42861011,83.89746739
3448,714800.2197,58146.7777,656653.442,947305.6089,50835.72994,896469.8789,322119.4105,52316.37609,269803.0344,0.939373206,2.857388159,0.8207762066,44.89948202,6.506565365,45.41867021,7.289422723
3449,67177.56268,57652.03669,9525.52599,52093.96678,52957.68325,-863.7164726,244057.9407,50920.55336,193137.3874,1.57684218,3.548906929,1,87.8620673,4.174028551,88.1332589,5.727375382
3450,62372.24832,62830.71535,-458.4670354,25136.32513,44786.04445,-19649.71931,131991.2945,42610.04229,89381.25219,2.189882631,3.378114721,0.6657664781,51.14825608,2.803311732,51.48977093,4.966400623
3451,41823.28848,48660.83044,-6837.541959,64827.74584,56187.10498,8640.640863,119186.5137,46777.44789,72409.06581,1.190945279,3.463385964,0.6522793325,29.46730611,41.99078908,28.28673671,41.8339243
3452,19034.40966,44461.01447,-25426.60481,54217.9966,52102.44194,2115.554662,141612.6015,47593.60428,94018.9972,2.117553607,3.210343218,0.9754272285,2.18513667,27.09994061,1.378633112,25.14198624
3453,297357.5605,46692.00371,250665.5568,178140.0421,48767.63662,129372.4055,201410.7378,43302.73149,158108.0063,2.558176984,3.561212933,0.796755453,80.73158083,29.9126934,83.18436752,30.63940306
3454,58265.79595,53396.90659,4868.889359,52390.30198,63993.98764,-11603.68565,99087.95035,54371.68553,44716.26481,0.6245972057,4.404956173,0.8286494513,83.11375414,17.93237134,83.58774549,18.33913155
3455,166148.5868,56047.56432,110101.0225,215008.9561,58279.36745,156729.5887,176607.0389,55652.08566,120954.9533,1.1838176,2.72350495,0.7995171327,97.96422892,56.9640428,98.49795254,58.02071834
3456,1099793.38,53927.36894,1045866.011,765190.5308,55984.80666,709205.7242,199010.0645,44228.63064,154781.4339,1.645550946,2.276739867,0.6979601009,44.74636707,85.21584877,46.39116353,85.26567368
3457,163347.0248,52975.67105,110371.3538,162292.389,47363.28799,114929.101,179505.4643,59896.9391,119608.5252,1.91950705,2.107663609,0.8389487971,75.42564853,14.1726751,76.90474831,15.39610109
3458,216359.0754,51743.85674,164615.2187,149727.2452,39014.4413,110712.8039,215487.2247,40711.21791,174776.0068,2.565062587,1.04601151,0.8929558627,97.78418668,40.62146303,100.1613439,41.585138
3459,770877.252,44417.02327,726460.2287,662429.8312,55768.63741,606661.1938,276469.0529,52697.59578,223771.4571,2.045439582,1.483161751,0.7451757953,31.26477314,72.74473048,30.23261906,70.97880833
3460,57490.95577,59011.07789,-1520.122116,75303.85345,58209.56286,17094.29058,105510.4703,57174.54016,48335.93016,0.9060511932,1.10157923,0.8269328718,3.224980065,7.846260567,3.441050467,8.726170986
3461,42894.1965,48455.49171,-5561.295209,34439.42556,49865.82812,-15426.40256,106696.1521,47839.91603,58856.23607,1.111331198,5.306243162,0.9007871146,48.87266423,86.88918933,49.29676611,87.916416
3462,566003.9596,41293.97732,524709.9823,620517.4786,48334.50159,572182.977,256147.0082,48237.51522,207909.4929,0.3411846209,2.646631044,0.8876799363,64.42749537,55.09497796,64.73361353,54.94431735
3463,212235.0721,54697.23051,157537.8416,240412.8285,52518.57853,187894.25,238139.3608,49388.24666,188751.1141,1.208238902,3.215938477,1,28.14412804,59.34848369,27.68071628,60.46432004
3464,40086.13195,47697.65625,-7611.524296,67060.85805,60392.82352,6668.034532,127735.8076,45781.15174,81954.65587,3.726091124,8.568749714,0.6588257343,73.12834386,0.1098658662,72.85463187,-3.606158462
3465,935124.8053,50941.34619,884183.4591,730294.5276,43297.54212,686996.9854,320645.4991,42568.55908,278076.94,0.7301262317,2.821680498,0.5170925729,97.14366672,37.51298721,97.47692509,38.16262031
3466,669031.1407,63661.48478,605369.6559,737511.3655,40113.15399,697398.2115,331393.8615,40272.51375,291121.3477,0.1355641771,6.098511462,0.8320213862,34.21773039,45.82614212,34.35283019,45.81493098
3467,739634.6999,28606.35686,711028.3431,793893.788,49680.63714,744213.1508,341548.683,44256.60283,297292.0802,0.4085778934,4.227560713,0.724438348,62.80352158,24.15020626,62.74504661,23.74583444
3468,647733.5961,56785.42953,590948.1666,680145.2264,56114.9839,624030.2425,267662.9798,45879.1183,221783.8615,1.649786277,4.849787411,0.7057949065,5.397090687,39.00500821,6.987201117,39.44471673
3469,838199.8425,51083.24629,787116.5962,910473.8534,45933.78726,864540.0661,222457.6134,53730.34958,168727.2639,0.2106887101,3.864302621,0.6718728126,1.790026215,54.70822011,1.959002579,54.83406414
3470,37075.98448,53736.6638,-16660.67932,46496.88526,66875.69787,-20378.8126,131947.2742,47410.46158,84536.81257,1.295715818,1.529395965,0.7354315685,86.42262198,24.40213605,86.93605203,25.59178687
3471,823493.4879,70926.06351,752567.4244,740549.1373,64296.87807,676252.2592,249900.6925,42392.4222,207508.2703,1.111568857,1.645489683,0.9729546962,21.32204224,63.29240901,21.81403703,64.28916698
3472,118018.2236,57610.49349,60407.73008,147556.5674,54281.3888,93275.17865,230513.3269,41866.06241,188647.2645,0.6673243957,3.509814583,1,98.79425063,88.89412771,99.30560483,89.32289189
3473,49992.57894,47227.49887,2765.080065,68602.18076,62801.25585,5800.924903,185316.8498,38265.71755,147051.1322,1.402481829,1.53056189,0.7531619222,37.08337429,51.44964424,38.21033175,52.28446287
3474,61701.93976,58079.9901,3621.949658,49352.51242,49530.88655,-178.3741298,233916.9886,55663.57919,178253.4095,0.8826694134,1.925335083,0.880553683,18.06059119,54.19778764,18.92620356,54.37047383
3475,227306.6504,57587.73297,169718.9175,227648.9278,63284.68212,164364.2457,236643.9555,44336.64783,192307.3077,0.2177557984,2.62397856,0.8577414945,2.079037412,84.91783847,1.865661408,84.87438426
3476,944354.7103,46359.68535,897995.0249,673225.1333,42044.06733,631181.0659,285458.1697,63285.14693,222173.0228,1.218140799,1.933007755,0.7112742916,58.18513511,63.16854061,58.7959041,64.22249898
3477,866962.4598,45851.83445,821110.6254,383645.0878,48594.79875,335050.2891,229036.2188,68081.03339,160955.1854,0.6183170768,4.408778329,0.8036339405,73.80187418,23.74114274,73.27999125,23.40954929
3478,649047.1829,42430.37635,606616.8066,851418.1582,56534.19006,794883.9682,253642.8693,49292.92975,204349.9396,0.7207766162,7.72762231,0.7509044011,8.197290582,35.03401667,8.766557529,35.47611855
3479,708439.4142,54777.79806,653661.6161,837640.3502,56490.09015,781150.26,242971.5141,60100.04138,182871.4727,1.282119067,1.567028322,0.684598407,29.51150155,45.47453294,30.51313912,46.27487754
3480,180642.1931,41625.33012,139016.863,157442.0369,50198.54751,107243.4894,193152.4372,51761.4537,141390.9835,1.427685225,8.335274073,0.7958832857,85.38414115,86.93213623,86.48617647,87.83977231
3481,146317.8083,60431.73257,85886.07576,152739.6813,49875.67149,102864.0098,225392.1343,50921.91363,174470.2207,2.229346238,3.040749041,0.6828196337,72.70968967,51.68143045,74.13059366,53.39928274
3482,227233.3741,58239.86232,168993.5118,153133.4578,59472.39119,93661.06662,154263.5465,52910.76554,101352.7809,0.5149461783,3.208080316,0.7195316545,41.01432301,27.50576839,41.52101496,27.41393792
3483,1039442.702,62788.57278,976654.1292,912332.6913,60390.58796,851942.1034,321844.0042,60567.4541,261276.5501,1.518141912,1.825982062,0.8175735759,92.15206691,2.242882301,91.71476513,0.7890865706
3484,54594.21041,61690.74742,-7096.537012,48353.02611,51871.38641,-3518.3603,138339.3566,53894.38618,84444.97039,0.4472298465,3.129882133,1,29.06571765,19.08504218,28.80633393,18.72071456
3485,138624.4775,55261.65168,83362.82578,166133.2429,55282.55158,110850.6913,200132.7786,55369.57917,144763.1994,0.9667228398,1.678372095,0.8731904059,91.18258488,48.77190145,92.08502303,48.42526269
3486,82702.46188,66070.61653,16631.84534,52483.81058,53143.86565,-660.0550652,224330.3295,50868.59702,173461.7325,1.499689511,3.880834335,0.6132549519,49.92250769,23.66589876,51.30569986,24.24542275
3487,194718.4054,64743.85436,129974.551,192874.1896,66031.80492,126842.3847,95571.79802,51039.91921,44531.87881,1.87412327,1.902304439,0.9727424769,95.68874325,70.8395241,97.44175791,71.50230433
3488,998682.8872,58124.82795,940558.0592,783085.5732,64319.14004,718766.4332,320291.2541,65627.30477,254663.9494,0.8555043187,4.120818738,0.6354751144,88.76160325,47.40206091,89.27257631,48.08820533
3489,29777.87492,27398.86418,2379.010738,27318.12303,39307.07963,-11988.9566,186550.8815,56293.23636,130257.6452,1.840029329,2.318373259,0.4903097086,35.70891044,77.06635384,37.42722241,77.72446621
3490,128322.8541,57294.11818,71028.73592,208262.211,49143.97169,159118.2393,283007.9208,54416.07272,228591.8481,0.8296059824,2.370356094,0.6965916216,99.72081038,68.46438167,99.51101639,69.26702267
3491,192677.1494,56511.86651,136165.2829,102645.3819,48815.08768,53830.29419,214524.8516,47842.80854,166682.0431,0.8825677036,2.17051074,0.7962581298,59.04444179,6.199679987,59.67965416,6.812404224
3492,765978.1308,46206.51912,719771.6117,752356.9619,55873.17764,696483.7843,353656.7745,54701.40938,298955.3652,0.8177095728,2.506923606,0.7621245439,62.86229907,77.43138668,63.64922222,77.65364982
3493,223418.2539,55505.19595,167913.058,153321.9039,44269.64047,109052.2635,233285.1495,52246.86639,181038.2831,1.804152997,1.843128783,0.8636615412,57.75561352,70.48067062,58.81261603,71.94276287
3494,211172.3943,64757.14664,146415.2477,202953.1865,60518.94665,142434.2398,199263.4844,58186.01968,141077.4647,4.194470112,2.273852081,0.6524196624,44.7348375,61.08497798,48.22923486,63.40505698
3495,55887.08217,58114.22797,-2227.145798,45433.71051,54134.29915,-8700.588638,130759.2298,35807.94628,94951.28349,0.9903427928,2.209374395,0.9204411663,74.33839523,72.08794378,74.32086409,73.07813139
3496,36001.54393,52623.37722,-16621.8333,57254.97193,55054.51276,2200.459168,154108.5833,47126.40035,106982.1829,1.04348314,1.266788192,0.4791807967,98.04297029,44.68972682,98.94454206,45.21510802
3497,724169.3323,48105.39616,676063.9361,615824.0369,53035.86736,562788.1695,269554.0046,38644.7096,230909.295,2.847578175,3.479322151,0.7612733233,68.52752415,43.97939061,65.88282808,45.03498719
3498,39007.4245,47513.76174,-8506.337231,38521.65845,53389.77274,-14868.11428,162813.2499,44491.25188,118321.998,3.251532305,2.632139184,0.7099574162,64.67441924,64.15397777,67.91750978,63.91982808
3499,53576.66158,56473.35339,-2896.691805,63019.64899,52143.09169,10876.55731,169720.4422,52600.70763,117119.7345,2.683454388,1.768049953,0.550318693,23.54069086,57.9230047,25.97127549,59.06018798
3500,848325.0333,43832.50529,804492.528,723231.2149,38983.26919,684247.9457,230998.766,44135.89695,186862.8691,0.6280317376,7.097513699,1,55.98671372,31.6898204,56.47499397,31.29484413
3501,746321.7244,47151.86689,699169.8575,611644.8628,41491.48916,570153.3737,309582.2813,50313.95233,259268.329,1.992110711,3.661243921,0.9409855427,25.17488007,1.551858063,27.12573906,1.955162312
3502,212853.1892,63990.72742,148862.4617,217072.4172,52297.26433,164775.1529,213821.1261,53269.8858,160551.2403,1.034083948,3.018166453,0.7624965033,89.18500189,40.78175734,90.20200016,40.96895814
3503,185302.3778,59999.43471,125302.9431,220529.2888,55325.84884,165203.4399,156890.6769,41295.45473,115595.2222,0.2905608155,3.613081301,0.7674878438,18.48790005,50.68181441,18.24477573,50.52270391
3504,883902.2907,74748.14545,809154.1452,663485.352,58727.62458,604757.7274,346401.1663,49948.50261,296452.6637,1.200868286,1.926236989,0.781936465,67.09311406,52.21316096,68.19444505,52.69186201
3505,235115.2648,56466.52251,178648.7423,220785.7207,56095.87033,164689.8504,153939.4144,52797.25358,101142.1608,0.2695372794,3.156724121,0.8753716287,28.83131189,30.42234856,28.91389936,30.67892147
3506,41080.06051,46467.6808,-5387.620288,65975.33405,53392.72986,12582.60419,128512.5946,49617.19503,78895.39959,1.024024591,3.645657038,0.9407187406,22.15078371,26.89096284,22.82850355,27.65863607
3507,65334.9475,44512.79049,20822.15701,50199.50186,41484.18323,8715.318633,197170.4022,52996.2245,144174.1777,1.417570421,1.963611692,0.6826290607,71.05615658,14.56736112,72.07346066,15.55457859
3508,709106.7038,38009.16334,671097.5405,555539.5549,55391.15612,500148.3988,161927.1362,49160.09965,112767.0365,1.117689955,2.391316485,0.8929095202,31.67965382,34.15875117,32.53582543,34.87722248
3509,209912.2676,73809.15185,136103.1158,172302.2563,59576.80318,112725.4531,235618.3693,57316.93382,178301.4355,2.156344105,6.642127858,0.7426037457,22.79908405,30.50520152,22.30273834,28.40675904
3510,958986.4871,57991.52937,900994.9577,854233.1184,47877.20071,806355.9176,318798.4496,49030.50468,269767.9449,1.030207106,0.8675499938,0.7277484195,92.82318823,75.46229951,93.77968416,75.84497719
3511,204447.1922,67096.23146,137350.9608,158570.3865,69822.75477,88747.63169,189170.748,46915.78563,142254.9624,0.7270792043,3.218957675,0.7618443286,36.31369189,83.71868007,36.7713589,83.1537154
3512,928687.0807,52658.79381,876028.2869,858915.6044,49497.26595,809418.3385,236539.6522,49690.58964,186849.0626,2.502813177,2.72223715,0.7595038853,16.80033683,1.170148489,19.25190403,1.674025528
3513,885892.3195,49162.9548,836729.3647,685354.4053,54223.63083,631130.7745,205236.5828,63176.81231,142059.7704,0.3847308889,3.348897001,0.8103718308,83.69179587,24.16509363,83.41965247,24.43704183
3514,865570.5071,53941.98352,811628.5236,819224.8147,52675.2572,766549.5575,278827.9923,59031.66908,219796.3232,1.229883294,2.641068309,0.9297256653,8.474440366,79.30869553,8.687586036,80.51996834
3515,39514.14011,41870.73114,-2356.591035,49740.19869,59140.85613,-9400.657443,163624.8945,46530.29921,117094.5953,1.332128245,2.532813354,0.8292997297,33.45379467,45.78917712,34.25528694,46.85321462
3516,106681.3667,57517.1982,49164.16849,153702.8006,59748.22487,93954.57576,209755.3434,51163.54938,158591.7941,0.6494716936,3.625556179,0.5895590208,27.96049612,64.4759406,28.58064545,64.66888692
3517,825342.3984,50273.04503,775069.3534,803248.292,50530.99875,752717.2932,289385.705,57366.27911,232019.4258,1.669382419,4.203786815,0.7903678323,93.47179925,37.63785072,92.55413028,39.03238338
3518,740195.2801,49847.72811,690347.552,642784.9689,48422.67201,594362.2969,356927.2572,51153.70853,305773.5487,0.887607426,5.101175001,0.7419402797,25.64684739,25.42938173,26.46255204,25.77934297
3519,62311.74288,53637.38462,8674.358253,41764.52105,52171.49813,-10406.97708,179439.0317,42737.81993,136701.2118,0.1900515539,1.791225996,0.7829292264,4.331316339,86.20441358,4.469358052,86.07378403
3520,250590.4829,62758.8385,187831.6444,219966.3687,58826.76875,161139.6,232659.2205,50605.78688,182053.4336,2.400481476,1.71142182,0.824448116,26.64475685,43.57182279,24.81391308,42.01930148
3521,678210.0631,59775.89096,618434.1721,849744.7074,40190.48317,809554.2243,393477.1878,52006.63799,341470.5498,0.7393177015,2.153759988,0.7737965044,67.61733913,90.25508841,67.83580674,89.54878637
3522,64323.02147,53369.66372,10953.35775,27888.35069,47122.12821,-19233.77752,28154.28635,52929.8733,-24775.58695,1.676830875,3.65272797,0.7961254839,13.10181811,21.72883374,14.15840584,23.03090293
3523,999274.5051,58217.89925,941056.6058,695305.5656,57153.95272,638151.6129,282567.4156,53012.97312,229554.4424,0.932796319,2.929976286,0.7940556851,41.43740082,57.25376735,41.06501087,58.10900691
3524,172924.2956,48391.11358,124533.182,191933.5971,52707.63927,139225.9579,221102.3928,62423.22081,158679.172,1.659957763,1.603557207,0.9336899192,9.500406967,73.77142366,11.11740126,73.39620474
3525,225969.0754,64252.34824,161716.7272,216599.5947,50877.32115,165722.2735,221299.8264,45231.94252,176067.8839,1.772273947,2.880722477,0.7029402839,61.92770835,21.20336446,62.23885728,22.94811123
3526,170106.3751,47010.17613,123096.199,121576.4531,53439.46866,68136.98442,235435.1595,40139.03124,195296.1282,0.7584270326,2.414676643,0.9055157389,26.94820057,26.09514571,26.96885536,26.85329144
3527,722451.6526,50697.36941,671754.2831,819980.3044,67876.06519,752104.2392,267685.0719,51183.25752,216501.8144,1.057646867,1.541212691,0.681196921,56.37889716,63.21608219,57.41019584,62.9814763
3528,77220.31763,72191.13934,5029.178286,78548.03743,59373.78919,19174.24825,146270.791,51019.53141,95251.25957,0.8925155819,2.717090016,0.6760782222,74.71100124,7.654615714,75.58113825,7.456006414
3529,135529.0054,33509.75212,102019.2533,183495.2731,58108.77358,125386.4995,140174.3287,42988.34108,97185.98761,0.2584210734,5.074077018,0.634304184,88.94592643,82.35717502,89.19886588,82.41011921
3530,821364.7352,49418.99332,771945.7419,750855.7552,48629.43158,702226.3236,312520.7549,48673.57326,263847.1817,2.870204283,2.214295244,0.7093836489,33.79529138,13.52902996,36.45538948,14.60696814
3531,116117.079,45914.95623,70202.12276,217611.7671,55773.09164,161838.6755,215382.0243,62791.00243,152591.0219,1.516215999,3.217878752,0.8103672051,72.52643994,85.83321112,73.66318979,86.83656087
3532,166312.4082,49285.78454,117026.6236,181790.8426,56645.08966,125145.7529,218542.7433,35712.34359,182830.3997,1.407138069,1.317626849,0.6160271649,89.28125533,17.14714254,87.93178847,16.74842368
3533,174391.4634,53941.89046,120449.573,150848.9499,57736.4114,93112.53852,222935.1162,52874.7467,170060.3695,1.405029871,4.010338841,0.7203001838,3.025033426,34.7821819,3.990299011,35.80314776
3534,863816.1485,58622.06529,805194.0832,747425.5622,55171.1363,692254.4259,269938.5368,45559.87807,224378.6587,0.7529289739,6.166224525,0.7377106009,94.67665512,77.1068924,95.2397763,77.60668894
3535,151271.1042,57876.94369,93394.16053,196436.6711,56365.06845,140071.6026,282423.1294,55106.16195,227316.9674,0.6041437915,1.824248919,0.7219234584,46.73612873,28.02560446,47.22856222,28.375603
3536,908815.7189,56689.42867,852126.2903,669434.7354,48489.82386,620944.9115,286577.2347,52410.07662,234167.1581,0.6817338933,3.622072084,0.7433429719,81.28762879,22.08867724,81.9612968,21.98411858
3537,56697.49023,52294.72237,4402.767858,52223.11827,55753.73264,-3530.614371,152340.3482,41381.91712,110958.4311,2.531790519,2.433107298,0.7351706557,28.32536145,61.72849615,28.03154735,64.24318032
3538,767096.2392,47617.13153,719479.1077,713419.4117,54945.99597,658473.4157,282959.5131,45704.8255,237254.6876,3.138815237,1.637241024,0.6231856488,38.40119528,0.3724802427,40.84486459,-1.59745412
3539,42190.9445,52402.04633,-10211.10183,24569.12973,41800.67773,-17231.548,74395.21696,37564.42436,36830.7926,1.344700044,2.540152355,0.785199946,96.02045576,25.02985179,95.93913635,26.37209073
3540,139118.1669,38067.01996,101051.1469,179677.8683,50440.67777,129237.1905,246320.1062,53523.70774,192796.3984,0.5727666879,1.790365327,0.5276910496,76.72202366,94.32101085,77.21863141,94.60639204
3541,193484.6811,44762.48547,148722.1956,183671.6543,46033.00028,137638.654,226623.1531,56529.25387,170093.8992,1.189373114,6.410578234,0.8632912115,30.58808747,14.55334144,29.59889863,15.21373059
3542,860955.1074,55224.73866,805730.3688,694126.5792,51402.31848,642724.2608,298855.0168,39168.97742,259686.0394,1.255889274,1.117381826,0.8279781907,69.23321279,50.87346199,70.45616881,50.58774107
3543,248482.804,54496.14676,193986.6572,161631.0728,28859.37596,132771.6968,99835.02891,49663.86528,50171.16363,0.3622987031,1.501991486,0.72795414,9.777558879,88.28242001,9.949615461,88.60125677
3544,764833.4204,59809.11636,705024.304,770350.4987,59594.31735,710756.1813,323961.3707,58303.06645,265658.3042,0.7644005479,2.257279481,0.5391081023,9.644370105,65.06953085,10.05049077,65.71712193
3545,47980.57035,53329.19201,-5348.621663,57332.91061,52229.90325,5103.007355,121999.5194,44394.04937,77605.47001,3.122448248,4.125843414,0.7480500557,41.57309019,67.85065887,43.64056159,70.19058303
3546,129492.213,53056.82111,76435.39194,154055.1653,44892.26941,109162.8959,183439.2795,52603.3287,130835.9508,0.390953449,3.224941475,0.6857492523,81.27531889,13.02020062,81.06556648,13.35012262
3547,44514.95398,43104.22474,1410.729236,66974.17469,60839.60684,6134.567851,142717.5436,50334.53816,92383.0054,1.784046275,2.509088316,0.9411074757,14.31321528,91.60282712,15.86300216,90.7190954
3548,217310.66,64785.83046,152524.8296,140907.1168,54982.90589,85924.21092,271888.7946,66255.85501,205632.9396,2.555020185,1.969093489,0.9337436807,76.6031617,23.02894341,79.15719687,22.95800344
3549,209886.0388,48935.29443,160950.7444,114806.8823,49645.87236,65161.00989,156820.0482,49533.0773,107286.9709,1.141442227,1.233054802,0.9213555646,27.53139211,21.32510844,27.60239948,22.4643399
3550,183618.982,55042.9554,128576.0266,155189.8638,45958.20382,109231.66,253932.3246,51670.60167,202261.7229,2.608724834,5.065454649,0.8865297196,66.70545757,18.13562347,69.15583506,19.03066284
3551,46306.51478,54056.56818,-7750.053396,25882.62982,38912.05119,-13029.42137,127882.5733,62204.284,65678.28927,1.506078603,2.989330513,0.7200169257,88.72034634,42.59845998,89.93086782,43.49451272
3552,887324.1308,64489.93396,822834.1968,684620.8936,44538.6308,640082.2628,283855.7091,49600.67318,234255.0359,1.645826533,5.997864928,0.8403957653,23.80426203,88.6929506,25.08732016,89.72373031
3553,72866.63813,63256.10056,9610.537564,55443.20962,63469.86036,-8026.65074,116414.0402,45509.15642,70904.88374,0.4464183929,1.669155896,0.7531199754,83.28267523,14.94550819,83.72909074,14.94711264
3554,65055.50603,69578.87335,-4523.367325,21722.62283,33517.46339,-11794.84055,216170.2906,47636.51011,168533.7805,1.340149896,2.874520707,0.8253935607,18.12344108,82.69257632,18.66869507,83.91679029
3555,243135.5409,55059.18588,188076.3551,186954.6001,58639.44467,128315.1554,255896.223,44571.67629,211324.5467,1.754253153,3.977223177,0.7615674736,73.93014458,42.45864533,75.43969281,43.35232775
3556,726960.5042,54193.93719,672766.567,876516.9276,54661.288,821855.6396,275867.3145,48790.82159,227076.4929,1.082838739,2.498528169,0.8064954654,34.66160421,89.6154294,35.72225212,89.83352515
3557,51706.25844,51699.00596,7.252473472,44491.35112,51407.06365,-6915.712527,146185.1084,50413.39243,95771.71598,0.4484023567,1.68919928,0.6050803199,68.43182351,86.8849859,68.79857952,87.14296789
3558,808869.6186,58924.96987,749944.6487,1028534.193,64236.93065,964297.2621,251462.6102,43269.67517,208192.9351,0.6571950113,4.069568862,0.6607783411,58.34038938,7.471358607,58.99553205,7.419460963
3559,196291.0743,52079.10193,144211.9724,155455.6737,50412.28801,105043.3857,145360.8358,44542.79428,100818.0416,0.8240154573,2.09022139,0.5777574698,9.788711159,29.69979774,9.828944905,30.52283038
3560,245122.5157,61777.6043,183344.9114,210239.923,51327.81711,158912.1059,233135.4284,45467.13343,187668.295,0.9791206325,1.929113977,0.6608656893,49.5506525,84.18114357,50.51230937,84.36524481
3561,147507.7545,59616.56363,87891.19092,191970.3568,46577.09578,145393.261,163319.6022,48508.04112,114811.5611,1.132185156,1.53557457,0.7730493046,12.67436867,44.39844681,13.38873672,45.27680978
3562,193927.6091,51970.26213,141957.347,203980.1895,63781.67411,140198.5154,197527.1453,54140.55724,143386.5881,0.6683212492,2.479218997,0.7453885797,0.542538475,49.9036471,1.202664073,50.00799022
3563,45863.36392,48029.21184,-2165.847922,40130.32269,44742.89547,-4612.572778,197974.1492,46929.34491,151044.8043,1.58529697,2.816437029,1,28.25915035,22.38742807,28.62594485,23.92970829
3564,806252.5256,49612.23436,756640.2913,679929.1514,59948.64678,619980.5047,241690.8841,57205.19984,184485.6843,0.1084311561,2.634486995,0.9192567161,12.36346198,77.33630197,12.4315003,77.42073006
3565,71192.50417,69959.90902,1232.595143,54487.74104,55676.62417,-1188.883134,153950.8816,50199.6825,103751.1991,0.5166870772,3.589978476,0.8781024356,90.34132044,87.88454696,89.86484776,87.68469872
3566,43710.80352,53348.03108,-9637.227559,51757.47419,45844.9532,5912.520993,134409.7328,54398.17882,80011.55399,0.1538649224,2.753000583,0.7655372244,94.18264789,8.391140988,94.33625122,8.382172658
3567,73459.29063,67625.44939,5833.841237,51648.053,45300.5797,6347.473305,163346.8504,46553.4559,116793.3945,0.4214414597,0.8104428029,0.8284317589,38.75957012,79.20832444,39.06759479,79.49595912
3568,765816.6692,53208.31462,712608.3546,831430.87,58763.55254,772667.3174,349357.637,64100.94388,285256.6931,2.576493927,1.865849942,0.8620359928,86.3569965,57.5551877,88.83181209,56.83852268
3569,75387.10183,68719.31202,6667.789815,68867.41373,63108.74013,5758.673602,155820.0237,55113.17347,100706.8502,2.4627679,4.675935593,0.6587635314,21.86534093,19.41120897,23.62455557,21.13469079
3570,54210.61086,48758.77597,5451.83489,41428.90366,46611.04453,-5182.140869,63824.91079,50840.96213,12983.94866,1.919218191,3.003908678,0.8064203426,67.30934241,98.17554948,68.97884166,99.12221242
3571,274978.6263,63202.38886,211776.2374,131809.387,54820.69238,76988.69465,306787.8376,48885.68305,257902.1546,2.229501307,2.409436687,0.7558727231,2.898267667,37.01892519,3.288194684,34.82378669
3572,229476.0558,44630.15382,184845.9019,233016.7971,45505.37361,187511.4235,189934.4706,41415.48003,148518.9906,1.530104941,1.676420642,0.802400641,33.77131932,14.110868,34.64768565,15.36514197
3573,160314.7334,39478.19872,120836.5346,147210.6374,64667.41836,82543.21904,186959.8248,47919.07357,139040.7513,0.9147624205,1.634908807,0.7031622043,5.797685178,33.34087781,5.621418795,32.44325849
3574,841477.3369,51272.60713,790204.7298,877421.2939,57086.50338,820334.7905,278274.1666,46725.78914,231548.3775,0.6390168035,3.708964512,0.8542599008,17.14196139,61.59154796,17.7047643,61.89419523
3575,152034.7953,42651.9214,109382.8739,175181.0799,42624.33213,132556.7477,180894.9494,49341.24171,131553.7076,0.7029561227,2.082236355,0.7823900282,34.8476158,17.19251094,35.1140125,17.8430339
3576,254981.6143,45053.90706,209927.7072,163366.8571,53185.76972,110181.0874,221511.3003,45580.60538,175930.6949,2.157462423,2.305404387,0.9637212383,12.95481962,53.60062021,12.81815576,55.75374981
3577,905753.1125,48100.13753,857652.9749,763996.7497,45668.55085,718328.1988,232568.1249,46637.58246,185930.5424,0.6579971176,2.580573253,0.7425091142,45.75796076,40.44074169,46.19817831,40.92979047
3578,187721.6262,56389.97979,131331.6464,245066.9875,64519.58426,180547.4032,298721.0274,47212.96006,251508.0673,0.5876928999,4.134147757,0.7812265098,39.56133806,43.47660467,39.5923077,42.88972834
3579,44144.36096,52734.13345,-8589.772487,58056.6223,51733.55317,6323.069127,203281.7426,48156.23489,155125.5077,0.4492995737,2.591800103,0.7699687326,44.58619908,77.26037741,44.97236492,77.49004249
3580,855419.6922,58630.08816,796789.604,547432.9985,53669.15803,493763.8405,266619.4918,57668.97079,208950.521,0.4831408317,5.030567957,0.714161865,68.74891475,31.77699706,69.01950777,32.17725259
3581,63933.3488,52006.38052,11926.96828,68807.55034,69454.13862,-646.5882739,115238.3286,53625.87181,61612.45675,0.2870299454,2.828864046,0.9773125349,26.05598668,65.33777659,26.32212353,65.44528177
3582,849054.4996,50230.67286,798823.8268,712306.9939,67384.79158,644922.2023,308610.9121,42873.93961,265736.9725,0.5899392854,2.881744332,0.8309512894,87.10306028,90.62620156,87.60133373,90.31036628
3583,218743.2359,57636.93611,161106.2998,172537.7574,56072.84632,116464.9111,191502.7165,45461.8373,146040.8792,0.6917547558,2.665600486,0.6542201789,54.00835072,38.71663754,54.61404573,39.05079049
3584,899838.1028,46783.26348,853054.8393,716155.2744,53472.0637,662683.2107,314322.3584,41927.08173,272395.2766,4.165611394,2.311967073,0.7941278359,83.48341996,19.70735586,86.56542845,16.9049387
3585,690807.1534,57383.58849,633423.5649,553811.7476,51540.4621,502271.2855,306287.0993,50073.07049,256214.0288,0.6577324519,4.153932426,0.9249946271,78.88607652,21.6818511,78.88880091,22.33957791
3586,869031.9549,49828.52503,819203.4299,652882.7791,57741.17315,595141.6059,284589.2563,48646.03456,235943.2217,1.022942977,1.568710128,0.7999682205,17.65682791,61.66737584,18.25896684,62.49432266
3587,1020829.664,56586.47118,964243.1928,745368.2981,57670.48644,687697.8116,304209.9511,60069.04507,244140.9061,1.433217012,3.083726102,0.8966186272,40.60620115,88.77415247,39.6651584,87.69315776
3588,1028629.015,58028.42343,970600.592,738819.8137,51179.9836,687639.8301,273392.2296,42656.27848,230735.9511,1.577217259,3.80044196,0.8044287409,50.17627533,52.17152956,50.86217479,53.59179581
3589,236101.4064,64843.57795,171257.8285,144841.1367,34123.63556,110717.5012,208329.0985,59099.95172,149229.1468,0.9192534248,4.828058967,0.577380351,49.28133466,5.095762621,50.19630204,5.184428054
3590,853394.5434,49352.25542,804042.288,603405.1481,42008.76704,561396.3811,302102.1813,61167.8415,240934.3398,1.740070669,5.997815536,0.6029986826,60.02001246,92.16356288,61.71429526,91.7670131
3591,714998.4785,44067.09372,670931.3848,994470.3561,56758.12027,937712.2358,270436.1845,41899.16665,228537.0179,0.5455321498,2.616453478,0.9221516183,83.33008266,95.83411752,83.80644347,96.09998536
3592,978952.2817,51442.26066,927510.021,708162.3688,57353.69882,650808.67,272297.6571,50788.80233,221508.8547,2.284625749,1.884174317,0.7577303149,95.53954724,35.16483708,94.74688662,37.30754657
3593,66374.89893,68978.6329,-2603.733972,55196.80591,56548.93698,-1352.13107,201976.6305,47716.35332,154260.2772,0.5656139223,3.831076538,0.8786262255,83.88858295,49.31457696,84.45277158,49.27444835
3594,56752.83559,58691.27212,-1938.436526,59676.8273,60530.24077,-853.4134698,159947.6877,54666.69918,105280.9886,1.030961834,4.671197249,0.7691184065,96.32449529,19.85689563,97.13390272,20.49544235
3595,46308.47767,44106.94644,2201.531225,43917.6397,49894.44048,-5976.800784,142461.5788,52621.38622,89840.19259,0.5869076424,4.865166325,0.469506611,93.80467007,72.79556439,93.86379268,73.37948656
3596,165527.0103,63200.27305,102326.7372,125207.6731,44828.67423,80378.99891,186173.667,41949.78356,144223.8835,0.9170249008,2.152044064,0.7732878962,34.1303928,44.58295801,34.64726418,45.34043979
3597,867759.0503,69057.19781,798701.8525,636901.8036,50160.2152,586741.5884,265986.8014,51284.8349,214701.9665,1.820965482,2.205612261,0.7146255529,86.77135529,17.90651906,88.17706501,19.0640576
3598,54274.80282,46234.23373,8040.569098,53853.5381,54407.6752,-554.1370991,139589.4356,47716.98293,91872.45264,0.8983907924,3.38309825,0.5892352319,72.48508533,69.55494451,73.18541729,70.11765329
3599,174194.6069,51913.37166,122281.2352,218593.6155,48105.52859,170488.0869,222083.7457,43291.68685,178792.0589,0.9987481717,1.366991577,0.7637553532,13.59483598,83.51538021,14.27085726,84.25056259
3600,985542.483,74508.75924,911033.7238,811873.0146,55934.2471,755938.7675,311172.7744,57143.4269,254029.3475,0.6157098632,2.187637555,0.7553457523,71.89176313,59.11904569,72.20525717,59.64897033
3601,55578.46619,59336.57614,-3758.109955,35075.23464,45195.1486,-10119.91396,118860.6498,45748.34958,73112.30025,0.9646571262,1.901093926,0.6080346216,69.67444751,68.5028989,70.63565216,68.42135756
3602,140346.707,49559.06326,90787.64378,146195.7478,51193.30146,95002.44634,214403.9766,40701.75072,173702.2259,2.490068259,3.454684595,0.7334150325,55.40575492,17.32682051,57.55261073,18.58834739
3603,845700.6427,54911.21576,790789.4269,889211.3825,54295.95301,834915.4295,240251.8752,51442.92093,188808.9543,0.8111503586,2.43384402,0.8205335798,99.8849003,24.64546568,100.5128659,25.15890908
3604,1064119.27,57102.89084,1007016.379,672692.2971,53360.56933,619331.7277,212736.5367,28747.19978,183989.337,1.422922179,2.943779729,0.8806778995,3.453151169,16.31352838,4.418072246,17.35929835
3605,249762.2668,53053.04651,196709.2202,164073.4515,50587.99671,113485.4548,192290.207,53877.90654,138412.3004,0.3381367013,2.615889616,0.7972121489,30.08525373,75.29387803,30.31603981,75.54101001
3606,972329.1716,66895.94509,905433.2266,747251.7949,43433.77443,703818.0205,329776.0998,54808.2693,274967.8305,0.8196105843,3.118264274,0.4132320595,82.422678,29.78500103,82.65967687,30.56959841
3607,232708.9041,62348.54785,170360.3563,153911.4907,38420.62959,115490.8611,169752.561,54301.89987,115450.6611,0.6265510078,2.877295632,0.8217611017,45.03636606,66.46719364,45.606945,66.72604851
3608,707097.62,51405.08784,655692.5322,763474.0964,50023.22938,713450.867,261156.7469,53516.95767,207639.7892,0.7300556599,3.245756916,0.8528194433,62.45118417,59.90341206,62.54246038,60.62773928
3609,39084.28868,55940.10283,-16855.81415,63402.93184,65538.94948,-2136.017641,183544.1884,52081.61912,131462.5693,0.1074819948,3.520678885,0.8259730608,54.37224673,13.12684226,54.44233769,13.20832622
3610,854824.425,62685.50837,792138.9167,737693.9838,51942.50064,685751.4831,305255.8821,49860.97966,255394.9025,1.396448088,4.59848709,0.8008222723,19.30057008,21.53679049,20.55138494,20.91588031
3611,880538.1363,45497.19978,835040.9365,619899.4784,48955.62695,570943.8515,257216.9749,50178.73215,207038.2427,0.3702216077,1.667204945,0.7547507846,13.351062,48.03951658,13.57132695,48.33708571
3612,44019.46132,51659.19873,-7639.737407,61023.52431,65898.80898,-4875.284669,135995.1744,47273.55454,88721.61985,2.257199303,3.025927305,0.7200005759,78.85910373,38.80082703,80.50241933,40.34823213
3613,865458.4142,54240.92802,811217.4862,751937.9314,59556.37989,692381.5515,265468.1975,48002.32957,217465.8679,0.4925710099,1.522079355,0.719074938,11.53842666,59.8531338,12.00188973,59.68631599
3614,581918.7779,62814.02755,519104.7503,776561.0891,67405.39098,709155.6981,291695.5034,48327.02479,243368.4787,1.444073971,2.16302971,0.7597664103,98.59210418,63.32402906,99.70817178,64.24040385
3615,47925.68383,51033.49253,-3107.808701,55061.73299,47928.65083,7133.082168,208035.512,54232.12138,153803.3906,0.8843823946,5.82733275,0.7746178911,89.62490771,75.55093225,89.78447493,76.42080035
3616,47668.20696,61500.64128,-13832.43432,44449.93044,46389.15898,-1939.228542,109909.9522,35180.63063,74729.32159,1.716821177,2.614763453,0.7599612353,52.16275533,90.02757242,53.68099113,90.82909286
3617,793440.8752,56705.78171,736735.0935,571516.463,58813.26515,512703.1978,263029.4976,48405.97536,214623.5223,1.23866801,2.4512613,0.7313273475,81.67867092,1.162704699,82.25962525,2.256683906
3618,665650.6543,52861.64065,612789.0137,684950.7146,65714.99591,619235.7187,273984.1339,56196.1116,217788.0223,0.4520422648,4.544496228,0.8244338885,85.56701307,48.40294501,85.50500957,48.85071478
3619,976847.6422,61105.28127,915742.3609,896100.7708,52779.226,843321.5448,323858.2257,54133.33432,269724.8913,1.303057006,1.299785397,0.8514046301,73.26164293,70.21598981,74.26457779,71.0479028
3620,32736.07834,53429.70109,-20693.62275,44307.01057,50137.41598,-5830.40541,81887.96709,54237.57648,27650.39061,0.6047499648,1.683585657,0.8662929044,84.72295453,36.4503191,85.32285512,36.52675078
3621,77000.87603,66002.26716,10998.60887,42733.5701,50668.90867,-7935.338564,112046.8631,67501.2341,44545.62904,0.4565955977,1.634113509,0.6437607607,67.3201901,33.0409515,67.16119235,33.46896932
3622,243857.0054,58044.44679,185812.5586,122224.7521,59064.78921,63159.96293,260911.7625,49627.64949,211284.113,0.6287844856,7.219780447,0.8039980941,55.29635991,93.87525458,55.52559583,94.46076361
3623,43755.58578,47376.14208,-3620.556298,35332.83544,53291.09712,-17958.26169,221428.7468,49445.15678,171983.59,1.449542158,3.388967205,0.7902620601,3.893469946,51.3261758,3.766733691,52.77016693
3624,62484.38483,76254.40302,-13770.01819,70696.35051,57574.17378,13122.17674,152010.3173,56796.051,95214.2663,0.9896299138,2.522459106,0.8994091597,83.54355444,32.08308651,83.79724195,33.03964807
3625,826907.577,55587.85057,771319.7264,754858.6823,45953.17239,708905.5099,196403.6436,53722.50311,142681.1405,0.5883813829,2.657752284,0.8257908578,54.0237904,22.64466881,54.3169492,23.15481641
3626,193278.6486,52383.07792,140895.5707,126523.9908,52498.54809,74025.44266,238553.8647,46829.95315,191723.9116,0.9306029208,3.511134011,0.7188188795,62.88281082,41.20733086,62.48004958,40.36839989
3627,58337.02229,49423.38982,8913.632469,70775.30429,56264.34643,14510.95787,126254.2682,49537.39126,76716.87691,0.6982853379,3.365939102,0.8222207325,89.51056573,5.013997498,89.44156284,4.319129875
3628,519263.9208,42510.89383,476753.027,599256.7234,57327.8621,541928.8613,274365.084,42915.49062,231449.5934,1.237363288,2.134365308,0.9920791771,26.73867897,81.42868314,27.60244747,82.31466954
3629,56208.04016,60616.02913,-4407.988973,46036.70219,54027.0925,-7990.39031,149408.9187,43506.46969,105902.449,0.1971681566,1.446154457,0.9240517207,61.4666609,58.55263146,61.51144261,58.74464677
3630,62649.61832,63468.25186,-818.6335427,41209.24129,52098.98302,-10889.74173,130576.1865,56677.52081,73898.66565,1.692346872,3.873211062,0.8758463503,12.71356719,54.06247931,13.83337659,55.33136261
3631,49524.05379,59119.0246,-9594.970812,46458.89501,40455.62083,6003.274183,97112.02232,58449.45696,38662.56536,0.9825689459,3.517179571,0.7758521448,2.463727524,77.26224045,3.295118653,77.7859107
3632,655415.7575,64916.78712,590498.9704,485590.4676,42428.1921,443162.2755,241436.696,38453.17902,202983.517,1.930031223,1.851735725,0.8434417015,36.86470858,97.55710349,36.30535977,99.40430392
3633,191147.948,54585.39083,136562.5572,78988.92799,47218.20924,31770.71874,222235.8648,45048.57937,177187.2855,2.332140108,3.199558581,1,64.45309382,17.77861238,64.53991037,20.109136
3634,202193.9077,68845.71439,133348.1933,134731.3409,65150.95281,69580.38813,180847.1057,41314.86924,139532.2365,1.344301302,2.758955881,0.7703016463,50.54257688,42.34114472,51.29741183,43.45351614
3635,85238.44001,66709.31061,18529.1294,70325.75785,62290.82968,8034.928173,99078.16595,39556.40133,59521.76462,0.05200409515,4.679420705,0.8594309307,38.00060413,35.45435874,38.04429361,35.48256611
3636,61384.64298,61367.19343,17.44955115,65575.13678,59637.35551,5937.781273,119305.2079,53879.5019,65425.70598,1.818066105,3.040249987,0.7542725458,23.04318069,74.25542013,23.87813231,75.87041863
3637,194867.6735,38966.36139,155901.3121,209162.1175,48348.55423,160813.5633,306256.7262,49024.99932,257231.7269,0.856090859,2.36500179,0.6722042235,50.95894507,1.429854018,51.47679628,2.111558999
3638,1118363.684,50473.71455,1067889.969,733308.6225,48591.02458,684717.598,262468.6236,57556.9262,204911.6974,2.003953664,4.690470805,0.40076403,32.08230011,84.66436754,33.43380485,86.14398412
3639,839311.9642,54357.31814,784954.646,706882.2294,42924.60653,663957.6229,240096.7978,47145.90901,192950.8888,1.037253372,1.646662743,1,78.76526608,47.04200484,79.76320255,47.32487824
3640,770640.4385,56874.48677,713765.9517,733868.799,57512.74597,676356.053,303470.4531,47187.55095,256282.9021,0.9160857338,2.841101153,0.6345569005,62.59553108,68.39178937,63.47223752,68.65749388
3641,67967.51419,64203.96647,3763.547726,62677.01788,51210.12138,11466.8965,162476.9613,55649.33807,106827.6233,1.612797394,0.8689704491,0.8588404583,30.88434191,30.9860803,32.46882598,31.28695515
3642,84652.23587,62670.20017,21982.0357,60280.82546,50634.60024,9646.225216,159541.9697,38586.11012,120955.8596,0.3027579916,5.729816616,1,5.163373957,34.00034186,5.300215753,33.73027386
3643,178224.2486,54981.59042,123242.6582,117691.5759,51712.79233,65978.78361,180761.9085,60155.7222,120606.1863,2.225920578,2.497939081,0.8909738049,72.35215753,88.48178141,74.0941955,89.86743149
3644,661965.7636,57909.71753,604056.0461,771936.2132,52087.33985,719848.8733,261276.9606,49922.18605,211354.7745,1.51667652,2.35283909,0.7176814855,45.00808338,54.71365737,46.36600517,55.38919869
3645,157181.249,53924.80537,103256.4436,156850.35,53078.8517,103771.4983,255375.2331,43658.69484,211716.5383,2.299222019,3.391326143,0.9379604838,3.383939648,50.74988954,2.770849712,52.96586396
3646,1022885.29,50277.03149,972608.258,861340.8604,44806.36382,816534.4966,237620.3552,53640.84071,183979.5145,1.133456825,2.403019641,0.9150297034,30.51031795,35.39650872,31.3764996,36.12757214
3647,241339.5524,57856.63313,183482.9192,222107.4368,53872.42086,168235.016,181754.3234,52258.71138,129495.612,0.9114820542,6.740496949,0.8758562364,78.56040522,10.93230112,79.47172483,10.91509342
3648,67470.77885,54854.70466,12616.07419,67988.03839,57595.61185,10392.42654,114103.2526,52581.0801,61522.1725,0.5984600714,4.745746933,0.6397796084,24.10081068,14.32925903,24.66973981,14.51493105
3649,45376.01867,50594.40841,-5218.389742,49972.48952,54287.95537,-4315.465856,174891.4461,64227.8751,110663.571,0.3716034004,1.909577074,0.7745170087,79.45933569,34.81717804,79.68700609,34.52348555
3650,53054.31952,50613.03312,2441.286391,52012.17367,49534.83141,2477.342265,135405.7343,40086.32615,95319.40811,1.267681214,1.311532115,0.6989730035,65.522245,66.84713189,66.74131929,67.19480063
3651,42892.51497,48049.67976,-5157.164794,49770.88183,50246.54772,-475.6658953,169911.2276,44166.73781,125744.4898,0.5494687649,3.55375221,0.7437301918,40.5284905,29.04964777,41.03010455,29.27392276
3652,204722.4755,56828.87308,147893.6024,199633.3742,65343.798,134289.5762,241930.1571,42750.39268,199179.7644,1.171067112,2.734828782,0.7888955046,78.09880001,94.25148186,79.2525288,94.05071321
3653,954838.5219,48922.07881,905916.4431,766420.4638,46233.14618,720187.3177,342492.9382,48659.29332,293833.6449,0.6076521911,1.591130794,0.8548199837,82.54376275,80.7793492,83.13790414,80.90677444
3654,696343.6588,65298.12275,631045.5361,605503.9984,64954.63128,540549.3671,231733.658,44901.20628,186832.4518,2.041246348,3.75277071,0.8245188054,15.60528621,10.73815416,17.14646809,12.07660292
3655,61157.08688,59587.62614,1569.460734,39643.55578,49057.67927,-9414.123486,140150.0292,41219.41228,98930.61693,1.082927069,5.08650685,0.7833588802,38.83681138,74.71257348,39.89266386,74.95321132
3656,50093.52228,57323.04145,-7229.519169,42777.4265,47795.05957,-5017.633072,137453.07,51230.88852,86222.18145,0.7632511281,2.002897553,0.9160472397,0.9519158209,90.89544259,1.640651989,91.22437234
3657,71152.96549,66082.5681,5070.397397,53181.78507,54799.79117,-1618.006101,137234.6483,50883.80197,86350.84632,1.396260677,2.926410771,0.6348420422,97.80008414,67.56731808,99.00576007,68.27151224
3658,67567.15556,60468.53372,7098.62184,72384.75952,54313.21706,18071.54246,143997.6024,54773.14143,89224.46098,3.494401318,3.661957075,0.7066762884,7.574231279,47.11689208,9.352941114,50.12472052
3659,945287.9284,55776.07266,889511.8557,494898.3579,42290.49956,452607.8584,317423.5826,50852.91108,266570.6715,0.8641707661,2.646668974,0.7425886778,78.20342932,15.04484151,79.00610858,14.72468978
3660,78198.81073,68266.39424,9932.416486,38769.28722,51090.27144,-12320.98423,164473.5071,49026.75465,115446.7525,1.582136698,3.714697545,0.8525098527,87.39699561,11.75640644,88.61051454,12.77155586
3661,826363.9194,56674.81724,769689.1021,587184.2719,44344.06781,542840.2041,311595.1478,54733.7029,256861.4449,1.506734525,2.130823872,0.7373503826,83.53437903,56.16618409,84.15680587,57.53834799
3662,52583.78002,52690.45606,-106.6760409,51004.37948,59492.18151,-8487.802026,128241.4561,53217.76903,75023.68711,0.5251207145,5.246131548,0.7505046642,14.12825477,28.90950174,14.62712567,29.07345168
3663,857998.9688,55242.03084,802756.938,728650.8138,44657.25369,683993.5601,277182.5474,68005.06232,209177.485,1.771693043,3.765613801,0.7006724084,57.01807248,33.08695735,58.46906315,34.10358034
3664,72921.62312,61834.7359,11086.88722,36677.98243,41254.55949,-4576.577057,209927.3827,56956.84438,152970.5384,2.218445506,2.11604575,0.803925005,24.3999933,54.41557792,26.56510846,54.89908264
3665,55143.2552,53642.35774,1500.897453,31851.92003,37006.84209,-5154.922063,103165.6489,57648.58651,45517.06236,1.288247035,1.37678365,0.6470466593,24.46800002,73.71666269,24.39914909,75.00306852
3666,230393.8242,44086.72635,186307.0978,163255.5576,52482.03857,110773.519,139194.6072,48372.51335,90822.09386,1.301528247,1.272244584,0.7393516528,52.72969042,18.67774154,53.49463973,19.73075072
3667,711770.3925,51791.19992,659979.1925,537513.0887,53722.02506,483791.0637,279666.0113,38248.43056,241417.5807,1.388073551,1.65663047,0.8248388588,61.91412802,95.83972257,63.28524176,95.62340038
3668,850113.0547,49074.43993,801038.6148,764408.3439,54158.05121,710250.2927,354889.2089,39251.99177,315637.2172,1.003931349,5.432320621,0.8867930493,33.32048521,94.80675373,32.3586476,94.51909669
3669,780500.5493,58134.34593,722366.2034,829752.5905,65481.92752,764270.6629,261926.67,43727.79928,218198.8708,0.6908040003,2.488241399,0.536722191,42.147253,46.28110717,42.80420504,46.49470533
3670,799462.2396,42807.72257,756654.517,688102.7082,56321.56272,631781.1455,267135.4296,50129.18483,217006.2448,0.4698066594,4.281570629,0.7835296302,12.4033068,42.89865089,12.76700137,43.19604719
3671,757490.7374,47177.46336,710313.274,869397.922,49810.52929,819587.3927,218106.0809,38187.39962,179918.6812,0.5366483833,2.213198288,0.5654351527,3.474393013,13.54295647,3.561230883,14.07253241
3672,988005.8537,64654.69479,923351.1589,709842.4909,55435.78438,654406.7065,305364.1689,50469.18908,254894.9798,4.453936696,1.802262108,0.8032841623,15.23652808,63.288534,17.43024923,67.1647615
3673,49378.60912,53731.97186,-4353.362735,57513.57642,60008.23168,-2494.655255,175164.8355,51461.11817,123703.7173,0.4800889813,3.145466254,0.8769226816,17.16160626,64.10665513,17.63926558,64.05841616
3674,217434.3362,67197.20079,150237.1354,216178.1905,47510.59489,168667.5956,241804.7519,53563.47824,188241.2736,1.917010505,3.685766173,1,92.41250362,27.50073408,93.03520412,29.31379044
3675,812689.4208,56533.31069,756156.1101,959356.4354,54934.65147,904421.7839,267941.1443,50930.22511,217010.9192,1.11321346,1.68129664,0.7531118534,11.86899531,91.86824752,12.75638116,92.54040119
3676,73006.40027,59184.68085,13821.71942,41356.8799,58864.68126,-17507.80136,124487.974,56158.12302,68329.85099,0.9294698204,4.589219675,0.6757406962,95.67169631,76.17536565,95.63755987,77.10420839
3677,39736.185,49809.71282,-10073.52782,59054.32783,55255.72282,3798.60501,184504.9847,50496.06793,134008.9168,1.036222878,2.731160892,0.7192062963,50.03026918,74.06318042,50.88001271,74.65621818
3678,604660.8537,61987.62193,542673.2318,793994.7148,51177.794,742816.9208,295074.0811,52254.36243,242819.7187,0.2656137835,1.822076772,0.7503071821,69.67150118,99.73945948,69.9155618,99.84426927
3679,224904.2227,57124.14422,167780.0785,181642.443,48258.45288,133383.9901,214735.3157,61902.21163,152833.1041,0.7073049035,5.059175235,0.8841105288,46.08088056,23.9629479,46.16321937,24.66544384
3680,723659.6713,35515.10886,688144.5624,698484.3948,56145.2195,642339.1753,230592.7994,57757.51055,172835.2888,1.056502572,3.732632972,0.7984303817,98.52160735,24.22932345,97.46600058,24.27282104
3681,667209.4957,51721.82848,615487.6672,754170.5293,42581.34587,711589.1835,276991.7622,32795.34437,244196.4178,1.143994463,2.13330505,0.5886230031,59.82743872,70.83497065,60.72458345,71.54479786
3682,834086.374,52403.77214,781682.6019,890015.4457,51291.84818,838723.5975,299195.9583,51505.6694,247690.2889,1.37922016,2.24378106,0.8714969803,98.73612135,2.218787881,99.51170722,3.359276722
3683,73210.03124,64028.67221,9181.35903,51247.37965,59963.45418,-8716.074529,131010.0273,38848.34734,92161.67994,1.138172873,1.493146294,0.8666883853,16.6424583,4.139676943,16.22857872,5.199932188
3684,115670.4104,61901.78959,53768.62082,197315.9053,42511.28824,154804.617,225661.7417,45981.15224,179680.5895,0.7150727383,1.992303936,0.716194319,14.95126092,96.86421266,15.6452195,97.03669601
3685,1016784.249,47597.13673,969187.1119,809170.1422,48477.69904,760692.4432,271144.8339,45540.36563,225604.4683,0.4324589103,1.30794562,0.8250196128,75.68630435,4.428755466,75.99105185,4.735593643
3686,240918.442,56526.72873,184391.7133,186060.3764,45302.16917,140758.2073,170417.3168,43709.42668,126707.8901,1.210667029,1.943875913,0.6472721476,18.3731607,76.47603511,19.56321345,76.69849661
3687,227058.7135,62141.43055,164917.283,103752.6825,46084.50169,57668.18083,170144.2778,37572.06132,132572.2165,2.098227906,2.080495303,0.8997340937,31.19672107,7.966668059,33.05681054,6.995777997
3688,836977.4512,52495.40721,784482.044,703908.5885,56812.02228,647096.5662,306483.1044,37441.7962,269041.3082,1.518211135,2.820772768,0.8100234007,66.11312633,77.44865078,67.62703326,77.56289109
3689,55166.99199,50557.34075,4609.651235,42806.63859,46741.57388,-3934.935286,96571.48581,43021.41227,53550.07353,0.6413519643,4.943387939,0.8277794139,94.85692987,76.14050024,95.27883984,76.6235368
3690,113485.6973,49753.41068,63732.2866,191138.7188,49172.25108,141966.4677,168042.6138,47441.95562,120600.6582,0.8063816962,2.417495049,0.7118453621,88.51877628,22.78375206,89.26288107,23.09449229
3691,146242.7795,49849.11268,96393.66682,213159.5695,50464.22523,162695.3443,178744.1,49195.32056,129548.7795,0.3245628371,2.07059348,0.7430108918,67.47298911,72.00062278,67.79675217,72.02339377
3692,29449.47595,50628.78517,-21179.30922,34829.47907,45164.28139,-10334.80232,173174.2888,55139.73641,118034.5524,0.5974239156,1.803242408,0.6810477494,23.8178913,19.87561819,24.41497443,19.85544229
3693,1039493.596,59896.83805,979596.7578,691142.0784,59599.93827,631542.1401,249687.5882,63888.94556,185798.6426,0.4965627304,2.170710356,0.7820928129,35.03171772,19.23794979,35.49101905,19.42667402
3694,53282.26146,70822.82059,-17540.55913,45239.95488,56180.7155,-10940.76062,138186.6533,55145.43347,83041.21981,0.4684280947,2.027192297,0.9320571371,9.972035426,16.12003569,10.1657425,16.54653592
3695,180172.3215,47292.05042,132880.2711,159798.1913,55107.63924,104690.552,176123.4773,49010.91429,127112.563,0.3991168887,3.077354426,0.7965256606,32.12346346,34.33629146,32.14671887,33.93785266
3696,55565.5994,54782.48466,783.1147384,50254.15731,60890.02313,-10635.86582,129769.5617,60179.54623,69590.01549,0.7278759448,3.789722203,0.8377334345,48.78381066,96.38112437,48.78600612,95.65325173
3697,286893.5966,57976.16691,228917.4297,189973.8342,52300.9606,137672.8736,194593.2918,57538.65265,137054.6391,0.7106996495,2.572764536,0.7064452841,63.90598283,4.546955904,64.49237196,4.14540667
3698,576913.2692,62361.97079,514551.2984,554703.3618,44062.87409,510640.4877,275356.8584,47107.16568,228249.6927,0.278584301,2.346780696,0.9261285863,94.40553205,96.31075034,94.6836616,96.32666149
3699,43290.52462,51687.11086,-8396.586243,35234.60378,48487.23736,-13252.63358,128093.7964,40471.55252,87622.24384,0.5888071836,7.21671781,0.8572263681,38.05033842,65.35708625,38.52848174,65.70070357
3700,750626.1621,56323.07174,694303.0904,813508.9063,50215.77611,763293.1302,302736.1919,45158.09253,257578.0994,1.795314228,2.579504338,0.8858868703,95.71223125,7.092980013,97.22340688,8.062258817
3701,538863.7372,42154.82571,496708.9115,673700.1585,41773.2986,631926.8599,254822.0654,50887.38196,203934.6834,1.603592344,1.572064037,0.7970879565,51.21124055,18.57721066,52.75081987,19.02576827
3702,902579.5572,52915.07356,849664.4836,768291.3627,53934.74567,714356.617,305627.8816,39244.06808,266383.8135,1.363953358,3.173150174,0.8132813696,83.28400099,60.84385435,82.65786174,62.05559624
3703,54919.70886,60657.09617,-5737.387304,77811.71338,66074.15205,11737.56133,160210.0264,56561.15795,103648.8684,1.622406871,1.358294417,0.8128058896,23.58645985,84.42051788,24.76065181,83.30092987
3704,209579.0736,52970.36755,156608.7061,142791.3698,57399.27789,85392.09191,211228.9731,47368.40542,163860.5677,1.4513967,5.018100315,0.8173311974,24.41367611,22.10916136,24.0443627,20.70553748
3705,72248.26832,61719.30488,10528.96344,54083.79834,59714.58871,-5630.790369,145768.3168,42017.08774,103751.2291,0.702722063,3.414717075,0.6555236395,86.50074449,28.18343999,87.04144373,28.63228589
3706,952301.1891,59174.5112,893126.6779,779523.8339,60925.65152,718598.1823,292998.2212,50114.25977,242883.9614,1.175089474,3.510420769,0.7922277549,69.08764789,17.18327,68.88918328,18.34147856
3707,43291.46684,55300.05802,-12008.59118,52660.78021,50756.8372,1903.943015,127027.8003,44906.7308,82121.06945,1.20406096,1.603755232,0.9556624917,93.5396745,9.386217372,94.74204574,9.322450532
3708,262528.4174,50964.85998,211563.5574,169071.1833,54323.49785,114747.6854,142140.9057,41981.03271,100159.873,1.229423587,2.447664172,0.7266541882,40.19467919,26.33565016,40.18149671,27.56500307
3709,53190.72876,52591.3384,599.3903553,70947.13843,57965.57886,12981.55958,182043.4595,50480.33792,131563.1216,3.352895372,3.112787089,0.9240363387,52.86022008,37.64462872,54.14274451,40.74253745
3710,792653.0438,48768.77713,743884.2667,753024.2419,45959.20964,707065.0323,244272.1917,42361.21072,201910.981,0.2760507208,2.551162992,0.9206541058,79.21537771,46.43713773,79.44298038,46.59334601
3711,973020.2931,49154.26034,923866.0328,834400.7762,53560.37134,780840.4049,249517.3558,45067.87409,204449.4818,0.4029454783,4.941058212,0.8898098073,41.74265561,58.81818307,41.87082144,59.20020216
3712,64517.8889,69408.0064,-4890.117502,59932.14626,56144.09255,3788.053711,98470.90103,45280.96388,53189.93715,0.873650714,3.445620186,0.9861803498,98.91148602,85.17847669,99.75634383,85.40091961
3713,120216.2748,61269.21547,58947.05932,162394.1543,57558.44552,104835.7087,234100.1642,63762.54466,170337.6195,0.9268244699,2.321377367,0.9148187818,11.65827338,68.08051305,12.10056889,68.89499342
3714,813120.3138,63347.75479,749772.559,679014.46,55479.99732,623534.4627,361265.3104,57443.44367,303821.8667,0.2454505379,1.791361127,0.7887425497,11.90071641,80.77515789,12.05244655,80.58222285
3715,57884.79553,66026.93945,-8142.143914,37955.51288,41077.72195,-3122.209063,201293.8772,53078.17402,148215.7032,0.4647905943,4.584519356,0.7371119613,81.1099891,61.2007143,81.42675785,61.54084348
3716,73739.94267,67769.53913,5970.40354,40806.84342,46230.48433,-5423.640915,43533.11369,49936.3014,-6403.18771,0.6835007088,1.999820548,0.9228223417,56.67140553,26.68667785,57.0492154,27.25626798
3717,182988.5295,57437.90619,125550.6233,152225.0822,45164.31306,107060.7691,210476.1085,42031.34358,168444.7649,1.116696498,2.337170515,0.7865055846,17.5078835,4.680682296,18.33099133,5.43533756
3718,149556.5912,48124.05607,101432.5352,190016.4175,55430.50926,134585.9082,214071.4983,49168.6492,164902.8491,2.33402499,0.8297593802,0.5514100565,87.97212009,16.38010389,90.27525601,16.00163648
3719,61138.22514,43557.42255,17580.8026,35761.5769,45706.82335,-9945.246444,200507.1661,57584.25192,142922.9141,0.4261454584,0.8411252429,0.6149475232,91.88304679,43.64566041,92.22063677,43.90572378
3720,51571.08218,63858.67991,-12287.59773,50039.33584,57953.16662,-7913.830779,96883.69692,54810.40503,42073.29189,1.168827477,3.383372904,0.8697651878,27.89018325,87.15866809,28.05225281,88.31620475
3721,296027.2939,58268.06795,237759.226,151619.4282,51715.69884,99903.72935,84905.68164,43290.14484,41615.53681,1.319349164,1.01560966,0.7748888951,61.63136104,95.5840857,62.81513229,96.16663856
3722,54226.28566,53787.53726,438.7484002,50219.15137,56549.54821,-6330.396845,113641.0193,33666.63675,79974.3825,1.331412175,6.13447286,0.5757281891,29.72915679,39.22934771,30.86969136,39.91625329
3723,750393.0007,49369.02072,701023.98,646142.5593,54176.41478,591966.1445,245663.4783,57298.90566,188364.5727,0.9161464177,3.115572256,0.8701873375,19.84926196,97.64721204,20.67002152,98.05424766
3724,892299.7826,47982.82308,844316.9595,831781.863,43131.95331,788649.9097,302584.1748,60438.05574,242146.1191,0.4193760074,1.87742447,0.8202197682,92.73496885,26.78407121,93.14893243,26.71691175
3725,906762.077,46877.81005,859884.267,650778.7235,47090.52758,603688.1959,216109.2631,48485.01868,167624.2445,0.7534284729,3.801607556,0.7996965697,94.91330007,19.13732869,95.65297692,18.99403659
3726,65150.31523,62671.18891,2479.126316,58284.27593,61914.48427,-3630.208336,154176.3015,44890.13624,109286.1653,0.4836189884,3.112724648,0.8674938968,43.53708253,47.96077658,43.96520116,48.18572494
3727,236665.7803,60823.2302,175842.5501,142928.6575,46823.95051,96104.70697,186182.4392,55610.6619,130571.7773,0.5229338592,6.842501449,0.7886148455,39.61218744,93.83327817,39.87663922,94.2844157
3728,985468.8708,63823.7653,921645.1055,776516.5067,48296.02601,728220.4807,205702.3931,48226.85561,157475.5375,0.7393206961,5.088159039,1,78.3999901,39.28684296,77.68798704,39.48595782
3729,45532.95212,48107.89687,-2574.944755,57823.58555,58222.46693,-398.8813811,67916.22132,41216.95366,26699.26766,1.182612692,3.526152756,0.7969931106,97.71784032,98.68832986,98.89563098,98.79501605
3730,62362.78115,62035.66688,327.1142689,52916.41414,47484.12575,5432.288395,135298.8861,56881.95437,78416.93177,0.5553356819,1.26021008,0.9260146372,21.8448102,72.84470624,21.97022235,73.38569562
3731,44068.30488,47520.49766,-3452.192785,56043.66092,61901.22,-5857.55908,171647.7516,41699.02332,129948.7283,0.490510763,3.87631819,0.7310504147,21.94753035,52.51184279,22.43356446,52.5779613
3732,917499.0363,46933.61098,870565.4253,714779.4014,65445.32995,649334.0714,296058.292,56086.02732,239972.2647,0.7776430089,2.330721059,0.7568348337,23.49468015,68.32757826,22.7895666,68.65551655
3733,51212.6247,46751.57655,4461.048149,52119.7139,46197.26963,5922.44427,122246.7853,63176.83013,59069.95514,0.4669428365,3.872504449,0.6536184164,71.38881014,17.0873647,71.61787239,17.49426284
3734,898420.5488,48134.51024,850286.0386,825170.9447,39997.93923,785173.0055,364829.8511,47737.01297,317092.8381,0.9234554059,2.239716965,0.8395966721,79.41994419,27.58321992,80.18538678,28.09981215
3735,41395.89402,48052.63717,-6656.743153,43221.83867,46214.85994,-2993.021273,34099.72872,42878.20352,-8778.474795,0.5031835815,3.271845587,0.7518519923,27.04510383,59.34215377,27.54438703,59.40468376
3736,221219.6385,55686.82961,165532.8089,214287.3254,53335.64785,160951.6775,226886.0676,52976.80884,173909.2588,1.398339951,2.33180999,0.8135145028,71.38735377,23.74957852,72.56044316,24.51064087
3737,913974.6947,42891.73931,871082.9554,808884.3679,51261.36135,757623.0065,196863.4912,28330.6922,168532.799,2.214667575,2.524614105,0.8612968799,30.68498775,87.10167996,31.78797485,89.02214134
3738,100079.7239,58104.3734,41975.35048,187318.9949,50406.96967,136912.0252,170886.6034,46749.67048,124136.933,0.3697675835,5.544061079,0.7795758269,32.35908366,82.80630993,32.56983407,83.11013937
3739,67729.52124,55581.60967,12147.91157,57706.30761,46651.00797,11055.29964,89567.11255,49393.25802,40173.85454,0.7758799203,4.798464989,0.5923795433,1.050243042,12.25298769,0.2763346302,12.19771183
3740,92225.23699,66025.45818,26199.77881,56679.20285,51846.63808,4832.564766,136632.1609,39440.52264,97191.63824,0.9369208186,2.061430576,0.8787164335,1.749661152,36.4348669,2.172391137,37.27100085
3741,59257.21198,66638.9046,-7381.692619,59655.39936,60589.15025,-933.7508939,132172.5081,49983.68124,82188.82691,1.628632885,1.46720448,0.9229718649,46.45792248,35.60739456,47.525608,36.83722898
3742,798042.6994,65815.50461,732227.1948,786183.0513,62053.85787,724129.1934,368070.9246,53611.34124,314459.5834,0.885022373,6.214407106,0.7202032708,64.77319588,19.97996315,65.65809191,19.99491714
3743,243830.807,50962.45602,192868.351,155301.9623,53082.69851,102219.2637,233703.5852,59319.28711,174384.2981,1.21441238,3.494546031,0.6654769193,18.4685211,22.27127071,19.62915337,22.62866428
3744,62880.24634,58055.44429,4824.802052,47168.66286,51319.18131,-4150.518455,99925.95241,54885.84701,45040.10541,1.866165771,4.404221345,0.9802219403,56.51381249,36.22675748,58.3781459,36.14407963
3745,199136.5423,62113.73165,137022.8106,216591.4727,54374.17632,162217.2964,239877.92,62097.81074,177780.1092,0.2531918277,7.462147778,0.8193042174,97.83490082,53.74423356,98.08392981,53.7899573
3746,1048933.946,59335.54078,989598.4051,662658.0581,58161.44288,604496.6153,234794.9907,52570.00649,182224.9842,0.7693560842,2.157050441,0.7734370951,92.87241928,70.20115982,93.5902371,70.4780106
3747,890958.9343,37986.73389,852972.2004,662781.6083,53292.40765,609489.2007,300999.8821,53054.56667,247945.3154,2.281816211,1.284538524,0.9322142127,45.7338617,30.24345998,48.01549553,30.27230996
3748,1001219.37,55341.89031,945877.4796,812408.9204,56017.09653,756391.8239,250931.5773,49926.3088,201005.2685,1.286805017,4.677048479,0.9843898931,27.43560088,87.97091089,26.25040369,88.47208428
3749,226088.269,47549.94291,178538.3261,175270.7208,58431.77068,116838.9501,195406.4617,38265.84065,157140.6211,0.9304185749,2.317058039,0.970322645,9.604846331,60.21301395,10.30864642,60.82157304
3750,36143.97186,57840.27387,-21696.302,48779.2068,48821.77137,-42.56457122,100368.3146,56684.69924,43683.61534,1.431671078,2.397980542,0.5980653542,48.40608723,66.23182071,49.19190712,67.42855342
3751,738313.8347,44806.41685,693507.4179,591912.8063,60722.30179,531190.5045,313653.7511,49148.30163,264505.4495,0.4982848602,1.008143689,0.8058637468,22.23590221,7.014939258,22.69989789,7.196586733
3752,56888.61177,51581.31094,5307.30083,42620.48368,42264.02447,356.4592097,84307.95799,47925.8792,36382.07879,0.9275673265,3.299622162,0.7746924946,5.048452611,38.19197948,5.799299503,37.64736027
3753,799933.4406,48794.63505,751138.8056,872476.6541,49387.5636,823089.0905,320930.1872,42550.03023,278380.157,0.2308154521,1.491666376,0.6862638462,91.57800925,3.038023282,91.68358197,3.243279643
3754,224067.9988,59470.5459,164597.4529,158541.4167,49802.55346,108738.8632,203918.9654,53895.67749,150023.2879,0.4502555331,3.387255571,0.7139165073,71.59646061,74.54086628,72.00055151,74.73946284
3755,59388.35616,52503.11815,6885.238015,56417.15611,43264.76052,13152.39559,124382.2205,61096.43243,63285.7881,1.717327507,2.467995768,0.8649781038,35.21104221,14.69255348,34.57043061,16.28592429
3756,49151.29514,58937.5763,-9786.281164,49344.33824,61096.89829,-11752.56005,130868.9646,52676.5564,78192.40816,0.8524764752,5.745773526,0.6766998088,88.03511804,25.11354906,88.64267213,25.71154084
3757,200752.3835,72091.18512,128661.1984,263909.7166,50079.71379,213830.0028,156738.0431,39407.25799,117330.7852,1.368370278,2.51962112,0.7364935892,1.194268846,21.3353438,2.55302396,21.49727513
3758,33319.82203,42443.42938,-9123.607347,41747.2152,48982.55996,-7235.344761,51998.06066,57677.08408,-5679.023424,3.523440619,2.57476879,0.7708718335,56.11573115,39.42358943,57.5387519,42.64688676
3759,257405.0652,58520.13143,198884.9338,196261.2355,58769.21273,137492.0228,142223.7188,43147.57406,99076.14475,0.8101971212,4.47893387,0.8008433999,64.52989452,60.09464637,64.4827267,60.90346932
3760,719506.4328,50787.71442,668718.7184,958875.8746,55052.67517,903823.1994,262028.0479,53247.41721,208780.6307,0.7589104503,1.70798747,0.7235048036,21.16004765,24.22933943,21.88827891,24.01574097
3761,865812.9376,53505.06683,812307.8708,673478.1841,48336.43578,625141.7484,230918.4891,61592.26855,169326.2205,0.3792640291,4.82487657,0.6702112782,57.35691212,74.13835739,57.67959608,74.33764679
3762,1040669.142,57020.76358,983648.3785,728246.579,55177.3069,673069.2721,235879.2694,64774.056,171105.2134,0.2434388932,1.69709719,0.9192833512,86.28884791,69.12671021,86.44064372,69.31702712
3763,1087154.815,40106.65219,1047048.163,703483.8373,52732.17573,650751.6615,346906.5288,52425.56875,294480.9601,1.179181882,4.761367872,0.6463915477,67.2488125,21.69966481,67.75268421,22.76577137
3764,881994.2048,53660.76316,828333.4416,652402.6375,54058.86039,598343.7771,321185.3438,51239.2311,269946.1127,1.937247476,3.958879117,0.8071771895,32.34528568,95.12542969,32.6639083,97.03629531
3765,1056763.445,47027.89425,1009735.551,738707.9918,51959.74867,686748.2431,377234.3831,51151.02353,326083.3595,5.203781267,1.957874899,0.8905106383,54.87403683,88.22592729,60.07617782,88.09528044
3766,750009.8672,48069.08252,701940.7846,911869.4693,52664.25769,859205.2116,289118.1152,43214.72768,245903.3875,0.1603359136,2.722555968,0.8618399315,85.31195221,63.50817408,85.45876121,63.57263122
3767,42342.90055,43320.3797,-977.4791411,46265.88326,42854.76201,3411.121249,133097.2468,33422.08916,99675.15762,1.130739285,1.383956976,0.7154113685,78.82784082,56.58484615,79.95828366,56.61073641
3768,29716.02674,44672.28422,-14956.25748,42875.89876,37719.30892,5156.589847,145471.7851,40692.24561,104779.5395,0.4515177782,4.270467352,0.8605327613,5.226434688,49.84408652,5.637647883,50.03055907
3769,41704.01816,59589.38747,-17885.36932,73346.5008,59148.03398,14198.46682,192443.1204,55184.91086,137258.2096,0.7747704218,1.544565243,0.6820458018,89.43263115,19.09186221,89.87473827,19.72810942
3770,53104.53538,44339.85863,8764.676752,45164.63821,43890.5299,1274.108309,66988.35288,61387.57729,5600.775587,0.2941890677,2.712035996,0.756228015,30.85153885,73.05796307,30.60422748,72.89863857
3771,734728.8084,57075.30572,677653.5027,585884.326,38261.66557,547622.6604,202409.4133,42845.37246,159564.0408,3.328471243,2.48135476,0.8429020729,22.52571874,42.39339442,25.51190374,40.92321757
3772,558231.0754,56987.22196,501243.8535,709827.9847,54537.50695,655290.4777,278021.1683,46560.55794,231460.6103,0.6219149764,3.272258887,0.7464708298,23.07388033,80.23391283,23.15919018,80.84994893
3773,26373.70985,36782.33992,-10408.63007,44630.23388,53090.14543,-8459.911545,179196.7047,59906.62804,119290.0767,0.5728491025,4.816514048,0.633930777,50.56162337,89.77954945,51.03106438,89.45124893
3774,201740.6813,62358.78653,139381.8948,210372.7563,59627.20371,150745.5526,194025.3659,45132.14769,148893.2182,1.999559399,1.450719904,0.8149830296,61.32667541,30.99990132,63.26860016,31.4765207
3775,182387.2242,47721.5756,134665.6486,156695.1854,40327.15279,116368.0326,180408.4474,38070.51553,142337.9319,1.154019397,2.524552109,0.9174935315,67.21246975,18.14258601,67.42082321,17.00753112
3776,814158.7896,54519.5362,759639.2535,638332.354,49831.55648,588500.7975,223443.1748,51870.70156,171572.4732,0.4037180167,4.44669927,0.6445726598,94.68256844,89.23129621,95.08390289,89.18749095
3777,781060.7289,44009.58205,737051.1469,751176.8263,47889.52188,703287.3044,288385.3138,56022.85694,232362.4568,0.4937156427,2.554468674,0.789110496,50.75946647,2.644643848,51.25277313,2.624552306
3778,333466.4076,63753.56392,269712.8437,215642.1578,56674.65613,158967.5017,166263.7016,46660.04686,119603.6548,1.199345724,3.380476821,0.6851367337,29.51277121,91.26315076,30.71187355,91.28731143
3779,82933.37817,60661.58241,22271.79577,37324.32586,39665.66987,-2341.344005,75683.04655,58023.44614,17659.60041,1.560220191,5.868742436,0.8899352754,30.40540669,7.254552784,31.71299067,8.105735013
3780,210030.2746,53049.23163,156981.043,222023.6106,53715.03704,168308.5736,234741.093,52205.38158,182535.7114,0.8670731826,4.036356099,0.539097458,27.27288806,91.53037349,28.13774503,91.5923277
3781,873968.4786,45220.97382,828747.5048,731421.5341,58619.75274,672801.7813,253862.4196,46982.23478,206880.1848,0.2631093617,2.382845715,0.599877285,17.68255006,41.05447116,17.65309233,41.31592628
3782,834952.1264,65012.58621,769939.5402,807807.8458,48321.6744,759486.1714,254994.5036,51175.01868,203819.485,0.8494390251,4.119350911,0.6656370639,70.70540501,63.51692538,71.55435404,63.54577321
3783,194741.1073,37832.92667,156908.1806,173303.36,52912.3995,120390.9605,233956.7627,35896.76305,198059.9996,0.41899676,4.559446185,0.8865288401,1.003444587,67.75461202,1.222656727,67.39753454
3784,572795.6322,58163.45116,514632.181,763641.3775,60696.44481,702944.9327,327332.3115,61834.12046,265498.191,0.6816976521,1.564776687,0.6593212304,52.32936594,4.512257731,52.48517743,5.1759101
3785,45034.0612,44779.23424,254.826964,23552.71947,46339.65421,-22786.93474,141995.9117,45446.68357,96549.2281,0.3777942962,1.499726181,0.6363729304,59.39004105,67.66769693,59.1685936,67.97378443
3786,892744.4341,54066.45888,838677.9752,625989.7159,46864.30457,579125.4114,276007.3682,46777.57957,229229.7887,1.465299233,2.836508567,0.7108838918,61.53642864,89.8094809,62.95103792,90.19155738
3787,42330.9948,53058.76544,-10727.77064,56641.24248,51960.60825,4680.63422,123889.8934,44977.75114,78912.14231,2.011897432,3.997849403,0.9644474788,27.78181357,73.42891671,28.18815938,75.39935178
3788,150209.1366,61233.18058,88975.95597,157050.3867,53096.03067,103954.356,250787.2117,43129.13195,207658.0798,0.2854973556,3.259598299,0.6937509714,5.393703772,0.6962802251,5.225250388,0.9267844493
3789,790641.8844,47223.15259,743418.7318,730178.9346,49552.19338,680626.7412,266038.6446,54278.32656,211760.318,0.9827329764,1.860409674,0.6529350126,59.88044261,13.43176697,59.89657975,14.41436745
3790,696558.4862,43434.77869,653123.7075,488649.9346,56465.27869,432184.656,328088.7855,43697.82963,284390.9559,0.8899565688,3.281721396,0.8749091005,38.98289981,47.48732847,39.87247636,47.46132368
3791,58550.15139,48400.1102,10150.04119,32625.29531,52859.22951,-20233.9342,137787.2824,47354.0974,90433.18503,0.3966686061,1.640536922,0.7810114725,18.74231699,16.60033266,18.64035479,16.21699248
3792,66015.35271,66421.83927,-406.4865634,52093.0414,48849.45896,3243.582448,141382.3441,71450.7848,69931.55926,0.7096531266,4.505351182,0.5958214847,77.84033838,5.347139706,78.25925705,4.77432673
3793,208238.1181,56738.34037,151499.7777,141073.9146,29232.96989,111840.9447,283585.7911,61153.89337,222431.8977,0.9420238451,5.618920635,0.526428027,18.88543238,17.44728623,19.82744791,17.44332815
3794,62816.6716,59290.16965,3526.501951,37029.00218,49027.86799,-11998.86581,101237.0122,43363.93068,57873.08149,1.787880904,2.603863338,0.700225228,84.06769388,2.075312326,85.14589703,3.501494672
3795,33136.37303,41432.77817,-8296.405143,66828.88195,58572.16007,8256.721881,88183.03328,45347.35596,42835.67732,2.069546959,2.051669098,0.7930676773,37.71626712,18.25580496,39.71065003,17.70311933
3796,178603.1731,47973.44476,130629.7283,194546.6982,45260.73574,149285.9624,186723.5021,52562.19554,134161.3066,4.502793688,3.068044483,0.7948513112,52.7116778,71.64369654,55.41109637,75.24762362
3797,944989.8059,61923.97937,883065.8266,631730.2284,54913.05582,576817.1725,296851.7353,49714.21846,247137.5169,1.016964127,4.472650398,0.777281406,6.951976721,16.1406692,7.815249101,16.67823485
3798,261958.082,45998.5483,215959.5337,209505.2941,40880.22148,168625.0726,224181.024,64277.55242,159903.4716,0.8156138107,3.19943976,0.9636370396,75.49818045,55.31867227,74.76066804,54.97038884
3799,232449.1768,43798.22587,188650.951,139384.9077,53376.69848,86008.20922,190335.1825,41953.50789,148381.6746,2.159335654,1.61321972,0.7089902928,85.18665495,53.5378422,85.04764992,51.38298534
3800,79887.89223,70056.70172,9831.190505,72426.65608,54670.99947,17755.65661,75933.32916,46092.63263,29840.69653,2.001910508,3.63206616,0.9822550951,57.57142292,88.20052793,57.99684188,90.15671411
3801,132591.4316,44623.19625,87968.2354,143835.3426,48441.93248,95393.41009,198334.8798,58762.17968,139572.7001,2.519171589,3.492623474,0.8588824944,40.09463338,7.641197279,41.94736225,9.348130564
3802,639911.4811,55865.26325,584046.2178,754313.9776,48297.27975,706016.6978,304295.8466,60616.15401,243679.6925,0.3383177275,5.851789452,0.7511415921,35.4519402,5.772833277,35.6405522,6.053696938
3803,594869.1475,47192.95453,547676.193,626348.4519,57035.20705,569313.2449,323795.8029,52462.89579,271332.9071,0.174613161,1.755404464,0.5824791318,17.34272807,88.76073155,17.51731457,88.75768036
3804,699178.7612,46360.89629,652817.8649,621206.1952,47611.11827,573595.077,333538.5658,48978.61886,284559.9469,2.218847769,1.06285278,0.7576884469,51.4655755,2.194168016,52.59308427,4.10519115
3805,154611.9142,52201.77242,102410.1418,189739.4018,62838.47019,126900.9316,217818.4007,55391.56853,162426.8321,1.81363675,7.50453152,0.6774999267,75.78556119,13.0550876,77.21352789,14.17320628
3806,52343.79209,64571.64586,-12227.85377,48982.03641,50879.77536,-1897.738955,132224.9846,53075.69719,79149.28743,0.561553198,5.898187835,0.7944693278,72.37914396,39.50526553,72.90856401,39.31803196
3807,963022.7115,47807.51629,915215.1952,902562.5605,47547.73958,855014.8209,290922.7339,44815.86148,246106.8724,1.419436453,2.359680088,0.702187657,56.19086712,19.15150976,56.95614871,20.34697784
3808,62940.94886,63673.22318,-732.2743252,50654.45921,55663.46719,-5009.00798,181455.215,52318.83843,129136.3766,0.928157748,1.549037216,0.6417307385,60.09656563,27.86470594,60.100463,28.7928555
3809,957411.069,58227.23981,899183.8292,743447.5608,54189.25438,689258.3064,239192.9735,51143.5638,188049.4097,0.7949073286,3.006291977,0.8946440992,45.34430216,86.56677779,45.98880245,87.03207021
3810,52914.87712,55245.43366,-2330.556543,63965.72144,60143.65085,3822.070592,103756.4172,50500.93686,53255.48031,0.7560768097,2.091076572,0.9050952418,36.06669686,9.831981192,36.82272777,9.823650472
3811,852736.0867,44794.14969,807941.937,698920.8683,45235.99923,653684.8691,283380.6768,48445.34573,234935.3311,0.7254855136,7.097595766,0.7583156952,5.426831908,16.41316424,5.977381458,16.88563056
3812,876276.8578,50364.4852,825912.3726,803678.5282,45463.46388,758215.0643,258297.8232,56253.17019,202044.653,1.006127834,2.243622429,0.7202923256,66.89450948,36.51614782,67.84488914,36.18588776
3813,204796.0938,57673.24584,147122.8479,171912.6488,53698.32979,118214.319,172797.7035,57590.83204,115206.8714,0.2392061941,2.107102632,0.9832320599,79.82065799,44.41909078,79.76156665,44.6508834
3814,720375.5844,55560.24013,664815.3443,744476.8474,39247.15492,705229.6925,324501.1736,42185.64911,282315.5245,0.7380148862,3.864901605,0.7163851929,31.38911847,68.62058712,32.08454534,68.86766494
3815,754140.3305,67004.98419,687135.3463,761996.8203,52037.97432,709958.846,306378.6508,52209.72871,254168.9221,0.3936706035,3.051160941,0.804980687,95.74343204,0.8107928643,96.00109929,1.108423737
3816,206035.6752,45037.96542,160997.7097,157039.1938,55783.01894,101256.1748,252083.956,53218.7021,198865.2539,2.509561357,5.139980179,0.8155623081,71.44077698,13.39335344,72.40560917,15.71003146
3817,213808.4684,65188.26986,148620.1986,169222.7533,42776.16698,126446.5863,257730.2148,50658.68501,207071.5298,0.9250827032,2.015295757,0.9120748209,62.8838203,64.11231129,63.16156601,64.99471444
3818,778119.8446,56392.3762,721727.4684,474824.8672,53359.2981,421465.5691,256135.6398,48339.1177,207796.5221,0.9859431931,8.480616285,0.5259515628,74.18504084,83.67423193,75.10412493,84.03111906
3819,49975.68412,51324.71606,-1349.031945,45426.53212,53555.36018,-8128.828055,123331.5207,48274.41874,75057.10192,0.5790941889,6.109071193,0.778094948,52.79529198,66.1685637,53.35850361,66.03386871
3820,126131.1902,54798.27723,71332.91299,172959.58,48466.94582,124492.6342,244013.3124,52149.80648,191863.5059,0.8191061543,3.644970018,0.7689741643,62.28445149,46.05943362,63.04934035,46.35248637
3821,744768.6002,62319.40068,682449.1995,903089.7329,49900.44108,853189.2918,289371.5381,26020.5478,263350.9903,0.6397896609,2.572173976,0.8487208794,64.68233694,65.28524625,65.19524933,65.66767492
3822,199809.253,50374.97102,149434.282,201217.8457,57296.17058,143921.6751,245095.5714,54064.79267,191030.7787,1.043121665,1.201247899,0.7984936436,53.28669599,17.44123033,54.32370164,17.55402255
3823,38680.41187,53219.29931,-14538.88743,46019.6772,62062.82216,-16043.14497,79235.91277,42277.52892,36958.38385,0.5801325173,2.719399793,0.7132302488,65.5477385,54.82421052,66.06368511,55.08945161
3824,59217.87451,55912.54601,3305.328507,54751.32531,60562.88561,-5811.560306,164772.4131,57000.94237,107771.4707,0.7002181304,4.219402882,0.5838350586,15.49624114,3.780247229,15.92337792,4.335098202
3825,908845.7482,56202.29039,852643.4578,678724.3545,54160.73068,624563.6238,271520.3508,45720.62395,225799.7268,1.625456389,6.969636259,0.749795974,80.89936235,33.74722933,82.07296115,34.87185119
3826,70580.79384,51610.98379,18969.81006,50715.1385,61255.62152,-10540.48302,71058.54191,56604.31398,14454.22793,0.6749834049,3.916353841,0.8621292591,6.339546215,90.45487042,7.003245419,90.57777673
3827,878611.0573,61193.76732,817417.2899,719408.6289,45800.01414,673608.6148,240607.0005,53822.53861,186784.4619,1.91675654,3.73128377,0.5071186347,44.17677596,58.02507613,44.74297271,59.85629891
3828,768775.3791,57104.20671,711671.1724,828562.4961,53478.49397,775084.0021,304752.1693,56645.72689,248106.4425,2.22128026,3.153258213,0.6978732045,32.65252253,18.71055606,34.68191149,17.80741351
3829,201262.4036,64849.79465,136412.609,180853.35,55539.08446,125314.2655,198479.0747,49942.69564,148536.3791,0.7830938423,4.072503744,0.6132601339,57.61738028,22.38401715,58.39906464,22.33705418
3830,743407.8773,63430.27066,679977.6067,984701.9028,48228.10547,936473.7973,213108.6359,40828.30744,172280.3285,2.329037599,3.486293516,0.9112011758,99.28187936,97.76344108,100.5410868,99.72272991
3831,66750.45717,66289.4363,461.0208659,49316.74223,57380.36181,-8063.61958,159295.5515,47846.29707,111449.2544,1.146403742,2.408668241,0.638264044,92.52726315,0.5539027106,93.64298042,0.2904326135
3832,1017076.897,55512.95134,961563.9461,687666.2358,41767.49502,645898.7408,257163.3197,49860.72662,207302.5931,0.6705713799,2.028820878,0.4467018338,54.30943906,2.909349916,54.41105382,3.572177507
3833,53980.26857,68485.85075,-14505.58218,57943.32641,45915.92182,12027.40459,142939.2464,49508.66689,93430.57953,1.983782343,2.142509032,0.7088719239,74.63621088,75.74956624,75.48415572,77.54299367
3834,61592.75682,66434.95742,-4842.200599,46638.89981,57306.05752,-10667.15772,137249.6015,48171.20555,89078.39599,1.398279244,3.166598187,0.621296672,32.04496592,68.81124684,32.90615228,69.91285608
3835,774197.2223,52808.81567,721388.4066,648177.7815,50227.9468,597949.8347,292136.6441,49391.23982,242745.4043,2.28932025,4.448465638,0.7059210479,3.86860763,3.84293738,4.225883344,6.104207216
3836,57569.91307,54715.15029,2854.762785,27584.5784,43861.9352,-16277.3568,35745.64431,50960.64913,-15215.00482,0.1171689717,2.121176284,0.699677926,6.370201431,38.51553629,6.470275584,38.4545959
3837,43917.51444,51764.93216,-7847.417718,60514.70697,71082.37593,-10567.66897,134207.673,51218.87311,82988.79987,0.5457371184,1.522910657,0.8963196378,16.0619449,8.546371757,16.53095168,8.825408747
3838,54317.16799,74052.08386,-19734.91587,56740.97275,56830.22922,-89.25646702,166687.5867,43078.4513,123609.1354,1.181835408,2.092051973,0.7842768047,93.74450309,87.50910293,93.94038067,88.67459292
3839,749753.2263,57928.12924,691825.097,812228.1147,53097.90314,759130.2116,321471.1348,58584.72781,262886.407,0.8322285611,3.274483574,0.5574972092,8.039092989,99.87644681,8.786870829,100.2417312
3840,53610.36661,53677.28424,-66.91763847,54774.61809,52475.27008,2299.34801,179027.5412,44398.49375,134629.0474,2.184962006,1.602704665,0.5983146224,3.132992678,3.033733319,4.724074181,4.531237451
3841,181062.1639,47098.16913,133963.9947,128693.1317,55019.24416,73673.88758,216103.3766,57987.72736,158115.6492,1.790202549,4.881292035,0.6867615063,2.863396346,34.70445569,4.520827676,35.38102538
3842,158803.4889,56027.42779,102776.0611,236660.6855,51578.43098,185082.2545,106476.1275,50172.12722,56304.00023,2.247723028,5.642879914,0.8887326901,57.32004129,91.58732811,58.92671924,93.15922022
3843,57769.52551,61867.6341,-4098.10859,60206.19241,54270.55935,5935.633054,89361.5479,44254.66366,45106.88424,1.797923831,2.617893246,0.7368672865,89.13706054,29.68794541,90.1781933,31.15374645
3844,51791.29235,66602.76994,-14811.47759,65344.5204,45760.53718,19583.98322,176084.0065,55937.99732,120146.0092,0.6588900268,3.266138509,0.7890899216,45.43486107,97.7312175,46.06671274,97.54440332
3845,58975.54075,58754.71149,220.8292616,50853.81214,60353.74096,-9499.928823,170520.3518,51254.40746,119265.9443,2.085611583,3.537377022,0.7432147319,43.65043961,67.13622478,45.26880088,68.45177884
3846,655459.9929,45879.11888,609580.874,805335.307,55628.85578,749706.4512,317603.4658,65262.18167,252341.2842,0.6621850244,3.160475421,0.7319335744,28.74713569,81.09460049,28.6547,81.75030214
3847,206837.1467,67166.80781,139670.3389,142609.7566,46339.96792,96269.78872,142931.7415,53584.76429,89346.97723,0.9727804808,3.697950658,0.6738122681,40.08945362,70.47697405,40.88772348,71.03291209
3848,35304.54599,57237.78126,-21933.23527,37975.60775,51556.72374,-13581.11599,163918.0459,50544.12077,113373.9251,1.641830023,1.556353309,0.8059633635,15.90408442,30.09841442,17.41219323,30.74742417
3849,720963.3922,40881.26807,680082.1241,568433.0699,54965.56739,513467.5025,294532.3864,47733.21275,246799.1737,1.823203965,3.166289774,0.6174766004,24.8962973,23.73997227,26.40486904,24.76382969
3850,52117.69265,62394.23252,-10276.53988,69304.21757,62939.37305,6364.844516,135267.3234,45555.98704,89711.3364,0.5899544958,5.435825528,0.7694705762,38.19521124,92.55846197,38.34022001,93.13031752
3851,74341.94484,67199.57542,7142.369422,44669.34021,42461.81933,2207.520885,129414.8316,53273.05665,76141.77493,2.030012748,1.753935444,0.99067452,90.08940685,79.05454765,92.03215065,79.64335857
3852,244632.3909,61325.61151,183306.7794,163029.4091,42411.14035,120618.2687,223863.6769,56280.8702,167582.8066,1.570637664,2.201213723,0.7589460686,32.00289568,75.83125846,33.56949461,75.7186954
3853,49314.56691,68112.73698,-18798.17007,69255.54382,47709.46182,21546.08199,86127.44847,38998.29273,47129.15575,0.3759273495,4.007446312,0.737910888,1.542244595,17.09946519,1.89023381,17.24167939
3854,839770.958,49742.51845,790028.4395,495959.6022,57589.71043,438369.8918,246188.499,49336.85861,196851.6404,1.91352458,0.8555961095,0.8537830281,53.29623652,60.80730577,51.52303015,61.52655225
3855,42851.53823,58924.45463,-16072.9164,29705.85857,43914.50633,-14208.64776,142908.0043,53315.38356,89592.62076,2.112478801,1.983718444,0.6742435698,69.15867272,32.38199433,69.60184605,34.44746378
3856,774058.9448,53273.33861,720785.6062,665302.7617,51712.85424,613589.9074,243657.3187,52866.72227,190790.5964,1.182991612,2.552033371,0.8655014077,71.6680532,77.42324281,72.29223957,78.42816098
3857,75081.8811,56690.07342,18391.80768,39106.80326,39247.47391,-140.6706439,166668.5551,45062.76114,121605.794,0.684753769,1.826317522,0.6986587414,18.64081442,82.29029377,19.31919408,82.38350725
3858,705440.2055,56401.45779,649038.7477,540006.4185,53510.26615,486496.1523,279748.98,51503.56546,228245.4145,0.7562930917,1.751835449,0.7598356839,17.33288274,88.47541017,18.08630967,88.40962954
3859,26992.17499,42327.09228,-15334.9173,50461.46773,50602.40647,-140.9387338,157442.4329,59448.87273,97993.56014,0.8861414277,3.16698179,0.7949241967,64.01390001,9.018052364,63.55236782,9.774514304
3860,1051974.101,61160.07643,990814.0249,737033.8248,54695.20254,682338.6222,254279.2095,60566.00374,193713.2057,2.569010372,5.691781445,0.7503913312,86.62052791,27.56330844,88.60692009,29.19243717
3861,986454.6573,47681.10808,938773.5492,664055.4947,52063.57832,611991.9164,333989.6057,52901.17064,281088.4351,1.844299385,3.065815724,0.7933670251,95.20332062,35.03854852,96.47986505,36.36966631
3862,803425.1557,58196.61352,745228.5421,697056.3895,48500.55865,648555.8309,272164.8237,43509.64825,228655.1755,1.313910691,1.673768155,0.7779210747,30.37205603,39.30653543,30.97586342,40.47348785
3863,45104.11407,50680.06548,-5575.951413,26973.78238,30620.93304,-3647.150664,100658.9375,48898.20336,51760.73414,0.9034037181,2.074681058,0.7428835138,65.30044837,3.305674506,65.71731511,4.107148394
3864,254314.2656,59189.43538,195124.8302,144806.6368,47003.80685,97802.82997,222319.2064,53751.45714,168567.7492,0.9651323334,2.424673138,0.8615774824,24.12168208,97.20827195,24.74315874,97.9466805
3865,219597.3866,54240.12572,165357.2609,225560.6031,54321.70653,171238.8966,205112.0796,57173.5515,147938.5281,0.3523458451,2.289975194,0.9200478176,45.58754087,80.53805398,45.92668936,80.44252443
3866,159549.6375,46274.17673,113275.4608,126296.5037,56927.60754,69368.89615,199002.7056,55569.43932,143433.2663,0.8651691591,2.291983811,1,86.48052499,21.60357399,86.53180205,22.46722226
3867,45535.03532,52817.68072,-7282.6454,54201.50658,58560.85791,-4359.351331,122783.6822,50593.51491,72190.16727,0.8868135447,2.051660428,0.86540269,95.29437116,94.72357035,96.05118291,95.18581946
3868,805947.062,59197.01155,746750.0504,695324.9034,58742.40408,636582.4993,259840.1166,41265.82945,218574.2871,0.2904633529,1.531299287,0.7151353809,15.22908628,31.2287922,15.19799878,31.51758715
3869,237773.7461,49421.8368,188351.9093,127107.048,49177.62375,77929.4243,173773.4587,47955.41491,125818.0438,0.7629417372,2.493551659,0.9336506411,94.82698394,71.93166951,95.57488384,72.08242046
3870,64014.64303,49124.72078,14889.92225,56970.57538,50063.74121,6906.834177,102132.2547,61902.49494,40229.75974,0.3679213305,2.772659054,1,98.19690685,75.3084531,98.56326327,75.27455508
3871,196785.0256,58446.84576,138338.1798,196400.7232,41589.73312,154810.9901,248895.1774,48477.20694,200417.9705,1.79270394,2.890972931,1,6.772244893,1.365269103,8.391316348,2.134941136
3872,30880.23345,47544.53248,-16664.29903,40913.72478,50038.49654,-9124.77176,182373.5993,53301.70716,129071.8921,0.5937406882,4.754281864,0.6326082505,57.22041038,43.99262603,57.74636626,44.26812269
3873,49473.81316,59513.32549,-10039.51232,44161.94391,50597.94215,-6435.998243,155637.7322,56619.41424,99018.31793,1.67564219,2.545850942,0.7827192257,86.39621614,66.40202897,87.76477309,67.36889433
3874,69391.68377,74266.73037,-4875.046594,50419.03689,58338.62894,-7919.592049,108068.9719,52528.85373,55540.11814,0.2710197518,2.129786694,0.9170509997,36.12165183,71.37217885,36.31672318,71.56032474
3875,881682.432,49975.62948,831706.8025,805466.7398,46685.96075,758780.779,226219.3263,58764.35316,167454.9731,1.08482402,1.536918838,0.8112085035,74.85960909,17.93035433,73.85459801,18.33876086
3876,173593.0075,42881.44999,130711.5575,179832.0514,54680.19624,125151.8551,223787.5013,54905.20441,168882.2969,0.5907119393,2.250306652,0.8078728896,92.26355615,45.46120667,92.62945353,45.92495197
3877,820634.6131,59445.7716,761188.8415,719239.232,42273.29038,676965.9416,237136.3722,37882.20197,199254.1702,0.5558014444,2.894288233,0.8040820807,97.67460699,40.34805626,98.02763664,40.77734091
3878,115829.7647,58559.36669,57270.398,145178.7183,62415.71011,82763.00823,276623.5726,45710.23109,230913.3415,0.2139570395,2.551280198,0.9826568315,92.51339932,19.04512545,92.70305299,19.14416634
3879,959611.0953,51471.57944,908139.5158,848623.6845,51984.15546,796639.529,280330.8102,51451.96899,228878.8412,0.6300575634,2.278236039,0.8113605507,35.69039324,1.988902653,35.60847128,2.613611645
3880,765792.2421,40926.59631,724865.6458,712170.8251,42102.1404,670068.6847,288866.8429,61215.09542,227651.7474,0.08007763467,4.808397976,0.7288023274,61.92463672,39.39942577,61.9949143,39.43781183
3881,736936.5724,61748.71326,675187.8591,688971.7213,54168.73834,634802.983,301384.6213,52158.33489,249226.2864,1.44983516,3.260705367,0.9653249563,51.15256458,88.89721055,52.52628039,89.3608126
3882,224316.2119,35733.18318,188583.0287,168965.484,49868.33245,119097.1516,171839.0359,47565.4168,124273.6191,0.775666384,3.515614264,0.6653992917,93.53869641,24.7479638,93.79958195,25.47844109
3883,169412.6766,61416.12875,107996.5479,168122.1753,59391.08076,108731.0945,296480.2196,65159.05772,231321.1619,1.103420058,2.863588676,0.8323603888,58.77007087,93.96117051,59.53618132,94.75528046
3884,310825.7103,56809.34648,254016.3638,181579.1663,49496.49343,132082.6729,245047.4588,50461.93111,194585.5277,0.8814473861,3.381432307,0.7701402887,72.67362232,81.8324322,73.31328092,82.43888614
3885,921215.0047,56603.41189,864611.5928,707567.6835,58975.43131,648592.2522,303822.6963,43873.51361,259949.1826,0.9077049327,2.248622384,0.7535122265,65.12235594,34.41886739,65.91769392,33.98141368
3886,907181.0991,55241.23255,851939.8666,619148.5228,58354.36001,560794.1628,316947.472,52520.95095,264426.521,1.356519385,2.146947915,1,20.30422167,93.7842089,19.7625259,92.54054072
3887,277112.6074,64359.67026,212752.9371,239710.4363,59755.17484,179955.2614,179346.2558,44198.78584,135147.4699,1.536104927,3.027032656,0.85160872,3.002679552,43.36656625,3.716700258,44.72663712
3888,180954.088,40988.49658,139965.5915,165495.6263,56009.59085,109486.0354,180722.2962,42667.49553,138054.8007,0.2216161257,1.321218214,0.8367855479,97.6872476,23.75892355,97.83093521,23.92764693
3889,35628.03725,44599.00247,-8970.965217,63082.32264,48023.7809,15058.54174,48030.94406,44940.29296,3090.651099,0.6356974567,2.152763403,1,93.07778372,92.91670839,93.67098266,93.14523907
3890,66563.03101,59307.22129,7255.809718,38018.86363,41461.48261,-3442.618979,135916.2349,40495.6074,95420.62751,0.8320928273,3.523829507,0.5759943554,71.91918552,77.69523296,72.62157121,78.1413639
3891,69290.12019,59580.77988,9709.340307,33350.30529,47083.51489,-13733.2096,141274.6399,35679.18148,105595.4585,0.4944664769,3.986834412,0.8148607403,15.81925554,28.18608063,16.03953525,28.62877008
3892,923160.364,52985.40826,870174.9558,780920.8399,60569.67268,720351.1672,211054.0028,51391.06885,159662.9339,0.5073313829,4.320839743,0.9024758741,49.1082784,9.153824719,49.02394387,9.654097465
3893,219758.9375,57149.41292,162609.5246,179406.2115,45609.93115,133796.2803,253205.6503,55173.98556,198031.6648,0.3251647731,5.342030903,0.7835453096,64.77859281,9.565759826,65.09202117,9.652332304
3894,61434.87723,63432.23003,-1997.352797,42977.54374,41818.45316,1159.090577,144722.9462,48853.13139,95869.81484,3.970552612,1.955422733,0.7501455073,76.95405214,39.63329267,79.74338186,42.45905412
3895,63946.82688,64619.05269,-672.225809,37260.49659,52253.17843,-14992.68184,132400.5874,35762.53661,96638.0508,1.442086125,1.690491977,0.7265751828,48.82147512,45.85650997,50.16400516,45.32998792
3896,1006542.134,51867.94121,954674.1928,851490.3524,63557.60111,787932.7513,276150.3873,54575.83944,221574.5478,1.679161761,1.905681584,1,10.97477042,0.4287486924,12.38789719,1.335753081
3897,216606.2252,44521.46105,172084.7642,170135.3022,52577.86928,117557.4329,140709.9252,47430.09461,93279.8306,0.1663487342,6.941137304,0.6076426617,53.72110966,20.99657278,53.80588892,21.13969643
3898,737323.5412,62238.54536,675084.9959,826631.4736,50863.52256,775767.9511,276771.0238,46034.2037,230736.8201,1.092950162,1.344478218,0.6527848644,66.09245741,67.2851271,66.93801062,67.97764411
3899,129386.3353,63206.28069,66180.0546,165453.0856,42410.48155,123042.6041,253784.4119,51298.26972,202486.1422,1.643888543,2.120310242,0.8292571463,55.00304801,22.5386049,55.21580266,24.16866778
3900,58770.97904,57387.96711,1383.011927,40607.12353,50606.24079,-9999.117267,97930.01739,44835.24076,53094.77663,0.4829026285,3.782996651,0.7852180904,15.76288337,5.336533501,16.20324928,5.138359814
3901,60784.17092,60434.45513,349.7157819,58028.12797,52766.10308,5262.024886,153388.996,41291.19115,112097.8049,1.077228429,3.372844485,0.815448202,26.51315734,30.33374834,26.11376636,31.3342022
3902,666938.1478,49512.70161,617425.4462,776982.6094,48049.65398,728932.9554,379084.3577,41942.15454,337142.2031,1.662507495,1.849113446,0.7475896402,5.04181331,18.13698851,5.782384641,19.62543914
3903,313604.4544,51405.13611,262199.3183,189744.9378,54522.11111,135222.8266,213748.0281,56089.1197,157658.9084,2.338767538,1.188812299,0.755413186,23.76351232,43.22638602,23.55665014,45.5559872
3904,818235.5195,45290.51904,772945.0005,635266.5747,42930.10057,592336.4741,314777.9395,55069.83227,259708.1072,0.2030462846,2.280888672,0.7033801759,12.65615237,72.15858884,12.73310977,72.34648603
3905,258960.2854,40698.43596,218261.8494,157293.2121,56809.84982,100483.3623,197292.7868,57038.48945,140254.2973,0.8527619897,0.8085446287,0.7883283338,65.44655825,72.50210571,65.98196108,73.16584272
3906,50051.5754,52161.74259,-2110.16719,35181.88862,56613.51571,-21431.62709,79543.63478,48333.62293,31210.01184,1.217173547,4.493055587,0.7724782552,0.4019290558,33.91444594,1.4309029,34.56461843
3907,39103.58656,49451.30263,-10347.71607,60709.94214,47653.29147,13056.65067,176398.6371,49905.73547,126492.9016,0.564533421,2.936152331,0.7470503274,55.40109616,27.36592592,55.93559056,27.18422913
3908,40699.72576,44380.70212,-3680.976364,37508.72956,44694.49767,-7185.768103,56813.00737,39919.26024,16893.74713,0.4063831675,6.142718212,0.7909417877,93.74877262,49.27093145,94.14012911,49.16144458
3909,165889.5016,51240.05257,114649.449,175032.1603,50205.41941,124826.7409,215899.815,49176.15942,166723.6556,1.228801436,6.216124191,0.7069534227,99.90854387,28.49564228,100.827919,29.31093505
3910,54482.86989,51544.73611,2938.133785,61389.41299,52356.29534,9033.117646,139583.485,30478.42679,109105.0582,0.9700471179,3.952903664,0.7001792093,5.22700882,26.41433886,6.181528938,26.58720515
3911,72954.77647,64553.502,8401.274472,52147.17128,51663.56909,483.602186,147359.5117,53733.79068,93625.72099,1.243530281,1.846313683,0.8614351853,59.71749783,28.62671329,60.89547699,28.22830062
3912,923833.9003,73352.73402,850481.1663,520734.0615,60196.76381,460537.2977,319169.8533,41425.53955,277744.3137,0.701640592,1.67174318,0.9404109809,9.546082072,78.27370684,10.17119318,78.5923534
3913,924972.9997,51406.93222,873566.0675,715490.3801,50623.98686,664866.3933,293219.5008,54431.02556,238788.4753,0.912844203,2.927356202,0.7397985693,34.80127217,96.22051424,35.70615554,96.34080821
3914,241592.4158,60097.6215,181494.7943,178777.6404,49667.05799,129110.5824,243910.6501,45972.27744,197938.3727,1.122931088,1.657065523,0.8938941987,87.14635274,42.22157596,87.40159132,43.31511494
3915,46959.90355,61577.31502,-14617.41147,60466.82752,54206.29917,6260.528346,107005.1727,56221.12961,50784.0431,1.506238263,5.41536152,0.7701765836,13.1981022,34.95665377,11.70498696,34.75825875
3916,1020214.399,44665.4078,975548.9908,570328.1682,48905.30885,521422.8594,294859.751,51154.13071,243705.6203,0.7107268995,2.180573223,0.4972772839,30.77833028,58.44557725,30.89972755,59.14585964
3917,1019454.066,58181.01995,961273.0465,709442.9691,55950.81262,653492.1565,277890.5682,48834.84647,229055.7217,0.5535428963,5.407949476,0.4839537674,46.60934808,35.73125973,47.1366689,35.56290743
3918,45604.83483,45071.9629,532.8719262,44296.60796,50671.11394,-6374.505982,89580.86604,51406.35322,38174.51283,0.5904836162,3.041461065,0.7570495713,38.67388872,4.625824834,39.1981578,4.897510006
3919,282764.888,58031.28323,224733.6048,147703.28,53777.29458,93925.98538,229278.0893,35813.38575,193464.7035,0.4539309631,2.803025872,0.8428265577,35.63964462,47.88129079,35.71715982,48.32855438
3920,85583.85474,69418.79412,16165.06062,39053.68769,41948.55812,-2894.870431,172184.3065,53055.13151,119129.175,0.6654653485,3.979598738,0.8058178301,49.2455922,93.15218959,49.17545682,93.81394873
3921,242065.9431,55720.32816,186345.6149,253738.9233,50173.79015,203565.1331,204661.4268,52314.90055,152346.5262,0.828711449,6.091283882,0.4105667422,72.42560828,98.12850363,73.25431603,98.13097999
3922,214462.3291,54168.5125,160293.8166,175850.9253,54656.75,121194.1753,172606.0069,44586.06821,128019.9387,1.289853011,2.951429954,0.7711948787,84.24176719,60.6280935,85.10881862,61.58305036
3923,55367.4729,59815.18743,-4447.714525,49014.0522,42477.7578,6536.294402,161770.2903,49485.91917,112284.3712,0.6231666878,2.339626692,0.6398522044,25.79284091,67.26874435,26.33000612,67.58464032
3924,229453.4881,56013.97149,173439.5166,224050.7247,57914.21507,166136.5097,256631.984,61096.75108,195535.2329,1.389916161,2.307199265,0.8918338111,56.2164718,19.60329682,57.59838465,19.45435445
3925,805205.1625,50032.43438,755172.7281,721448.9665,58692.69552,662756.271,351820.2577,62764.64978,289055.6079,0.7991324705,2.831111342,0.9174788498,82.34174651,36.65028754,81.76215278,36.10012047
3926,214782.4667,59274.65078,155507.8159,182237.9043,52494.60207,129743.3023,179063.2427,41435.43438,137627.8083,0.8475630493,2.005945073,0.5668057141,46.58311293,54.70573498,46.86578492,55.50477169
3927,47958.39884,52099.64567,-4141.246837,24513.61722,42182.94136,-17669.32414,174469.2468,55731.36544,118737.8813,2.033906346,2.332665482,0.5566531082,59.41647313,21.78034113,60.46446617,23.52346637
3928,880888.1258,61211.02741,819677.0984,501355.4547,39525.6745,461829.7802,330794.7305,49632.702,281162.0285,0.7412324979,5.855408033,0.6958503598,61.46502142,28.16296373,62.20350127,28.09914268
3929,51008.64228,60541.995,-9533.352718,57591.55174,50771.77241,6819.779329,118695.4611,53069.21563,65626.24543,1.967294867,2.448652137,0.6285408133,95.34505895,98.02327532,95.48011355,99.98592897
3930,142048.1118,45535.19952,96512.91227,183821.155,53947.10577,129874.0492,209088.5782,57841.73629,151246.8419,0.93521906,1.384214687,0.7164445267,78.58989431,3.418957455,79.46444782,3.08761043
3931,830334.8301,47423.80564,782911.0245,829186.0129,57919.2893,771266.7236,241047.8597,39628.85327,201419.0065,0.6600540237,2.155871822,0.5762233241,97.08137255,20.95324992,97.03369901,21.61158004
3932,42437.50566,50645.17984,-8207.674178,60148.41575,61091.94499,-943.529232,91377.95645,53310.92261,38067.03384,1.83936174,5.552298155,0.9266463236,96.68421006,43.07010932,97.83722722,44.50321889
3933,852773.3819,60810.46454,791962.9174,814529.2004,45017.03588,769512.1646,274944.9725,45922.88519,229022.0873,2.325900001,4.102321602,0.7126714829,55.50385493,89.03415113,57.38446055,90.40277573
3934,898242.7556,45503.85722,852738.8984,612990.0226,45786.53342,567203.4892,247638.7764,42538.3859,205100.3905,1.593865827,3.705870488,0.8787034504,54.48492021,2.068899308,52.89605076,1.942795575
3935,746069.8926,43459.89213,702610.0004,753917.2681,38718.15242,715199.1156,282547.9047,56292.39774,226255.5069,1.624491788,3.894380148,0.7048442273,59.82613371,19.07423875,61.41118427,19.43003123
3936,234686.6807,53190.0136,181496.6672,193813.3561,61993.93262,131819.4235,302976.533,55071.20052,247905.3324,0.1728293439,4.263108072,0.6826129778,53.03004438,10.44341345,53.16390442,10.55273623
3937,36917.75558,41757.47808,-4839.722504,44236.4847,46748.77837,-2512.293665,104765.3633,38335.91066,66429.4526,2.797989357,3.490621039,0.8609182536,96.57632555,15.11048635,98.29818561,17.31592108
3938,874794.2659,51589.76266,823204.5032,516159.9664,61264.48025,454895.4861,251973.4793,51706.58071,200266.8986,0.6766728323,1.897239212,0.7205531824,15.72835737,11.30840597,15.56025679,11.96386636
3939,945255.9125,53782.93776,891472.9748,659181.635,54322.81385,604858.8212,308242.2766,50525.06863,257717.208,0.6420122369,2.753480626,0.9234226031,66.23884989,47.12748558,65.60817842,47.24762384
3940,765380.1953,54009.5937,711370.6016,604058.6076,47045.17792,557013.4297,243822.934,40281.19965,203541.7344,0.6691367701,5.343404188,0.7428103533,3.779797727,50.67712104,4.332215188,50.29952474
3941,37931.26792,39737.34178,-1806.07386,60490.67064,64599.14499,-4108.474343,107536.2061,56159.41599,51376.79006,0.4014863011,2.631453338,0.8511762544,85.96054446,89.80793238,85.95652721,90.20939858
3942,741291.9731,48292.2262,692999.7469,714377.9055,52517.65066,661860.2549,302285.9489,53909.53306,248376.4158,1.269036492,3.336763383,0.8565136659,89.09669913,78.65996375,89.31808708,79.90954008
3943,216146.1616,45465.39893,170680.7627,220793.0463,55644.4972,165148.5491,165687.7229,45873.98401,119813.7389,0.4990013317,1.80674953,0.6931526759,49.4953564,22.78258803,49.99421549,22.77067444
3944,572921.913,61180.13374,511741.7792,847605.5901,48749.34166,798856.2484,288569.5137,53791.80643,234777.7073,3.701831502,4.58318031,0.6099693692,5.243862467,91.9228407,8.167259036,94.19381163
3945,63975.82375,58260.392,5715.431755,53896.89021,56112.70246,-2215.812253,119177.4954,44846.02468,74331.47071,3.297560963,1.905475722,0.7372612253,19.99274937,36.52442127,21.62753638,39.38822638
3946,40928.72863,50357.25739,-9428.528767,51924.8827,46583.711,5341.171703,164621.772,45567.96973,119053.8023,1.361174828,1.568832225,0.5635869385,80.73276079,56.13455451,81.13420906,57.43518367
3947,205627.3325,53887.71492,151739.6176,157640.3899,46885.50637,110754.8835,173657.752,37184.43055,136473.3214,0.4610736364,2.010170198,0.9468580201,67.45034704,46.04411674,67.64659237,46.46134171
3948,819422.7169,60619.01787,758803.699,804357.5339,52436.88198,751920.6519,231902.4587,55216.23993,176686.2187,1.314334356,2.174964522,0.6879172325,28.54545705,67.2236775,29.63623197,67.9569475
3949,75877.38734,67367.82707,8509.560263,24767.9017,45066.42337,-20298.52167,140288.0997,45409.40922,94878.69048,1.985802246,3.136289128,0.7161294238,22.93236429,36.15151478,23.95804255,37.85192493
3950,1066767.61,49651.59291,1017116.017,623384.3754,59349.53911,564034.8363,264258.6234,47198.86075,217059.7627,1.609301106,5.765410373,0.7785077593,91.03620336,34.04065638,91.85759958,35.42454882
3951,37457.185,50757.89144,-13300.70644,46421.14717,55710.58228,-9289.435106,195505.4884,59242.26383,136263.2246,0.3030679282,2.323845985,0.8540008329,0.02416738476,52.27300903,0.326338734,52.24971429
3952,911957.8461,67074.86569,844882.9804,577764.9834,50927.40022,526837.5831,238691.8688,49245.13093,189446.7379,1.602556279,3.981023353,0.7087685111,99.88017027,66.7116784,101.312817,67.42980792
3953,32030.14478,45174.65157,-13144.50679,47300.08094,46838.14692,461.9340187,141290.3912,63791.17687,77499.2143,1.039361455,3.602848892,0.9038814363,72.97916175,30.32932365,73.74207817,29.62346901
3954,930003.9079,52088.80499,877915.1029,932794.1123,51916.76441,880877.3479,234982.6658,49638.98024,185343.6856,2.745307678,1.566572645,1,11.62635428,89.64522296,14.27064744,88.90736935
3955,132042.3617,39444.79223,92597.5695,126535.1912,54372.08626,72163.10495,200043.894,53412.67641,146631.2176,0.4052337192,1.263795097,0.9320608858,5.888605906,29.44861268,5.967042153,29.84618296
3956,215713.3077,41966.88664,173746.4211,140951.7111,45500.92001,95450.79114,230246.2179,62353.71977,167892.4981,1.109218853,5.168793269,0.9766718507,91.98808895,94.47048829,92.63376697,95.37241199
3957,903638.3685,50335.07421,853303.2942,687604.5671,51436.93168,636167.6354,311168.7178,47346.0142,263822.7036,0.5834813445,1.69750582,0.4632490767,30.70293998,35.92796596,31.18486923,35.59903637
3958,259796.1402,73340.0772,186456.063,199281.4337,46132.7166,153148.7171,206069.9136,49261.83552,156808.078,1.139439783,0.9314239209,0.8437205994,68.08476351,84.83880087,66.99745108,84.4981035
3959,60742.57106,56024.96376,4717.607304,30354.25578,47819.13462,-17464.87884,125293.1334,54257.40501,71035.72842,0.9072604522,3.516918332,0.8408004721,9.778918726,5.720940975,9.353147813,6.52209056
3960,860689.1144,60555.94453,800133.1699,732517.6643,53683.33136,678834.333,261042.2066,54817.82785,206224.3787,1.219841001,2.0325103,0.7774474302,84.9918336,93.22229613,85.43578815,94.35848117
3961,72131.73319,60071.32342,12060.40977,33712.66172,46632.09928,-12919.43756,169068.2051,57322.25872,111745.9464,0.6092283368,4.340380449,0.6664924147,93.10955735,57.23592118,93.71598082,57.29431417
3962,762973.539,59527.84641,703445.6926,617120.9106,60371.68695,556749.2236,322349.0318,51877.92812,270471.1037,1.256527821,3.802986204,0.9116117845,88.34319622,33.1073801,88.85716214,34.2539843
3963,235530.8244,55563.35394,179967.4705,142202.8648,44459.47213,97743.39268,208203.3063,45943.21229,162260.094,1.941540948,6.072928876,0.7762741732,64.5340337,71.44604998,66.29725504,72.25884256
3964,47271.08345,63736.53355,-16465.4501,51522.00284,55001.24214,-3479.2393,114435.809,46171.54824,68264.26071,0.5478391315,2.901736291,0.8412720244,17.70425976,9.3224178,18.0640849,9.735520191
3965,58326.68352,62073.65537,-3746.971854,41715.67671,47736.66884,-6020.992128,207040.6832,51589.93638,155450.7468,1.195469863,2.659418142,0.6899940502,9.104280401,54.88864258,7.916781747,55.02646544
3966,701380.8887,47022.7098,654358.1789,857342.5959,51511.2516,805831.3443,359546.5296,59821.70979,299724.8198,1.32954512,1.86764948,0.7098911009,42.09584049,81.46749699,43.40938934,81.67311713
3967,49897.8829,57449.60402,-7551.721122,57791.67545,55549.93354,2241.741907,133699.9309,52073.8657,81626.06518,0.9706054702,3.444606431,0.7127778653,98.1949363,3.806178792,98.73355932,4.613619328
3968,38204.36195,49036.72298,-10832.36103,54105.0495,45831.03999,8274.009513,131929.8527,52024.70248,79905.15023,0.9639675114,2.280888286,0.5681653276,2.185547589,49.30676228,1.534221344,50.01740107
3969,853993.6567,50958.39657,803035.2601,620974.1351,58015.55425,562958.5808,351182.2346,69925.68837,281256.5462,0.6588584581,2.849920296,0.776653692,61.39868725,52.03555216,62.0572192,52.01481237
3970,945856.1102,55348.43061,890507.6796,793983.7508,55240.74872,738743.0021,318911.996,49793.52232,269118.4737,1.068626245,2.704719115,0.6415396709,6.305065004,25.3215982,6.167880925,26.38138241
3971,819904.1298,59404.73252,760499.3973,751425.9943,51829.15879,699596.8355,251255.9477,46402.05547,204853.8922,0.7828128031,2.904865119,0.9469136601,56.16318488,32.45730338,55.43167763,32.73603806
3972,853165.4202,58602.06981,794563.3504,607245.4194,47364.35316,559881.0662,248845.9989,49630.7873,199215.2116,1.001488372,6.737535962,0.5628061636,61.13621365,73.39167117,61.66351971,74.24309779
3973,144573.9169,42214.55999,102359.3569,150290.8173,52865.82257,97424.99473,279579.0303,52889.94296,226689.0874,1.254512678,2.978796407,1,96.11861936,68.73573783,97.11335525,69.50013469
3974,983201.4612,65894.82607,917306.6352,665370.8776,40479.99917,624890.8784,287855.7448,44991.90984,242863.835,1.988173712,2.695683285,0.598279399,80.8340187,16.33025379,82.80443538,16.06512587
3975,223622.7338,49299.47581,174323.2579,128637.476,45940.94837,82696.52764,220300.2272,62966.06856,157334.1587,2.189953033,1.763396491,0.9445167653,12.95271416,91.58520553,14.72191081,92.8758788
3976,929408.7717,58082.83238,871325.9393,732828.6652,49759.65626,683069.009,242120.3263,55464.56559,186655.7608,1.33203005,1.748073089,0.8272160282,33.70384924,15.06578533,34.86846749,15.71229009
3977,59715.34473,47990.37864,11724.96609,45023.22089,47385.92571,-2362.704819,64794.41101,42495.71777,22298.69324,0.2738975054,3.313171959,0.7492825857,21.87367304,69.87265856,22.09204701,69.70733267
3978,820855.6864,64053.39848,756802.2879,736474.0338,60425.41996,676048.6138,306800.8916,49478.12268,257322.7689,2.938242181,6.235711329,0.8259307193,60.8270185,27.28613574,62.35641236,29.79496446
3979,157981.143,60526.07741,97455.06563,204326.9147,53729.49317,150597.4215,245965.0693,49919.84198,196045.2273,1.32570867,3.106168731,0.8282993499,7.887682509,92.73829577,9.000508296,93.45879716
3980,861042.8623,42169.07531,818873.787,815755.9995,54462.81459,761293.1849,327656.7954,61163.11332,266493.6821,0.5862954134,1.752516473,0.6982757383,75.54870326,24.10107304,76.1146545,24.25417922
3981,157334.3545,54114.55727,103219.7973,190409.5801,58850.31296,131559.2672,231565.9478,49087.45548,182478.4923,1.072597671,5.61567827,0.8053056588,7.215601039,42.31244696,8.247149736,42.60633988
3982,49803.9837,56833.12946,-7029.145752,36695.38728,56402.78374,-19707.39646,95176.87916,48262.88738,46913.99178,1.50877051,3.714622006,0.8946453434,47.47275008,69.35530425,48.65746967,70.28955686
3983,866077.4596,56366.16129,809711.2984,662212.5551,54055.6974,608156.8577,288013.455,54674.05135,233339.4036,1.140064068,1.912783954,0.7480068377,85.23653229,7.588553725,85.55256005,6.493166792
3984,48377.13643,48508.17024,-131.0338073,37776.54731,47960.59353,-10184.04622,161673.5149,56220.44033,105453.0746,1.154975089,4.596010521,0.7017755849,47.96307034,59.58581884,47.81909212,58.439853
3985,787954.7884,68461.32129,719493.4671,682897.3698,43299.50736,639597.8625,221012.7972,51403.70119,169609.096,1.441923196,4.169886951,0.947241128,71.81990117,37.87498843,72.84570717,38.88833169
3986,677524.2546,66717.73507,610806.5196,821371.1205,50327.27672,771043.8438,267956.6443,57501.12999,210455.5143,0.2417638493,4.257342632,0.8355486801,6.646761291,36.07488116,6.760849118,36.28803304
3987,793496.9662,49215.21379,744281.7524,615953.8156,47410.3396,568543.476,261644.2148,51824.99574,209819.2191,1.49380494,2.977981039,0.8163503851,67.58801377,40.05678525,68.83083375,40.8855504
3988,57798.44204,60315.2294,-2516.787364,55014.13048,57506.9609,-2492.830423,140527.0678,45470.58774,95056.48009,0.1739534386,3.786387993,0.8132663314,23.49856496,99.46968895,23.54427385,99.63752964
3989,140588.6091,49567.08491,91021.52415,181192.9092,55702.48767,125490.4216,277614.2294,48310.36558,229303.8638,1.364018181,1.603383694,0.8279831082,34.28326048,57.52140092,34.24756729,58.88495201
3990,257169.9687,69368.23489,187801.7338,138117.0788,53799.72601,84317.35275,207488.5692,41875.30586,165613.2633,0.9269696767,1.981241575,0.7695226567,84.26084626,68.6121263,84.48120883,69.51252239
3991,154162.8977,63250.17695,90912.72071,194693.2809,52067.44641,142625.8345,173062.6816,45498.31416,127564.3674,0.1610707091,3.446134985,0.9090973271,24.20833868,20.62792443,24.35933354,20.6839987
3992,54546.59631,54621.71124,-75.11492697,55889.80395,52733.72044,3156.083509,125534.6146,49623.50245,75911.11218,0.248733858,2.446332241,0.7402667402,44.58130584,2.214399616,44.43432796,2.415063604
3993,820154.0497,45909.30163,774244.7481,591352.9743,55062.83519,536290.1391,321693.9238,47538.99422,274154.9296,2.020253989,4.92647252,0.9503871951,92.93108142,3.797562488,94.93329924,4.066913586
3994,818640.8376,46511.32664,772129.5109,708710.3883,48858.6609,659851.7274,298473.4382,54805.40789,243668.0303,4.849510103,1.705711837,0.5600863469,77.86937398,36.6813236,82.66680836,37.39010539
3995,699268.785,43216.53262,656052.2524,567172.6413,48703.26681,518469.3744,266662.0089,50997.07049,215664.9384,1.420352763,2.497880064,0.7054192043,36.7216383,41.5992325,38.00249209,40.98537947
3996,137884.5777,61120.59155,76763.9862,153193.0571,50913.56887,102279.4882,204865.4732,32940.59743,171924.8758,1.178616528,2.740517756,0.742196987,18.34044478,46.51430169,17.41022211,47.23805767
3997,1025759.676,50836.77592,974922.9001,780507.7728,62400.33144,718107.4414,230022.8095,39259.14747,190763.662,2.061550909,4.456609426,0.7747502301,40.62494573,14.70006596,42.60669188,15.26811028
3998,866652.7284,56601.55552,810051.1728,535152.8475,37970.01984,497182.8276,317782.5117,48293.35455,269489.1571,0.911831303,1.986303998,0.7758117685,56.3391133,64.21887358,57.18008879,63.86645826
3999,75137.86354,63626.29849,11511.56505,48555.68435,68542.82854,-19987.14419,204861.7242,51255.32292,153606.4012,0.1012184548,2.582786994,0.9221749869,93.17208061,39.70695063,93.26606582,39.74452664
4000,53116.29748,60395.15766,-7278.860178,57804.74015,52274.69932,5530.040836,169685.1997,56697.3165,112987.8832,0.2798008148,3.525796504,0.8084641407,84.97226563,21.09887357,85.06258897,21.36369462
4001,53547.81062,54025.55588,-477.7452576,48184.02662,47152.78161,1031.245013,116793.3001,47800.11849,68993.18159,2.771410523,1.906143556,0.8892682676,87.07301365,3.126393127,89.7198239,3.948044969
4002,50240.0551,48445.1043,1794.950796,40671.61579,47970.31549,-7298.699704,138953.674,41435.88002,97517.79394,0.4131471467,2.841313817,0.8675177392,50.12263821,9.109269357,50.52893688,9.03435632
4003,224588.3056,44261.70682,180326.5988,172799.2231,63138.16732,109661.0558,245656.1419,49463.06716,196193.0748,0.3827563267,2.696178069,0.488792477,54.06600837,70.35830169,54.41409046,70.51749109
4004,232026.8717,62558.4716,169468.4001,195128.2172,46653.10052,148475.1166,171248.8936,53215.18332,118033.7103,0.4884982343,2.544527504,0.86024349,48.4800656,42.27639929,48.68221012,42.72111057
4005,234543.5432,57046.13966,177497.4035,126343.4806,52385.48651,73957.99412,203961.0401,43114.41141,160846.6287,1.114946852,3.525436549,0.8295722606,61.8690704,27.40106151,62.79826165,28.01726773
4006,842461.4677,58060.63772,784400.83,642043.1533,48643.12204,593400.0313,243920.048,49317.58106,194602.4669,2.921177842,4.140932039,0.674411847,98.94617411,7.446599751,101.7605805,8.229157397
4007,922118.2555,56665.8566,865452.3989,737646.5876,42337.72591,695308.8616,333392.5855,58182.53132,275210.0542,0.7488859789,2.077896785,0.8796732192,88.52508247,38.98189276,89.17579877,39.3525658
4008,773925.5496,57377.20262,716548.3469,605215.6276,46421.74392,558793.8837,273638,39456.51644,234181.4835,1.685773335,1.155387057,0.579546396,80.05143087,31.59366417,80.91969567,33.03863752
4009,43160.04859,54515.99677,-11355.94819,32645.17485,49810.26785,-17165.09301,93485.97334,51903.54691,41582.42643,2.008788633,0.8088072517,0.8169110235,57.61815156,25.06302383,58.81218289,23.44762265
4010,782279.4674,52627.40714,729652.0603,644483.5061,50339.30592,594144.2002,225508.7967,61106.73868,164402.058,1.181086573,4.212240703,0.7986241148,23.63226217,82.91198892,24.22255259,83.93498584
4011,780845.1465,56348.18595,724496.9605,798344.4508,41978.54871,756365.9021,293183.0844,52823.03287,240360.0515,1.225203492,2.429584264,0.6406617729,86.54233389,10.13028962,87.38350964,11.02110215
4012,155301.168,45469.25279,109831.9152,172854.1648,47013.79865,125840.3662,227500.0297,57957.36817,169542.6615,0.843344104,4.212540439,0.8230403966,34.08723076,68.24912973,34.8485273,68.61197523
4013,862279.2106,44694.27159,817584.939,779994.6782,51702.91687,728291.7613,327447.712,60620.44731,266827.2647,2.244272868,3.721256832,0.7035663995,50.44822816,8.858752102,51.26376005,10.94960562
4014,919900.278,60829.19754,859071.0805,847793.6727,49592.94098,798200.7317,285462.5729,50839.26898,234623.3039,1.365420313,6.679682313,0.8091426287,75.49291466,84.54959327,76.49825508,83.62565427
4015,791928.615,52700.94757,739227.6675,571273.2019,47860.09871,523413.1032,249579.6305,49804.39654,199775.234,2.220773922,3.562069617,0.5460310962,72.00423562,65.30597634,70.21888767,63.98523054
4016,883332.7465,44998.53895,838334.2075,745906.6788,58056.72064,687849.9581,319997.7502,44452.65161,275545.0985,0.6972428055,2.166953622,0.7842423453,18.50765635,9.561634727,18.92894395,10.11721036
4017,309035.1258,61900.29458,247134.8313,158090.9626,56835.27297,101255.6897,217717.2738,58109.93212,159607.3417,1.702899846,3.344949137,0.8519257582,98.99737946,21.0725439,100.1039157,22.36693386
4018,789730.7964,61312.77046,728418.026,484938.3367,63136.49254,421801.8442,274022.9646,47908.24561,226114.719,0.434383728,1.594986173,0.6878266301,88.0083278,29.43150252,88.43764871,29.49762954
4019,196368.5268,63850.14003,132518.3868,221363.3697,46170.45279,175192.9169,273584.7089,57779.78308,215804.9258,0.4316132682,2.118699187,0.6739022483,0.2960582932,93.48575847,0.06768470426,93.11951331
4020,43178.41881,51839.53795,-8661.119142,33097.7818,52967.93998,-19870.15818,180727.1759,46924.9153,133802.2606,1.482488861,2.524627029,0.7600362005,67.23210531,67.50385679,68.3420192,68.48664078
4021,882408.2816,42093.73352,840314.548,788709.8195,40601.70779,748108.1117,318747.9759,50493.85562,268254.1203,0.495350589,2.032505124,0.871106583,58.17674557,14.62667336,58.46012339,15.03296047
4022,150911.8559,45027.35524,105884.5006,191098.4591,54145.37029,136953.0888,211659.0525,49470.23699,162188.8155,1.40275356,4.663495365,0.7166552712,26.73686183,93.98395962,27.10131413,95.3385415
4023,56567.76179,57142.32047,-574.5586769,56833.02176,52022.96813,4810.05363,87197.7108,60601.45501,26596.25579,1.064770517,5.265963298,0.7227668734,27.36003274,24.88317944,28.19691933,25.54147807
4024,186569.2748,51503.79861,135065.4762,161985.375,44698.21294,117287.1621,152735.6059,45993.36132,106742.2446,1.177433097,1.361964285,0.8178280788,78.8057556,92.43918287,79.26582299,93.52301251
4025,56335.93759,59344.79805,-3008.860462,79923.06889,63918.53305,16004.53584,116700.4756,57796.56909,58903.90656,1.17038132,5.525087124,0.8952001831,4.051363351,44.23977525,4.245769517,45.39389773
4026,70802.62788,57686.67476,13115.95311,51701.93836,61815.76072,-10113.82236,136370.4352,50728.57111,85641.86411,0.371044449,1.751478992,0.6867212662,59.6552482,41.44528269,59.6807069,41.8154527
4027,744222.4242,45179.80943,699042.6148,810637.5278,54565.30535,756072.2224,215592.6114,62350.31323,153242.2982,0.06774292539,2.882146062,0.9263662944,31.92005468,43.5767134,31.92334519,43.64437636
4028,1010866.657,64674.56265,946192.0947,534654.6011,46741.49556,487913.1056,262263.707,45095.17309,217168.534,1.096958524,1.541510167,0.7459359733,9.213005701,71.03067314,9.94900971,71.84407102
4029,59484.77596,59150.35526,334.420699,52613.5172,48387.53204,4225.985158,72592.0493,45360.45757,27231.59173,0.3677354894,2.87934409,0.5866356624,24.16348398,54.31974761,24.4283086,54.57488936
4030,954306.4474,67747.32266,886559.1248,612410.3355,71226.54257,541183.7929,335157.7306,54180.0964,280977.6342,0.7979882238,4.462172305,0.779838516,29.00645933,89.51520259,29.23801003,90.27885793
4031,946692.8048,41257.54835,905435.2564,662248.3065,61559.59704,600688.7095,326185.8963,47382.52639,278803.3699,3.725864023,2.753996489,0.677305717,17.38381564,54.9560068,18.3146523,58.56372157
4032,965348.7279,66262.46936,899086.2586,622679.6338,41731.76152,580947.8723,212120.2134,52576.87085,159543.3426,2.830853605,1.199176056,0.793508764,24.91674878,14.45004136,27.66244986,15.13914056
4033,47212.93132,37950.97468,9261.956632,48545.45819,46230.12536,2315.332831,175926.4851,50444.46943,125482.0156,0.3513589476,4.077090126,0.7685489175,52.4413173,20.28123734,52.61786131,20.58502234
4034,79095.18224,51671.0417,27424.14053,200866.7229,52383.47968,148483.2433,171883.2658,39018.86789,132864.3979,0.871805722,2.498069682,0.7926043134,75.56869018,18.50844113,76.19798534,17.9050898
4035,72082.53233,61934.77135,10147.76098,50959.73091,41478.99791,9480.732998,74130.66338,38689.53408,35441.1293,0.2849026535,3.699507551,0.7788622304,94.65816489,19.60339065,94.896416,19.75961462
4036,183859.2584,38445.43541,145413.823,200738.583,55784.12961,144954.4534,171272.0405,59304.1287,111967.9118,0.3272722549,1.570841132,0.9209881975,43.35350498,61.05378229,43.08317294,61.23824832
4037,754412.6099,52118.14199,702294.4679,774091.1465,55042.73437,719048.4121,283750.4775,50324.07406,233426.4034,1.705461107,2.03267112,0.8162442344,82.35259607,7.100679738,84.03368456,7.387975863
4038,67354.27152,50900.1039,16454.16762,62632.70014,50961.76887,11670.93127,225060.9087,52594.73361,172466.1751,0.6565270146,2.345239368,1,46.38199278,9.751064192,46.85577151,10.2055545
4039,50798.60357,58516.97853,-7718.374963,39739.721,58024.79553,-18285.07453,87663.39347,49482.68921,38180.70426,0.8116923528,1.682806707,0.7121635104,23.84828258,16.65607348,24.60660183,16.36659742
4040,679253.2185,64840.33139,614412.8872,509350.1146,51267.70424,458082.4104,299891.1463,51907.0369,247984.1094,0.5836046411,3.675542438,0.8460607018,11.39682145,82.82118354,11.9751579,82.89942247
4041,8033.818453,45882.13482,-37848.31636,60266.01187,47397.42537,12868.58651,137976.1032,49157.28989,88818.81334,1.666279277,3.455912265,0.8177031128,59.64090025,83.86695108,60.34358946,85.37781656
4042,797288.8261,58748.86561,738539.9605,877104.9511,47106.77588,829998.1752,274225.9334,54087.03096,220138.9024,1.573788521,4.283027756,0.7644800495,39.77998862,28.40320239,38.29004936,28.91004686
4043,234447.4438,66160.32557,168287.1182,122329.8874,38615.78309,83714.10428,141703.141,51719.46068,89983.6803,0.2171892606,4.931849756,0.7410060729,93.1983952,98.92081763,93.37520822,99.04694586
4044,68843.90484,51123.28955,17720.61529,63688.48382,55240.13366,8448.350161,100692.9581,48796.40748,51896.55062,0.677643163,2.629540808,0.6519379321,30.47660072,59.97437977,30.72738007,59.34484822
4045,971758.6583,54401.80757,917356.8507,713400.6387,44992.81928,668407.8195,217088.7977,53679.66883,163409.1289,1.12142289,2.737138428,0.7780322376,94.37859279,92.78017086,93.41217098,93.34904534
4046,1122023.583,52394.40564,1069629.177,651448.4051,54198.47246,597249.9327,284925.0881,54605.85565,230319.2324,2.260367719,1.531134508,0.6737704386,86.29462615,92.6743387,88.32960674,91.69040973
4047,726086.7548,67143.00646,658943.7483,725963.5992,55449.72132,670513.8779,246761.5271,60554.2386,186207.2885,0.2966436283,4.740445851,0.8232652708,64.77862582,8.617847957,65.06795781,8.683303584
4048,47279.08811,47005.16548,273.9226348,49767.93554,53420.76274,-3652.827204,151713.4762,55000.97158,96712.50457,0.959322465,2.605069942,0.7124795154,93.92068476,43.13569696,93.58652235,42.23645557
4049,743420.7445,52910.59804,690510.1465,703149.3618,44982.04406,658167.3178,228375.4928,37587.09691,190788.3958,0.7576844124,3.173393847,0.9133467858,91.09217716,63.15104071,91.65888101,63.65396458
4050,74600.93459,65654.08173,8946.85286,42072.78386,51321.07753,-9248.293669,148479.9448,43227.71761,105252.2272,1.535374446,4.931138949,0.665392865,55.23748678,61.65760121,56.60824995,60.96594882
4051,137460.6699,49285.73224,88174.93768,142323.762,46408.96025,95914.8017,256638.0296,49909.56009,206728.4695,0.835674135,2.441298269,0.5700709471,52.89519256,31.56329926,53.44521234,32.19244908
4052,50568.96003,65070.19359,-14501.23356,48372.24973,57040.41569,-8668.165963,136761.6527,55746.85924,81014.79347,2.41274373,1.466415189,0.7913994657,89.93739699,81.11987532,90.75170125,83.39105142
4053,874115.8286,61717.99388,812397.8347,456790.6772,57372.13942,399418.5378,319914.3973,50714.03239,269200.3649,0.6960014841,0.9938795674,0.6916731644,61.51085607,12.73102698,61.30201903,13.39495857
4054,49961.81297,59544.70192,-9582.888951,63796.98615,59180.6525,4616.333651,75189.97729,39857.68987,35332.28742,0.7698257346,3.70296546,0.8234434782,48.11694001,34.59887013,48.86728945,34.77093807
4055,177122.2631,54435.16545,122687.0976,186912.8991,55668.17776,131244.7213,201766.0575,50944.07558,150821.9819,0.8590350992,5.824778318,0.7338720574,99.23130357,52.28182611,99.79275082,52.931994
4056,995162.2779,47193.80019,947968.4777,482417.2746,55187.21309,427230.0615,360973.6813,59582.40834,301391.273,0.2755551326,2.300302974,0.6683464527,25.87423264,71.4246716,26.04466418,71.64119809
4057,46269.88444,59073.34838,-12803.46394,35992.79936,49160.79091,-13167.99155,201416.0118,56511.18817,144904.8236,0.5214716565,4.041501239,1,89.71538685,5.597360087,90.10180034,5.947527618
4058,854903.5424,38326.69285,816576.8495,700217.0121,39757.46612,660459.546,213053.7264,36658.34837,176395.3781,0.528139697,2.209711595,0.8370086814,16.58527632,34.86835583,17.05394871,35.11182601
4059,958545.7128,70476.23933,888069.4735,651223.1474,42474.16648,608748.9809,305265.7053,39889.73111,265375.9742,1.566718474,2.32360825,0.9160231367,27.33721053,97.81255028,28.73269709,98.5247469
4060,52039.31513,54239.26582,-2199.95069,59468.13814,59531.63353,-63.49539097,98286.00996,54790.41947,43495.5905,0.9977829684,2.26086546,0.8530527112,31.19095039,95.14320119,31.00862394,96.12418433
4061,1077064.766,71107.10576,1005957.66,741853.1296,49067.86689,692785.2627,353351.1221,52788.9212,300562.2009,2.375004481,3.295384251,0.9436071684,23.9392946,95.88232757,25.97739829,97.10166331
4062,870812.7565,65481.81877,805330.9377,761924.9476,49363.59397,712561.3536,286525.568,57534.51555,228991.0524,0.5232431204,2.943688591,0.8086571215,93.24619921,40.96024746,93.32340891,41.47776271
4063,155030.5667,43248.99086,111781.5758,233337.3641,45906.90209,187430.462,161578.2549,39727.1701,121851.0848,0.2658993643,1.88882044,0.8073964383,86.69337311,83.18700015,86.82861697,83.41593588
4064,153866.2512,43243.30183,110622.9494,169154.9373,46177.18376,122977.7535,278886.0361,50943.02874,227943.0073,1.228183497,3.360204136,0.8903990377,9.68124322,22.13410956,10.89165204,21.9259145
4065,81588.91783,79223.63736,2365.280467,38516.84609,50261.51823,-11744.67213,48615.5687,50001.46728,-1385.898582,1.392131098,3.277199813,0.7191159803,17.84365776,93.08879695,19.20147602,93.39597534
4066,52863.35585,58461.88214,-5598.526283,49981.98085,54445.27654,-4463.295689,135667.0515,54540.80275,81126.24874,0.1989828277,3.48692935,0.7947166045,34.85494202,33.54389161,35.01163609,33.66653391
4067,37231.96773,54529.39674,-17297.42901,47924.02816,63081.18789,-15157.15974,95883.49954,57330.71928,38552.78025,1.635336538,2.125451504,0.7925518718,70.28821152,58.02368019,71.82742455,58.57608299
4068,202628.9372,51774.16802,150854.7692,214870.5675,48981.69811,165888.8694,224585.1697,54188.75534,170396.4144,1.742328505,4.933941269,0.7899145539,11.52779818,58.49874177,12.12448341,60.13571317
4069,274648.6512,54035.22061,220613.4306,171090.4239,60022.82681,111067.5971,175319.9676,43221.86386,132098.1037,0.4397645189,2.776459617,0.6351236452,98.52701837,74.928218,98.72258884,75.32210253
4070,142032.1507,60036.7417,81995.40901,196930.4155,66526.5581,130403.8574,265998.0993,51537.64087,214460.4584,0.3669842881,2.434842072,0.789845687,99.79600557,38.42384547,99.42983358,38.3994418
4071,751569.0719,48146.67936,703422.3925,689660.9306,51958.66053,637702.27,315382.098,60057.02164,255325.0763,2.188330882,5.452937785,0.8684055071,27.96687235,74.38886951,28.33244198,72.23128964
4072,255908.6084,44354.21097,211554.3974,156586.2663,65897.87213,90688.39415,208021.5783,58752.9869,149268.5914,0.8322462059,3.030856617,0.8647681165,80.82088582,57.80924989,81.33415822,58.46437216
4073,592205.2341,52369.28261,539835.9514,799108.5173,53026.28215,746082.2352,299118.6814,46864.52387,252254.1576,1.072790385,4.820153654,0.8734007672,32.88800971,43.50776469,33.51567152,44.3777761
4074,132502.6054,53062.19945,79440.40597,109763.3887,43251.59375,66511.79495,166200.9436,54130.5069,112070.4367,2.298298564,2.284008628,0.7230822708,77.24658615,75.49718504,79.53800017,75.67494347
4075,986927.8714,52330.91298,934596.9584,803826.8845,53506.56917,750320.3153,307679.9064,36491.39181,271188.5146,1.709102128,3.096830079,0.6507815689,29.2992268,4.269577379,27.76650161,3.513413662
4076,171458.1748,55625.58919,115832.5856,243774.0125,51518.61661,192255.3959,230497.439,45697.88052,184799.5585,1.098252085,4.73191665,0.929345947,28.98805789,31.2756708,29.31653208,32.32365093
4077,840384.7924,53843.50925,786541.2831,691904.088,57733.53766,634170.5503,317819.355,41667.94787,276151.4071,0.1500182479,2.464206755,0.7856639121,43.2417129,93.96801088,43.34555705,94.07627845
4078,60716.10036,60026.46266,689.6377064,35041.48594,55227.54378,-20186.05785,101535.1303,49075.99467,52459.13567,1.056480675,3.534771909,0.8022045702,24.23665339,86.85043399,25.26524942,86.60930826
4079,722916.8304,42878.96684,680037.8636,839803.2182,46532.74642,793270.4717,238787.1537,43766.88357,195020.2701,1.378398696,1.750852399,0.8712192164,54.3710903,94.20876278,55.31644019,93.20561944
4080,248934.3491,57296.81514,191637.534,245316.5297,56554.48987,188762.0398,190247.216,48439.32521,141807.8908,1.596627226,1.78601066,0.8587341276,22.56792662,15.92077232,24.16361998,15.86617211
4081,65454.2079,49855.03544,15599.17246,51900.45418,58923.72898,-7023.274808,192607.2186,38370.98249,154236.2361,1.570450094,3.080416103,0.9450493886,18.26760579,65.75087623,19.48560256,66.7422376
4082,904364.9677,59689.89943,844675.0683,683914.0612,43171.21917,640742.842,299006.0321,53864.29188,245141.7402,2.453202735,5.056987062,0.5962742944,69.74779258,63.09660452,71.83222104,64.39018932
4083,176090.3257,52210.85151,123879.4741,180089.3188,47541.13852,132548.1803,204270.9073,59084.50374,145186.4036,1.288112549,2.177385139,0.7605420359,49.96504381,97.42565699,49.99295347,96.13784684
4084,793056.389,55193.99546,737862.3935,597419.7775,55371.62633,542048.1511,242114.6202,57692.38855,184422.2317,1.602488106,5.267166613,0.672960116,9.272866824,0.6936276506,10.48670985,1.739836641
4085,70426.89047,62210.58947,8216.301002,35096.61389,51017.29267,-15920.67877,82600.35995,44644.24852,37956.11143,0.9081992077,4.701035024,0.7878263835,59.29384613,2.049749989,60.06160658,1.564600859
4086,818295.1582,43375.8353,774919.3229,641004.5713,67404.04084,573600.5304,287370.2598,44438.21079,242932.049,1.08584558,2.268695266,0.8851832038,98.31731377,25.39048196,97.52269602,24.65045274
4087,31772.33351,49471.49068,-17699.15716,37990.85328,48505.8139,-10514.96062,154220.6922,47109.86514,107110.8271,1.572950061,4.513396143,0.8016786727,29.79878592,81.61664622,29.94252734,83.18301472
4088,216176.0292,49451.69695,166724.3323,230234.9104,67247.70841,162987.202,194181.6844,46509.72247,147671.9619,0.6432492158,2.040492092,0.8698359433,38.27831838,77.90193908,38.54448031,78.4875391
4089,58473.96229,73620.59424,-15146.63195,62809.54951,49944.17035,12865.37915,186721.8663,45540.80005,141181.0662,0.8698100602,2.129757069,0.7176315009,45.271096,51.70325502,46.13258391,51.58322125
4090,51106.37892,48860.87139,2245.507532,37332.04853,46664.41359,-9332.365059,115501.2104,42313.24127,73187.96916,1.637726856,3.217964173,0.8860373747,9.005525177,93.84300464,9.575246171,95.37844179
4091,21284.39991,40987.43615,-19703.03624,58973.96879,61421.59513,-2447.626345,62260.43679,51387.38864,10873.04815,2.154298896,2.067952778,0.9531542042,70.87798576,55.41054422,68.80898489,56.01074348
4092,563402.7023,60700.73969,502701.9626,768057.3272,55945.04363,712112.2836,245193.0098,48540.62589,196652.3839,2.581180033,2.948995105,0.7911814476,24.39465481,88.42715793,23.58174726,90.87698888
4093,964706.7115,58401.38006,906305.3314,798571.6364,53047.78817,745523.8482,324021.8438,51728.41472,272293.4291,0.3745773449,2.036375372,0.7809209183,64.37724794,63.34363547,64.4824952,63.70312288
4094,926149.5288,52889.18344,873260.3453,715208.723,48276.28205,666932.4409,297381.044,42305.07441,255075.9696,1.879926862,4.735298698,0.8267922889,6.783432951,59.86095841,7.003918112,61.72791082
4095,866825.062,64679.35908,802145.7029,655142.433,57115.01111,598027.4219,325562.2344,62531.65666,263030.5777,0.9019379749,1.506157568,0.8209883668,83.77892857,13.4640181,84.65997371,13.65702481
4096,143874.5885,65435.74361,78438.84485,218123.326,54791.18453,163332.1415,213248.5932,42352.14888,170896.4443,2.089386569,1.718840179,1,44.14648236,10.89553375,46.1601186,10.33803459
4097,671905.7022,67200.91841,604704.7838,814182.3536,54737.49098,759444.8626,299981.8375,52169.44517,247812.3923,1.669218812,4.145742901,0.5365196006,9.96522515,32.9674874,11.07071955,34.21815665
4098,625454.0247,48320.02999,577133.9947,842301.1802,58062.42137,784238.7588,291094.027,48681.29472,242412.7322,3.469815373,1.643104024,0.9499712424,97.84374676,50.24227288,100.6471169,52.28695739
4099,162391.819,48593.95394,113797.8651,164606.7733,55950.15707,108656.6162,141621.9317,49455.59237,92166.33933,1.919636446,1.383217625,0.7562385166,32.03271445,77.44139863,31.48280162,79.28058322
4100,1051286.879,58037.2133,993249.6653,609389.8035,42717.25044,566672.553,289530.4901,47185.09657,242345.3935,1.210102885,1.471360366,0.9290474271,15.67389209,61.6949162,16.6799141,62.36742546
4101,206543.6689,55876.15182,150667.5171,130748.351,50282.29117,80466.05987,284152.1092,52040.58003,232111.5292,1.017739969,3.453091827,0.7494987493,14.43992964,98.85502391,15.02142782,98.01976675
4102,197466.9893,48344.54076,149122.4485,136001.8037,54589.26161,81412.54207,247570.7608,51760.55748,195810.2033,0.4737261003,1.823229598,0.7328255495,92.10454711,55.28570529,91.6490052,55.15571302
4103,211121.6511,54240.99741,156880.6537,176620.2234,52917.35788,123702.8655,201085.2329,58988.41863,142096.8143,1.219588737,1.159518692,0.8616991135,0.5991091142,33.45661922,0.5944459459,34.67619905
4104,141694.3488,42856.8097,98837.53906,154106.9934,56725.11098,97381.88244,217614.5967,37822.17728,179792.4195,2.848048944,2.057029294,0.8035971715,14.8081782,39.23569853,16.71308458,41.35294072
4105,179224.6341,58575.301,120649.3331,174018.1986,47737.05899,126281.1396,289282.6205,50404.83587,238877.7846,1.45369037,2.141605826,0.8722833574,54.42375826,0.7778175125,55.74999641,1.373055344
4106,859553.2926,48007.24776,811546.0449,739000.9338,49394.76332,689606.1704,284746.6525,62043.5643,222703.0882,2.65470614,2.878111423,0.6148268724,24.32123374,88.38417114,26.88245442,87.685878
4107,53432.48693,48879.57994,4552.906987,37646.66824,44482.56524,-6835.896997,93514.81256,41050.13246,52464.6801,1.488298537,4.923235866,0.6925486203,52.45251509,28.18354298,53.71034195,28.97909569
4108,25636.75628,54202.39013,-28565.63385,39824.9062,52816.8187,-12991.9125,160404.4112,63654.50491,96749.90632,0.6828221257,2.689887782,0.7467980495,14.75499823,12.18508376,15.43541689,12.24232455
4109,170627.86,53552.42592,117075.4341,118533.0558,53814.96394,64718.09186,200513.6972,57739.90322,142773.794,0.2190484939,2.726403924,0.7173897566,12.58932718,11.72066963,12.37029136,11.71831355
4110,248222.7799,49574.75737,198648.0225,172612.6729,46336.65492,126276.018,227111.5529,57370.9269,169740.626,0.8552913348,1.97251856,0.7628720456,25.87176286,37.12938933,26.72654801,37.15881084
4111,834487.349,41044.02997,793443.319,680015.1745,41850.23729,638164.9372,269689.9119,42179.58795,227510.324,0.69488709,0.6530287929,0.883454929,31.84020411,25.51963841,32.33299118,26.00956592
4112,824731.6223,58079.39141,766652.2309,792468.1612,55265.12873,737203.0325,269246.7347,50025.10561,219221.6291,0.0963183083,4.382453122,0.7484194409,90.75594873,24.63169761,90.85194671,24.63954644
4113,1053619.617,55326.01136,998293.6057,767373.7064,50398.31599,716975.3904,343370.3395,55794.93128,287575.4083,0.4943152472,7.205902132,0.6303592821,78.81776533,37.35427868,79.20327495,37.66368116
4114,206379.008,53883.74968,152495.2583,172574.6288,39242.64468,133331.9842,239122.2486,47770.03161,191352.217,1.79378288,2.435212006,1,11.45010416,56.97351773,12.6577919,58.29984625
4115,747227.3202,51499.24207,695728.0781,497063.772,61152.84921,435910.9228,256381.5756,47007.09984,209374.4758,1.391476133,3.432357956,0.7775922602,79.46246002,5.225403467,80.35101911,6.296229584
4116,807104.914,51392.98413,755711.9298,808214.2814,58214.24469,750000.0367,233683.6733,47802.95074,185880.7226,1.616991294,2.693344646,0.6383803079,21.53131083,17.16917612,23.07261002,17.65811135
4117,855936.5759,54674.16845,801262.4074,912643.5324,51034.18153,861609.3509,343370.8247,48723.59331,294647.2314,2.20234859,1.666069025,0.9979184482,92.61810798,37.43006264,90.4434779,37.77837763
4118,212311.4132,42249.9533,170061.4599,115610.4279,56654.08018,58956.34775,167854.793,50657.31926,117197.4737,0.4620113935,3.373183243,0.6470625401,20.78299161,26.5402456,21.21078447,26.71473855
4119,854744.7152,50696.87093,804047.8443,730029.6567,51253.93804,678775.7187,215689.5005,52568.69014,163120.8103,1.494481352,1.26506315,0.8277697646,94.7296233,67.26035115,95.74152231,68.36013972
4120,179219.6404,63090.76334,116128.877,183919.2447,70663.07578,113256.1689,227481.3214,56603.76494,170877.5565,0.5574298326,4.505235835,0.7857830722,18.94798499,60.60664577,19.24720274,61.07696137
4121,48696.38416,45623.94829,3072.435862,51954.99141,49133.92778,2821.063626,168631.7383,41119.5648,127512.1735,1.990507377,4.246498796,0.7885784608,67.95938328,45.85617746,65.98743767,45.58497619
4122,967882.0715,73874.35333,894007.7181,694431.9992,53748.83178,640683.1674,296702.9164,51855.51009,244847.4063,0.9349893675,2.980544988,0.5959282483,97.42207898,94.3140692,98.28991327,94.66201857
4123,199524.1488,44700.08718,154824.0616,176599.3487,54355.80593,122243.5428,215126.8841,47850.28627,167276.5978,2.38272754,3.022087615,0.5562985637,13.15809264,55.06635699,12.10175377,57.2021329
4124,30025.4438,38734.50808,-8709.064276,45257.4098,54349.75403,-9092.344234,100259.1671,54757.071,45502.0961,0.5182526592,3.518958169,0.6792199671,0.3131990966,69.18351048,0.6566849961,68.79543413
4125,60449.11341,49330.48446,11118.62895,60027.46541,54475.98341,5551.482,23725.76351,41144.62915,-17418.86564,1.147009709,5.517784246,0.6272671701,57.37226633,19.65693092,58.47481969,19.97317034
4126,53247.169,49711.43834,3535.730659,47565.56334,45438.57263,2126.99071,182931.381,64210.83484,118720.5462,0.6708650263,2.279427968,0.9050346744,40.27532349,6.240130468,39.99968335,6.851753226
4127,209255.2978,70335.90156,138919.3963,212462.4357,51819.78028,160642.6554,269044.5337,58334.86038,210709.6733,0.2742598072,1.405466107,0.6931101457,2.462570023,55.51712696,2.736786848,55.5122716
4128,205971.0765,67627.96459,138343.1119,188541.0498,48580.07377,139960.9761,192273.7257,45852.55762,146421.1681,0.8846802823,1.243966429,0.7356950292,10.51824287,66.99658628,11.1943695,67.56712286
4129,860101.5733,56694.82955,803406.7438,528914.2984,50240.13645,478674.1619,212057.5075,38892.76426,173164.7432,2.224305802,1.772165791,0.7727315799,16.92272444,17.50326491,18.85427176,16.40024123
4130,461655.0128,60492.67915,401162.3337,527484.6028,48980.5533,478504.0495,229928.3483,50000.88557,179927.4627,0.1272675754,4.202892806,0.8092962822,90.81717811,38.03741354,90.8407711,38.16247515
4131,1019946.14,70938.71686,949007.4228,866523.3207,65085.83106,801437.4896,392550.1715,55986.77774,336563.3938,0.8476418971,2.325392504,0.8883379578,61.36694253,66.60401394,61.98883347,67.17999001
4132,625286.1209,50398.57643,574887.5445,650708.6569,53552.58681,597156.0701,238061.9965,55919.01024,182142.9863,1.756756446,2.096756665,0.9130812423,96.61855944,22.82843625,98.26558471,22.21728896
4133,954477.4758,59129.78161,895347.6942,896882.9121,46633.6096,850249.3025,308129.036,50984.23588,257144.8001,0.3307881809,2.014099518,0.6605827421,25.31760392,7.805467698,25.37058199,8.131985913
4134,718983.248,67140.19536,651843.0527,767008.6133,55880.92605,711127.6873,304286.2083,50311.45167,253974.7566,0.7170511496,2.497350106,0.8114757918,64.31186195,87.67844742,64.63888451,88.31658424
4135,1058903.399,62645.0138,996258.3852,605351.8682,62160.93738,543190.9308,301382.9745,48194.3586,253188.6159,0.904375323,2.59871405,0.623227829,0.347892059,24.27277712,1.015493152,24.88286195
4136,825784.394,61748.82584,764035.5682,1027980.16,49749.38594,978230.774,232652.1235,39062.7574,193589.3661,1.605255822,2.454865245,0.8902832269,97.91121662,66.58040238,96.72165575,65.5025382
4137,54892.85177,49643.21178,5249.63999,42196.14039,46172.81736,-3976.676968,140151.1553,56318.80403,83832.35129,2.743544279,1.865140422,0.8828136252,87.01968032,61.94434594,88.34313713,64.34757238
4138,38801.75663,60548.05884,-21746.30221,29215.62829,47293.80883,-18078.18054,160783.5657,43645.85067,117137.715,0.9592508031,2.717534743,0.7377760412,80.46972509,69.42511414,80.26607409,70.36249793
4139,45880.73587,56003.80674,-10123.07087,36098.11507,47477.78833,-11379.67326,128482.5903,57815.5452,70667.04512,1.919220453,5.094370117,1,43.72281456,18.115671,44.78893614,19.71153814
4140,216130.7357,64794.69564,151336.04,185397.1714,63258.02898,122139.1424,254541.8694,44776.60216,209765.2672,1.487080263,2.089365192,0.8112023682,73.02573431,81.47151086,72.24693538,82.73834941
4141,932206.8586,52001.96566,880204.8929,807101.3484,63436.27674,743665.0716,260775.867,42371.3065,218404.5605,0.4890654784,6.27117287,0.6178160158,29.05361013,85.43743135,28.77133467,85.83681288
4142,114365.9138,53074.73677,61291.17705,173691.398,46623.24591,127068.1521,251606.2898,45301.57666,206304.7132,1.142345976,3.787637047,0.8618937312,43.51984832,80.92257622,43.80776196,82.02804448
4143,55489.56608,57567.39232,-2077.826242,69190.83159,51055.96183,18134.86976,79978.50099,57033.09615,22945.40484,1.319974385,1.591825245,0.8201811733,70.18455036,4.354756877,70.85753446,5.490285285
4144,156496.6378,54267.46268,102229.1751,147389.0048,56107.31308,91281.69175,215388.6978,50883.33536,164505.3624,2.851064404,3.540227118,0.7581840594,55.94941853,82.35948567,58.72568418,81.71070429
4145,225849.2877,52749.10852,173100.1791,181603.0551,51141.94841,130461.1066,244255.4379,56516.33622,187739.1017,0.8954334585,1.597112604,0.9009065405,81.10373021,76.60258989,81.32212894,77.47098097
4146,51116.06889,60228.50057,-9112.43168,79226.60646,66607.77543,12618.83102,129153.862,37633.01819,91520.84384,0.4185085004,5.287652556,0.6541278039,99.01329908,91.5519623,99.3450652,91.29685329
4147,95183.57969,60203.01421,34980.56548,130602.2236,40158.15654,90444.06709,232487.0968,55225.65811,177261.4387,3.23962302,8.510916012,0.8203070463,48.32416372,14.91347126,47.36450005,11.81925036
4148,173771.664,53361.93444,120409.7295,166164.0912,59236.04315,106928.0481,189376.6569,46599.46525,142777.1916,1.356909135,4.254667599,0.6797324024,36.97261077,92.71791286,37.52677226,93.95650377
4149,108980.8874,43722.44044,65258.44699,149887.2719,42082.18519,107805.0867,183314.4555,44819.83388,138494.6216,1.615148927,4.318633941,0.4002764346,83.98997084,1.374389632,85.334738,2.268988617
4150,57073.34905,65274.28108,-8200.932035,40176.55054,52719.42164,-12542.87111,168998.67,55591.46081,113407.2092,0.8759159667,1.243215651,0.7832916509,52.4983854,82.75223413,52.5983742,83.62242435
4151,886736.3792,71744.3252,814992.054,670270.0164,52081.55078,618188.4656,301258.0029,44163.81949,257094.1834,0.3011837052,2.709871689,0.7239342535,32.04522263,33.23223566,32.34383245,33.19294446
4152,141602.6926,60569.4085,81033.28414,141184.5454,47522.66746,93661.87796,298193.5936,57646.83192,240546.7617,1.449577522,3.48539276,0.6428031538,53.5884189,29.48979064,53.69015894,30.93579339
4153,41644.76317,52837.55071,-11192.78754,42178.58125,46426.7493,-4248.168051,209320.9078,59472.02151,149848.8863,2.692168572,2.27755495,0.788840909,71.47909611,29.20919279,74.16179248,28.98355635
4154,862398.6579,45674.73856,816723.9193,704015.528,58742.83481,645272.6932,279172.7487,50155.63223,229017.1165,2.172569179,3.612754239,0.6137448363,18.52756162,44.91505744,20.6594028,45.33375786
4155,65420.47959,52700.39917,12720.08043,34631.46362,45597.59606,-10966.13244,46915.83466,50627.48561,-3711.650954,0.3821758665,2.789052423,0.6999065197,26.9273778,57.46383834,27.28598355,57.59597579
4156,151674.6081,69445.82869,82228.77946,164735.1912,41886.62341,122848.5678,284500.4947,40730.45058,243770.0441,1.549934758,5.070664959,0.8522849408,84.01883498,31.30714503,85.44597528,31.91176748
4157,943269.9017,55671.45317,887598.4486,531723.4484,58516.63308,473206.8153,276723.5532,43328.89214,233394.6611,1.359858856,9.288347476,0.9002228183,5.557527273,87.28007893,5.978427139,88.57316029
4158,654798.1201,52176.44403,602621.676,777281.5967,48815.26142,728466.3353,301623.6897,39766.78459,261856.9051,0.2309476093,2.544204268,0.6263609377,91.08429659,77.85619992,91.18063346,78.06609514
4159,820819.8487,49500.19785,771319.6509,797250.6659,42996.2592,754254.4067,240590.6029,39129.43569,201461.1672,0.7338965584,3.023451436,0.9801760246,55.39685248,36.40690547,54.9644735,36.99990849
4160,831284.7371,60850.04421,770434.6929,827245.0186,47398.64445,779846.3741,264765.8546,51695.58323,213070.2714,0.9078888744,3.525343774,0.9016460921,11.63881152,69.0221531,11.94137979,69.87814063
4161,191246.5042,49513.10695,141733.3973,227071.8122,49877.72358,177194.0886,165216.7002,49272.41899,115944.2812,0.5246295702,3.809300744,0.8073005381,94.26648861,34.97560864,94.14650065,35.4863327
4162,778994.2207,46711.75405,732282.4667,600643.3328,46908.34357,553734.9893,322560.3315,52132.73402,270427.5975,1.20668626,1.828310911,0.8271114237,49.28734598,63.57554301,50.45897066,63.86431166
4163,247221.6086,51325.00087,195896.6077,219881.841,58525.64649,161356.1945,162726.1559,49752.68945,112973.4665,0.9204402747,4.633455209,0.7634868348,13.37533451,59.66569737,13.97879486,60.36071241
4164,835111.6704,56426.85985,778684.8106,881217.7041,40868.77538,840348.9287,316070.7558,46457.49266,269613.2632,0.7589760598,2.056592343,0.658707428,42.04015673,80.52424318,42.72980276,80.84115486
4165,836392.8199,49304.58671,787088.2332,644719.7657,44408.85175,600310.9139,262723.6744,25669.32259,237054.3518,2.277540092,1.983569619,0.8337416331,74.07363294,7.196240039,74.87186355,9.329316869
4166,219848.0347,52610.27528,167237.7595,146962.3549,57671.3819,89290.97301,241532.9312,60868.06558,180664.8656,1.165912298,4.247734603,0.8558254597,4.811399467,22.71895536,5.778122842,23.37072019
4167,999934.117,51609.02823,948325.0888,532127.7924,57787.07715,474340.7152,273398.5539,53589.07976,219809.4741,0.4188194391,1.42156075,0.8613154476,55.15141286,46.86047218,55.37319295,47.21575139
4168,54593.30313,66103.2883,-11509.98517,53695.60916,52430.95293,1264.65623,99510.44867,40543.08751,58967.36116,1.30113249,3.296198573,0.7146762404,29.17403998,19.02742926,29.93342977,20.08396743
4169,170647.9028,48292.09338,122355.8094,144951.9307,44426.49096,100525.4398,198432.9848,53526.96298,144906.0219,0.4400761706,2.026433682,0.7569693729,22.9785824,14.94047045,23.1091201,15.36074054
4170,127642.0958,47023.04823,80619.04761,122230.9291,62813.14163,59417.78748,212802.2331,63467.1433,149335.0898,0.5292459095,4.151712639,0.5852964989,54.17388249,18.74187554,54.55284783,18.37243474
4171,235531.327,56882.96065,178648.3663,179060.96,61235.3169,117825.6431,257466.4888,48680.92543,208785.5633,0.3608430517,2.272689209,0.7244143269,72.63959572,73.1139865,72.85077786,73.40657804
4172,733286.9517,45662.5595,687624.3922,835131.7631,41138.88314,793992.88,279361.9821,52906.47427,226455.5078,1.851154639,3.234991198,0.6729843809,97.87587155,76.46078628,98.64223137,78.14585783
4173,44571.52513,53139.72745,-8568.202322,71971.4973,61101.81375,10869.68355,84769.49615,51992.81628,32776.67987,0.6988810947,5.769744768,0.9399997426,21.52841788,75.5488611,22.15150518,75.8654002
4174,240238.4466,46331.45779,193906.9888,121731.6177,48068.00122,73663.61652,221711.0631,52204.9273,169506.1358,1.481609969,3.368515341,0.7173912903,80.64634851,7.85476228,81.98102726,8.498035717
4175,171578.809,60011.61891,111567.1901,228440.0625,50442.55844,177997.5041,235849.1104,48823.95039,187025.16,1.553517103,2.467355143,0.8416259238,5.099931832,52.77807947,5.320937044,54.31579598
4176,807088.5206,52500.53789,754587.9827,834354.936,55278.1963,779076.7397,290800.3256,42705.74369,248094.5819,0.6730566928,2.822903412,0.9177364141,24.07584989,75.49588347,24.732435,75.64387436
4177,791801.0387,43442.20326,748358.8355,523557.1738,40458.09878,483099.075,237878.3751,51346.76383,186531.6113,0.7552857717,2.183801236,0.864813185,6.359355262,25.3622156,6.047264261,26.05000612
4178,203644.6884,56736.32032,146908.3681,171987.1027,52667.76054,119319.3422,261442.8805,60348.85223,201094.0283,0.3564976515,3.088975804,0.7522303625,98.41775099,4.416930834,98.74192161,4.56526824
4179,759272.2704,49378.30795,709893.9624,720378.2112,39520.53605,680857.6751,294229.3119,51786.83465,242442.4773,0.6053934526,2.46281394,0.8523577373,27.17882209,83.23842903,27.78415812,83.24676703
4180,898392.876,53385.74248,845007.1335,793757.7759,48405.98556,745351.7904,375087.8551,50781.85789,324305.9972,0.7515606264,1.385595088,0.5779864962,37.7428965,50.848956,38.24687378,51.40649548
4181,63790.48295,64134.02922,-343.5462636,52151.23058,54279.43045,-2128.199874,204280.8037,51421.81845,152858.9853,1.296282208,5.885876796,0.7714464243,52.15231699,88.62594715,51.24185419,89.54866329
4182,935991.9922,59579.6651,876412.3271,617769.0218,47579.11578,570189.906,315384.1059,35360.84783,280023.2581,1.315209453,8.144457253,0.8537250908,8.93922262,24.94698275,7.957976403,24.07123635
4183,141103.8069,57515.39181,83588.41509,195865.5027,63688.87346,132176.6293,234269.7528,51655.80256,182613.9503,0.7375437435,2.881786418,0.7704225962,97.01694563,5.991803176,97.58284289,6.464805366
4184,865702.6474,50740.08585,814962.5615,733936.0266,47764.80545,686171.2211,304241.3289,55484.45786,248756.871,1.202506519,2.835948124,1,16.66098549,64.04082909,17.67058919,64.69406894
4185,858167.0891,59063.62875,799103.4604,839883.1686,60406.23312,779476.9354,270793.4012,48850.94721,221942.454,0.241686074,3.078484999,0.9258904094,96.74046434,98.80035741,96.98190758,98.8111888
4186,59813.2567,62427.12034,-2613.86364,61856.04453,53121.29841,8734.746122,109558.778,38891.07684,70667.70118,1.938599745,3.73642033,0.6813817687,75.39876993,1.303609101,77.17363702,2.083362752
4187,989395.7501,61931.29673,927464.4534,690119.5983,49107.23358,641012.3647,369209.5494,46580.59028,322628.9591,0.7298618099,4.386442899,0.7669172195,31.45523132,33.06672284,31.68275912,33.76021355
4188,76290.00113,60007.32919,16282.67194,55259.39546,61486.7272,-6227.33175,176407.3821,53553.30785,122854.0742,1.206785384,3.549869255,0.8806112289,89.5123562,58.93347064,90.5095206,59.61317214
4189,925279.9808,47185.62311,878094.3577,803550.1329,58864.99899,744685.1339,248552.3788,51324.12018,197228.2587,2.34821987,3.676577547,0.7967500215,81.443417,54.58319884,83.67654854,55.30932563
4190,204427.8031,55996.88822,148430.9149,221707.4741,52500.47383,169207.0003,228196.249,38197.77589,189998.4731,0.7027204928,1.709007626,0.8492478348,31.25986576,27.51173502,31.31559576,28.21224216
4191,48086.68985,57930.09703,-9843.407175,38004.34088,53240.34541,-15236.00453,88817.53808,48995.36685,39822.17123,0.8729143216,8.371365916,0.8187121071,1.523049364,75.44808666,2.05279456,76.14188018
4192,784868.8578,53690.13042,731178.7274,815714.5065,48710.97732,767003.5292,277685.821,54446.87601,223238.945,1.223557731,1.815252769,0.8092552681,14.8947095,78.85232574,15.8671237,79.594959
4193,709429.4589,60270.39856,649159.0603,766935.4502,45376.22667,721559.2235,246163.4844,51592.36867,194571.1157,1.845701125,2.391235734,0.802148255,81.04538837,25.62529079,82.88931372,25.70623488
4194,59531.55991,55446.05352,4085.506394,25238.37999,44284.46183,-19046.08184,174531.993,60866.69039,113665.3026,0.1309789125,2.122268278,0.7102958148,56.58012632,42.06046483,56.56557368,42.19063278
4195,34819.70773,48546.09563,-13726.3879,51022.29062,52579.40413,-1557.11351,230706.6428,47951.44907,182755.1938,1.675015468,4.488148179,0.8628064311,84.37026367,53.11009506,85.93437324,53.70945979
4196,25733.42263,51043.18467,-25309.76204,65896.51635,59806.67356,6089.842788,128380.8385,55380.75718,73000.08129,0.5999763302,1.66660054,0.9719160486,16.94486576,82.68628053,16.38219817,82.89455147
4197,180193.5013,59633.33229,120560.169,140466.7527,36500.35677,103966.3959,211238.5212,46586.85397,164651.6672,1.170520301,1.87084532,0.7989261554,48.49695973,98.43814504,48.94509081,99.5194851
4198,178120.9972,52517.23886,125603.7583,205265.7762,60365.90674,144899.8695,197429.4522,65321.13225,132108.3199,0.8991323464,4.760455537,0.5500173143,10.70155155,59.16226881,11.45826751,59.64788176
4199,45623.94777,54364.69859,-8740.750823,75333.36535,57427.62522,17905.74013,219621.6183,47170.85601,172450.7623,1.394100275,1.718271735,0.8635815835,3.787405375,61.15968289,4.512128805,62.35060334
4200,58244.24222,60707.16474,-2462.922517,36335.90644,50507.12693,-14171.22049,128526.0587,46384.26171,82141.79698,1.194364533,2.19047113,0.7328386039,29.42657122,20.18793926,30.48245672,20.74616184
4201,60428.54717,63037.53829,-2608.99112,55122.35648,53964.04167,1158.314813,129154.0945,46972.12349,82181.97097,1.556599371,4.960067618,0.6197419501,45.71218849,54.94650591,47.06691845,55.7131273
4202,185583.6305,44233.94983,141349.6807,186563.941,56697.14136,129866.7997,243027.5866,60229.44703,182798.1396,1.353406801,2.234415122,0.8600909104,55.85609587,36.91838182,57.1866185,37.16621136
4203,732219.9666,50461.84392,681758.1226,800360.9579,50804.61005,749556.3478,213600.3953,55711.35938,157889.0359,1.377394516,1.367750481,0.6889110401,77.0089411,93.13847384,77.15584523,94.50801202
4204,207780.0607,59914.01174,147866.0489,164639.2138,44104.15103,120535.0627,162605.2358,44064.20647,118541.0293,0.9042928311,3.483447666,0.7504564261,54.19079395,81.6290621,54.95969054,82.10502803
4205,624019.5311,62945.08398,561074.4471,684914.8845,45987.19479,638927.6897,221546.0729,34542.32852,187003.7444,2.999340356,5.30056148,0.7037038503,57.00177119,51.37910316,59.1025117,53.5198815
4206,225421.8784,61450.90906,163970.9693,200584.3065,35985.2993,164599.0072,184947.6232,51568.0772,133379.546,0.6899628346,2.257719211,0.6606174826,59.2612287,97.08356522,59.71752311,97.60110182
4207,58368.88634,53096.5225,5272.363841,59708.04783,59066.55543,641.4924003,208472.673,51401.41944,157071.2535,1.780341464,2.511119914,0.8231573387,88.32961007,8.248763855,89.60298404,9.493004372
4208,893248.7212,55868.27583,837380.4454,742565.4412,54432.22413,688133.2171,266039.1271,49021.42477,217017.7023,0.06401227366,2.437521981,0.6196108962,56.23669297,71.00382009,56.300079,71.01275219
4209,43310.75065,34807.10576,8503.64489,33811.13584,53519.83993,-19708.70409,163345.9079,51680.8677,111665.0402,1.158652211,2.306818588,0.8430598184,26.65725554,57.26288499,27.8155699,57.29086335
4210,224061.988,68670.62826,155391.3598,154938.8406,38315.74779,116623.0928,288070.3162,54357.49369,233712.8225,0.9845217404,1.492936023,0.8207951715,87.32552672,10.13462742,88.30433957,10.24049745
4211,856645.0453,36691.32368,819953.7217,934004.0009,53629.1094,880374.8915,313993.8009,52750.50072,261243.3002,1.06983447,2.390989656,0.8680851914,78.44759699,98.05229554,79.28583366,98.71705495
4212,193318.7553,59763.70652,133555.0487,181342.0286,59377.62641,121964.4022,243773.8754,52906.62097,190867.2544,2.320009598,1.980852158,0.5798714324,98.07022932,83.67224293,99.90806117,85.08815911
4213,920419.3197,45240.8978,875178.4219,541701.9189,72788.64834,468913.2705,265511.0035,36904.55514,228606.4483,1.437606207,2.881702227,1,40.010985,70.39634743,40.78606589,71.60711629
4214,519948.3165,61324.3282,458623.9883,722874.6432,46660.48755,676214.1557,255667.5792,49245.43585,206422.1434,0.6856857165,2.954667159,0.7889763967,58.95004227,7.229570298,59.46986405,7.676728228
4215,59962.42836,47855.9187,12106.50966,27554.08833,42647.42796,-15093.33964,81645.07606,33947.92428,47697.15178,1.253664482,1.205442078,0.7831515381,5.358572555,50.66026992,5.930298797,51.77597765
4216,841523.2575,61551.46612,779971.7914,636220.4049,41990.20159,594230.2033,275586.389,45686.74316,229899.6458,0.2492895851,2.079205013,0.8672770457,73.54787987,33.74845148,73.79073767,33.69218971
4217,845788.8375,62004.16825,783784.6693,528989.0675,53367.1218,475621.9457,267970.6537,66378.29053,201592.3631,0.6920717889,3.767310721,0.7237148287,91.23547053,45.23687351,91.49881412,44.59686295
4218,50756.39677,47533.60194,3222.794831,49194.62179,53889.83711,-4695.215317,181468.9564,67690.05961,113778.8968,1.116368815,2.348617147,0.7900642524,64.74755703,39.26902254,65.53576398,40.05959773
4219,851938.8423,58343.36145,793595.4808,596550.6882,65013.47264,531537.2155,263584.682,53979.02143,209605.6606,0.3731683958,2.64500364,0.6505243444,38.75031879,37.11889525,38.87930006,37.46906447
4220,33845.69631,48180.35218,-14334.65587,61582.22738,62044.75048,-462.5231041,115529.4864,37194.97382,78334.51253,1.246473012,4.012319217,0.6391321727,63.74535442,16.3415085,64.33779787,15.24482909
4221,48731.90857,57385.283,-8653.374433,51913.66746,61225.63111,-9311.963643,197746.6061,51614.43198,146132.1741,0.9711412238,1.990230002,0.764144734,88.21832128,84.56165597,87.28550393,84.2915318
4222,214237.186,41904.65336,172332.5327,169159.3394,49837.76351,119321.5759,236205.0816,56437.64659,179767.435,1.098053026,1.690220534,0.6833128092,69.68155406,22.41516557,70.7679514,22.57473142
4223,995820.7881,59278.14388,936542.6442,632634.6294,50398.09499,582236.5344,312186.8652,49243.76121,262943.104,3.527462707,2.739667039,0.9311861886,74.74464826,35.01716534,78.24882614,35.42180157
4224,34221.35148,49906.98996,-15685.63848,55791.24621,63008.94472,-7217.698504,189867.133,52611.87537,137255.2576,0.06973303728,3.903441002,0.8516686562,16.98882213,50.31743394,17.03182587,50.37232815
4225,58269.0996,48666.55328,9602.54632,56320.52646,43212.60218,13107.92428,143501.2292,36341.25442,107159.9748,2.202634902,4.042905937,0.7835009819,85.71467259,92.63485039,87.89550025,92.32567209
4226,61708.34705,51517.9379,10190.40915,54292.53586,51809.85621,2482.67965,146279.6037,58022.10978,88257.49389,0.3853769155,1.809934442,0.8253308886,53.38874122,68.74091828,53.69070174,68.980366
4227,822171.9198,46683.14126,775488.7786,807877.7488,53826.43272,754051.3161,276800.3474,34220.30433,242580.043,0.8453897216,2.407129236,0.8636464994,0.9540762943,98.34802448,1.635644625,98.84817285
4228,56070.49109,58789.17479,-2718.683694,40171.40161,46490.37544,-6318.973829,130445.7164,48474.131,81971.58544,0.5704510652,3.38461328,0.7705463092,10.02037369,4.484514072,10.52696719,4.746768617
4229,646269.8314,51768.09281,594501.7386,560535.6999,49559.93226,510975.7677,218842.3035,52950.20246,165892.101,1.324042714,6.219589214,0.7610467424,77.90874256,52.83106976,77.58077133,54.11384955
4230,749515.7568,50727.63925,698788.1175,634962.0466,47867.76353,587094.283,336015.6671,52429.74379,283585.9234,0.4479047082,4.618219659,0.9824169368,96.93938785,42.02805767,97.37322237,41.91667441
4231,48855.68142,52553.29216,-3697.610739,31669.41603,43385.25108,-11715.83505,145435.9505,50518.93186,94917.01866,2.980811684,3.328583264,0.7457790035,88.83323647,20.61675724,90.59146063,23.02380649
4232,247358.2307,63411.53012,183946.7005,191843.704,56388.23835,135455.4657,279273.1609,58491.72747,220781.4334,0.4386966333,2.137480774,0.5976500525,54.83363815,20.99556823,55.06928077,21.36560511
4233,584754.9202,57416.46161,527338.4586,730308.9605,47160.52302,683148.4374,224673.2264,37432.24105,187240.9853,1.558773102,4.853525507,0.9016942612,93.57059496,6.957094995,92.16009891,7.620626811
4234,20008.5884,47124.90876,-27116.32036,60238.01518,59956.42104,281.5941381,165361.3156,53265.95264,112095.363,1.727709157,2.222231942,0.7470682739,58.77158559,36.23420018,59.52460143,37.7891748
4235,264354.2696,46664.33243,217689.9372,74369.8015,51541.89303,22827.90848,202424.2505,41859.8326,160564.4179,1.522526423,1.950591219,0.6779992839,88.76088495,89.0042881,89.23928788,90.44970061
4236,319261.7893,58869.18833,260392.6009,159543.0165,43328.40607,116214.6104,164129.9751,47529.59734,116600.3778,1.887899665,2.586843096,0.8904809884,60.61681178,11.43135876,62.14055012,12.54598274
4237,193291.5309,59052.76234,134238.7685,167457.7926,48134.38717,119323.4054,214164.3959,38078.51237,176085.8835,0.6574429548,0.9758633509,0.6557560342,59.87309009,44.91026389,60.45051164,45.22461335
4238,60481.79776,68534.90135,-8053.103587,50177.22171,46029.42026,4147.801445,169266.0336,49618.75284,119647.2808,0.1925481211,3.773750617,0.757728107,92.93254871,72.51654378,92.81903279,72.67207164
4239,130194.7244,50874.83221,79319.89223,112892.7189,43369.47906,69523.23986,260839.3832,54680.76369,206158.6195,1.632555787,2.731740789,0.9934097603,72.56795094,67.41738408,73.56358549,68.71119637
4240,248780.494,65635.22566,183145.2683,160228.0964,57267.25579,102960.8406,173220.7929,46416.39568,126804.3972,0.793286442,2.521017951,0.4189704326,28.31286137,71.71732046,28.02033879,72.45470361
4241,201226.022,54566.54446,146659.4776,127227.269,45798.72084,81428.54815,257945.774,50378.63767,207567.1363,0.2364652796,2.784869513,0.7295690373,94.08392007,47.65336296,94.31904375,47.67851621
4242,169674.1078,56561.08544,113113.0223,178239.4875,53042.497,125196.9905,219729.0616,35170.61559,184558.4461,0.8494157024,2.009355169,0.80944876,77.88929903,20.82880471,77.78683973,21.67201829
4243,885155.7484,47667.15878,837488.5896,714811.2703,46158.68023,668652.5901,244678.9959,46800.90701,197878.0889,0.6823042573,3.250135181,0.8383627772,10.987393,57.21305898,11.17089778,57.87022341
4244,765730.1324,57034.61413,708695.5182,943793.3832,61954.21857,881839.1646,303699.806,62374.50902,241325.297,0.9874308446,2.007264295,0.6730888874,40.22738288,70.8370378,41.20719137,70.95949182
4245,249048.3802,40652.94394,208395.4363,145426.4466,50970.58876,94455.85784,216763.3338,50551.86834,166211.4654,0.7726021989,1.518562877,0.625609836,48.02029923,17.42087295,48.44721854,18.06480933
4246,56960.14098,49620.4223,7339.718673,64506.0903,55178.91357,9327.176733,134334.0221,48390.773,85943.24912,0.05206177099,1.364645083,0.7957469642,94.40002119,66.10531823,94.41178487,66.15603355
4247,251770.0735,53632.12292,198137.9505,182759.9758,55790.44708,126969.5287,166234.06,50191.49066,116042.5693,0.5892641014,4.206242789,0.9331240652,47.52253342,91.17791291,48.08024853,90.98768662
4248,51444.70738,62227.71534,-10783.00797,63587.61509,59668.54662,3919.068469,124022.1686,47226.19251,76795.97614,1.713598686,3.179612008,0.7147881682,35.67538309,64.45947359,37.34834256,64.83045482
4249,910265.3551,59435.25954,850830.0955,840177.4326,48100.28055,792077.1521,226873.4591,46744.03045,180129.4286,3.506624058,2.681109376,0.6849411321,48.19139172,94.78131558,51.67474242,95.18465184
4250,636665.3008,50708.00184,585957.299,773644.1392,57621.34947,716022.7897,282189.3278,53751.43634,228437.8914,0.8353846831,4.089730218,0.7118575407,79.13419262,65.32729944,79.41591827,64.54085286
4251,179039.4922,54941.11251,124098.3797,185451.6106,52157.83865,133293.7719,220305.1216,57713.66839,162591.4532,0.3494940309,2.829515116,0.698603224,77.73412214,5.433830129,78.0001144,5.660533004
4252,54271.47933,54671.88561,-400.4062765,44666.69118,48199.05925,-3532.368065,114552.8005,45350.17854,69202.62194,1.636508108,1.634134343,0.7251300545,53.7798897,69.15361593,55.40193292,69.37072097
4253,33521.73653,38733.56101,-5211.824475,50299.07028,48890.903,1408.16728,119885.3132,40514.40115,79370.91206,0.3430377736,1.177828024,0.8324383416,31.58467332,57.4389646,31.927556,57.44927882
4254,57976.26864,53848.7216,4127.547031,59310.14401,55173.34252,4136.801483,168305.103,53413.2302,114891.8728,0.3876413972,1.402289115,0.6900564342,16.36373423,32.72334046,16.29743304,33.10526978
4255,1115798.684,57522.81815,1058275.866,744567.9071,49110.38363,695457.5235,246028.6051,47678.03936,198350.5657,3.116783289,3.550286379,0.7105032843,48.30476779,42.10407395,48.28557407,38.98734976
4256,760467.7594,64935.25833,695532.5011,754064.7633,63027.59591,691037.1674,341750.5975,56315.40757,285435.1899,1.367435175,2.632279643,0.6543686377,94.27803346,84.75593294,95.3319943,85.62716512
4257,225379.3821,55116.18246,170263.1997,125132.2719,50762.43566,74369.83624,183728.463,42984.29855,140744.1645,2.421642516,4.061337141,0.7711277819,83.03987589,47.67025725,85.44709166,47.4063165
4258,757532.7592,57283.6628,700249.0964,446183.0903,45491.5588,400691.5315,301381.0587,48850.85427,252530.2044,1.201005914,7.654464231,0.8770465147,62.24636861,43.35217749,61.5097459,42.40359845
4259,878049.2054,48588.54749,829460.6579,833317.8975,50842.08421,782475.8133,249563.0635,57619.61825,191943.4452,0.1932993204,3.711117425,0.6287105834,35.35720955,82.85374454,35.28400193,82.67484437
4260,74071.89845,66774.39852,7297.499935,55875.64738,64120.87011,-8245.222724,131919.1459,54696.19077,77222.95517,1.714357353,3.861318175,0.7982445972,60.91718194,18.00743768,61.99851608,19.33775253
4261,52435.09287,49565.97294,2869.119924,50226.63813,52950.85005,-2724.211921,149062.0968,57223.12692,91838.96983,0.686788817,3.494994442,0.7167612669,2.316574797,23.99161162,2.941372421,24.27675511
4262,48942.13353,58976.73059,-10034.59706,51779.43665,50027.66419,1751.772465,130569.299,44975.44527,85593.85372,1.035109873,4.331165875,0.9253526256,53.42693211,93.96974411,54.43003362,94.22516499
4263,38859.39868,41000.96851,-2141.569825,59308.23546,49403.83251,9904.402951,160382.4462,44932.73826,115449.7079,1.904821488,2.181097581,1,15.32687942,68.20770349,16.84787531,69.35440154
4264,230868.6505,63034.88984,167833.7606,178861.0636,52407.93511,126453.1285,262077.1063,57121.32928,204955.7771,0.8851316533,3.842304975,0.8988207533,64.77915724,61.70975787,65.64898814,61.54589134
4265,45336.73152,49027.14949,-3690.417976,49387.82834,50651.95374,-1264.125406,71804.80438,50871.58805,20933.21633,0.4882971437,2.252172188,0.6548584352,71.51167019,2.917713974,71.84716349,3.272507364
4266,207454.9907,58290.87233,149164.1183,195973.5369,52360.31846,143613.2185,282067.9962,58521.08362,223546.9126,1.923336455,4.328417345,0.605361448,58.15338905,39.45827911,58.12770412,37.53511417
4267,1106613.407,41142.64467,1065470.763,708600.7837,45051.95088,663548.8328,300594.2939,59396.70585,241197.588,1.793322421,4.606270582,0.8529874739,36.87239714,83.6570349,37.89641983,85.1292383
4268,47487.06091,55536.76342,-8049.702508,51756.02415,49861.08999,1894.934154,124395.7519,52471.13826,71924.61364,0.3283392625,1.51743129,0.6530142213,61.82181124,73.25009553,62.14319389,73.31732544
4269,219223.923,54348.92459,164874.9984,167371.8068,46302.05191,121069.7549,233575.1437,49227.88132,184347.2624,1.010242228,1.616755169,0.8333769169,45.97494182,36.15953093,46.25685922,37.12964017
4270,763583.1774,52710.88013,710872.2973,776677.4594,41852.57951,734824.8799,220369.9719,45680.55514,174689.4168,0.1546415446,2.015461751,0.6006404539,90.62615227,49.89825934,90.59586792,50.04990651
4271,801457.5413,51324.12032,750133.4209,875946.4397,35918.76741,840027.6723,311206.312,54966.22173,256240.0903,0.4521097868,2.373383533,0.754340889,87.70388736,74.42668749,88.15012571,74.49931387
4272,58506.40435,55625.24635,2881.158001,66848.67321,54493.62774,12355.04546,196596.8395,38714.16072,157882.6787,0.7279246548,4.517803755,0.5617496419,62.37460859,91.6042178,61.75322198,91.9833655
4273,47891.53253,62250.61119,-14359.07866,42008.48448,47785.09665,-5776.612168,126061.7134,49022.0704,77039.64305,1.349708128,2.146294444,0.915510053,28.92685575,64.08505895,30.27228611,63.97768485
4274,244352.8609,51397.15738,192955.7035,141218.9821,44255.15863,96963.82342,207682.0094,31749.48381,175932.5256,1.870723953,3.882894342,0.8113103533,39.30517365,11.30748442,41.175094,11.36231144
4275,80551.8374,74092.60224,6459.23516,40716.69681,50022.16058,-9305.463771,133416.0443,55849.27775,77566.7665,1.473470759,1.847672073,0.7425704142,78.47039184,22.19256802,78.92570778,23.59392574
4276,52077.4061,63956.51584,-11879.10974,36189.12142,47835.48926,-11646.36784,121359.9034,58318.90435,63040.99907,1.945356019,1.490654656,0.7009420094,2.678252566,10.47770899,4.247667191,11.62720791
4277,130505.414,49175.25121,81330.16282,177273.3352,60460.83251,116812.5027,212974.6527,52736.37202,160238.2807,0.3673086191,2.953009755,0.7178758377,87.4709785,22.24373484,87.74945337,22.48324969
4278,621087.2642,55672.14524,565415.119,762321.3572,59629.96387,702691.3933,374186.3445,65578.68799,308607.6565,1.6708189,2.335925519,0.742263478,82.88431952,3.768959071,83.64827382,5.254896358
4279,812653.6452,61099.96975,751553.6754,809187.5958,56421.39085,752766.205,117990.2694,32731.30488,85258.96448,0.7052243806,3.114452541,0.8338260554,61.74504831,99.65845005,62.4380076,99.52749642
4280,759136.9318,55304.24882,703832.683,748440.1615,48610.12825,699830.0332,332269.1709,52434.37385,279834.7971,1.464442997,1.388236844,0.8258843736,61.70873735,0.5222005929,63.14933523,0.7853944885
4281,897118.8125,54641.21622,842477.5963,624897.0703,68088.28132,556808.7889,348609.9863,63187.54304,285422.4433,0.6313412449,7.856351544,0.7120192884,56.7608555,35.15322241,56.70883559,35.78241689
4282,46102.76886,55154.72589,-9051.957032,56122.60675,65683.05616,-9560.44941,189837.8742,49058.54943,140779.3248,1.432023714,2.5262315,0.8024918402,77.05709746,89.36552965,78.09990932,90.34697519
4283,951542.2679,48638.84747,902903.4204,408587.6022,52021.60745,356565.9948,212787.1472,42063.51938,170723.6278,0.8599879567,3.976634639,0.964119759,82.88648133,80.51116714,83.67069002,80.86414875
4284,141689.448,43904.75058,97784.69743,180587.2195,57704.18095,122883.0385,183134.9734,40484.00637,142650.967,1.523009142,3.935977378,0.7999779752,37.05779939,13.66138655,37.74715224,15.01945484
4285,224174.7468,54351.94397,169822.8028,156784.8942,58420.0116,98364.88264,213878.4975,44200.12964,169678.3678,1.95467663,3.079264738,0.6376384451,22.99172586,5.853868491,24.9069607,6.244555378
4286,188482.4293,49982.69176,138499.7376,189332.3384,46169.20151,143163.1369,211761.3428,51130.89376,160630.4491,1.395073932,5.270567963,0.5730913107,29.57941702,6.259731552,29.99782996,7.590581616
4287,1059060.758,47075.60118,1011985.157,940944.4344,48344.38617,892600.0482,297845.4913,48422.50166,249422.9896,1.225795891,4.393991308,0.9778337389,14.85750684,47.5830723,16.04241494,47.89702827
4288,45558.13463,59280.05809,-13721.92345,39832.41495,43485.57613,-3653.161174,141255.4295,49223.43476,92031.99471,1.072753257,2.57244548,0.7740505321,61.0088369,54.31207494,62.01126962,54.69408044
4289,209651.9491,51319.90875,158332.0403,169989.6278,57467.47143,112522.1564,190576.6632,51296.23522,139280.428,0.1843802636,3.425344874,0.6143393937,68.2094104,98.8043703,68.21074575,98.98874573
4290,880968.1714,69269.03921,811699.1322,908230.5759,56303.31773,851927.2582,257007.7709,50391.26518,206616.5057,0.6747874746,1.224203186,0.8976703017,52.25940377,4.616300041,52.92948289,4.695874544
4291,35708.76792,51263.03163,-15554.26371,52560.74203,47621.06309,4939.678945,80022.91481,40199.8734,39823.04141,0.6507621528,2.179619714,0.8367007799,38.26045385,61.78218497,38.88038795,61.98010691
4292,51200.72074,64028.93026,-12828.20952,35046.04038,52856.30358,-17810.2632,110940.4511,56077.39721,54863.05393,0.6339068605,1.952583104,0.63911558,83.26850233,83.19225404,83.89838127,83.26360131
4293,654231.9452,50150.59199,604081.3532,795846.8221,63361.32524,732485.4969,256667.9829,44327.30698,212340.6759,1.697683082,3.650605622,0.867739909,57.81652496,97.93414893,59.39500974,98.55905986
4294,782505.6428,62216.56405,720289.0787,815558.4497,58136.65337,757421.7963,234204.7606,42272.79277,191931.9678,0.9588860128,2.531488739,0.7583640077,56.56136798,60.36099092,57.39674673,59.89024181
4295,903537.9223,48676.3337,854861.5886,577592.9966,54737.49504,522855.5016,353132.4357,56503.64139,296628.7943,1.250130616,4.351962674,0.7811971124,9.969925524,31.31604451,11.22005465,31.31411146
4296,937131.8258,65388.94711,871742.8787,757786.3574,49286.35397,708500.0034,317369.1553,52181.88286,265187.2725,0.8112520315,3.128061587,0.7643414472,85.76064214,17.26098877,85.91496225,18.05742782
4297,732805.2202,52144.2519,680660.9683,690729.0603,37685.27414,653043.7862,324714.7968,55152.45799,269562.3388,0.9747123299,7.810052239,0.5805303546,58.88827925,89.71653037,59.7956452,90.07255164
4298,94170.84442,74959.49303,19211.35139,45380.85706,51395.07523,-6014.218167,162524.2945,52912.75635,109611.5382,0.5725483482,2.738694805,0.8957478401,62.14476719,38.59490737,62.6810253,38.39431114
4299,54771.21915,57423.37317,-2652.154019,37183.20972,50228.57917,-13045.36945,113920.1674,56187.51089,57732.65654,1.880164291,2.028697153,0.8419929029,70.19177556,97.29212376,70.72718362,99.09444336
4300,129686.9535,46558.37661,83128.57691,194179.3798,53081.0039,141098.3759,182922.0385,32902.31999,150019.7186,3.413199165,6.513610077,0.7139321853,87.43555156,45.82162383,88.2577162,42.50892495
4301,196118.3633,39344.41998,156773.9433,169886.744,43798.37997,126088.364,208458.0929,51055.1226,157402.9703,0.04295857496,3.498260501,0.6561589826,81.37744403,1.601701226,81.41977908,1.594408568
4302,642111.3429,55280.99943,586830.3435,745425.8232,51835.1285,693590.6947,249761.442,42311.90329,207449.5387,2.544125747,3.693366933,0.6632497127,83.77748457,47.37101074,86.04849042,48.51779244
4303,877963.9648,67261.11243,810702.8524,899257.5089,51524.45058,847733.0583,279838.0116,59565.53303,220272.4785,0.7412815368,2.647985614,0.8934577187,40.58392219,31.1056269,40.80891767,31.81193798
4304,858042.682,43405.35818,814637.3238,690224.889,51959.70405,638265.1849,283477.8603,62259.97627,221217.884,0.5670415747,5.751872593,0.9186153343,53.99668207,2.308260984,54.51941234,2.528009051
4305,856612.3181,44127.4529,812484.8652,728887.2339,50098.67073,678788.5632,350910.4674,55301.0371,295609.4303,0.4463602386,1.589141644,0.7426023561,56.15005764,14.33551486,56.55098749,14.53171047
4306,183286.9394,45923.07693,137363.8625,166319.7205,56053.25126,110266.4692,199292.6145,58036.75779,141255.8567,2.065230023,1.778777094,0.6704622282,93.87613082,27.6806174,94.93945577,29.45107359
4307,836998.3124,69744.46972,767253.8427,836298.5589,51712.44418,784586.1147,349062.9168,53192.81404,295870.1028,2.846804206,2.476173495,0.7876974057,42.18026036,99.82377897,44.95667504,100.4529178
4308,28323.48725,43539.34607,-15215.85881,43493.11939,52581.86673,-9088.747344,70565.59136,51500.94861,19064.64274,2.092487495,3.585057691,0.9257227385,32.65497564,77.21076914,33.26471981,79.21244743
4309,56199.18695,48228.56023,7970.626722,59117.22688,56524.73625,2592.490633,155134.1838,47071.91188,108062.2719,0.4088121677,1.989010359,0.7612294228,76.38048471,76.05405607,76.71755358,75.82272955
4310,828942.9122,50336.86492,778606.0473,790509.8454,47873.60516,742636.2403,273182.3458,44521.62684,228660.719,0.3768995114,3.552487221,0.8480487223,94.1424998,96.25495911,94.45220207,96.04016212
4311,46950.73783,60654.24157,-13703.50374,34012.53542,46134.00402,-12121.4686,149389.283,46647.40711,102741.8759,0.7233686806,3.153079679,0.9003857683,33.46784355,13.95457082,34.11934673,13.64023685
4312,240841.6856,63584.61775,177257.0679,173879.4142,56183.22935,117696.1848,231171.774,53415.86838,177755.9056,0.9086909363,2.080716219,0.7604026793,34.62656863,88.92095203,34.11833809,89.67422551
4313,733828.8168,44229.07523,689599.7415,515301.6778,48842.18082,466459.497,271112.7536,45570.95864,225541.795,0.6997357473,1.896068524,0.8091769433,3.200458589,84.04644067,2.938337165,83.39765529
4314,219835.6282,56926.47094,162909.1572,213264.4811,55519.85628,157744.6248,208453.4274,50999.56425,157453.8632,1.350932518,4.849314581,0.6665461,22.35502651,83.9700389,23.69697055,83.81445979
4315,215463.4787,62973.43823,152490.0405,147792.7963,54298.62998,93494.16634,177639.9875,60707.57443,116932.4131,1.310878428,1.01316606,0.9094448603,18.91644656,2.486131909,20.07604033,3.097478406
4316,61295.28169,62603.25655,-1307.974861,63326.68758,58208.56061,5118.126972,221553.9706,53456.19067,168097.7799,2.590858187,2.300469642,0.6604722656,84.39844222,1.766140431,86.73674664,0.6503991598
4317,67538.19026,62759.94523,4778.245025,40584.7244,61939.30543,-21354.58104,110265.1763,47537.71612,62727.46014,0.3158867751,1.587396884,0.6216349308,3.701315018,40.61301984,3.803938864,40.91177191
4318,207214.3204,46167.44422,161046.8761,148172.0232,42606.83425,105565.1889,168835.014,46313.93081,122521.0831,3.004707703,2.606433931,0.9091608659,90.39696596,51.60896136,91.81844952,54.25615853
4319,225043.5334,47130.57917,177912.9542,208994.9808,44462.53003,164532.4508,299991.2681,46146.11137,253845.1567,1.053778108,2.845980834,0.735707062,84.63876016,28.27483459,85.06151745,29.2400934
4320,55364.87203,47094.24485,8270.627182,50994.4102,51276.56499,-282.1547849,145789.5273,50005.72878,95783.79855,1.420031238,1.239205685,0.7160750517,24.09654835,78.30667211,25.05814769,77.26177238
4321,62501.1994,58294.29958,4206.899821,44717.75275,60389.14061,-15671.38785,108308.36,55249.46347,53058.89651,0.294484087,2.657723364,0.91463682,95.97215163,41.18107444,96.21123473,41.35300509
4322,61592.7536,64700.78187,-3108.028275,58864.32513,59561.51,-697.1848734,123707.5464,54602.51253,69105.03385,1.669227011,2.217494501,0.6795618409,61.78565573,20.32682095,60.82675154,21.69313774
4323,46376.70502,52977.19453,-6600.489512,42124.1623,48191.68648,-6067.524179,196433.1432,58382.47,138050.6732,1.977205403,2.935428109,0.8877739552,83.70712511,87.32446734,85.64983015,87.69221497
4324,896888.3429,58998.33453,837890.0084,734810.9135,49146.04993,685664.8636,278393.6563,48604.49795,229789.1583,1.450199287,1.732234175,0.5125160048,34.4182492,16.00881266,34.0140445,17.40154255
4325,52770.17622,60242.68841,-7472.512197,46384.71556,49992.30433,-3607.588774,78949.79186,42083.5038,36866.28806,1.94198009,2.82946022,0.8193470372,95.27303827,63.04489927,93.34085673,63.23973551
4326,91328.71281,77168.81388,14159.89893,49144.10967,42097.67034,7046.439327,197591.573,40851.12117,156740.4518,1.513056445,1.311296347,0.7023389413,40.1419086,34.27490913,41.54051591,34.8521763
4327,69832.1196,63499.22657,6332.893032,48315.97637,45996.13653,2319.839841,153869.9045,42936.37468,110933.5298,1.46219379,1.868669216,0.9386951598,72.22634875,65.86741184,72.51230612,67.30137107
4328,818277.4241,66125.51803,752151.9061,803006.1645,47515.91159,755490.2529,256951.3737,45890.20276,211061.1709,0.1414736621,3.68267888,0.7023503468,91.66492465,30.60609051,91.79847262,30.65277818
4329,992984.442,64321.93673,928662.5052,454163.7229,45718.92233,408444.8006,274265.2331,57080.63845,217184.5946,2.799421881,2.217903376,0.5589283509,56.2124584,7.633259691,55.65283098,10.3761742
4330,211852.1499,45958.472,165893.6779,220625.9184,52839.98766,167785.9307,203323.8151,51199.4222,152124.3929,3.299598981,1.287628716,0.7566166693,79.10296787,20.65447122,82.36252203,21.16697504
4331,195128.9262,68087.64763,127041.2785,106350.1748,68587.09216,37763.08264,274864.344,46279.24078,228585.1032,2.367928307,2.189708003,0.855098416,63.48419736,60.90021484,65.49305289,62.15384314
4332,568653.6835,55753.9909,512899.6926,789606.1841,56317.71368,733288.4704,241755.5755,49517.62772,192237.9478,0.9281354324,2.262192683,1,89.25668544,75.20860935,90.18203066,75.13669545
4333,803857.5309,55774.49525,748083.0357,882610.511,65924.54532,816685.9657,297083.0408,41040.9116,256042.1292,2.109692497,1.316062818,0.8774775381,60.32678025,57.80924575,61.61562225,59.47948188
4334,773743.129,51335.80425,722407.3248,596845.5476,51724.38212,545121.1654,300764.2873,45452.52388,255311.7634,0.9050108666,2.023556183,0.8649348468,49.85208544,39.61707516,49.05923461,40.05346057
4335,201283.8637,65616.18509,135667.6786,210999.0474,51359.90238,159639.1451,182031.2573,45980.49502,136050.7623,0.6443833538,3.71159997,0.893990161,81.66959929,2.472882493,82.29929137,2.609695482
4336,219525.7785,63722.49624,155803.2823,134227.6982,57939.09363,76288.60454,263970.2963,46809.8301,217160.4662,1.263460062,3.333170837,0.823739464,87.26691051,58.77679487,88.3277252,59.46309183
4337,942298.9058,47480.48024,894818.4256,697443.9342,48100.37293,649343.5613,310585.1222,58597.47666,251987.6455,1.902719273,3.095423195,0.8847770664,53.92049351,46.46475733,54.24097977,48.3402917
4338,209015.6046,64499.02607,144516.5785,216530.1903,56098.78835,160431.402,255754.5859,62678.06594,193076.52,2.895560698,2.15775397,0.7380655112,17.95036806,42.28753343,18.47040431,45.13601268
4339,764827.0914,52590.45332,712236.6381,711544.9315,53636.52485,657908.4067,280294.1406,56186.19633,224107.9443,2.064721257,4.357820663,0.7374754578,84.54014578,41.30012976,85.60817908,43.06715515
4340,33090.97612,44162.37899,-11071.40287,44369.24347,42490.69417,1878.549294,98140.2206,46258.30338,51881.91722,1.50393295,3.033616945,1,1.669376366,83.35290594,2.343086647,84.69749836
4341,754609.634,54299.96139,700309.6726,623681.925,51312.57615,572369.3489,291489.4813,53006.46043,238483.0208,1.420529606,2.685126345,0.8246815918,40.3857701,54.76596637,41.7019994,55.30023669
4342,794728.1439,54405.93458,740322.2093,712825.7672,45620.37841,667205.3888,300719.343,52261.22439,248458.1186,0.4875839483,1.57355671,0.6819851621,9.003613027,86.16424364,9.472764513,86.29704044
4343,727620.6452,45402.01581,682218.6294,683845.5701,59553.52842,624292.0417,317443.2671,47374.39184,270068.8753,1.32294813,1.969117123,0.7518216618,14.40244266,16.00336511,14.25944045,17.31856172
4344,114851.6901,53669.15425,61182.53585,207464.22,57734.33838,149729.8816,232191.3016,40519.98519,191671.3164,1.368424565,2.956502159,0.8193157204,21.02030728,77.69448489,21.4378867,78.99763999
4345,273914.0132,42520.33988,231393.6733,183541.0623,52116.72227,131424.34,245396.1198,55926.2023,189469.9175,0.4956699126,2.334188657,0.7374015378,83.19471737,62.09313699,83.2690734,62.58319805
4346,725861.4727,53590.95516,672270.5176,804568.9349,56345.65734,748223.2776,281420.8601,47228.43092,234192.4292,1.325545464,3.928001561,0.6163159034,31.56603053,46.61269716,32.85762633,46.31461823
4347,126762.126,57227.56796,69534.55809,134490.1911,42234.7244,92255.46671,220286.519,45251.64348,175034.8755,1.245045586,3.024478757,0.7457722462,30.5442426,19.72200295,31.7814572,19.86142513
4348,894596.3931,48505.93443,846090.4587,706946.1409,46373.1968,660572.9441,293673.5402,56355.82172,237317.7185,0.3170207902,6.529284034,0.8754640856,45.4881618,48.61456189,45.17396701,48.57232669
4349,755940.0072,59523.60993,696416.3973,755754.524,60679.7766,695074.7474,389448.0305,48905.39819,340542.6323,1.142181993,7.680786508,0.8408217303,82.42167625,74.03705201,82.43002528,75.17920349
4350,217501.5718,55175.85569,162325.7161,124419.5958,47806.55806,76613.03769,136164.3584,48421.08133,87743.27703,1.038642113,1.199956228,0.744916768,48.95262121,68.90808135,48.2592365,69.68138276
4351,228688.3399,59458.57102,169229.7689,252833.6869,49021.1347,203812.5522,285260.838,34140.09175,251120.7462,0.633882546,8.695937063,0.8784230202,59.84642459,45.71759977,60.25682401,46.20069333
4352,830697.0571,77742.17012,752954.8869,682330.0688,65138.10186,617191.9669,295926.2772,60920.40228,235005.875,0.6934669559,3.873100334,0.6164529783,40.52527664,53.8421408,40.46319872,54.53282362
4353,748726.1205,56275.13129,692450.9892,688327.8595,45694.39376,642633.4657,378309.9633,59243.77029,319066.193,1.4259504,6.798889214,1,34.64944514,67.41942043,35.73189483,66.49117629
4354,88982.68397,70623.678,18359.00597,68359.63695,58256.14253,10103.49442,160408.5574,47244.56871,113163.9887,1.693837704,2.478777354,0.6896082617,55.21178238,72.47711287,53.90321871,71.401591
4355,572595.9668,45679.33073,526916.6361,834313.9984,48209.78441,786104.214,326377.4457,42292.65653,284084.7892,0.6990352235,4.326267325,0.9143931624,5.459716883,83.42578342,5.854217166,84.00286207
4356,267091.6308,66002.3856,201089.2452,148985.0934,59192.22126,89792.87217,140153.7994,45151.37105,95002.42839,1.111399822,3.257802674,1,63.30253241,38.25032758,64.32441561,38.6873222
4357,1094212.643,61528.79986,1032683.844,597932.792,48552.92954,549379.8625,339118.9893,63416.71657,275702.2727,0.6649597572,3.862963432,1,76.34367228,40.8944803,76.76089877,41.4122578
4358,661213.8204,59243.55605,601970.2644,688923.4194,49150.86551,639772.5538,288832.5951,49936.8959,238895.6992,1.457904875,3.008692731,0.8747976289,10.3393669,26.03907576,11.70265224,25.52241368
4359,122747.1009,47404.03925,75343.06167,140029.8056,51884.15076,88145.65485,225938.2266,52173.10698,173765.1196,0.2838654498,3.622852429,0.8053716935,34.16692182,9.969326596,34.43790982,10.05385528
4360,260608.8644,60918.38131,199690.4831,101372.2451,43314.17421,58058.07086,218403.1464,54771.52102,163631.6254,0.264671592,3.571619994,0.8629025294,48.32525197,39.04457522,48.09652587,38.91140081
4361,237947.0941,57396.36669,180550.7274,149943.582,45262.88593,104680.6961,205903.4398,56228.89403,149674.5458,2.193165322,3.721622494,0.8027489783,21.54093909,83.73432938,22.74773137,85.56562032
4362,230367.8657,40252.89669,190114.969,184778.8587,43247.0963,141531.7624,268008.3027,44024.71004,223983.5926,0.7222666893,3.212655938,0.9477217924,14.22428641,79.01593259,13.54643579,79.26530722
4363,736140.9953,41913.05033,694227.945,468833.5919,66028.21277,402805.3792,278739.2411,45931.38116,232807.8599,1.690113151,9.909215971,0.6876757088,13.7176109,48.46929393,15.38017297,48.16536987
4364,215356.0886,55975.63653,159380.452,192976.0425,60994.11136,131981.9312,179121.6695,49143.341,129978.3285,0.4674205343,2.034157681,0.7323761633,47.19029279,76.4485811,46.95414615,76.85196271
4365,248884.6798,60337.68793,188546.9919,174633.4143,27842.11407,146791.3002,206899.1578,45987.63999,160911.5178,0.2173960398,3.108783875,0.819979454,75.24859389,6.112224919,75.37420816,6.289656855
4366,815788.9932,49271.90774,766517.0855,661338.4808,31992.97679,629345.504,331638.4421,54803.59903,276834.8431,0.1797943089,1.838186066,0.9651240955,98.67826166,23.92596925,98.8579919,23.93076843
4367,762372.6371,63295.20528,699077.4318,719133.2148,55755.92956,663377.2852,335019.3949,49398.62952,285620.7654,1.896546629,2.303696665,0.7497446517,40.74149589,86.00637174,40.22061325,87.82998639
4368,765107.4487,49182.17677,715925.2719,760784.1069,54230.0859,706554.021,327070.4573,57243.3523,269827.105,1.610411094,3.671126779,0.7173747614,58.66430685,12.6118123,59.55359783,13.95441627
4369,835997.5157,48112.25669,787885.2591,623842.0206,62659.08873,561182.9318,300761.5667,57827.26028,242934.3064,0.7463875457,1.955691856,0.7920348068,51.90685395,70.38320232,52.13068965,71.09523599
4370,36079.74474,36847.82354,-768.0788,40908.75914,48478.43604,-7569.676902,158934.7669,52551.54647,106383.2205,3.042744466,3.229554251,0.7241994647,51.34067667,21.81635,53.41487512,24.04255635
4371,67061.74484,61450.49207,5611.252779,46498.74566,53695.48285,-7196.73719,161394.3139,48727.25481,112667.0591,2.948262994,2.520321726,0.6631508649,64.1016688,15.7111189,67.04041484,15.94781785
4372,69750.7162,64699.49244,5051.223761,47917.02455,55314.61185,-7397.587304,131931.9317,53755.67419,78176.25752,0.7518538395,1.739521245,0.7981960063,59.52274883,63.4759246,59.74779502,64.19330763
4373,169440.8813,49509.63306,119931.2482,202475.2861,58793.04978,143682.2363,175809.3269,58706.17414,117103.1527,1.328132762,2.857430575,0.7514522643,22.19885264,42.16833837,22.61757495,43.4287384
4374,42609.39251,58175.93472,-15566.54221,63312.73502,63465.80709,-153.0720689,123062.1138,43419.88707,79642.22674,0.3763011568,3.289336938,0.7415540696,64.33075676,37.65595341,64.30489144,38.03136458
4375,1045281.598,59727.68575,985553.9119,748128.1153,42571.10146,705557.0138,294610.073,51344.48323,243265.5898,1.232387625,5.110299506,0.8619919455,10.89300553,12.34278898,12.07888291,12.67816055
4376,843320.2185,65540.48819,777779.7303,842408.7473,66660.02919,775748.7181,271990.9715,49320.00907,222670.9624,1.036156094,4.439832071,0.8673745758,14.85752645,72.16268518,15.69035325,72.77914197
4377,768317.163,54558.84488,713758.3181,589606.9388,35702.03167,553904.9072,367391.0952,52977.82228,314413.2729,0.6002800052,6.928546373,0.7362839999,33.03670946,67.0571113,33.47640924,67.46576787
4378,56177.46689,47723.91231,8453.554585,49691.86074,57841.82379,-8149.963052,138748.883,44089.18953,94659.69349,0.7256960022,4.617891289,0.7129281976,83.54446384,69.59212659,83.76916776,70.28215763
4379,212615.9778,72537.31866,140078.6591,167003.5747,39686.52197,127317.0527,269709.222,66916.79295,202792.4291,0.1745208504,1.699493414,0.6360646929,79.49174589,71.61148324,79.60420394,71.47802645
4380,37229.25165,38823.33066,-1594.079019,45167.83797,50889.27657,-5721.438604,159998.7811,54702.06525,105296.7158,0.3718553454,1.339391934,0.6541473793,75.8561871,48.69105788,76.21726936,48.77991734
4381,28539.65869,48082.22145,-19542.56276,49853.15805,42145.71998,7707.438067,56983.13805,41138.93975,15844.1983,0.9987766959,1.513221337,0.6591986259,13.8281386,10.22238942,14.40592825,11.03707587
4382,189805.1564,48449.27297,141355.8835,145925.67,65637.07069,80288.59934,262478.3217,45790.71537,216687.6064,1.200177362,2.81085351,0.9252765996,81.15042323,56.19995798,81.89927547,57.13785244
4383,37359.0817,45524.4834,-8165.401696,48004.03224,58506.26718,-10502.23494,97084.86473,53444.20326,43640.66147,1.484182732,2.340936458,0.7163996173,44.80945429,31.946948,45.51037605,33.2551938
4384,58940.92471,67341.03559,-8400.110875,62731.53567,59215.47304,3516.062624,107489.5797,52223.24996,55266.32969,2.143230792,5.723163178,0.6722398257,88.19120269,3.177559467,87.69386084,5.262287101
4385,158740.6992,49798.40081,108942.2984,195674.14,43192.2267,152481.9133,218248.6481,46943.07968,171305.5685,0.8628028069,2.5495496,0.5739073397,71.85801036,11.60697306,72.49638847,11.02654039
4386,724395.7177,61163.07767,663232.64,479850.3153,52279.90819,427570.4071,266162.663,48615.98294,217546.6801,0.7780349911,8.610074525,0.7082875141,80.1970911,59.59769273,80.83367933,60.04501126
4387,1143805.192,53560.20959,1090244.982,849981.9254,56655.71744,793326.208,322720.9152,55931.46325,266789.452,0.678520037,3.942465505,0.7892276958,50.01153824,19.69618656,50.54678644,20.11319832
4388,195485.8423,57653.39793,137832.4444,156234.519,56815.72549,99418.79349,227115.0697,43379.89334,183735.1763,1.151855067,5.242548774,0.9473009399,73.16811843,98.17015649,72.86307685,99.28088586
4389,686732.6212,52680.78241,634051.8387,769279.9018,46574.75935,722705.1425,297055.6107,55849.19351,241206.4172,0.8048202584,2.933357458,0.9202983369,35.31040492,30.58485055,35.84740437,31.18432302
4390,25551.2239,42573.06667,-17021.84277,54264.21848,56188.46982,-1924.251338,166960.8162,52815.38281,114145.4334,1.553654246,3.99367843,0.636254938,48.09943321,95.53480978,49.6524914,95.4917773
4391,623079.0677,43772.94665,579306.1211,644852.5057,48925.74298,595926.7628,246376.4246,49959.22818,196417.1964,3.681993684,3.251754378,0.7232998268,27.62583953,61.22948101,31.30290604,61.03906223
4392,870075.0195,43478.44011,826596.5793,535983.3812,56458.21311,479525.168,278360.1034,40239.19873,238120.9046,1.103863251,2.192798679,0.8742712737,8.20776734,44.06430932,9.271515547,43.76942997
4393,174450.2244,65617.60598,108832.6184,203441.0016,52722.694,150718.3076,193237.4914,67287.44566,125950.0458,0.2231522023,1.770512124,0.8937795347,3.992979569,88.24311701,4.041329586,88.46096829
4394,199946.7287,56731.71788,143215.0108,129776.9405,56910.04503,72866.89543,155158.8019,53206.30901,101952.4929,1.117332225,1.642131571,0.8743827363,73.01172684,39.74386778,73.84959586,40.48306113
4395,47920.6762,37485.78149,10434.89472,54628.52046,44098.43033,10530.09013,146864.9739,49851.37917,97013.59469,1.278454231,1.891689699,0.8056356893,59.84280354,76.96523219,58.97517257,76.02626375
4396,74964.4211,65883.68659,9080.734511,33816.93734,48516.94313,-14700.00579,138411.2894,43002.61011,95408.67928,1.610257791,1.913351587,0.6771784197,45.03460208,59.00824884,44.91032196,60.61370348
4397,34583.60011,51813.97223,-17230.37212,51562.09703,51072.34117,489.7558631,92463.4081,46697.12022,45766.28788,1.890494699,3.443122562,0.7212065097,99.82953473,80.03483402,101.7155712,80.16459
4398,212871.4194,48122.39278,164749.0266,215613.8076,57965.24973,157648.5579,251051.2632,38133.56939,212917.6938,0.2150662066,2.889543413,0.8271960098,8.014621064,86.15993433,8.20391934,86.26201095
4399,966932.6435,53126.31885,913806.3246,687174.1874,52315.29905,634858.8884,263008.3221,49783.10992,213225.2121,3.01996967,2.081363657,0.6979755613,19.73825492,48.45620056,21.48788938,50.91770337
4400,67117.88892,66061.14345,1056.74547,52256.26212,55513.04232,-3256.780209,106680.6677,48027.5905,58653.0772,0.4592899249,1.534865244,0.8779348589,92.11772004,56.31538816,92.57586442,56.28296968
4401,169812.4215,53277.08014,116535.3414,231299.7902,49897.82437,181401.9659,243625.3697,48249.01155,195376.3582,0.3879852971,4.610939972,0.8203022724,61.7914245,29.11415345,62.1580554,28.98721103
4402,852642.1323,50240.79173,802401.3406,738703.5284,48359.32378,690344.2046,215933.8769,47463.29463,168470.5823,3.45200888,3.021799558,0.8323504848,65.82650217,26.68621574,67.49726454,29.70696373
4403,42880.07683,46530.84323,-3650.766401,38579.95315,48308.75469,-9728.801541,223636.272,50504.92442,173131.3476,0.2869387497,3.31320775,0.5918941937,18.3737666,32.58285194,18.65220286,32.65218515
4404,50696.82761,50428.99573,267.8318815,82899.10553,70974.16918,11924.93635,151224.2851,41141.12739,110083.1577,2.80481594,3.472610384,0.904200403,7.441750648,1.607600855,5.911561548,3.958241995
4405,57946.54964,54817.23362,3129.316018,43915.66062,47377.56336,-3461.902748,69027.64067,49849.0013,19178.63937,0.7404816868,3.220723597,0.6518270565,30.25722169,86.94914477,30.99675605,86.91170066
4406,888061.728,63075.36535,824986.3626,865242.0403,62764.52399,802477.5163,352339.1037,38093.03408,314246.0697,1.461073341,2.432816813,1,67.6082097,78.58937302,66.23895181,79.09914567
4407,876222.167,60261.574,815960.593,723272.8096,52149.11708,671123.6925,324864.5165,49407.07634,275457.4401,0.215988222,2.136015291,0.8316696503,55.84349768,95.24446942,56.05947841,95.24267152
4408,50758.97929,45825.03308,4933.946206,65453.88988,62610.58401,2843.30587,123403.5961,37625.94891,85777.64718,0.2631795308,2.024121858,0.8064622844,65.35921469,64.93140835,65.5489221,65.11382151
4409,963695.5903,58746.63301,904948.9573,703408.8837,56691.13344,646717.7503,287499.5267,50968.11922,236531.4075,1.4463269,2.235307813,0.8230961362,11.75585901,86.93166986,12.77446398,87.95846361
4410,170129.4993,50549.59523,119579.9041,156554.9824,64977.07628,91577.90616,179487.8316,41570.59657,137917.235,0.1386708483,1.835857781,0.5944077034,3.407264411,44.28785641,3.524813012,44.36142223
4411,212936.5606,46308.3657,166628.1949,165696.5227,51797.21779,113899.3049,247999.5386,51681.11436,196318.4242,1.271256029,3.041260348,0.8667320112,70.94858697,22.95200292,71.95594102,23.72745745
4412,660748.4447,56121.95459,604626.4901,692102.8314,48197.57789,643905.2535,301985.3909,48489.44099,253495.9499,0.5396537909,4.208225104,0.7043759588,49.11855389,84.12425258,49.25338351,84.64679176
4413,592616.9163,55751.04032,536865.876,760804.4737,51114.61441,709689.8593,290784.1172,46974.43882,243809.6784,0.9164920292,6.314118356,1,58.1645508,46.1767315,59.02288831,46.49800142
4414,215011.8583,52473.8684,162537.9899,149702.0012,46639.28517,103062.716,148868.0989,58912.55969,89955.53917,1.116958505,2.219281635,0.7014317818,62.42448622,41.97342096,63.53370978,41.84219831
4415,823679.5014,55636.43256,768043.0688,783221.1459,34627.9481,748593.1978,271721.6173,59207.15495,212514.4623,0.8833361826,2.486866174,0.6661541575,88.49699981,92.70725085,88.85585783,93.51440867
4416,932901.1832,51456.90597,881444.2772,739986.8689,55697.04528,684289.8236,272924.9571,51482.43001,221442.5271,0.6156820156,2.830851974,0.8784835123,12.925655,36.99365536,13.49153815,37.23622618
4417,181243.6569,45675.67702,135567.9799,152558.0312,56360.91844,96197.11277,150394.1153,65675.3488,84718.76646,0.451658024,4.105313198,0.6697554333,87.74164485,86.29684649,88.13941728,86.51079056
4418,904752.6678,56542.65569,848210.0122,695812.0646,48941.25084,646870.8137,319415.697,65089.90867,254325.7883,0.9170307413,8.706764722,0.5990465204,80.91484769,46.67825342,81.75614886,47.04316122
4419,603093.5815,47241.99817,555851.5833,679338.7912,56677.79451,622660.9967,265414.1018,51228.27519,214185.8266,0.2777767252,1.094895225,0.8986783599,15.67845658,21.45144757,15.87054176,21.65210447
4420,63687.09858,58417.72614,5269.372443,52630.03662,47185.71813,5444.318492,161330.9696,40345.68566,120985.2839,1.759763846,3.041442345,0.6738725306,78.6611948,90.67477421,80.08525597,89.64093738
4421,912108.2426,54499.41217,857608.8304,720964.8678,39213.25757,681751.6103,374715.1692,50290.87794,324424.2912,0.6708432855,2.170795944,0.8446051893,63.32172914,5.805168434,63.48947366,6.45470095
4422,148896.4847,56006.58807,92889.8966,149250.4857,51242.844,98007.64166,240079.8668,59703.319,180376.5478,0.1457485587,1.387302714,0.6228602298,63.79899965,60.1931521,63.90566515,60.29247537
4423,47607.55207,61248.13838,-13640.58631,62814.02569,62323.00822,491.0174616,163053.2844,55174.41092,107878.8735,3.135215833,2.643679247,0.6444924561,38.94676074,74.7739503,40.07285247,77.69995367
4424,948177.1572,63361.31518,884815.842,657664.6706,39478.4815,618186.1891,318145.879,49076.87633,269069.0027,1.308580411,3.229264397,0.9450602657,51.64267744,60.47744631,52.94175984,60.32006904
4425,775650.7589,42141.69237,733509.0665,728769.3582,58695.8861,670073.4721,262662.7095,61957.53794,200705.1715,0.6083747964,3.456404417,0.7088721607,74.50644803,34.90516011,74.86936905,35.39343075
4426,51288.04184,57242.20232,-5954.160477,61270.92459,56221.3876,5049.536985,148751.6065,52350.41271,96401.19379,0.940854888,6.996793481,0.6839485479,67.47909833,69.97841051,67.79741859,70.86378056
4427,945331.3818,62474.81871,882856.563,770527.9517,43840.93875,726687.013,270733.462,42665.08076,228068.3813,2.182261833,3.814396214,0.8849688207,13.94479305,28.91074086,14.03707146,26.73043092
4428,82488.11335,65574.43555,16913.6778,56276.34773,52226.9261,4049.421628,162116.7303,54624.15587,107492.5744,0.2613152635,3.077379673,0.9969206601,41.51860213,55.27020984,41.37127739,55.48603636
4429,805053.3841,51805.92737,753247.4567,671905.9424,45634.1426,626271.7998,267295.9001,53514.30035,213781.5998,0.459305721,3.984267525,0.6415729745,89.67348072,4.519248632,89.95596195,4.881417233
4430,979237.0668,47804.03093,931433.0358,545302.6508,52998.24632,492304.4044,297602.6314,64513.16769,233089.4637,1.357916537,4.002292642,0.7662594279,64.4769266,30.16471045,65.81354076,30.40429321
4431,60596.75831,55353.434,5243.324303,68503.7304,70320.86048,-1817.130082,132276.6302,46517.64359,85758.98658,0.7546846035,2.103914929,0.5585858754,91.5943395,92.70646212,92.34805695,92.66826721
4432,218390.0814,59459.16398,158930.9175,121169.7093,50992.75265,70176.95669,115636.8526,45025.19621,70611.65643,1.184291377,4.932043432,0.6656076096,16.55133082,94.16459603,15.44144154,93.75144731
4433,884914.87,52350.50382,832564.3662,745093.8751,52625.02513,692468.85,273655.5291,47907.70103,225747.8281,2.879486711,3.223771235,0.778683923,29.01500427,42.53832797,31.83883128,43.10175033
4434,42229.60871,54777.54539,-12547.93668,57993.97114,63419.19052,-5425.219388,116999.6673,35776.51444,81223.15285,1.329473658,2.137668179,0.811865722,9.468945725,12.37179016,10.69377186,11.85477841
4435,615287.1341,59508.25162,555778.8825,745081.7059,46843.363,698238.3429,242881.7698,50482.91882,192398.8509,0.3123070865,3.089314264,0.7996289444,75.70230798,13.13376087,75.63228666,13.43811712
4436,807117.1011,49091.99131,758025.1098,467351.6709,58696.927,408654.7439,315995.1238,60668.64022,255326.4836,2.33681467,3.670116103,0.8843107931,76.55324457,9.669686105,78.64725705,10.7069009
4437,187431.2053,42440.20866,144990.9966,151174.1654,59270.87181,91903.29355,166164.525,41247.03158,124917.4934,0.3388142114,2.351844689,0.6113663278,94.92573682,5.912657894,95.23097677,6.05970769
4438,1117132.132,48682.92621,1068449.206,614967.92,56945.22616,558022.6939,282039.0146,46256.78613,235782.2285,0.9249576765,1.69290044,0.6826180361,55.85247124,92.95654293,56.681091,93.36756118
4439,60178.81584,63306.10953,-3127.293688,68200.15678,52297.70261,15902.45417,181717.5751,49669.1301,132048.445,0.2245317625,3.825871164,0.6149882118,53.98902091,66.60311531,54.20914174,66.64740226
4440,865055.7234,67490.40491,797565.3185,631997.9977,54043.30941,577954.6883,316691.8172,50793.1747,265898.6426,1.368905403,2.41011686,0.5681190884,63.24561322,94.84896937,62.53456026,93.67922338
4441,223425.1728,57184.59857,166240.5742,148833.8584,48827.80669,100006.0517,188364.1554,62474.90157,125889.2538,0.5943291339,0.9778388619,0.8812198533,74.52961487,73.6537375,75.09229958,73.84508284
4442,740151.1366,48078.89949,692072.2371,766018.74,60754.85863,705263.8814,270375.3752,51286.82054,219088.5547,0.3607603654,3.125071883,0.5627126107,93.60275053,38.79745049,93.88686571,39.01977144
4443,189890.9519,56035.99678,133854.9551,184562.8946,54132.44101,130430.4536,194881.2167,61344.85429,133536.3625,0.4400409522,2.124633804,0.5915693192,63.67744551,79.54738223,64.11397876,79.60283278
4444,49535.84912,51875.25333,-2339.404204,59363.3104,63711.79879,-4348.488389,145101.9242,42765.64284,102336.2814,1.504955957,3.147005295,0.8843022601,14.72988614,39.23322303,15.6445399,40.42833848
4445,208655.8899,53239.9826,155415.9073,98170.77842,47296.90271,50873.87571,149985.9116,43984.20419,106001.7075,0.2968317574,2.03223621,0.9247196609,62.43857914,91.06893004,62.68022493,90.89654558
4446,218857.2345,49030.14376,169827.0908,224811.895,54781.88657,170030.0084,295288.0708,47681.44403,247606.6268,1.420704191,1.470819808,0.5811744428,86.62902925,52.63049125,87.26443599,53.90118345
4447,37745.51272,47586.95819,-9841.445471,50526.3322,58387.81146,-7861.479267,175869.031,54243.71866,121625.3124,1.045061976,2.780112865,0.8613494547,91.36871528,60.76666214,92.17978581,61.42569106
4448,640855.508,55056.56488,585798.9431,738151.384,42434.17017,695717.2138,298586.8991,46443.31032,252143.5888,0.8504007757,4.56306053,0.9085458676,81.34561649,40.95622657,81.64766008,41.75118012
4449,214882.3013,65644.73271,149237.5686,157252.9057,49896.21289,107356.6928,235430.7354,42689.44968,192741.2857,2.260678961,1.902631547,0.6549740516,80.42127453,81.33659869,82.44393386,82.34631084
4450,45370.24585,42710.86784,2659.378011,32098.07605,37350.91866,-5252.842617,123065.2559,56887.57983,66177.67607,1.548885036,1.622465022,0.753310141,61.32455935,33.02654204,62.2769745,34.24799619
4451,69324.72391,54542.54757,14782.17634,50837.05883,54239.26304,-3402.204216,198369.2499,52108.58884,146260.6611,0.9897228401,1.314689127,0.6028383107,38.25491805,99.83802436,38.60607093,100.7633583
4452,36367.3102,57426.18651,-21058.8763,55128.77372,46238.07132,8890.702398,122375.193,46780.77335,75594.41965,0.3972435407,2.115503463,0.862169226,0.861808533,21.87073494,1.153321564,22.14059154
4453,730740.7505,41790.82349,688949.927,964284.6641,60412.15466,903872.5095,285657.7535,41906.15857,243751.5949,1.092351049,4.81579439,0.8512028709,2.260182005,53.33009604,3.32501457,53.57374009
4454,873371.4539,58183.97373,815187.4801,661897.1733,46978.39306,614918.7802,318094.2701,59128.96385,258965.3063,0.4169276126,3.648988206,0.7001738705,31.17940935,87.09490759,31.53218859,87.31711346
4455,154147.9464,55531.47852,98616.46788,68027.54052,27528.65951,40498.88101,200789.311,43197.0693,157592.2417,1.419015549,2.594840269,0.5580330831,11.56410073,65.07940732,10.34598146,65.80727445
4456,797551.5034,49991.57446,747559.9289,707933.1049,46719.25752,661213.8474,312868.8463,51257.07794,261611.7683,0.6221891676,4.654515535,0.8875633105,21.97883672,23.73852934,22.50790142,24.06595858
4457,700911.7474,57212.0439,643699.7035,689655.3404,50708.51754,638946.8228,279004.7052,50517.30269,228487.4025,0.4634437603,1.891832738,0.6081686843,45.2579579,31.22662494,45.72121961,31.23961387
4458,48975.6364,55383.44522,-6407.808821,50146.31823,54090.26575,-3943.947519,127966.5182,43428.29108,84538.22712,0.5056606342,5.06971614,0.7107081609,91.84222784,11.48945759,92.09872351,11.9252358
4459,53864.69896,45402.21061,8462.488352,31229.44131,38818.44716,-7589.005848,134727.7734,50538.82666,84188.94674,0.6491435203,4.476936802,0.773127048,92.7640114,10.14578292,93.31241515,10.49311652
4460,204278.6394,52333.90011,151944.7393,236845.0969,51636.71535,185208.3815,198749.4822,39634.19756,159115.2846,0.563264081,2.624105105,1,40.26902893,5.011949337,40.77010548,4.754677657
4461,52556.91417,60254.5168,-7697.602629,46610.70422,62453.49333,-15842.78911,150559.4755,54825.10797,95734.36752,1.1596711,1.72693723,0.8026955444,30.07994779,95.72301486,28.92624986,95.60546422
4462,284400.1241,50778.98885,233621.1352,146466.8919,57237.2364,89229.65549,219262.7345,57459.15862,161803.5759,0.3441378934,1.994775846,0.8075162842,53.42366535,37.68852328,53.7468049,37.57015216
4463,745226.4643,50371.44226,694855.022,552179.3767,55982.63109,496196.7456,252207.625,59760.11998,192447.505,1.370057593,1.894397218,0.9137304529,78.25549688,78.22591833,79.50224753,78.79395937
4464,58848.05212,51772.40447,7075.647643,55456.69904,51677.65788,3779.04116,172700.4316,47917.40702,124783.0246,0.5145318101,1.306729684,0.7835104936,87.78410366,4.490922051,88.28322804,4.365950719
4465,829811.0172,50671.14727,779139.8699,761314.9557,57368.12526,703946.8304,249645.2352,54423.14058,195222.0947,1.278752133,2.741789798,0.7661714892,58.5260001,2.942557227,59.20863205,4.023862289
4466,738719.6309,50437.77416,688281.8567,704702.2616,48619.28847,656082.9731,204716.2307,53867.05442,150849.1763,1.75136427,3.561585812,1,41.60362723,39.75285861,43.17038686,38.97020859
4467,79892.46434,47997.65698,31894.80736,195273.057,57497.01901,137776.038,223714.2489,54701.52056,169012.7284,2.25996048,2.131673739,0.7369527717,41.68392674,10.53914308,43.78622102,11.36846818
4468,827293.6592,64834.55697,762459.1022,732533.3453,39385.71634,693147.629,271163.3739,50864.36282,220299.0111,1.253489569,2.758798076,0.7803109111,8.881130132,95.84844343,9.731010764,96.7698223
4469,824311.155,47142.14981,777169.0052,759258.9825,36567.32993,722691.6526,347428.6213,50584.67806,296843.9433,0.7556899665,4.052364754,0.8676059004,99.93215596,55.66498815,99.23855716,55.96496819
4470,728005.5962,69055.47881,658950.1174,713761.5352,45549.2808,668212.2544,290554.1853,43137.25516,247416.9301,1.854407122,3.07448449,0.8545703871,51.69087944,62.35899594,53.46378213,62.90272549
4471,279164.2178,50024.2661,229139.9517,169216.2267,55231.96035,113984.2664,241124.6275,40906.1628,200218.4647,0.1266910132,4.282745694,0.7129595932,27.0991096,17.9136557,27.15980064,17.80244774
4472,49185.18846,47434.03685,1751.151608,63092.60481,58868.38814,4224.216669,165495.4915,53315.81334,112179.6782,0.8796469872,3.890266068,0.7332524818,50.68969365,47.85756803,51.56114553,47.73777463
4473,264187.6294,72299.54407,191888.0854,171848.8248,54452.53977,117396.285,210972.3295,55529.93611,155442.3934,0.792702544,2.613682418,0.8795965948,47.47485326,89.2792324,47.51280734,90.07102582
4474,187273.2178,45335.54155,141937.6763,143799.1269,62543.79523,81255.33162,186604.2739,62223.15859,124381.1153,2.386845178,2.119217107,0.546602336,85.42683913,1.846101254,87.1744949,3.471748574
4475,56121.63877,67577.85242,-11456.21366,58329.66698,49320.13528,9009.531705,115255.2646,51537.73836,63717.52622,0.9768173799,7.940044249,0.5768933989,35.60633136,97.4906942,36.32954016,98.14730766
4476,212244.3325,62130.8811,150113.4514,212319.0686,55271.35201,157047.7166,166081.6273,40490.36687,125591.2604,1.139488183,2.507719666,0.8736158136,67.98810915,86.31684043,68.83503612,87.07917109
4477,907462.4171,52748.41633,854714.0008,634945.3132,50121.33844,584823.9748,318160.552,61502.24243,256658.3096,2.000353151,3.169383851,0.6238745281,18.69267613,52.90259858,20.47542698,53.80990898
4478,233341.4567,65639.27541,167702.1813,159332.6909,51200.3934,108132.2975,233146.2604,46547.48788,186598.7725,0.5673158476,1.178093009,0.7094077336,53.02835441,46.4685272,53.53779776,46.71815642
4479,689815.0585,42595.43245,647219.6261,600361.9619,56433.70968,543928.2522,316976.9455,47374.71566,269602.2299,0.8611464262,1.854800655,0.7767432943,10.92237308,23.91884097,11.77885826,23.82936306
4480,687538.8418,55218.2065,632320.6353,865099.7538,46357.97836,818741.7754,288135.0893,46148.90135,241986.1879,2.979971505,1.952798132,0.6694620398,19.99907832,97.48777731,22.27310728,99.41365957
4481,659833.6722,46535.83858,613297.8337,544473.5176,47351.88136,497121.6362,250522.5665,47926.63465,202595.9319,0.9299062449,1.968760112,0.6990080903,42.210687,64.40783471,43.03385096,64.84041616
4482,629476.8211,65792.30748,563684.5136,677991.1859,44322.61022,633668.5757,263223.3943,53685.88602,209537.5082,0.4288166329,3.118282575,0.7965673989,78.74599922,96.2322518,79.05620596,96.52831849
4483,854365.5333,51377.82189,802987.7114,646585.0214,48891.25885,597693.7625,380005.0752,55782.43703,324222.6381,0.3935219514,4.323951905,0.5754052391,11.13663705,84.09874976,11.12017499,84.49192723
4484,52054.65316,45822.24412,6232.409034,57446.98343,57927.67053,-480.6871019,226363.9518,59584.42505,166779.5267,1.613680124,7.808478034,1,3.137485234,99.3706646,4.688233721,99.81691864
4485,480519.7522,46435.14128,434084.6109,1022101.286,45869.81324,976231.4723,324937.0478,40815.66512,284121.3827,1.064653774,3.661996,0.8018918953,65.50856773,88.80070735,66.14989095,89.65052626
4486,139507.3367,45447.11651,94060.22023,143260.1773,41613.40032,101646.777,294930.2491,46452.27392,248477.9752,1.012082288,2.434633638,0.8207157964,94.39365371,70.72221118,93.94865749,71.63121554
4487,181827.9887,59694.13231,122133.8564,150102.5224,58935.8193,91166.70314,136369.6449,61785.15623,74584.48866,0.7811065242,2.004338154,0.9159897414,33.38322331,98.53865237,33.19713382,99.29726828
4488,35315.53289,46446.77333,-11131.24044,33582.90246,38952.10756,-5369.205091,204551.4844,44403.7624,160147.722,0.4025062567,3.908064874,0.5484362342,32.04774798,97.4280653,32.18904736,97.8049549
4489,63708.82297,51411.16873,12297.65424,71793.64681,59421.55718,12372.08964,101740.5737,47965.15273,53775.42095,1.026183013,1.036559609,0.6657928732,53.88371699,16.61584826,53.81414435,15.59202639
4490,61579.42591,63028.9246,-1449.498685,53852.72895,60240.07649,-6387.347535,105256.6144,62636.85741,42619.75701,0.4963761116,5.750730339,0.5233919004,39.58409508,54.77569191,40.08012677,54.79417997
4491,1031699.66,53381.0791,978318.5811,805836.6876,38037.54788,767799.1397,283486.4874,46632.03357,236854.4538,1.019750119,2.158429121,0.6955607342,3.63357868,17.09235842,4.591869358,16.74369055
4492,128254.2054,44611.54949,83642.65589,202577.2585,55602.88524,146974.3733,184935.963,53185.26032,131750.7027,1.176320828,5.154106797,0.9768091777,92.01707184,98.61609941,93.19210175,98.67119397
4493,55340.97458,60306.7811,-4965.806522,39134.69556,51770.34815,-12635.65259,130076.8364,48750.9877,81325.84869,0.909294678,4.267232739,0.5842280506,54.73990726,4.013592173,55.30932272,4.722522949
4494,41437.85044,53972.36468,-12534.51424,52254.39411,53441.03122,-1186.637115,191734.3615,54372.13817,137362.2233,2.630075114,3.429771643,0.9886119499,19.51541699,92.35041913,20.23390171,94.88045368
4495,161048.1764,51051.09809,109997.0783,195460.6324,49006.51372,146454.1187,165577.7859,48838.50329,116739.2826,0.3830505794,3.239495826,0.726565663,38.16090284,4.208122362,38.47243384,4.431003904
4496,61215.56031,58091.56713,3123.993182,69266.20714,58423.29821,10842.90893,194055.383,47411.51199,146643.871,1.498150343,1.914275155,0.469699176,70.34775689,19.45531653,71.40000559,20.52172505
4497,654192.0578,63861.74156,590330.3162,814568.0276,66765.10009,747802.9276,228305.1985,45024.8499,183280.3486,1.548690994,1.408868837,0.6974620846,93.9429979,7.710817164,95.36998281,8.312612703
4498,148433.4261,74789.49414,73643.93192,154129.1879,49993.82379,104135.3641,195797.0863,48264.84561,147532.2407,3.700282521,5.224895411,0.8987777077,49.3639553,38.40259017,47.6821096,41.69857041
4499,40975.11292,55509.89754,-14534.78462,28414.38581,50922.70008,-22508.31427,148623.0985,58519.38127,90103.71722,1.002247739,4.059951921,0.5991037107,24.66682652,6.024914833,25.47033357,6.623978229
4500,224827.8104,56377.27385,168450.5365,236127.8649,48936.27137,187191.5935,195119.5292,55982.86528,139136.6639,0.1810157976,3.257795185,0.8103195181,58.42612892,17.08260067,58.51202871,16.92326472
4501,648566.8996,49679.19073,598887.7089,684586.2474,54081.82023,630504.4272,283049.3881,51731.14496,231318.2431,0.3088712069,2.346040573,1,54.47022497,62.83823286,54.73527356,62.99682247
4502,554153.7961,57239.56116,496914.2349,662397.6506,39091.54897,623306.1016,297698.6923,51637.56086,246061.1314,0.6669355232,2.563822391,0.619486212,59.5547571,93.57749982,60.2207929,93.61213085
4503,943579.0352,56460.59134,887118.4438,804164.6543,53760.26802,750404.3863,271716.891,56104.77913,215612.1118,1.190370754,1.370050794,0.9493183471,29.15062135,96.72390413,30.34093612,96.73544886
4504,726306.2628,64858.32797,661447.9348,784776.114,52630.71999,732145.394,302795.9133,47327.77548,255468.1378,1.68983367,3.074418857,0.9070487843,99.50240589,88.00373454,99.94519072,86.3729435
4505,817647.309,54092.64948,763554.6595,527518.134,41989.08806,485529.046,274627.7526,50992.28671,223635.4659,0.4696319793,3.536403828,0.845906081,54.92324553,92.06203775,55.03383518,92.51846313
4506,64032.72352,63043.46663,989.2568898,50221.39689,51904.51602,-1683.119129,137502.5804,50434.20568,87068.37475,3.297328123,1.598949474,0.7410726629,46.73449726,98.60917936,49.56570235,100.2993422
4507,878064.4051,51740.33642,826324.0687,608125.5494,58812.70788,549312.8415,404709.8082,58262.51629,346447.292,1.214869237,1.996124127,0.9713020359,36.03780889,46.09286064,37.25259821,46.10679548
4508,901311.1106,53135.35703,848175.7536,667943.1626,46411.97537,621531.1873,160850.9755,44712.56298,116138.4125,2.498600518,3.300878966,0.7509749538,15.88388054,86.82610682,18.27254262,87.55911295
4509,63890.79809,55454.74269,8436.055404,45828.30967,44636.6579,1191.651774,104731.6543,41780.89203,62950.76231,0.753793608,4.139860422,0.7894557579,71.25780419,29.56356005,71.56060945,30.25385983
4510,834681.6144,61163.47056,773518.1439,746071.1025,56948.43853,689122.664,231930.478,61239.63177,170690.8462,1.54990875,3.374807528,0.7897997599,74.33071038,38.955014,74.65179817,40.47129886
4511,48768.82698,47911.51907,857.3079112,46690.58865,47814.72498,-1124.136325,223497.4715,56498.29168,166999.1798,0.72908077,1.83725111,0.678682233,22.58527218,62.21474798,23.12198951,61.72129761
4512,192194.5464,77461.81095,114732.7355,179853.1731,58269.96904,121583.204,253038.8387,47531.21689,205507.6218,0.6967099255,3.846800186,0.863516614,16.86548302,57.96299575,16.58211337,58.59947542
4513,185294.1891,57631.52868,127662.6604,167411.392,58009.24128,109402.1507,198859.682,54655.75041,144203.9316,1.019049597,2.962271165,0.6793745243,60.85617196,78.35209439,59.95850413,77.86975163
4514,809301.8117,48479.45858,760822.3531,694859.2581,46360.60473,648498.6534,362507.1189,62771.4253,299735.6936,0.5374245727,2.512684982,0.9856722317,93.26124589,22.44437154,93.71285391,22.73570531
4515,212545.1716,54984.00053,157561.171,188125.7661,63820.72826,124305.0378,207545.06,47544.25812,160000.8019,1.920464884,5.479861196,0.7517797216,37.08168195,0.6917512357,35.24720299,1.259969786
4516,50720.44923,52641.09225,-1920.643013,68585.05382,64323.88747,4261.166347,116386.0466,52663.8392,63722.20736,0.5825312503,4.406271346,0.6342980062,63.93730719,86.44770579,64.23219712,86.95008272
4517,892724.5477,56174.39589,836550.1518,838605.9496,52891.79136,785714.1583,266492.7827,56396.73489,210096.0478,1.44136538,2.886716413,0.6880918004,83.87055226,96.7393067,85.30013513,96.9232278
4518,874062.3025,55852.23237,818210.0701,668643.437,39395.2532,629248.1838,249189.0382,57224.42186,191964.6164,0.6403443938,3.564411678,0.8393156085,94.18955022,41.41154261,94.77385788,41.67350731
4519,57389.04366,56635.947,753.0966598,36084.96218,50500.78752,-14415.82534,143919.8161,40898.25651,103021.5596,2.062320344,2.391148116,0.6538118913,72.77562806,97.22768072,74.33740023,98.5745411
4520,49505.57954,54351.57876,-4845.999225,64400.49902,54927.99318,9472.505843,154634.3495,44734.17897,109900.1705,0.09584310812,4.275730819,0.6090707438,92.11495945,61.83254257,92.13174897,61.92690365
4521,744663.3901,49771.14949,694892.2406,757459.3342,62335.98687,695123.3473,296605.8331,49822.37966,246783.4534,0.3620436562,5.289897046,0.6726135555,16.96753447,10.12998009,17.24213144,9.894030698
4522,202653.2062,52503.08791,150150.1183,152610.846,59818.20829,92792.63774,234797.4615,50783.77794,184013.6835,1.128501814,3.135048445,0.7665152189,88.05855395,72.23129863,88.28862639,73.33609862
4523,782150.3303,58213.84348,723936.4868,617710.3344,42405.95362,575304.3808,231905.2364,54074.47019,177830.7662,2.285580856,0.7426255433,0.8601999839,38.93281005,70.65267515,41.1569254,71.17916425
4524,542253.3483,50019.99271,492233.3556,866743.4695,45838.85704,820904.6125,319105.5287,44173.90143,274931.6272,0.3756844114,7.508583167,0.6728902803,42.22165823,92.05239283,42.44065424,92.35764604
4525,77561.76837,63901.17841,13660.58996,53608.36569,52676.16946,932.1962354,122687.4258,31636.12814,91051.29761,0.5934531183,2.37425101,0.4438515437,30.72100291,15.03142242,30.94767513,15.57988054
4526,77243.85273,69208.84075,8035.011979,51950.20191,61121.56608,-9171.364171,168670.9686,39199.74156,129471.2271,1.535123509,3.431196996,1,11.4187548,57.04896489,12.93710662,56.8226643
4527,99826.00416,44021.54616,55804.458,232996.6141,48802.5389,184194.0752,174187.3857,38489.97791,135697.4078,0.2841755219,1.662358235,0.9476184195,83.22752925,79.5146875,83.24054353,79.79856486
4528,303237.3275,73422.78276,229814.5447,168341.7594,50312.61475,118029.1446,170187.2055,46120.11345,124067.0921,0.9377115246,0.8677371435,0.8085737987,26.93794659,4.762639566,27.87452632,4.808697208
4529,593751.5348,52789.60759,540961.9272,735325.7966,56497.23509,678828.5615,318414.3525,49069.06808,269345.2844,0.2351736558,2.643132715,0.608087205,4.193783634,52.35350741,4.406031427,52.45478684
4530,152635.0755,42845.62182,109789.4537,221750.2375,56475.76904,165274.4685,152555.4794,23054.46657,129501.0128,0.8253253849,3.572116197,0.9927485476,57.2795553,49.16005689,58.09453149,49.02976567
4531,62437.724,62945.65382,-507.9298202,48752.42269,52256.06328,-3503.640594,171834.8971,53288.80175,118546.0953,1.648069489,2.642596428,0.6767660725,38.59731108,37.68495791,39.74297509,38.86968869
4532,191526.6355,47991.15958,143535.476,127362.7677,57774.56014,69588.20753,164364.2339,40099.41131,124264.8226,1.174498059,3.494127944,0.9409212536,45.04368177,51.38821879,44.70459213,52.51270263
4533,57715.43917,61339.11518,-3623.676003,37356.87594,47589.78941,-10232.91347,197827.504,50557.50177,147270.0022,0.5359502962,3.918500039,0.76120997,96.01359523,95.28067144,96.51436941,95.47163723
4534,922076.5549,57470.35562,864606.1993,793013.2799,62814.00819,730199.2717,314117.9975,57297.48293,256820.5146,1.99919124,3.717697469,0.7364065986,84.17490391,64.94844409,82.21780198,65.35650984
4535,187395.1664,52725.06668,134670.0998,188945.7976,57567.3487,131378.4489,193036.0569,53099.91312,139936.1438,0.8730439837,3.258970912,0.6624205186,98.89391957,63.35927926,99.76394481,63.43181804
4536,994050.7563,54346.21798,939704.5383,736067.8764,57073.81668,678994.0597,299315.3458,57346.6843,241968.6615,2.313249719,3.072631347,0.7415149159,73.89034858,87.38420119,74.79145707,89.51472407
4537,46443.04862,64940.88825,-18497.83962,46202.97546,43259.32156,2943.653894,138256.3326,46360.28089,91896.05166,0.3463773837,2.431857623,0.6010431556,58.40120681,86.94544176,58.4966592,87.27840742
4538,756710.5081,61130.01361,695580.4945,767227.1878,57031.54804,710195.6398,282372.9515,49001.49735,233371.4541,0.7987891419,1.809840952,0.6611547407,13.19566997,8.978281402,13.14955556,9.775738332
4539,56896.88353,55195.18683,1701.696695,38647.41703,44548.99175,-5901.574726,176825.9551,43144.54141,133681.4137,0.6888102679,3.029221998,0.7497470031,18.03199255,17.98211709,18.31561815,18.6098241
4540,805155.7003,55388.78097,749766.9194,724149.9756,42103.35774,682046.6179,260207.0315,56379.09202,203827.9394,0.9108612311,1.912546143,0.8853215234,41.44799215,17.14771292,42.35734982,17.09539835
4541,165175.3963,41922.57328,123252.823,125640.5314,40633.42543,85007.10599,235681.2553,48470.34191,187210.9134,1.299729332,3.211342212,0.6218754217,42.30918106,12.24448929,42.33313095,13.54399794
4542,684169.6111,47724.25696,636445.3541,682721.3054,47084.67845,635636.6269,281794.8692,38010.56591,243784.3032,1.706797614,2.266672241,0.8809648137,66.63559618,20.02749872,67.46214946,21.52080638
4543,52459.04666,56177.62837,-3718.581711,31694.7844,48955.93183,-17261.14743,74167.15945,51906.58732,22260.57212,0.7520529315,1.381016716,0.8434290738,78.59883172,76.72657739,79.28649745,77.03104325
4544,977500.8799,42161.86911,935339.0108,771735.6543,48684.90415,723050.7502,272948.5198,54843.36045,218105.1593,1.464601246,2.609186488,0.8937956381,13.68681382,5.430660691,14.7847174,6.40002364
4545,906660.0722,50036.44891,856623.6233,781427.1718,40082.71027,741344.4615,263980.4795,41506.27188,222474.2076,0.9542389841,0.8350131271,0.5982336257,98.26943699,89.81922396,98.85954506,90.56912029
4546,648940.6387,50567.34641,598373.2923,585058.0362,41678.94597,543379.0902,283342.913,52097.6038,231245.3092,1.663690878,1.641077436,0.8877834807,11.76373779,6.138456569,10.6379991,7.363438094
4547,885131.0088,53760.70196,831370.3068,720272.0274,49833.0213,670439.0061,327836.4797,56406.82803,271429.6517,1.950842698,4.702570052,1,21.46374088,86.8878523,19.59422871,86.3304373
4548,222804.5107,61578.10356,161226.4071,162530.0854,54147.02766,108383.0578,253708.5748,37306.85068,216401.7241,0.1460983826,1.495016513,0.7813538858,49.62158821,54.11546075,49.74528287,54.0377152
4549,45427.78597,50192.09624,-4764.310279,72244.52487,67006.28497,5238.239898,103875.6002,35417.86028,68457.73991,1.493546166,3.705157152,0.8076192526,34.85981252,88.69921625,34.44998899,90.13543518
4550,51395.30599,52999.54355,-1604.237566,61982.80291,56096.65695,5886.145967,108469.9443,52229.15149,56240.79277,0.7715400866,1.828713881,0.8776337475,53.2206498,43.13840527,53.60385266,43.80805418
4551,63763.81925,71276.31188,-7512.492629,48296.67,47785.20447,511.4655319,101136.9971,56116.99156,45020.00558,0.7502364285,3.414518857,0.8002728932,33.42093955,68.65827502,34.02878733,69.09802014
4552,118849.4908,51434.31094,67415.17986,159495.8208,44718.97565,114776.8452,269307.284,55388.89429,213918.3897,0.08297614433,1.465262643,1,0.2365650464,11.668367,0.3030784238,11.71797558
4553,149545.5951,46723.85279,102821.7423,275467.15,56961.27272,218505.8773,283054.2166,57179.84686,225874.3698,1.681134,7.209079972,1,31.38699138,57.24146067,29.73879726,57.57262176
4554,47988.04543,51699.84908,-3711.80365,49831.16535,58506.68906,-8675.523702,114502.2413,57411.20186,57091.03946,0.3711296749,1.133937437,0.8598814806,24.04705271,14.34408984,24.19875472,14.68279876
4555,734142.138,40992.37867,693149.7593,651410.4809,49527.4065,601883.0744,310316.9256,44522.36705,265794.5586,2.00198872,2.390814105,0.9375144088,13.95552866,95.98764772,15.18177448,97.57013944
4556,63143.41049,50561.17244,12582.23804,43135.14131,49446.68418,-6311.542867,112301.1001,47959.24747,64341.85262,0.85248159,5.118572041,0.6294417524,94.17635783,24.36233419,94.79112158,24.95291898
4557,223632.5385,47042.99653,176589.542,136780.0961,51795.69658,84984.39956,204329.0167,41755.47736,162573.5393,1.844761175,2.731968468,0.8387187966,92.23501765,56.9830947,92.5461893,58.8014225
4558,862929.1613,66069.92235,796859.239,866281.2824,49616.8232,816664.4592,297156.7836,54535.31349,242621.4701,2.538606458,3.149533343,0.8151589738,88.7538943,55.84447855,91.1867015,56.56971772
4559,49638.09895,62353.80623,-12715.70728,49564.18015,47790.4548,1773.725356,114005.8336,51484.2988,62521.53477,1.554457929,3.103675646,0.6757396803,23.2635301,97.46658355,24.36607857,98.56236013
4560,788688.6574,49665.98992,739022.6675,837683.8113,52412.04444,785271.7669,287948.0384,44213.39082,243734.6476,2.3414778,2.929690443,0.7945649733,45.08153605,76.90470159,44.51781584,79.17730755
4561,57240.7024,64731.0282,-7490.325799,43409.92917,55217.67481,-11807.74565,207807.5855,46660.30244,161147.2831,1.121932012,1.818401664,0.8952856858,77.42975456,1.869257338,78.47355648,1.45790715
4562,63540.05658,61866.11843,1673.938152,46708.75897,47485.80142,-777.0424496,116946.7872,41231.69435,75715.09286,1.211508125,2.961860372,0.7162837242,72.28546052,9.069208112,73.30635491,8.416884127
4563,188811.7468,52731.80505,136079.9418,198527.1879,55716.68185,142810.5061,172478.8324,47979.96323,124498.8692,1.431973763,3.948419176,0.7887946417,51.73912096,44.02335579,52.71234703,45.07377469
4564,39465.2205,59787.7539,-20322.53339,50549.75451,57349.783,-6800.02849,126068.7459,46713.94024,79354.80568,0.6445203549,4.036172157,0.8192592458,49.73997423,9.626941414,50.37388149,9.743423519
4565,55849.7795,53387.45424,2462.325258,43579.35943,56887.18923,-13307.82979,156216.5217,45669.83066,110546.6911,0.4730039764,2.030663435,0.9549800339,80.12234943,35.34900433,80.59513075,35.36351588
4566,951785.1336,42060.12177,909725.0118,743747.5821,48245.12492,695502.4571,316169.8748,53629.60586,262540.2689,3.19803209,4.936489706,0.8029530828,21.92439054,79.26789945,23.79085317,81.86476804
4567,783758.2032,60891.49835,722866.7049,950423.7546,55435.9673,894987.7873,292001.0004,45603.28863,246397.7118,0.9817968331,2.639028145,0.8729267494,84.43425812,58.24142223,85.38487478,58.48688709
4568,962569.0896,44005.45236,918563.6372,597021.9516,60993.36798,536028.5837,253687.0192,58385.467,195301.5522,0.05348767829,1.649383781,0.7562273536,12.76232556,44.63247054,12.7960193,44.67401165
4569,162308.5804,61587.96099,100720.6194,152268.2001,51388.62976,100879.5704,215283.6346,58348.13105,156935.5036,1.514061781,1.998586966,0.7755509405,66.11713445,69.97081173,67.28602686,70.93313891
4570,952833.2236,57433.9857,895399.2379,467459.7827,49941.63189,417518.1508,247379.8906,49568.36939,197811.5212,1.046416215,1.997527699,0.8181336457,91.96057006,68.59758523,92.28811304,69.59141745
4571,744770.7028,49116.81014,695653.8927,634026.7859,47965.72368,586061.0622,260851.4696,46022.44694,214829.0226,0.9077003103,1.966547609,0.9432035998,66.9616029,68.73244387,66.25445712,69.30153499
4572,1005710.851,65725.43173,939985.4192,689469.5168,49604.27082,639865.246,201492.5294,57043.01545,144449.514,0.6693684115,4.024886987,0.5923991279,41.75331617,72.00443511,41.68012089,72.66978954
4573,44030.35474,47686.79125,-3656.436504,46045.38957,45888.87421,156.5153644,142238.3838,49286.40689,92951.97693,0.5236577937,2.00537782,0.6760897255,25.29630908,47.72901134,25.50991588,47.25090088
4574,216203.3537,50499.09702,165704.2567,125686.589,48545.11466,77141.47433,291742.8307,48611.66094,243131.1698,0.9346092359,4.379579013,0.7323957206,85.77051732,33.45931937,86.49851104,34.0454248
4575,701174.6244,58009.78451,643164.8399,753700.4847,50731.48261,702969.0021,356217.958,52635.06378,303582.8942,0.9631572316,3.397043039,0.6601939918,99.76016782,7.91570491,100.72314,7.934585502
4576,52350.08358,54998.38739,-2648.303816,51554.14382,54820.5415,-3266.397684,98284.90606,54989.37282,43295.53324,2.662340969,5.182012656,0.6186690437,5.297948343,40.17687976,7.541299589,41.61055846
4577,329002.023,56487.09415,272514.9288,180036.7847,49805.09475,130231.6899,159362.2492,46660.80123,112701.448,0.8538702161,2.994593638,0.6961938029,28.22224045,83.4484349,27.91498009,84.24510636
4578,165050.5835,55908.96132,109141.6222,199800.2442,57703.13043,142097.1137,182760.6916,50955.12701,131805.5646,0.6526042225,2.396583947,0.9035684096,66.26705197,94.61459488,66.46902401,95.23515879
4579,254721.4816,53315.67836,201405.8032,148066.0349,53739.06243,94326.97244,231337.5574,60582.39222,170755.1652,1.066083721,2.801442235,0.7404947428,56.51603634,94.79501091,55.45223262,94.72532485
4580,41602.31654,49838.88186,-8236.565321,33346.37274,39051.62796,-5705.255223,132839.3432,53423.17402,79416.16918,1.025273478,2.055522098,0.9287951827,56.45254925,42.72568163,57.13312128,43.49249804
4581,966887.7982,71939.15923,894948.6389,767454.3373,46820.76285,720633.5745,346700.033,55443.85737,291256.1756,1.362515181,1.927717815,0.8714952435,84.4545732,87.55763094,85.6184508,88.26603517
4582,690095.5679,71460.24019,618635.3278,777267.9162,42419.65238,734848.2638,202791.7485,59870.79781,142920.9507,1.960574615,1.892131483,0.9661076079,98.98316272,5.730499064,100.8313484,6.384763882
4583,797413.6396,57980.23862,739433.401,684611.2919,54334.62789,630276.664,311637.8339,49667.61115,261970.2227,1.603137689,3.959236402,0.6024981335,76.17319619,8.619577006,77.64994726,9.243481439
4584,644828.6976,64625.64412,580203.0535,859835.7246,54167.39817,805668.3265,307890.2218,60418.84384,247471.3779,0.5812598177,3.756796196,0.7446289006,42.39116507,2.034653468,42.71852665,2.514963127
4585,47152.97578,52635.51442,-5482.538634,52838.91635,46208.85945,6630.056903,154723.2806,49545.04958,105178.231,1.080239238,1.785504632,0.7480671418,26.33895982,65.50873829,27.03550188,64.6830592
4586,909852.9625,57572.50267,852280.4598,770637.1148,54701.23743,715935.8774,269118.9855,57271.13902,211847.8465,1.653647858,2.42872564,0.9867890766,52.69402071,25.35958974,53.93721489,26.45001142
4587,877487.1442,59801.00992,817686.1343,647561.8288,43149.3491,604412.4797,304564.4068,42414.48546,262149.9214,1.394652514,7.617269317,0.7275740463,82.86074268,49.18908121,83.97574335,50.02683364
4588,57238.29047,54644.75817,2593.532297,47425.90412,51667.93986,-4242.035741,190567.5653,59367.88398,131199.6813,1.983955994,3.303539147,0.639351792,25.49740224,55.71887687,26.3555773,57.50762418
4589,841885.9813,57595.62376,784290.3575,624399.1806,61425.26675,562973.9138,276751.9406,56450.67419,220301.2664,2.109103886,3.286951725,0.6604676985,33.24423425,97.86681029,33.75823191,99.91232382
4590,74986.95647,63653.56232,11333.39415,819.9790116,48316.85458,-47496.87557,120747.7739,47151.92375,73595.85013,2.292756187,3.962724273,0.7734207645,59.59644295,58.22928401,61.04303363,60.00807752
4591,56575.51331,63262.77041,-6687.257102,35778.36155,52271.18163,-16492.82008,124145.236,45985.88759,78159.3484,2.331708629,0.9958026562,0.5923506864,56.96145274,39.56417792,55.93774115,37.4692126
4592,565225.1977,54112.56949,511112.6282,714979.1231,55836.30745,659142.8157,311291.436,43519.28113,267772.1548,2.53418531,2.101569717,0.76967891,52.71475688,96.40799884,55.236997,96.65376283
4593,774724.3435,59469.95424,715254.3893,586144.5043,55550.24065,530594.2636,296231.6576,54013.95327,242217.7044,0.1908702767,2.062968525,0.6105517219,69.43623205,20.42042151,69.61610283,20.48428047
4594,1016370.903,68180.03101,948190.8717,669107.6518,54685.50539,614422.1464,316158.3753,47926.41961,268231.9557,0.824957307,4.810387481,0.8357766487,36.69625742,15.48887952,37.4861759,15.72675208
4595,68055.68981,62145.01503,5910.67478,66985.34529,59680.30716,7305.038128,254013.0759,47788.14835,206224.9275,0.3379274166,3.684049082,0.8368337035,11.2748873,23.01319592,11.38599172,22.69405528
4596,59771.533,63619.53285,-3847.999854,50860.4299,54045.76014,-3185.330232,114914.2266,48300.55775,66613.66884,1.20291253,1.512372199,0.6132049832,83.22112726,14.50734227,82.40468726,15.39075853
4597,57485.51802,46379.81367,11105.70435,20380.04088,30957.70616,-10577.66528,149317.3549,46000.67202,103316.6829,2.377141836,4.122485095,0.6085030702,62.69045329,3.40233997,65.04592559,3.72257981
4598,807855.6594,61010.18997,746845.4695,744554.2723,64380.38851,680173.8838,308601.0698,56520.22487,252080.845,0.723136275,2.657903145,0.7754228,56.6775767,11.32536823,57.11132233,11.90397933
4599,194932.4233,55135.73421,139796.6891,111859.7053,55937.98765,55921.71761,222861.449,53026.90944,169834.5395,0.4198953293,2.997554128,0.7611760325,0.1552468308,34.94177602,0.4835987547,35.20349553
4600,707290.0326,56140.42033,651149.6123,760032.0776,52907.16257,707124.915,279327.7019,50581.94476,228745.7571,0.8629989456,4.897527935,1,30.80951007,52.11745398,31.61943048,52.41544073
4601,178081.3743,52628.57097,125452.8034,150594.4955,38884.0924,111710.403,230918.1012,37975.28524,192942.816,1.583015483,2.697222531,0.6840408225,40.75262809,13.29606691,41.11396673,14.83729123
4602,998938.1391,38812.01151,960126.1276,934332.9835,50201.67568,884131.3078,336724.3689,39928.15551,296796.2134,2.814814373,2.384298567,0.8564561132,21.95838577,52.99590477,24.38166349,54.42800289
4603,60034.99459,59307.56048,727.4341043,54112.48992,51885.39355,2227.096363,238353.5206,54130.18624,184223.3343,0.8364436047,4.998304546,0.7023389562,63.95070944,30.77230015,64.73013718,30.46877041
4604,769314.0073,61556.70074,707757.3066,850100.9431,45137.50681,804963.4363,295971.9572,49761.64088,246210.3163,0.5146250203,1.47997554,0.9871205514,30.45704502,32.03349257,30.8882348,32.31440943
4605,773715.4431,53166.06019,720549.3829,723490.5008,44620.70882,678869.792,309101.6364,43917.47005,265184.1664,0.9356787671,2.309604744,0.8353753082,82.6302206,46.51594137,83.1361801,47.30302443
4606,681228.9464,42269.81941,638959.127,773866.4938,58906.10261,714960.3912,290911.6161,50767.15933,240144.4568,1.264707501,4.957437057,0.7969627665,57.97537798,34.12432764,58.35880921,35.32951043
4607,416428.0435,66422.20861,350005.8349,695213.4147,51342.76823,643870.6465,256257.5547,50591.01292,205666.5418,0.5844365225,1.211800364,0.7468176242,74.74256014,55.07512094,75.32695924,55.08173507
4608,281693.662,60809.16778,220884.4942,181104.8257,60664.7417,120440.084,190397.8801,42468.57872,147929.3014,1.443261143,2.382695688,1,81.64633259,23.98021241,82.83377213,24.80057213
4609,199847.0093,51490.08907,148356.9202,213488.4337,63449.96235,150038.4713,138194.1475,42743.89647,95450.25105,1.199965116,1.208439636,0.7059418533,71.86129075,72.41319211,73.02797529,72.13254381
4610,665243.2601,52907.47063,612335.7895,822293.9652,50729.14053,771564.8247,295238.1375,58030.68326,237207.4543,3.812388644,1.96118798,0.9794130966,97.60536172,67.72414234,100.4992635,70.20600451
4611,231940.8379,59460.60955,172480.2284,196257.0193,57228.47729,139028.542,268710.6463,53739.41959,214971.2267,1.207829457,3.708210825,0.7363155279,37.76383629,10.48482913,38.88619227,10.93111271
4612,959281.6601,58732.20461,900549.4555,839251.2372,43626.30028,795624.9369,251701.8548,44555.42293,207146.4319,0.4307885741,4.058017514,0.7817446191,63.13914801,26.03334949,62.94644919,25.64806264
4613,55370.419,61760.13176,-6389.712765,69407.70577,61799.56067,7608.145101,109288.0904,53551.17321,55736.91714,2.634817334,9.81116628,0.7377125132,10.40509821,16.70762284,10.69844013,19.32605995
4614,624816.7361,52173.66064,572643.0755,763004.2659,52080.17796,710924.0879,241361.2001,52947.3805,188413.8196,2.882864681,2.955568872,0.8145074237,28.08578378,64.46750981,26.8945712,61.84226289
4615,56426.34265,51620.14904,4806.193608,46657.57553,52850.89745,-6193.321917,135270.3212,44597.05496,90673.26626,0.7818443319,2.302041137,0.768087871,64.05674516,30.3628053,64.03092389,31.14422313
4616,66778.59611,58409.89187,8368.704243,55872.83961,57882.45052,-2009.610909,144844.7292,47604.2122,97240.51704,2.53061493,2.361647847,0.785819697,38.23470567,53.11429977,37.53366999,55.54587558
4617,655362.3518,56268.6684,599093.6834,830541.7948,45765.54078,784776.2541,263107.1204,40425.36881,222681.7516,1.055597369,4.113696919,0.7913506261,81.30677128,66.45550062,82.12836842,65.79273073
4618,310675.1486,67026.35019,243648.7984,129413.0764,53370.26836,76042.80803,251604.8407,63366.67647,188238.1642,0.7931882243,2.942842869,0.7676277136,47.4018319,12.0183549,47.77514865,12.71819928
4619,795541.6514,51891.24756,743650.4038,937075.3651,54728.77735,882346.5877,162315.4665,43650.05073,118665.4158,0.3729733371,1.382775626,0.7542331236,36.72763249,28.54375522,36.7968425,28.9102509
4620,211928.7475,47686.45186,164242.2957,177890.5807,46879.58925,131010.9915,227743.0867,60044.27557,167698.8111,0.6966465005,1.505005909,0.769371195,44.72748063,9.074045219,45.38697691,9.298502353
4621,167175.5079,42783.53395,124391.9739,157027.6559,43046.79658,113980.8593,195386.6193,57753.78503,137632.8343,0.3313336662,3.77454535,0.8167415043,63.19336108,93.75879198,63.52304548,93.79181011
4622,51992.63418,56638.42924,-4645.795069,37346.69517,43499.1124,-6152.417224,128946.9061,47131.52769,81815.37846,1.465682502,4.146383074,0.736115293,90.25589329,66.47945607,91.63717389,66.969649
4623,264673.8926,47588.41803,217085.4746,144522.4434,58088.77342,86433.66997,227298.3551,47252.63922,180045.7159,0.9596501238,2.413957018,0.6144519071,45.46024914,66.98654599,46.337876,67.37474628
4624,36479.33805,53224.84045,-16745.5024,55255.48764,52457.31502,2798.172622,201959.5206,48390.39326,153569.1274,3.050919943,6.200047676,0.7049675269,42.79481882,13.17868345,40.00039777,11.95421479
4625,819007.6086,54285.00862,764722.6,852263.1179,51369.50501,800893.6129,267364.4164,36758.47402,230605.9424,0.598368916,2.388946898,0.8248015239,14.20246221,56.06606908,14.14076101,56.66124831
4626,54607.42453,60672.77243,-6065.347898,34073.72269,40052.02991,-5978.307221,92194.56539,53856.79758,38337.76781,1.968549627,2.051626438,0.8625148098,17.30017237,52.51493934,19.03554622,53.44427525
4627,936017.1718,57739.76999,878277.4018,819590.6154,48517.42477,771073.1906,264145.1786,50480.14307,213665.0355,2.111672904,2.050892157,0.825296211,22.61764391,36.91077536,21.16262946,38.44116596
4628,791762.0819,64144.90976,727617.1721,751826.4762,53151.47756,698674.9986,232932.1558,52575.43763,180356.7182,1.836829684,2.936892758,0.8632688118,0.2481589895,65.18812225,1.564564844,66.46914485
4629,32562.82175,52896.48327,-20333.66152,41975.13228,52969.49382,-10994.36154,90831.71846,52695.96086,38135.7576,0.2628849011,3.419899358,0.6884091374,81.46365266,34.98980704,81.53066695,34.73560721
4630,43550.21647,52604.92557,-9054.709107,44405.74342,57505.29537,-13099.55195,149612.5859,51530.51784,98082.06806,0.537828342,5.031439259,0.8102037281,17.25852096,47.89706817,17.7842389,48.01055818
4631,739749.8185,45414.61152,694335.207,722905.2255,58887.48127,664017.7443,169320.9812,48825.86469,120495.1166,0.1923075097,2.653996395,0.9118648961,82.80328781,77.75081699,82.66401761,77.61820481
4632,43303.10266,52179.61236,-8876.509699,49397.84043,48379.41397,1018.426462,193466.366,47595.91239,145870.4536,0.663692809,6.793512237,1,51.07589563,64.93551638,51.28593617,65.56509649
4633,78563.88374,76032.31047,2531.573271,56064.86039,54120.53188,1944.328511,141118.4597,51688.69216,89429.76755,1.869158352,1.96901145,0.9991780701,11.65286286,67.52265687,13.49182351,67.18802767
4634,45279.87919,42290.48778,2989.391415,46097.57397,46143.16248,-45.58850854,140108.6571,48173.514,91935.14311,0.5737840331,3.789729265,0.8296626855,26.74081564,13.1170943,26.98687352,13.63544133
4635,187031.7631,57368.11587,129663.6472,215889.5112,55683.4318,160206.0794,242388.325,54088.01274,188300.3123,1.153006194,2.014541391,0.7777241638,63.58952509,23.22504041,64.71881995,23.45766972
4636,877908.0495,45953.01625,831955.0333,653592.2965,54287.92669,599304.3698,342587.5415,34985.16652,307602.375,1.125407546,3.549784494,0.7287265453,78.98450768,41.71510292,79.72734234,42.56052519
4637,269020.0329,54553.29382,214466.7391,124121.5058,47919.80575,76201.70003,198081.8108,63697.48592,134384.3249,0.6078051087,5.181351464,0.9035996935,11.36265872,75.39102545,11.83881388,75.76878637
4638,1165201.599,61182.21846,1104019.38,696511.4604,50463.76175,646047.6986,297711.8087,55855.98655,241855.8222,2.394353372,3.082683844,0.8983543832,49.76996114,4.437976311,51.64068557,5.932405366
4639,66622.72864,58913.97272,7708.755924,48643.52148,54894.00173,-6250.480247,187796.8435,52107.57451,135689.2689,1.303985959,4.902085452,0.7390414651,20.6776933,18.67042032,21.85253956,19.23620794
4640,47286.38609,42049.48997,5236.896121,49341.25778,46033.64856,3307.609224,201675.8689,62981.76636,138694.1025,1.901776253,3.958531664,0.6066890673,95.21584145,77.86543817,96.88387315,78.77890583
4641,186707.9568,50353.22103,136354.7357,255598.883,59074.45607,196524.427,192419.3078,46909.41312,145509.8947,0.2190925196,2.467370022,0.9631553219,86.87003631,94.12639062,86.99264004,94.30796666
4642,55956.27297,56481.77315,-525.5001819,35931.91636,55127.06211,-19195.14575,123057.4744,52375.78905,70681.68533,0.9390353871,1.686115127,0.7071884796,84.16023368,70.59376695,84.87500312,71.20277608
4643,64020.797,52955.63297,11065.16403,38285.54903,41415.92047,-3130.37144,171361.1341,56217.97995,115143.1541,1.255673177,1.936520636,0.7701152653,59.54430875,96.74902363,60.75859186,96.42928675
4644,995540.8516,79040.52101,916500.3306,786600.119,42905.71573,743694.4032,271392.3927,55619.97182,215772.4209,1.264042261,2.814721717,0.890030935,94.58744096,65.12123175,95.38917614,66.0984848
4645,132330.8445,55243.04429,77087.80022,190960.8385,55044.39898,135916.4395,193906.5483,54693.2698,139213.2785,0.7639188027,1.034401192,0.6861243264,97.62223423,2.385034458,98.15274804,2.934695293
4646,65883.48706,59458.73774,6424.749314,52751.45701,62149.23357,-9397.776556,150702.6883,56164.52541,94538.16291,0.8883941732,3.086336325,0.6864072028,29.90091682,51.88598079,30.73031737,52.20431857
4647,182066.1764,50976.21946,131089.9569,136834.6735,57889.34622,78945.32727,131681.7534,43928.92778,87752.82565,0.5917070109,2.727658335,0.7238105988,36.27077101,65.75882409,36.6640883,66.20088596
4648,693789.5757,57283.10663,636506.469,734205.6322,49969.18057,684236.4516,303307.4897,40335.17824,262972.3114,1.42873341,2.42052299,0.7383276794,29.17155505,24.61268819,29.97330135,25.79526251
4649,46923.94355,47591.20464,-667.2610933,56214.84947,64614.43368,-8399.584215,143731.3696,72223.58864,71507.78098,0.3167226913,1.026128854,0.9937483683,13.84744741,43.50203361,13.90830579,43.19121289
4650,177360.3784,61057.89134,116302.4871,144110.9883,56594.69243,87516.29587,173207.9632,42908.81183,130299.1514,1.011914429,3.282615743,0.7293726877,47.97783596,23.47291501,48.95449432,23.73769655
4651,226735.5328,63085.6916,163649.8412,195467.5219,54132.08759,141335.4343,189498.213,44955.33193,144542.8811,2.278223001,0.7997490121,0.909856654,16.05886018,56.44556052,18.1886531,57.2544376
4652,50588.57459,64196.0046,-13607.43001,56084.01093,56000.16492,83.84601027,125087.8642,44799.99006,80287.87411,0.2260612259,3.009631356,0.7496015202,41.10939047,53.39422199,41.33530119,53.38597417
4653,724938.1958,52154.45429,672783.7415,734358.5179,60331.7968,674026.7211,321598.8699,58169.09562,263429.7743,1.077179506,1.298457261,0.8470752326,47.20722929,70.10923914,48.1760892,70.58001103
4654,61721.46321,55875.41563,5846.047575,53094.19702,50563.77558,2530.421434,144960.9935,37637.40437,107323.5891,0.5280770972,3.185890792,0.6459524939,71.60898887,24.19863048,72.13622132,24.2284863
4655,46185.09846,53252.69043,-7067.591964,56971.48835,56638.35987,333.1284827,126314.2831,51924.52064,74389.76248,0.4404533833,3.274865286,0.7984281961,18.23574962,13.23163469,18.4311949,13.62635019
4656,56276.31942,52772.62675,3503.692672,64404.28108,65123.79423,-719.5131448,128752.8236,49405.89626,79346.92738,0.7126218494,2.108682556,0.7059991272,25.02489426,79.46842545,25.71070769,79.2748025
4657,839031.4497,61590.23617,777441.2136,611326.5072,56154.40458,555172.1026,357456.9328,56839.93919,300616.9936,0.5890003239,4.482632523,0.7267294636,62.78459404,42.37684175,62.59438724,42.9342848
4658,58601.05542,57394.26594,1206.789483,58282.18411,51020.46193,7261.722179,82283.27728,36990.90319,45292.37409,0.9684614811,4.675093378,0.6943839764,83.85297681,71.15222864,84.07111044,72.09580448
4659,806281.151,70232.97419,736048.1768,733381.727,43104.04887,690277.6781,339746.9143,45501.77968,294245.1346,1.52688887,3.667837467,0.8274228495,90.7731156,10.02985521,90.81518505,11.55616442
4660,891795.8519,60053.06279,831742.7891,609334.6949,54027.22394,555307.471,314309.3616,57667.93499,256641.4266,0.6153546415,2.028219867,0.7148718841,23.84635284,66.01391563,24.32528426,66.40029113
4661,209725.07,52495.66971,157229.4002,192913.3924,49215.84427,143697.5481,231267.9859,45394.41898,185873.5669,1.333354164,4.127100742,0.7685652495,96.27358215,45.11563508,97.59246732,45.31153107
4662,951536.8039,52959.22274,898577.5812,844347.3249,48482.80302,795864.5219,330472.2717,49960.81472,280511.457,0.3675470079,4.402395602,0.6027923008,85.73140743,48.32810335,86.07380252,48.46173123
4663,285789.821,67926.58301,217863.238,111505.5266,46367.39407,65138.13258,209630.9704,49582.23577,160048.7346,3.760052645,5.121163366,0.7082243298,82.67375212,95.30751363,86.40450842,95.77597209
4664,874427.8005,52437.89164,821989.9089,708082.1299,50438.43293,657643.6969,304479.3222,68032.78205,236446.5402,1.567531532,2.179074126,0.8206463653,19.49210585,99.12749257,21.05951012,99.10751812
4665,704947.5458,63769.12567,641178.4201,890462.2858,57722.64496,832739.6408,355549.2393,50562.50474,304986.7345,1.04912813,2.493468644,0.6234043723,7.112965016,77.43523422,7.654617979,78.33372289
4666,168719.7264,61403.8344,107315.892,165209.657,52528.22655,112681.4304,274413.3589,43831.95174,230581.4071,1.325294958,2.589987012,0.7684416001,61.5897027,84.43151106,61.45721984,85.75016758
4667,877858.6226,55464.91421,822393.7084,585839.4227,52585.51109,533253.9116,300936.9018,54265.79418,246671.1076,0.5043510382,2.517801916,0.8903272295,51.89720204,53.25170353,52.39475909,53.16919923
4668,145726.2564,41803.02762,103923.2288,145705.3957,50700.72718,95004.66856,178945.7143,60661.94434,118283.7699,1.765022582,2.691423994,0.8182467116,19.2766248,91.69386331,20.06659814,93.27223172
4669,29636.22598,40731.64173,-11095.41575,61757.38947,63777.84823,-2020.458763,173922.1732,57457.16876,116465.0044,0.779085956,2.269531565,0.578640243,78.11103891,66.14071709,78.54598956,66.78708607
4670,61652.7202,55397.24236,6255.477841,41370.45778,55032.21864,-13661.76086,84082.64295,52546.67668,31535.96627,2.374430541,2.516217958,0.8088207491,48.18078875,21.07013274,50.37914798,21.96742705
4671,176450.0926,52104.99175,124345.1008,129942.0538,42769.45502,87172.59879,216997.2986,50101.33041,166895.9682,2.162061314,2.907754095,0.6688270121,11.73405576,35.31707718,9.572122099,35.34057151
4672,228339.7149,56939.28964,171400.4252,174233.8763,45406.46142,128827.4149,229271.149,47418.50197,181852.6471,1.396019482,1.692907185,0.7885201438,61.32847891,63.24551921,62.59663626,62.66186921
4673,25838.15399,31878.9339,-6040.779902,56161.69058,52511.91345,3649.77713,129633.4086,41224.191,88409.21758,2.181043672,3.622035512,0.801182667,59.4666956,48.07526842,60.3841282,50.05397227
4674,232225.8418,59332.01211,172893.8297,186719.4459,49418.62034,137300.8256,236916.3994,60026.63669,176889.7628,0.6666775288,1.562290692,0.9722913753,45.89802165,17.27248124,46.49305019,16.97181538
4675,136579.6205,36501.82969,100077.7909,175485.5576,59439.74314,116045.8145,242265.7861,48579.67335,193686.1127,1.92280852,3.254359976,0.6848088855,22.2778542,59.96147723,23.54748675,61.40550832
4676,70815.46511,67029.95316,3785.511956,46629.33797,62327.3761,-15698.03813,81783.41087,51481.55365,30301.85722,0.7779479693,3.066601954,0.7046923492,0.3177157641,6.496960566,0.4218366169,5.726011871
4677,805611.576,53177.08121,752434.4948,650283.1297,55231.93591,595051.1937,269709.6069,54257.93031,215451.6766,0.5230543676,5.863498985,0.7216004001,70.9746929,3.552433075,71.48276869,3.676710464
4678,718733.9418,48976.59145,669757.3503,934076.2166,49172.75888,884903.4577,236125.6704,50740.46955,185385.2009,1.266806069,3.202078432,0.9644602576,46.84574088,43.50213494,47.60304888,44.5176556
4679,991518.3345,51677.24841,939841.086,662670.1675,55074.38449,607595.783,236644.6178,52935.57219,183709.0456,1.948000964,1.741482436,0.6049514682,57.2379581,32.75730657,56.50963385,34.56403055
4680,45254.66259,52823.61318,-7568.950592,62384.64035,54658.97604,7725.664309,112129.0436,43473.98726,68655.05629,0.07389154952,1.790271535,0.6657447214,43.79173287,19.16727938,43.85101959,19.1231767
4681,63518.14334,62221.59742,1296.545923,40032.56517,55415.59912,-15383.03395,77945.39528,45520.6444,32424.75088,0.3176628783,1.103915523,0.841094404,33.43438327,34.46622429,33.74212196,34.54500628
4682,235315.976,57200.95491,178115.0211,220470.0426,55161.47742,165308.5652,191767.0677,41982.34035,149784.7274,0.5708352961,5.416750418,0.5878933392,27.36591289,14.41757184,27.92739009,14.31463354
4683,34938.94543,36470.9316,-1531.98617,24341.8592,45896.05811,-21554.19891,137614.6258,50756.66952,86857.95632,1.023960695,2.408243905,0.8137798379,11.18212623,73.70152567,12.00676383,73.09450973
4684,906785.5766,50367.54868,856418.0279,879341.0075,58894.42944,820446.578,223491.9509,43397.12389,180094.827,0.3487373585,4.780943484,0.8403952903,86.64516797,79.67561614,86.993389,79.65664618
4685,742689.662,41285.67997,701403.982,636351.2653,43475.63992,592875.6254,287068.5699,62202.96401,224865.6059,1.123074053,2.829247929,0.9051809829,30.31256126,88.10479632,31.266224,88.69794277
4686,1030335.383,74526.49336,955808.8901,757596.3432,56771.26457,700825.0787,353803.6039,54969.69446,298833.9095,0.1674577302,5.039268734,0.671728522,65.21979501,23.04928881,65.3825686,23.08861885
4687,67808.04891,53087.85515,14720.19376,53214.4649,48618.66401,4595.800884,151523.867,45134.64703,106389.22,2.247645694,6.265852083,0.6332214428,81.42524114,34.54898659,79.18142147,34.68007616
4688,49637.46484,61658.01518,-12020.55035,63326.24265,51099.26051,12226.98214,166686.1531,54015.56198,112670.5911,1.408392146,2.548876149,0.8658840068,81.76714579,25.37727169,82.95362256,26.13611377
4689,813642.083,51143.43586,762498.6472,865869.2074,52919.12856,812950.0788,275516.4671,54522.00154,220994.4656,0.7605202254,3.468700951,0.7910521526,77.49691404,17.58500356,77.90661928,18.22573176
4690,109972.7236,53570.77714,56401.94645,140200.2198,49295.20699,90905.01277,214263.1097,43721.63075,170541.479,3.269282804,2.760326965,0.8580989745,64.93065739,69.88930572,68.19501237,69.70987163
4691,801561.6811,59884.47837,741677.2027,692943.8727,41086.28015,651857.5925,320032.9094,53639.49374,266393.4156,0.648651364,6.74090237,0.79913516,62.24761148,12.53346329,62.84404547,12.78844386
4692,247433.506,60020.00897,187413.4971,155339.4756,55167.94536,100171.5302,225525.0977,49562.81872,175962.279,1.162953472,3.741794858,0.9451522818,59.08580558,0.6128498396,59.05337621,1.775351072
4693,852222.784,49229.73137,802993.0526,728576.1192,47002.13631,681573.9829,343577.798,51044.34069,292533.4573,0.6980678489,4.540450851,0.8696967156,87.1350462,87.80105757,87.82393658,87.91387942
4694,626909.2561,51850.91898,575058.3371,764506.152,52992.58763,711513.5643,247427.7551,48973.33126,198454.4238,0.8186647877,2.12437462,0.5818371411,3.857641173,96.82331937,4.313428027,97.50337111
4695,656614.3497,54307.33887,602307.0108,768440.3663,53247.34105,715193.0253,366439.7053,55730.00026,310709.705,1.785511461,3.22837464,0.8030537851,72.7386389,39.98684998,73.07035948,41.74127657
4696,789451.022,52033.12522,737417.8968,886454.2037,56747.11954,829707.0841,223941.2073,31319.481,192621.7263,0.8252182569,6.165268294,0.893918505,50.06397956,84.94391055,50.6021847,84.31835447
4697,199517.9914,58069.11562,141448.8758,147546.5178,52501.50948,95045.00837,220262.1294,52506.04829,167756.0811,0.8223556775,2.043550807,0.5357234207,44.25222628,23.59646344,44.81423578,24.1968085
4698,224340.3361,46258.91536,178081.4208,149348.1605,55234.06359,94114.09689,142402.3826,50943.18148,91459.20112,2.382412072,4.304724004,1,3.930884922,90.16513951,6.273230896,89.7300503
4699,717804.5396,58008.33461,659796.205,580839.8424,54936.26918,525903.5732,298648.8293,49162.66386,249486.1655,3.255089605,3.413350824,0.8994618345,60.19662577,55.76637937,62.75980727,57.7727963
4700,220496.975,55165.00397,165331.971,176862.6644,61524.2396,115338.4248,230670.9562,38662.49118,192008.465,2.16085538,3.692923471,0.6352604038,32.93202333,80.46532396,33.49528706,78.37917201
4701,137448.3819,35034.78721,102413.5947,91662.46247,47044.80107,44617.6614,216311.7586,47725.74293,168586.0157,0.6196908624,2.086264334,0.6740788013,8.965791315,24.79151134,9.580239418,24.71107321
4702,813928.518,62476.99286,751451.5251,589939.485,48082.61647,541856.8685,290719.7158,41067.02429,249652.6915,0.2585001567,1.292109447,0.994492701,66.5887436,80.25100288,66.83478197,80.33029632
4703,805433.1558,52522.52379,752910.632,807448.7099,57900.56619,749548.1437,214205.9036,52603.82262,161602.081,2.581761229,2.424267336,0.8465659876,41.61261624,61.41086881,43.39857462,63.27523029
4704,149614.9174,50629.45916,98985.45826,123618.6888,43290.11343,80328.57541,203890.6208,58832.28307,145058.3377,1.065769328,1.595333169,0.8009821731,13.10515585,9.637599602,14.13284831,9.919933574
4705,51420.49988,55145.07255,-3724.572664,46981.03857,49028.25829,-2047.21972,188860.2103,44146.66489,144713.5454,0.2959407014,2.161269442,0.8403325514,6.37480204,42.42503925,6.670357662,42.4401314
4706,898124.7355,54570.49058,843554.2449,729084.8029,55549.39803,673535.4049,243508.5438,44942.8046,198565.7392,0.670110577,2.423070357,0.8275950676,23.35883885,23.42808936,22.75514323,23.71894978
4707,184574.1903,46858.86778,137715.3226,143969.5092,58637.09721,85332.412,218101.1872,49791.11252,168310.0747,1.580343951,3.146445812,0.7772879465,63.08847717,4.234028243,64.12467853,5.427248153
4708,191136.446,58690.17606,132446.2699,169460.057,54220.3574,115239.6996,245757.5164,47409.11745,198348.3989,1.104913236,2.214440911,1,44.73070267,75.04677731,45.41524369,75.9140932
4709,253431.5332,69500.34344,183931.1898,152187.8429,41562.31504,110625.5279,240222.9657,45791.10142,194431.8642,0.8825643714,3.891875225,0.7862828284,84.77602621,96.72622825,85.52470172,96.25889019
4710,833732.5951,64068.42261,769664.1724,614463.1992,52329.47468,562133.7245,262369.3765,46218.19187,216151.1846,0.4691258839,3.113250908,0.9716406148,42.31288126,53.64461102,42.35429581,54.11190528
4711,682583.8792,44037.09026,638546.789,586006.1287,55152.60582,530853.5229,292245.7328,50470.9639,241774.7689,0.8512774921,1.905503082,0.9326782915,55.86322738,33.99813897,56.6786925,34.24245435
4712,1012775.918,61529.46145,951246.4564,816676.5612,51377.27935,765299.2819,288277.7359,51817.31746,236460.4184,0.8719897256,3.145206352,0.7417554247,44.41533032,79.43423307,43.95982004,80.17778971
4713,53340.90501,51208.79911,2132.105894,50492.3113,60150.30507,-9657.99377,108019.302,47752.91601,60266.38597,0.08831556947,2.665684933,0.8780622668,13.28624175,70.20611044,13.33574327,70.27924893
4714,76160.10543,72319.13005,3840.97538,38597.99127,58595.3883,-19997.39702,151849.326,65561.35359,86287.97244,3.09475788,1.978023311,0.629650625,67.97033036,83.31110705,66.50598665,80.58471312
4715,927426.8299,59540.71153,867886.1184,688962.6317,51327.74543,637634.8862,343116.3772,52344.20098,290772.1762,0.5416406223,3.168373396,0.9149842372,40.49426982,73.16048423,40.6698391,73.67288056
4716,38762.78827,52295.34264,-13532.55438,51955.54747,52229.39458,-273.8471083,189188.6043,53912.42475,135276.1795,0.97724797,2.902172379,0.7257769197,22.45021769,95.54992414,23.3332391,95.96859677
4717,259739.8869,67907.20061,191832.6863,165636.0522,58538.93222,107097.12,224848.5218,53991.73443,170856.7874,0.3496593602,3.081730703,0.7500500526,20.58531683,73.53235508,20.37230004,73.80963746
4718,235330.0314,58840.08883,176489.9426,183521.1034,49131.16159,134389.9418,178593.2223,56904.69068,121688.5316,1.853626213,1.80913323,0.8579347108,36.91430097,66.61842604,38.25187193,67.90171637
4719,878762.7051,50784.89817,827977.8069,754421.4176,46532.78016,707888.6374,305529.2304,48234.6608,257294.5696,1.580928859,4.792878919,0.7330826478,16.73516604,60.80387498,17.9416305,61.82553028
4720,941788.3194,55498.33347,886289.986,604952.4796,48511.77339,556440.7062,276149.5938,55141.47257,221008.1212,0.6671170797,1.226190872,0.6555590078,98.40062414,51.47273445,98.64909258,52.09185368
4721,61033.31978,54379.32558,6653.994197,58966.38533,52087.24442,6879.140908,172774.9971,38861.51742,133913.4797,2.142772482,4.340785734,0.9363683251,62.23155252,82.05056553,64.25353929,82.75982108
4722,217653.4372,57397.21801,160256.2192,123424.299,60966.34,62457.95895,281329.3441,60527.89586,220801.4482,0.5728292508,2.460599249,0.6594678262,49.33183054,9.250199198,49.72546002,9.666359246
4723,44548.1141,54033.0005,-9484.886397,47982.59854,59648.74372,-11666.14518,113904.4426,57676.08702,56228.3556,2.077881192,3.069935779,0.6052128449,8.51415304,52.74654727,10.00227394,54.19674948
4724,71769.11499,55973.05805,15796.05694,32075.79413,43437.91667,-11362.12254,186219.5657,50566.8081,135652.7576,0.8118663185,5.618788229,0.9297207744,67.48633453,7.121154868,68.09822778,7.654740439
4725,716502.4515,62873.92761,653628.5239,677675.0583,58578.8435,619096.2148,261697.6875,52824.22293,208873.4646,0.1790170862,2.722356347,0.8500880339,37.82125334,31.13984182,37.94814276,31.26612005
4726,45691.4314,48304.8091,-2613.377704,61444.45568,51732.38681,9712.068869,158741.5592,46069.52742,112672.0318,2.61527231,3.523714665,0.748410348,61.00917373,76.3965031,61.59447104,78.94543941
4727,44332.72503,44255.24529,77.47974159,36465.27994,42582.8862,-6117.606268,97672.16496,48224.60762,49447.55735,1.006359817,1.714088523,0.8183729197,34.95039998,11.80342787,35.60350397,12.56907482
4728,848271.9472,59710.69713,788561.2501,507768.4255,41613.13967,466155.2858,313097.0581,58021.72908,255075.329,3.707062567,1.739162478,0.8558696209,27.47062323,57.2667997,29.40680705,60.42805026
4729,1011091.602,52549.71815,958541.8841,709457.6457,36131.77769,673325.868,284553.6332,55061.30159,229492.3316,0.8146224716,1.126518336,0.8000645034,11.49157345,83.2036135,12.19686763,83.61125292
4730,39529.12028,60946.14959,-21417.02931,59016.42895,62140.01185,-3123.5829,131247.915,44642.1097,86605.80525,0.06501985577,1.633866337,0.7801290946,58.12093947,40.25547137,58.18463905,40.24243507
4731,50792.49198,54444.53598,-3652.044,54966.12985,46136.37983,8829.750018,156141.4696,46096.78987,110044.6797,0.4095286101,2.472677084,0.6222986093,38.31068932,4.451171163,38.64870533,4.682382875
4732,44428.54717,55251.65591,-10823.10875,63286.36542,51904.44925,11381.91617,195673.0693,59746.5082,135926.5611,1.103065747,1.987679673,0.8415238463,78.39499176,41.67297484,79.08926153,40.81580302
4733,206386.4336,50821.48664,155564.947,165788.2881,54134.71322,111653.5749,177980.863,52829.12506,125151.738,1.33837022,1.871941609,0.5443712751,90.27266265,61.91062186,91.6058972,61.79348731
4734,48199.0579,49961.03987,-1761.981975,61007.46217,53870.25152,7137.210653,70505.8356,41585.70673,28920.12887,0.5047758507,4.509620581,0.8217384923,0.2457380514,40.65721897,0.2926952538,41.15980595
4735,39644.76218,44902.45709,-5257.694918,26657.1174,50991.20964,-24334.09224,177928.4307,46707.71294,131220.7178,0.7301120612,3.094372305,0.6431472874,89.6569233,53.62205813,90.12829192,54.17962
4736,55319.30186,54660.3399,658.961955,44336.61413,57923.74448,-13587.13035,118403.2144,34854.78166,83548.43274,0.7372559352,2.809269479,0.8384344679,27.37872698,62.487779,27.65868613,63.16981214
4737,882371.543,50918.64295,831452.9001,709612.7128,63980.78797,645631.9248,344260.3943,50206.84682,294053.5474,0.2506471651,7.03537232,0.898566712,75.45403469,35.13907616,75.51337287,35.3825982
4738,890858.5383,69254.40217,821604.1361,717874.416,54576.52405,663297.8919,278141.477,49458.85989,228682.6171,2.486425628,6.334244136,0.7338892912,22.01073116,18.6825354,21.23754814,16.31938064
4739,171700.9294,62563.29056,109137.6389,236922.707,50998.82454,185923.8825,204379.8321,44457.19351,159922.6386,0.7274162194,2.487465941,0.7462856214,90.37424243,55.83583276,90.58659883,56.53156195
4740,35980.3015,45526.91138,-9546.60988,41722.78384,51338.60813,-9615.824286,111962.7186,41599.54677,70363.17181,0.8716737709,2.453974511,0.7644471925,36.66147576,58.56565229,36.94057933,59.39143457
4741,47974.6523,61766.23503,-13791.58274,51245.49929,52999.91602,-1754.416738,140357.5971,45339.39692,95018.20016,0.9079280143,2.82310668,0.6758048967,99.27705228,74.90676923,100.1430069,75.17963525
4742,32432.89769,45659.55625,-13226.65856,41834.40794,46422.95461,-4588.546666,95314.38614,38038.43367,57275.95247,1.486272167,2.033736884,0.796625539,33.10480459,13.82945471,33.18252211,15.31369356
4743,184055.5008,43994.37294,140061.1279,217626.3718,62865.61619,154760.7556,188562.2693,41490.82568,147071.4437,0.4499581933,2.390253733,0.8788651458,33.74418715,26.28969252,33.97553095,26.67562311
4744,278968.6612,59998.39585,218970.2653,141032.6716,41367.36439,99665.30723,221903.8966,64264.96899,157638.9276,1.142876097,2.941204774,0.75682085,1.947792547,85.7922918,2.419508646,84.75130683
4745,737422.2447,51407.10777,686015.1369,784789.2042,56458.72154,728330.4826,315077.1462,46925.0066,268152.1396,1.026825715,2.85472286,0.6005031282,87.98362431,38.34522904,88.92387521,38.75790239
4746,610076.8659,62050.04652,548026.8194,610514.0471,52625.84371,557888.2034,233368.1802,51730.99441,181637.1858,0.3915845662,2.833326821,0.9093388331,48.65585938,71.76693125,48.99473429,71.9631512
4747,61932.47414,57541.20626,4391.267881,49437.21211,44786.03112,4651.180993,123725.916,52139.80382,71586.11215,0.6772189928,8.33901907,0.9045626886,9.335501116,76.27188553,9.571786749,75.63722447
4748,902987.9128,50057.13527,852930.7775,678187.8274,57176.56143,621011.266,266678.1712,56452.95547,210225.2157,1.716472173,2.891359196,0.6713868477,27.90963224,52.88431886,26.76648099,51.6038963
4749,52845.37546,56579.14328,-3733.767813,67781.56607,52669.96958,15111.59649,147184.6224,57454.10848,89730.51396,0.3271960653,1.810125014,0.761191943,79.56886523,4.720784076,79.51473036,5.043470737
4750,41117.45336,63329.02743,-22211.57408,56663.74358,57609.28295,-945.5393677,134177.329,44294.2878,89883.04122,1.392151276,5.362582605,0.7200907319,81.25641713,86.02177779,82.27782274,86.96772481
4751,203268.9623,54860.12701,148408.8353,276685.1445,59127.10521,217558.0393,166544.3431,52090.60065,114453.7424,2.582081166,2.560346629,0.7936908398,27.06983925,60.506499,27.94007384,62.9375142
4752,815778.5834,64448.44007,751330.1433,800828.2328,45201.11653,755627.1163,231450.1898,47397.84552,184052.3443,2.017836421,2.258045745,0.7548546675,24.52122785,99.2682876,26.3742959,100.0669131
4753,797502.6557,62921.25716,734581.3985,630246.9772,48994.11741,581252.8598,324407.0165,50269.50201,274137.5145,0.4372885297,2.023709954,0.7298584285,49.46961936,54.54417941,49.59706416,54.96248442
4754,917660.5552,58883.02923,858777.526,637394.3826,61340.79035,576053.5923,230326.7079,47889.5647,182437.1432,0.5400349781,3.887433467,0.6831241742,96.66388298,77.69009146,97.05544167,77.31817807
4755,52191.62342,57186.03917,-4994.415757,52587.97701,51822.31068,765.6663248,142639.1607,48613.25393,94025.90673,1.200343068,4.178561046,0.6509473096,42.1189864,72.23456981,43.06800273,72.96954701
4756,225654.6708,47531.89378,178122.7771,225233.9596,75058.78019,150175.1794,255895.5876,59705.67151,196189.9161,0.4187138654,1.735056807,0.8642987307,63.70950255,29.90694339,63.64949668,30.32133523
4757,791970.7189,53874.37137,738096.3475,588702.4091,44283.66777,544418.7413,313315.2556,40126.47075,273188.7848,1.274124162,3.180966386,1,5.254887659,80.987619,4.937257372,79.75372136
4758,138488.2742,62671.8477,75816.42651,162937.9871,51961.13949,110976.8476,223771.1521,50989.4856,172781.6665,1.570160939,0.9957214324,0.6136603256,28.70157384,12.29988004,28.67941586,13.86988462
4759,737104.2385,61333.27136,675770.9671,843899.9663,53677.71872,790222.2475,291309.4734,49959.67966,241349.7937,0.5698545723,2.772207985,0.8704579787,26.84813835,26.66816061,27.14750901,27.15304353
4760,808887.5087,54341.45162,754546.0571,736424.3919,48144.6935,688279.6984,351213.6974,52213.25914,299000.4383,0.3272344052,4.118351542,0.6712778914,99.80341135,2.75023742,100.0583278,2.545054695
4761,81050.75555,68985.45785,12065.2977,47130.57807,39680.5913,7449.986771,144205.9298,58252.02734,85953.90246,2.533020092,4.00401631,0.6572730405,14.23287937,32.94332143,16.61052479,32.0698267
4762,1033900.02,60043.98776,973856.0319,836068.6632,45195.68187,790872.9813,277167.0961,50021.59538,227145.5007,0.4260504526,2.504711963,0.7254567777,75.6764023,15.85346184,75.84205863,16.24598824
4763,50844.67269,64704.98387,-13860.31118,72012.09506,55988.99035,16023.10471,109053.6295,41218.41268,67835.21685,0.6255360628,2.159234438,0.4412168858,59.16228919,56.24339451,59.60383113,55.80029624
4764,252842.369,50451.33568,202391.0333,124305.3143,46696.42924,77608.88509,278728.8667,52851.63749,225877.2292,1.748506596,1.907011283,0.9438076617,67.16152954,36.04700734,68.54578968,37.11522978
4765,192954.5534,48849.20187,144105.3515,197378.5038,36311.25772,161067.2461,151617.6574,47973.15475,103644.5027,0.6530492036,3.313950251,0.8005564794,70.23276721,17.29170865,70.80912591,17.5987655
4766,1031168.329,54423.50341,976744.8259,906767.5156,45890.04745,860877.4682,223730.5996,49880.5695,173850.0301,0.1441461377,1.645805123,0.855389693,66.81939951,60.26548846,66.92496528,60.36364128
4767,51748.00941,54482.07002,-2734.060615,62630.00514,55678.18632,6951.818822,192520.2961,39755.49139,152764.8047,0.6879747931,1.195109483,0.5165146393,64.03492515,20.56051284,64.36390757,21.16473124
4768,867215.0921,53191.5053,814023.5868,426428.763,49845.51134,376583.2517,308034.53,41444.0888,266590.4412,0.2834193799,5.296711449,0.7650764274,35.92037434,13.37750543,36.20360288,13.36710635
4769,734410.0115,58000.9595,676409.052,753875.2208,73652.43361,680222.7872,270172.6776,42120.76338,228051.9142,0.9162396377,5.412867671,0.8578066149,44.62194979,91.47042555,45.26668273,92.12143593
4770,1043854.368,46381.88862,997472.4797,862806.4256,47355.00943,815451.4162,276310.6187,52799.95222,223510.6665,1.748466241,4.529408172,0.7717805891,78.87235044,68.44379057,80.61015719,68.63656475
4771,29627.23469,39219.60751,-9592.372818,46868.3243,53377.91416,-6509.589861,168114.9761,58816.88715,109298.0889,0.4897806639,1.422436979,0.9619114877,45.65887268,74.30315634,46.11637196,74.47802633
4772,783978.9686,41118.46334,742860.5052,616450.701,49664.05512,566786.6458,280824.6996,51563.01637,229261.6832,2.483849861,2.278419719,0.7256224086,85.90827824,93.0458748,83.42740337,92.92434284
4773,161404.5615,60001.10578,101403.4557,106929.1537,53756.77469,53172.379,280435.7793,49120.14645,231315.6329,0.2303025931,2.423399673,0.7423206123,11.81466009,64.39752258,12.03247599,64.47232578
4774,167435.3588,43475.03051,123960.3283,186580.1795,35985.40218,150594.7773,221682.5928,48928.4063,172754.1865,1.820285183,1.852265048,0.7788279782,53.71087747,94.74501342,55.03437019,95.99473546
4775,40725.58756,51729.78473,-11004.19717,52680.49865,50134.75845,2545.740204,172498.6498,45241.41361,127257.2362,0.9837870638,1.770060238,0.9575645905,84.89325499,73.45241725,85.44006134,74.27024351
4776,799579.3158,65978.68177,733600.634,530735.0812,53058.84116,477676.2401,224875.2546,46854.94215,178020.3125,0.6995782398,1.511187738,0.6279094738,29.24789019,56.01993136,29.00450857,56.67580871
4777,77360.04456,70420.58011,6939.464448,39675.45044,58756.77288,-19081.32244,149264.2513,47446.38151,101817.8698,2.323654939,2.520946648,0.9278710742,37.82649022,28.85299345,39.26674274,30.67646403
4778,148053.7862,46181.3839,101872.4023,209671.137,50458.75117,159212.3858,192760.347,53819.9713,138940.3757,0.695437086,0.828414037,0.6182577306,43.59347844,82.95046437,43.1229403,83.46254503
4779,769549.1883,63075.6569,706473.5314,577383.2622,44510.64427,532872.6179,243315.1182,46264.80849,197050.3097,1.34588884,2.646947772,0.9948125344,18.96973747,37.90765585,18.19350026,39.00714325
4780,44067.74327,50236.43451,-6168.691241,53301.93993,63101.07311,-9799.133186,117844.6245,58225.85143,59618.77309,0.5601947328,4.073156898,0.7250626158,5.879007089,55.79940491,6.383813427,56.0422808
4781,251377.0852,65389.12087,185987.9643,144293.5669,47012.60803,97280.95886,247643.0957,41254.94342,206388.1523,1.66573959,3.529649856,0.9768223157,46.34920244,7.753374128,46.74264203,9.371982689
4782,816937.3027,51438.17964,765499.1231,611012.3554,49023.32467,561989.0308,356217.1829,55261.57132,300955.6116,1.663097925,2.9811755,0.6763188481,71.31352919,79.77013279,72.97124354,79.90384088
4783,718645.1962,61891.27819,656753.9181,819727.2516,44300.43891,775426.8126,300199.7806,39718.46528,260481.3153,0.6082104392,4.645114181,0.9180515759,26.37745274,66.45287041,26.96792321,66.30704671
4784,761587.9559,51144.07517,710443.8808,698924.1116,36502.00503,662422.1065,266856.1402,43352.67715,223503.4631,1.298846494,1.355652021,0.7307529129,24.40113233,4.186492076,25.62401626,4.624164453
4785,804423.2251,61934.37093,742488.8541,893367.8501,47639.49255,845728.3575,289448.9704,49237.87413,240211.0963,0.5642896656,2.285181449,0.6372144669,5.540806733,49.26508218,6.083734035,49.41887676
4786,776161.39,50633.79554,725527.5945,705681.2817,61234.30246,644446.9793,342818.8366,42576.12607,300242.7105,0.6287862304,4.846694993,0.7726416664,30.41297228,41.94844548,30.98760481,42.20372882
4787,74372.60679,56628.3729,17744.23389,55131.46489,54148.67746,982.7874236,107558.1746,51305.85236,56252.32221,3.291253274,3.456487953,0.8680881249,21.74145468,81.70237978,25.02334924,81.95040438
4788,922209.2503,46135.81577,876073.4345,726543.2338,45539.73363,681003.5002,220699.0319,45911.78766,174787.2442,1.750030683,3.246598474,0.8867909715,40.60269915,70.2038722,41.79908835,71.4810802
4789,228184.7888,58684.1781,169500.6107,153430.3591,40282.44844,113147.9107,127910.3945,33146.07038,94764.32417,0.7821397941,1.890022768,0.865861744,71.21846464,87.80891652,71.49194872,88.54168464
4790,253953.4017,54190.43467,199762.9671,195503.7552,43755.1465,151748.6087,247250.6912,52642.4897,194608.2015,1.412889003,2.882000931,0.7924600377,85.31412413,39.7207065,86.56352993,40.38043408
4791,689105.1649,56975.92997,632129.2349,626009.2292,54606.33237,571402.8968,267908.6024,47617.61786,220290.9845,1.470418106,5.228858965,0.8547993922,6.158389407,58.66029009,7.196582006,59.70158041
4792,802720.0552,62537.5802,740182.475,704513.2488,34586.29677,669926.952,294029.541,58965.56984,235063.9711,0.1977482154,5.146237706,0.8341712015,33.23924023,51.21696144,33.38648751,51.34895612
4793,63665.57798,52500.59121,11164.98677,45838.91361,53822.87541,-7983.961799,154321.9113,45293.1342,109028.7771,0.8867248787,2.26970958,0.8515343435,72.25375064,51.85936706,73.1174563,52.06009961
4794,207750.8145,51468.21595,156282.5985,176481.876,56210.56896,120271.307,144993.7676,47618.05796,97375.70968,2.684887309,2.422943053,0.8723063712,49.85472565,43.72884762,48.21038991,45.85129428
4795,893196.1781,68722.67512,824473.503,783979.0709,47772.63074,736206.4401,293417.5988,49909.81406,243507.7848,0.9820836973,1.469152174,0.7598956039,77.50169694,24.37094415,78.47859044,24.27011027
4796,81761.65762,71494.73565,10266.92197,47987.43834,49492.57427,-1505.135923,155583.8343,45042.66968,110541.1646,0.7364189383,2.153781318,0.7922891425,51.78494004,17.19481608,52.40949747,17.58499665
4797,846284.9969,50250.16488,796034.832,783985.1134,54086.7659,729898.3475,370326.4061,62225.46654,308100.9395,1.507508169,1.983996843,0.9060446807,88.60891033,63.61529574,89.83014517,64.49913189
4798,166010.0116,51731.09495,114278.9166,182829.0572,49471.29344,133357.7638,208947.2445,53693.63428,155253.6103,1.003536585,2.356553908,0.7231958505,75.94002964,72.17801978,76.00138838,73.17967879
4799,938023.2119,47329.98924,890693.2227,875243.152,55780.76616,819462.3859,131896.4068,34485.18409,97411.22275,0.9724302776,1.285240216,0.855953858,15.63286243,76.72017606,16.30355608,77.42430011
4800,243758.1844,45358.32928,198399.8552,159593.9731,45842.58831,113751.3848,199944.0019,33787.31841,166156.6835,1.102866935,2.267648471,0.7763542801,95.82597782,23.44582267,96.91410545,23.62552728
4801,35234.55082,52756.00136,-17521.45054,34801.78463,48889.42125,-14087.63662,195864.3232,47964.55639,147899.7668,0.5397889938,2.459188575,0.6014941816,62.68029722,77.07266938,62.97580174,77.52438747
4802,841466.9063,52517.35353,788949.5528,701529.5284,54376.65357,647152.8749,282184.0257,55993.02105,226191.0047,0.3584322121,1.999378465,0.7337003596,69.71766696,72.20033362,69.76132477,72.55609709
4803,204168.6891,60358.05852,143810.6306,164917.1087,41131.98059,123785.1282,251606.5827,49347.90225,202258.6805,0.1093854078,2.565372223,0.8686502545,89.61396661,13.25071023,89.71946211,13.2796216
4804,44968.95192,50135.56319,-5166.611275,55174.10507,46135.60787,9038.497194,99718.04652,48290.95587,51427.09065,0.8843105033,3.571897893,0.8404597749,51.06781173,54.10153791,51.66467503,54.75404023
4805,61826.82025,67120.31888,-5293.498636,40078.0817,43983.12637,-3905.044672,58858.28856,60089.54335,-1231.254792,1.132459501,1.961744165,0.7459686327,61.67647393,11.22412898,62.6534844,10.6514903
4806,766835.7289,39221.78554,727613.9434,822341.3454,39616.01515,782725.3302,286067.7774,49705.48404,236362.2934,1.081755865,1.49411177,0.6566577191,62.13668464,96.21723342,63.1475342,96.60243325
4807,46621.35718,50836.16023,-4214.803055,49683.00955,46322.88846,3360.121092,148718.9314,46693.56371,102025.3677,0.6439040373,2.376276525,0.8288399384,33.46346914,10.94618541,33.93697485,11.38253934
4808,70890.04824,60343.89837,10546.14988,58107.26311,52533.0662,5574.196909,98423.8578,59073.39924,39350.45856,0.8148195333,1.346606774,0.7301569941,39.88374153,30.83948633,40.31662091,31.52980967
4809,135225.6794,58711.76595,76513.91341,197191.9289,59113.33867,138078.5903,269136.06,41499.49578,227636.5642,3.687427937,1.55791217,0.8077003726,94.20609389,28.63015033,97.64095903,29.97135362
4810,243408.7032,61993.65384,181415.0494,162705.996,55248.32573,107457.6702,223587.4207,53352.03516,170235.3856,1.450194355,4.216556604,0.8485791446,91.06557112,7.39832212,91.82742964,8.632273196
4811,213652.9109,65254.48123,148398.4297,148418.7143,57048.43707,91370.27719,221181.1354,56674.31763,164506.8178,0.429712414,2.561699563,0.7036932992,9.31395087,21.46009109,9.634449266,21.17385074
4812,39104.80039,48581.71099,-9476.910596,42834.07575,54905.81622,-12071.74046,117457.1569,47286.81552,70170.34139,1.519993348,1.91510267,0.7865992725,66.47731985,6.366419716,67.43497624,7.546790003
4813,790028.0765,51665.75462,738362.3219,711400.4519,54331.78093,657068.671,347119.2852,57044.41082,290074.8744,0.5247785437,2.061576875,0.8061196475,46.88123181,85.98423099,46.46604029,85.66328159
4814,797074.6541,63503.98351,733570.6705,821988.238,47770.07883,774218.1591,324933.8014,45015.70502,279918.0964,2.258028006,1.836129879,0.6882419434,21.60126651,38.71459967,23.51491027,39.91320637
4815,164601.6048,54061.58554,110540.0193,157630.0485,47275.22365,110354.8248,131817.1528,46234.24895,85582.90382,0.2349843985,1.545582822,0.6973979197,19.2758112,14.68272269,19.47519962,14.80706869
4816,50167.66272,59670.21733,-9502.554609,61876.37069,62760.90128,-884.5305896,90887.18401,44468.96145,46418.22256,0.2598966423,8.334133678,0.6909213404,87.70591067,55.53022671,87.82298716,55.76225981
4817,42358.90505,54096.26882,-11737.36377,49969.57864,35688.78809,14280.79055,174170.1187,63112.56073,111057.558,1.534734184,1.020307828,0.7874204739,28.55764884,88.4201126,27.78050592,89.74353918
4818,44657.8895,48606.63038,-3948.740886,51399.4648,51297.14208,102.322724,124211.0034,49715.43979,74495.56363,0.5652107634,3.481063632,0.818021199,49.97135324,23.84022841,50.53634176,23.85607712
4819,910602.7439,32110.04919,878492.6947,510351.7342,32763.2979,477588.4363,198034.8436,54765.34682,143269.4968,0.2806063188,2.492869205,0.7682945658,15.88288799,61.88818002,16.01217862,62.13722588
4820,883967.9346,61094.50532,822873.4293,719066.152,55953.07583,663113.0762,261290.5729,56132.02358,205158.5493,0.4769768456,2.151488227,0.6887447491,51.33242354,56.71321145,51.65495351,57.06461055
4821,164295.5385,48202.22542,116093.313,109721.1497,58794.84338,50926.30635,270614.8245,54194.72694,216420.0976,0.6737268429,1.873585933,0.7389440875,82.79557339,82.57964512,83.23153148,83.09330688
4822,750853.3007,55404.37673,695448.924,919272.8929,46810.33576,872462.5571,289675.1214,49113.72414,240561.3973,0.5106567401,3.466126053,0.6863593083,55.8311994,75.34854669,56.24932723,75.64170095
4823,52563.47432,46653.35067,5910.12365,53458.32606,56832.37429,-3374.048234,154671.9454,47635.24616,107036.6992,1.389653905,2.047356083,0.8420404058,79.46604519,8.630751499,80.83054449,8.893961794
4824,239907.2445,60094.94464,179812.2999,119539.8203,56578.29922,62961.52107,254688.8419,49748.05372,204940.7882,0.6628891369,5.237432531,1,13.12210228,43.94382658,13.55165656,44.44870789
4825,697489.5751,52517.69382,644971.8812,928548.0095,51955.51149,876592.498,335724.8969,49630.06032,286094.8366,0.3210726111,2.556386966,0.7765794097,69.59594108,24.17418924,69.79051488,24.42958826
4826,659967.8545,52814.28493,607153.5696,664748.4653,62477.317,602271.1483,293428.3146,56627.29554,236801.0191,2.211162237,2.972843226,0.7818121623,87.68746033,1.869190197,89.06774855,3.596628438
4827,202204.1582,49289.65496,152914.5033,206635.1933,41324.44547,165310.7478,230562.706,51974.84002,178587.8659,1.994625888,3.437037057,0.9086166176,63.30567908,90.11620764,61.89955589,91.53089842
4828,788802.9299,52714.2403,736088.6896,594984.4144,57583.12516,537401.2892,297363.8769,49626.65713,247737.2198,2.774697509,7.953299762,0.8714236508,85.06815681,5.542868519,83.00445466,7.397613705
4829,42516.6663,52939.64723,-10422.98094,67915.21707,67773.30817,141.9088935,179295.0197,57119.19424,122175.8254,0.8139143494,3.97835923,0.8829602623,7.250919071,0.5955485197,8.008149502,0.2971215721
4830,67137.20707,52788.82632,14348.38075,68910.32881,62827.23571,6083.0931,165743.8594,56425.46899,109318.3904,1.505615967,2.850788769,0.7200147715,34.79403815,93.35477939,33.45031942,92.67558913
4831,925020.7497,49473.18114,875547.5685,633540.4086,55440.12345,578100.2852,267380.1327,47104.65957,220275.4731,1.036010464,1.53980942,0.7503648305,10.09539847,63.22519228,9.112145982,63.55158503
4832,834953.3563,55859.97038,779093.3859,787518.6079,47080.08001,740438.5279,344608.6044,40061.63349,304546.9709,0.7440930093,2.992091663,0.6439327631,18.95887399,77.27075679,19.57785138,77.68372337
4833,787008.03,46921.80554,740086.2245,827106.2954,47667.72246,779438.5729,335718.6312,62864.8454,272853.7858,0.07997415763,5.021970323,0.9294408637,0.1896635677,32.02430947,0.2498604233,32.0769612
4834,714310.973,63026.63167,651284.3414,915708.3642,51787.72656,863920.6377,303219.6562,46003.00855,257216.6476,1.258070588,1.558549906,0.7721168486,18.4381942,48.21606728,19.3795009,49.05074286
4835,582251.8736,50399.05819,531852.8154,886460.057,50887.48508,835572.572,321442.6126,55879.96988,265562.6427,1.211928768,2.957309427,0.6772986255,61.28551324,30.91749256,61.81954135,32.00541963
4836,265393.4687,56650.99577,208742.4729,88062.33893,41107.46069,46954.87824,217244.4075,57273.16885,159971.2386,1.343319976,3.249493715,0.8983570151,30.92158633,50.31739424,31.66099193,51.43890568
4837,46642.28542,54782.33417,-8140.048748,41236.90459,38085.61327,3151.291313,84929.51892,47051.18776,37878.33115,1.002760597,2.077331967,0.7668804167,90.34501431,72.52872703,90.87193325,73.38188894
4838,118322.2415,59535.09223,58787.14931,203803.1081,52071.8547,151731.2534,180222.2214,54782.81792,125439.4035,0.1440480143,2.205365204,0.7484451764,9.27352421,56.37642806,9.251015645,56.51870665
4839,835313.4722,60778.22045,774535.2517,629794.0396,52483.13656,577310.903,225403.2633,54951.92804,170451.3353,0.6442647886,2.309064139,0.676947067,4.138421849,52.59790759,4.526015441,53.11254175
4840,766225.0285,67444.41748,698780.611,752897.0747,35780.8689,717116.2058,241467.3447,51390.58087,190076.7639,0.6661093964,8.604248534,0.6043599818,18.66570719,9.822733579,19.20401918,10.21506244
4841,33302.49287,43837.24358,-10534.75071,52134.74708,52126.15598,8.591101355,98908.9171,43544.07938,55364.83771,1.018807697,1.837833607,0.8653113686,20.29623625,39.37169958,21.02121228,40.08750603
4842,837588.5525,57358.15766,780230.3948,704511.7129,55801.18489,648710.528,282926.9551,39268.64528,243658.3098,0.6036448319,2.682691758,0.6445817035,86.86240139,72.89208818,87.46031421,72.97507819
4843,821945.6157,51970.95288,769974.6628,597023.4755,36601.35953,560422.116,283169.1459,44160.85522,239008.2907,0.2806623586,2.095422605,0.8821339312,96.46624949,64.0854476,96.74687028,64.08061727
4844,58132.23625,54870.39297,3261.843279,52024.78112,45102.39675,6922.38437,153097.9708,36666.69972,116431.2711,0.1153538493,2.208270713,0.7832364839,81.79363014,68.31182074,81.90389534,68.27793716
4845,244818.7898,59783.47482,185035.315,125263.8901,41534.01429,83729.87584,257102.4174,66625.2379,190477.1795,0.1126466498,3.412074847,0.7878521229,43.74022288,59.16736518,43.81443002,59.25211522
4846,46169.57568,46459.27195,-289.6962712,34911.96322,49590.37385,-14678.41063,176241.7956,43472.98177,132768.8138,0.4010717576,4.616893024,0.8924474977,35.70014716,31.65424564,36.05436488,31.84236358
4847,47896.73478,51233.49999,-3336.765204,65649.55944,60030.18394,5619.3755,127187.2486,53355.05791,73832.19067,0.8693954249,2.100168458,0.6891064134,90.79572071,66.63652102,89.92761033,66.68377326
4848,180817.2695,59446.98189,121370.2876,129501.8544,49355.73075,80146.12364,202493.8117,44775.50833,157718.3033,0.7115475871,2.2337385,0.9843623276,53.16023666,75.53880422,53.69142307,76.0122395
4849,35333.53532,47922.51171,-12588.97639,65855.11463,58975.81585,6879.298781,109217.4252,49979.14282,59238.28235,0.6980190957,2.235323697,0.736927376,18.48715292,92.56481628,18.90845585,93.12135424
4850,704735.8556,63020.52879,641715.3268,866701.4385,66265.52657,800435.9119,279868.6632,56751.36424,223117.299,2.930689928,3.230651466,0.6919877509,75.80706775,82.25862505,78.70403299,82.70194873
4851,71692.28693,68877.89412,2814.392814,51988.57933,50805.64954,1182.929791,167151.735,52513.27097,114638.4641,1.96236517,8.491118233,0.6039399551,56.24074945,36.10284997,57.58952369,37.52822189
4852,1027159.059,60134.18895,967024.8703,621682.8486,59510.62037,562172.2282,263115.3928,28086.46757,235028.9252,0.9927066902,2.148704544,0.7322373167,66.66582864,23.87102301,67.12000824,24.75373897
4853,183813.1234,49914.81324,133898.3102,128236.959,59663.22591,68573.73313,223690.535,43638.37317,180052.1619,1.1850775,2.803792613,0.6907588288,67.73910777,44.75462166,68.85550439,44.35704491
4854,216182.9374,46350.98761,169831.9498,183728.7816,52327.21981,131401.5618,257085.2299,55513.09845,201572.1314,1.134368261,5.214011643,0.8493998116,39.03766933,51.09151793,39.11096462,52.22351579
4855,616471.089,55960.34981,560510.7392,708142.2821,49579.15284,658563.1293,295227.955,54860.47927,240367.4757,0.1557494732,4.322970153,0.7997781197,43.12052313,26.17545464,43.19284778,26.3133932
4856,58118.18445,56312.33323,1805.851217,59053.70178,55873.39187,3180.309911,108754.8487,53309.25377,55445.59491,0.4637778401,5.704401096,0.7355092199,96.01089979,24.88666249,96.05141851,25.34866695
4857,63263.34965,48763.22426,14500.12539,42854.39926,41366.16968,1488.22958,111770.6519,37771.83634,73998.81561,0.941786777,4.509062155,0.8306581788,69.67422483,51.65097212,70.48428864,52.13134589
4858,75964.55854,61803.35016,14161.20838,52142.88652,53145.09497,-1002.208454,69921.14082,50004.69621,19916.4446,0.257410999,1.669074801,0.7084883864,68.30399434,73.62605215,68.16012773,73.83950665
4859,244664.7881,60087.87114,184576.917,73849.18634,55110.6785,18738.50784,227112.7027,40460.73109,186651.9717,1.072371999,4.068357673,0.8051038131,60.42334311,94.61413812,61.43391683,94.97291724
4860,283618.1823,50625.43467,232992.7476,131296.9957,53657.04151,77639.95421,194744.1856,51396.79779,143347.3878,0.5088880013,2.61623024,0.8104293231,28.82481249,53.58218796,29.256484,53.85168137
4861,276128.0787,51502.6796,224625.3991,173056.9042,44718.08845,128338.8157,204491.1168,52196.38593,152294.7309,1.837243277,2.650117365,0.8336361211,39.07051996,93.90865432,40.90763958,93.88733844
4862,192722.7886,44499.17041,148223.6181,181394.939,63876.05479,117518.8842,250268.6077,55248.83091,195019.7768,0.9419099394,3.443462888,0.815457312,65.35571529,72.79212235,66.29301782,72.69907229
4863,71048.82894,59925.09637,11123.73257,52118.51087,57539.51984,-5421.008966,178194.1491,53735.08134,124459.0677,1.594101278,2.778025705,1,81.29019201,65.54685962,79.96682614,66.43560123
4864,781627.9249,64371.79175,717256.1331,664813.7025,47257.27499,617556.4275,292566.0491,62191.24604,230374.803,2.344143391,2.622349083,0.5822437948,58.91713626,94.74950756,60.09904968,96.77388126
4865,178127.9994,55742.80826,122385.1911,142082.2391,50371.0298,91711.20931,235992.4854,46947.21829,189045.2671,1.269198284,4.541958444,0.7597566739,81.27517015,7.128890477,82.00747921,8.165513705
4866,771413.0394,51749.75302,719663.2864,675190.9895,54194.50272,620996.4867,245383.9835,52413.58762,192970.3959,2.483815647,4.105161858,0.8896995286,76.96527969,82.91723739,79.3034392,83.75530081
4867,65389.97815,65862.10244,-472.1242897,192005.2774,51854.08355,140151.1939,272130.7687,52346.59384,219784.1749,0.5282811251,2.389263951,0.766765123,40.44271296,30.71533502,39.96396637,30.49199079
4868,136011.5606,63529.73583,72481.82473,145866.6961,60571.75097,85294.94515,174804.3428,49282.54935,125521.7934,0.6284378101,1.749759004,0.7168027656,69.97492229,27.02762977,70.56917088,27.23208684
4869,222907.152,52539.90482,170367.2471,147236.4929,54509.67386,92726.81906,221526.1494,49987.32696,171538.8224,2.765022062,5.568263506,0.6847315719,63.53516243,43.35335915,66.15611924,42.47248889
4870,208136.336,62302.66358,145833.6724,186369.9588,55255.54054,131114.4183,255943.6125,43561.06617,212382.5464,1.143255107,2.021524441,0.9102456754,39.41690144,63.42922292,40.37208454,64.05744063
4871,798638.9912,53896.26063,744742.7306,639075.5236,47956.56117,591118.9624,186373.7976,47855.42446,138518.3731,1.37769671,2.512203339,0.8173609109,9.07821053,48.53421119,10.01449273,49.54486636
4872,638293.0908,63150.78189,575142.3089,588743.9773,55583.65653,533160.3208,282339.775,53668.14768,228671.6274,0.5129494303,1.855849479,0.7269040623,77.60043632,18.20707598,77.88984903,18.63058206
4873,789558.5518,52508.06313,737050.4887,693029.9087,51151.11144,641878.7973,282151.2294,55965.90745,226185.3219,0.989292029,5.069341146,0.6325828271,99.57765904,38.37310773,100.2950288,39.05434143
4874,227145.5202,67417.94906,159727.5711,165628.6343,48361.40666,117267.2276,303490.736,45221.26945,258269.4665,1.702254918,2.829681455,0.7236086265,4.809828061,15.52933045,5.599751998,17.0372071
4875,257871.7465,72075.80905,185795.9374,142202.4864,53379.5397,88822.94666,143076.554,41665.94383,101410.6101,0.5547851964,1.711792407,0.7975855839,97.46052146,32.47798564,98.01413903,32.51396073
4876,62653.91396,73961.83905,-11307.92509,36894.35276,44860.8732,-7966.520446,70498.0115,48542.87405,21955.13745,0.1691051431,2.537137621,0.8273382198,55.35191566,35.56992481,55.42268208,35.72351082
4877,975366.7292,67982.88423,907383.845,763156.5293,63790.71091,699365.8184,271593.2392,48854.54939,222738.6898,0.3916302332,1.920361922,0.6883677942,61.69939549,45.93904776,62.03708497,46.13739104
4878,684400.3013,72692.53406,611707.7672,853017.6595,66981.48433,786036.1752,225032.783,52248.65871,172784.1243,0.7461469849,6.193412754,0.8751562412,5.076704678,30.20913866,5.645726593,30.69178697
4879,789658.3882,58432.29347,731226.0947,616082.1916,53157.67805,562924.5135,268138.7342,53161.74049,214976.9937,2.464993824,4.46713849,0.9006018544,31.96101477,95.66265915,34.11057167,96.86914151
4880,47507.66748,53369.55416,-5861.886676,55454.63759,58439.76925,-2985.131665,174018.9231,51784.26033,122234.6627,1.350988166,1.834169555,0.9036500016,98.9583996,2.778203367,98.4943799,4.047003882
4881,869211.1742,59768.69605,809442.4782,701907.5424,54355.08243,647552.46,290640.7572,43977.77136,246662.9858,0.3976392208,6.5607311,0.7033768632,58.56413868,5.074008092,58.25900064,5.328974222
4882,739340.3222,49487.21409,689853.1081,889723.4144,39855.98454,849867.4299,346834.0444,57551.41964,289282.6248,0.4345308955,2.955252796,0.6944996978,13.39398278,47.63954996,13.61409072,48.01420926
4883,759325.6308,49613.08274,709712.548,767641.9048,65148.50374,702493.4011,299811.3795,49819.89328,249991.4862,0.3108003991,3.751891993,0.7914319555,70.09726013,14.61936239,69.79748836,14.53730281
4884,953143.9783,45950.8363,907193.142,724396.0157,60091.61017,664304.4055,236224.7374,54977.53878,181247.1986,1.010915487,1.52156973,0.7823651651,22.36813625,23.81733493,22.99324857,24.61180627
4885,56561.36129,50740.81576,5820.545536,37900.10444,48505.81668,-10605.71224,161534.029,48329.38937,113204.6396,5.606985147,4.57244798,0.7069419412,75.53594112,14.67767791,80.39476873,11.87945048
4886,263699.2298,55663.95023,208035.2795,190648.109,56852.57867,133795.5304,160848.8559,41414.37011,119434.4858,2.400804278,3.325797992,0.6302312746,79.82986763,2.905195905,81.51417695,4.61603292
4887,173291.5945,58121.63756,115169.9569,218083.6928,54395.01465,163688.6782,101105.3362,54678.17378,46427.16246,0.7989032579,2.351277184,0.8943678442,87.10170997,93.75368428,87.76949621,94.19221358
4888,58284.75789,48436.19405,9848.563832,37606.75091,38465.32335,-858.5724321,187304.9124,55729.05666,131575.8558,1.358674703,3.026215226,0.7496317482,16.92317378,55.09428438,17.94617259,55.98841546
4889,194456.8449,53955.03967,140501.8052,136822.9179,46184.47467,90638.44327,150030.1336,55554.79242,94475.34121,0.293398615,2.369635981,0.8113647513,94.16852298,28.93247988,94.33786975,29.17207207
4890,43432.76885,54204.29465,-10771.5258,48701.93304,56823.66255,-8121.729517,137994.1602,69013.77939,68980.38081,0.6083654073,1.804894903,0.7666629505,60.03646409,54.25027943,60.53133272,54.60413463
4891,45895.45336,69516.1299,-23620.67653,56221.73175,46022.04749,10199.68426,161648.0045,54430.69728,107217.3072,0.4540741382,3.035154068,0.6478852678,16.20367426,20.69420123,16.57516531,20.95530987
4892,169729.1146,56360.06565,113369.049,194388.017,53472.21116,140915.8058,255147.7734,55972.75868,199175.0147,0.03257246154,2.100250497,0.6830636762,30.99585365,96.93343261,31.02842573,96.93327377
4893,186114.4108,53331.11222,132783.2986,144117.1384,56477.95757,87639.18079,196612.761,44391.03376,152221.7273,0.4990809151,5.651848926,0.8879446732,57.20146277,46.71409619,57.37241466,47.18298553
4894,59607.05861,59246.03006,361.0285449,46626.51686,47742.31976,-1115.802899,120579.8034,60331.5925,60248.21085,2.185917324,1.899527142,0.6870842042,90.90352963,45.09997897,91.44819536,47.21695175
4895,739308.9831,47706.88938,691602.0937,816195.4016,51552.57249,764642.8291,328641.4154,44369.98294,284271.4325,1.952100145,2.840340572,0.7047708875,96.67270195,66.68511979,98.36910642,67.65099082
4896,719682.6676,59817.32509,659865.3425,810715.2892,63187.51019,747527.779,290575.8057,45759.27452,244816.5312,0.3174858,2.617498423,0.7942909037,71.89042532,76.74201558,72.1632416,76.90439942
4897,675786.9536,62903.43594,612883.5177,805339.3753,50557.30724,754782.068,274322.4081,53002.65103,221319.7571,0.8606357303,3.543928894,0.8340629686,91.28026456,69.91606416,91.37335034,70.77165103
4898,69289.98105,60231.13371,9058.847345,53648.55719,58696.84504,-5048.287854,171860.4332,42549.04528,129311.3879,1.362889155,3.160320186,0.9331214893,18.76811825,34.31905058,20.10971457,34.55902174
4899,878439.3993,49244.87376,829194.5255,923189.8868,55236.59945,867953.2874,349807.556,41772.35217,308035.2038,1.963285226,2.156717708,0.7970386742,6.56725652,90.78515232,8.530089323,90.82729809
4900,1098425.466,63602.39457,1034823.071,963600.3352,52324.05148,911276.2837,242228.2654,55584.65499,186643.6104,1.442171311,3.544831219,0.8048344048,1.498325743,71.39019598,0.05615571813,71.39212244
4901,51184.61981,54827.67477,-3643.054958,50577.63685,53035.2364,-2457.599544,158680.3216,50227.64876,108452.6729,0.5862798788,2.729275801,0.7899988738,75.31193891,78.32593964,75.86888939,78.50905234
4902,851143.8816,68440.60419,782703.2774,550003.7142,62299.2699,487704.4443,303661.022,46730.53011,256930.4919,0.9695668918,1.391448343,0.6350501324,2.79325856,37.3430461,3.757705799,37.24353991
4903,762049.4323,60966.95383,701082.4784,799834.0553,52563.34305,747270.7123,265205.0352,47318.3618,217886.6734,1.104582616,1.469190654,0.7157501009,73.35775242,51.22400767,74.46221281,51.24043929
4904,139666.7741,65723.58274,73943.19137,222320.68,57695.8208,164624.8592,179898.8156,53655.99787,126242.8178,0.559181781,4.741824631,0.7716254523,54.20553127,27.21908594,54.70986429,27.46060709
4905,52457.24196,53471.92663,-1014.68467,71212.47044,75179.01973,-3966.549295,135651.8822,45357.98676,90293.89543,0.9651574603,3.390880792,0.7979268321,53.19612296,15.32672049,53.17880289,16.29172253
4906,712244.1182,57266.95891,654977.1593,723813.9717,54241.08149,669572.8902,296597.2082,42560.70609,254036.5021,0.5045227515,2.460994898,0.7892403205,72.62624905,60.10432213,72.40037408,60.55545815
4907,762978.4235,45903.93997,717074.4836,1023476.257,29755.22534,993721.0321,225803.5321,42900.18993,182903.3421,2.090849097,2.603604845,0.6593348118,43.09558031,46.81827193,44.37441071,48.47243116
4908,172107.9656,52485.39081,119622.5748,199499.1557,53276.35057,146222.8051,233583.6812,52056.26144,181527.4198,0.913623348,4.797767673,0.8594478231,22.29003345,1.334182938,22.8053318,2.088619972
4909,51745.58361,62630.62472,-10885.04111,53440.1106,49216.93292,4223.177678,155436.2937,50767.50041,104668.7933,0.7392659671,2.353764593,0.8084107867,46.40244234,23.17417571,46.72805689,23.83786941
4910,265708.9068,53586.07637,212122.8304,214206.7523,58032.93302,156173.8193,205345.6479,34146.02893,171199.619,1.290498987,2.912752851,0.8404864913,35.49681221,9.592076949,36.65314883,10.1650283
4911,810057.7384,63734.02873,746323.7097,873273.5172,57177.75639,816095.7609,244176.7395,64784.87914,179391.8603,0.4178427755,4.682617702,0.8245838901,54.76557795,32.77210862,55.15018174,32.60879141
4912,996450.8912,57337.29577,939113.5954,936325.4065,50724.66869,885600.7378,307289.9318,47431.71395,259858.2178,1.159185714,1.906992812,0.7551706067,88.87197152,92.54101569,89.82393249,93.20243977
4913,183475.103,64566.96183,118908.1412,168293.728,54326.20586,113967.5222,245759.2701,36851.34925,208907.9208,1.003335763,4.332829309,0.7321327572,57.71236461,83.96168837,57.76000939,84.96389226
4914,224428.5666,48713.50053,175715.0661,219641.0351,49828.95344,169812.0817,280216.4335,37343.36294,242873.0706,0.5117317875,2.534985719,0.9638678402,50.32962837,31.45268136,50.67662515,31.82879657
4915,1139420.326,65711.74533,1073708.581,807341.1642,50932.56564,756408.5986,213814.835,47573.04089,166241.7941,0.7093560187,3.397836593,0.8879292007,96.65839646,7.957737115,97.2183249,8.393243832
4916,220811.2631,51095.35264,169715.9105,164869.8237,44951.09281,119918.7309,254387.3261,46844.81426,207542.5119,0.6909852946,4.276767397,0.955396228,27.66872791,57.13637417,27.9444482,57.76996631
4917,37363.34762,40282.66962,-2919.322006,67583.43228,62419.1575,5164.274772,106455.5477,39498.5488,66956.99887,0.5651119144,2.343788121,0.6912401442,34.87202913,48.11709349,34.93785142,48.67835894
4918,66040.53912,63532.9611,2507.57802,34002.76544,37774.16526,-3771.399823,128902.1358,45150.02556,83752.11019,1.249146246,2.71644931,0.9204918222,35.50003994,73.9827684,36.66183608,74.44167587
4919,41726.63357,51879.74725,-10153.11368,43125.95623,47897.16039,-4771.204161,73410.42177,42272.24558,31138.17618,0.2718113446,3.105986912,0.7523348084,11.55805991,90.4225801,11.79526246,90.55530672
4920,876916.6794,58371.47717,818545.2022,673938.371,60727.07829,613211.2927,293748.3309,49714.89848,244033.4324,0.4754963609,2.700718391,0.8737524531,84.13466085,41.39589774,84.15909087,41.87076611
4921,571087.534,62742.00888,508345.5251,865512.6572,50218.941,815293.7162,254442.818,56910.75924,197532.0588,2.323007796,3.428987477,0.8693518849,0.7171006523,79.79193294,0.9633716238,82.10184979
4922,840711.9414,57785.57631,782926.3651,691856.053,44874.75642,646981.2965,266207.8348,41607.20383,224600.631,3.888530202,2.747395122,0.7776902827,20.25348967,28.38354294,17.2007123,30.79211461
4923,45391.70743,44792.98708,598.7203531,45146.78919,56312.37677,-11165.58758,90758.36755,58479.74635,32278.6212,0.8886720947,2.449358105,0.7650582656,1.767471045,10.50046618,2.269322173,11.23387162
4924,193199.9571,50787.09504,142412.862,197668.19,56580.31065,141087.8794,237290.5911,41067.83845,196222.7526,0.7404322665,5.695501177,0.7993027562,40.91174553,31.30992688,41.48350369,30.83946694
4925,766479.5798,59509.88609,706969.6938,881748.46,53378.95488,828369.5051,285361.4748,42365.18146,242996.2934,0.6925482245,1.900870321,0.8658922107,9.948145536,56.10689971,10.33644213,56.68035311
4926,682893.8479,56987.1539,625906.694,705420.1354,61397.55762,644022.5778,246272.1639,51685.858,194586.3059,0.275299909,1.595888951,0.6734057032,63.59087049,75.66890291,63.64108775,75.93958403
4927,583702.0675,57035.2392,526666.8283,835542.9103,44263.66247,791279.2478,201103.0355,54111.6811,146991.3544,1.426409239,2.076482406,0.8383326302,23.05497562,84.84527903,24.32363239,84.19324122
4928,67938.70627,69354.42267,-1415.716403,41347.21049,49687.38136,-8340.170875,122803.9358,42257.49851,80546.43734,0.9335389717,2.1342718,0.8094063078,44.36506607,89.02334835,45.28286493,89.19405352
4929,63472.58006,54229.01837,9243.561688,50561.99825,49184.93507,1377.063178,101873.41,49500.73279,52372.67717,0.9623239378,2.976559129,0.6051055955,91.70968325,30.05875583,92.52281332,30.57342742
4930,917777.072,66341.87243,851435.1996,728360.5247,53799.93812,674560.5866,260023.9084,42698.88395,217325.0244,1.893224493,5.361366397,0.7938919484,54.9313518,28.3887404,55.22097461,30.2596807
4931,49529.94597,62043.74725,-12513.80128,34437.37827,42762.64377,-8325.265504,126577.616,41094.70892,85482.90709,0.5734979112,3.65651217,0.8757517825,39.38649754,0.8514897907,39.92061808,1.060332097
4932,802031.4765,62438.19831,739593.2782,706347.2453,37724.07223,668623.1731,274950.4329,68175.18104,206775.2518,2.766966515,2.018725966,0.9506782013,3.185810443,73.22261674,5.946454719,73.40955758
4933,65594.80195,62609.43491,2985.36704,68051.24585,50776.28933,17274.95652,98215.56351,43864.50976,54351.05375,0.2678695781,3.226891805,0.5896566182,94.40153318,31.28663085,94.62323192,31.43697639
4934,655333.1902,58115.24438,597217.9458,514604.1094,45589.2331,469014.8763,256448.1797,43895.34884,212552.8309,1.111512587,3.345847681,0.9661961396,65.30186271,97.58808251,65.85507544,98.5521447
4935,161397.9435,44252.98965,117144.9538,126051.9644,55616.00734,70435.95706,233074.197,57921.25062,175152.9463,0.4556302684,2.778727409,0.9735071414,53.09262039,98.26569836,52.99226531,98.71013935
4936,563000.363,72963.03144,490037.3315,680457.1584,63224.60677,617232.5516,308785.6816,41155.88475,267629.7968,0.6153054993,2.110753517,0.7727447362,56.20784551,99.49498618,56.44990619,100.0606782
4937,681499.9259,40534.29896,640965.6269,684027.5977,53695.28979,630332.3079,298094.5725,50443.73935,247650.8331,2.17561378,2.578786347,0.5813361565,56.49762662,97.38161192,56.8616285,99.52655899
4938,959521.7919,60027.88542,899493.9065,794728.473,54336.84414,740391.6289,277231.0776,37327.25783,239903.8197,1.2167346,4.876915151,0.7252203393,29.81173614,5.033602062,29.74840296,6.248687242
4939,48250.04158,54681.91558,-6431.874002,58982.7808,55147.48328,3835.297524,96108.80022,44588.28898,51520.51124,0.8661479474,3.836217909,0.7965944376,53.18609592,10.13822226,53.60741533,10.89499318
4940,185747.3833,52259.35825,133488.025,93913.20018,47451.87548,46461.3247,270138.5614,44052.9347,226085.6267,1.356112839,1.237219742,0.7350114175,6.79330625,51.59720643,6.525970869,52.92670778
4941,45128.75353,51306.30532,-6177.551795,62486.27839,64884.02758,-2397.749185,124772.3956,47855.22466,76917.17095,1.234988381,2.556473364,1,49.94999937,56.9896739,51.06926886,57.51162418
4942,37056.5074,41928.66553,-4872.158137,48295.87886,64562.9248,-16267.04594,193282.6695,59049.04683,134233.6227,1.810029855,2.40826908,0.8806999542,74.69093009,17.24827071,76.24822838,18.17078363
4943,65034.71081,54693.93438,10340.77643,55000.08023,52078.42744,2921.652789,114023.9422,47567.40092,66456.54131,0.1873825686,3.211044097,0.7518411384,33.49576082,57.25001484,33.62794703,57.38282685
4944,41172.15909,49321.64019,-8149.481094,49728.04226,64989.32746,-15261.2852,116636.1447,46569.2249,70066.91978,0.9938927538,2.189585595,0.7197769117,67.38250688,68.09355822,68.31954162,68.42490198
4945,798910.0799,50974.0602,747936.0197,804638.5635,51698.28826,752940.2753,277476.6333,49457.56557,228019.0677,1.798723193,3.789169753,0.8485000045,40.50591803,68.01013491,41.14609472,69.69108075
4946,40046.89311,55394.58237,-15347.68926,54721.22721,60795.39586,-6074.168656,140554.4722,48462.10463,92092.36758,1.930377226,4.766381998,0.650051203,58.82140314,31.64979351,57.6007048,30.15438326
4947,1049260.267,44584.92309,1004675.344,744479.3736,59377.79718,685101.5764,296234.5717,39468.64906,256765.9227,0.5872699401,2.426882734,0.7656846231,6.348020289,66.26066578,6.907920052,66.43786126
4948,61404.61681,67435.37591,-6030.7591,47865.534,59256.14141,-11390.60741,101642.9878,55438.26463,46204.72313,2.099259781,3.768482779,0.7714792858,73.34955409,37.16332492,75.37156533,37.72756086
4949,53948.26094,60727.00019,-6778.739249,63339.36803,56062.05552,7277.312516,136800.8141,44454.60318,92346.21091,0.6572934737,3.30991277,0.6173437332,17.80792332,25.37215673,18.07718247,25.97176845
4950,221723.856,43927.95528,177795.9007,186457.1531,54595.04113,131862.112,247675.7419,52904.46365,194771.2783,1.067631367,2.744510186,0.7926229472,95.72578384,47.8256931,96.51154361,48.54847821
4951,70484.88949,62417.41225,8067.477245,49531.43954,55444.84505,-5913.405511,177330.083,50522.94204,126807.141,0.9131527598,2.148197624,0.7179492048,93.22720389,67.03578182,93.72115811,67.80380343
4952,182503.1706,64103.82168,118399.3489,167109.3145,56485.05432,110624.2602,168567.1092,40095.20272,128471.9065,0.8273804739,4.426526,0.703441518,62.55053812,86.30197389,63.14995838,86.87228415
4953,829083.975,52042.05063,777041.9244,638535.495,62120.3263,576415.1687,415630.7991,46006.54512,369624.254,0.2151706001,1.673773908,0.6558227269,6.262890986,55.38228915,6.424075048,55.52483068
4954,698186.5995,68157.31978,630029.2797,614543.6996,66777.74053,547765.9591,314191.0655,42015.71507,272175.3504,1.258067641,2.7839726,0.8722229527,42.08147972,95.88628818,43.31238456,96.14630256
4955,54584.48183,64219.50009,-9635.018257,45728.75691,47269.41943,-1540.66252,147366.0998,53785.15232,93580.94753,0.4361176756,2.81974442,0.6966129574,59.60580635,1.390863934,60.03743549,1.453273113
4956,151417.6989,50330.58659,101087.1123,175174.5822,52403.53697,122771.0452,186960.3317,44539.76397,142420.5677,1.269959466,3.690988718,0.5679935054,43.8369968,21.48342726,43.36025,20.30635057
4957,695412.5178,47297.22733,648115.2905,684695.5147,53859.1991,630836.3156,248709.8906,44176.85418,204533.0364,1.885634501,3.718059621,0.5691984787,35.30981742,53.00935128,37.18803356,53.17644887
4958,737357.101,52795.14648,684561.9545,564514.8799,48150.91647,516363.9634,269684.5737,40586.89597,229097.6778,0.8801501197,1.806844717,0.7897326661,87.88333061,60.05069026,88.71518519,59.76314516
4959,71891.82329,57372.3491,14519.47419,34813.94536,39214.29713,-4400.351778,100508.8328,50418.00109,50090.8317,1.373469492,1.29822065,0.8598723301,57.54053219,61.97207106,58.47840547,60.96867076
4960,204706.0141,53751.11694,150954.8972,183637.1394,35173.34827,148463.7911,225981.8647,42305.98282,183675.8819,0.5193175127,2.902939043,0.828381824,10.99887708,35.44400266,11.13106119,35.9462158
4961,672939.0711,61085.61182,611853.4593,606225.3884,54766.52922,551458.8591,230826.3676,47200.24914,183626.1184,0.2534831383,2.613306486,0.9419990705,18.80268309,70.5610945,18.57986806,70.68195459
4962,1097291.142,62507.56696,1034783.575,867911.2124,53079.89689,814831.3155,250352.227,47374.7602,202977.4668,2.559845322,2.918810653,0.7293735046,87.03261393,61.37210992,89.19221034,62.7465012
4963,1100236.463,55230.39931,1045006.064,644717.2053,32889.55774,611827.6476,270017.404,58837.10358,211180.3004,0.8959271864,3.612612057,0.8668542379,47.75328827,63.68571976,48.20524678,64.45929524
4964,193713.8581,60298.14726,133415.7109,195760.0342,58571.31157,137188.7226,249632.9247,46990.81503,202642.1097,0.5733880044,3.125684728,0.5864485487,55.49154687,21.28435375,55.4352565,21.85497201
4965,201873.9576,45487.82291,156386.1347,199269.3097,47210.25743,152059.0523,218381.6674,60221.09529,158160.5721,0.5262635157,2.434028255,0.7333671866,16.81736633,87.2604815,17.34337318,87.24404744
4966,887273.4163,53379.27296,833894.1434,666188.3086,46571.57395,619616.7347,350238.4117,55795.77876,294442.6329,1.821451352,2.115872826,0.9174644101,92.88148827,15.75091032,94.59042892,16.38115384
4967,807921.6116,63989.18804,743932.4236,539541.3902,47552.54279,491988.8475,273040.809,45885.54683,227155.2622,0.6133766114,2.331338606,1,34.49304599,21.94084439,35.04314848,22.21217098
4968,107074.4969,57296.07816,49778.41879,203183.4403,50519.76312,152663.6771,213759.4474,58892.42241,154867.0249,1.394164166,3.144889616,0.4928545852,22.67835703,90.43494584,24.06873253,90.53765754
4969,824223.0929,64440.58937,759782.5035,591327.449,42451.63795,548875.8111,262969.3199,49234.41918,213734.9007,2.470328338,1.607545292,0.7946386298,53.0005567,92.94893901,53.53156413,95.36152128
4970,196410.1437,39301.01095,157109.1328,198395.9087,50136.68506,148259.2236,248125.2852,56250.26169,191875.0235,0.2220887472,4.595964809,0.6925058763,30.82403215,80.26373351,31.0441053,80.23388019
4971,76881.81523,61220.11252,15661.70271,54956.25543,44643.35641,10312.89901,102625.589,54150.22234,48475.36671,1.203741842,3.000949886,1,87.20910154,36.29898233,86.98059995,35.11712724
4972,196165.7668,51577.26282,144588.504,185270.0899,60947.41282,124322.677,149557.6144,49258.32088,100299.2935,0.3595350721,1.990035665,0.4713156762,42.96393778,9.151464264,43.24911866,9.370410225
4973,939193.9239,55923.97354,883269.9504,727559.7681,57714.38837,669845.3797,226358.1168,42411.11163,183947.0051,0.5227282882,5.709184908,0.9186400451,98.06921711,64.68665944,98.0814077,65.20924556
4974,226169.9799,56995.30703,169174.6729,148036.1772,37791.4434,110244.7338,182018.4647,53993.96809,128024.4966,1.81255537,3.506717579,0.6898441545,45.14833655,50.79443391,43.57859229,51.70066784
4975,59740.33873,58742.95712,997.3816083,58238.2927,58477.57303,-239.2803232,155907.4932,51150.61483,104756.8783,0.943284708,1.752034861,0.8414860733,44.10268241,96.39562983,44.47656175,97.2616554
4976,242822.7056,56794.65084,186028.0548,176845.2114,54785.26764,122059.9438,202444.262,41287.91657,161156.3454,0.452344912,3.411847545,0.6254943352,2.57726686,45.35808152,2.984920303,45.16203411
4977,748338.9172,67102.08464,681236.8325,741714.1035,54692.39837,687021.7051,288149.7388,54972.55815,233177.1806,0.8649322581,2.00422533,0.7171783269,65.96261632,65.61803295,66.81737652,65.75029336
4978,51820.89411,52639.07183,-818.1777212,47872.21259,54236.81957,-6364.606983,105375.6826,40992.9786,64382.70398,0.2936308425,3.228643717,0.972115909,8.725410585,99.77497821,8.709684349,100.0681876
4979,790024.4396,45698.14721,744326.2924,553841.2467,53306.96006,500534.2867,288255.9898,50935.26572,237320.724,0.617844962,5.444748619,0.6944829484,50.48720036,79.26137277,51.00441753,79.59933548
4980,198789.1884,68494.42195,130294.7665,170930.1033,53653.97213,117276.1312,253513.0489,54182.56071,199330.4882,1.519546332,2.510909661,0.8687240421,70.77518369,72.77653373,72.23993176,73.18092728
4981,225522.277,47577.66065,177944.6163,192340.3687,59233.22595,133107.1427,260268.4883,52094.51877,208173.9695,0.1855092861,2.95494107,0.7325405228,92.15671191,37.5538833,92.2628536,37.70602677
4982,55871.31941,56881.96541,-1010.646001,48586.43495,51412.46143,-2826.026473,193855.8988,57812.88691,136043.0119,0.4776671892,3.210128704,0.6130959851,9.082320588,53.34988583,9.55279192,53.43248528
4983,51910.04043,47167.34873,4742.691701,36808.14714,34078.08918,2730.057961,136934.749,50783.34062,86151.4084,0.6239067474,2.491965081,0.8607877578,96.24717491,40.8023387,96.77178756,41.14003857
4984,1006569.533,66764.89558,939804.6375,681582.7647,50446.65371,631136.111,331653.3493,45132.1478,286521.2015,1.988611201,3.261688928,0.7022609467,22.90292279,44.40541708,24.4347229,45.67355072
4985,744412.7977,57816.92918,686595.8685,651195.5334,48080.12323,603115.4102,293105.7218,34618.59227,258487.1295,0.884714763,3.500065585,0.8017990632,72.97393269,5.26717282,73.57595275,5.915472174
4986,913122.0815,47705.79301,865416.2885,780565.9325,48678.7838,731887.1487,296180.8604,53301.4473,242879.4131,1.513331735,2.003445041,0.7682344733,6.095342964,50.96046009,7.048199965,52.13614562
4987,698619.7067,49477.25172,649142.455,768477.343,56523.46256,711953.8804,300718.5544,61565.22012,239153.3343,0.8594125422,1.833159758,0.9364551767,38.59561187,53.23633665,38.29659183,54.04205182
4988,75927.78989,59230.09086,16697.69902,59448.42101,50065.02867,9383.392344,134842.0234,46306.8605,88535.16293,0.6237040014,2.922564508,0.7562547689,96.4613338,94.69266634,97.04470975,94.91329994
4989,187641.3718,47667.04658,139974.3252,173187.6271,43556.83508,129630.7921,231410.6756,52290.24172,179120.4339,0.6500778448,2.340340377,0.7663396228,55.1949132,86.66626892,55.30524124,87.3069162
4990,163339.4963,54690.19599,108649.3003,148084.3774,41944.42931,106139.9481,172196.2236,44282.76764,127913.456,1.427725323,4.375607091,0.9399362462,29.14899822,45.6888354,28.95447813,47.10324748
4991,63751.13915,54043.60681,9707.532337,56650.17155,52061.7864,4588.385143,80736.31914,49501.11932,31235.19982,0.5579494002,4.382568646,0.7306741253,36.02502865,63.19526308,36.49726307,62.89810625
4992,174985.9773,53888.031,121097.9463,238289.1934,58779.18832,179510.0051,223466.7684,45377.27237,178089.4961,0.2345223075,3.112320401,0.7412283872,88.129508,74.49054288,88.35473105,74.55592859
4993,653445.6843,64349.11447,589096.5698,633532.9776,55891.90549,577641.0721,321253.7376,50131.5122,271122.2254,0.5544547682,0.7096622303,0.8489586489,72.12143509,3.042457343,72.59034211,3.338339573
4994,836975.3848,65602.39777,771372.987,808908.6286,53152.75507,755755.8735,235609.9729,47264.41331,188345.5596,0.6159759529,4.462566474,0.7968075398,52.72919512,78.61325447,52.58282163,79.21158646
4995,63964.29727,69189.06035,-5224.763071,67582.4834,60419.39486,7163.08854,77269.298,52156.99718,25112.30082,0.7719883684,1.797990729,0.9768430982,28.32528939,39.25788713,28.67083496,39.9482235
4996,196895.5315,61226.16243,135669.3691,186818.7117,59965.1544,126853.5573,174377.751,38789.79078,135587.9603,1.363287679,5.97355785,0.6766583089,8.017560198,22.47935493,8.503785607,23.7529868
4997,959047.2683,55114.49301,903932.7753,745265.1998,50437.35873,694827.8411,311504.7407,62633.58937,248871.1513,0.8188690989,2.53394106,0.678365472,53.30538489,69.65802516,54.12160317,69.72386076
4998,71206.14096,62867.55625,8338.584708,29861.99247,51513.84912,-21651.85665,157364.1454,62077.82145,95286.3239,0.7418136904,2.125434692,0.7778990747,31.27344066,15.9257766,31.77965108,16.46802982
4999,920034.4597,54051.09368,865983.3661,548876.9663,54910.47026,493966.496,246068.3604,50824.0141,195244.3463,0.5136144654,5.266512738,0.8833960522,12.13656642,97.51405454,12.52260844,97.85283379
5000,217763.7433,41283.35348,176480.3898,63510.04098,53069.52674,10440.51424,142775.7893,42693.40274,100082.3866,0.9066714592,1.570291684,0.7732916775,38.03647155,93.01794197,38.93210523,93.15898607
